2025-02-10 20:29:28,250 - INFO - Simulation started, using 12 workers
2025-02-10 20:29:28,253 - INFO - Start round 0
2025-02-10 20:29:28,265 - INFO - Prepared sim number: 0: RAYPy_Simulation_bessy3_56m_PGM_2Perc_coupling_errors_on_fac10_RP/round_0/0_bessy3_56m_PGM_2Perc_coupling_errors_on_fac10_RP.rml
2025-02-10 20:29:28,277 - INFO - Prepared sim number: 1: RAYPy_Simulation_bessy3_56m_PGM_2Perc_coupling_errors_on_fac10_RP/round_0/1_bessy3_56m_PGM_2Perc_coupling_errors_on_fac10_RP.rml
2025-02-10 20:29:28,287 - INFO - Prepared sim number: 2: RAYPy_Simulation_bessy3_56m_PGM_2Perc_coupling_errors_on_fac10_RP/round_0/2_bessy3_56m_PGM_2Perc_coupling_errors_on_fac10_RP.rml
2025-02-10 20:29:28,297 - INFO - Prepared sim number: 3: RAYPy_Simulation_bessy3_56m_PGM_2Perc_coupling_errors_on_fac10_RP/round_0/3_bessy3_56m_PGM_2Perc_coupling_errors_on_fac10_RP.rml
2025-02-10 20:29:28,305 - INFO - Prepared sim number: 4: RAYPy_Simulation_bessy3_56m_PGM_2Perc_coupling_errors_on_fac10_RP/round_0/4_bessy3_56m_PGM_2Perc_coupling_errors_on_fac10_RP.rml
2025-02-10 20:29:28,313 - INFO - Prepared sim number: 5: RAYPy_Simulation_bessy3_56m_PGM_2Perc_coupling_errors_on_fac10_RP/round_0/5_bessy3_56m_PGM_2Perc_coupling_errors_on_fac10_RP.rml
2025-02-10 20:29:28,320 - INFO - Prepared sim number: 6: RAYPy_Simulation_bessy3_56m_PGM_2Perc_coupling_errors_on_fac10_RP/round_0/6_bessy3_56m_PGM_2Perc_coupling_errors_on_fac10_RP.rml
2025-02-10 20:29:28,328 - INFO - Prepared sim number: 7: RAYPy_Simulation_bessy3_56m_PGM_2Perc_coupling_errors_on_fac10_RP/round_0/7_bessy3_56m_PGM_2Perc_coupling_errors_on_fac10_RP.rml
2025-02-10 20:29:28,334 - INFO - Prepared sim number: 8: RAYPy_Simulation_bessy3_56m_PGM_2Perc_coupling_errors_on_fac10_RP/round_0/8_bessy3_56m_PGM_2Perc_coupling_errors_on_fac10_RP.rml
2025-02-10 20:29:28,341 - INFO - Prepared sim number: 9: RAYPy_Simulation_bessy3_56m_PGM_2Perc_coupling_errors_on_fac10_RP/round_0/9_bessy3_56m_PGM_2Perc_coupling_errors_on_fac10_RP.rml
2025-02-10 20:29:28,349 - INFO - Prepared sim number: 10: RAYPy_Simulation_bessy3_56m_PGM_2Perc_coupling_errors_on_fac10_RP/round_0/10_bessy3_56m_PGM_2Perc_coupling_errors_on_fac10_RP.rml
2025-02-10 20:29:28,356 - INFO - Prepared sim number: 11: RAYPy_Simulation_bessy3_56m_PGM_2Perc_coupling_errors_on_fac10_RP/round_0/11_bessy3_56m_PGM_2Perc_coupling_errors_on_fac10_RP.rml
2025-02-10 20:29:28,364 - INFO - Prepared sim number: 12: RAYPy_Simulation_bessy3_56m_PGM_2Perc_coupling_errors_on_fac10_RP/round_0/12_bessy3_56m_PGM_2Perc_coupling_errors_on_fac10_RP.rml
2025-02-10 20:29:28,372 - INFO - Prepared sim number: 13: RAYPy_Simulation_bessy3_56m_PGM_2Perc_coupling_errors_on_fac10_RP/round_0/13_bessy3_56m_PGM_2Perc_coupling_errors_on_fac10_RP.rml
2025-02-10 20:29:28,379 - INFO - Prepared sim number: 14: RAYPy_Simulation_bessy3_56m_PGM_2Perc_coupling_errors_on_fac10_RP/round_0/14_bessy3_56m_PGM_2Perc_coupling_errors_on_fac10_RP.rml
2025-02-10 20:29:28,387 - INFO - Prepared sim number: 15: RAYPy_Simulation_bessy3_56m_PGM_2Perc_coupling_errors_on_fac10_RP/round_0/15_bessy3_56m_PGM_2Perc_coupling_errors_on_fac10_RP.rml
2025-02-10 20:29:28,394 - INFO - Prepared sim number: 16: RAYPy_Simulation_bessy3_56m_PGM_2Perc_coupling_errors_on_fac10_RP/round_0/16_bessy3_56m_PGM_2Perc_coupling_errors_on_fac10_RP.rml
2025-02-10 20:29:28,402 - INFO - Prepared sim number: 17: RAYPy_Simulation_bessy3_56m_PGM_2Perc_coupling_errors_on_fac10_RP/round_0/17_bessy3_56m_PGM_2Perc_coupling_errors_on_fac10_RP.rml
2025-02-10 20:29:28,410 - INFO - Prepared sim number: 18: RAYPy_Simulation_bessy3_56m_PGM_2Perc_coupling_errors_on_fac10_RP/round_0/18_bessy3_56m_PGM_2Perc_coupling_errors_on_fac10_RP.rml
2025-02-10 20:29:28,418 - INFO - Prepared sim number: 19: RAYPy_Simulation_bessy3_56m_PGM_2Perc_coupling_errors_on_fac10_RP/round_0/19_bessy3_56m_PGM_2Perc_coupling_errors_on_fac10_RP.rml
2025-02-10 20:29:28,426 - INFO - Prepared sim number: 20: RAYPy_Simulation_bessy3_56m_PGM_2Perc_coupling_errors_on_fac10_RP/round_0/20_bessy3_56m_PGM_2Perc_coupling_errors_on_fac10_RP.rml
2025-02-10 20:29:28,434 - INFO - Prepared sim number: 21: RAYPy_Simulation_bessy3_56m_PGM_2Perc_coupling_errors_on_fac10_RP/round_0/21_bessy3_56m_PGM_2Perc_coupling_errors_on_fac10_RP.rml
2025-02-10 20:29:28,442 - INFO - Prepared sim number: 22: RAYPy_Simulation_bessy3_56m_PGM_2Perc_coupling_errors_on_fac10_RP/round_0/22_bessy3_56m_PGM_2Perc_coupling_errors_on_fac10_RP.rml
2025-02-10 20:29:28,449 - INFO - Prepared sim number: 23: RAYPy_Simulation_bessy3_56m_PGM_2Perc_coupling_errors_on_fac10_RP/round_0/23_bessy3_56m_PGM_2Perc_coupling_errors_on_fac10_RP.rml
2025-02-10 20:29:28,461 - INFO - Prepared sim number: 24: RAYPy_Simulation_bessy3_56m_PGM_2Perc_coupling_errors_on_fac10_RP/round_0/24_bessy3_56m_PGM_2Perc_coupling_errors_on_fac10_RP.rml
2025-02-10 20:29:28,473 - INFO - Prepared sim number: 25: RAYPy_Simulation_bessy3_56m_PGM_2Perc_coupling_errors_on_fac10_RP/round_0/25_bessy3_56m_PGM_2Perc_coupling_errors_on_fac10_RP.rml
2025-02-10 20:29:28,486 - INFO - Prepared sim number: 26: RAYPy_Simulation_bessy3_56m_PGM_2Perc_coupling_errors_on_fac10_RP/round_0/26_bessy3_56m_PGM_2Perc_coupling_errors_on_fac10_RP.rml
2025-02-10 20:29:28,498 - INFO - Prepared sim number: 27: RAYPy_Simulation_bessy3_56m_PGM_2Perc_coupling_errors_on_fac10_RP/round_0/27_bessy3_56m_PGM_2Perc_coupling_errors_on_fac10_RP.rml
2025-02-10 20:29:28,512 - INFO - Prepared sim number: 28: RAYPy_Simulation_bessy3_56m_PGM_2Perc_coupling_errors_on_fac10_RP/round_0/28_bessy3_56m_PGM_2Perc_coupling_errors_on_fac10_RP.rml
2025-02-10 20:29:28,527 - INFO - Prepared sim number: 29: RAYPy_Simulation_bessy3_56m_PGM_2Perc_coupling_errors_on_fac10_RP/round_0/29_bessy3_56m_PGM_2Perc_coupling_errors_on_fac10_RP.rml
2025-02-10 20:29:28,539 - INFO - Prepared sim number: 30: RAYPy_Simulation_bessy3_56m_PGM_2Perc_coupling_errors_on_fac10_RP/round_0/30_bessy3_56m_PGM_2Perc_coupling_errors_on_fac10_RP.rml
2025-02-10 20:29:28,553 - INFO - Prepared sim number: 31: RAYPy_Simulation_bessy3_56m_PGM_2Perc_coupling_errors_on_fac10_RP/round_0/31_bessy3_56m_PGM_2Perc_coupling_errors_on_fac10_RP.rml
2025-02-10 20:29:28,568 - INFO - Prepared sim number: 32: RAYPy_Simulation_bessy3_56m_PGM_2Perc_coupling_errors_on_fac10_RP/round_0/32_bessy3_56m_PGM_2Perc_coupling_errors_on_fac10_RP.rml
2025-02-10 20:29:28,580 - INFO - Prepared sim number: 33: RAYPy_Simulation_bessy3_56m_PGM_2Perc_coupling_errors_on_fac10_RP/round_0/33_bessy3_56m_PGM_2Perc_coupling_errors_on_fac10_RP.rml
2025-02-10 20:29:28,593 - INFO - Prepared sim number: 34: RAYPy_Simulation_bessy3_56m_PGM_2Perc_coupling_errors_on_fac10_RP/round_0/34_bessy3_56m_PGM_2Perc_coupling_errors_on_fac10_RP.rml
2025-02-10 20:29:28,607 - INFO - Prepared sim number: 35: RAYPy_Simulation_bessy3_56m_PGM_2Perc_coupling_errors_on_fac10_RP/round_0/35_bessy3_56m_PGM_2Perc_coupling_errors_on_fac10_RP.rml
2025-02-10 20:29:28,618 - INFO - Prepared sim number: 36: RAYPy_Simulation_bessy3_56m_PGM_2Perc_coupling_errors_on_fac10_RP/round_0/36_bessy3_56m_PGM_2Perc_coupling_errors_on_fac10_RP.rml
2025-02-10 20:29:28,633 - INFO - Prepared sim number: 37: RAYPy_Simulation_bessy3_56m_PGM_2Perc_coupling_errors_on_fac10_RP/round_0/37_bessy3_56m_PGM_2Perc_coupling_errors_on_fac10_RP.rml
2025-02-10 20:29:28,648 - INFO - Prepared sim number: 38: RAYPy_Simulation_bessy3_56m_PGM_2Perc_coupling_errors_on_fac10_RP/round_0/38_bessy3_56m_PGM_2Perc_coupling_errors_on_fac10_RP.rml
2025-02-10 20:29:28,663 - INFO - Prepared sim number: 39: RAYPy_Simulation_bessy3_56m_PGM_2Perc_coupling_errors_on_fac10_RP/round_0/39_bessy3_56m_PGM_2Perc_coupling_errors_on_fac10_RP.rml
2025-02-10 20:29:28,678 - INFO - Prepared sim number: 40: RAYPy_Simulation_bessy3_56m_PGM_2Perc_coupling_errors_on_fac10_RP/round_0/40_bessy3_56m_PGM_2Perc_coupling_errors_on_fac10_RP.rml
2025-02-10 20:29:28,679 - INFO - Start round 1
2025-02-10 20:29:28,685 - INFO - Prepared sim number: 0: RAYPy_Simulation_bessy3_56m_PGM_2Perc_coupling_errors_on_fac10_RP/round_1/0_bessy3_56m_PGM_2Perc_coupling_errors_on_fac10_RP.rml
2025-02-10 20:29:28,691 - INFO - Prepared sim number: 1: RAYPy_Simulation_bessy3_56m_PGM_2Perc_coupling_errors_on_fac10_RP/round_1/1_bessy3_56m_PGM_2Perc_coupling_errors_on_fac10_RP.rml
2025-02-10 20:29:28,696 - INFO - Prepared sim number: 2: RAYPy_Simulation_bessy3_56m_PGM_2Perc_coupling_errors_on_fac10_RP/round_1/2_bessy3_56m_PGM_2Perc_coupling_errors_on_fac10_RP.rml
2025-02-10 20:29:28,703 - INFO - Prepared sim number: 3: RAYPy_Simulation_bessy3_56m_PGM_2Perc_coupling_errors_on_fac10_RP/round_1/3_bessy3_56m_PGM_2Perc_coupling_errors_on_fac10_RP.rml
2025-02-10 20:29:28,708 - INFO - Prepared sim number: 4: RAYPy_Simulation_bessy3_56m_PGM_2Perc_coupling_errors_on_fac10_RP/round_1/4_bessy3_56m_PGM_2Perc_coupling_errors_on_fac10_RP.rml
2025-02-10 20:29:28,715 - INFO - Prepared sim number: 5: RAYPy_Simulation_bessy3_56m_PGM_2Perc_coupling_errors_on_fac10_RP/round_1/5_bessy3_56m_PGM_2Perc_coupling_errors_on_fac10_RP.rml
2025-02-10 20:29:28,721 - INFO - Prepared sim number: 6: RAYPy_Simulation_bessy3_56m_PGM_2Perc_coupling_errors_on_fac10_RP/round_1/6_bessy3_56m_PGM_2Perc_coupling_errors_on_fac10_RP.rml
2025-02-10 20:29:28,726 - INFO - Prepared sim number: 7: RAYPy_Simulation_bessy3_56m_PGM_2Perc_coupling_errors_on_fac10_RP/round_1/7_bessy3_56m_PGM_2Perc_coupling_errors_on_fac10_RP.rml
2025-02-10 20:29:28,731 - INFO - Prepared sim number: 8: RAYPy_Simulation_bessy3_56m_PGM_2Perc_coupling_errors_on_fac10_RP/round_1/8_bessy3_56m_PGM_2Perc_coupling_errors_on_fac10_RP.rml
2025-02-10 20:29:28,736 - INFO - Prepared sim number: 9: RAYPy_Simulation_bessy3_56m_PGM_2Perc_coupling_errors_on_fac10_RP/round_1/9_bessy3_56m_PGM_2Perc_coupling_errors_on_fac10_RP.rml
2025-02-10 20:29:28,742 - INFO - Prepared sim number: 10: RAYPy_Simulation_bessy3_56m_PGM_2Perc_coupling_errors_on_fac10_RP/round_1/10_bessy3_56m_PGM_2Perc_coupling_errors_on_fac10_RP.rml
2025-02-10 20:29:28,747 - INFO - Prepared sim number: 11: RAYPy_Simulation_bessy3_56m_PGM_2Perc_coupling_errors_on_fac10_RP/round_1/11_bessy3_56m_PGM_2Perc_coupling_errors_on_fac10_RP.rml
2025-02-10 20:29:28,751 - INFO - Prepared sim number: 12: RAYPy_Simulation_bessy3_56m_PGM_2Perc_coupling_errors_on_fac10_RP/round_1/12_bessy3_56m_PGM_2Perc_coupling_errors_on_fac10_RP.rml
2025-02-10 20:29:28,756 - INFO - Prepared sim number: 13: RAYPy_Simulation_bessy3_56m_PGM_2Perc_coupling_errors_on_fac10_RP/round_1/13_bessy3_56m_PGM_2Perc_coupling_errors_on_fac10_RP.rml
2025-02-10 20:29:28,762 - INFO - Prepared sim number: 14: RAYPy_Simulation_bessy3_56m_PGM_2Perc_coupling_errors_on_fac10_RP/round_1/14_bessy3_56m_PGM_2Perc_coupling_errors_on_fac10_RP.rml
2025-02-10 20:29:28,769 - INFO - Prepared sim number: 15: RAYPy_Simulation_bessy3_56m_PGM_2Perc_coupling_errors_on_fac10_RP/round_1/15_bessy3_56m_PGM_2Perc_coupling_errors_on_fac10_RP.rml
2025-02-10 20:29:28,775 - INFO - Prepared sim number: 16: RAYPy_Simulation_bessy3_56m_PGM_2Perc_coupling_errors_on_fac10_RP/round_1/16_bessy3_56m_PGM_2Perc_coupling_errors_on_fac10_RP.rml
2025-02-10 20:29:28,781 - INFO - Prepared sim number: 17: RAYPy_Simulation_bessy3_56m_PGM_2Perc_coupling_errors_on_fac10_RP/round_1/17_bessy3_56m_PGM_2Perc_coupling_errors_on_fac10_RP.rml
2025-02-10 20:29:28,786 - INFO - Prepared sim number: 18: RAYPy_Simulation_bessy3_56m_PGM_2Perc_coupling_errors_on_fac10_RP/round_1/18_bessy3_56m_PGM_2Perc_coupling_errors_on_fac10_RP.rml
2025-02-10 20:29:28,804 - INFO - Waiting for batch number: 0, timeout: 60s
2025-02-10 20:29:31,769 - INFO - Completed: 1, remaining: 59, RAYPy_Simulation_bessy3_56m_PGM_2Perc_coupling_errors_on_fac10_RP/round_0/0_bessy3_56m_PGM_2Perc_coupling_errors_on_fac10_RP.rml
2025-02-10 20:29:31,902 - INFO - Completed: 2, remaining: 58, RAYPy_Simulation_bessy3_56m_PGM_2Perc_coupling_errors_on_fac10_RP/round_0/1_bessy3_56m_PGM_2Perc_coupling_errors_on_fac10_RP.rml
2025-02-10 20:29:31,928 - INFO - Completed: 3, remaining: 57, RAYPy_Simulation_bessy3_56m_PGM_2Perc_coupling_errors_on_fac10_RP/round_0/3_bessy3_56m_PGM_2Perc_coupling_errors_on_fac10_RP.rml
2025-02-10 20:29:31,971 - INFO - Completed: 4, remaining: 56, RAYPy_Simulation_bessy3_56m_PGM_2Perc_coupling_errors_on_fac10_RP/round_0/4_bessy3_56m_PGM_2Perc_coupling_errors_on_fac10_RP.rml
2025-02-10 20:29:32,060 - INFO - Completed: 5, remaining: 55, RAYPy_Simulation_bessy3_56m_PGM_2Perc_coupling_errors_on_fac10_RP/round_0/10_bessy3_56m_PGM_2Perc_coupling_errors_on_fac10_RP.rml
2025-02-10 20:29:32,088 - INFO - Completed: 6, remaining: 54, RAYPy_Simulation_bessy3_56m_PGM_2Perc_coupling_errors_on_fac10_RP/round_0/7_bessy3_56m_PGM_2Perc_coupling_errors_on_fac10_RP.rml
2025-02-10 20:29:33,191 - INFO - Completed: 7, remaining: 53, RAYPy_Simulation_bessy3_56m_PGM_2Perc_coupling_errors_on_fac10_RP/round_0/9_bessy3_56m_PGM_2Perc_coupling_errors_on_fac10_RP.rml
2025-02-10 20:29:34,459 - INFO - Completed: 8, remaining: 52, RAYPy_Simulation_bessy3_56m_PGM_2Perc_coupling_errors_on_fac10_RP/round_0/11_bessy3_56m_PGM_2Perc_coupling_errors_on_fac10_RP.rml
2025-02-10 20:29:34,470 - INFO - Completed: 9, remaining: 51, RAYPy_Simulation_bessy3_56m_PGM_2Perc_coupling_errors_on_fac10_RP/round_0/6_bessy3_56m_PGM_2Perc_coupling_errors_on_fac10_RP.rml
2025-02-10 20:29:34,508 - INFO - Completed: 10, remaining: 50, RAYPy_Simulation_bessy3_56m_PGM_2Perc_coupling_errors_on_fac10_RP/round_0/8_bessy3_56m_PGM_2Perc_coupling_errors_on_fac10_RP.rml
2025-02-10 20:29:34,597 - INFO - Completed: 11, remaining: 49, RAYPy_Simulation_bessy3_56m_PGM_2Perc_coupling_errors_on_fac10_RP/round_0/5_bessy3_56m_PGM_2Perc_coupling_errors_on_fac10_RP.rml
2025-02-10 20:29:34,982 - INFO - Completed: 12, remaining: 48, RAYPy_Simulation_bessy3_56m_PGM_2Perc_coupling_errors_on_fac10_RP/round_0/2_bessy3_56m_PGM_2Perc_coupling_errors_on_fac10_RP.rml
2025-02-10 20:29:35,408 - INFO - Completed: 13, remaining: 47, RAYPy_Simulation_bessy3_56m_PGM_2Perc_coupling_errors_on_fac10_RP/round_0/14_bessy3_56m_PGM_2Perc_coupling_errors_on_fac10_RP.rml
2025-02-10 20:29:35,513 - INFO - Completed: 14, remaining: 46, RAYPy_Simulation_bessy3_56m_PGM_2Perc_coupling_errors_on_fac10_RP/round_0/13_bessy3_56m_PGM_2Perc_coupling_errors_on_fac10_RP.rml
2025-02-10 20:29:35,647 - INFO - Completed: 15, remaining: 45, RAYPy_Simulation_bessy3_56m_PGM_2Perc_coupling_errors_on_fac10_RP/round_0/12_bessy3_56m_PGM_2Perc_coupling_errors_on_fac10_RP.rml
2025-02-10 20:29:35,854 - INFO - Completed: 16, remaining: 44, RAYPy_Simulation_bessy3_56m_PGM_2Perc_coupling_errors_on_fac10_RP/round_0/17_bessy3_56m_PGM_2Perc_coupling_errors_on_fac10_RP.rml
2025-02-10 20:29:36,006 - INFO - Completed: 17, remaining: 43, RAYPy_Simulation_bessy3_56m_PGM_2Perc_coupling_errors_on_fac10_RP/round_0/15_bessy3_56m_PGM_2Perc_coupling_errors_on_fac10_RP.rml
2025-02-10 20:29:36,123 - INFO - Completed: 18, remaining: 42, RAYPy_Simulation_bessy3_56m_PGM_2Perc_coupling_errors_on_fac10_RP/round_0/16_bessy3_56m_PGM_2Perc_coupling_errors_on_fac10_RP.rml
2025-02-10 20:29:36,824 - INFO - Completed: 19, remaining: 41, RAYPy_Simulation_bessy3_56m_PGM_2Perc_coupling_errors_on_fac10_RP/round_0/18_bessy3_56m_PGM_2Perc_coupling_errors_on_fac10_RP.rml
2025-02-10 20:29:38,221 - INFO - Completed: 20, remaining: 40, RAYPy_Simulation_bessy3_56m_PGM_2Perc_coupling_errors_on_fac10_RP/round_0/19_bessy3_56m_PGM_2Perc_coupling_errors_on_fac10_RP.rml
2025-02-10 20:29:38,419 - INFO - Completed: 21, remaining: 39, RAYPy_Simulation_bessy3_56m_PGM_2Perc_coupling_errors_on_fac10_RP/round_0/22_bessy3_56m_PGM_2Perc_coupling_errors_on_fac10_RP.rml
2025-02-10 20:29:38,443 - INFO - Completed: 22, remaining: 38, RAYPy_Simulation_bessy3_56m_PGM_2Perc_coupling_errors_on_fac10_RP/round_0/20_bessy3_56m_PGM_2Perc_coupling_errors_on_fac10_RP.rml
2025-02-10 20:29:38,482 - INFO - Completed: 23, remaining: 37, RAYPy_Simulation_bessy3_56m_PGM_2Perc_coupling_errors_on_fac10_RP/round_0/21_bessy3_56m_PGM_2Perc_coupling_errors_on_fac10_RP.rml
2025-02-10 20:29:38,715 - INFO - Completed: 24, remaining: 36, RAYPy_Simulation_bessy3_56m_PGM_2Perc_coupling_errors_on_fac10_RP/round_0/23_bessy3_56m_PGM_2Perc_coupling_errors_on_fac10_RP.rml
2025-02-10 20:29:39,179 - INFO - Completed: 25, remaining: 35, RAYPy_Simulation_bessy3_56m_PGM_2Perc_coupling_errors_on_fac10_RP/round_0/25_bessy3_56m_PGM_2Perc_coupling_errors_on_fac10_RP.rml
2025-02-10 20:29:39,207 - INFO - Completed: 26, remaining: 34, RAYPy_Simulation_bessy3_56m_PGM_2Perc_coupling_errors_on_fac10_RP/round_0/26_bessy3_56m_PGM_2Perc_coupling_errors_on_fac10_RP.rml
2025-02-10 20:29:39,622 - INFO - Completed: 27, remaining: 33, RAYPy_Simulation_bessy3_56m_PGM_2Perc_coupling_errors_on_fac10_RP/round_0/27_bessy3_56m_PGM_2Perc_coupling_errors_on_fac10_RP.rml
2025-02-10 20:29:39,918 - INFO - Completed: 28, remaining: 32, RAYPy_Simulation_bessy3_56m_PGM_2Perc_coupling_errors_on_fac10_RP/round_0/24_bessy3_56m_PGM_2Perc_coupling_errors_on_fac10_RP.rml
2025-02-10 20:29:39,955 - INFO - Completed: 29, remaining: 31, RAYPy_Simulation_bessy3_56m_PGM_2Perc_coupling_errors_on_fac10_RP/round_0/29_bessy3_56m_PGM_2Perc_coupling_errors_on_fac10_RP.rml
2025-02-10 20:29:40,164 - INFO - Completed: 30, remaining: 30, RAYPy_Simulation_bessy3_56m_PGM_2Perc_coupling_errors_on_fac10_RP/round_0/28_bessy3_56m_PGM_2Perc_coupling_errors_on_fac10_RP.rml
2025-02-10 20:29:40,568 - INFO - Completed: 31, remaining: 29, RAYPy_Simulation_bessy3_56m_PGM_2Perc_coupling_errors_on_fac10_RP/round_0/30_bessy3_56m_PGM_2Perc_coupling_errors_on_fac10_RP.rml
2025-02-10 20:29:42,220 - INFO - Completed: 32, remaining: 28, RAYPy_Simulation_bessy3_56m_PGM_2Perc_coupling_errors_on_fac10_RP/round_0/33_bessy3_56m_PGM_2Perc_coupling_errors_on_fac10_RP.rml
2025-02-10 20:29:42,271 - INFO - Completed: 33, remaining: 27, RAYPy_Simulation_bessy3_56m_PGM_2Perc_coupling_errors_on_fac10_RP/round_0/31_bessy3_56m_PGM_2Perc_coupling_errors_on_fac10_RP.rml
2025-02-10 20:29:42,336 - INFO - Completed: 34, remaining: 26, RAYPy_Simulation_bessy3_56m_PGM_2Perc_coupling_errors_on_fac10_RP/round_0/32_bessy3_56m_PGM_2Perc_coupling_errors_on_fac10_RP.rml
2025-02-10 20:29:42,496 - INFO - Completed: 35, remaining: 25, RAYPy_Simulation_bessy3_56m_PGM_2Perc_coupling_errors_on_fac10_RP/round_0/34_bessy3_56m_PGM_2Perc_coupling_errors_on_fac10_RP.rml
2025-02-10 20:29:42,736 - INFO - Completed: 36, remaining: 24, RAYPy_Simulation_bessy3_56m_PGM_2Perc_coupling_errors_on_fac10_RP/round_0/35_bessy3_56m_PGM_2Perc_coupling_errors_on_fac10_RP.rml
2025-02-10 20:29:43,036 - INFO - Completed: 37, remaining: 23, RAYPy_Simulation_bessy3_56m_PGM_2Perc_coupling_errors_on_fac10_RP/round_0/36_bessy3_56m_PGM_2Perc_coupling_errors_on_fac10_RP.rml
2025-02-10 20:29:43,059 - INFO - Completed: 38, remaining: 22, RAYPy_Simulation_bessy3_56m_PGM_2Perc_coupling_errors_on_fac10_RP/round_0/37_bessy3_56m_PGM_2Perc_coupling_errors_on_fac10_RP.rml
2025-02-10 20:29:43,457 - INFO - Completed: 39, remaining: 21, RAYPy_Simulation_bessy3_56m_PGM_2Perc_coupling_errors_on_fac10_RP/round_0/38_bessy3_56m_PGM_2Perc_coupling_errors_on_fac10_RP.rml
2025-02-10 20:29:43,607 - INFO - Completed: 40, remaining: 20, RAYPy_Simulation_bessy3_56m_PGM_2Perc_coupling_errors_on_fac10_RP/round_0/39_bessy3_56m_PGM_2Perc_coupling_errors_on_fac10_RP.rml
2025-02-10 20:29:43,841 - INFO - Completed: 41, remaining: 19, RAYPy_Simulation_bessy3_56m_PGM_2Perc_coupling_errors_on_fac10_RP/round_0/40_bessy3_56m_PGM_2Perc_coupling_errors_on_fac10_RP.rml
2025-02-10 20:29:43,906 - INFO - Completed: 42, remaining: 18, RAYPy_Simulation_bessy3_56m_PGM_2Perc_coupling_errors_on_fac10_RP/round_1/1_bessy3_56m_PGM_2Perc_coupling_errors_on_fac10_RP.rml
2025-02-10 20:29:44,417 - INFO - Completed: 43, remaining: 17, RAYPy_Simulation_bessy3_56m_PGM_2Perc_coupling_errors_on_fac10_RP/round_1/0_bessy3_56m_PGM_2Perc_coupling_errors_on_fac10_RP.rml
2025-02-10 20:29:45,860 - INFO - Completed: 44, remaining: 16, RAYPy_Simulation_bessy3_56m_PGM_2Perc_coupling_errors_on_fac10_RP/round_1/2_bessy3_56m_PGM_2Perc_coupling_errors_on_fac10_RP.rml
2025-02-10 20:29:46,003 - INFO - Completed: 45, remaining: 15, RAYPy_Simulation_bessy3_56m_PGM_2Perc_coupling_errors_on_fac10_RP/round_1/4_bessy3_56m_PGM_2Perc_coupling_errors_on_fac10_RP.rml
2025-02-10 20:29:46,313 - INFO - Completed: 46, remaining: 14, RAYPy_Simulation_bessy3_56m_PGM_2Perc_coupling_errors_on_fac10_RP/round_1/3_bessy3_56m_PGM_2Perc_coupling_errors_on_fac10_RP.rml
2025-02-10 20:29:46,370 - INFO - Completed: 47, remaining: 13, RAYPy_Simulation_bessy3_56m_PGM_2Perc_coupling_errors_on_fac10_RP/round_1/5_bessy3_56m_PGM_2Perc_coupling_errors_on_fac10_RP.rml
2025-02-10 20:29:46,607 - INFO - Completed: 48, remaining: 12, RAYPy_Simulation_bessy3_56m_PGM_2Perc_coupling_errors_on_fac10_RP/round_1/6_bessy3_56m_PGM_2Perc_coupling_errors_on_fac10_RP.rml
2025-02-10 20:29:46,735 - INFO - Completed: 49, remaining: 11, RAYPy_Simulation_bessy3_56m_PGM_2Perc_coupling_errors_on_fac10_RP/round_1/7_bessy3_56m_PGM_2Perc_coupling_errors_on_fac10_RP.rml
2025-02-10 20:29:46,856 - INFO - Completed: 50, remaining: 10, RAYPy_Simulation_bessy3_56m_PGM_2Perc_coupling_errors_on_fac10_RP/round_1/8_bessy3_56m_PGM_2Perc_coupling_errors_on_fac10_RP.rml
2025-02-10 20:29:46,978 - INFO - Completed: 51, remaining: 9, RAYPy_Simulation_bessy3_56m_PGM_2Perc_coupling_errors_on_fac10_RP/round_1/9_bessy3_56m_PGM_2Perc_coupling_errors_on_fac10_RP.rml
2025-02-10 20:29:47,326 - INFO - Completed: 52, remaining: 8, RAYPy_Simulation_bessy3_56m_PGM_2Perc_coupling_errors_on_fac10_RP/round_1/11_bessy3_56m_PGM_2Perc_coupling_errors_on_fac10_RP.rml
2025-02-10 20:29:47,360 - INFO - Completed: 53, remaining: 7, RAYPy_Simulation_bessy3_56m_PGM_2Perc_coupling_errors_on_fac10_RP/round_1/10_bessy3_56m_PGM_2Perc_coupling_errors_on_fac10_RP.rml
2025-02-10 20:29:47,423 - INFO - Completed: 54, remaining: 6, RAYPy_Simulation_bessy3_56m_PGM_2Perc_coupling_errors_on_fac10_RP/round_1/12_bessy3_56m_PGM_2Perc_coupling_errors_on_fac10_RP.rml
2025-02-10 20:29:47,969 - INFO - Completed: 55, remaining: 5, RAYPy_Simulation_bessy3_56m_PGM_2Perc_coupling_errors_on_fac10_RP/round_1/13_bessy3_56m_PGM_2Perc_coupling_errors_on_fac10_RP.rml
2025-02-10 20:29:48,728 - INFO - Completed: 56, remaining: 4, RAYPy_Simulation_bessy3_56m_PGM_2Perc_coupling_errors_on_fac10_RP/round_1/14_bessy3_56m_PGM_2Perc_coupling_errors_on_fac10_RP.rml
2025-02-10 20:29:48,818 - INFO - Completed: 57, remaining: 3, RAYPy_Simulation_bessy3_56m_PGM_2Perc_coupling_errors_on_fac10_RP/round_1/15_bessy3_56m_PGM_2Perc_coupling_errors_on_fac10_RP.rml
2025-02-10 20:29:48,999 - INFO - Completed: 58, remaining: 2, RAYPy_Simulation_bessy3_56m_PGM_2Perc_coupling_errors_on_fac10_RP/round_1/17_bessy3_56m_PGM_2Perc_coupling_errors_on_fac10_RP.rml
2025-02-10 20:29:49,054 - INFO - Completed: 59, remaining: 1, RAYPy_Simulation_bessy3_56m_PGM_2Perc_coupling_errors_on_fac10_RP/round_1/18_bessy3_56m_PGM_2Perc_coupling_errors_on_fac10_RP.rml
2025-02-10 20:29:49,656 - INFO - Completed: 60, remaining: 0, RAYPy_Simulation_bessy3_56m_PGM_2Perc_coupling_errors_on_fac10_RP/round_1/16_bessy3_56m_PGM_2Perc_coupling_errors_on_fac10_RP.rml
2025-02-10 20:29:49,656 - INFO - Batch Completed
2025-02-10 20:29:49,657 - INFO - Waiting For batch, 60 simulations to go
2025-02-10 20:29:49,662 - INFO - Prepared sim number: 19: RAYPy_Simulation_bessy3_56m_PGM_2Perc_coupling_errors_on_fac10_RP/round_1/19_bessy3_56m_PGM_2Perc_coupling_errors_on_fac10_RP.rml
2025-02-10 20:29:49,670 - INFO - Prepared sim number: 20: RAYPy_Simulation_bessy3_56m_PGM_2Perc_coupling_errors_on_fac10_RP/round_1/20_bessy3_56m_PGM_2Perc_coupling_errors_on_fac10_RP.rml
2025-02-10 20:29:49,683 - INFO - Prepared sim number: 21: RAYPy_Simulation_bessy3_56m_PGM_2Perc_coupling_errors_on_fac10_RP/round_1/21_bessy3_56m_PGM_2Perc_coupling_errors_on_fac10_RP.rml
2025-02-10 20:29:49,691 - INFO - Prepared sim number: 22: RAYPy_Simulation_bessy3_56m_PGM_2Perc_coupling_errors_on_fac10_RP/round_1/22_bessy3_56m_PGM_2Perc_coupling_errors_on_fac10_RP.rml
2025-02-10 20:29:49,696 - INFO - Prepared sim number: 23: RAYPy_Simulation_bessy3_56m_PGM_2Perc_coupling_errors_on_fac10_RP/round_1/23_bessy3_56m_PGM_2Perc_coupling_errors_on_fac10_RP.rml
2025-02-10 20:29:49,700 - INFO - Prepared sim number: 24: RAYPy_Simulation_bessy3_56m_PGM_2Perc_coupling_errors_on_fac10_RP/round_1/24_bessy3_56m_PGM_2Perc_coupling_errors_on_fac10_RP.rml
2025-02-10 20:29:49,704 - INFO - Prepared sim number: 25: RAYPy_Simulation_bessy3_56m_PGM_2Perc_coupling_errors_on_fac10_RP/round_1/25_bessy3_56m_PGM_2Perc_coupling_errors_on_fac10_RP.rml
2025-02-10 20:29:49,709 - INFO - Prepared sim number: 26: RAYPy_Simulation_bessy3_56m_PGM_2Perc_coupling_errors_on_fac10_RP/round_1/26_bessy3_56m_PGM_2Perc_coupling_errors_on_fac10_RP.rml
2025-02-10 20:29:49,714 - INFO - Prepared sim number: 27: RAYPy_Simulation_bessy3_56m_PGM_2Perc_coupling_errors_on_fac10_RP/round_1/27_bessy3_56m_PGM_2Perc_coupling_errors_on_fac10_RP.rml
2025-02-10 20:29:49,718 - INFO - Prepared sim number: 28: RAYPy_Simulation_bessy3_56m_PGM_2Perc_coupling_errors_on_fac10_RP/round_1/28_bessy3_56m_PGM_2Perc_coupling_errors_on_fac10_RP.rml
2025-02-10 20:29:49,722 - INFO - Prepared sim number: 29: RAYPy_Simulation_bessy3_56m_PGM_2Perc_coupling_errors_on_fac10_RP/round_1/29_bessy3_56m_PGM_2Perc_coupling_errors_on_fac10_RP.rml
2025-02-10 20:29:49,727 - INFO - Prepared sim number: 30: RAYPy_Simulation_bessy3_56m_PGM_2Perc_coupling_errors_on_fac10_RP/round_1/30_bessy3_56m_PGM_2Perc_coupling_errors_on_fac10_RP.rml
2025-02-10 20:29:49,730 - INFO - Prepared sim number: 31: RAYPy_Simulation_bessy3_56m_PGM_2Perc_coupling_errors_on_fac10_RP/round_1/31_bessy3_56m_PGM_2Perc_coupling_errors_on_fac10_RP.rml
2025-02-10 20:29:49,734 - INFO - Prepared sim number: 32: RAYPy_Simulation_bessy3_56m_PGM_2Perc_coupling_errors_on_fac10_RP/round_1/32_bessy3_56m_PGM_2Perc_coupling_errors_on_fac10_RP.rml
2025-02-10 20:29:49,738 - INFO - Prepared sim number: 33: RAYPy_Simulation_bessy3_56m_PGM_2Perc_coupling_errors_on_fac10_RP/round_1/33_bessy3_56m_PGM_2Perc_coupling_errors_on_fac10_RP.rml
2025-02-10 20:29:49,742 - INFO - Prepared sim number: 34: RAYPy_Simulation_bessy3_56m_PGM_2Perc_coupling_errors_on_fac10_RP/round_1/34_bessy3_56m_PGM_2Perc_coupling_errors_on_fac10_RP.rml
2025-02-10 20:29:49,745 - INFO - Prepared sim number: 35: RAYPy_Simulation_bessy3_56m_PGM_2Perc_coupling_errors_on_fac10_RP/round_1/35_bessy3_56m_PGM_2Perc_coupling_errors_on_fac10_RP.rml
2025-02-10 20:29:49,750 - INFO - Prepared sim number: 36: RAYPy_Simulation_bessy3_56m_PGM_2Perc_coupling_errors_on_fac10_RP/round_1/36_bessy3_56m_PGM_2Perc_coupling_errors_on_fac10_RP.rml
2025-02-10 20:29:49,754 - INFO - Prepared sim number: 37: RAYPy_Simulation_bessy3_56m_PGM_2Perc_coupling_errors_on_fac10_RP/round_1/37_bessy3_56m_PGM_2Perc_coupling_errors_on_fac10_RP.rml
2025-02-10 20:29:49,758 - INFO - Prepared sim number: 38: RAYPy_Simulation_bessy3_56m_PGM_2Perc_coupling_errors_on_fac10_RP/round_1/38_bessy3_56m_PGM_2Perc_coupling_errors_on_fac10_RP.rml
2025-02-10 20:29:49,762 - INFO - Prepared sim number: 39: RAYPy_Simulation_bessy3_56m_PGM_2Perc_coupling_errors_on_fac10_RP/round_1/39_bessy3_56m_PGM_2Perc_coupling_errors_on_fac10_RP.rml
2025-02-10 20:29:49,766 - INFO - Prepared sim number: 40: RAYPy_Simulation_bessy3_56m_PGM_2Perc_coupling_errors_on_fac10_RP/round_1/40_bessy3_56m_PGM_2Perc_coupling_errors_on_fac10_RP.rml
2025-02-10 20:29:49,766 - INFO - Start round 2
2025-02-10 20:29:49,769 - INFO - Prepared sim number: 0: RAYPy_Simulation_bessy3_56m_PGM_2Perc_coupling_errors_on_fac10_RP/round_2/0_bessy3_56m_PGM_2Perc_coupling_errors_on_fac10_RP.rml
2025-02-10 20:29:49,773 - INFO - Prepared sim number: 1: RAYPy_Simulation_bessy3_56m_PGM_2Perc_coupling_errors_on_fac10_RP/round_2/1_bessy3_56m_PGM_2Perc_coupling_errors_on_fac10_RP.rml
2025-02-10 20:29:49,777 - INFO - Prepared sim number: 2: RAYPy_Simulation_bessy3_56m_PGM_2Perc_coupling_errors_on_fac10_RP/round_2/2_bessy3_56m_PGM_2Perc_coupling_errors_on_fac10_RP.rml
2025-02-10 20:29:49,781 - INFO - Prepared sim number: 3: RAYPy_Simulation_bessy3_56m_PGM_2Perc_coupling_errors_on_fac10_RP/round_2/3_bessy3_56m_PGM_2Perc_coupling_errors_on_fac10_RP.rml
2025-02-10 20:29:49,784 - INFO - Prepared sim number: 4: RAYPy_Simulation_bessy3_56m_PGM_2Perc_coupling_errors_on_fac10_RP/round_2/4_bessy3_56m_PGM_2Perc_coupling_errors_on_fac10_RP.rml
2025-02-10 20:29:49,788 - INFO - Prepared sim number: 5: RAYPy_Simulation_bessy3_56m_PGM_2Perc_coupling_errors_on_fac10_RP/round_2/5_bessy3_56m_PGM_2Perc_coupling_errors_on_fac10_RP.rml
2025-02-10 20:29:49,792 - INFO - Prepared sim number: 6: RAYPy_Simulation_bessy3_56m_PGM_2Perc_coupling_errors_on_fac10_RP/round_2/6_bessy3_56m_PGM_2Perc_coupling_errors_on_fac10_RP.rml
2025-02-10 20:29:49,796 - INFO - Prepared sim number: 7: RAYPy_Simulation_bessy3_56m_PGM_2Perc_coupling_errors_on_fac10_RP/round_2/7_bessy3_56m_PGM_2Perc_coupling_errors_on_fac10_RP.rml
2025-02-10 20:29:49,800 - INFO - Prepared sim number: 8: RAYPy_Simulation_bessy3_56m_PGM_2Perc_coupling_errors_on_fac10_RP/round_2/8_bessy3_56m_PGM_2Perc_coupling_errors_on_fac10_RP.rml
2025-02-10 20:29:49,804 - INFO - Prepared sim number: 9: RAYPy_Simulation_bessy3_56m_PGM_2Perc_coupling_errors_on_fac10_RP/round_2/9_bessy3_56m_PGM_2Perc_coupling_errors_on_fac10_RP.rml
2025-02-10 20:29:49,808 - INFO - Prepared sim number: 10: RAYPy_Simulation_bessy3_56m_PGM_2Perc_coupling_errors_on_fac10_RP/round_2/10_bessy3_56m_PGM_2Perc_coupling_errors_on_fac10_RP.rml
2025-02-10 20:29:49,811 - INFO - Prepared sim number: 11: RAYPy_Simulation_bessy3_56m_PGM_2Perc_coupling_errors_on_fac10_RP/round_2/11_bessy3_56m_PGM_2Perc_coupling_errors_on_fac10_RP.rml
2025-02-10 20:29:49,815 - INFO - Prepared sim number: 12: RAYPy_Simulation_bessy3_56m_PGM_2Perc_coupling_errors_on_fac10_RP/round_2/12_bessy3_56m_PGM_2Perc_coupling_errors_on_fac10_RP.rml
2025-02-10 20:29:49,818 - INFO - Prepared sim number: 13: RAYPy_Simulation_bessy3_56m_PGM_2Perc_coupling_errors_on_fac10_RP/round_2/13_bessy3_56m_PGM_2Perc_coupling_errors_on_fac10_RP.rml
2025-02-10 20:29:49,822 - INFO - Prepared sim number: 14: RAYPy_Simulation_bessy3_56m_PGM_2Perc_coupling_errors_on_fac10_RP/round_2/14_bessy3_56m_PGM_2Perc_coupling_errors_on_fac10_RP.rml
2025-02-10 20:29:49,825 - INFO - Prepared sim number: 15: RAYPy_Simulation_bessy3_56m_PGM_2Perc_coupling_errors_on_fac10_RP/round_2/15_bessy3_56m_PGM_2Perc_coupling_errors_on_fac10_RP.rml
2025-02-10 20:29:49,829 - INFO - Prepared sim number: 16: RAYPy_Simulation_bessy3_56m_PGM_2Perc_coupling_errors_on_fac10_RP/round_2/16_bessy3_56m_PGM_2Perc_coupling_errors_on_fac10_RP.rml
2025-02-10 20:29:49,832 - INFO - Prepared sim number: 17: RAYPy_Simulation_bessy3_56m_PGM_2Perc_coupling_errors_on_fac10_RP/round_2/17_bessy3_56m_PGM_2Perc_coupling_errors_on_fac10_RP.rml
2025-02-10 20:29:49,836 - INFO - Prepared sim number: 18: RAYPy_Simulation_bessy3_56m_PGM_2Perc_coupling_errors_on_fac10_RP/round_2/18_bessy3_56m_PGM_2Perc_coupling_errors_on_fac10_RP.rml
2025-02-10 20:29:49,840 - INFO - Prepared sim number: 19: RAYPy_Simulation_bessy3_56m_PGM_2Perc_coupling_errors_on_fac10_RP/round_2/19_bessy3_56m_PGM_2Perc_coupling_errors_on_fac10_RP.rml
2025-02-10 20:29:49,844 - INFO - Prepared sim number: 20: RAYPy_Simulation_bessy3_56m_PGM_2Perc_coupling_errors_on_fac10_RP/round_2/20_bessy3_56m_PGM_2Perc_coupling_errors_on_fac10_RP.rml
2025-02-10 20:29:49,848 - INFO - Prepared sim number: 21: RAYPy_Simulation_bessy3_56m_PGM_2Perc_coupling_errors_on_fac10_RP/round_2/21_bessy3_56m_PGM_2Perc_coupling_errors_on_fac10_RP.rml
2025-02-10 20:29:49,852 - INFO - Prepared sim number: 22: RAYPy_Simulation_bessy3_56m_PGM_2Perc_coupling_errors_on_fac10_RP/round_2/22_bessy3_56m_PGM_2Perc_coupling_errors_on_fac10_RP.rml
2025-02-10 20:29:49,855 - INFO - Prepared sim number: 23: RAYPy_Simulation_bessy3_56m_PGM_2Perc_coupling_errors_on_fac10_RP/round_2/23_bessy3_56m_PGM_2Perc_coupling_errors_on_fac10_RP.rml
2025-02-10 20:29:49,859 - INFO - Prepared sim number: 24: RAYPy_Simulation_bessy3_56m_PGM_2Perc_coupling_errors_on_fac10_RP/round_2/24_bessy3_56m_PGM_2Perc_coupling_errors_on_fac10_RP.rml
2025-02-10 20:29:49,862 - INFO - Prepared sim number: 25: RAYPy_Simulation_bessy3_56m_PGM_2Perc_coupling_errors_on_fac10_RP/round_2/25_bessy3_56m_PGM_2Perc_coupling_errors_on_fac10_RP.rml
2025-02-10 20:29:49,866 - INFO - Prepared sim number: 26: RAYPy_Simulation_bessy3_56m_PGM_2Perc_coupling_errors_on_fac10_RP/round_2/26_bessy3_56m_PGM_2Perc_coupling_errors_on_fac10_RP.rml
2025-02-10 20:29:49,869 - INFO - Prepared sim number: 27: RAYPy_Simulation_bessy3_56m_PGM_2Perc_coupling_errors_on_fac10_RP/round_2/27_bessy3_56m_PGM_2Perc_coupling_errors_on_fac10_RP.rml
2025-02-10 20:29:49,872 - INFO - Prepared sim number: 28: RAYPy_Simulation_bessy3_56m_PGM_2Perc_coupling_errors_on_fac10_RP/round_2/28_bessy3_56m_PGM_2Perc_coupling_errors_on_fac10_RP.rml
2025-02-10 20:29:49,876 - INFO - Prepared sim number: 29: RAYPy_Simulation_bessy3_56m_PGM_2Perc_coupling_errors_on_fac10_RP/round_2/29_bessy3_56m_PGM_2Perc_coupling_errors_on_fac10_RP.rml
2025-02-10 20:29:49,880 - INFO - Prepared sim number: 30: RAYPy_Simulation_bessy3_56m_PGM_2Perc_coupling_errors_on_fac10_RP/round_2/30_bessy3_56m_PGM_2Perc_coupling_errors_on_fac10_RP.rml
2025-02-10 20:29:49,884 - INFO - Prepared sim number: 31: RAYPy_Simulation_bessy3_56m_PGM_2Perc_coupling_errors_on_fac10_RP/round_2/31_bessy3_56m_PGM_2Perc_coupling_errors_on_fac10_RP.rml
2025-02-10 20:29:49,887 - INFO - Prepared sim number: 32: RAYPy_Simulation_bessy3_56m_PGM_2Perc_coupling_errors_on_fac10_RP/round_2/32_bessy3_56m_PGM_2Perc_coupling_errors_on_fac10_RP.rml
2025-02-10 20:29:49,891 - INFO - Prepared sim number: 33: RAYPy_Simulation_bessy3_56m_PGM_2Perc_coupling_errors_on_fac10_RP/round_2/33_bessy3_56m_PGM_2Perc_coupling_errors_on_fac10_RP.rml
2025-02-10 20:29:49,895 - INFO - Prepared sim number: 34: RAYPy_Simulation_bessy3_56m_PGM_2Perc_coupling_errors_on_fac10_RP/round_2/34_bessy3_56m_PGM_2Perc_coupling_errors_on_fac10_RP.rml
2025-02-10 20:29:49,898 - INFO - Prepared sim number: 35: RAYPy_Simulation_bessy3_56m_PGM_2Perc_coupling_errors_on_fac10_RP/round_2/35_bessy3_56m_PGM_2Perc_coupling_errors_on_fac10_RP.rml
2025-02-10 20:29:49,902 - INFO - Prepared sim number: 36: RAYPy_Simulation_bessy3_56m_PGM_2Perc_coupling_errors_on_fac10_RP/round_2/36_bessy3_56m_PGM_2Perc_coupling_errors_on_fac10_RP.rml
2025-02-10 20:29:49,906 - INFO - Prepared sim number: 37: RAYPy_Simulation_bessy3_56m_PGM_2Perc_coupling_errors_on_fac10_RP/round_2/37_bessy3_56m_PGM_2Perc_coupling_errors_on_fac10_RP.rml
2025-02-10 20:29:49,907 - INFO - Waiting for batch number: 1, timeout: 23.019767427444457s
2025-02-10 20:29:52,029 - INFO - Completed: 1, remaining: 59, RAYPy_Simulation_bessy3_56m_PGM_2Perc_coupling_errors_on_fac10_RP/round_1/21_bessy3_56m_PGM_2Perc_coupling_errors_on_fac10_RP.rml
2025-02-10 20:29:52,061 - INFO - Completed: 2, remaining: 58, RAYPy_Simulation_bessy3_56m_PGM_2Perc_coupling_errors_on_fac10_RP/round_1/28_bessy3_56m_PGM_2Perc_coupling_errors_on_fac10_RP.rml
2025-02-10 20:29:52,137 - INFO - Completed: 3, remaining: 57, RAYPy_Simulation_bessy3_56m_PGM_2Perc_coupling_errors_on_fac10_RP/round_1/22_bessy3_56m_PGM_2Perc_coupling_errors_on_fac10_RP.rml
2025-02-10 20:29:52,374 - INFO - Completed: 4, remaining: 56, RAYPy_Simulation_bessy3_56m_PGM_2Perc_coupling_errors_on_fac10_RP/round_1/29_bessy3_56m_PGM_2Perc_coupling_errors_on_fac10_RP.rml
2025-02-10 20:29:52,414 - INFO - Completed: 5, remaining: 55, RAYPy_Simulation_bessy3_56m_PGM_2Perc_coupling_errors_on_fac10_RP/round_1/26_bessy3_56m_PGM_2Perc_coupling_errors_on_fac10_RP.rml
2025-02-10 20:29:55,277 - INFO - Completed: 6, remaining: 54, RAYPy_Simulation_bessy3_56m_PGM_2Perc_coupling_errors_on_fac10_RP/round_1/30_bessy3_56m_PGM_2Perc_coupling_errors_on_fac10_RP.rml
2025-02-10 20:29:55,326 - INFO - Completed: 7, remaining: 53, RAYPy_Simulation_bessy3_56m_PGM_2Perc_coupling_errors_on_fac10_RP/round_1/24_bessy3_56m_PGM_2Perc_coupling_errors_on_fac10_RP.rml
2025-02-10 20:29:55,404 - INFO - Completed: 8, remaining: 52, RAYPy_Simulation_bessy3_56m_PGM_2Perc_coupling_errors_on_fac10_RP/round_1/20_bessy3_56m_PGM_2Perc_coupling_errors_on_fac10_RP.rml
2025-02-10 20:29:55,572 - INFO - Completed: 9, remaining: 51, RAYPy_Simulation_bessy3_56m_PGM_2Perc_coupling_errors_on_fac10_RP/round_1/25_bessy3_56m_PGM_2Perc_coupling_errors_on_fac10_RP.rml
2025-02-10 20:29:55,616 - INFO - Completed: 10, remaining: 50, RAYPy_Simulation_bessy3_56m_PGM_2Perc_coupling_errors_on_fac10_RP/round_1/23_bessy3_56m_PGM_2Perc_coupling_errors_on_fac10_RP.rml
2025-02-10 20:29:55,637 - INFO - Completed: 11, remaining: 49, RAYPy_Simulation_bessy3_56m_PGM_2Perc_coupling_errors_on_fac10_RP/round_1/31_bessy3_56m_PGM_2Perc_coupling_errors_on_fac10_RP.rml
2025-02-10 20:29:55,822 - INFO - Completed: 12, remaining: 48, RAYPy_Simulation_bessy3_56m_PGM_2Perc_coupling_errors_on_fac10_RP/round_1/33_bessy3_56m_PGM_2Perc_coupling_errors_on_fac10_RP.rml
2025-02-10 20:29:56,081 - INFO - Completed: 13, remaining: 47, RAYPy_Simulation_bessy3_56m_PGM_2Perc_coupling_errors_on_fac10_RP/round_1/35_bessy3_56m_PGM_2Perc_coupling_errors_on_fac10_RP.rml
2025-02-10 20:29:56,120 - INFO - Completed: 14, remaining: 46, RAYPy_Simulation_bessy3_56m_PGM_2Perc_coupling_errors_on_fac10_RP/round_1/34_bessy3_56m_PGM_2Perc_coupling_errors_on_fac10_RP.rml
2025-02-10 20:29:56,523 - INFO - Completed: 15, remaining: 45, RAYPy_Simulation_bessy3_56m_PGM_2Perc_coupling_errors_on_fac10_RP/round_1/32_bessy3_56m_PGM_2Perc_coupling_errors_on_fac10_RP.rml
2025-02-10 20:29:57,443 - INFO - Completed: 16, remaining: 44, RAYPy_Simulation_bessy3_56m_PGM_2Perc_coupling_errors_on_fac10_RP/round_1/19_bessy3_56m_PGM_2Perc_coupling_errors_on_fac10_RP.rml
2025-02-10 20:29:57,607 - INFO - Completed: 17, remaining: 43, RAYPy_Simulation_bessy3_56m_PGM_2Perc_coupling_errors_on_fac10_RP/round_1/27_bessy3_56m_PGM_2Perc_coupling_errors_on_fac10_RP.rml
2025-02-10 20:29:58,846 - INFO - Completed: 18, remaining: 42, RAYPy_Simulation_bessy3_56m_PGM_2Perc_coupling_errors_on_fac10_RP/round_1/37_bessy3_56m_PGM_2Perc_coupling_errors_on_fac10_RP.rml
2025-02-10 20:29:59,135 - INFO - Completed: 19, remaining: 41, RAYPy_Simulation_bessy3_56m_PGM_2Perc_coupling_errors_on_fac10_RP/round_1/38_bessy3_56m_PGM_2Perc_coupling_errors_on_fac10_RP.rml
2025-02-10 20:29:59,188 - INFO - Completed: 20, remaining: 40, RAYPy_Simulation_bessy3_56m_PGM_2Perc_coupling_errors_on_fac10_RP/round_2/0_bessy3_56m_PGM_2Perc_coupling_errors_on_fac10_RP.rml
2025-02-10 20:29:59,437 - INFO - Completed: 21, remaining: 39, RAYPy_Simulation_bessy3_56m_PGM_2Perc_coupling_errors_on_fac10_RP/round_1/39_bessy3_56m_PGM_2Perc_coupling_errors_on_fac10_RP.rml
2025-02-10 20:29:59,461 - INFO - Completed: 22, remaining: 38, RAYPy_Simulation_bessy3_56m_PGM_2Perc_coupling_errors_on_fac10_RP/round_2/1_bessy3_56m_PGM_2Perc_coupling_errors_on_fac10_RP.rml
2025-02-10 20:29:59,583 - INFO - Completed: 23, remaining: 37, RAYPy_Simulation_bessy3_56m_PGM_2Perc_coupling_errors_on_fac10_RP/round_1/36_bessy3_56m_PGM_2Perc_coupling_errors_on_fac10_RP.rml
2025-02-10 20:29:59,618 - INFO - Completed: 24, remaining: 36, RAYPy_Simulation_bessy3_56m_PGM_2Perc_coupling_errors_on_fac10_RP/round_1/40_bessy3_56m_PGM_2Perc_coupling_errors_on_fac10_RP.rml
2025-02-10 20:29:59,942 - INFO - Completed: 25, remaining: 35, RAYPy_Simulation_bessy3_56m_PGM_2Perc_coupling_errors_on_fac10_RP/round_2/4_bessy3_56m_PGM_2Perc_coupling_errors_on_fac10_RP.rml
2025-02-10 20:30:00,048 - INFO - Completed: 26, remaining: 34, RAYPy_Simulation_bessy3_56m_PGM_2Perc_coupling_errors_on_fac10_RP/round_2/2_bessy3_56m_PGM_2Perc_coupling_errors_on_fac10_RP.rml
2025-02-10 20:30:00,186 - INFO - Completed: 27, remaining: 33, RAYPy_Simulation_bessy3_56m_PGM_2Perc_coupling_errors_on_fac10_RP/round_2/3_bessy3_56m_PGM_2Perc_coupling_errors_on_fac10_RP.rml
2025-02-10 20:30:00,985 - INFO - Completed: 28, remaining: 32, RAYPy_Simulation_bessy3_56m_PGM_2Perc_coupling_errors_on_fac10_RP/round_2/5_bessy3_56m_PGM_2Perc_coupling_errors_on_fac10_RP.rml
2025-02-10 20:30:01,195 - INFO - Completed: 29, remaining: 31, RAYPy_Simulation_bessy3_56m_PGM_2Perc_coupling_errors_on_fac10_RP/round_2/6_bessy3_56m_PGM_2Perc_coupling_errors_on_fac10_RP.rml
2025-02-10 20:30:02,356 - INFO - Completed: 30, remaining: 30, RAYPy_Simulation_bessy3_56m_PGM_2Perc_coupling_errors_on_fac10_RP/round_2/7_bessy3_56m_PGM_2Perc_coupling_errors_on_fac10_RP.rml
2025-02-10 20:30:02,763 - INFO - Completed: 31, remaining: 29, RAYPy_Simulation_bessy3_56m_PGM_2Perc_coupling_errors_on_fac10_RP/round_2/8_bessy3_56m_PGM_2Perc_coupling_errors_on_fac10_RP.rml
2025-02-10 20:30:02,939 - INFO - Completed: 32, remaining: 28, RAYPy_Simulation_bessy3_56m_PGM_2Perc_coupling_errors_on_fac10_RP/round_2/9_bessy3_56m_PGM_2Perc_coupling_errors_on_fac10_RP.rml
2025-02-10 20:30:02,992 - INFO - Completed: 33, remaining: 27, RAYPy_Simulation_bessy3_56m_PGM_2Perc_coupling_errors_on_fac10_RP/round_2/10_bessy3_56m_PGM_2Perc_coupling_errors_on_fac10_RP.rml
2025-02-10 20:30:03,069 - INFO - Completed: 34, remaining: 26, RAYPy_Simulation_bessy3_56m_PGM_2Perc_coupling_errors_on_fac10_RP/round_2/11_bessy3_56m_PGM_2Perc_coupling_errors_on_fac10_RP.rml
2025-02-10 20:30:03,490 - INFO - Completed: 35, remaining: 25, RAYPy_Simulation_bessy3_56m_PGM_2Perc_coupling_errors_on_fac10_RP/round_2/12_bessy3_56m_PGM_2Perc_coupling_errors_on_fac10_RP.rml
2025-02-10 20:30:03,676 - INFO - Completed: 36, remaining: 24, RAYPy_Simulation_bessy3_56m_PGM_2Perc_coupling_errors_on_fac10_RP/round_2/14_bessy3_56m_PGM_2Perc_coupling_errors_on_fac10_RP.rml
2025-02-10 20:30:03,806 - INFO - Completed: 37, remaining: 23, RAYPy_Simulation_bessy3_56m_PGM_2Perc_coupling_errors_on_fac10_RP/round_2/15_bessy3_56m_PGM_2Perc_coupling_errors_on_fac10_RP.rml
2025-02-10 20:30:03,829 - INFO - Completed: 38, remaining: 22, RAYPy_Simulation_bessy3_56m_PGM_2Perc_coupling_errors_on_fac10_RP/round_2/16_bessy3_56m_PGM_2Perc_coupling_errors_on_fac10_RP.rml
2025-02-10 20:30:03,993 - INFO - Completed: 39, remaining: 21, RAYPy_Simulation_bessy3_56m_PGM_2Perc_coupling_errors_on_fac10_RP/round_2/13_bessy3_56m_PGM_2Perc_coupling_errors_on_fac10_RP.rml
2025-02-10 20:30:04,456 - INFO - Completed: 40, remaining: 20, RAYPy_Simulation_bessy3_56m_PGM_2Perc_coupling_errors_on_fac10_RP/round_2/17_bessy3_56m_PGM_2Perc_coupling_errors_on_fac10_RP.rml
2025-02-10 20:30:04,748 - INFO - Completed: 41, remaining: 19, RAYPy_Simulation_bessy3_56m_PGM_2Perc_coupling_errors_on_fac10_RP/round_2/18_bessy3_56m_PGM_2Perc_coupling_errors_on_fac10_RP.rml
2025-02-10 20:30:05,718 - INFO - Completed: 42, remaining: 18, RAYPy_Simulation_bessy3_56m_PGM_2Perc_coupling_errors_on_fac10_RP/round_2/19_bessy3_56m_PGM_2Perc_coupling_errors_on_fac10_RP.rml
2025-02-10 20:30:06,272 - INFO - Completed: 43, remaining: 17, RAYPy_Simulation_bessy3_56m_PGM_2Perc_coupling_errors_on_fac10_RP/round_2/20_bessy3_56m_PGM_2Perc_coupling_errors_on_fac10_RP.rml
2025-02-10 20:30:06,315 - INFO - Completed: 44, remaining: 16, RAYPy_Simulation_bessy3_56m_PGM_2Perc_coupling_errors_on_fac10_RP/round_2/21_bessy3_56m_PGM_2Perc_coupling_errors_on_fac10_RP.rml
2025-02-10 20:30:06,549 - INFO - Completed: 45, remaining: 15, RAYPy_Simulation_bessy3_56m_PGM_2Perc_coupling_errors_on_fac10_RP/round_2/23_bessy3_56m_PGM_2Perc_coupling_errors_on_fac10_RP.rml
2025-02-10 20:30:06,888 - INFO - Completed: 46, remaining: 14, RAYPy_Simulation_bessy3_56m_PGM_2Perc_coupling_errors_on_fac10_RP/round_2/22_bessy3_56m_PGM_2Perc_coupling_errors_on_fac10_RP.rml
2025-02-10 20:30:06,916 - INFO - Completed: 47, remaining: 13, RAYPy_Simulation_bessy3_56m_PGM_2Perc_coupling_errors_on_fac10_RP/round_2/24_bessy3_56m_PGM_2Perc_coupling_errors_on_fac10_RP.rml
2025-02-10 20:30:07,246 - INFO - Completed: 48, remaining: 12, RAYPy_Simulation_bessy3_56m_PGM_2Perc_coupling_errors_on_fac10_RP/round_2/25_bessy3_56m_PGM_2Perc_coupling_errors_on_fac10_RP.rml
2025-02-10 20:30:07,271 - INFO - Completed: 49, remaining: 11, RAYPy_Simulation_bessy3_56m_PGM_2Perc_coupling_errors_on_fac10_RP/round_2/27_bessy3_56m_PGM_2Perc_coupling_errors_on_fac10_RP.rml
2025-02-10 20:30:07,442 - INFO - Completed: 50, remaining: 10, RAYPy_Simulation_bessy3_56m_PGM_2Perc_coupling_errors_on_fac10_RP/round_2/28_bessy3_56m_PGM_2Perc_coupling_errors_on_fac10_RP.rml
2025-02-10 20:30:07,456 - INFO - Completed: 51, remaining: 9, RAYPy_Simulation_bessy3_56m_PGM_2Perc_coupling_errors_on_fac10_RP/round_2/26_bessy3_56m_PGM_2Perc_coupling_errors_on_fac10_RP.rml
2025-02-10 20:30:07,955 - INFO - Completed: 52, remaining: 8, RAYPy_Simulation_bessy3_56m_PGM_2Perc_coupling_errors_on_fac10_RP/round_2/30_bessy3_56m_PGM_2Perc_coupling_errors_on_fac10_RP.rml
2025-02-10 20:30:08,270 - INFO - Completed: 53, remaining: 7, RAYPy_Simulation_bessy3_56m_PGM_2Perc_coupling_errors_on_fac10_RP/round_2/29_bessy3_56m_PGM_2Perc_coupling_errors_on_fac10_RP.rml
2025-02-10 20:30:08,897 - INFO - Completed: 54, remaining: 6, RAYPy_Simulation_bessy3_56m_PGM_2Perc_coupling_errors_on_fac10_RP/round_2/31_bessy3_56m_PGM_2Perc_coupling_errors_on_fac10_RP.rml
2025-02-10 20:30:09,200 - INFO - Completed: 55, remaining: 5, RAYPy_Simulation_bessy3_56m_PGM_2Perc_coupling_errors_on_fac10_RP/round_2/32_bessy3_56m_PGM_2Perc_coupling_errors_on_fac10_RP.rml
2025-02-10 20:30:09,374 - INFO - Completed: 56, remaining: 4, RAYPy_Simulation_bessy3_56m_PGM_2Perc_coupling_errors_on_fac10_RP/round_2/34_bessy3_56m_PGM_2Perc_coupling_errors_on_fac10_RP.rml
2025-02-10 20:30:09,553 - INFO - Completed: 57, remaining: 3, RAYPy_Simulation_bessy3_56m_PGM_2Perc_coupling_errors_on_fac10_RP/round_2/36_bessy3_56m_PGM_2Perc_coupling_errors_on_fac10_RP.rml
2025-02-10 20:30:09,567 - INFO - Completed: 58, remaining: 2, RAYPy_Simulation_bessy3_56m_PGM_2Perc_coupling_errors_on_fac10_RP/round_2/33_bessy3_56m_PGM_2Perc_coupling_errors_on_fac10_RP.rml
2025-02-10 20:30:09,603 - INFO - Completed: 59, remaining: 1, RAYPy_Simulation_bessy3_56m_PGM_2Perc_coupling_errors_on_fac10_RP/round_2/35_bessy3_56m_PGM_2Perc_coupling_errors_on_fac10_RP.rml
2025-02-10 20:30:09,753 - INFO - Completed: 60, remaining: 0, RAYPy_Simulation_bessy3_56m_PGM_2Perc_coupling_errors_on_fac10_RP/round_2/37_bessy3_56m_PGM_2Perc_coupling_errors_on_fac10_RP.rml
2025-02-10 20:30:09,754 - INFO - Batch Completed
2025-02-10 20:30:09,754 - INFO - Waiting For batch, 60 simulations to go
2025-02-10 20:30:09,760 - INFO - Prepared sim number: 38: RAYPy_Simulation_bessy3_56m_PGM_2Perc_coupling_errors_on_fac10_RP/round_2/38_bessy3_56m_PGM_2Perc_coupling_errors_on_fac10_RP.rml
2025-02-10 20:30:09,769 - INFO - Prepared sim number: 39: RAYPy_Simulation_bessy3_56m_PGM_2Perc_coupling_errors_on_fac10_RP/round_2/39_bessy3_56m_PGM_2Perc_coupling_errors_on_fac10_RP.rml
2025-02-10 20:30:09,777 - INFO - Prepared sim number: 40: RAYPy_Simulation_bessy3_56m_PGM_2Perc_coupling_errors_on_fac10_RP/round_2/40_bessy3_56m_PGM_2Perc_coupling_errors_on_fac10_RP.rml
2025-02-10 20:30:09,777 - INFO - Start round 3
2025-02-10 20:30:09,785 - INFO - Prepared sim number: 0: RAYPy_Simulation_bessy3_56m_PGM_2Perc_coupling_errors_on_fac10_RP/round_3/0_bessy3_56m_PGM_2Perc_coupling_errors_on_fac10_RP.rml
2025-02-10 20:30:09,793 - INFO - Prepared sim number: 1: RAYPy_Simulation_bessy3_56m_PGM_2Perc_coupling_errors_on_fac10_RP/round_3/1_bessy3_56m_PGM_2Perc_coupling_errors_on_fac10_RP.rml
2025-02-10 20:30:09,799 - INFO - Prepared sim number: 2: RAYPy_Simulation_bessy3_56m_PGM_2Perc_coupling_errors_on_fac10_RP/round_3/2_bessy3_56m_PGM_2Perc_coupling_errors_on_fac10_RP.rml
2025-02-10 20:30:09,805 - INFO - Prepared sim number: 3: RAYPy_Simulation_bessy3_56m_PGM_2Perc_coupling_errors_on_fac10_RP/round_3/3_bessy3_56m_PGM_2Perc_coupling_errors_on_fac10_RP.rml
2025-02-10 20:30:09,811 - INFO - Prepared sim number: 4: RAYPy_Simulation_bessy3_56m_PGM_2Perc_coupling_errors_on_fac10_RP/round_3/4_bessy3_56m_PGM_2Perc_coupling_errors_on_fac10_RP.rml
2025-02-10 20:30:09,817 - INFO - Prepared sim number: 5: RAYPy_Simulation_bessy3_56m_PGM_2Perc_coupling_errors_on_fac10_RP/round_3/5_bessy3_56m_PGM_2Perc_coupling_errors_on_fac10_RP.rml
2025-02-10 20:30:09,823 - INFO - Prepared sim number: 6: RAYPy_Simulation_bessy3_56m_PGM_2Perc_coupling_errors_on_fac10_RP/round_3/6_bessy3_56m_PGM_2Perc_coupling_errors_on_fac10_RP.rml
2025-02-10 20:30:09,829 - INFO - Prepared sim number: 7: RAYPy_Simulation_bessy3_56m_PGM_2Perc_coupling_errors_on_fac10_RP/round_3/7_bessy3_56m_PGM_2Perc_coupling_errors_on_fac10_RP.rml
2025-02-10 20:30:09,835 - INFO - Prepared sim number: 8: RAYPy_Simulation_bessy3_56m_PGM_2Perc_coupling_errors_on_fac10_RP/round_3/8_bessy3_56m_PGM_2Perc_coupling_errors_on_fac10_RP.rml
2025-02-10 20:30:09,841 - INFO - Prepared sim number: 9: RAYPy_Simulation_bessy3_56m_PGM_2Perc_coupling_errors_on_fac10_RP/round_3/9_bessy3_56m_PGM_2Perc_coupling_errors_on_fac10_RP.rml
2025-02-10 20:30:09,846 - INFO - Prepared sim number: 10: RAYPy_Simulation_bessy3_56m_PGM_2Perc_coupling_errors_on_fac10_RP/round_3/10_bessy3_56m_PGM_2Perc_coupling_errors_on_fac10_RP.rml
2025-02-10 20:30:09,852 - INFO - Prepared sim number: 11: RAYPy_Simulation_bessy3_56m_PGM_2Perc_coupling_errors_on_fac10_RP/round_3/11_bessy3_56m_PGM_2Perc_coupling_errors_on_fac10_RP.rml
2025-02-10 20:30:09,857 - INFO - Prepared sim number: 12: RAYPy_Simulation_bessy3_56m_PGM_2Perc_coupling_errors_on_fac10_RP/round_3/12_bessy3_56m_PGM_2Perc_coupling_errors_on_fac10_RP.rml
2025-02-10 20:30:09,863 - INFO - Prepared sim number: 13: RAYPy_Simulation_bessy3_56m_PGM_2Perc_coupling_errors_on_fac10_RP/round_3/13_bessy3_56m_PGM_2Perc_coupling_errors_on_fac10_RP.rml
2025-02-10 20:30:09,868 - INFO - Prepared sim number: 14: RAYPy_Simulation_bessy3_56m_PGM_2Perc_coupling_errors_on_fac10_RP/round_3/14_bessy3_56m_PGM_2Perc_coupling_errors_on_fac10_RP.rml
2025-02-10 20:30:09,874 - INFO - Prepared sim number: 15: RAYPy_Simulation_bessy3_56m_PGM_2Perc_coupling_errors_on_fac10_RP/round_3/15_bessy3_56m_PGM_2Perc_coupling_errors_on_fac10_RP.rml
2025-02-10 20:30:09,880 - INFO - Prepared sim number: 16: RAYPy_Simulation_bessy3_56m_PGM_2Perc_coupling_errors_on_fac10_RP/round_3/16_bessy3_56m_PGM_2Perc_coupling_errors_on_fac10_RP.rml
2025-02-10 20:30:09,884 - INFO - Prepared sim number: 17: RAYPy_Simulation_bessy3_56m_PGM_2Perc_coupling_errors_on_fac10_RP/round_3/17_bessy3_56m_PGM_2Perc_coupling_errors_on_fac10_RP.rml
2025-02-10 20:30:09,888 - INFO - Prepared sim number: 18: RAYPy_Simulation_bessy3_56m_PGM_2Perc_coupling_errors_on_fac10_RP/round_3/18_bessy3_56m_PGM_2Perc_coupling_errors_on_fac10_RP.rml
2025-02-10 20:30:09,891 - INFO - Prepared sim number: 19: RAYPy_Simulation_bessy3_56m_PGM_2Perc_coupling_errors_on_fac10_RP/round_3/19_bessy3_56m_PGM_2Perc_coupling_errors_on_fac10_RP.rml
2025-02-10 20:30:09,896 - INFO - Prepared sim number: 20: RAYPy_Simulation_bessy3_56m_PGM_2Perc_coupling_errors_on_fac10_RP/round_3/20_bessy3_56m_PGM_2Perc_coupling_errors_on_fac10_RP.rml
2025-02-10 20:30:09,899 - INFO - Prepared sim number: 21: RAYPy_Simulation_bessy3_56m_PGM_2Perc_coupling_errors_on_fac10_RP/round_3/21_bessy3_56m_PGM_2Perc_coupling_errors_on_fac10_RP.rml
2025-02-10 20:30:09,903 - INFO - Prepared sim number: 22: RAYPy_Simulation_bessy3_56m_PGM_2Perc_coupling_errors_on_fac10_RP/round_3/22_bessy3_56m_PGM_2Perc_coupling_errors_on_fac10_RP.rml
2025-02-10 20:30:09,908 - INFO - Prepared sim number: 23: RAYPy_Simulation_bessy3_56m_PGM_2Perc_coupling_errors_on_fac10_RP/round_3/23_bessy3_56m_PGM_2Perc_coupling_errors_on_fac10_RP.rml
2025-02-10 20:30:09,912 - INFO - Prepared sim number: 24: RAYPy_Simulation_bessy3_56m_PGM_2Perc_coupling_errors_on_fac10_RP/round_3/24_bessy3_56m_PGM_2Perc_coupling_errors_on_fac10_RP.rml
2025-02-10 20:30:09,916 - INFO - Prepared sim number: 25: RAYPy_Simulation_bessy3_56m_PGM_2Perc_coupling_errors_on_fac10_RP/round_3/25_bessy3_56m_PGM_2Perc_coupling_errors_on_fac10_RP.rml
2025-02-10 20:30:09,920 - INFO - Prepared sim number: 26: RAYPy_Simulation_bessy3_56m_PGM_2Perc_coupling_errors_on_fac10_RP/round_3/26_bessy3_56m_PGM_2Perc_coupling_errors_on_fac10_RP.rml
2025-02-10 20:30:09,923 - INFO - Prepared sim number: 27: RAYPy_Simulation_bessy3_56m_PGM_2Perc_coupling_errors_on_fac10_RP/round_3/27_bessy3_56m_PGM_2Perc_coupling_errors_on_fac10_RP.rml
2025-02-10 20:30:09,927 - INFO - Prepared sim number: 28: RAYPy_Simulation_bessy3_56m_PGM_2Perc_coupling_errors_on_fac10_RP/round_3/28_bessy3_56m_PGM_2Perc_coupling_errors_on_fac10_RP.rml
2025-02-10 20:30:09,930 - INFO - Prepared sim number: 29: RAYPy_Simulation_bessy3_56m_PGM_2Perc_coupling_errors_on_fac10_RP/round_3/29_bessy3_56m_PGM_2Perc_coupling_errors_on_fac10_RP.rml
2025-02-10 20:30:09,934 - INFO - Prepared sim number: 30: RAYPy_Simulation_bessy3_56m_PGM_2Perc_coupling_errors_on_fac10_RP/round_3/30_bessy3_56m_PGM_2Perc_coupling_errors_on_fac10_RP.rml
2025-02-10 20:30:09,938 - INFO - Prepared sim number: 31: RAYPy_Simulation_bessy3_56m_PGM_2Perc_coupling_errors_on_fac10_RP/round_3/31_bessy3_56m_PGM_2Perc_coupling_errors_on_fac10_RP.rml
2025-02-10 20:30:09,942 - INFO - Prepared sim number: 32: RAYPy_Simulation_bessy3_56m_PGM_2Perc_coupling_errors_on_fac10_RP/round_3/32_bessy3_56m_PGM_2Perc_coupling_errors_on_fac10_RP.rml
2025-02-10 20:30:09,945 - INFO - Prepared sim number: 33: RAYPy_Simulation_bessy3_56m_PGM_2Perc_coupling_errors_on_fac10_RP/round_3/33_bessy3_56m_PGM_2Perc_coupling_errors_on_fac10_RP.rml
2025-02-10 20:30:09,949 - INFO - Prepared sim number: 34: RAYPy_Simulation_bessy3_56m_PGM_2Perc_coupling_errors_on_fac10_RP/round_3/34_bessy3_56m_PGM_2Perc_coupling_errors_on_fac10_RP.rml
2025-02-10 20:30:09,953 - INFO - Prepared sim number: 35: RAYPy_Simulation_bessy3_56m_PGM_2Perc_coupling_errors_on_fac10_RP/round_3/35_bessy3_56m_PGM_2Perc_coupling_errors_on_fac10_RP.rml
2025-02-10 20:30:09,957 - INFO - Prepared sim number: 36: RAYPy_Simulation_bessy3_56m_PGM_2Perc_coupling_errors_on_fac10_RP/round_3/36_bessy3_56m_PGM_2Perc_coupling_errors_on_fac10_RP.rml
2025-02-10 20:30:09,960 - INFO - Prepared sim number: 37: RAYPy_Simulation_bessy3_56m_PGM_2Perc_coupling_errors_on_fac10_RP/round_3/37_bessy3_56m_PGM_2Perc_coupling_errors_on_fac10_RP.rml
2025-02-10 20:30:09,964 - INFO - Prepared sim number: 38: RAYPy_Simulation_bessy3_56m_PGM_2Perc_coupling_errors_on_fac10_RP/round_3/38_bessy3_56m_PGM_2Perc_coupling_errors_on_fac10_RP.rml
2025-02-10 20:30:09,968 - INFO - Prepared sim number: 39: RAYPy_Simulation_bessy3_56m_PGM_2Perc_coupling_errors_on_fac10_RP/round_3/39_bessy3_56m_PGM_2Perc_coupling_errors_on_fac10_RP.rml
2025-02-10 20:30:09,971 - INFO - Prepared sim number: 40: RAYPy_Simulation_bessy3_56m_PGM_2Perc_coupling_errors_on_fac10_RP/round_3/40_bessy3_56m_PGM_2Perc_coupling_errors_on_fac10_RP.rml
2025-02-10 20:30:09,972 - INFO - Start round 4
2025-02-10 20:30:09,975 - INFO - Prepared sim number: 0: RAYPy_Simulation_bessy3_56m_PGM_2Perc_coupling_errors_on_fac10_RP/round_4/0_bessy3_56m_PGM_2Perc_coupling_errors_on_fac10_RP.rml
2025-02-10 20:30:09,979 - INFO - Prepared sim number: 1: RAYPy_Simulation_bessy3_56m_PGM_2Perc_coupling_errors_on_fac10_RP/round_4/1_bessy3_56m_PGM_2Perc_coupling_errors_on_fac10_RP.rml
2025-02-10 20:30:09,983 - INFO - Prepared sim number: 2: RAYPy_Simulation_bessy3_56m_PGM_2Perc_coupling_errors_on_fac10_RP/round_4/2_bessy3_56m_PGM_2Perc_coupling_errors_on_fac10_RP.rml
2025-02-10 20:30:09,986 - INFO - Prepared sim number: 3: RAYPy_Simulation_bessy3_56m_PGM_2Perc_coupling_errors_on_fac10_RP/round_4/3_bessy3_56m_PGM_2Perc_coupling_errors_on_fac10_RP.rml
2025-02-10 20:30:09,990 - INFO - Prepared sim number: 4: RAYPy_Simulation_bessy3_56m_PGM_2Perc_coupling_errors_on_fac10_RP/round_4/4_bessy3_56m_PGM_2Perc_coupling_errors_on_fac10_RP.rml
2025-02-10 20:30:09,994 - INFO - Prepared sim number: 5: RAYPy_Simulation_bessy3_56m_PGM_2Perc_coupling_errors_on_fac10_RP/round_4/5_bessy3_56m_PGM_2Perc_coupling_errors_on_fac10_RP.rml
2025-02-10 20:30:09,997 - INFO - Prepared sim number: 6: RAYPy_Simulation_bessy3_56m_PGM_2Perc_coupling_errors_on_fac10_RP/round_4/6_bessy3_56m_PGM_2Perc_coupling_errors_on_fac10_RP.rml
2025-02-10 20:30:10,001 - INFO - Prepared sim number: 7: RAYPy_Simulation_bessy3_56m_PGM_2Perc_coupling_errors_on_fac10_RP/round_4/7_bessy3_56m_PGM_2Perc_coupling_errors_on_fac10_RP.rml
2025-02-10 20:30:10,005 - INFO - Prepared sim number: 8: RAYPy_Simulation_bessy3_56m_PGM_2Perc_coupling_errors_on_fac10_RP/round_4/8_bessy3_56m_PGM_2Perc_coupling_errors_on_fac10_RP.rml
2025-02-10 20:30:10,009 - INFO - Prepared sim number: 9: RAYPy_Simulation_bessy3_56m_PGM_2Perc_coupling_errors_on_fac10_RP/round_4/9_bessy3_56m_PGM_2Perc_coupling_errors_on_fac10_RP.rml
2025-02-10 20:30:10,012 - INFO - Prepared sim number: 10: RAYPy_Simulation_bessy3_56m_PGM_2Perc_coupling_errors_on_fac10_RP/round_4/10_bessy3_56m_PGM_2Perc_coupling_errors_on_fac10_RP.rml
2025-02-10 20:30:10,016 - INFO - Prepared sim number: 11: RAYPy_Simulation_bessy3_56m_PGM_2Perc_coupling_errors_on_fac10_RP/round_4/11_bessy3_56m_PGM_2Perc_coupling_errors_on_fac10_RP.rml
2025-02-10 20:30:10,020 - INFO - Prepared sim number: 12: RAYPy_Simulation_bessy3_56m_PGM_2Perc_coupling_errors_on_fac10_RP/round_4/12_bessy3_56m_PGM_2Perc_coupling_errors_on_fac10_RP.rml
2025-02-10 20:30:10,024 - INFO - Prepared sim number: 13: RAYPy_Simulation_bessy3_56m_PGM_2Perc_coupling_errors_on_fac10_RP/round_4/13_bessy3_56m_PGM_2Perc_coupling_errors_on_fac10_RP.rml
2025-02-10 20:30:10,028 - INFO - Prepared sim number: 14: RAYPy_Simulation_bessy3_56m_PGM_2Perc_coupling_errors_on_fac10_RP/round_4/14_bessy3_56m_PGM_2Perc_coupling_errors_on_fac10_RP.rml
2025-02-10 20:30:10,031 - INFO - Prepared sim number: 15: RAYPy_Simulation_bessy3_56m_PGM_2Perc_coupling_errors_on_fac10_RP/round_4/15_bessy3_56m_PGM_2Perc_coupling_errors_on_fac10_RP.rml
2025-02-10 20:30:10,032 - INFO - Waiting for batch number: 2, timeout: 22.78021560907364s
2025-02-10 20:30:12,835 - INFO - Completed: 1, remaining: 59, RAYPy_Simulation_bessy3_56m_PGM_2Perc_coupling_errors_on_fac10_RP/round_3/2_bessy3_56m_PGM_2Perc_coupling_errors_on_fac10_RP.rml
2025-02-10 20:30:13,010 - INFO - Completed: 2, remaining: 58, RAYPy_Simulation_bessy3_56m_PGM_2Perc_coupling_errors_on_fac10_RP/round_3/3_bessy3_56m_PGM_2Perc_coupling_errors_on_fac10_RP.rml
2025-02-10 20:30:13,130 - INFO - Completed: 3, remaining: 57, RAYPy_Simulation_bessy3_56m_PGM_2Perc_coupling_errors_on_fac10_RP/round_3/7_bessy3_56m_PGM_2Perc_coupling_errors_on_fac10_RP.rml
2025-02-10 20:30:13,196 - INFO - Completed: 4, remaining: 56, RAYPy_Simulation_bessy3_56m_PGM_2Perc_coupling_errors_on_fac10_RP/round_3/5_bessy3_56m_PGM_2Perc_coupling_errors_on_fac10_RP.rml
2025-02-10 20:30:13,329 - INFO - Completed: 5, remaining: 55, RAYPy_Simulation_bessy3_56m_PGM_2Perc_coupling_errors_on_fac10_RP/round_3/1_bessy3_56m_PGM_2Perc_coupling_errors_on_fac10_RP.rml
2025-02-10 20:30:13,346 - INFO - Completed: 6, remaining: 54, RAYPy_Simulation_bessy3_56m_PGM_2Perc_coupling_errors_on_fac10_RP/round_2/39_bessy3_56m_PGM_2Perc_coupling_errors_on_fac10_RP.rml
2025-02-10 20:30:13,536 - INFO - Completed: 7, remaining: 53, RAYPy_Simulation_bessy3_56m_PGM_2Perc_coupling_errors_on_fac10_RP/round_2/38_bessy3_56m_PGM_2Perc_coupling_errors_on_fac10_RP.rml
2025-02-10 20:30:13,555 - INFO - Completed: 8, remaining: 52, RAYPy_Simulation_bessy3_56m_PGM_2Perc_coupling_errors_on_fac10_RP/round_2/40_bessy3_56m_PGM_2Perc_coupling_errors_on_fac10_RP.rml
2025-02-10 20:30:13,822 - INFO - Completed: 9, remaining: 51, RAYPy_Simulation_bessy3_56m_PGM_2Perc_coupling_errors_on_fac10_RP/round_3/0_bessy3_56m_PGM_2Perc_coupling_errors_on_fac10_RP.rml
2025-02-10 20:30:15,608 - INFO - Completed: 10, remaining: 50, RAYPy_Simulation_bessy3_56m_PGM_2Perc_coupling_errors_on_fac10_RP/round_3/6_bessy3_56m_PGM_2Perc_coupling_errors_on_fac10_RP.rml
2025-02-10 20:30:15,630 - INFO - Completed: 11, remaining: 49, RAYPy_Simulation_bessy3_56m_PGM_2Perc_coupling_errors_on_fac10_RP/round_3/4_bessy3_56m_PGM_2Perc_coupling_errors_on_fac10_RP.rml
2025-02-10 20:30:15,754 - INFO - Completed: 12, remaining: 48, RAYPy_Simulation_bessy3_56m_PGM_2Perc_coupling_errors_on_fac10_RP/round_3/8_bessy3_56m_PGM_2Perc_coupling_errors_on_fac10_RP.rml
2025-02-10 20:30:16,289 - INFO - Completed: 13, remaining: 47, RAYPy_Simulation_bessy3_56m_PGM_2Perc_coupling_errors_on_fac10_RP/round_3/9_bessy3_56m_PGM_2Perc_coupling_errors_on_fac10_RP.rml
2025-02-10 20:30:16,500 - INFO - Completed: 14, remaining: 46, RAYPy_Simulation_bessy3_56m_PGM_2Perc_coupling_errors_on_fac10_RP/round_3/10_bessy3_56m_PGM_2Perc_coupling_errors_on_fac10_RP.rml
2025-02-10 20:30:16,856 - INFO - Completed: 15, remaining: 45, RAYPy_Simulation_bessy3_56m_PGM_2Perc_coupling_errors_on_fac10_RP/round_3/12_bessy3_56m_PGM_2Perc_coupling_errors_on_fac10_RP.rml
2025-02-10 20:30:16,879 - INFO - Completed: 16, remaining: 44, RAYPy_Simulation_bessy3_56m_PGM_2Perc_coupling_errors_on_fac10_RP/round_3/11_bessy3_56m_PGM_2Perc_coupling_errors_on_fac10_RP.rml
2025-02-10 20:30:16,973 - INFO - Completed: 17, remaining: 43, RAYPy_Simulation_bessy3_56m_PGM_2Perc_coupling_errors_on_fac10_RP/round_3/14_bessy3_56m_PGM_2Perc_coupling_errors_on_fac10_RP.rml
2025-02-10 20:30:17,058 - INFO - Completed: 18, remaining: 42, RAYPy_Simulation_bessy3_56m_PGM_2Perc_coupling_errors_on_fac10_RP/round_3/13_bessy3_56m_PGM_2Perc_coupling_errors_on_fac10_RP.rml
2025-02-10 20:30:17,244 - INFO - Completed: 19, remaining: 41, RAYPy_Simulation_bessy3_56m_PGM_2Perc_coupling_errors_on_fac10_RP/round_3/16_bessy3_56m_PGM_2Perc_coupling_errors_on_fac10_RP.rml
2025-02-10 20:30:17,568 - INFO - Completed: 20, remaining: 40, RAYPy_Simulation_bessy3_56m_PGM_2Perc_coupling_errors_on_fac10_RP/round_3/17_bessy3_56m_PGM_2Perc_coupling_errors_on_fac10_RP.rml
2025-02-10 20:30:18,080 - INFO - Completed: 21, remaining: 39, RAYPy_Simulation_bessy3_56m_PGM_2Perc_coupling_errors_on_fac10_RP/round_3/15_bessy3_56m_PGM_2Perc_coupling_errors_on_fac10_RP.rml
2025-02-10 20:30:19,300 - INFO - Completed: 22, remaining: 38, RAYPy_Simulation_bessy3_56m_PGM_2Perc_coupling_errors_on_fac10_RP/round_3/19_bessy3_56m_PGM_2Perc_coupling_errors_on_fac10_RP.rml
2025-02-10 20:30:19,567 - INFO - Completed: 23, remaining: 37, RAYPy_Simulation_bessy3_56m_PGM_2Perc_coupling_errors_on_fac10_RP/round_3/20_bessy3_56m_PGM_2Perc_coupling_errors_on_fac10_RP.rml
2025-02-10 20:30:19,583 - INFO - Completed: 24, remaining: 36, RAYPy_Simulation_bessy3_56m_PGM_2Perc_coupling_errors_on_fac10_RP/round_3/18_bessy3_56m_PGM_2Perc_coupling_errors_on_fac10_RP.rml
2025-02-10 20:30:20,089 - INFO - Completed: 25, remaining: 35, RAYPy_Simulation_bessy3_56m_PGM_2Perc_coupling_errors_on_fac10_RP/round_3/22_bessy3_56m_PGM_2Perc_coupling_errors_on_fac10_RP.rml
2025-02-10 20:30:20,302 - INFO - Completed: 26, remaining: 34, RAYPy_Simulation_bessy3_56m_PGM_2Perc_coupling_errors_on_fac10_RP/round_3/21_bessy3_56m_PGM_2Perc_coupling_errors_on_fac10_RP.rml
2025-02-10 20:30:20,569 - INFO - Completed: 27, remaining: 33, RAYPy_Simulation_bessy3_56m_PGM_2Perc_coupling_errors_on_fac10_RP/round_3/24_bessy3_56m_PGM_2Perc_coupling_errors_on_fac10_RP.rml
2025-02-10 20:30:20,658 - INFO - Completed: 28, remaining: 32, RAYPy_Simulation_bessy3_56m_PGM_2Perc_coupling_errors_on_fac10_RP/round_3/23_bessy3_56m_PGM_2Perc_coupling_errors_on_fac10_RP.rml
2025-02-10 20:30:20,772 - INFO - Completed: 29, remaining: 31, RAYPy_Simulation_bessy3_56m_PGM_2Perc_coupling_errors_on_fac10_RP/round_3/25_bessy3_56m_PGM_2Perc_coupling_errors_on_fac10_RP.rml
2025-02-10 20:30:20,947 - INFO - Completed: 30, remaining: 30, RAYPy_Simulation_bessy3_56m_PGM_2Perc_coupling_errors_on_fac10_RP/round_3/26_bessy3_56m_PGM_2Perc_coupling_errors_on_fac10_RP.rml
2025-02-10 20:30:21,298 - INFO - Completed: 31, remaining: 29, RAYPy_Simulation_bessy3_56m_PGM_2Perc_coupling_errors_on_fac10_RP/round_3/27_bessy3_56m_PGM_2Perc_coupling_errors_on_fac10_RP.rml
2025-02-10 20:30:21,304 - INFO - Completed: 32, remaining: 28, RAYPy_Simulation_bessy3_56m_PGM_2Perc_coupling_errors_on_fac10_RP/round_3/28_bessy3_56m_PGM_2Perc_coupling_errors_on_fac10_RP.rml
2025-02-10 20:30:23,023 - INFO - Completed: 33, remaining: 27, RAYPy_Simulation_bessy3_56m_PGM_2Perc_coupling_errors_on_fac10_RP/round_3/30_bessy3_56m_PGM_2Perc_coupling_errors_on_fac10_RP.rml
2025-02-10 20:30:23,243 - INFO - Completed: 34, remaining: 26, RAYPy_Simulation_bessy3_56m_PGM_2Perc_coupling_errors_on_fac10_RP/round_3/29_bessy3_56m_PGM_2Perc_coupling_errors_on_fac10_RP.rml
2025-02-10 20:30:23,424 - INFO - Completed: 35, remaining: 25, RAYPy_Simulation_bessy3_56m_PGM_2Perc_coupling_errors_on_fac10_RP/round_3/32_bessy3_56m_PGM_2Perc_coupling_errors_on_fac10_RP.rml
2025-02-10 20:30:23,529 - INFO - Completed: 36, remaining: 24, RAYPy_Simulation_bessy3_56m_PGM_2Perc_coupling_errors_on_fac10_RP/round_3/31_bessy3_56m_PGM_2Perc_coupling_errors_on_fac10_RP.rml
2025-02-10 20:30:23,728 - INFO - Completed: 37, remaining: 23, RAYPy_Simulation_bessy3_56m_PGM_2Perc_coupling_errors_on_fac10_RP/round_3/33_bessy3_56m_PGM_2Perc_coupling_errors_on_fac10_RP.rml
2025-02-10 20:30:24,023 - INFO - Completed: 38, remaining: 22, RAYPy_Simulation_bessy3_56m_PGM_2Perc_coupling_errors_on_fac10_RP/round_3/34_bessy3_56m_PGM_2Perc_coupling_errors_on_fac10_RP.rml
2025-02-10 20:30:24,139 - INFO - Completed: 39, remaining: 21, RAYPy_Simulation_bessy3_56m_PGM_2Perc_coupling_errors_on_fac10_RP/round_3/35_bessy3_56m_PGM_2Perc_coupling_errors_on_fac10_RP.rml
2025-02-10 20:30:24,361 - INFO - Completed: 40, remaining: 20, RAYPy_Simulation_bessy3_56m_PGM_2Perc_coupling_errors_on_fac10_RP/round_3/37_bessy3_56m_PGM_2Perc_coupling_errors_on_fac10_RP.rml
2025-02-10 20:30:24,739 - INFO - Completed: 41, remaining: 19, RAYPy_Simulation_bessy3_56m_PGM_2Perc_coupling_errors_on_fac10_RP/round_3/36_bessy3_56m_PGM_2Perc_coupling_errors_on_fac10_RP.rml
2025-02-10 20:30:24,926 - INFO - Completed: 42, remaining: 18, RAYPy_Simulation_bessy3_56m_PGM_2Perc_coupling_errors_on_fac10_RP/round_3/38_bessy3_56m_PGM_2Perc_coupling_errors_on_fac10_RP.rml
2025-02-10 20:30:25,085 - INFO - Completed: 43, remaining: 17, RAYPy_Simulation_bessy3_56m_PGM_2Perc_coupling_errors_on_fac10_RP/round_3/40_bessy3_56m_PGM_2Perc_coupling_errors_on_fac10_RP.rml
2025-02-10 20:30:25,178 - INFO - Completed: 44, remaining: 16, RAYPy_Simulation_bessy3_56m_PGM_2Perc_coupling_errors_on_fac10_RP/round_3/39_bessy3_56m_PGM_2Perc_coupling_errors_on_fac10_RP.rml
2025-02-10 20:30:26,655 - INFO - Completed: 45, remaining: 15, RAYPy_Simulation_bessy3_56m_PGM_2Perc_coupling_errors_on_fac10_RP/round_4/0_bessy3_56m_PGM_2Perc_coupling_errors_on_fac10_RP.rml
2025-02-10 20:30:26,663 - INFO - Completed: 46, remaining: 14, RAYPy_Simulation_bessy3_56m_PGM_2Perc_coupling_errors_on_fac10_RP/round_4/1_bessy3_56m_PGM_2Perc_coupling_errors_on_fac10_RP.rml
2025-02-10 20:30:27,055 - INFO - Completed: 47, remaining: 13, RAYPy_Simulation_bessy3_56m_PGM_2Perc_coupling_errors_on_fac10_RP/round_4/2_bessy3_56m_PGM_2Perc_coupling_errors_on_fac10_RP.rml
2025-02-10 20:30:27,234 - INFO - Completed: 48, remaining: 12, RAYPy_Simulation_bessy3_56m_PGM_2Perc_coupling_errors_on_fac10_RP/round_4/4_bessy3_56m_PGM_2Perc_coupling_errors_on_fac10_RP.rml
2025-02-10 20:30:27,379 - INFO - Completed: 49, remaining: 11, RAYPy_Simulation_bessy3_56m_PGM_2Perc_coupling_errors_on_fac10_RP/round_4/3_bessy3_56m_PGM_2Perc_coupling_errors_on_fac10_RP.rml
2025-02-10 20:30:27,465 - INFO - Completed: 50, remaining: 10, RAYPy_Simulation_bessy3_56m_PGM_2Perc_coupling_errors_on_fac10_RP/round_4/5_bessy3_56m_PGM_2Perc_coupling_errors_on_fac10_RP.rml
2025-02-10 20:30:27,587 - INFO - Completed: 51, remaining: 9, RAYPy_Simulation_bessy3_56m_PGM_2Perc_coupling_errors_on_fac10_RP/round_4/6_bessy3_56m_PGM_2Perc_coupling_errors_on_fac10_RP.rml
2025-02-10 20:30:27,761 - INFO - Completed: 52, remaining: 8, RAYPy_Simulation_bessy3_56m_PGM_2Perc_coupling_errors_on_fac10_RP/round_4/7_bessy3_56m_PGM_2Perc_coupling_errors_on_fac10_RP.rml
2025-02-10 20:30:28,307 - INFO - Completed: 53, remaining: 7, RAYPy_Simulation_bessy3_56m_PGM_2Perc_coupling_errors_on_fac10_RP/round_4/8_bessy3_56m_PGM_2Perc_coupling_errors_on_fac10_RP.rml
2025-02-10 20:30:28,313 - INFO - Completed: 54, remaining: 6, RAYPy_Simulation_bessy3_56m_PGM_2Perc_coupling_errors_on_fac10_RP/round_4/9_bessy3_56m_PGM_2Perc_coupling_errors_on_fac10_RP.rml
2025-02-10 20:30:28,478 - INFO - Completed: 55, remaining: 5, RAYPy_Simulation_bessy3_56m_PGM_2Perc_coupling_errors_on_fac10_RP/round_4/10_bessy3_56m_PGM_2Perc_coupling_errors_on_fac10_RP.rml
2025-02-10 20:30:28,510 - INFO - Completed: 56, remaining: 4, RAYPy_Simulation_bessy3_56m_PGM_2Perc_coupling_errors_on_fac10_RP/round_4/11_bessy3_56m_PGM_2Perc_coupling_errors_on_fac10_RP.rml
2025-02-10 20:30:29,255 - INFO - Completed: 57, remaining: 3, RAYPy_Simulation_bessy3_56m_PGM_2Perc_coupling_errors_on_fac10_RP/round_4/13_bessy3_56m_PGM_2Perc_coupling_errors_on_fac10_RP.rml
2025-02-10 20:30:29,497 - INFO - Completed: 58, remaining: 2, RAYPy_Simulation_bessy3_56m_PGM_2Perc_coupling_errors_on_fac10_RP/round_4/12_bessy3_56m_PGM_2Perc_coupling_errors_on_fac10_RP.rml
2025-02-10 20:30:29,523 - INFO - Completed: 59, remaining: 1, RAYPy_Simulation_bessy3_56m_PGM_2Perc_coupling_errors_on_fac10_RP/round_4/14_bessy3_56m_PGM_2Perc_coupling_errors_on_fac10_RP.rml
2025-02-10 20:30:29,686 - INFO - Completed: 60, remaining: 0, RAYPy_Simulation_bessy3_56m_PGM_2Perc_coupling_errors_on_fac10_RP/round_4/15_bessy3_56m_PGM_2Perc_coupling_errors_on_fac10_RP.rml
2025-02-10 20:30:29,686 - INFO - Batch Completed
2025-02-10 20:30:29,686 - INFO - Waiting For batch, 60 simulations to go
2025-02-10 20:30:29,693 - INFO - Prepared sim number: 16: RAYPy_Simulation_bessy3_56m_PGM_2Perc_coupling_errors_on_fac10_RP/round_4/16_bessy3_56m_PGM_2Perc_coupling_errors_on_fac10_RP.rml
2025-02-10 20:30:29,701 - INFO - Prepared sim number: 17: RAYPy_Simulation_bessy3_56m_PGM_2Perc_coupling_errors_on_fac10_RP/round_4/17_bessy3_56m_PGM_2Perc_coupling_errors_on_fac10_RP.rml
2025-02-10 20:30:29,711 - INFO - Prepared sim number: 18: RAYPy_Simulation_bessy3_56m_PGM_2Perc_coupling_errors_on_fac10_RP/round_4/18_bessy3_56m_PGM_2Perc_coupling_errors_on_fac10_RP.rml
2025-02-10 20:30:29,718 - INFO - Prepared sim number: 19: RAYPy_Simulation_bessy3_56m_PGM_2Perc_coupling_errors_on_fac10_RP/round_4/19_bessy3_56m_PGM_2Perc_coupling_errors_on_fac10_RP.rml
2025-02-10 20:30:29,724 - INFO - Prepared sim number: 20: RAYPy_Simulation_bessy3_56m_PGM_2Perc_coupling_errors_on_fac10_RP/round_4/20_bessy3_56m_PGM_2Perc_coupling_errors_on_fac10_RP.rml
2025-02-10 20:30:29,729 - INFO - Prepared sim number: 21: RAYPy_Simulation_bessy3_56m_PGM_2Perc_coupling_errors_on_fac10_RP/round_4/21_bessy3_56m_PGM_2Perc_coupling_errors_on_fac10_RP.rml
2025-02-10 20:30:29,733 - INFO - Prepared sim number: 22: RAYPy_Simulation_bessy3_56m_PGM_2Perc_coupling_errors_on_fac10_RP/round_4/22_bessy3_56m_PGM_2Perc_coupling_errors_on_fac10_RP.rml
2025-02-10 20:30:29,737 - INFO - Prepared sim number: 23: RAYPy_Simulation_bessy3_56m_PGM_2Perc_coupling_errors_on_fac10_RP/round_4/23_bessy3_56m_PGM_2Perc_coupling_errors_on_fac10_RP.rml
2025-02-10 20:30:29,740 - INFO - Prepared sim number: 24: RAYPy_Simulation_bessy3_56m_PGM_2Perc_coupling_errors_on_fac10_RP/round_4/24_bessy3_56m_PGM_2Perc_coupling_errors_on_fac10_RP.rml
2025-02-10 20:30:29,744 - INFO - Prepared sim number: 25: RAYPy_Simulation_bessy3_56m_PGM_2Perc_coupling_errors_on_fac10_RP/round_4/25_bessy3_56m_PGM_2Perc_coupling_errors_on_fac10_RP.rml
2025-02-10 20:30:29,748 - INFO - Prepared sim number: 26: RAYPy_Simulation_bessy3_56m_PGM_2Perc_coupling_errors_on_fac10_RP/round_4/26_bessy3_56m_PGM_2Perc_coupling_errors_on_fac10_RP.rml
2025-02-10 20:30:29,753 - INFO - Prepared sim number: 27: RAYPy_Simulation_bessy3_56m_PGM_2Perc_coupling_errors_on_fac10_RP/round_4/27_bessy3_56m_PGM_2Perc_coupling_errors_on_fac10_RP.rml
2025-02-10 20:30:29,757 - INFO - Prepared sim number: 28: RAYPy_Simulation_bessy3_56m_PGM_2Perc_coupling_errors_on_fac10_RP/round_4/28_bessy3_56m_PGM_2Perc_coupling_errors_on_fac10_RP.rml
2025-02-10 20:30:29,761 - INFO - Prepared sim number: 29: RAYPy_Simulation_bessy3_56m_PGM_2Perc_coupling_errors_on_fac10_RP/round_4/29_bessy3_56m_PGM_2Perc_coupling_errors_on_fac10_RP.rml
2025-02-10 20:30:29,765 - INFO - Prepared sim number: 30: RAYPy_Simulation_bessy3_56m_PGM_2Perc_coupling_errors_on_fac10_RP/round_4/30_bessy3_56m_PGM_2Perc_coupling_errors_on_fac10_RP.rml
2025-02-10 20:30:29,768 - INFO - Prepared sim number: 31: RAYPy_Simulation_bessy3_56m_PGM_2Perc_coupling_errors_on_fac10_RP/round_4/31_bessy3_56m_PGM_2Perc_coupling_errors_on_fac10_RP.rml
2025-02-10 20:30:29,772 - INFO - Prepared sim number: 32: RAYPy_Simulation_bessy3_56m_PGM_2Perc_coupling_errors_on_fac10_RP/round_4/32_bessy3_56m_PGM_2Perc_coupling_errors_on_fac10_RP.rml
2025-02-10 20:30:29,777 - INFO - Prepared sim number: 33: RAYPy_Simulation_bessy3_56m_PGM_2Perc_coupling_errors_on_fac10_RP/round_4/33_bessy3_56m_PGM_2Perc_coupling_errors_on_fac10_RP.rml
2025-02-10 20:30:29,780 - INFO - Prepared sim number: 34: RAYPy_Simulation_bessy3_56m_PGM_2Perc_coupling_errors_on_fac10_RP/round_4/34_bessy3_56m_PGM_2Perc_coupling_errors_on_fac10_RP.rml
2025-02-10 20:30:29,784 - INFO - Prepared sim number: 35: RAYPy_Simulation_bessy3_56m_PGM_2Perc_coupling_errors_on_fac10_RP/round_4/35_bessy3_56m_PGM_2Perc_coupling_errors_on_fac10_RP.rml
2025-02-10 20:30:29,788 - INFO - Prepared sim number: 36: RAYPy_Simulation_bessy3_56m_PGM_2Perc_coupling_errors_on_fac10_RP/round_4/36_bessy3_56m_PGM_2Perc_coupling_errors_on_fac10_RP.rml
2025-02-10 20:30:29,791 - INFO - Prepared sim number: 37: RAYPy_Simulation_bessy3_56m_PGM_2Perc_coupling_errors_on_fac10_RP/round_4/37_bessy3_56m_PGM_2Perc_coupling_errors_on_fac10_RP.rml
2025-02-10 20:30:29,796 - INFO - Prepared sim number: 38: RAYPy_Simulation_bessy3_56m_PGM_2Perc_coupling_errors_on_fac10_RP/round_4/38_bessy3_56m_PGM_2Perc_coupling_errors_on_fac10_RP.rml
2025-02-10 20:30:29,800 - INFO - Prepared sim number: 39: RAYPy_Simulation_bessy3_56m_PGM_2Perc_coupling_errors_on_fac10_RP/round_4/39_bessy3_56m_PGM_2Perc_coupling_errors_on_fac10_RP.rml
2025-02-10 20:30:29,803 - INFO - Prepared sim number: 40: RAYPy_Simulation_bessy3_56m_PGM_2Perc_coupling_errors_on_fac10_RP/round_4/40_bessy3_56m_PGM_2Perc_coupling_errors_on_fac10_RP.rml
2025-02-10 20:30:29,803 - INFO - Start round 5
2025-02-10 20:30:29,807 - INFO - Prepared sim number: 0: RAYPy_Simulation_bessy3_56m_PGM_2Perc_coupling_errors_on_fac10_RP/round_5/0_bessy3_56m_PGM_2Perc_coupling_errors_on_fac10_RP.rml
2025-02-10 20:30:29,813 - INFO - Prepared sim number: 1: RAYPy_Simulation_bessy3_56m_PGM_2Perc_coupling_errors_on_fac10_RP/round_5/1_bessy3_56m_PGM_2Perc_coupling_errors_on_fac10_RP.rml
2025-02-10 20:30:29,818 - INFO - Prepared sim number: 2: RAYPy_Simulation_bessy3_56m_PGM_2Perc_coupling_errors_on_fac10_RP/round_5/2_bessy3_56m_PGM_2Perc_coupling_errors_on_fac10_RP.rml
2025-02-10 20:30:29,825 - INFO - Prepared sim number: 3: RAYPy_Simulation_bessy3_56m_PGM_2Perc_coupling_errors_on_fac10_RP/round_5/3_bessy3_56m_PGM_2Perc_coupling_errors_on_fac10_RP.rml
2025-02-10 20:30:29,832 - INFO - Prepared sim number: 4: RAYPy_Simulation_bessy3_56m_PGM_2Perc_coupling_errors_on_fac10_RP/round_5/4_bessy3_56m_PGM_2Perc_coupling_errors_on_fac10_RP.rml
2025-02-10 20:30:29,839 - INFO - Prepared sim number: 5: RAYPy_Simulation_bessy3_56m_PGM_2Perc_coupling_errors_on_fac10_RP/round_5/5_bessy3_56m_PGM_2Perc_coupling_errors_on_fac10_RP.rml
2025-02-10 20:30:29,845 - INFO - Prepared sim number: 6: RAYPy_Simulation_bessy3_56m_PGM_2Perc_coupling_errors_on_fac10_RP/round_5/6_bessy3_56m_PGM_2Perc_coupling_errors_on_fac10_RP.rml
2025-02-10 20:30:29,850 - INFO - Prepared sim number: 7: RAYPy_Simulation_bessy3_56m_PGM_2Perc_coupling_errors_on_fac10_RP/round_5/7_bessy3_56m_PGM_2Perc_coupling_errors_on_fac10_RP.rml
2025-02-10 20:30:29,856 - INFO - Prepared sim number: 8: RAYPy_Simulation_bessy3_56m_PGM_2Perc_coupling_errors_on_fac10_RP/round_5/8_bessy3_56m_PGM_2Perc_coupling_errors_on_fac10_RP.rml
2025-02-10 20:30:29,861 - INFO - Prepared sim number: 9: RAYPy_Simulation_bessy3_56m_PGM_2Perc_coupling_errors_on_fac10_RP/round_5/9_bessy3_56m_PGM_2Perc_coupling_errors_on_fac10_RP.rml
2025-02-10 20:30:29,867 - INFO - Prepared sim number: 10: RAYPy_Simulation_bessy3_56m_PGM_2Perc_coupling_errors_on_fac10_RP/round_5/10_bessy3_56m_PGM_2Perc_coupling_errors_on_fac10_RP.rml
2025-02-10 20:30:29,872 - INFO - Prepared sim number: 11: RAYPy_Simulation_bessy3_56m_PGM_2Perc_coupling_errors_on_fac10_RP/round_5/11_bessy3_56m_PGM_2Perc_coupling_errors_on_fac10_RP.rml
2025-02-10 20:30:29,877 - INFO - Prepared sim number: 12: RAYPy_Simulation_bessy3_56m_PGM_2Perc_coupling_errors_on_fac10_RP/round_5/12_bessy3_56m_PGM_2Perc_coupling_errors_on_fac10_RP.rml
2025-02-10 20:30:29,884 - INFO - Prepared sim number: 13: RAYPy_Simulation_bessy3_56m_PGM_2Perc_coupling_errors_on_fac10_RP/round_5/13_bessy3_56m_PGM_2Perc_coupling_errors_on_fac10_RP.rml
2025-02-10 20:30:29,889 - INFO - Prepared sim number: 14: RAYPy_Simulation_bessy3_56m_PGM_2Perc_coupling_errors_on_fac10_RP/round_5/14_bessy3_56m_PGM_2Perc_coupling_errors_on_fac10_RP.rml
2025-02-10 20:30:29,895 - INFO - Prepared sim number: 15: RAYPy_Simulation_bessy3_56m_PGM_2Perc_coupling_errors_on_fac10_RP/round_5/15_bessy3_56m_PGM_2Perc_coupling_errors_on_fac10_RP.rml
2025-02-10 20:30:29,899 - INFO - Prepared sim number: 16: RAYPy_Simulation_bessy3_56m_PGM_2Perc_coupling_errors_on_fac10_RP/round_5/16_bessy3_56m_PGM_2Perc_coupling_errors_on_fac10_RP.rml
2025-02-10 20:30:29,906 - INFO - Prepared sim number: 17: RAYPy_Simulation_bessy3_56m_PGM_2Perc_coupling_errors_on_fac10_RP/round_5/17_bessy3_56m_PGM_2Perc_coupling_errors_on_fac10_RP.rml
2025-02-10 20:30:29,913 - INFO - Prepared sim number: 18: RAYPy_Simulation_bessy3_56m_PGM_2Perc_coupling_errors_on_fac10_RP/round_5/18_bessy3_56m_PGM_2Perc_coupling_errors_on_fac10_RP.rml
2025-02-10 20:30:29,921 - INFO - Prepared sim number: 19: RAYPy_Simulation_bessy3_56m_PGM_2Perc_coupling_errors_on_fac10_RP/round_5/19_bessy3_56m_PGM_2Perc_coupling_errors_on_fac10_RP.rml
2025-02-10 20:30:29,930 - INFO - Prepared sim number: 20: RAYPy_Simulation_bessy3_56m_PGM_2Perc_coupling_errors_on_fac10_RP/round_5/20_bessy3_56m_PGM_2Perc_coupling_errors_on_fac10_RP.rml
2025-02-10 20:30:29,940 - INFO - Prepared sim number: 21: RAYPy_Simulation_bessy3_56m_PGM_2Perc_coupling_errors_on_fac10_RP/round_5/21_bessy3_56m_PGM_2Perc_coupling_errors_on_fac10_RP.rml
2025-02-10 20:30:29,951 - INFO - Prepared sim number: 22: RAYPy_Simulation_bessy3_56m_PGM_2Perc_coupling_errors_on_fac10_RP/round_5/22_bessy3_56m_PGM_2Perc_coupling_errors_on_fac10_RP.rml
2025-02-10 20:30:29,961 - INFO - Prepared sim number: 23: RAYPy_Simulation_bessy3_56m_PGM_2Perc_coupling_errors_on_fac10_RP/round_5/23_bessy3_56m_PGM_2Perc_coupling_errors_on_fac10_RP.rml
2025-02-10 20:30:29,974 - INFO - Prepared sim number: 24: RAYPy_Simulation_bessy3_56m_PGM_2Perc_coupling_errors_on_fac10_RP/round_5/24_bessy3_56m_PGM_2Perc_coupling_errors_on_fac10_RP.rml
2025-02-10 20:30:29,985 - INFO - Prepared sim number: 25: RAYPy_Simulation_bessy3_56m_PGM_2Perc_coupling_errors_on_fac10_RP/round_5/25_bessy3_56m_PGM_2Perc_coupling_errors_on_fac10_RP.rml
2025-02-10 20:30:29,997 - INFO - Prepared sim number: 26: RAYPy_Simulation_bessy3_56m_PGM_2Perc_coupling_errors_on_fac10_RP/round_5/26_bessy3_56m_PGM_2Perc_coupling_errors_on_fac10_RP.rml
2025-02-10 20:30:30,008 - INFO - Prepared sim number: 27: RAYPy_Simulation_bessy3_56m_PGM_2Perc_coupling_errors_on_fac10_RP/round_5/27_bessy3_56m_PGM_2Perc_coupling_errors_on_fac10_RP.rml
2025-02-10 20:30:30,019 - INFO - Prepared sim number: 28: RAYPy_Simulation_bessy3_56m_PGM_2Perc_coupling_errors_on_fac10_RP/round_5/28_bessy3_56m_PGM_2Perc_coupling_errors_on_fac10_RP.rml
2025-02-10 20:30:30,031 - INFO - Prepared sim number: 29: RAYPy_Simulation_bessy3_56m_PGM_2Perc_coupling_errors_on_fac10_RP/round_5/29_bessy3_56m_PGM_2Perc_coupling_errors_on_fac10_RP.rml
2025-02-10 20:30:30,043 - INFO - Prepared sim number: 30: RAYPy_Simulation_bessy3_56m_PGM_2Perc_coupling_errors_on_fac10_RP/round_5/30_bessy3_56m_PGM_2Perc_coupling_errors_on_fac10_RP.rml
2025-02-10 20:30:30,055 - INFO - Prepared sim number: 31: RAYPy_Simulation_bessy3_56m_PGM_2Perc_coupling_errors_on_fac10_RP/round_5/31_bessy3_56m_PGM_2Perc_coupling_errors_on_fac10_RP.rml
2025-02-10 20:30:30,066 - INFO - Prepared sim number: 32: RAYPy_Simulation_bessy3_56m_PGM_2Perc_coupling_errors_on_fac10_RP/round_5/32_bessy3_56m_PGM_2Perc_coupling_errors_on_fac10_RP.rml
2025-02-10 20:30:30,078 - INFO - Prepared sim number: 33: RAYPy_Simulation_bessy3_56m_PGM_2Perc_coupling_errors_on_fac10_RP/round_5/33_bessy3_56m_PGM_2Perc_coupling_errors_on_fac10_RP.rml
2025-02-10 20:30:30,088 - INFO - Prepared sim number: 34: RAYPy_Simulation_bessy3_56m_PGM_2Perc_coupling_errors_on_fac10_RP/round_5/34_bessy3_56m_PGM_2Perc_coupling_errors_on_fac10_RP.rml
2025-02-10 20:30:30,090 - INFO - Waiting for batch number: 3, timeout: 22.564050738016768s
2025-02-10 20:30:33,136 - INFO - Completed: 1, remaining: 59, RAYPy_Simulation_bessy3_56m_PGM_2Perc_coupling_errors_on_fac10_RP/round_4/17_bessy3_56m_PGM_2Perc_coupling_errors_on_fac10_RP.rml
2025-02-10 20:30:33,172 - INFO - Completed: 2, remaining: 58, RAYPy_Simulation_bessy3_56m_PGM_2Perc_coupling_errors_on_fac10_RP/round_4/25_bessy3_56m_PGM_2Perc_coupling_errors_on_fac10_RP.rml
2025-02-10 20:30:33,317 - INFO - Completed: 3, remaining: 57, RAYPy_Simulation_bessy3_56m_PGM_2Perc_coupling_errors_on_fac10_RP/round_4/20_bessy3_56m_PGM_2Perc_coupling_errors_on_fac10_RP.rml
2025-02-10 20:30:33,346 - INFO - Completed: 4, remaining: 56, RAYPy_Simulation_bessy3_56m_PGM_2Perc_coupling_errors_on_fac10_RP/round_4/21_bessy3_56m_PGM_2Perc_coupling_errors_on_fac10_RP.rml
2025-02-10 20:30:33,370 - INFO - Completed: 5, remaining: 55, RAYPy_Simulation_bessy3_56m_PGM_2Perc_coupling_errors_on_fac10_RP/round_4/23_bessy3_56m_PGM_2Perc_coupling_errors_on_fac10_RP.rml
2025-02-10 20:30:33,377 - INFO - Completed: 6, remaining: 54, RAYPy_Simulation_bessy3_56m_PGM_2Perc_coupling_errors_on_fac10_RP/round_4/26_bessy3_56m_PGM_2Perc_coupling_errors_on_fac10_RP.rml
2025-02-10 20:30:33,605 - INFO - Completed: 7, remaining: 53, RAYPy_Simulation_bessy3_56m_PGM_2Perc_coupling_errors_on_fac10_RP/round_4/27_bessy3_56m_PGM_2Perc_coupling_errors_on_fac10_RP.rml
2025-02-10 20:30:33,747 - INFO - Completed: 8, remaining: 52, RAYPy_Simulation_bessy3_56m_PGM_2Perc_coupling_errors_on_fac10_RP/round_4/18_bessy3_56m_PGM_2Perc_coupling_errors_on_fac10_RP.rml
2025-02-10 20:30:35,610 - INFO - Completed: 9, remaining: 51, RAYPy_Simulation_bessy3_56m_PGM_2Perc_coupling_errors_on_fac10_RP/round_4/19_bessy3_56m_PGM_2Perc_coupling_errors_on_fac10_RP.rml
2025-02-10 20:30:35,693 - INFO - Completed: 10, remaining: 50, RAYPy_Simulation_bessy3_56m_PGM_2Perc_coupling_errors_on_fac10_RP/round_4/16_bessy3_56m_PGM_2Perc_coupling_errors_on_fac10_RP.rml
2025-02-10 20:30:36,152 - INFO - Completed: 11, remaining: 49, RAYPy_Simulation_bessy3_56m_PGM_2Perc_coupling_errors_on_fac10_RP/round_4/24_bessy3_56m_PGM_2Perc_coupling_errors_on_fac10_RP.rml
2025-02-10 20:30:36,318 - INFO - Completed: 12, remaining: 48, RAYPy_Simulation_bessy3_56m_PGM_2Perc_coupling_errors_on_fac10_RP/round_4/22_bessy3_56m_PGM_2Perc_coupling_errors_on_fac10_RP.rml
2025-02-10 20:30:36,993 - INFO - Completed: 13, remaining: 47, RAYPy_Simulation_bessy3_56m_PGM_2Perc_coupling_errors_on_fac10_RP/round_4/29_bessy3_56m_PGM_2Perc_coupling_errors_on_fac10_RP.rml
2025-02-10 20:30:37,017 - INFO - Completed: 14, remaining: 46, RAYPy_Simulation_bessy3_56m_PGM_2Perc_coupling_errors_on_fac10_RP/round_4/30_bessy3_56m_PGM_2Perc_coupling_errors_on_fac10_RP.rml
2025-02-10 20:30:37,074 - INFO - Completed: 15, remaining: 45, RAYPy_Simulation_bessy3_56m_PGM_2Perc_coupling_errors_on_fac10_RP/round_4/31_bessy3_56m_PGM_2Perc_coupling_errors_on_fac10_RP.rml
2025-02-10 20:30:37,131 - INFO - Completed: 16, remaining: 44, RAYPy_Simulation_bessy3_56m_PGM_2Perc_coupling_errors_on_fac10_RP/round_4/28_bessy3_56m_PGM_2Perc_coupling_errors_on_fac10_RP.rml
2025-02-10 20:30:37,186 - INFO - Completed: 17, remaining: 43, RAYPy_Simulation_bessy3_56m_PGM_2Perc_coupling_errors_on_fac10_RP/round_4/33_bessy3_56m_PGM_2Perc_coupling_errors_on_fac10_RP.rml
2025-02-10 20:30:37,439 - INFO - Completed: 18, remaining: 42, RAYPy_Simulation_bessy3_56m_PGM_2Perc_coupling_errors_on_fac10_RP/round_4/32_bessy3_56m_PGM_2Perc_coupling_errors_on_fac10_RP.rml
2025-02-10 20:30:37,525 - INFO - Completed: 19, remaining: 41, RAYPy_Simulation_bessy3_56m_PGM_2Perc_coupling_errors_on_fac10_RP/round_4/35_bessy3_56m_PGM_2Perc_coupling_errors_on_fac10_RP.rml
2025-02-10 20:30:37,659 - INFO - Completed: 20, remaining: 40, RAYPy_Simulation_bessy3_56m_PGM_2Perc_coupling_errors_on_fac10_RP/round_4/34_bessy3_56m_PGM_2Perc_coupling_errors_on_fac10_RP.rml
2025-02-10 20:30:39,452 - INFO - Completed: 21, remaining: 39, RAYPy_Simulation_bessy3_56m_PGM_2Perc_coupling_errors_on_fac10_RP/round_4/36_bessy3_56m_PGM_2Perc_coupling_errors_on_fac10_RP.rml
2025-02-10 20:30:39,649 - INFO - Completed: 22, remaining: 38, RAYPy_Simulation_bessy3_56m_PGM_2Perc_coupling_errors_on_fac10_RP/round_4/37_bessy3_56m_PGM_2Perc_coupling_errors_on_fac10_RP.rml
2025-02-10 20:30:39,915 - INFO - Completed: 23, remaining: 37, RAYPy_Simulation_bessy3_56m_PGM_2Perc_coupling_errors_on_fac10_RP/round_4/38_bessy3_56m_PGM_2Perc_coupling_errors_on_fac10_RP.rml
2025-02-10 20:30:39,937 - INFO - Completed: 24, remaining: 36, RAYPy_Simulation_bessy3_56m_PGM_2Perc_coupling_errors_on_fac10_RP/round_4/39_bessy3_56m_PGM_2Perc_coupling_errors_on_fac10_RP.rml
2025-02-10 20:30:40,290 - INFO - Completed: 25, remaining: 35, RAYPy_Simulation_bessy3_56m_PGM_2Perc_coupling_errors_on_fac10_RP/round_5/0_bessy3_56m_PGM_2Perc_coupling_errors_on_fac10_RP.rml
2025-02-10 20:30:40,484 - INFO - Completed: 26, remaining: 34, RAYPy_Simulation_bessy3_56m_PGM_2Perc_coupling_errors_on_fac10_RP/round_5/1_bessy3_56m_PGM_2Perc_coupling_errors_on_fac10_RP.rml
2025-02-10 20:30:40,652 - INFO - Completed: 27, remaining: 33, RAYPy_Simulation_bessy3_56m_PGM_2Perc_coupling_errors_on_fac10_RP/round_4/40_bessy3_56m_PGM_2Perc_coupling_errors_on_fac10_RP.rml
2025-02-10 20:30:40,970 - INFO - Completed: 28, remaining: 32, RAYPy_Simulation_bessy3_56m_PGM_2Perc_coupling_errors_on_fac10_RP/round_5/3_bessy3_56m_PGM_2Perc_coupling_errors_on_fac10_RP.rml
2025-02-10 20:30:41,027 - INFO - Completed: 29, remaining: 31, RAYPy_Simulation_bessy3_56m_PGM_2Perc_coupling_errors_on_fac10_RP/round_5/5_bessy3_56m_PGM_2Perc_coupling_errors_on_fac10_RP.rml
2025-02-10 20:30:41,057 - INFO - Completed: 30, remaining: 30, RAYPy_Simulation_bessy3_56m_PGM_2Perc_coupling_errors_on_fac10_RP/round_5/4_bessy3_56m_PGM_2Perc_coupling_errors_on_fac10_RP.rml
2025-02-10 20:30:41,315 - INFO - Completed: 31, remaining: 29, RAYPy_Simulation_bessy3_56m_PGM_2Perc_coupling_errors_on_fac10_RP/round_5/6_bessy3_56m_PGM_2Perc_coupling_errors_on_fac10_RP.rml
2025-02-10 20:30:41,595 - INFO - Completed: 32, remaining: 28, RAYPy_Simulation_bessy3_56m_PGM_2Perc_coupling_errors_on_fac10_RP/round_5/2_bessy3_56m_PGM_2Perc_coupling_errors_on_fac10_RP.rml
2025-02-10 20:30:42,991 - INFO - Completed: 33, remaining: 27, RAYPy_Simulation_bessy3_56m_PGM_2Perc_coupling_errors_on_fac10_RP/round_5/7_bessy3_56m_PGM_2Perc_coupling_errors_on_fac10_RP.rml
2025-02-10 20:30:43,164 - INFO - Completed: 34, remaining: 26, RAYPy_Simulation_bessy3_56m_PGM_2Perc_coupling_errors_on_fac10_RP/round_5/8_bessy3_56m_PGM_2Perc_coupling_errors_on_fac10_RP.rml
2025-02-10 20:30:43,471 - INFO - Completed: 35, remaining: 25, RAYPy_Simulation_bessy3_56m_PGM_2Perc_coupling_errors_on_fac10_RP/round_5/10_bessy3_56m_PGM_2Perc_coupling_errors_on_fac10_RP.rml
2025-02-10 20:30:43,610 - INFO - Completed: 36, remaining: 24, RAYPy_Simulation_bessy3_56m_PGM_2Perc_coupling_errors_on_fac10_RP/round_5/9_bessy3_56m_PGM_2Perc_coupling_errors_on_fac10_RP.rml
2025-02-10 20:30:43,928 - INFO - Completed: 37, remaining: 23, RAYPy_Simulation_bessy3_56m_PGM_2Perc_coupling_errors_on_fac10_RP/round_5/12_bessy3_56m_PGM_2Perc_coupling_errors_on_fac10_RP.rml
2025-02-10 20:30:44,105 - INFO - Completed: 38, remaining: 22, RAYPy_Simulation_bessy3_56m_PGM_2Perc_coupling_errors_on_fac10_RP/round_5/13_bessy3_56m_PGM_2Perc_coupling_errors_on_fac10_RP.rml
2025-02-10 20:30:44,507 - INFO - Completed: 39, remaining: 21, RAYPy_Simulation_bessy3_56m_PGM_2Perc_coupling_errors_on_fac10_RP/round_5/11_bessy3_56m_PGM_2Perc_coupling_errors_on_fac10_RP.rml
2025-02-10 20:30:44,620 - INFO - Completed: 40, remaining: 20, RAYPy_Simulation_bessy3_56m_PGM_2Perc_coupling_errors_on_fac10_RP/round_5/15_bessy3_56m_PGM_2Perc_coupling_errors_on_fac10_RP.rml
2025-02-10 20:30:44,641 - INFO - Completed: 41, remaining: 19, RAYPy_Simulation_bessy3_56m_PGM_2Perc_coupling_errors_on_fac10_RP/round_5/16_bessy3_56m_PGM_2Perc_coupling_errors_on_fac10_RP.rml
2025-02-10 20:30:44,817 - INFO - Completed: 42, remaining: 18, RAYPy_Simulation_bessy3_56m_PGM_2Perc_coupling_errors_on_fac10_RP/round_5/14_bessy3_56m_PGM_2Perc_coupling_errors_on_fac10_RP.rml
2025-02-10 20:30:44,835 - INFO - Completed: 43, remaining: 17, RAYPy_Simulation_bessy3_56m_PGM_2Perc_coupling_errors_on_fac10_RP/round_5/17_bessy3_56m_PGM_2Perc_coupling_errors_on_fac10_RP.rml
2025-02-10 20:30:45,158 - INFO - Completed: 44, remaining: 16, RAYPy_Simulation_bessy3_56m_PGM_2Perc_coupling_errors_on_fac10_RP/round_5/18_bessy3_56m_PGM_2Perc_coupling_errors_on_fac10_RP.rml
2025-02-10 20:30:46,457 - INFO - Completed: 45, remaining: 15, RAYPy_Simulation_bessy3_56m_PGM_2Perc_coupling_errors_on_fac10_RP/round_5/19_bessy3_56m_PGM_2Perc_coupling_errors_on_fac10_RP.rml
2025-02-10 20:30:46,705 - INFO - Completed: 46, remaining: 14, RAYPy_Simulation_bessy3_56m_PGM_2Perc_coupling_errors_on_fac10_RP/round_5/20_bessy3_56m_PGM_2Perc_coupling_errors_on_fac10_RP.rml
2025-02-10 20:30:46,952 - INFO - Completed: 47, remaining: 13, RAYPy_Simulation_bessy3_56m_PGM_2Perc_coupling_errors_on_fac10_RP/round_5/21_bessy3_56m_PGM_2Perc_coupling_errors_on_fac10_RP.rml
2025-02-10 20:30:47,325 - INFO - Completed: 48, remaining: 12, RAYPy_Simulation_bessy3_56m_PGM_2Perc_coupling_errors_on_fac10_RP/round_5/22_bessy3_56m_PGM_2Perc_coupling_errors_on_fac10_RP.rml
2025-02-10 20:30:47,436 - INFO - Completed: 49, remaining: 11, RAYPy_Simulation_bessy3_56m_PGM_2Perc_coupling_errors_on_fac10_RP/round_5/23_bessy3_56m_PGM_2Perc_coupling_errors_on_fac10_RP.rml
2025-02-10 20:30:47,634 - INFO - Completed: 50, remaining: 10, RAYPy_Simulation_bessy3_56m_PGM_2Perc_coupling_errors_on_fac10_RP/round_5/24_bessy3_56m_PGM_2Perc_coupling_errors_on_fac10_RP.rml
2025-02-10 20:30:47,951 - INFO - Completed: 51, remaining: 9, RAYPy_Simulation_bessy3_56m_PGM_2Perc_coupling_errors_on_fac10_RP/round_5/25_bessy3_56m_PGM_2Perc_coupling_errors_on_fac10_RP.rml
2025-02-10 20:30:48,337 - INFO - Completed: 52, remaining: 8, RAYPy_Simulation_bessy3_56m_PGM_2Perc_coupling_errors_on_fac10_RP/round_5/27_bessy3_56m_PGM_2Perc_coupling_errors_on_fac10_RP.rml
2025-02-10 20:30:48,438 - INFO - Completed: 53, remaining: 7, RAYPy_Simulation_bessy3_56m_PGM_2Perc_coupling_errors_on_fac10_RP/round_5/26_bessy3_56m_PGM_2Perc_coupling_errors_on_fac10_RP.rml
2025-02-10 20:30:48,603 - INFO - Completed: 54, remaining: 6, RAYPy_Simulation_bessy3_56m_PGM_2Perc_coupling_errors_on_fac10_RP/round_5/29_bessy3_56m_PGM_2Perc_coupling_errors_on_fac10_RP.rml
2025-02-10 20:30:48,721 - INFO - Completed: 55, remaining: 5, RAYPy_Simulation_bessy3_56m_PGM_2Perc_coupling_errors_on_fac10_RP/round_5/30_bessy3_56m_PGM_2Perc_coupling_errors_on_fac10_RP.rml
2025-02-10 20:30:48,864 - INFO - Completed: 56, remaining: 4, RAYPy_Simulation_bessy3_56m_PGM_2Perc_coupling_errors_on_fac10_RP/round_5/28_bessy3_56m_PGM_2Perc_coupling_errors_on_fac10_RP.rml
2025-02-10 20:30:49,558 - INFO - Completed: 57, remaining: 3, RAYPy_Simulation_bessy3_56m_PGM_2Perc_coupling_errors_on_fac10_RP/round_5/31_bessy3_56m_PGM_2Perc_coupling_errors_on_fac10_RP.rml
2025-02-10 20:30:49,687 - INFO - Completed: 58, remaining: 2, RAYPy_Simulation_bessy3_56m_PGM_2Perc_coupling_errors_on_fac10_RP/round_5/32_bessy3_56m_PGM_2Perc_coupling_errors_on_fac10_RP.rml
2025-02-10 20:30:49,975 - INFO - Completed: 59, remaining: 1, RAYPy_Simulation_bessy3_56m_PGM_2Perc_coupling_errors_on_fac10_RP/round_5/34_bessy3_56m_PGM_2Perc_coupling_errors_on_fac10_RP.rml
2025-02-10 20:30:50,353 - INFO - Completed: 60, remaining: 0, RAYPy_Simulation_bessy3_56m_PGM_2Perc_coupling_errors_on_fac10_RP/round_5/33_bessy3_56m_PGM_2Perc_coupling_errors_on_fac10_RP.rml
2025-02-10 20:30:50,354 - INFO - Batch Completed
2025-02-10 20:30:50,354 - INFO - Waiting For batch, 60 simulations to go
2025-02-10 20:30:50,364 - INFO - Prepared sim number: 35: RAYPy_Simulation_bessy3_56m_PGM_2Perc_coupling_errors_on_fac10_RP/round_5/35_bessy3_56m_PGM_2Perc_coupling_errors_on_fac10_RP.rml
2025-02-10 20:30:50,375 - INFO - Prepared sim number: 36: RAYPy_Simulation_bessy3_56m_PGM_2Perc_coupling_errors_on_fac10_RP/round_5/36_bessy3_56m_PGM_2Perc_coupling_errors_on_fac10_RP.rml
2025-02-10 20:30:50,384 - INFO - Prepared sim number: 37: RAYPy_Simulation_bessy3_56m_PGM_2Perc_coupling_errors_on_fac10_RP/round_5/37_bessy3_56m_PGM_2Perc_coupling_errors_on_fac10_RP.rml
2025-02-10 20:30:50,392 - INFO - Prepared sim number: 38: RAYPy_Simulation_bessy3_56m_PGM_2Perc_coupling_errors_on_fac10_RP/round_5/38_bessy3_56m_PGM_2Perc_coupling_errors_on_fac10_RP.rml
2025-02-10 20:30:50,400 - INFO - Prepared sim number: 39: RAYPy_Simulation_bessy3_56m_PGM_2Perc_coupling_errors_on_fac10_RP/round_5/39_bessy3_56m_PGM_2Perc_coupling_errors_on_fac10_RP.rml
2025-02-10 20:30:50,408 - INFO - Prepared sim number: 40: RAYPy_Simulation_bessy3_56m_PGM_2Perc_coupling_errors_on_fac10_RP/round_5/40_bessy3_56m_PGM_2Perc_coupling_errors_on_fac10_RP.rml
2025-02-10 20:30:50,408 - INFO - Start round 6
2025-02-10 20:30:50,418 - INFO - Prepared sim number: 0: RAYPy_Simulation_bessy3_56m_PGM_2Perc_coupling_errors_on_fac10_RP/round_6/0_bessy3_56m_PGM_2Perc_coupling_errors_on_fac10_RP.rml
2025-02-10 20:30:50,426 - INFO - Prepared sim number: 1: RAYPy_Simulation_bessy3_56m_PGM_2Perc_coupling_errors_on_fac10_RP/round_6/1_bessy3_56m_PGM_2Perc_coupling_errors_on_fac10_RP.rml
2025-02-10 20:30:50,433 - INFO - Prepared sim number: 2: RAYPy_Simulation_bessy3_56m_PGM_2Perc_coupling_errors_on_fac10_RP/round_6/2_bessy3_56m_PGM_2Perc_coupling_errors_on_fac10_RP.rml
2025-02-10 20:30:50,442 - INFO - Prepared sim number: 3: RAYPy_Simulation_bessy3_56m_PGM_2Perc_coupling_errors_on_fac10_RP/round_6/3_bessy3_56m_PGM_2Perc_coupling_errors_on_fac10_RP.rml
2025-02-10 20:30:50,449 - INFO - Prepared sim number: 4: RAYPy_Simulation_bessy3_56m_PGM_2Perc_coupling_errors_on_fac10_RP/round_6/4_bessy3_56m_PGM_2Perc_coupling_errors_on_fac10_RP.rml
2025-02-10 20:30:50,456 - INFO - Prepared sim number: 5: RAYPy_Simulation_bessy3_56m_PGM_2Perc_coupling_errors_on_fac10_RP/round_6/5_bessy3_56m_PGM_2Perc_coupling_errors_on_fac10_RP.rml
2025-02-10 20:30:50,463 - INFO - Prepared sim number: 6: RAYPy_Simulation_bessy3_56m_PGM_2Perc_coupling_errors_on_fac10_RP/round_6/6_bessy3_56m_PGM_2Perc_coupling_errors_on_fac10_RP.rml
2025-02-10 20:30:50,471 - INFO - Prepared sim number: 7: RAYPy_Simulation_bessy3_56m_PGM_2Perc_coupling_errors_on_fac10_RP/round_6/7_bessy3_56m_PGM_2Perc_coupling_errors_on_fac10_RP.rml
2025-02-10 20:30:50,480 - INFO - Prepared sim number: 8: RAYPy_Simulation_bessy3_56m_PGM_2Perc_coupling_errors_on_fac10_RP/round_6/8_bessy3_56m_PGM_2Perc_coupling_errors_on_fac10_RP.rml
2025-02-10 20:30:50,486 - INFO - Prepared sim number: 9: RAYPy_Simulation_bessy3_56m_PGM_2Perc_coupling_errors_on_fac10_RP/round_6/9_bessy3_56m_PGM_2Perc_coupling_errors_on_fac10_RP.rml
2025-02-10 20:30:50,493 - INFO - Prepared sim number: 10: RAYPy_Simulation_bessy3_56m_PGM_2Perc_coupling_errors_on_fac10_RP/round_6/10_bessy3_56m_PGM_2Perc_coupling_errors_on_fac10_RP.rml
2025-02-10 20:30:50,500 - INFO - Prepared sim number: 11: RAYPy_Simulation_bessy3_56m_PGM_2Perc_coupling_errors_on_fac10_RP/round_6/11_bessy3_56m_PGM_2Perc_coupling_errors_on_fac10_RP.rml
2025-02-10 20:30:50,507 - INFO - Prepared sim number: 12: RAYPy_Simulation_bessy3_56m_PGM_2Perc_coupling_errors_on_fac10_RP/round_6/12_bessy3_56m_PGM_2Perc_coupling_errors_on_fac10_RP.rml
2025-02-10 20:30:50,513 - INFO - Prepared sim number: 13: RAYPy_Simulation_bessy3_56m_PGM_2Perc_coupling_errors_on_fac10_RP/round_6/13_bessy3_56m_PGM_2Perc_coupling_errors_on_fac10_RP.rml
2025-02-10 20:30:50,520 - INFO - Prepared sim number: 14: RAYPy_Simulation_bessy3_56m_PGM_2Perc_coupling_errors_on_fac10_RP/round_6/14_bessy3_56m_PGM_2Perc_coupling_errors_on_fac10_RP.rml
2025-02-10 20:30:50,527 - INFO - Prepared sim number: 15: RAYPy_Simulation_bessy3_56m_PGM_2Perc_coupling_errors_on_fac10_RP/round_6/15_bessy3_56m_PGM_2Perc_coupling_errors_on_fac10_RP.rml
2025-02-10 20:30:50,533 - INFO - Prepared sim number: 16: RAYPy_Simulation_bessy3_56m_PGM_2Perc_coupling_errors_on_fac10_RP/round_6/16_bessy3_56m_PGM_2Perc_coupling_errors_on_fac10_RP.rml
2025-02-10 20:30:50,540 - INFO - Prepared sim number: 17: RAYPy_Simulation_bessy3_56m_PGM_2Perc_coupling_errors_on_fac10_RP/round_6/17_bessy3_56m_PGM_2Perc_coupling_errors_on_fac10_RP.rml
2025-02-10 20:30:50,547 - INFO - Prepared sim number: 18: RAYPy_Simulation_bessy3_56m_PGM_2Perc_coupling_errors_on_fac10_RP/round_6/18_bessy3_56m_PGM_2Perc_coupling_errors_on_fac10_RP.rml
2025-02-10 20:30:50,553 - INFO - Prepared sim number: 19: RAYPy_Simulation_bessy3_56m_PGM_2Perc_coupling_errors_on_fac10_RP/round_6/19_bessy3_56m_PGM_2Perc_coupling_errors_on_fac10_RP.rml
2025-02-10 20:30:50,560 - INFO - Prepared sim number: 20: RAYPy_Simulation_bessy3_56m_PGM_2Perc_coupling_errors_on_fac10_RP/round_6/20_bessy3_56m_PGM_2Perc_coupling_errors_on_fac10_RP.rml
2025-02-10 20:30:50,568 - INFO - Prepared sim number: 21: RAYPy_Simulation_bessy3_56m_PGM_2Perc_coupling_errors_on_fac10_RP/round_6/21_bessy3_56m_PGM_2Perc_coupling_errors_on_fac10_RP.rml
2025-02-10 20:30:50,575 - INFO - Prepared sim number: 22: RAYPy_Simulation_bessy3_56m_PGM_2Perc_coupling_errors_on_fac10_RP/round_6/22_bessy3_56m_PGM_2Perc_coupling_errors_on_fac10_RP.rml
2025-02-10 20:30:50,582 - INFO - Prepared sim number: 23: RAYPy_Simulation_bessy3_56m_PGM_2Perc_coupling_errors_on_fac10_RP/round_6/23_bessy3_56m_PGM_2Perc_coupling_errors_on_fac10_RP.rml
2025-02-10 20:30:50,589 - INFO - Prepared sim number: 24: RAYPy_Simulation_bessy3_56m_PGM_2Perc_coupling_errors_on_fac10_RP/round_6/24_bessy3_56m_PGM_2Perc_coupling_errors_on_fac10_RP.rml
2025-02-10 20:30:50,596 - INFO - Prepared sim number: 25: RAYPy_Simulation_bessy3_56m_PGM_2Perc_coupling_errors_on_fac10_RP/round_6/25_bessy3_56m_PGM_2Perc_coupling_errors_on_fac10_RP.rml
2025-02-10 20:30:50,603 - INFO - Prepared sim number: 26: RAYPy_Simulation_bessy3_56m_PGM_2Perc_coupling_errors_on_fac10_RP/round_6/26_bessy3_56m_PGM_2Perc_coupling_errors_on_fac10_RP.rml
2025-02-10 20:30:50,610 - INFO - Prepared sim number: 27: RAYPy_Simulation_bessy3_56m_PGM_2Perc_coupling_errors_on_fac10_RP/round_6/27_bessy3_56m_PGM_2Perc_coupling_errors_on_fac10_RP.rml
2025-02-10 20:30:50,617 - INFO - Prepared sim number: 28: RAYPy_Simulation_bessy3_56m_PGM_2Perc_coupling_errors_on_fac10_RP/round_6/28_bessy3_56m_PGM_2Perc_coupling_errors_on_fac10_RP.rml
2025-02-10 20:30:50,625 - INFO - Prepared sim number: 29: RAYPy_Simulation_bessy3_56m_PGM_2Perc_coupling_errors_on_fac10_RP/round_6/29_bessy3_56m_PGM_2Perc_coupling_errors_on_fac10_RP.rml
2025-02-10 20:30:50,632 - INFO - Prepared sim number: 30: RAYPy_Simulation_bessy3_56m_PGM_2Perc_coupling_errors_on_fac10_RP/round_6/30_bessy3_56m_PGM_2Perc_coupling_errors_on_fac10_RP.rml
2025-02-10 20:30:50,640 - INFO - Prepared sim number: 31: RAYPy_Simulation_bessy3_56m_PGM_2Perc_coupling_errors_on_fac10_RP/round_6/31_bessy3_56m_PGM_2Perc_coupling_errors_on_fac10_RP.rml
2025-02-10 20:30:50,648 - INFO - Prepared sim number: 32: RAYPy_Simulation_bessy3_56m_PGM_2Perc_coupling_errors_on_fac10_RP/round_6/32_bessy3_56m_PGM_2Perc_coupling_errors_on_fac10_RP.rml
2025-02-10 20:30:50,655 - INFO - Prepared sim number: 33: RAYPy_Simulation_bessy3_56m_PGM_2Perc_coupling_errors_on_fac10_RP/round_6/33_bessy3_56m_PGM_2Perc_coupling_errors_on_fac10_RP.rml
2025-02-10 20:30:50,661 - INFO - Prepared sim number: 34: RAYPy_Simulation_bessy3_56m_PGM_2Perc_coupling_errors_on_fac10_RP/round_6/34_bessy3_56m_PGM_2Perc_coupling_errors_on_fac10_RP.rml
2025-02-10 20:30:50,669 - INFO - Prepared sim number: 35: RAYPy_Simulation_bessy3_56m_PGM_2Perc_coupling_errors_on_fac10_RP/round_6/35_bessy3_56m_PGM_2Perc_coupling_errors_on_fac10_RP.rml
2025-02-10 20:30:50,676 - INFO - Prepared sim number: 36: RAYPy_Simulation_bessy3_56m_PGM_2Perc_coupling_errors_on_fac10_RP/round_6/36_bessy3_56m_PGM_2Perc_coupling_errors_on_fac10_RP.rml
2025-02-10 20:30:50,683 - INFO - Prepared sim number: 37: RAYPy_Simulation_bessy3_56m_PGM_2Perc_coupling_errors_on_fac10_RP/round_6/37_bessy3_56m_PGM_2Perc_coupling_errors_on_fac10_RP.rml
2025-02-10 20:30:50,690 - INFO - Prepared sim number: 38: RAYPy_Simulation_bessy3_56m_PGM_2Perc_coupling_errors_on_fac10_RP/round_6/38_bessy3_56m_PGM_2Perc_coupling_errors_on_fac10_RP.rml
2025-02-10 20:30:50,698 - INFO - Prepared sim number: 39: RAYPy_Simulation_bessy3_56m_PGM_2Perc_coupling_errors_on_fac10_RP/round_6/39_bessy3_56m_PGM_2Perc_coupling_errors_on_fac10_RP.rml
2025-02-10 20:30:50,704 - INFO - Prepared sim number: 40: RAYPy_Simulation_bessy3_56m_PGM_2Perc_coupling_errors_on_fac10_RP/round_6/40_bessy3_56m_PGM_2Perc_coupling_errors_on_fac10_RP.rml
2025-02-10 20:30:50,705 - INFO - Start round 7
2025-02-10 20:30:50,712 - INFO - Prepared sim number: 0: RAYPy_Simulation_bessy3_56m_PGM_2Perc_coupling_errors_on_fac10_RP/round_7/0_bessy3_56m_PGM_2Perc_coupling_errors_on_fac10_RP.rml
2025-02-10 20:30:50,719 - INFO - Prepared sim number: 1: RAYPy_Simulation_bessy3_56m_PGM_2Perc_coupling_errors_on_fac10_RP/round_7/1_bessy3_56m_PGM_2Perc_coupling_errors_on_fac10_RP.rml
2025-02-10 20:30:50,726 - INFO - Prepared sim number: 2: RAYPy_Simulation_bessy3_56m_PGM_2Perc_coupling_errors_on_fac10_RP/round_7/2_bessy3_56m_PGM_2Perc_coupling_errors_on_fac10_RP.rml
2025-02-10 20:30:50,732 - INFO - Prepared sim number: 3: RAYPy_Simulation_bessy3_56m_PGM_2Perc_coupling_errors_on_fac10_RP/round_7/3_bessy3_56m_PGM_2Perc_coupling_errors_on_fac10_RP.rml
2025-02-10 20:30:50,741 - INFO - Prepared sim number: 4: RAYPy_Simulation_bessy3_56m_PGM_2Perc_coupling_errors_on_fac10_RP/round_7/4_bessy3_56m_PGM_2Perc_coupling_errors_on_fac10_RP.rml
2025-02-10 20:30:50,748 - INFO - Prepared sim number: 5: RAYPy_Simulation_bessy3_56m_PGM_2Perc_coupling_errors_on_fac10_RP/round_7/5_bessy3_56m_PGM_2Perc_coupling_errors_on_fac10_RP.rml
2025-02-10 20:30:50,755 - INFO - Prepared sim number: 6: RAYPy_Simulation_bessy3_56m_PGM_2Perc_coupling_errors_on_fac10_RP/round_7/6_bessy3_56m_PGM_2Perc_coupling_errors_on_fac10_RP.rml
2025-02-10 20:30:50,762 - INFO - Prepared sim number: 7: RAYPy_Simulation_bessy3_56m_PGM_2Perc_coupling_errors_on_fac10_RP/round_7/7_bessy3_56m_PGM_2Perc_coupling_errors_on_fac10_RP.rml
2025-02-10 20:30:50,768 - INFO - Prepared sim number: 8: RAYPy_Simulation_bessy3_56m_PGM_2Perc_coupling_errors_on_fac10_RP/round_7/8_bessy3_56m_PGM_2Perc_coupling_errors_on_fac10_RP.rml
2025-02-10 20:30:50,776 - INFO - Prepared sim number: 9: RAYPy_Simulation_bessy3_56m_PGM_2Perc_coupling_errors_on_fac10_RP/round_7/9_bessy3_56m_PGM_2Perc_coupling_errors_on_fac10_RP.rml
2025-02-10 20:30:50,783 - INFO - Prepared sim number: 10: RAYPy_Simulation_bessy3_56m_PGM_2Perc_coupling_errors_on_fac10_RP/round_7/10_bessy3_56m_PGM_2Perc_coupling_errors_on_fac10_RP.rml
2025-02-10 20:30:50,790 - INFO - Prepared sim number: 11: RAYPy_Simulation_bessy3_56m_PGM_2Perc_coupling_errors_on_fac10_RP/round_7/11_bessy3_56m_PGM_2Perc_coupling_errors_on_fac10_RP.rml
2025-02-10 20:30:50,797 - INFO - Prepared sim number: 12: RAYPy_Simulation_bessy3_56m_PGM_2Perc_coupling_errors_on_fac10_RP/round_7/12_bessy3_56m_PGM_2Perc_coupling_errors_on_fac10_RP.rml
2025-02-10 20:30:50,797 - INFO - Waiting for batch number: 4, timeout: 22.534093344211577s
2025-02-10 20:30:53,342 - INFO - Completed: 1, remaining: 59, RAYPy_Simulation_bessy3_56m_PGM_2Perc_coupling_errors_on_fac10_RP/round_6/3_bessy3_56m_PGM_2Perc_coupling_errors_on_fac10_RP.rml
2025-02-10 20:30:53,369 - INFO - Completed: 2, remaining: 58, RAYPy_Simulation_bessy3_56m_PGM_2Perc_coupling_errors_on_fac10_RP/round_6/0_bessy3_56m_PGM_2Perc_coupling_errors_on_fac10_RP.rml
2025-02-10 20:30:53,502 - INFO - Completed: 3, remaining: 57, RAYPy_Simulation_bessy3_56m_PGM_2Perc_coupling_errors_on_fac10_RP/round_6/5_bessy3_56m_PGM_2Perc_coupling_errors_on_fac10_RP.rml
2025-02-10 20:30:53,619 - INFO - Completed: 4, remaining: 56, RAYPy_Simulation_bessy3_56m_PGM_2Perc_coupling_errors_on_fac10_RP/round_6/4_bessy3_56m_PGM_2Perc_coupling_errors_on_fac10_RP.rml
2025-02-10 20:30:53,757 - INFO - Completed: 5, remaining: 55, RAYPy_Simulation_bessy3_56m_PGM_2Perc_coupling_errors_on_fac10_RP/round_5/35_bessy3_56m_PGM_2Perc_coupling_errors_on_fac10_RP.rml
2025-02-10 20:30:53,922 - INFO - Completed: 6, remaining: 54, RAYPy_Simulation_bessy3_56m_PGM_2Perc_coupling_errors_on_fac10_RP/round_5/37_bessy3_56m_PGM_2Perc_coupling_errors_on_fac10_RP.rml
2025-02-10 20:30:54,767 - INFO - Completed: 7, remaining: 53, RAYPy_Simulation_bessy3_56m_PGM_2Perc_coupling_errors_on_fac10_RP/round_5/40_bessy3_56m_PGM_2Perc_coupling_errors_on_fac10_RP.rml
2025-02-10 20:30:56,133 - INFO - Completed: 8, remaining: 52, RAYPy_Simulation_bessy3_56m_PGM_2Perc_coupling_errors_on_fac10_RP/round_6/2_bessy3_56m_PGM_2Perc_coupling_errors_on_fac10_RP.rml
2025-02-10 20:30:56,157 - INFO - Completed: 9, remaining: 51, RAYPy_Simulation_bessy3_56m_PGM_2Perc_coupling_errors_on_fac10_RP/round_5/38_bessy3_56m_PGM_2Perc_coupling_errors_on_fac10_RP.rml
2025-02-10 20:30:56,173 - INFO - Completed: 10, remaining: 50, RAYPy_Simulation_bessy3_56m_PGM_2Perc_coupling_errors_on_fac10_RP/round_5/36_bessy3_56m_PGM_2Perc_coupling_errors_on_fac10_RP.rml
2025-02-10 20:30:56,409 - INFO - Completed: 11, remaining: 49, RAYPy_Simulation_bessy3_56m_PGM_2Perc_coupling_errors_on_fac10_RP/round_6/1_bessy3_56m_PGM_2Perc_coupling_errors_on_fac10_RP.rml
2025-02-10 20:30:56,630 - INFO - Completed: 12, remaining: 48, RAYPy_Simulation_bessy3_56m_PGM_2Perc_coupling_errors_on_fac10_RP/round_6/7_bessy3_56m_PGM_2Perc_coupling_errors_on_fac10_RP.rml
2025-02-10 20:30:56,792 - INFO - Completed: 13, remaining: 47, RAYPy_Simulation_bessy3_56m_PGM_2Perc_coupling_errors_on_fac10_RP/round_6/8_bessy3_56m_PGM_2Perc_coupling_errors_on_fac10_RP.rml
2025-02-10 20:30:56,899 - INFO - Completed: 14, remaining: 46, RAYPy_Simulation_bessy3_56m_PGM_2Perc_coupling_errors_on_fac10_RP/round_6/6_bessy3_56m_PGM_2Perc_coupling_errors_on_fac10_RP.rml
2025-02-10 20:30:57,151 - INFO - Completed: 15, remaining: 45, RAYPy_Simulation_bessy3_56m_PGM_2Perc_coupling_errors_on_fac10_RP/round_6/10_bessy3_56m_PGM_2Perc_coupling_errors_on_fac10_RP.rml
2025-02-10 20:30:57,263 - INFO - Completed: 16, remaining: 44, RAYPy_Simulation_bessy3_56m_PGM_2Perc_coupling_errors_on_fac10_RP/round_6/11_bessy3_56m_PGM_2Perc_coupling_errors_on_fac10_RP.rml
2025-02-10 20:30:57,304 - INFO - Completed: 17, remaining: 43, RAYPy_Simulation_bessy3_56m_PGM_2Perc_coupling_errors_on_fac10_RP/round_6/9_bessy3_56m_PGM_2Perc_coupling_errors_on_fac10_RP.rml
2025-02-10 20:30:58,133 - INFO - Completed: 18, remaining: 42, RAYPy_Simulation_bessy3_56m_PGM_2Perc_coupling_errors_on_fac10_RP/round_5/39_bessy3_56m_PGM_2Perc_coupling_errors_on_fac10_RP.rml
2025-02-10 20:30:58,182 - INFO - Completed: 19, remaining: 41, RAYPy_Simulation_bessy3_56m_PGM_2Perc_coupling_errors_on_fac10_RP/round_6/12_bessy3_56m_PGM_2Perc_coupling_errors_on_fac10_RP.rml
2025-02-10 20:30:59,700 - INFO - Completed: 20, remaining: 40, RAYPy_Simulation_bessy3_56m_PGM_2Perc_coupling_errors_on_fac10_RP/round_6/13_bessy3_56m_PGM_2Perc_coupling_errors_on_fac10_RP.rml
2025-02-10 20:30:59,732 - INFO - Completed: 21, remaining: 39, RAYPy_Simulation_bessy3_56m_PGM_2Perc_coupling_errors_on_fac10_RP/round_6/15_bessy3_56m_PGM_2Perc_coupling_errors_on_fac10_RP.rml
2025-02-10 20:30:59,898 - INFO - Completed: 22, remaining: 38, RAYPy_Simulation_bessy3_56m_PGM_2Perc_coupling_errors_on_fac10_RP/round_6/14_bessy3_56m_PGM_2Perc_coupling_errors_on_fac10_RP.rml
2025-02-10 20:31:00,039 - INFO - Completed: 23, remaining: 37, RAYPy_Simulation_bessy3_56m_PGM_2Perc_coupling_errors_on_fac10_RP/round_6/16_bessy3_56m_PGM_2Perc_coupling_errors_on_fac10_RP.rml
2025-02-10 20:31:00,200 - INFO - Completed: 24, remaining: 36, RAYPy_Simulation_bessy3_56m_PGM_2Perc_coupling_errors_on_fac10_RP/round_6/17_bessy3_56m_PGM_2Perc_coupling_errors_on_fac10_RP.rml
2025-02-10 20:31:00,376 - INFO - Completed: 25, remaining: 35, RAYPy_Simulation_bessy3_56m_PGM_2Perc_coupling_errors_on_fac10_RP/round_6/18_bessy3_56m_PGM_2Perc_coupling_errors_on_fac10_RP.rml
2025-02-10 20:31:00,713 - INFO - Completed: 26, remaining: 34, RAYPy_Simulation_bessy3_56m_PGM_2Perc_coupling_errors_on_fac10_RP/round_6/20_bessy3_56m_PGM_2Perc_coupling_errors_on_fac10_RP.rml
2025-02-10 20:31:01,033 - INFO - Completed: 27, remaining: 33, RAYPy_Simulation_bessy3_56m_PGM_2Perc_coupling_errors_on_fac10_RP/round_6/22_bessy3_56m_PGM_2Perc_coupling_errors_on_fac10_RP.rml
2025-02-10 20:31:01,061 - INFO - Completed: 28, remaining: 32, RAYPy_Simulation_bessy3_56m_PGM_2Perc_coupling_errors_on_fac10_RP/round_6/19_bessy3_56m_PGM_2Perc_coupling_errors_on_fac10_RP.rml
2025-02-10 20:31:01,615 - INFO - Completed: 29, remaining: 31, RAYPy_Simulation_bessy3_56m_PGM_2Perc_coupling_errors_on_fac10_RP/round_6/21_bessy3_56m_PGM_2Perc_coupling_errors_on_fac10_RP.rml
2025-02-10 20:31:01,930 - INFO - Completed: 30, remaining: 30, RAYPy_Simulation_bessy3_56m_PGM_2Perc_coupling_errors_on_fac10_RP/round_6/23_bessy3_56m_PGM_2Perc_coupling_errors_on_fac10_RP.rml
2025-02-10 20:31:01,966 - INFO - Completed: 31, remaining: 29, RAYPy_Simulation_bessy3_56m_PGM_2Perc_coupling_errors_on_fac10_RP/round_6/24_bessy3_56m_PGM_2Perc_coupling_errors_on_fac10_RP.rml
2025-02-10 20:31:03,549 - INFO - Completed: 32, remaining: 28, RAYPy_Simulation_bessy3_56m_PGM_2Perc_coupling_errors_on_fac10_RP/round_6/26_bessy3_56m_PGM_2Perc_coupling_errors_on_fac10_RP.rml
2025-02-10 20:31:03,821 - INFO - Completed: 33, remaining: 27, RAYPy_Simulation_bessy3_56m_PGM_2Perc_coupling_errors_on_fac10_RP/round_6/25_bessy3_56m_PGM_2Perc_coupling_errors_on_fac10_RP.rml
2025-02-10 20:31:03,844 - INFO - Completed: 34, remaining: 26, RAYPy_Simulation_bessy3_56m_PGM_2Perc_coupling_errors_on_fac10_RP/round_6/27_bessy3_56m_PGM_2Perc_coupling_errors_on_fac10_RP.rml
2025-02-10 20:31:04,119 - INFO - Completed: 35, remaining: 25, RAYPy_Simulation_bessy3_56m_PGM_2Perc_coupling_errors_on_fac10_RP/round_6/28_bessy3_56m_PGM_2Perc_coupling_errors_on_fac10_RP.rml
2025-02-10 20:31:04,189 - INFO - Completed: 36, remaining: 24, RAYPy_Simulation_bessy3_56m_PGM_2Perc_coupling_errors_on_fac10_RP/round_6/29_bessy3_56m_PGM_2Perc_coupling_errors_on_fac10_RP.rml
2025-02-10 20:31:04,344 - INFO - Completed: 37, remaining: 23, RAYPy_Simulation_bessy3_56m_PGM_2Perc_coupling_errors_on_fac10_RP/round_6/30_bessy3_56m_PGM_2Perc_coupling_errors_on_fac10_RP.rml
2025-02-10 20:31:04,526 - INFO - Completed: 38, remaining: 22, RAYPy_Simulation_bessy3_56m_PGM_2Perc_coupling_errors_on_fac10_RP/round_6/31_bessy3_56m_PGM_2Perc_coupling_errors_on_fac10_RP.rml
2025-02-10 20:31:04,740 - INFO - Completed: 39, remaining: 21, RAYPy_Simulation_bessy3_56m_PGM_2Perc_coupling_errors_on_fac10_RP/round_6/32_bessy3_56m_PGM_2Perc_coupling_errors_on_fac10_RP.rml
2025-02-10 20:31:04,753 - INFO - Completed: 40, remaining: 20, RAYPy_Simulation_bessy3_56m_PGM_2Perc_coupling_errors_on_fac10_RP/round_6/33_bessy3_56m_PGM_2Perc_coupling_errors_on_fac10_RP.rml
2025-02-10 20:31:05,468 - INFO - Completed: 41, remaining: 19, RAYPy_Simulation_bessy3_56m_PGM_2Perc_coupling_errors_on_fac10_RP/round_6/35_bessy3_56m_PGM_2Perc_coupling_errors_on_fac10_RP.rml
2025-02-10 20:31:05,785 - INFO - Completed: 42, remaining: 18, RAYPy_Simulation_bessy3_56m_PGM_2Perc_coupling_errors_on_fac10_RP/round_6/36_bessy3_56m_PGM_2Perc_coupling_errors_on_fac10_RP.rml
2025-02-10 20:31:06,491 - INFO - Completed: 43, remaining: 17, RAYPy_Simulation_bessy3_56m_PGM_2Perc_coupling_errors_on_fac10_RP/round_6/34_bessy3_56m_PGM_2Perc_coupling_errors_on_fac10_RP.rml
2025-02-10 20:31:07,388 - INFO - Completed: 44, remaining: 16, RAYPy_Simulation_bessy3_56m_PGM_2Perc_coupling_errors_on_fac10_RP/round_6/37_bessy3_56m_PGM_2Perc_coupling_errors_on_fac10_RP.rml
2025-02-10 20:31:07,468 - INFO - Completed: 45, remaining: 15, RAYPy_Simulation_bessy3_56m_PGM_2Perc_coupling_errors_on_fac10_RP/round_6/39_bessy3_56m_PGM_2Perc_coupling_errors_on_fac10_RP.rml
2025-02-10 20:31:07,697 - INFO - Completed: 46, remaining: 14, RAYPy_Simulation_bessy3_56m_PGM_2Perc_coupling_errors_on_fac10_RP/round_6/38_bessy3_56m_PGM_2Perc_coupling_errors_on_fac10_RP.rml
2025-02-10 20:31:07,759 - INFO - Completed: 47, remaining: 13, RAYPy_Simulation_bessy3_56m_PGM_2Perc_coupling_errors_on_fac10_RP/round_7/0_bessy3_56m_PGM_2Perc_coupling_errors_on_fac10_RP.rml
2025-02-10 20:31:07,914 - INFO - Completed: 48, remaining: 12, RAYPy_Simulation_bessy3_56m_PGM_2Perc_coupling_errors_on_fac10_RP/round_7/1_bessy3_56m_PGM_2Perc_coupling_errors_on_fac10_RP.rml
2025-02-10 20:31:08,078 - INFO - Completed: 49, remaining: 11, RAYPy_Simulation_bessy3_56m_PGM_2Perc_coupling_errors_on_fac10_RP/round_7/2_bessy3_56m_PGM_2Perc_coupling_errors_on_fac10_RP.rml
2025-02-10 20:31:08,208 - INFO - Completed: 50, remaining: 10, RAYPy_Simulation_bessy3_56m_PGM_2Perc_coupling_errors_on_fac10_RP/round_6/40_bessy3_56m_PGM_2Perc_coupling_errors_on_fac10_RP.rml
2025-02-10 20:31:08,278 - INFO - Completed: 51, remaining: 9, RAYPy_Simulation_bessy3_56m_PGM_2Perc_coupling_errors_on_fac10_RP/round_7/4_bessy3_56m_PGM_2Perc_coupling_errors_on_fac10_RP.rml
2025-02-10 20:31:08,505 - INFO - Completed: 52, remaining: 8, RAYPy_Simulation_bessy3_56m_PGM_2Perc_coupling_errors_on_fac10_RP/round_7/3_bessy3_56m_PGM_2Perc_coupling_errors_on_fac10_RP.rml
2025-02-10 20:31:08,810 - INFO - Completed: 53, remaining: 7, RAYPy_Simulation_bessy3_56m_PGM_2Perc_coupling_errors_on_fac10_RP/round_7/5_bessy3_56m_PGM_2Perc_coupling_errors_on_fac10_RP.rml
2025-02-10 20:31:09,129 - INFO - Completed: 54, remaining: 6, RAYPy_Simulation_bessy3_56m_PGM_2Perc_coupling_errors_on_fac10_RP/round_7/6_bessy3_56m_PGM_2Perc_coupling_errors_on_fac10_RP.rml
2025-02-10 20:31:09,774 - INFO - Completed: 55, remaining: 5, RAYPy_Simulation_bessy3_56m_PGM_2Perc_coupling_errors_on_fac10_RP/round_7/7_bessy3_56m_PGM_2Perc_coupling_errors_on_fac10_RP.rml
2025-02-10 20:31:10,337 - INFO - Completed: 56, remaining: 4, RAYPy_Simulation_bessy3_56m_PGM_2Perc_coupling_errors_on_fac10_RP/round_7/9_bessy3_56m_PGM_2Perc_coupling_errors_on_fac10_RP.rml
2025-02-10 20:31:10,427 - INFO - Completed: 57, remaining: 3, RAYPy_Simulation_bessy3_56m_PGM_2Perc_coupling_errors_on_fac10_RP/round_7/10_bessy3_56m_PGM_2Perc_coupling_errors_on_fac10_RP.rml
2025-02-10 20:31:10,469 - INFO - Completed: 58, remaining: 2, RAYPy_Simulation_bessy3_56m_PGM_2Perc_coupling_errors_on_fac10_RP/round_7/8_bessy3_56m_PGM_2Perc_coupling_errors_on_fac10_RP.rml
2025-02-10 20:31:10,504 - INFO - Completed: 59, remaining: 1, RAYPy_Simulation_bessy3_56m_PGM_2Perc_coupling_errors_on_fac10_RP/round_7/11_bessy3_56m_PGM_2Perc_coupling_errors_on_fac10_RP.rml
2025-02-10 20:31:10,615 - INFO - Completed: 60, remaining: 0, RAYPy_Simulation_bessy3_56m_PGM_2Perc_coupling_errors_on_fac10_RP/round_7/12_bessy3_56m_PGM_2Perc_coupling_errors_on_fac10_RP.rml
2025-02-10 20:31:10,616 - INFO - Batch Completed
2025-02-10 20:31:10,616 - INFO - Waiting For batch, 60 simulations to go
2025-02-10 20:31:10,623 - INFO - Prepared sim number: 13: RAYPy_Simulation_bessy3_56m_PGM_2Perc_coupling_errors_on_fac10_RP/round_7/13_bessy3_56m_PGM_2Perc_coupling_errors_on_fac10_RP.rml
2025-02-10 20:31:10,634 - INFO - Prepared sim number: 14: RAYPy_Simulation_bessy3_56m_PGM_2Perc_coupling_errors_on_fac10_RP/round_7/14_bessy3_56m_PGM_2Perc_coupling_errors_on_fac10_RP.rml
2025-02-10 20:31:10,643 - INFO - Prepared sim number: 15: RAYPy_Simulation_bessy3_56m_PGM_2Perc_coupling_errors_on_fac10_RP/round_7/15_bessy3_56m_PGM_2Perc_coupling_errors_on_fac10_RP.rml
2025-02-10 20:31:10,650 - INFO - Prepared sim number: 16: RAYPy_Simulation_bessy3_56m_PGM_2Perc_coupling_errors_on_fac10_RP/round_7/16_bessy3_56m_PGM_2Perc_coupling_errors_on_fac10_RP.rml
2025-02-10 20:31:10,657 - INFO - Prepared sim number: 17: RAYPy_Simulation_bessy3_56m_PGM_2Perc_coupling_errors_on_fac10_RP/round_7/17_bessy3_56m_PGM_2Perc_coupling_errors_on_fac10_RP.rml
2025-02-10 20:31:10,663 - INFO - Prepared sim number: 18: RAYPy_Simulation_bessy3_56m_PGM_2Perc_coupling_errors_on_fac10_RP/round_7/18_bessy3_56m_PGM_2Perc_coupling_errors_on_fac10_RP.rml
2025-02-10 20:31:10,669 - INFO - Prepared sim number: 19: RAYPy_Simulation_bessy3_56m_PGM_2Perc_coupling_errors_on_fac10_RP/round_7/19_bessy3_56m_PGM_2Perc_coupling_errors_on_fac10_RP.rml
2025-02-10 20:31:10,675 - INFO - Prepared sim number: 20: RAYPy_Simulation_bessy3_56m_PGM_2Perc_coupling_errors_on_fac10_RP/round_7/20_bessy3_56m_PGM_2Perc_coupling_errors_on_fac10_RP.rml
2025-02-10 20:31:10,681 - INFO - Prepared sim number: 21: RAYPy_Simulation_bessy3_56m_PGM_2Perc_coupling_errors_on_fac10_RP/round_7/21_bessy3_56m_PGM_2Perc_coupling_errors_on_fac10_RP.rml
2025-02-10 20:31:10,687 - INFO - Prepared sim number: 22: RAYPy_Simulation_bessy3_56m_PGM_2Perc_coupling_errors_on_fac10_RP/round_7/22_bessy3_56m_PGM_2Perc_coupling_errors_on_fac10_RP.rml
2025-02-10 20:31:10,692 - INFO - Prepared sim number: 23: RAYPy_Simulation_bessy3_56m_PGM_2Perc_coupling_errors_on_fac10_RP/round_7/23_bessy3_56m_PGM_2Perc_coupling_errors_on_fac10_RP.rml
2025-02-10 20:31:10,698 - INFO - Prepared sim number: 24: RAYPy_Simulation_bessy3_56m_PGM_2Perc_coupling_errors_on_fac10_RP/round_7/24_bessy3_56m_PGM_2Perc_coupling_errors_on_fac10_RP.rml
2025-02-10 20:31:10,704 - INFO - Prepared sim number: 25: RAYPy_Simulation_bessy3_56m_PGM_2Perc_coupling_errors_on_fac10_RP/round_7/25_bessy3_56m_PGM_2Perc_coupling_errors_on_fac10_RP.rml
2025-02-10 20:31:10,709 - INFO - Prepared sim number: 26: RAYPy_Simulation_bessy3_56m_PGM_2Perc_coupling_errors_on_fac10_RP/round_7/26_bessy3_56m_PGM_2Perc_coupling_errors_on_fac10_RP.rml
2025-02-10 20:31:10,715 - INFO - Prepared sim number: 27: RAYPy_Simulation_bessy3_56m_PGM_2Perc_coupling_errors_on_fac10_RP/round_7/27_bessy3_56m_PGM_2Perc_coupling_errors_on_fac10_RP.rml
2025-02-10 20:31:10,720 - INFO - Prepared sim number: 28: RAYPy_Simulation_bessy3_56m_PGM_2Perc_coupling_errors_on_fac10_RP/round_7/28_bessy3_56m_PGM_2Perc_coupling_errors_on_fac10_RP.rml
2025-02-10 20:31:10,725 - INFO - Prepared sim number: 29: RAYPy_Simulation_bessy3_56m_PGM_2Perc_coupling_errors_on_fac10_RP/round_7/29_bessy3_56m_PGM_2Perc_coupling_errors_on_fac10_RP.rml
2025-02-10 20:31:10,730 - INFO - Prepared sim number: 30: RAYPy_Simulation_bessy3_56m_PGM_2Perc_coupling_errors_on_fac10_RP/round_7/30_bessy3_56m_PGM_2Perc_coupling_errors_on_fac10_RP.rml
2025-02-10 20:31:10,735 - INFO - Prepared sim number: 31: RAYPy_Simulation_bessy3_56m_PGM_2Perc_coupling_errors_on_fac10_RP/round_7/31_bessy3_56m_PGM_2Perc_coupling_errors_on_fac10_RP.rml
2025-02-10 20:31:10,741 - INFO - Prepared sim number: 32: RAYPy_Simulation_bessy3_56m_PGM_2Perc_coupling_errors_on_fac10_RP/round_7/32_bessy3_56m_PGM_2Perc_coupling_errors_on_fac10_RP.rml
2025-02-10 20:31:10,747 - INFO - Prepared sim number: 33: RAYPy_Simulation_bessy3_56m_PGM_2Perc_coupling_errors_on_fac10_RP/round_7/33_bessy3_56m_PGM_2Perc_coupling_errors_on_fac10_RP.rml
2025-02-10 20:31:10,752 - INFO - Prepared sim number: 34: RAYPy_Simulation_bessy3_56m_PGM_2Perc_coupling_errors_on_fac10_RP/round_7/34_bessy3_56m_PGM_2Perc_coupling_errors_on_fac10_RP.rml
2025-02-10 20:31:10,758 - INFO - Prepared sim number: 35: RAYPy_Simulation_bessy3_56m_PGM_2Perc_coupling_errors_on_fac10_RP/round_7/35_bessy3_56m_PGM_2Perc_coupling_errors_on_fac10_RP.rml
2025-02-10 20:31:10,764 - INFO - Prepared sim number: 36: RAYPy_Simulation_bessy3_56m_PGM_2Perc_coupling_errors_on_fac10_RP/round_7/36_bessy3_56m_PGM_2Perc_coupling_errors_on_fac10_RP.rml
2025-02-10 20:31:10,769 - INFO - Prepared sim number: 37: RAYPy_Simulation_bessy3_56m_PGM_2Perc_coupling_errors_on_fac10_RP/round_7/37_bessy3_56m_PGM_2Perc_coupling_errors_on_fac10_RP.rml
2025-02-10 20:31:10,775 - INFO - Prepared sim number: 38: RAYPy_Simulation_bessy3_56m_PGM_2Perc_coupling_errors_on_fac10_RP/round_7/38_bessy3_56m_PGM_2Perc_coupling_errors_on_fac10_RP.rml
2025-02-10 20:31:10,780 - INFO - Prepared sim number: 39: RAYPy_Simulation_bessy3_56m_PGM_2Perc_coupling_errors_on_fac10_RP/round_7/39_bessy3_56m_PGM_2Perc_coupling_errors_on_fac10_RP.rml
2025-02-10 20:31:10,786 - INFO - Prepared sim number: 40: RAYPy_Simulation_bessy3_56m_PGM_2Perc_coupling_errors_on_fac10_RP/round_7/40_bessy3_56m_PGM_2Perc_coupling_errors_on_fac10_RP.rml
2025-02-10 20:31:10,786 - INFO - Start round 8
2025-02-10 20:31:10,792 - INFO - Prepared sim number: 0: RAYPy_Simulation_bessy3_56m_PGM_2Perc_coupling_errors_on_fac10_RP/round_8/0_bessy3_56m_PGM_2Perc_coupling_errors_on_fac10_RP.rml
2025-02-10 20:31:10,798 - INFO - Prepared sim number: 1: RAYPy_Simulation_bessy3_56m_PGM_2Perc_coupling_errors_on_fac10_RP/round_8/1_bessy3_56m_PGM_2Perc_coupling_errors_on_fac10_RP.rml
2025-02-10 20:31:10,804 - INFO - Prepared sim number: 2: RAYPy_Simulation_bessy3_56m_PGM_2Perc_coupling_errors_on_fac10_RP/round_8/2_bessy3_56m_PGM_2Perc_coupling_errors_on_fac10_RP.rml
2025-02-10 20:31:10,811 - INFO - Prepared sim number: 3: RAYPy_Simulation_bessy3_56m_PGM_2Perc_coupling_errors_on_fac10_RP/round_8/3_bessy3_56m_PGM_2Perc_coupling_errors_on_fac10_RP.rml
2025-02-10 20:31:10,816 - INFO - Prepared sim number: 4: RAYPy_Simulation_bessy3_56m_PGM_2Perc_coupling_errors_on_fac10_RP/round_8/4_bessy3_56m_PGM_2Perc_coupling_errors_on_fac10_RP.rml
2025-02-10 20:31:10,823 - INFO - Prepared sim number: 5: RAYPy_Simulation_bessy3_56m_PGM_2Perc_coupling_errors_on_fac10_RP/round_8/5_bessy3_56m_PGM_2Perc_coupling_errors_on_fac10_RP.rml
2025-02-10 20:31:10,829 - INFO - Prepared sim number: 6: RAYPy_Simulation_bessy3_56m_PGM_2Perc_coupling_errors_on_fac10_RP/round_8/6_bessy3_56m_PGM_2Perc_coupling_errors_on_fac10_RP.rml
2025-02-10 20:31:10,834 - INFO - Prepared sim number: 7: RAYPy_Simulation_bessy3_56m_PGM_2Perc_coupling_errors_on_fac10_RP/round_8/7_bessy3_56m_PGM_2Perc_coupling_errors_on_fac10_RP.rml
2025-02-10 20:31:10,841 - INFO - Prepared sim number: 8: RAYPy_Simulation_bessy3_56m_PGM_2Perc_coupling_errors_on_fac10_RP/round_8/8_bessy3_56m_PGM_2Perc_coupling_errors_on_fac10_RP.rml
2025-02-10 20:31:10,847 - INFO - Prepared sim number: 9: RAYPy_Simulation_bessy3_56m_PGM_2Perc_coupling_errors_on_fac10_RP/round_8/9_bessy3_56m_PGM_2Perc_coupling_errors_on_fac10_RP.rml
2025-02-10 20:31:10,853 - INFO - Prepared sim number: 10: RAYPy_Simulation_bessy3_56m_PGM_2Perc_coupling_errors_on_fac10_RP/round_8/10_bessy3_56m_PGM_2Perc_coupling_errors_on_fac10_RP.rml
2025-02-10 20:31:10,859 - INFO - Prepared sim number: 11: RAYPy_Simulation_bessy3_56m_PGM_2Perc_coupling_errors_on_fac10_RP/round_8/11_bessy3_56m_PGM_2Perc_coupling_errors_on_fac10_RP.rml
2025-02-10 20:31:10,865 - INFO - Prepared sim number: 12: RAYPy_Simulation_bessy3_56m_PGM_2Perc_coupling_errors_on_fac10_RP/round_8/12_bessy3_56m_PGM_2Perc_coupling_errors_on_fac10_RP.rml
2025-02-10 20:31:10,870 - INFO - Prepared sim number: 13: RAYPy_Simulation_bessy3_56m_PGM_2Perc_coupling_errors_on_fac10_RP/round_8/13_bessy3_56m_PGM_2Perc_coupling_errors_on_fac10_RP.rml
2025-02-10 20:31:10,876 - INFO - Prepared sim number: 14: RAYPy_Simulation_bessy3_56m_PGM_2Perc_coupling_errors_on_fac10_RP/round_8/14_bessy3_56m_PGM_2Perc_coupling_errors_on_fac10_RP.rml
2025-02-10 20:31:10,882 - INFO - Prepared sim number: 15: RAYPy_Simulation_bessy3_56m_PGM_2Perc_coupling_errors_on_fac10_RP/round_8/15_bessy3_56m_PGM_2Perc_coupling_errors_on_fac10_RP.rml
2025-02-10 20:31:10,888 - INFO - Prepared sim number: 16: RAYPy_Simulation_bessy3_56m_PGM_2Perc_coupling_errors_on_fac10_RP/round_8/16_bessy3_56m_PGM_2Perc_coupling_errors_on_fac10_RP.rml
2025-02-10 20:31:10,894 - INFO - Prepared sim number: 17: RAYPy_Simulation_bessy3_56m_PGM_2Perc_coupling_errors_on_fac10_RP/round_8/17_bessy3_56m_PGM_2Perc_coupling_errors_on_fac10_RP.rml
2025-02-10 20:31:10,899 - INFO - Prepared sim number: 18: RAYPy_Simulation_bessy3_56m_PGM_2Perc_coupling_errors_on_fac10_RP/round_8/18_bessy3_56m_PGM_2Perc_coupling_errors_on_fac10_RP.rml
2025-02-10 20:31:10,905 - INFO - Prepared sim number: 19: RAYPy_Simulation_bessy3_56m_PGM_2Perc_coupling_errors_on_fac10_RP/round_8/19_bessy3_56m_PGM_2Perc_coupling_errors_on_fac10_RP.rml
2025-02-10 20:31:10,911 - INFO - Prepared sim number: 20: RAYPy_Simulation_bessy3_56m_PGM_2Perc_coupling_errors_on_fac10_RP/round_8/20_bessy3_56m_PGM_2Perc_coupling_errors_on_fac10_RP.rml
2025-02-10 20:31:10,917 - INFO - Prepared sim number: 21: RAYPy_Simulation_bessy3_56m_PGM_2Perc_coupling_errors_on_fac10_RP/round_8/21_bessy3_56m_PGM_2Perc_coupling_errors_on_fac10_RP.rml
2025-02-10 20:31:10,923 - INFO - Prepared sim number: 22: RAYPy_Simulation_bessy3_56m_PGM_2Perc_coupling_errors_on_fac10_RP/round_8/22_bessy3_56m_PGM_2Perc_coupling_errors_on_fac10_RP.rml
2025-02-10 20:31:10,928 - INFO - Prepared sim number: 23: RAYPy_Simulation_bessy3_56m_PGM_2Perc_coupling_errors_on_fac10_RP/round_8/23_bessy3_56m_PGM_2Perc_coupling_errors_on_fac10_RP.rml
2025-02-10 20:31:10,935 - INFO - Prepared sim number: 24: RAYPy_Simulation_bessy3_56m_PGM_2Perc_coupling_errors_on_fac10_RP/round_8/24_bessy3_56m_PGM_2Perc_coupling_errors_on_fac10_RP.rml
2025-02-10 20:31:10,941 - INFO - Prepared sim number: 25: RAYPy_Simulation_bessy3_56m_PGM_2Perc_coupling_errors_on_fac10_RP/round_8/25_bessy3_56m_PGM_2Perc_coupling_errors_on_fac10_RP.rml
2025-02-10 20:31:10,949 - INFO - Prepared sim number: 26: RAYPy_Simulation_bessy3_56m_PGM_2Perc_coupling_errors_on_fac10_RP/round_8/26_bessy3_56m_PGM_2Perc_coupling_errors_on_fac10_RP.rml
2025-02-10 20:31:10,955 - INFO - Prepared sim number: 27: RAYPy_Simulation_bessy3_56m_PGM_2Perc_coupling_errors_on_fac10_RP/round_8/27_bessy3_56m_PGM_2Perc_coupling_errors_on_fac10_RP.rml
2025-02-10 20:31:10,962 - INFO - Prepared sim number: 28: RAYPy_Simulation_bessy3_56m_PGM_2Perc_coupling_errors_on_fac10_RP/round_8/28_bessy3_56m_PGM_2Perc_coupling_errors_on_fac10_RP.rml
2025-02-10 20:31:10,969 - INFO - Prepared sim number: 29: RAYPy_Simulation_bessy3_56m_PGM_2Perc_coupling_errors_on_fac10_RP/round_8/29_bessy3_56m_PGM_2Perc_coupling_errors_on_fac10_RP.rml
2025-02-10 20:31:10,976 - INFO - Prepared sim number: 30: RAYPy_Simulation_bessy3_56m_PGM_2Perc_coupling_errors_on_fac10_RP/round_8/30_bessy3_56m_PGM_2Perc_coupling_errors_on_fac10_RP.rml
2025-02-10 20:31:10,983 - INFO - Prepared sim number: 31: RAYPy_Simulation_bessy3_56m_PGM_2Perc_coupling_errors_on_fac10_RP/round_8/31_bessy3_56m_PGM_2Perc_coupling_errors_on_fac10_RP.rml
2025-02-10 20:31:10,984 - INFO - Waiting for batch number: 5, timeout: 22.49752908706665s
2025-02-10 20:31:14,028 - INFO - Completed: 1, remaining: 59, RAYPy_Simulation_bessy3_56m_PGM_2Perc_coupling_errors_on_fac10_RP/round_7/13_bessy3_56m_PGM_2Perc_coupling_errors_on_fac10_RP.rml
2025-02-10 20:31:14,189 - INFO - Completed: 2, remaining: 58, RAYPy_Simulation_bessy3_56m_PGM_2Perc_coupling_errors_on_fac10_RP/round_7/16_bessy3_56m_PGM_2Perc_coupling_errors_on_fac10_RP.rml
2025-02-10 20:31:14,252 - INFO - Completed: 3, remaining: 57, RAYPy_Simulation_bessy3_56m_PGM_2Perc_coupling_errors_on_fac10_RP/round_7/14_bessy3_56m_PGM_2Perc_coupling_errors_on_fac10_RP.rml
2025-02-10 20:31:14,278 - INFO - Completed: 4, remaining: 56, RAYPy_Simulation_bessy3_56m_PGM_2Perc_coupling_errors_on_fac10_RP/round_7/15_bessy3_56m_PGM_2Perc_coupling_errors_on_fac10_RP.rml
2025-02-10 20:31:14,320 - INFO - Completed: 5, remaining: 55, RAYPy_Simulation_bessy3_56m_PGM_2Perc_coupling_errors_on_fac10_RP/round_7/19_bessy3_56m_PGM_2Perc_coupling_errors_on_fac10_RP.rml
2025-02-10 20:31:14,370 - INFO - Completed: 6, remaining: 54, RAYPy_Simulation_bessy3_56m_PGM_2Perc_coupling_errors_on_fac10_RP/round_7/17_bessy3_56m_PGM_2Perc_coupling_errors_on_fac10_RP.rml
2025-02-10 20:31:14,433 - INFO - Completed: 7, remaining: 53, RAYPy_Simulation_bessy3_56m_PGM_2Perc_coupling_errors_on_fac10_RP/round_7/18_bessy3_56m_PGM_2Perc_coupling_errors_on_fac10_RP.rml
2025-02-10 20:31:14,598 - INFO - Completed: 8, remaining: 52, RAYPy_Simulation_bessy3_56m_PGM_2Perc_coupling_errors_on_fac10_RP/round_7/20_bessy3_56m_PGM_2Perc_coupling_errors_on_fac10_RP.rml
2025-02-10 20:31:14,601 - INFO - Completed: 9, remaining: 51, RAYPy_Simulation_bessy3_56m_PGM_2Perc_coupling_errors_on_fac10_RP/round_7/23_bessy3_56m_PGM_2Perc_coupling_errors_on_fac10_RP.rml
2025-02-10 20:31:14,657 - INFO - Completed: 10, remaining: 50, RAYPy_Simulation_bessy3_56m_PGM_2Perc_coupling_errors_on_fac10_RP/round_7/22_bessy3_56m_PGM_2Perc_coupling_errors_on_fac10_RP.rml
2025-02-10 20:31:16,352 - INFO - Completed: 11, remaining: 49, RAYPy_Simulation_bessy3_56m_PGM_2Perc_coupling_errors_on_fac10_RP/round_7/24_bessy3_56m_PGM_2Perc_coupling_errors_on_fac10_RP.rml
2025-02-10 20:31:16,464 - INFO - Completed: 12, remaining: 48, RAYPy_Simulation_bessy3_56m_PGM_2Perc_coupling_errors_on_fac10_RP/round_7/21_bessy3_56m_PGM_2Perc_coupling_errors_on_fac10_RP.rml
2025-02-10 20:31:17,263 - INFO - Completed: 13, remaining: 47, RAYPy_Simulation_bessy3_56m_PGM_2Perc_coupling_errors_on_fac10_RP/round_7/25_bessy3_56m_PGM_2Perc_coupling_errors_on_fac10_RP.rml
2025-02-10 20:31:17,749 - INFO - Completed: 14, remaining: 46, RAYPy_Simulation_bessy3_56m_PGM_2Perc_coupling_errors_on_fac10_RP/round_7/31_bessy3_56m_PGM_2Perc_coupling_errors_on_fac10_RP.rml
2025-02-10 20:31:17,828 - INFO - Completed: 15, remaining: 45, RAYPy_Simulation_bessy3_56m_PGM_2Perc_coupling_errors_on_fac10_RP/round_7/28_bessy3_56m_PGM_2Perc_coupling_errors_on_fac10_RP.rml
2025-02-10 20:31:18,292 - INFO - Completed: 16, remaining: 44, RAYPy_Simulation_bessy3_56m_PGM_2Perc_coupling_errors_on_fac10_RP/round_7/27_bessy3_56m_PGM_2Perc_coupling_errors_on_fac10_RP.rml
2025-02-10 20:31:18,371 - INFO - Completed: 17, remaining: 43, RAYPy_Simulation_bessy3_56m_PGM_2Perc_coupling_errors_on_fac10_RP/round_7/30_bessy3_56m_PGM_2Perc_coupling_errors_on_fac10_RP.rml
2025-02-10 20:31:18,387 - INFO - Completed: 18, remaining: 42, RAYPy_Simulation_bessy3_56m_PGM_2Perc_coupling_errors_on_fac10_RP/round_7/29_bessy3_56m_PGM_2Perc_coupling_errors_on_fac10_RP.rml
2025-02-10 20:31:18,422 - INFO - Completed: 19, remaining: 41, RAYPy_Simulation_bessy3_56m_PGM_2Perc_coupling_errors_on_fac10_RP/round_7/32_bessy3_56m_PGM_2Perc_coupling_errors_on_fac10_RP.rml
2025-02-10 20:31:18,540 - INFO - Completed: 20, remaining: 40, RAYPy_Simulation_bessy3_56m_PGM_2Perc_coupling_errors_on_fac10_RP/round_7/26_bessy3_56m_PGM_2Perc_coupling_errors_on_fac10_RP.rml
2025-02-10 20:31:18,645 - INFO - Completed: 21, remaining: 39, RAYPy_Simulation_bessy3_56m_PGM_2Perc_coupling_errors_on_fac10_RP/round_7/34_bessy3_56m_PGM_2Perc_coupling_errors_on_fac10_RP.rml
2025-02-10 20:31:18,692 - INFO - Completed: 22, remaining: 38, RAYPy_Simulation_bessy3_56m_PGM_2Perc_coupling_errors_on_fac10_RP/round_7/33_bessy3_56m_PGM_2Perc_coupling_errors_on_fac10_RP.rml
2025-02-10 20:31:20,031 - INFO - Completed: 23, remaining: 37, RAYPy_Simulation_bessy3_56m_PGM_2Perc_coupling_errors_on_fac10_RP/round_7/35_bessy3_56m_PGM_2Perc_coupling_errors_on_fac10_RP.rml
2025-02-10 20:31:20,390 - INFO - Completed: 24, remaining: 36, RAYPy_Simulation_bessy3_56m_PGM_2Perc_coupling_errors_on_fac10_RP/round_7/36_bessy3_56m_PGM_2Perc_coupling_errors_on_fac10_RP.rml
2025-02-10 20:31:20,779 - INFO - Completed: 25, remaining: 35, RAYPy_Simulation_bessy3_56m_PGM_2Perc_coupling_errors_on_fac10_RP/round_7/37_bessy3_56m_PGM_2Perc_coupling_errors_on_fac10_RP.rml
2025-02-10 20:31:21,399 - INFO - Completed: 26, remaining: 34, RAYPy_Simulation_bessy3_56m_PGM_2Perc_coupling_errors_on_fac10_RP/round_7/38_bessy3_56m_PGM_2Perc_coupling_errors_on_fac10_RP.rml
2025-02-10 20:31:21,486 - INFO - Completed: 27, remaining: 33, RAYPy_Simulation_bessy3_56m_PGM_2Perc_coupling_errors_on_fac10_RP/round_7/39_bessy3_56m_PGM_2Perc_coupling_errors_on_fac10_RP.rml
2025-02-10 20:31:21,898 - INFO - Completed: 28, remaining: 32, RAYPy_Simulation_bessy3_56m_PGM_2Perc_coupling_errors_on_fac10_RP/round_8/2_bessy3_56m_PGM_2Perc_coupling_errors_on_fac10_RP.rml
2025-02-10 20:31:22,102 - INFO - Completed: 29, remaining: 31, RAYPy_Simulation_bessy3_56m_PGM_2Perc_coupling_errors_on_fac10_RP/round_8/1_bessy3_56m_PGM_2Perc_coupling_errors_on_fac10_RP.rml
2025-02-10 20:31:22,335 - INFO - Completed: 30, remaining: 30, RAYPy_Simulation_bessy3_56m_PGM_2Perc_coupling_errors_on_fac10_RP/round_8/3_bessy3_56m_PGM_2Perc_coupling_errors_on_fac10_RP.rml
2025-02-10 20:31:22,427 - INFO - Completed: 31, remaining: 29, RAYPy_Simulation_bessy3_56m_PGM_2Perc_coupling_errors_on_fac10_RP/round_8/4_bessy3_56m_PGM_2Perc_coupling_errors_on_fac10_RP.rml
2025-02-10 20:31:22,446 - INFO - Completed: 32, remaining: 28, RAYPy_Simulation_bessy3_56m_PGM_2Perc_coupling_errors_on_fac10_RP/round_8/5_bessy3_56m_PGM_2Perc_coupling_errors_on_fac10_RP.rml
2025-02-10 20:31:22,566 - INFO - Completed: 33, remaining: 27, RAYPy_Simulation_bessy3_56m_PGM_2Perc_coupling_errors_on_fac10_RP/round_7/40_bessy3_56m_PGM_2Perc_coupling_errors_on_fac10_RP.rml
2025-02-10 20:31:22,585 - INFO - Completed: 34, remaining: 26, RAYPy_Simulation_bessy3_56m_PGM_2Perc_coupling_errors_on_fac10_RP/round_8/0_bessy3_56m_PGM_2Perc_coupling_errors_on_fac10_RP.rml
2025-02-10 20:31:23,280 - INFO - Completed: 35, remaining: 25, RAYPy_Simulation_bessy3_56m_PGM_2Perc_coupling_errors_on_fac10_RP/round_8/6_bessy3_56m_PGM_2Perc_coupling_errors_on_fac10_RP.rml
2025-02-10 20:31:24,078 - INFO - Completed: 36, remaining: 24, RAYPy_Simulation_bessy3_56m_PGM_2Perc_coupling_errors_on_fac10_RP/round_8/7_bessy3_56m_PGM_2Perc_coupling_errors_on_fac10_RP.rml
2025-02-10 20:31:24,582 - INFO - Completed: 37, remaining: 23, RAYPy_Simulation_bessy3_56m_PGM_2Perc_coupling_errors_on_fac10_RP/round_8/8_bessy3_56m_PGM_2Perc_coupling_errors_on_fac10_RP.rml
2025-02-10 20:31:25,112 - INFO - Completed: 38, remaining: 22, RAYPy_Simulation_bessy3_56m_PGM_2Perc_coupling_errors_on_fac10_RP/round_8/10_bessy3_56m_PGM_2Perc_coupling_errors_on_fac10_RP.rml
2025-02-10 20:31:25,313 - INFO - Completed: 39, remaining: 21, RAYPy_Simulation_bessy3_56m_PGM_2Perc_coupling_errors_on_fac10_RP/round_8/9_bessy3_56m_PGM_2Perc_coupling_errors_on_fac10_RP.rml
2025-02-10 20:31:25,757 - INFO - Completed: 40, remaining: 20, RAYPy_Simulation_bessy3_56m_PGM_2Perc_coupling_errors_on_fac10_RP/round_8/11_bessy3_56m_PGM_2Perc_coupling_errors_on_fac10_RP.rml
2025-02-10 20:31:25,913 - INFO - Completed: 41, remaining: 19, RAYPy_Simulation_bessy3_56m_PGM_2Perc_coupling_errors_on_fac10_RP/round_8/12_bessy3_56m_PGM_2Perc_coupling_errors_on_fac10_RP.rml
2025-02-10 20:31:26,133 - INFO - Completed: 42, remaining: 18, RAYPy_Simulation_bessy3_56m_PGM_2Perc_coupling_errors_on_fac10_RP/round_8/13_bessy3_56m_PGM_2Perc_coupling_errors_on_fac10_RP.rml
2025-02-10 20:31:26,273 - INFO - Completed: 43, remaining: 17, RAYPy_Simulation_bessy3_56m_PGM_2Perc_coupling_errors_on_fac10_RP/round_8/14_bessy3_56m_PGM_2Perc_coupling_errors_on_fac10_RP.rml
2025-02-10 20:31:26,391 - INFO - Completed: 44, remaining: 16, RAYPy_Simulation_bessy3_56m_PGM_2Perc_coupling_errors_on_fac10_RP/round_8/17_bessy3_56m_PGM_2Perc_coupling_errors_on_fac10_RP.rml
2025-02-10 20:31:26,426 - INFO - Completed: 45, remaining: 15, RAYPy_Simulation_bessy3_56m_PGM_2Perc_coupling_errors_on_fac10_RP/round_8/15_bessy3_56m_PGM_2Perc_coupling_errors_on_fac10_RP.rml
2025-02-10 20:31:26,557 - INFO - Completed: 46, remaining: 14, RAYPy_Simulation_bessy3_56m_PGM_2Perc_coupling_errors_on_fac10_RP/round_8/16_bessy3_56m_PGM_2Perc_coupling_errors_on_fac10_RP.rml
2025-02-10 20:31:26,912 - INFO - Completed: 47, remaining: 13, RAYPy_Simulation_bessy3_56m_PGM_2Perc_coupling_errors_on_fac10_RP/round_8/18_bessy3_56m_PGM_2Perc_coupling_errors_on_fac10_RP.rml
2025-02-10 20:31:27,949 - INFO - Completed: 48, remaining: 12, RAYPy_Simulation_bessy3_56m_PGM_2Perc_coupling_errors_on_fac10_RP/round_8/19_bessy3_56m_PGM_2Perc_coupling_errors_on_fac10_RP.rml
2025-02-10 20:31:28,449 - INFO - Completed: 49, remaining: 11, RAYPy_Simulation_bessy3_56m_PGM_2Perc_coupling_errors_on_fac10_RP/round_8/20_bessy3_56m_PGM_2Perc_coupling_errors_on_fac10_RP.rml
2025-02-10 20:31:28,720 - INFO - Completed: 50, remaining: 10, RAYPy_Simulation_bessy3_56m_PGM_2Perc_coupling_errors_on_fac10_RP/round_8/21_bessy3_56m_PGM_2Perc_coupling_errors_on_fac10_RP.rml
2025-02-10 20:31:29,221 - INFO - Completed: 51, remaining: 9, RAYPy_Simulation_bessy3_56m_PGM_2Perc_coupling_errors_on_fac10_RP/round_8/23_bessy3_56m_PGM_2Perc_coupling_errors_on_fac10_RP.rml
2025-02-10 20:31:29,443 - INFO - Completed: 52, remaining: 8, RAYPy_Simulation_bessy3_56m_PGM_2Perc_coupling_errors_on_fac10_RP/round_8/22_bessy3_56m_PGM_2Perc_coupling_errors_on_fac10_RP.rml
2025-02-10 20:31:29,555 - INFO - Completed: 53, remaining: 7, RAYPy_Simulation_bessy3_56m_PGM_2Perc_coupling_errors_on_fac10_RP/round_8/24_bessy3_56m_PGM_2Perc_coupling_errors_on_fac10_RP.rml
2025-02-10 20:31:29,698 - INFO - Completed: 54, remaining: 6, RAYPy_Simulation_bessy3_56m_PGM_2Perc_coupling_errors_on_fac10_RP/round_8/25_bessy3_56m_PGM_2Perc_coupling_errors_on_fac10_RP.rml
2025-02-10 20:31:29,844 - INFO - Completed: 55, remaining: 5, RAYPy_Simulation_bessy3_56m_PGM_2Perc_coupling_errors_on_fac10_RP/round_8/28_bessy3_56m_PGM_2Perc_coupling_errors_on_fac10_RP.rml
2025-02-10 20:31:29,862 - INFO - Completed: 56, remaining: 4, RAYPy_Simulation_bessy3_56m_PGM_2Perc_coupling_errors_on_fac10_RP/round_8/26_bessy3_56m_PGM_2Perc_coupling_errors_on_fac10_RP.rml
2025-02-10 20:31:29,992 - INFO - Completed: 57, remaining: 3, RAYPy_Simulation_bessy3_56m_PGM_2Perc_coupling_errors_on_fac10_RP/round_8/27_bessy3_56m_PGM_2Perc_coupling_errors_on_fac10_RP.rml
2025-02-10 20:31:30,083 - INFO - Completed: 58, remaining: 2, RAYPy_Simulation_bessy3_56m_PGM_2Perc_coupling_errors_on_fac10_RP/round_8/29_bessy3_56m_PGM_2Perc_coupling_errors_on_fac10_RP.rml
2025-02-10 20:31:30,209 - INFO - Completed: 59, remaining: 1, RAYPy_Simulation_bessy3_56m_PGM_2Perc_coupling_errors_on_fac10_RP/round_8/30_bessy3_56m_PGM_2Perc_coupling_errors_on_fac10_RP.rml
2025-02-10 20:31:30,671 - INFO - Completed: 60, remaining: 0, RAYPy_Simulation_bessy3_56m_PGM_2Perc_coupling_errors_on_fac10_RP/round_8/31_bessy3_56m_PGM_2Perc_coupling_errors_on_fac10_RP.rml
2025-02-10 20:31:30,671 - INFO - Batch Completed
2025-02-10 20:31:30,671 - INFO - Waiting For batch, 60 simulations to go
2025-02-10 20:31:30,678 - INFO - Prepared sim number: 32: RAYPy_Simulation_bessy3_56m_PGM_2Perc_coupling_errors_on_fac10_RP/round_8/32_bessy3_56m_PGM_2Perc_coupling_errors_on_fac10_RP.rml
2025-02-10 20:31:30,687 - INFO - Prepared sim number: 33: RAYPy_Simulation_bessy3_56m_PGM_2Perc_coupling_errors_on_fac10_RP/round_8/33_bessy3_56m_PGM_2Perc_coupling_errors_on_fac10_RP.rml
2025-02-10 20:31:30,695 - INFO - Prepared sim number: 34: RAYPy_Simulation_bessy3_56m_PGM_2Perc_coupling_errors_on_fac10_RP/round_8/34_bessy3_56m_PGM_2Perc_coupling_errors_on_fac10_RP.rml
2025-02-10 20:31:30,702 - INFO - Prepared sim number: 35: RAYPy_Simulation_bessy3_56m_PGM_2Perc_coupling_errors_on_fac10_RP/round_8/35_bessy3_56m_PGM_2Perc_coupling_errors_on_fac10_RP.rml
2025-02-10 20:31:30,709 - INFO - Prepared sim number: 36: RAYPy_Simulation_bessy3_56m_PGM_2Perc_coupling_errors_on_fac10_RP/round_8/36_bessy3_56m_PGM_2Perc_coupling_errors_on_fac10_RP.rml
2025-02-10 20:31:30,715 - INFO - Prepared sim number: 37: RAYPy_Simulation_bessy3_56m_PGM_2Perc_coupling_errors_on_fac10_RP/round_8/37_bessy3_56m_PGM_2Perc_coupling_errors_on_fac10_RP.rml
2025-02-10 20:31:30,721 - INFO - Prepared sim number: 38: RAYPy_Simulation_bessy3_56m_PGM_2Perc_coupling_errors_on_fac10_RP/round_8/38_bessy3_56m_PGM_2Perc_coupling_errors_on_fac10_RP.rml
2025-02-10 20:31:30,726 - INFO - Prepared sim number: 39: RAYPy_Simulation_bessy3_56m_PGM_2Perc_coupling_errors_on_fac10_RP/round_8/39_bessy3_56m_PGM_2Perc_coupling_errors_on_fac10_RP.rml
2025-02-10 20:31:30,732 - INFO - Prepared sim number: 40: RAYPy_Simulation_bessy3_56m_PGM_2Perc_coupling_errors_on_fac10_RP/round_8/40_bessy3_56m_PGM_2Perc_coupling_errors_on_fac10_RP.rml
2025-02-10 20:31:30,732 - INFO - Start round 9
2025-02-10 20:31:30,737 - INFO - Prepared sim number: 0: RAYPy_Simulation_bessy3_56m_PGM_2Perc_coupling_errors_on_fac10_RP/round_9/0_bessy3_56m_PGM_2Perc_coupling_errors_on_fac10_RP.rml
2025-02-10 20:31:30,743 - INFO - Prepared sim number: 1: RAYPy_Simulation_bessy3_56m_PGM_2Perc_coupling_errors_on_fac10_RP/round_9/1_bessy3_56m_PGM_2Perc_coupling_errors_on_fac10_RP.rml
2025-02-10 20:31:30,748 - INFO - Prepared sim number: 2: RAYPy_Simulation_bessy3_56m_PGM_2Perc_coupling_errors_on_fac10_RP/round_9/2_bessy3_56m_PGM_2Perc_coupling_errors_on_fac10_RP.rml
2025-02-10 20:31:30,754 - INFO - Prepared sim number: 3: RAYPy_Simulation_bessy3_56m_PGM_2Perc_coupling_errors_on_fac10_RP/round_9/3_bessy3_56m_PGM_2Perc_coupling_errors_on_fac10_RP.rml
2025-02-10 20:31:30,760 - INFO - Prepared sim number: 4: RAYPy_Simulation_bessy3_56m_PGM_2Perc_coupling_errors_on_fac10_RP/round_9/4_bessy3_56m_PGM_2Perc_coupling_errors_on_fac10_RP.rml
2025-02-10 20:31:30,765 - INFO - Prepared sim number: 5: RAYPy_Simulation_bessy3_56m_PGM_2Perc_coupling_errors_on_fac10_RP/round_9/5_bessy3_56m_PGM_2Perc_coupling_errors_on_fac10_RP.rml
2025-02-10 20:31:30,771 - INFO - Prepared sim number: 6: RAYPy_Simulation_bessy3_56m_PGM_2Perc_coupling_errors_on_fac10_RP/round_9/6_bessy3_56m_PGM_2Perc_coupling_errors_on_fac10_RP.rml
2025-02-10 20:31:30,777 - INFO - Prepared sim number: 7: RAYPy_Simulation_bessy3_56m_PGM_2Perc_coupling_errors_on_fac10_RP/round_9/7_bessy3_56m_PGM_2Perc_coupling_errors_on_fac10_RP.rml
2025-02-10 20:31:30,782 - INFO - Prepared sim number: 8: RAYPy_Simulation_bessy3_56m_PGM_2Perc_coupling_errors_on_fac10_RP/round_9/8_bessy3_56m_PGM_2Perc_coupling_errors_on_fac10_RP.rml
2025-02-10 20:31:30,788 - INFO - Prepared sim number: 9: RAYPy_Simulation_bessy3_56m_PGM_2Perc_coupling_errors_on_fac10_RP/round_9/9_bessy3_56m_PGM_2Perc_coupling_errors_on_fac10_RP.rml
2025-02-10 20:31:30,793 - INFO - Prepared sim number: 10: RAYPy_Simulation_bessy3_56m_PGM_2Perc_coupling_errors_on_fac10_RP/round_9/10_bessy3_56m_PGM_2Perc_coupling_errors_on_fac10_RP.rml
2025-02-10 20:31:30,799 - INFO - Prepared sim number: 11: RAYPy_Simulation_bessy3_56m_PGM_2Perc_coupling_errors_on_fac10_RP/round_9/11_bessy3_56m_PGM_2Perc_coupling_errors_on_fac10_RP.rml
2025-02-10 20:31:30,804 - INFO - Prepared sim number: 12: RAYPy_Simulation_bessy3_56m_PGM_2Perc_coupling_errors_on_fac10_RP/round_9/12_bessy3_56m_PGM_2Perc_coupling_errors_on_fac10_RP.rml
2025-02-10 20:31:30,809 - INFO - Prepared sim number: 13: RAYPy_Simulation_bessy3_56m_PGM_2Perc_coupling_errors_on_fac10_RP/round_9/13_bessy3_56m_PGM_2Perc_coupling_errors_on_fac10_RP.rml
2025-02-10 20:31:30,813 - INFO - Prepared sim number: 14: RAYPy_Simulation_bessy3_56m_PGM_2Perc_coupling_errors_on_fac10_RP/round_9/14_bessy3_56m_PGM_2Perc_coupling_errors_on_fac10_RP.rml
2025-02-10 20:31:30,817 - INFO - Prepared sim number: 15: RAYPy_Simulation_bessy3_56m_PGM_2Perc_coupling_errors_on_fac10_RP/round_9/15_bessy3_56m_PGM_2Perc_coupling_errors_on_fac10_RP.rml
2025-02-10 20:31:30,821 - INFO - Prepared sim number: 16: RAYPy_Simulation_bessy3_56m_PGM_2Perc_coupling_errors_on_fac10_RP/round_9/16_bessy3_56m_PGM_2Perc_coupling_errors_on_fac10_RP.rml
2025-02-10 20:31:30,827 - INFO - Prepared sim number: 17: RAYPy_Simulation_bessy3_56m_PGM_2Perc_coupling_errors_on_fac10_RP/round_9/17_bessy3_56m_PGM_2Perc_coupling_errors_on_fac10_RP.rml
2025-02-10 20:31:30,831 - INFO - Prepared sim number: 18: RAYPy_Simulation_bessy3_56m_PGM_2Perc_coupling_errors_on_fac10_RP/round_9/18_bessy3_56m_PGM_2Perc_coupling_errors_on_fac10_RP.rml
2025-02-10 20:31:30,835 - INFO - Prepared sim number: 19: RAYPy_Simulation_bessy3_56m_PGM_2Perc_coupling_errors_on_fac10_RP/round_9/19_bessy3_56m_PGM_2Perc_coupling_errors_on_fac10_RP.rml
2025-02-10 20:31:30,839 - INFO - Prepared sim number: 20: RAYPy_Simulation_bessy3_56m_PGM_2Perc_coupling_errors_on_fac10_RP/round_9/20_bessy3_56m_PGM_2Perc_coupling_errors_on_fac10_RP.rml
2025-02-10 20:31:30,843 - INFO - Prepared sim number: 21: RAYPy_Simulation_bessy3_56m_PGM_2Perc_coupling_errors_on_fac10_RP/round_9/21_bessy3_56m_PGM_2Perc_coupling_errors_on_fac10_RP.rml
2025-02-10 20:31:30,846 - INFO - Prepared sim number: 22: RAYPy_Simulation_bessy3_56m_PGM_2Perc_coupling_errors_on_fac10_RP/round_9/22_bessy3_56m_PGM_2Perc_coupling_errors_on_fac10_RP.rml
2025-02-10 20:31:30,849 - INFO - Prepared sim number: 23: RAYPy_Simulation_bessy3_56m_PGM_2Perc_coupling_errors_on_fac10_RP/round_9/23_bessy3_56m_PGM_2Perc_coupling_errors_on_fac10_RP.rml
2025-02-10 20:31:30,854 - INFO - Prepared sim number: 24: RAYPy_Simulation_bessy3_56m_PGM_2Perc_coupling_errors_on_fac10_RP/round_9/24_bessy3_56m_PGM_2Perc_coupling_errors_on_fac10_RP.rml
2025-02-10 20:31:30,858 - INFO - Prepared sim number: 25: RAYPy_Simulation_bessy3_56m_PGM_2Perc_coupling_errors_on_fac10_RP/round_9/25_bessy3_56m_PGM_2Perc_coupling_errors_on_fac10_RP.rml
2025-02-10 20:31:30,861 - INFO - Prepared sim number: 26: RAYPy_Simulation_bessy3_56m_PGM_2Perc_coupling_errors_on_fac10_RP/round_9/26_bessy3_56m_PGM_2Perc_coupling_errors_on_fac10_RP.rml
2025-02-10 20:31:30,864 - INFO - Prepared sim number: 27: RAYPy_Simulation_bessy3_56m_PGM_2Perc_coupling_errors_on_fac10_RP/round_9/27_bessy3_56m_PGM_2Perc_coupling_errors_on_fac10_RP.rml
2025-02-10 20:31:30,868 - INFO - Prepared sim number: 28: RAYPy_Simulation_bessy3_56m_PGM_2Perc_coupling_errors_on_fac10_RP/round_9/28_bessy3_56m_PGM_2Perc_coupling_errors_on_fac10_RP.rml
2025-02-10 20:31:30,871 - INFO - Prepared sim number: 29: RAYPy_Simulation_bessy3_56m_PGM_2Perc_coupling_errors_on_fac10_RP/round_9/29_bessy3_56m_PGM_2Perc_coupling_errors_on_fac10_RP.rml
2025-02-10 20:31:30,875 - INFO - Prepared sim number: 30: RAYPy_Simulation_bessy3_56m_PGM_2Perc_coupling_errors_on_fac10_RP/round_9/30_bessy3_56m_PGM_2Perc_coupling_errors_on_fac10_RP.rml
2025-02-10 20:31:30,878 - INFO - Prepared sim number: 31: RAYPy_Simulation_bessy3_56m_PGM_2Perc_coupling_errors_on_fac10_RP/round_9/31_bessy3_56m_PGM_2Perc_coupling_errors_on_fac10_RP.rml
2025-02-10 20:31:30,881 - INFO - Prepared sim number: 32: RAYPy_Simulation_bessy3_56m_PGM_2Perc_coupling_errors_on_fac10_RP/round_9/32_bessy3_56m_PGM_2Perc_coupling_errors_on_fac10_RP.rml
2025-02-10 20:31:30,885 - INFO - Prepared sim number: 33: RAYPy_Simulation_bessy3_56m_PGM_2Perc_coupling_errors_on_fac10_RP/round_9/33_bessy3_56m_PGM_2Perc_coupling_errors_on_fac10_RP.rml
2025-02-10 20:31:30,888 - INFO - Prepared sim number: 34: RAYPy_Simulation_bessy3_56m_PGM_2Perc_coupling_errors_on_fac10_RP/round_9/34_bessy3_56m_PGM_2Perc_coupling_errors_on_fac10_RP.rml
2025-02-10 20:31:30,891 - INFO - Prepared sim number: 35: RAYPy_Simulation_bessy3_56m_PGM_2Perc_coupling_errors_on_fac10_RP/round_9/35_bessy3_56m_PGM_2Perc_coupling_errors_on_fac10_RP.rml
2025-02-10 20:31:30,895 - INFO - Prepared sim number: 36: RAYPy_Simulation_bessy3_56m_PGM_2Perc_coupling_errors_on_fac10_RP/round_9/36_bessy3_56m_PGM_2Perc_coupling_errors_on_fac10_RP.rml
2025-02-10 20:31:30,898 - INFO - Prepared sim number: 37: RAYPy_Simulation_bessy3_56m_PGM_2Perc_coupling_errors_on_fac10_RP/round_9/37_bessy3_56m_PGM_2Perc_coupling_errors_on_fac10_RP.rml
2025-02-10 20:31:30,901 - INFO - Prepared sim number: 38: RAYPy_Simulation_bessy3_56m_PGM_2Perc_coupling_errors_on_fac10_RP/round_9/38_bessy3_56m_PGM_2Perc_coupling_errors_on_fac10_RP.rml
2025-02-10 20:31:30,905 - INFO - Prepared sim number: 39: RAYPy_Simulation_bessy3_56m_PGM_2Perc_coupling_errors_on_fac10_RP/round_9/39_bessy3_56m_PGM_2Perc_coupling_errors_on_fac10_RP.rml
2025-02-10 20:31:30,909 - INFO - Prepared sim number: 40: RAYPy_Simulation_bessy3_56m_PGM_2Perc_coupling_errors_on_fac10_RP/round_9/40_bessy3_56m_PGM_2Perc_coupling_errors_on_fac10_RP.rml
2025-02-10 20:31:30,910 - INFO - Waiting for batch number: 6, timeout: 22.47914896408717s
2025-02-10 20:31:33,206 - INFO - Completed: 1, remaining: 59, RAYPy_Simulation_bessy3_56m_PGM_2Perc_coupling_errors_on_fac10_RP/round_9/2_bessy3_56m_PGM_2Perc_coupling_errors_on_fac10_RP.rml
2025-02-10 20:31:33,544 - INFO - Completed: 2, remaining: 58, RAYPy_Simulation_bessy3_56m_PGM_2Perc_coupling_errors_on_fac10_RP/round_8/39_bessy3_56m_PGM_2Perc_coupling_errors_on_fac10_RP.rml
2025-02-10 20:31:33,577 - INFO - Completed: 3, remaining: 57, RAYPy_Simulation_bessy3_56m_PGM_2Perc_coupling_errors_on_fac10_RP/round_8/34_bessy3_56m_PGM_2Perc_coupling_errors_on_fac10_RP.rml
2025-02-10 20:31:33,671 - INFO - Completed: 4, remaining: 56, RAYPy_Simulation_bessy3_56m_PGM_2Perc_coupling_errors_on_fac10_RP/round_8/40_bessy3_56m_PGM_2Perc_coupling_errors_on_fac10_RP.rml
2025-02-10 20:31:33,673 - INFO - Completed: 5, remaining: 55, RAYPy_Simulation_bessy3_56m_PGM_2Perc_coupling_errors_on_fac10_RP/round_8/37_bessy3_56m_PGM_2Perc_coupling_errors_on_fac10_RP.rml
2025-02-10 20:31:33,741 - INFO - Completed: 6, remaining: 54, RAYPy_Simulation_bessy3_56m_PGM_2Perc_coupling_errors_on_fac10_RP/round_8/33_bessy3_56m_PGM_2Perc_coupling_errors_on_fac10_RP.rml
2025-02-10 20:31:36,168 - INFO - Completed: 7, remaining: 53, RAYPy_Simulation_bessy3_56m_PGM_2Perc_coupling_errors_on_fac10_RP/round_9/1_bessy3_56m_PGM_2Perc_coupling_errors_on_fac10_RP.rml
2025-02-10 20:31:36,452 - INFO - Completed: 8, remaining: 52, RAYPy_Simulation_bessy3_56m_PGM_2Perc_coupling_errors_on_fac10_RP/round_9/0_bessy3_56m_PGM_2Perc_coupling_errors_on_fac10_RP.rml
2025-02-10 20:31:36,558 - INFO - Completed: 9, remaining: 51, RAYPy_Simulation_bessy3_56m_PGM_2Perc_coupling_errors_on_fac10_RP/round_8/35_bessy3_56m_PGM_2Perc_coupling_errors_on_fac10_RP.rml
2025-02-10 20:31:36,723 - INFO - Completed: 10, remaining: 50, RAYPy_Simulation_bessy3_56m_PGM_2Perc_coupling_errors_on_fac10_RP/round_9/3_bessy3_56m_PGM_2Perc_coupling_errors_on_fac10_RP.rml
2025-02-10 20:31:36,738 - INFO - Completed: 11, remaining: 49, RAYPy_Simulation_bessy3_56m_PGM_2Perc_coupling_errors_on_fac10_RP/round_8/38_bessy3_56m_PGM_2Perc_coupling_errors_on_fac10_RP.rml
2025-02-10 20:31:37,116 - INFO - Completed: 12, remaining: 48, RAYPy_Simulation_bessy3_56m_PGM_2Perc_coupling_errors_on_fac10_RP/round_9/4_bessy3_56m_PGM_2Perc_coupling_errors_on_fac10_RP.rml
2025-02-10 20:31:37,137 - INFO - Completed: 13, remaining: 47, RAYPy_Simulation_bessy3_56m_PGM_2Perc_coupling_errors_on_fac10_RP/round_9/7_bessy3_56m_PGM_2Perc_coupling_errors_on_fac10_RP.rml
2025-02-10 20:31:37,174 - INFO - Completed: 14, remaining: 46, RAYPy_Simulation_bessy3_56m_PGM_2Perc_coupling_errors_on_fac10_RP/round_9/6_bessy3_56m_PGM_2Perc_coupling_errors_on_fac10_RP.rml
2025-02-10 20:31:37,195 - INFO - Completed: 15, remaining: 45, RAYPy_Simulation_bessy3_56m_PGM_2Perc_coupling_errors_on_fac10_RP/round_8/32_bessy3_56m_PGM_2Perc_coupling_errors_on_fac10_RP.rml
2025-02-10 20:31:37,268 - INFO - Completed: 16, remaining: 44, RAYPy_Simulation_bessy3_56m_PGM_2Perc_coupling_errors_on_fac10_RP/round_8/36_bessy3_56m_PGM_2Perc_coupling_errors_on_fac10_RP.rml
2025-02-10 20:31:37,275 - INFO - Completed: 17, remaining: 43, RAYPy_Simulation_bessy3_56m_PGM_2Perc_coupling_errors_on_fac10_RP/round_9/8_bessy3_56m_PGM_2Perc_coupling_errors_on_fac10_RP.rml
2025-02-10 20:31:37,278 - INFO - Completed: 18, remaining: 42, RAYPy_Simulation_bessy3_56m_PGM_2Perc_coupling_errors_on_fac10_RP/round_9/5_bessy3_56m_PGM_2Perc_coupling_errors_on_fac10_RP.rml
2025-02-10 20:31:39,667 - INFO - Completed: 19, remaining: 41, RAYPy_Simulation_bessy3_56m_PGM_2Perc_coupling_errors_on_fac10_RP/round_9/9_bessy3_56m_PGM_2Perc_coupling_errors_on_fac10_RP.rml
2025-02-10 20:31:40,115 - INFO - Completed: 20, remaining: 40, RAYPy_Simulation_bessy3_56m_PGM_2Perc_coupling_errors_on_fac10_RP/round_9/10_bessy3_56m_PGM_2Perc_coupling_errors_on_fac10_RP.rml
2025-02-10 20:31:40,176 - INFO - Completed: 21, remaining: 39, RAYPy_Simulation_bessy3_56m_PGM_2Perc_coupling_errors_on_fac10_RP/round_9/11_bessy3_56m_PGM_2Perc_coupling_errors_on_fac10_RP.rml
2025-02-10 20:31:40,307 - INFO - Completed: 22, remaining: 38, RAYPy_Simulation_bessy3_56m_PGM_2Perc_coupling_errors_on_fac10_RP/round_9/13_bessy3_56m_PGM_2Perc_coupling_errors_on_fac10_RP.rml
2025-02-10 20:31:40,446 - INFO - Completed: 23, remaining: 37, RAYPy_Simulation_bessy3_56m_PGM_2Perc_coupling_errors_on_fac10_RP/round_9/12_bessy3_56m_PGM_2Perc_coupling_errors_on_fac10_RP.rml
2025-02-10 20:31:40,871 - INFO - Completed: 24, remaining: 36, RAYPy_Simulation_bessy3_56m_PGM_2Perc_coupling_errors_on_fac10_RP/round_9/16_bessy3_56m_PGM_2Perc_coupling_errors_on_fac10_RP.rml
2025-02-10 20:31:40,895 - INFO - Completed: 25, remaining: 35, RAYPy_Simulation_bessy3_56m_PGM_2Perc_coupling_errors_on_fac10_RP/round_9/14_bessy3_56m_PGM_2Perc_coupling_errors_on_fac10_RP.rml
2025-02-10 20:31:41,048 - INFO - Completed: 26, remaining: 34, RAYPy_Simulation_bessy3_56m_PGM_2Perc_coupling_errors_on_fac10_RP/round_9/17_bessy3_56m_PGM_2Perc_coupling_errors_on_fac10_RP.rml
2025-02-10 20:31:41,139 - INFO - Completed: 27, remaining: 33, RAYPy_Simulation_bessy3_56m_PGM_2Perc_coupling_errors_on_fac10_RP/round_9/15_bessy3_56m_PGM_2Perc_coupling_errors_on_fac10_RP.rml
2025-02-10 20:31:41,196 - INFO - Completed: 28, remaining: 32, RAYPy_Simulation_bessy3_56m_PGM_2Perc_coupling_errors_on_fac10_RP/round_9/19_bessy3_56m_PGM_2Perc_coupling_errors_on_fac10_RP.rml
2025-02-10 20:31:41,364 - INFO - Completed: 29, remaining: 31, RAYPy_Simulation_bessy3_56m_PGM_2Perc_coupling_errors_on_fac10_RP/round_9/20_bessy3_56m_PGM_2Perc_coupling_errors_on_fac10_RP.rml
2025-02-10 20:31:41,568 - INFO - Completed: 30, remaining: 30, RAYPy_Simulation_bessy3_56m_PGM_2Perc_coupling_errors_on_fac10_RP/round_9/18_bessy3_56m_PGM_2Perc_coupling_errors_on_fac10_RP.rml
2025-02-10 20:31:43,255 - INFO - Completed: 31, remaining: 29, RAYPy_Simulation_bessy3_56m_PGM_2Perc_coupling_errors_on_fac10_RP/round_9/21_bessy3_56m_PGM_2Perc_coupling_errors_on_fac10_RP.rml
2025-02-10 20:31:43,787 - INFO - Completed: 32, remaining: 28, RAYPy_Simulation_bessy3_56m_PGM_2Perc_coupling_errors_on_fac10_RP/round_9/23_bessy3_56m_PGM_2Perc_coupling_errors_on_fac10_RP.rml
2025-02-10 20:31:43,894 - INFO - Completed: 33, remaining: 27, RAYPy_Simulation_bessy3_56m_PGM_2Perc_coupling_errors_on_fac10_RP/round_9/22_bessy3_56m_PGM_2Perc_coupling_errors_on_fac10_RP.rml
2025-02-10 20:31:43,898 - INFO - Completed: 34, remaining: 26, RAYPy_Simulation_bessy3_56m_PGM_2Perc_coupling_errors_on_fac10_RP/round_9/24_bessy3_56m_PGM_2Perc_coupling_errors_on_fac10_RP.rml
2025-02-10 20:31:44,126 - INFO - Completed: 35, remaining: 25, RAYPy_Simulation_bessy3_56m_PGM_2Perc_coupling_errors_on_fac10_RP/round_9/25_bessy3_56m_PGM_2Perc_coupling_errors_on_fac10_RP.rml
2025-02-10 20:31:44,542 - INFO - Completed: 36, remaining: 24, RAYPy_Simulation_bessy3_56m_PGM_2Perc_coupling_errors_on_fac10_RP/round_9/26_bessy3_56m_PGM_2Perc_coupling_errors_on_fac10_RP.rml
2025-02-10 20:31:44,569 - INFO - Completed: 37, remaining: 23, RAYPy_Simulation_bessy3_56m_PGM_2Perc_coupling_errors_on_fac10_RP/round_9/27_bessy3_56m_PGM_2Perc_coupling_errors_on_fac10_RP.rml
2025-02-10 20:31:44,745 - INFO - Completed: 38, remaining: 22, RAYPy_Simulation_bessy3_56m_PGM_2Perc_coupling_errors_on_fac10_RP/round_9/28_bessy3_56m_PGM_2Perc_coupling_errors_on_fac10_RP.rml
2025-02-10 20:31:45,075 - INFO - Completed: 39, remaining: 21, RAYPy_Simulation_bessy3_56m_PGM_2Perc_coupling_errors_on_fac10_RP/round_9/31_bessy3_56m_PGM_2Perc_coupling_errors_on_fac10_RP.rml
2025-02-10 20:31:45,094 - INFO - Completed: 40, remaining: 20, RAYPy_Simulation_bessy3_56m_PGM_2Perc_coupling_errors_on_fac10_RP/round_9/29_bessy3_56m_PGM_2Perc_coupling_errors_on_fac10_RP.rml
2025-02-10 20:31:45,219 - INFO - Completed: 41, remaining: 19, RAYPy_Simulation_bessy3_56m_PGM_2Perc_coupling_errors_on_fac10_RP/round_9/32_bessy3_56m_PGM_2Perc_coupling_errors_on_fac10_RP.rml
2025-02-10 20:31:45,681 - INFO - Completed: 42, remaining: 18, RAYPy_Simulation_bessy3_56m_PGM_2Perc_coupling_errors_on_fac10_RP/round_9/30_bessy3_56m_PGM_2Perc_coupling_errors_on_fac10_RP.rml
2025-02-10 20:31:46,680 - INFO - Completed: 43, remaining: 17, RAYPy_Simulation_bessy3_56m_PGM_2Perc_coupling_errors_on_fac10_RP/round_9/33_bessy3_56m_PGM_2Perc_coupling_errors_on_fac10_RP.rml
2025-02-10 20:31:47,027 - INFO - Completed: 44, remaining: 16, RAYPy_Simulation_bessy3_56m_PGM_2Perc_coupling_errors_on_fac10_RP/round_9/34_bessy3_56m_PGM_2Perc_coupling_errors_on_fac10_RP.rml
2025-02-10 20:31:47,207 - INFO - Completed: 45, remaining: 15, RAYPy_Simulation_bessy3_56m_PGM_2Perc_coupling_errors_on_fac10_RP/round_9/35_bessy3_56m_PGM_2Perc_coupling_errors_on_fac10_RP.rml
2025-02-10 20:31:47,322 - INFO - Completed: 46, remaining: 14, RAYPy_Simulation_bessy3_56m_PGM_2Perc_coupling_errors_on_fac10_RP/round_9/36_bessy3_56m_PGM_2Perc_coupling_errors_on_fac10_RP.rml
2025-02-10 20:31:47,327 - INFO - Completed: 47, remaining: 13, RAYPy_Simulation_bessy3_56m_PGM_2Perc_coupling_errors_on_fac10_RP/round_9/37_bessy3_56m_PGM_2Perc_coupling_errors_on_fac10_RP.rml
2025-02-10 20:31:47,464 - INFO - Completed: 48, remaining: 12, RAYPy_Simulation_bessy3_56m_PGM_2Perc_coupling_errors_on_fac10_RP/round_9/38_bessy3_56m_PGM_2Perc_coupling_errors_on_fac10_RP.rml
2025-02-10 20:31:47,493 - INFO - Completed: 49, remaining: 11, RAYPy_Simulation_bessy3_56m_PGM_2Perc_coupling_errors_on_fac10_RP/round_9/39_bessy3_56m_PGM_2Perc_coupling_errors_on_fac10_RP.rml
2025-02-10 20:31:47,605 - INFO - Completed: 50, remaining: 10, RAYPy_Simulation_bessy3_56m_PGM_2Perc_coupling_errors_on_fac10_RP/round_9/40_bessy3_56m_PGM_2Perc_coupling_errors_on_fac10_RP.rml
2025-02-10 20:31:47,606 - INFO - Batch Completed
2025-02-10 20:31:47,606 - INFO - Waiting For batch, 60 simulations to go
2025-02-10 20:31:47,607 - INFO - Remaning Simulations 0, stop the simulations loop
2025-02-10 20:31:47,607 - INFO - Checking that all simulations are completed before stopping the ProcessPoolExecutor
2025-02-10 20:31:47,832 - INFO - Executor shutdown completed.
2025-02-10 20:31:47,846 - INFO - Simulation completed successfully.
2025-02-10 20:31:47,846 - INFO - Starting cleanup
2025-02-10 20:31:49,501 - INFO - Done with the cleanup
2025-02-10 20:31:49,501 - INFO - Create Pandas Recap Files
2025-02-10 20:31:49,518 - INFO - End of the Simulations
