2025-02-10 20:16:20,507 - INFO - Simulation started, using 12 workers
2025-02-10 20:16:20,512 - INFO - Start round 0
2025-02-10 20:16:20,531 - INFO - Prepared sim number: 0: RAYPy_Simulation_bessy2lo_56m_PGM_2Perc_coupling_errors_on_RP/round_0/0_bessy2lo_56m_PGM_2Perc_coupling_errors_on_RP.rml
2025-02-10 20:16:20,548 - INFO - Prepared sim number: 1: RAYPy_Simulation_bessy2lo_56m_PGM_2Perc_coupling_errors_on_RP/round_0/1_bessy2lo_56m_PGM_2Perc_coupling_errors_on_RP.rml
2025-02-10 20:16:20,565 - INFO - Prepared sim number: 2: RAYPy_Simulation_bessy2lo_56m_PGM_2Perc_coupling_errors_on_RP/round_0/2_bessy2lo_56m_PGM_2Perc_coupling_errors_on_RP.rml
2025-02-10 20:16:20,585 - INFO - Prepared sim number: 3: RAYPy_Simulation_bessy2lo_56m_PGM_2Perc_coupling_errors_on_RP/round_0/3_bessy2lo_56m_PGM_2Perc_coupling_errors_on_RP.rml
2025-02-10 20:16:20,602 - INFO - Prepared sim number: 4: RAYPy_Simulation_bessy2lo_56m_PGM_2Perc_coupling_errors_on_RP/round_0/4_bessy2lo_56m_PGM_2Perc_coupling_errors_on_RP.rml
2025-02-10 20:16:20,619 - INFO - Prepared sim number: 5: RAYPy_Simulation_bessy2lo_56m_PGM_2Perc_coupling_errors_on_RP/round_0/5_bessy2lo_56m_PGM_2Perc_coupling_errors_on_RP.rml
2025-02-10 20:16:20,632 - INFO - Prepared sim number: 6: RAYPy_Simulation_bessy2lo_56m_PGM_2Perc_coupling_errors_on_RP/round_0/6_bessy2lo_56m_PGM_2Perc_coupling_errors_on_RP.rml
2025-02-10 20:16:20,648 - INFO - Prepared sim number: 7: RAYPy_Simulation_bessy2lo_56m_PGM_2Perc_coupling_errors_on_RP/round_0/7_bessy2lo_56m_PGM_2Perc_coupling_errors_on_RP.rml
2025-02-10 20:16:20,661 - INFO - Prepared sim number: 8: RAYPy_Simulation_bessy2lo_56m_PGM_2Perc_coupling_errors_on_RP/round_0/8_bessy2lo_56m_PGM_2Perc_coupling_errors_on_RP.rml
2025-02-10 20:16:20,675 - INFO - Prepared sim number: 9: RAYPy_Simulation_bessy2lo_56m_PGM_2Perc_coupling_errors_on_RP/round_0/9_bessy2lo_56m_PGM_2Perc_coupling_errors_on_RP.rml
2025-02-10 20:16:20,692 - INFO - Prepared sim number: 10: RAYPy_Simulation_bessy2lo_56m_PGM_2Perc_coupling_errors_on_RP/round_0/10_bessy2lo_56m_PGM_2Perc_coupling_errors_on_RP.rml
2025-02-10 20:16:20,708 - INFO - Prepared sim number: 11: RAYPy_Simulation_bessy2lo_56m_PGM_2Perc_coupling_errors_on_RP/round_0/11_bessy2lo_56m_PGM_2Perc_coupling_errors_on_RP.rml
2025-02-10 20:16:20,723 - INFO - Prepared sim number: 12: RAYPy_Simulation_bessy2lo_56m_PGM_2Perc_coupling_errors_on_RP/round_0/12_bessy2lo_56m_PGM_2Perc_coupling_errors_on_RP.rml
2025-02-10 20:16:20,738 - INFO - Prepared sim number: 13: RAYPy_Simulation_bessy2lo_56m_PGM_2Perc_coupling_errors_on_RP/round_0/13_bessy2lo_56m_PGM_2Perc_coupling_errors_on_RP.rml
2025-02-10 20:16:20,751 - INFO - Prepared sim number: 14: RAYPy_Simulation_bessy2lo_56m_PGM_2Perc_coupling_errors_on_RP/round_0/14_bessy2lo_56m_PGM_2Perc_coupling_errors_on_RP.rml
2025-02-10 20:16:20,763 - INFO - Prepared sim number: 15: RAYPy_Simulation_bessy2lo_56m_PGM_2Perc_coupling_errors_on_RP/round_0/15_bessy2lo_56m_PGM_2Perc_coupling_errors_on_RP.rml
2025-02-10 20:16:20,775 - INFO - Prepared sim number: 16: RAYPy_Simulation_bessy2lo_56m_PGM_2Perc_coupling_errors_on_RP/round_0/16_bessy2lo_56m_PGM_2Perc_coupling_errors_on_RP.rml
2025-02-10 20:16:20,786 - INFO - Prepared sim number: 17: RAYPy_Simulation_bessy2lo_56m_PGM_2Perc_coupling_errors_on_RP/round_0/17_bessy2lo_56m_PGM_2Perc_coupling_errors_on_RP.rml
2025-02-10 20:16:20,798 - INFO - Prepared sim number: 18: RAYPy_Simulation_bessy2lo_56m_PGM_2Perc_coupling_errors_on_RP/round_0/18_bessy2lo_56m_PGM_2Perc_coupling_errors_on_RP.rml
2025-02-10 20:16:20,808 - INFO - Prepared sim number: 19: RAYPy_Simulation_bessy2lo_56m_PGM_2Perc_coupling_errors_on_RP/round_0/19_bessy2lo_56m_PGM_2Perc_coupling_errors_on_RP.rml
2025-02-10 20:16:20,819 - INFO - Prepared sim number: 20: RAYPy_Simulation_bessy2lo_56m_PGM_2Perc_coupling_errors_on_RP/round_0/20_bessy2lo_56m_PGM_2Perc_coupling_errors_on_RP.rml
2025-02-10 20:16:20,830 - INFO - Prepared sim number: 21: RAYPy_Simulation_bessy2lo_56m_PGM_2Perc_coupling_errors_on_RP/round_0/21_bessy2lo_56m_PGM_2Perc_coupling_errors_on_RP.rml
2025-02-10 20:16:20,841 - INFO - Prepared sim number: 22: RAYPy_Simulation_bessy2lo_56m_PGM_2Perc_coupling_errors_on_RP/round_0/22_bessy2lo_56m_PGM_2Perc_coupling_errors_on_RP.rml
2025-02-10 20:16:20,852 - INFO - Prepared sim number: 23: RAYPy_Simulation_bessy2lo_56m_PGM_2Perc_coupling_errors_on_RP/round_0/23_bessy2lo_56m_PGM_2Perc_coupling_errors_on_RP.rml
2025-02-10 20:16:20,862 - INFO - Prepared sim number: 24: RAYPy_Simulation_bessy2lo_56m_PGM_2Perc_coupling_errors_on_RP/round_0/24_bessy2lo_56m_PGM_2Perc_coupling_errors_on_RP.rml
2025-02-10 20:16:20,873 - INFO - Prepared sim number: 25: RAYPy_Simulation_bessy2lo_56m_PGM_2Perc_coupling_errors_on_RP/round_0/25_bessy2lo_56m_PGM_2Perc_coupling_errors_on_RP.rml
2025-02-10 20:16:20,883 - INFO - Prepared sim number: 26: RAYPy_Simulation_bessy2lo_56m_PGM_2Perc_coupling_errors_on_RP/round_0/26_bessy2lo_56m_PGM_2Perc_coupling_errors_on_RP.rml
2025-02-10 20:16:20,893 - INFO - Prepared sim number: 27: RAYPy_Simulation_bessy2lo_56m_PGM_2Perc_coupling_errors_on_RP/round_0/27_bessy2lo_56m_PGM_2Perc_coupling_errors_on_RP.rml
2025-02-10 20:16:20,904 - INFO - Prepared sim number: 28: RAYPy_Simulation_bessy2lo_56m_PGM_2Perc_coupling_errors_on_RP/round_0/28_bessy2lo_56m_PGM_2Perc_coupling_errors_on_RP.rml
2025-02-10 20:16:20,914 - INFO - Prepared sim number: 29: RAYPy_Simulation_bessy2lo_56m_PGM_2Perc_coupling_errors_on_RP/round_0/29_bessy2lo_56m_PGM_2Perc_coupling_errors_on_RP.rml
2025-02-10 20:16:20,924 - INFO - Prepared sim number: 30: RAYPy_Simulation_bessy2lo_56m_PGM_2Perc_coupling_errors_on_RP/round_0/30_bessy2lo_56m_PGM_2Perc_coupling_errors_on_RP.rml
2025-02-10 20:16:20,934 - INFO - Prepared sim number: 31: RAYPy_Simulation_bessy2lo_56m_PGM_2Perc_coupling_errors_on_RP/round_0/31_bessy2lo_56m_PGM_2Perc_coupling_errors_on_RP.rml
2025-02-10 20:16:20,945 - INFO - Prepared sim number: 32: RAYPy_Simulation_bessy2lo_56m_PGM_2Perc_coupling_errors_on_RP/round_0/32_bessy2lo_56m_PGM_2Perc_coupling_errors_on_RP.rml
2025-02-10 20:16:20,955 - INFO - Prepared sim number: 33: RAYPy_Simulation_bessy2lo_56m_PGM_2Perc_coupling_errors_on_RP/round_0/33_bessy2lo_56m_PGM_2Perc_coupling_errors_on_RP.rml
2025-02-10 20:16:20,965 - INFO - Prepared sim number: 34: RAYPy_Simulation_bessy2lo_56m_PGM_2Perc_coupling_errors_on_RP/round_0/34_bessy2lo_56m_PGM_2Perc_coupling_errors_on_RP.rml
2025-02-10 20:16:20,975 - INFO - Prepared sim number: 35: RAYPy_Simulation_bessy2lo_56m_PGM_2Perc_coupling_errors_on_RP/round_0/35_bessy2lo_56m_PGM_2Perc_coupling_errors_on_RP.rml
2025-02-10 20:16:20,985 - INFO - Prepared sim number: 36: RAYPy_Simulation_bessy2lo_56m_PGM_2Perc_coupling_errors_on_RP/round_0/36_bessy2lo_56m_PGM_2Perc_coupling_errors_on_RP.rml
2025-02-10 20:16:20,996 - INFO - Prepared sim number: 37: RAYPy_Simulation_bessy2lo_56m_PGM_2Perc_coupling_errors_on_RP/round_0/37_bessy2lo_56m_PGM_2Perc_coupling_errors_on_RP.rml
2025-02-10 20:16:21,006 - INFO - Prepared sim number: 38: RAYPy_Simulation_bessy2lo_56m_PGM_2Perc_coupling_errors_on_RP/round_0/38_bessy2lo_56m_PGM_2Perc_coupling_errors_on_RP.rml
2025-02-10 20:16:21,016 - INFO - Prepared sim number: 39: RAYPy_Simulation_bessy2lo_56m_PGM_2Perc_coupling_errors_on_RP/round_0/39_bessy2lo_56m_PGM_2Perc_coupling_errors_on_RP.rml
2025-02-10 20:16:21,027 - INFO - Prepared sim number: 40: RAYPy_Simulation_bessy2lo_56m_PGM_2Perc_coupling_errors_on_RP/round_0/40_bessy2lo_56m_PGM_2Perc_coupling_errors_on_RP.rml
2025-02-10 20:16:21,027 - INFO - Start round 1
2025-02-10 20:16:21,032 - INFO - Prepared sim number: 0: RAYPy_Simulation_bessy2lo_56m_PGM_2Perc_coupling_errors_on_RP/round_1/0_bessy2lo_56m_PGM_2Perc_coupling_errors_on_RP.rml
2025-02-10 20:16:21,038 - INFO - Prepared sim number: 1: RAYPy_Simulation_bessy2lo_56m_PGM_2Perc_coupling_errors_on_RP/round_1/1_bessy2lo_56m_PGM_2Perc_coupling_errors_on_RP.rml
2025-02-10 20:16:21,045 - INFO - Prepared sim number: 2: RAYPy_Simulation_bessy2lo_56m_PGM_2Perc_coupling_errors_on_RP/round_1/2_bessy2lo_56m_PGM_2Perc_coupling_errors_on_RP.rml
2025-02-10 20:16:21,052 - INFO - Prepared sim number: 3: RAYPy_Simulation_bessy2lo_56m_PGM_2Perc_coupling_errors_on_RP/round_1/3_bessy2lo_56m_PGM_2Perc_coupling_errors_on_RP.rml
2025-02-10 20:16:21,059 - INFO - Prepared sim number: 4: RAYPy_Simulation_bessy2lo_56m_PGM_2Perc_coupling_errors_on_RP/round_1/4_bessy2lo_56m_PGM_2Perc_coupling_errors_on_RP.rml
2025-02-10 20:16:21,065 - INFO - Prepared sim number: 5: RAYPy_Simulation_bessy2lo_56m_PGM_2Perc_coupling_errors_on_RP/round_1/5_bessy2lo_56m_PGM_2Perc_coupling_errors_on_RP.rml
2025-02-10 20:16:21,071 - INFO - Prepared sim number: 6: RAYPy_Simulation_bessy2lo_56m_PGM_2Perc_coupling_errors_on_RP/round_1/6_bessy2lo_56m_PGM_2Perc_coupling_errors_on_RP.rml
2025-02-10 20:16:21,077 - INFO - Prepared sim number: 7: RAYPy_Simulation_bessy2lo_56m_PGM_2Perc_coupling_errors_on_RP/round_1/7_bessy2lo_56m_PGM_2Perc_coupling_errors_on_RP.rml
2025-02-10 20:16:21,083 - INFO - Prepared sim number: 8: RAYPy_Simulation_bessy2lo_56m_PGM_2Perc_coupling_errors_on_RP/round_1/8_bessy2lo_56m_PGM_2Perc_coupling_errors_on_RP.rml
2025-02-10 20:16:21,090 - INFO - Prepared sim number: 9: RAYPy_Simulation_bessy2lo_56m_PGM_2Perc_coupling_errors_on_RP/round_1/9_bessy2lo_56m_PGM_2Perc_coupling_errors_on_RP.rml
2025-02-10 20:16:21,096 - INFO - Prepared sim number: 10: RAYPy_Simulation_bessy2lo_56m_PGM_2Perc_coupling_errors_on_RP/round_1/10_bessy2lo_56m_PGM_2Perc_coupling_errors_on_RP.rml
2025-02-10 20:16:21,102 - INFO - Prepared sim number: 11: RAYPy_Simulation_bessy2lo_56m_PGM_2Perc_coupling_errors_on_RP/round_1/11_bessy2lo_56m_PGM_2Perc_coupling_errors_on_RP.rml
2025-02-10 20:16:21,114 - INFO - Prepared sim number: 12: RAYPy_Simulation_bessy2lo_56m_PGM_2Perc_coupling_errors_on_RP/round_1/12_bessy2lo_56m_PGM_2Perc_coupling_errors_on_RP.rml
2025-02-10 20:16:21,123 - INFO - Prepared sim number: 13: RAYPy_Simulation_bessy2lo_56m_PGM_2Perc_coupling_errors_on_RP/round_1/13_bessy2lo_56m_PGM_2Perc_coupling_errors_on_RP.rml
2025-02-10 20:16:21,131 - INFO - Prepared sim number: 14: RAYPy_Simulation_bessy2lo_56m_PGM_2Perc_coupling_errors_on_RP/round_1/14_bessy2lo_56m_PGM_2Perc_coupling_errors_on_RP.rml
2025-02-10 20:16:21,139 - INFO - Prepared sim number: 15: RAYPy_Simulation_bessy2lo_56m_PGM_2Perc_coupling_errors_on_RP/round_1/15_bessy2lo_56m_PGM_2Perc_coupling_errors_on_RP.rml
2025-02-10 20:16:21,147 - INFO - Prepared sim number: 16: RAYPy_Simulation_bessy2lo_56m_PGM_2Perc_coupling_errors_on_RP/round_1/16_bessy2lo_56m_PGM_2Perc_coupling_errors_on_RP.rml
2025-02-10 20:16:21,154 - INFO - Prepared sim number: 17: RAYPy_Simulation_bessy2lo_56m_PGM_2Perc_coupling_errors_on_RP/round_1/17_bessy2lo_56m_PGM_2Perc_coupling_errors_on_RP.rml
2025-02-10 20:16:21,161 - INFO - Prepared sim number: 18: RAYPy_Simulation_bessy2lo_56m_PGM_2Perc_coupling_errors_on_RP/round_1/18_bessy2lo_56m_PGM_2Perc_coupling_errors_on_RP.rml
2025-02-10 20:16:21,190 - INFO - Waiting for batch number: 0, timeout: 60s
2025-02-10 20:16:24,392 - INFO - Completed: 1, remaining: 59, RAYPy_Simulation_bessy2lo_56m_PGM_2Perc_coupling_errors_on_RP/round_0/3_bessy2lo_56m_PGM_2Perc_coupling_errors_on_RP.rml
2025-02-10 20:16:24,504 - INFO - Completed: 2, remaining: 58, RAYPy_Simulation_bessy2lo_56m_PGM_2Perc_coupling_errors_on_RP/round_0/1_bessy2lo_56m_PGM_2Perc_coupling_errors_on_RP.rml
2025-02-10 20:16:24,530 - INFO - Completed: 3, remaining: 57, RAYPy_Simulation_bessy2lo_56m_PGM_2Perc_coupling_errors_on_RP/round_0/9_bessy2lo_56m_PGM_2Perc_coupling_errors_on_RP.rml
2025-02-10 20:16:24,579 - INFO - Completed: 4, remaining: 56, RAYPy_Simulation_bessy2lo_56m_PGM_2Perc_coupling_errors_on_RP/round_0/5_bessy2lo_56m_PGM_2Perc_coupling_errors_on_RP.rml
2025-02-10 20:16:24,686 - INFO - Completed: 5, remaining: 55, RAYPy_Simulation_bessy2lo_56m_PGM_2Perc_coupling_errors_on_RP/round_0/4_bessy2lo_56m_PGM_2Perc_coupling_errors_on_RP.rml
2025-02-10 20:16:24,754 - INFO - Completed: 6, remaining: 54, RAYPy_Simulation_bessy2lo_56m_PGM_2Perc_coupling_errors_on_RP/round_0/11_bessy2lo_56m_PGM_2Perc_coupling_errors_on_RP.rml
2025-02-10 20:16:24,789 - INFO - Completed: 7, remaining: 53, RAYPy_Simulation_bessy2lo_56m_PGM_2Perc_coupling_errors_on_RP/round_0/10_bessy2lo_56m_PGM_2Perc_coupling_errors_on_RP.rml
2025-02-10 20:16:24,901 - INFO - Completed: 8, remaining: 52, RAYPy_Simulation_bessy2lo_56m_PGM_2Perc_coupling_errors_on_RP/round_0/7_bessy2lo_56m_PGM_2Perc_coupling_errors_on_RP.rml
2025-02-10 20:16:25,082 - INFO - Completed: 9, remaining: 51, RAYPy_Simulation_bessy2lo_56m_PGM_2Perc_coupling_errors_on_RP/round_0/8_bessy2lo_56m_PGM_2Perc_coupling_errors_on_RP.rml
2025-02-10 20:16:26,583 - INFO - Completed: 10, remaining: 50, RAYPy_Simulation_bessy2lo_56m_PGM_2Perc_coupling_errors_on_RP/round_0/0_bessy2lo_56m_PGM_2Perc_coupling_errors_on_RP.rml
2025-02-10 20:16:26,766 - INFO - Completed: 11, remaining: 49, RAYPy_Simulation_bessy2lo_56m_PGM_2Perc_coupling_errors_on_RP/round_0/6_bessy2lo_56m_PGM_2Perc_coupling_errors_on_RP.rml
2025-02-10 20:16:27,035 - INFO - Completed: 12, remaining: 48, RAYPy_Simulation_bessy2lo_56m_PGM_2Perc_coupling_errors_on_RP/round_0/2_bessy2lo_56m_PGM_2Perc_coupling_errors_on_RP.rml
2025-02-10 20:16:27,884 - INFO - Completed: 13, remaining: 47, RAYPy_Simulation_bessy2lo_56m_PGM_2Perc_coupling_errors_on_RP/round_0/12_bessy2lo_56m_PGM_2Perc_coupling_errors_on_RP.rml
2025-02-10 20:16:28,069 - INFO - Completed: 14, remaining: 46, RAYPy_Simulation_bessy2lo_56m_PGM_2Perc_coupling_errors_on_RP/round_0/15_bessy2lo_56m_PGM_2Perc_coupling_errors_on_RP.rml
2025-02-10 20:16:28,135 - INFO - Completed: 15, remaining: 45, RAYPy_Simulation_bessy2lo_56m_PGM_2Perc_coupling_errors_on_RP/round_0/13_bessy2lo_56m_PGM_2Perc_coupling_errors_on_RP.rml
2025-02-10 20:16:28,423 - INFO - Completed: 16, remaining: 44, RAYPy_Simulation_bessy2lo_56m_PGM_2Perc_coupling_errors_on_RP/round_0/18_bessy2lo_56m_PGM_2Perc_coupling_errors_on_RP.rml
2025-02-10 20:16:28,517 - INFO - Completed: 17, remaining: 43, RAYPy_Simulation_bessy2lo_56m_PGM_2Perc_coupling_errors_on_RP/round_0/17_bessy2lo_56m_PGM_2Perc_coupling_errors_on_RP.rml
2025-02-10 20:16:28,524 - INFO - Completed: 18, remaining: 42, RAYPy_Simulation_bessy2lo_56m_PGM_2Perc_coupling_errors_on_RP/round_0/16_bessy2lo_56m_PGM_2Perc_coupling_errors_on_RP.rml
2025-02-10 20:16:28,763 - INFO - Completed: 19, remaining: 41, RAYPy_Simulation_bessy2lo_56m_PGM_2Perc_coupling_errors_on_RP/round_0/20_bessy2lo_56m_PGM_2Perc_coupling_errors_on_RP.rml
2025-02-10 20:16:29,220 - INFO - Completed: 20, remaining: 40, RAYPy_Simulation_bessy2lo_56m_PGM_2Perc_coupling_errors_on_RP/round_0/19_bessy2lo_56m_PGM_2Perc_coupling_errors_on_RP.rml
2025-02-10 20:16:30,175 - INFO - Completed: 21, remaining: 39, RAYPy_Simulation_bessy2lo_56m_PGM_2Perc_coupling_errors_on_RP/round_0/21_bessy2lo_56m_PGM_2Perc_coupling_errors_on_RP.rml
2025-02-10 20:16:30,430 - INFO - Completed: 22, remaining: 38, RAYPy_Simulation_bessy2lo_56m_PGM_2Perc_coupling_errors_on_RP/round_0/14_bessy2lo_56m_PGM_2Perc_coupling_errors_on_RP.rml
2025-02-10 20:16:30,626 - INFO - Completed: 23, remaining: 37, RAYPy_Simulation_bessy2lo_56m_PGM_2Perc_coupling_errors_on_RP/round_0/22_bessy2lo_56m_PGM_2Perc_coupling_errors_on_RP.rml
2025-02-10 20:16:30,991 - INFO - Completed: 24, remaining: 36, RAYPy_Simulation_bessy2lo_56m_PGM_2Perc_coupling_errors_on_RP/round_0/23_bessy2lo_56m_PGM_2Perc_coupling_errors_on_RP.rml
2025-02-10 20:16:31,371 - INFO - Completed: 25, remaining: 35, RAYPy_Simulation_bessy2lo_56m_PGM_2Perc_coupling_errors_on_RP/round_0/24_bessy2lo_56m_PGM_2Perc_coupling_errors_on_RP.rml
2025-02-10 20:16:31,771 - INFO - Completed: 26, remaining: 34, RAYPy_Simulation_bessy2lo_56m_PGM_2Perc_coupling_errors_on_RP/round_0/25_bessy2lo_56m_PGM_2Perc_coupling_errors_on_RP.rml
2025-02-10 20:16:32,145 - INFO - Completed: 27, remaining: 33, RAYPy_Simulation_bessy2lo_56m_PGM_2Perc_coupling_errors_on_RP/round_0/28_bessy2lo_56m_PGM_2Perc_coupling_errors_on_RP.rml
2025-02-10 20:16:32,211 - INFO - Completed: 28, remaining: 32, RAYPy_Simulation_bessy2lo_56m_PGM_2Perc_coupling_errors_on_RP/round_0/26_bessy2lo_56m_PGM_2Perc_coupling_errors_on_RP.rml
2025-02-10 20:16:32,458 - INFO - Completed: 29, remaining: 31, RAYPy_Simulation_bessy2lo_56m_PGM_2Perc_coupling_errors_on_RP/round_0/27_bessy2lo_56m_PGM_2Perc_coupling_errors_on_RP.rml
2025-02-10 20:16:32,578 - INFO - Completed: 30, remaining: 30, RAYPy_Simulation_bessy2lo_56m_PGM_2Perc_coupling_errors_on_RP/round_0/30_bessy2lo_56m_PGM_2Perc_coupling_errors_on_RP.rml
2025-02-10 20:16:32,641 - INFO - Completed: 31, remaining: 29, RAYPy_Simulation_bessy2lo_56m_PGM_2Perc_coupling_errors_on_RP/round_0/29_bessy2lo_56m_PGM_2Perc_coupling_errors_on_RP.rml
2025-02-10 20:16:33,121 - INFO - Completed: 32, remaining: 28, RAYPy_Simulation_bessy2lo_56m_PGM_2Perc_coupling_errors_on_RP/round_0/31_bessy2lo_56m_PGM_2Perc_coupling_errors_on_RP.rml
2025-02-10 20:16:33,967 - INFO - Completed: 33, remaining: 27, RAYPy_Simulation_bessy2lo_56m_PGM_2Perc_coupling_errors_on_RP/round_0/32_bessy2lo_56m_PGM_2Perc_coupling_errors_on_RP.rml
2025-02-10 20:16:34,314 - INFO - Completed: 34, remaining: 26, RAYPy_Simulation_bessy2lo_56m_PGM_2Perc_coupling_errors_on_RP/round_0/33_bessy2lo_56m_PGM_2Perc_coupling_errors_on_RP.rml
2025-02-10 20:16:34,787 - INFO - Completed: 35, remaining: 25, RAYPy_Simulation_bessy2lo_56m_PGM_2Perc_coupling_errors_on_RP/round_0/35_bessy2lo_56m_PGM_2Perc_coupling_errors_on_RP.rml
2025-02-10 20:16:35,061 - INFO - Completed: 36, remaining: 24, RAYPy_Simulation_bessy2lo_56m_PGM_2Perc_coupling_errors_on_RP/round_0/36_bessy2lo_56m_PGM_2Perc_coupling_errors_on_RP.rml
2025-02-10 20:16:35,521 - INFO - Completed: 37, remaining: 23, RAYPy_Simulation_bessy2lo_56m_PGM_2Perc_coupling_errors_on_RP/round_0/34_bessy2lo_56m_PGM_2Perc_coupling_errors_on_RP.rml
2025-02-10 20:16:35,584 - INFO - Completed: 38, remaining: 22, RAYPy_Simulation_bessy2lo_56m_PGM_2Perc_coupling_errors_on_RP/round_0/37_bessy2lo_56m_PGM_2Perc_coupling_errors_on_RP.rml
2025-02-10 20:16:36,181 - INFO - Completed: 39, remaining: 21, RAYPy_Simulation_bessy2lo_56m_PGM_2Perc_coupling_errors_on_RP/round_0/39_bessy2lo_56m_PGM_2Perc_coupling_errors_on_RP.rml
2025-02-10 20:16:36,210 - INFO - Completed: 40, remaining: 20, RAYPy_Simulation_bessy2lo_56m_PGM_2Perc_coupling_errors_on_RP/round_1/1_bessy2lo_56m_PGM_2Perc_coupling_errors_on_RP.rml
2025-02-10 20:16:36,351 - INFO - Completed: 41, remaining: 19, RAYPy_Simulation_bessy2lo_56m_PGM_2Perc_coupling_errors_on_RP/round_0/38_bessy2lo_56m_PGM_2Perc_coupling_errors_on_RP.rml
2025-02-10 20:16:36,394 - INFO - Completed: 42, remaining: 18, RAYPy_Simulation_bessy2lo_56m_PGM_2Perc_coupling_errors_on_RP/round_1/0_bessy2lo_56m_PGM_2Perc_coupling_errors_on_RP.rml
2025-02-10 20:16:36,433 - INFO - Completed: 43, remaining: 17, RAYPy_Simulation_bessy2lo_56m_PGM_2Perc_coupling_errors_on_RP/round_0/40_bessy2lo_56m_PGM_2Perc_coupling_errors_on_RP.rml
2025-02-10 20:16:36,804 - INFO - Completed: 44, remaining: 16, RAYPy_Simulation_bessy2lo_56m_PGM_2Perc_coupling_errors_on_RP/round_1/2_bessy2lo_56m_PGM_2Perc_coupling_errors_on_RP.rml
2025-02-10 20:16:37,405 - INFO - Completed: 45, remaining: 15, RAYPy_Simulation_bessy2lo_56m_PGM_2Perc_coupling_errors_on_RP/round_1/3_bessy2lo_56m_PGM_2Perc_coupling_errors_on_RP.rml
2025-02-10 20:16:37,987 - INFO - Completed: 46, remaining: 14, RAYPy_Simulation_bessy2lo_56m_PGM_2Perc_coupling_errors_on_RP/round_1/4_bessy2lo_56m_PGM_2Perc_coupling_errors_on_RP.rml
2025-02-10 20:16:38,456 - INFO - Completed: 47, remaining: 13, RAYPy_Simulation_bessy2lo_56m_PGM_2Perc_coupling_errors_on_RP/round_1/5_bessy2lo_56m_PGM_2Perc_coupling_errors_on_RP.rml
2025-02-10 20:16:38,585 - INFO - Completed: 48, remaining: 12, RAYPy_Simulation_bessy2lo_56m_PGM_2Perc_coupling_errors_on_RP/round_1/6_bessy2lo_56m_PGM_2Perc_coupling_errors_on_RP.rml
2025-02-10 20:16:39,013 - INFO - Completed: 49, remaining: 11, RAYPy_Simulation_bessy2lo_56m_PGM_2Perc_coupling_errors_on_RP/round_1/7_bessy2lo_56m_PGM_2Perc_coupling_errors_on_RP.rml
2025-02-10 20:16:39,048 - INFO - Completed: 50, remaining: 10, RAYPy_Simulation_bessy2lo_56m_PGM_2Perc_coupling_errors_on_RP/round_1/8_bessy2lo_56m_PGM_2Perc_coupling_errors_on_RP.rml
2025-02-10 20:16:39,810 - INFO - Completed: 51, remaining: 9, RAYPy_Simulation_bessy2lo_56m_PGM_2Perc_coupling_errors_on_RP/round_1/9_bessy2lo_56m_PGM_2Perc_coupling_errors_on_RP.rml
2025-02-10 20:16:39,971 - INFO - Completed: 52, remaining: 8, RAYPy_Simulation_bessy2lo_56m_PGM_2Perc_coupling_errors_on_RP/round_1/12_bessy2lo_56m_PGM_2Perc_coupling_errors_on_RP.rml
2025-02-10 20:16:39,996 - INFO - Completed: 53, remaining: 7, RAYPy_Simulation_bessy2lo_56m_PGM_2Perc_coupling_errors_on_RP/round_1/11_bessy2lo_56m_PGM_2Perc_coupling_errors_on_RP.rml
2025-02-10 20:16:40,083 - INFO - Completed: 54, remaining: 6, RAYPy_Simulation_bessy2lo_56m_PGM_2Perc_coupling_errors_on_RP/round_1/10_bessy2lo_56m_PGM_2Perc_coupling_errors_on_RP.rml
2025-02-10 20:16:40,333 - INFO - Completed: 55, remaining: 5, RAYPy_Simulation_bessy2lo_56m_PGM_2Perc_coupling_errors_on_RP/round_1/13_bessy2lo_56m_PGM_2Perc_coupling_errors_on_RP.rml
2025-02-10 20:16:40,441 - INFO - Completed: 56, remaining: 4, RAYPy_Simulation_bessy2lo_56m_PGM_2Perc_coupling_errors_on_RP/round_1/14_bessy2lo_56m_PGM_2Perc_coupling_errors_on_RP.rml
2025-02-10 20:16:40,562 - INFO - Completed: 57, remaining: 3, RAYPy_Simulation_bessy2lo_56m_PGM_2Perc_coupling_errors_on_RP/round_1/15_bessy2lo_56m_PGM_2Perc_coupling_errors_on_RP.rml
2025-02-10 20:16:40,903 - INFO - Completed: 58, remaining: 2, RAYPy_Simulation_bessy2lo_56m_PGM_2Perc_coupling_errors_on_RP/round_1/16_bessy2lo_56m_PGM_2Perc_coupling_errors_on_RP.rml
2025-02-10 20:16:41,091 - INFO - Completed: 59, remaining: 1, RAYPy_Simulation_bessy2lo_56m_PGM_2Perc_coupling_errors_on_RP/round_1/17_bessy2lo_56m_PGM_2Perc_coupling_errors_on_RP.rml
2025-02-10 20:16:41,153 - INFO - Completed: 60, remaining: 0, RAYPy_Simulation_bessy2lo_56m_PGM_2Perc_coupling_errors_on_RP/round_1/18_bessy2lo_56m_PGM_2Perc_coupling_errors_on_RP.rml
2025-02-10 20:16:41,153 - INFO - Batch Completed
2025-02-10 20:16:41,153 - INFO - Waiting For batch, 60 simulations to go
2025-02-10 20:16:41,158 - INFO - Prepared sim number: 19: RAYPy_Simulation_bessy2lo_56m_PGM_2Perc_coupling_errors_on_RP/round_1/19_bessy2lo_56m_PGM_2Perc_coupling_errors_on_RP.rml
2025-02-10 20:16:41,166 - INFO - Prepared sim number: 20: RAYPy_Simulation_bessy2lo_56m_PGM_2Perc_coupling_errors_on_RP/round_1/20_bessy2lo_56m_PGM_2Perc_coupling_errors_on_RP.rml
2025-02-10 20:16:41,180 - INFO - Prepared sim number: 21: RAYPy_Simulation_bessy2lo_56m_PGM_2Perc_coupling_errors_on_RP/round_1/21_bessy2lo_56m_PGM_2Perc_coupling_errors_on_RP.rml
2025-02-10 20:16:41,187 - INFO - Prepared sim number: 22: RAYPy_Simulation_bessy2lo_56m_PGM_2Perc_coupling_errors_on_RP/round_1/22_bessy2lo_56m_PGM_2Perc_coupling_errors_on_RP.rml
2025-02-10 20:16:41,193 - INFO - Prepared sim number: 23: RAYPy_Simulation_bessy2lo_56m_PGM_2Perc_coupling_errors_on_RP/round_1/23_bessy2lo_56m_PGM_2Perc_coupling_errors_on_RP.rml
2025-02-10 20:16:41,197 - INFO - Prepared sim number: 24: RAYPy_Simulation_bessy2lo_56m_PGM_2Perc_coupling_errors_on_RP/round_1/24_bessy2lo_56m_PGM_2Perc_coupling_errors_on_RP.rml
2025-02-10 20:16:41,202 - INFO - Prepared sim number: 25: RAYPy_Simulation_bessy2lo_56m_PGM_2Perc_coupling_errors_on_RP/round_1/25_bessy2lo_56m_PGM_2Perc_coupling_errors_on_RP.rml
2025-02-10 20:16:41,206 - INFO - Prepared sim number: 26: RAYPy_Simulation_bessy2lo_56m_PGM_2Perc_coupling_errors_on_RP/round_1/26_bessy2lo_56m_PGM_2Perc_coupling_errors_on_RP.rml
2025-02-10 20:16:41,211 - INFO - Prepared sim number: 27: RAYPy_Simulation_bessy2lo_56m_PGM_2Perc_coupling_errors_on_RP/round_1/27_bessy2lo_56m_PGM_2Perc_coupling_errors_on_RP.rml
2025-02-10 20:16:41,215 - INFO - Prepared sim number: 28: RAYPy_Simulation_bessy2lo_56m_PGM_2Perc_coupling_errors_on_RP/round_1/28_bessy2lo_56m_PGM_2Perc_coupling_errors_on_RP.rml
2025-02-10 20:16:41,219 - INFO - Prepared sim number: 29: RAYPy_Simulation_bessy2lo_56m_PGM_2Perc_coupling_errors_on_RP/round_1/29_bessy2lo_56m_PGM_2Perc_coupling_errors_on_RP.rml
2025-02-10 20:16:41,223 - INFO - Prepared sim number: 30: RAYPy_Simulation_bessy2lo_56m_PGM_2Perc_coupling_errors_on_RP/round_1/30_bessy2lo_56m_PGM_2Perc_coupling_errors_on_RP.rml
2025-02-10 20:16:41,227 - INFO - Prepared sim number: 31: RAYPy_Simulation_bessy2lo_56m_PGM_2Perc_coupling_errors_on_RP/round_1/31_bessy2lo_56m_PGM_2Perc_coupling_errors_on_RP.rml
2025-02-10 20:16:41,231 - INFO - Prepared sim number: 32: RAYPy_Simulation_bessy2lo_56m_PGM_2Perc_coupling_errors_on_RP/round_1/32_bessy2lo_56m_PGM_2Perc_coupling_errors_on_RP.rml
2025-02-10 20:16:41,234 - INFO - Prepared sim number: 33: RAYPy_Simulation_bessy2lo_56m_PGM_2Perc_coupling_errors_on_RP/round_1/33_bessy2lo_56m_PGM_2Perc_coupling_errors_on_RP.rml
2025-02-10 20:16:41,238 - INFO - Prepared sim number: 34: RAYPy_Simulation_bessy2lo_56m_PGM_2Perc_coupling_errors_on_RP/round_1/34_bessy2lo_56m_PGM_2Perc_coupling_errors_on_RP.rml
2025-02-10 20:16:41,241 - INFO - Prepared sim number: 35: RAYPy_Simulation_bessy2lo_56m_PGM_2Perc_coupling_errors_on_RP/round_1/35_bessy2lo_56m_PGM_2Perc_coupling_errors_on_RP.rml
2025-02-10 20:16:41,245 - INFO - Prepared sim number: 36: RAYPy_Simulation_bessy2lo_56m_PGM_2Perc_coupling_errors_on_RP/round_1/36_bessy2lo_56m_PGM_2Perc_coupling_errors_on_RP.rml
2025-02-10 20:16:41,248 - INFO - Prepared sim number: 37: RAYPy_Simulation_bessy2lo_56m_PGM_2Perc_coupling_errors_on_RP/round_1/37_bessy2lo_56m_PGM_2Perc_coupling_errors_on_RP.rml
2025-02-10 20:16:41,252 - INFO - Prepared sim number: 38: RAYPy_Simulation_bessy2lo_56m_PGM_2Perc_coupling_errors_on_RP/round_1/38_bessy2lo_56m_PGM_2Perc_coupling_errors_on_RP.rml
2025-02-10 20:16:41,255 - INFO - Prepared sim number: 39: RAYPy_Simulation_bessy2lo_56m_PGM_2Perc_coupling_errors_on_RP/round_1/39_bessy2lo_56m_PGM_2Perc_coupling_errors_on_RP.rml
2025-02-10 20:16:41,258 - INFO - Prepared sim number: 40: RAYPy_Simulation_bessy2lo_56m_PGM_2Perc_coupling_errors_on_RP/round_1/40_bessy2lo_56m_PGM_2Perc_coupling_errors_on_RP.rml
2025-02-10 20:16:41,259 - INFO - Start round 2
2025-02-10 20:16:41,262 - INFO - Prepared sim number: 0: RAYPy_Simulation_bessy2lo_56m_PGM_2Perc_coupling_errors_on_RP/round_2/0_bessy2lo_56m_PGM_2Perc_coupling_errors_on_RP.rml
2025-02-10 20:16:41,265 - INFO - Prepared sim number: 1: RAYPy_Simulation_bessy2lo_56m_PGM_2Perc_coupling_errors_on_RP/round_2/1_bessy2lo_56m_PGM_2Perc_coupling_errors_on_RP.rml
2025-02-10 20:16:41,269 - INFO - Prepared sim number: 2: RAYPy_Simulation_bessy2lo_56m_PGM_2Perc_coupling_errors_on_RP/round_2/2_bessy2lo_56m_PGM_2Perc_coupling_errors_on_RP.rml
2025-02-10 20:16:41,273 - INFO - Prepared sim number: 3: RAYPy_Simulation_bessy2lo_56m_PGM_2Perc_coupling_errors_on_RP/round_2/3_bessy2lo_56m_PGM_2Perc_coupling_errors_on_RP.rml
2025-02-10 20:16:41,276 - INFO - Prepared sim number: 4: RAYPy_Simulation_bessy2lo_56m_PGM_2Perc_coupling_errors_on_RP/round_2/4_bessy2lo_56m_PGM_2Perc_coupling_errors_on_RP.rml
2025-02-10 20:16:41,281 - INFO - Prepared sim number: 5: RAYPy_Simulation_bessy2lo_56m_PGM_2Perc_coupling_errors_on_RP/round_2/5_bessy2lo_56m_PGM_2Perc_coupling_errors_on_RP.rml
2025-02-10 20:16:41,285 - INFO - Prepared sim number: 6: RAYPy_Simulation_bessy2lo_56m_PGM_2Perc_coupling_errors_on_RP/round_2/6_bessy2lo_56m_PGM_2Perc_coupling_errors_on_RP.rml
2025-02-10 20:16:41,291 - INFO - Prepared sim number: 7: RAYPy_Simulation_bessy2lo_56m_PGM_2Perc_coupling_errors_on_RP/round_2/7_bessy2lo_56m_PGM_2Perc_coupling_errors_on_RP.rml
2025-02-10 20:16:41,296 - INFO - Prepared sim number: 8: RAYPy_Simulation_bessy2lo_56m_PGM_2Perc_coupling_errors_on_RP/round_2/8_bessy2lo_56m_PGM_2Perc_coupling_errors_on_RP.rml
2025-02-10 20:16:41,301 - INFO - Prepared sim number: 9: RAYPy_Simulation_bessy2lo_56m_PGM_2Perc_coupling_errors_on_RP/round_2/9_bessy2lo_56m_PGM_2Perc_coupling_errors_on_RP.rml
2025-02-10 20:16:41,307 - INFO - Prepared sim number: 10: RAYPy_Simulation_bessy2lo_56m_PGM_2Perc_coupling_errors_on_RP/round_2/10_bessy2lo_56m_PGM_2Perc_coupling_errors_on_RP.rml
2025-02-10 20:16:41,312 - INFO - Prepared sim number: 11: RAYPy_Simulation_bessy2lo_56m_PGM_2Perc_coupling_errors_on_RP/round_2/11_bessy2lo_56m_PGM_2Perc_coupling_errors_on_RP.rml
2025-02-10 20:16:41,317 - INFO - Prepared sim number: 12: RAYPy_Simulation_bessy2lo_56m_PGM_2Perc_coupling_errors_on_RP/round_2/12_bessy2lo_56m_PGM_2Perc_coupling_errors_on_RP.rml
2025-02-10 20:16:41,322 - INFO - Prepared sim number: 13: RAYPy_Simulation_bessy2lo_56m_PGM_2Perc_coupling_errors_on_RP/round_2/13_bessy2lo_56m_PGM_2Perc_coupling_errors_on_RP.rml
2025-02-10 20:16:41,328 - INFO - Prepared sim number: 14: RAYPy_Simulation_bessy2lo_56m_PGM_2Perc_coupling_errors_on_RP/round_2/14_bessy2lo_56m_PGM_2Perc_coupling_errors_on_RP.rml
2025-02-10 20:16:41,333 - INFO - Prepared sim number: 15: RAYPy_Simulation_bessy2lo_56m_PGM_2Perc_coupling_errors_on_RP/round_2/15_bessy2lo_56m_PGM_2Perc_coupling_errors_on_RP.rml
2025-02-10 20:16:41,338 - INFO - Prepared sim number: 16: RAYPy_Simulation_bessy2lo_56m_PGM_2Perc_coupling_errors_on_RP/round_2/16_bessy2lo_56m_PGM_2Perc_coupling_errors_on_RP.rml
2025-02-10 20:16:41,343 - INFO - Prepared sim number: 17: RAYPy_Simulation_bessy2lo_56m_PGM_2Perc_coupling_errors_on_RP/round_2/17_bessy2lo_56m_PGM_2Perc_coupling_errors_on_RP.rml
2025-02-10 20:16:41,348 - INFO - Prepared sim number: 18: RAYPy_Simulation_bessy2lo_56m_PGM_2Perc_coupling_errors_on_RP/round_2/18_bessy2lo_56m_PGM_2Perc_coupling_errors_on_RP.rml
2025-02-10 20:16:41,353 - INFO - Prepared sim number: 19: RAYPy_Simulation_bessy2lo_56m_PGM_2Perc_coupling_errors_on_RP/round_2/19_bessy2lo_56m_PGM_2Perc_coupling_errors_on_RP.rml
2025-02-10 20:16:41,359 - INFO - Prepared sim number: 20: RAYPy_Simulation_bessy2lo_56m_PGM_2Perc_coupling_errors_on_RP/round_2/20_bessy2lo_56m_PGM_2Perc_coupling_errors_on_RP.rml
2025-02-10 20:16:41,364 - INFO - Prepared sim number: 21: RAYPy_Simulation_bessy2lo_56m_PGM_2Perc_coupling_errors_on_RP/round_2/21_bessy2lo_56m_PGM_2Perc_coupling_errors_on_RP.rml
2025-02-10 20:16:41,369 - INFO - Prepared sim number: 22: RAYPy_Simulation_bessy2lo_56m_PGM_2Perc_coupling_errors_on_RP/round_2/22_bessy2lo_56m_PGM_2Perc_coupling_errors_on_RP.rml
2025-02-10 20:16:41,374 - INFO - Prepared sim number: 23: RAYPy_Simulation_bessy2lo_56m_PGM_2Perc_coupling_errors_on_RP/round_2/23_bessy2lo_56m_PGM_2Perc_coupling_errors_on_RP.rml
2025-02-10 20:16:41,379 - INFO - Prepared sim number: 24: RAYPy_Simulation_bessy2lo_56m_PGM_2Perc_coupling_errors_on_RP/round_2/24_bessy2lo_56m_PGM_2Perc_coupling_errors_on_RP.rml
2025-02-10 20:16:41,384 - INFO - Prepared sim number: 25: RAYPy_Simulation_bessy2lo_56m_PGM_2Perc_coupling_errors_on_RP/round_2/25_bessy2lo_56m_PGM_2Perc_coupling_errors_on_RP.rml
2025-02-10 20:16:41,388 - INFO - Prepared sim number: 26: RAYPy_Simulation_bessy2lo_56m_PGM_2Perc_coupling_errors_on_RP/round_2/26_bessy2lo_56m_PGM_2Perc_coupling_errors_on_RP.rml
2025-02-10 20:16:41,392 - INFO - Prepared sim number: 27: RAYPy_Simulation_bessy2lo_56m_PGM_2Perc_coupling_errors_on_RP/round_2/27_bessy2lo_56m_PGM_2Perc_coupling_errors_on_RP.rml
2025-02-10 20:16:41,396 - INFO - Prepared sim number: 28: RAYPy_Simulation_bessy2lo_56m_PGM_2Perc_coupling_errors_on_RP/round_2/28_bessy2lo_56m_PGM_2Perc_coupling_errors_on_RP.rml
2025-02-10 20:16:41,399 - INFO - Prepared sim number: 29: RAYPy_Simulation_bessy2lo_56m_PGM_2Perc_coupling_errors_on_RP/round_2/29_bessy2lo_56m_PGM_2Perc_coupling_errors_on_RP.rml
2025-02-10 20:16:41,402 - INFO - Prepared sim number: 30: RAYPy_Simulation_bessy2lo_56m_PGM_2Perc_coupling_errors_on_RP/round_2/30_bessy2lo_56m_PGM_2Perc_coupling_errors_on_RP.rml
2025-02-10 20:16:41,406 - INFO - Prepared sim number: 31: RAYPy_Simulation_bessy2lo_56m_PGM_2Perc_coupling_errors_on_RP/round_2/31_bessy2lo_56m_PGM_2Perc_coupling_errors_on_RP.rml
2025-02-10 20:16:41,409 - INFO - Prepared sim number: 32: RAYPy_Simulation_bessy2lo_56m_PGM_2Perc_coupling_errors_on_RP/round_2/32_bessy2lo_56m_PGM_2Perc_coupling_errors_on_RP.rml
2025-02-10 20:16:41,412 - INFO - Prepared sim number: 33: RAYPy_Simulation_bessy2lo_56m_PGM_2Perc_coupling_errors_on_RP/round_2/33_bessy2lo_56m_PGM_2Perc_coupling_errors_on_RP.rml
2025-02-10 20:16:41,415 - INFO - Prepared sim number: 34: RAYPy_Simulation_bessy2lo_56m_PGM_2Perc_coupling_errors_on_RP/round_2/34_bessy2lo_56m_PGM_2Perc_coupling_errors_on_RP.rml
2025-02-10 20:16:41,417 - INFO - Prepared sim number: 35: RAYPy_Simulation_bessy2lo_56m_PGM_2Perc_coupling_errors_on_RP/round_2/35_bessy2lo_56m_PGM_2Perc_coupling_errors_on_RP.rml
2025-02-10 20:16:41,420 - INFO - Prepared sim number: 36: RAYPy_Simulation_bessy2lo_56m_PGM_2Perc_coupling_errors_on_RP/round_2/36_bessy2lo_56m_PGM_2Perc_coupling_errors_on_RP.rml
2025-02-10 20:16:41,423 - INFO - Prepared sim number: 37: RAYPy_Simulation_bessy2lo_56m_PGM_2Perc_coupling_errors_on_RP/round_2/37_bessy2lo_56m_PGM_2Perc_coupling_errors_on_RP.rml
2025-02-10 20:16:41,424 - INFO - Waiting for batch number: 1, timeout: 22.806955289840698s
2025-02-10 20:16:44,177 - INFO - Completed: 1, remaining: 59, RAYPy_Simulation_bessy2lo_56m_PGM_2Perc_coupling_errors_on_RP/round_1/27_bessy2lo_56m_PGM_2Perc_coupling_errors_on_RP.rml
2025-02-10 20:16:44,273 - INFO - Completed: 2, remaining: 58, RAYPy_Simulation_bessy2lo_56m_PGM_2Perc_coupling_errors_on_RP/round_1/25_bessy2lo_56m_PGM_2Perc_coupling_errors_on_RP.rml
2025-02-10 20:16:44,324 - INFO - Completed: 3, remaining: 57, RAYPy_Simulation_bessy2lo_56m_PGM_2Perc_coupling_errors_on_RP/round_1/24_bessy2lo_56m_PGM_2Perc_coupling_errors_on_RP.rml
2025-02-10 20:16:44,385 - INFO - Completed: 4, remaining: 56, RAYPy_Simulation_bessy2lo_56m_PGM_2Perc_coupling_errors_on_RP/round_1/22_bessy2lo_56m_PGM_2Perc_coupling_errors_on_RP.rml
2025-02-10 20:16:44,445 - INFO - Completed: 5, remaining: 55, RAYPy_Simulation_bessy2lo_56m_PGM_2Perc_coupling_errors_on_RP/round_1/30_bessy2lo_56m_PGM_2Perc_coupling_errors_on_RP.rml
2025-02-10 20:16:44,829 - INFO - Completed: 6, remaining: 54, RAYPy_Simulation_bessy2lo_56m_PGM_2Perc_coupling_errors_on_RP/round_1/20_bessy2lo_56m_PGM_2Perc_coupling_errors_on_RP.rml
2025-02-10 20:16:44,916 - INFO - Completed: 7, remaining: 53, RAYPy_Simulation_bessy2lo_56m_PGM_2Perc_coupling_errors_on_RP/round_1/21_bessy2lo_56m_PGM_2Perc_coupling_errors_on_RP.rml
2025-02-10 20:16:45,062 - INFO - Completed: 8, remaining: 52, RAYPy_Simulation_bessy2lo_56m_PGM_2Perc_coupling_errors_on_RP/round_1/29_bessy2lo_56m_PGM_2Perc_coupling_errors_on_RP.rml
2025-02-10 20:16:47,070 - INFO - Completed: 9, remaining: 51, RAYPy_Simulation_bessy2lo_56m_PGM_2Perc_coupling_errors_on_RP/round_1/28_bessy2lo_56m_PGM_2Perc_coupling_errors_on_RP.rml
2025-02-10 20:16:47,215 - INFO - Completed: 10, remaining: 50, RAYPy_Simulation_bessy2lo_56m_PGM_2Perc_coupling_errors_on_RP/round_1/19_bessy2lo_56m_PGM_2Perc_coupling_errors_on_RP.rml
2025-02-10 20:16:47,243 - INFO - Completed: 11, remaining: 49, RAYPy_Simulation_bessy2lo_56m_PGM_2Perc_coupling_errors_on_RP/round_1/23_bessy2lo_56m_PGM_2Perc_coupling_errors_on_RP.rml
2025-02-10 20:16:47,977 - INFO - Completed: 12, remaining: 48, RAYPy_Simulation_bessy2lo_56m_PGM_2Perc_coupling_errors_on_RP/round_1/26_bessy2lo_56m_PGM_2Perc_coupling_errors_on_RP.rml
2025-02-10 20:16:48,039 - INFO - Completed: 13, remaining: 47, RAYPy_Simulation_bessy2lo_56m_PGM_2Perc_coupling_errors_on_RP/round_1/31_bessy2lo_56m_PGM_2Perc_coupling_errors_on_RP.rml
2025-02-10 20:16:48,177 - INFO - Completed: 14, remaining: 46, RAYPy_Simulation_bessy2lo_56m_PGM_2Perc_coupling_errors_on_RP/round_1/33_bessy2lo_56m_PGM_2Perc_coupling_errors_on_RP.rml
2025-02-10 20:16:48,226 - INFO - Completed: 15, remaining: 45, RAYPy_Simulation_bessy2lo_56m_PGM_2Perc_coupling_errors_on_RP/round_1/32_bessy2lo_56m_PGM_2Perc_coupling_errors_on_RP.rml
2025-02-10 20:16:48,254 - INFO - Completed: 16, remaining: 44, RAYPy_Simulation_bessy2lo_56m_PGM_2Perc_coupling_errors_on_RP/round_1/34_bessy2lo_56m_PGM_2Perc_coupling_errors_on_RP.rml
2025-02-10 20:16:48,557 - INFO - Completed: 17, remaining: 43, RAYPy_Simulation_bessy2lo_56m_PGM_2Perc_coupling_errors_on_RP/round_1/35_bessy2lo_56m_PGM_2Perc_coupling_errors_on_RP.rml
2025-02-10 20:16:48,844 - INFO - Completed: 18, remaining: 42, RAYPy_Simulation_bessy2lo_56m_PGM_2Perc_coupling_errors_on_RP/round_1/36_bessy2lo_56m_PGM_2Perc_coupling_errors_on_RP.rml
2025-02-10 20:16:48,912 - INFO - Completed: 19, remaining: 41, RAYPy_Simulation_bessy2lo_56m_PGM_2Perc_coupling_errors_on_RP/round_1/37_bessy2lo_56m_PGM_2Perc_coupling_errors_on_RP.rml
2025-02-10 20:16:48,934 - INFO - Completed: 20, remaining: 40, RAYPy_Simulation_bessy2lo_56m_PGM_2Perc_coupling_errors_on_RP/round_1/38_bessy2lo_56m_PGM_2Perc_coupling_errors_on_RP.rml
2025-02-10 20:16:50,841 - INFO - Completed: 21, remaining: 39, RAYPy_Simulation_bessy2lo_56m_PGM_2Perc_coupling_errors_on_RP/round_2/0_bessy2lo_56m_PGM_2Perc_coupling_errors_on_RP.rml
2025-02-10 20:16:51,046 - INFO - Completed: 22, remaining: 38, RAYPy_Simulation_bessy2lo_56m_PGM_2Perc_coupling_errors_on_RP/round_1/39_bessy2lo_56m_PGM_2Perc_coupling_errors_on_RP.rml
2025-02-10 20:16:51,257 - INFO - Completed: 23, remaining: 37, RAYPy_Simulation_bessy2lo_56m_PGM_2Perc_coupling_errors_on_RP/round_1/40_bessy2lo_56m_PGM_2Perc_coupling_errors_on_RP.rml
2025-02-10 20:16:51,431 - INFO - Completed: 24, remaining: 36, RAYPy_Simulation_bessy2lo_56m_PGM_2Perc_coupling_errors_on_RP/round_2/1_bessy2lo_56m_PGM_2Perc_coupling_errors_on_RP.rml
2025-02-10 20:16:51,713 - INFO - Completed: 25, remaining: 35, RAYPy_Simulation_bessy2lo_56m_PGM_2Perc_coupling_errors_on_RP/round_2/3_bessy2lo_56m_PGM_2Perc_coupling_errors_on_RP.rml
2025-02-10 20:16:51,847 - INFO - Completed: 26, remaining: 34, RAYPy_Simulation_bessy2lo_56m_PGM_2Perc_coupling_errors_on_RP/round_2/2_bessy2lo_56m_PGM_2Perc_coupling_errors_on_RP.rml
2025-02-10 20:16:51,870 - INFO - Completed: 27, remaining: 33, RAYPy_Simulation_bessy2lo_56m_PGM_2Perc_coupling_errors_on_RP/round_2/4_bessy2lo_56m_PGM_2Perc_coupling_errors_on_RP.rml
2025-02-10 20:16:51,987 - INFO - Completed: 28, remaining: 32, RAYPy_Simulation_bessy2lo_56m_PGM_2Perc_coupling_errors_on_RP/round_2/6_bessy2lo_56m_PGM_2Perc_coupling_errors_on_RP.rml
2025-02-10 20:16:52,045 - INFO - Completed: 29, remaining: 31, RAYPy_Simulation_bessy2lo_56m_PGM_2Perc_coupling_errors_on_RP/round_2/5_bessy2lo_56m_PGM_2Perc_coupling_errors_on_RP.rml
2025-02-10 20:16:52,423 - INFO - Completed: 30, remaining: 30, RAYPy_Simulation_bessy2lo_56m_PGM_2Perc_coupling_errors_on_RP/round_2/7_bessy2lo_56m_PGM_2Perc_coupling_errors_on_RP.rml
2025-02-10 20:16:52,526 - INFO - Completed: 31, remaining: 29, RAYPy_Simulation_bessy2lo_56m_PGM_2Perc_coupling_errors_on_RP/round_2/8_bessy2lo_56m_PGM_2Perc_coupling_errors_on_RP.rml
2025-02-10 20:16:53,227 - INFO - Completed: 32, remaining: 28, RAYPy_Simulation_bessy2lo_56m_PGM_2Perc_coupling_errors_on_RP/round_2/9_bessy2lo_56m_PGM_2Perc_coupling_errors_on_RP.rml
2025-02-10 20:16:54,552 - INFO - Completed: 33, remaining: 27, RAYPy_Simulation_bessy2lo_56m_PGM_2Perc_coupling_errors_on_RP/round_2/10_bessy2lo_56m_PGM_2Perc_coupling_errors_on_RP.rml
2025-02-10 20:16:54,797 - INFO - Completed: 34, remaining: 26, RAYPy_Simulation_bessy2lo_56m_PGM_2Perc_coupling_errors_on_RP/round_2/11_bessy2lo_56m_PGM_2Perc_coupling_errors_on_RP.rml
2025-02-10 20:16:54,922 - INFO - Completed: 35, remaining: 25, RAYPy_Simulation_bessy2lo_56m_PGM_2Perc_coupling_errors_on_RP/round_2/13_bessy2lo_56m_PGM_2Perc_coupling_errors_on_RP.rml
2025-02-10 20:16:55,401 - INFO - Completed: 36, remaining: 24, RAYPy_Simulation_bessy2lo_56m_PGM_2Perc_coupling_errors_on_RP/round_2/14_bessy2lo_56m_PGM_2Perc_coupling_errors_on_RP.rml
2025-02-10 20:16:55,510 - INFO - Completed: 37, remaining: 23, RAYPy_Simulation_bessy2lo_56m_PGM_2Perc_coupling_errors_on_RP/round_2/15_bessy2lo_56m_PGM_2Perc_coupling_errors_on_RP.rml
2025-02-10 20:16:55,643 - INFO - Completed: 38, remaining: 22, RAYPy_Simulation_bessy2lo_56m_PGM_2Perc_coupling_errors_on_RP/round_2/12_bessy2lo_56m_PGM_2Perc_coupling_errors_on_RP.rml
2025-02-10 20:16:55,856 - INFO - Completed: 39, remaining: 21, RAYPy_Simulation_bessy2lo_56m_PGM_2Perc_coupling_errors_on_RP/round_2/16_bessy2lo_56m_PGM_2Perc_coupling_errors_on_RP.rml
2025-02-10 20:16:55,884 - INFO - Completed: 40, remaining: 20, RAYPy_Simulation_bessy2lo_56m_PGM_2Perc_coupling_errors_on_RP/round_2/18_bessy2lo_56m_PGM_2Perc_coupling_errors_on_RP.rml
2025-02-10 20:16:55,922 - INFO - Completed: 41, remaining: 19, RAYPy_Simulation_bessy2lo_56m_PGM_2Perc_coupling_errors_on_RP/round_2/17_bessy2lo_56m_PGM_2Perc_coupling_errors_on_RP.rml
2025-02-10 20:16:56,107 - INFO - Completed: 42, remaining: 18, RAYPy_Simulation_bessy2lo_56m_PGM_2Perc_coupling_errors_on_RP/round_2/19_bessy2lo_56m_PGM_2Perc_coupling_errors_on_RP.rml
2025-02-10 20:16:56,147 - INFO - Completed: 43, remaining: 17, RAYPy_Simulation_bessy2lo_56m_PGM_2Perc_coupling_errors_on_RP/round_2/20_bessy2lo_56m_PGM_2Perc_coupling_errors_on_RP.rml
2025-02-10 20:16:56,706 - INFO - Completed: 44, remaining: 16, RAYPy_Simulation_bessy2lo_56m_PGM_2Perc_coupling_errors_on_RP/round_2/21_bessy2lo_56m_PGM_2Perc_coupling_errors_on_RP.rml
2025-02-10 20:16:58,380 - INFO - Completed: 45, remaining: 15, RAYPy_Simulation_bessy2lo_56m_PGM_2Perc_coupling_errors_on_RP/round_2/22_bessy2lo_56m_PGM_2Perc_coupling_errors_on_RP.rml
2025-02-10 20:16:58,510 - INFO - Completed: 46, remaining: 14, RAYPy_Simulation_bessy2lo_56m_PGM_2Perc_coupling_errors_on_RP/round_2/23_bessy2lo_56m_PGM_2Perc_coupling_errors_on_RP.rml
2025-02-10 20:16:58,644 - INFO - Completed: 47, remaining: 13, RAYPy_Simulation_bessy2lo_56m_PGM_2Perc_coupling_errors_on_RP/round_2/24_bessy2lo_56m_PGM_2Perc_coupling_errors_on_RP.rml
2025-02-10 20:16:58,934 - INFO - Completed: 48, remaining: 12, RAYPy_Simulation_bessy2lo_56m_PGM_2Perc_coupling_errors_on_RP/round_2/25_bessy2lo_56m_PGM_2Perc_coupling_errors_on_RP.rml
2025-02-10 20:16:59,105 - INFO - Completed: 49, remaining: 11, RAYPy_Simulation_bessy2lo_56m_PGM_2Perc_coupling_errors_on_RP/round_2/27_bessy2lo_56m_PGM_2Perc_coupling_errors_on_RP.rml
2025-02-10 20:16:59,152 - INFO - Completed: 50, remaining: 10, RAYPy_Simulation_bessy2lo_56m_PGM_2Perc_coupling_errors_on_RP/round_2/26_bessy2lo_56m_PGM_2Perc_coupling_errors_on_RP.rml
2025-02-10 20:16:59,530 - INFO - Completed: 51, remaining: 9, RAYPy_Simulation_bessy2lo_56m_PGM_2Perc_coupling_errors_on_RP/round_2/28_bessy2lo_56m_PGM_2Perc_coupling_errors_on_RP.rml
2025-02-10 20:16:59,600 - INFO - Completed: 52, remaining: 8, RAYPy_Simulation_bessy2lo_56m_PGM_2Perc_coupling_errors_on_RP/round_2/31_bessy2lo_56m_PGM_2Perc_coupling_errors_on_RP.rml
2025-02-10 20:16:59,680 - INFO - Completed: 53, remaining: 7, RAYPy_Simulation_bessy2lo_56m_PGM_2Perc_coupling_errors_on_RP/round_2/29_bessy2lo_56m_PGM_2Perc_coupling_errors_on_RP.rml
2025-02-10 20:16:59,690 - INFO - Completed: 54, remaining: 6, RAYPy_Simulation_bessy2lo_56m_PGM_2Perc_coupling_errors_on_RP/round_2/30_bessy2lo_56m_PGM_2Perc_coupling_errors_on_RP.rml
2025-02-10 20:16:59,825 - INFO - Completed: 55, remaining: 5, RAYPy_Simulation_bessy2lo_56m_PGM_2Perc_coupling_errors_on_RP/round_2/32_bessy2lo_56m_PGM_2Perc_coupling_errors_on_RP.rml
2025-02-10 20:17:00,298 - INFO - Completed: 56, remaining: 4, RAYPy_Simulation_bessy2lo_56m_PGM_2Perc_coupling_errors_on_RP/round_2/33_bessy2lo_56m_PGM_2Perc_coupling_errors_on_RP.rml
2025-02-10 20:17:00,912 - INFO - Completed: 57, remaining: 3, RAYPy_Simulation_bessy2lo_56m_PGM_2Perc_coupling_errors_on_RP/round_2/34_bessy2lo_56m_PGM_2Perc_coupling_errors_on_RP.rml
2025-02-10 20:17:01,114 - INFO - Completed: 58, remaining: 2, RAYPy_Simulation_bessy2lo_56m_PGM_2Perc_coupling_errors_on_RP/round_2/36_bessy2lo_56m_PGM_2Perc_coupling_errors_on_RP.rml
2025-02-10 20:17:01,183 - INFO - Completed: 59, remaining: 1, RAYPy_Simulation_bessy2lo_56m_PGM_2Perc_coupling_errors_on_RP/round_2/37_bessy2lo_56m_PGM_2Perc_coupling_errors_on_RP.rml
2025-02-10 20:17:01,193 - INFO - Completed: 60, remaining: 0, RAYPy_Simulation_bessy2lo_56m_PGM_2Perc_coupling_errors_on_RP/round_2/35_bessy2lo_56m_PGM_2Perc_coupling_errors_on_RP.rml
2025-02-10 20:17:01,193 - INFO - Batch Completed
2025-02-10 20:17:01,194 - INFO - Waiting For batch, 60 simulations to go
2025-02-10 20:17:01,206 - INFO - Prepared sim number: 38: RAYPy_Simulation_bessy2lo_56m_PGM_2Perc_coupling_errors_on_RP/round_2/38_bessy2lo_56m_PGM_2Perc_coupling_errors_on_RP.rml
2025-02-10 20:17:01,214 - INFO - Prepared sim number: 39: RAYPy_Simulation_bessy2lo_56m_PGM_2Perc_coupling_errors_on_RP/round_2/39_bessy2lo_56m_PGM_2Perc_coupling_errors_on_RP.rml
2025-02-10 20:17:01,219 - INFO - Prepared sim number: 40: RAYPy_Simulation_bessy2lo_56m_PGM_2Perc_coupling_errors_on_RP/round_2/40_bessy2lo_56m_PGM_2Perc_coupling_errors_on_RP.rml
2025-02-10 20:17:01,219 - INFO - Start round 3
2025-02-10 20:17:01,225 - INFO - Prepared sim number: 0: RAYPy_Simulation_bessy2lo_56m_PGM_2Perc_coupling_errors_on_RP/round_3/0_bessy2lo_56m_PGM_2Perc_coupling_errors_on_RP.rml
2025-02-10 20:17:01,234 - INFO - Prepared sim number: 1: RAYPy_Simulation_bessy2lo_56m_PGM_2Perc_coupling_errors_on_RP/round_3/1_bessy2lo_56m_PGM_2Perc_coupling_errors_on_RP.rml
2025-02-10 20:17:01,242 - INFO - Prepared sim number: 2: RAYPy_Simulation_bessy2lo_56m_PGM_2Perc_coupling_errors_on_RP/round_3/2_bessy2lo_56m_PGM_2Perc_coupling_errors_on_RP.rml
2025-02-10 20:17:01,248 - INFO - Prepared sim number: 3: RAYPy_Simulation_bessy2lo_56m_PGM_2Perc_coupling_errors_on_RP/round_3/3_bessy2lo_56m_PGM_2Perc_coupling_errors_on_RP.rml
2025-02-10 20:17:01,255 - INFO - Prepared sim number: 4: RAYPy_Simulation_bessy2lo_56m_PGM_2Perc_coupling_errors_on_RP/round_3/4_bessy2lo_56m_PGM_2Perc_coupling_errors_on_RP.rml
2025-02-10 20:17:01,260 - INFO - Prepared sim number: 5: RAYPy_Simulation_bessy2lo_56m_PGM_2Perc_coupling_errors_on_RP/round_3/5_bessy2lo_56m_PGM_2Perc_coupling_errors_on_RP.rml
2025-02-10 20:17:01,265 - INFO - Prepared sim number: 6: RAYPy_Simulation_bessy2lo_56m_PGM_2Perc_coupling_errors_on_RP/round_3/6_bessy2lo_56m_PGM_2Perc_coupling_errors_on_RP.rml
2025-02-10 20:17:01,270 - INFO - Prepared sim number: 7: RAYPy_Simulation_bessy2lo_56m_PGM_2Perc_coupling_errors_on_RP/round_3/7_bessy2lo_56m_PGM_2Perc_coupling_errors_on_RP.rml
2025-02-10 20:17:01,275 - INFO - Prepared sim number: 8: RAYPy_Simulation_bessy2lo_56m_PGM_2Perc_coupling_errors_on_RP/round_3/8_bessy2lo_56m_PGM_2Perc_coupling_errors_on_RP.rml
2025-02-10 20:17:01,280 - INFO - Prepared sim number: 9: RAYPy_Simulation_bessy2lo_56m_PGM_2Perc_coupling_errors_on_RP/round_3/9_bessy2lo_56m_PGM_2Perc_coupling_errors_on_RP.rml
2025-02-10 20:17:01,284 - INFO - Prepared sim number: 10: RAYPy_Simulation_bessy2lo_56m_PGM_2Perc_coupling_errors_on_RP/round_3/10_bessy2lo_56m_PGM_2Perc_coupling_errors_on_RP.rml
2025-02-10 20:17:01,289 - INFO - Prepared sim number: 11: RAYPy_Simulation_bessy2lo_56m_PGM_2Perc_coupling_errors_on_RP/round_3/11_bessy2lo_56m_PGM_2Perc_coupling_errors_on_RP.rml
2025-02-10 20:17:01,294 - INFO - Prepared sim number: 12: RAYPy_Simulation_bessy2lo_56m_PGM_2Perc_coupling_errors_on_RP/round_3/12_bessy2lo_56m_PGM_2Perc_coupling_errors_on_RP.rml
2025-02-10 20:17:01,299 - INFO - Prepared sim number: 13: RAYPy_Simulation_bessy2lo_56m_PGM_2Perc_coupling_errors_on_RP/round_3/13_bessy2lo_56m_PGM_2Perc_coupling_errors_on_RP.rml
2025-02-10 20:17:01,303 - INFO - Prepared sim number: 14: RAYPy_Simulation_bessy2lo_56m_PGM_2Perc_coupling_errors_on_RP/round_3/14_bessy2lo_56m_PGM_2Perc_coupling_errors_on_RP.rml
2025-02-10 20:17:01,308 - INFO - Prepared sim number: 15: RAYPy_Simulation_bessy2lo_56m_PGM_2Perc_coupling_errors_on_RP/round_3/15_bessy2lo_56m_PGM_2Perc_coupling_errors_on_RP.rml
2025-02-10 20:17:01,312 - INFO - Prepared sim number: 16: RAYPy_Simulation_bessy2lo_56m_PGM_2Perc_coupling_errors_on_RP/round_3/16_bessy2lo_56m_PGM_2Perc_coupling_errors_on_RP.rml
2025-02-10 20:17:01,316 - INFO - Prepared sim number: 17: RAYPy_Simulation_bessy2lo_56m_PGM_2Perc_coupling_errors_on_RP/round_3/17_bessy2lo_56m_PGM_2Perc_coupling_errors_on_RP.rml
2025-02-10 20:17:01,319 - INFO - Prepared sim number: 18: RAYPy_Simulation_bessy2lo_56m_PGM_2Perc_coupling_errors_on_RP/round_3/18_bessy2lo_56m_PGM_2Perc_coupling_errors_on_RP.rml
2025-02-10 20:17:01,323 - INFO - Prepared sim number: 19: RAYPy_Simulation_bessy2lo_56m_PGM_2Perc_coupling_errors_on_RP/round_3/19_bessy2lo_56m_PGM_2Perc_coupling_errors_on_RP.rml
2025-02-10 20:17:01,328 - INFO - Prepared sim number: 20: RAYPy_Simulation_bessy2lo_56m_PGM_2Perc_coupling_errors_on_RP/round_3/20_bessy2lo_56m_PGM_2Perc_coupling_errors_on_RP.rml
2025-02-10 20:17:01,333 - INFO - Prepared sim number: 21: RAYPy_Simulation_bessy2lo_56m_PGM_2Perc_coupling_errors_on_RP/round_3/21_bessy2lo_56m_PGM_2Perc_coupling_errors_on_RP.rml
2025-02-10 20:17:01,337 - INFO - Prepared sim number: 22: RAYPy_Simulation_bessy2lo_56m_PGM_2Perc_coupling_errors_on_RP/round_3/22_bessy2lo_56m_PGM_2Perc_coupling_errors_on_RP.rml
2025-02-10 20:17:01,341 - INFO - Prepared sim number: 23: RAYPy_Simulation_bessy2lo_56m_PGM_2Perc_coupling_errors_on_RP/round_3/23_bessy2lo_56m_PGM_2Perc_coupling_errors_on_RP.rml
2025-02-10 20:17:01,345 - INFO - Prepared sim number: 24: RAYPy_Simulation_bessy2lo_56m_PGM_2Perc_coupling_errors_on_RP/round_3/24_bessy2lo_56m_PGM_2Perc_coupling_errors_on_RP.rml
2025-02-10 20:17:01,349 - INFO - Prepared sim number: 25: RAYPy_Simulation_bessy2lo_56m_PGM_2Perc_coupling_errors_on_RP/round_3/25_bessy2lo_56m_PGM_2Perc_coupling_errors_on_RP.rml
2025-02-10 20:17:01,354 - INFO - Prepared sim number: 26: RAYPy_Simulation_bessy2lo_56m_PGM_2Perc_coupling_errors_on_RP/round_3/26_bessy2lo_56m_PGM_2Perc_coupling_errors_on_RP.rml
2025-02-10 20:17:01,358 - INFO - Prepared sim number: 27: RAYPy_Simulation_bessy2lo_56m_PGM_2Perc_coupling_errors_on_RP/round_3/27_bessy2lo_56m_PGM_2Perc_coupling_errors_on_RP.rml
2025-02-10 20:17:01,362 - INFO - Prepared sim number: 28: RAYPy_Simulation_bessy2lo_56m_PGM_2Perc_coupling_errors_on_RP/round_3/28_bessy2lo_56m_PGM_2Perc_coupling_errors_on_RP.rml
2025-02-10 20:17:01,367 - INFO - Prepared sim number: 29: RAYPy_Simulation_bessy2lo_56m_PGM_2Perc_coupling_errors_on_RP/round_3/29_bessy2lo_56m_PGM_2Perc_coupling_errors_on_RP.rml
2025-02-10 20:17:01,371 - INFO - Prepared sim number: 30: RAYPy_Simulation_bessy2lo_56m_PGM_2Perc_coupling_errors_on_RP/round_3/30_bessy2lo_56m_PGM_2Perc_coupling_errors_on_RP.rml
2025-02-10 20:17:01,374 - INFO - Prepared sim number: 31: RAYPy_Simulation_bessy2lo_56m_PGM_2Perc_coupling_errors_on_RP/round_3/31_bessy2lo_56m_PGM_2Perc_coupling_errors_on_RP.rml
2025-02-10 20:17:01,378 - INFO - Prepared sim number: 32: RAYPy_Simulation_bessy2lo_56m_PGM_2Perc_coupling_errors_on_RP/round_3/32_bessy2lo_56m_PGM_2Perc_coupling_errors_on_RP.rml
2025-02-10 20:17:01,382 - INFO - Prepared sim number: 33: RAYPy_Simulation_bessy2lo_56m_PGM_2Perc_coupling_errors_on_RP/round_3/33_bessy2lo_56m_PGM_2Perc_coupling_errors_on_RP.rml
2025-02-10 20:17:01,386 - INFO - Prepared sim number: 34: RAYPy_Simulation_bessy2lo_56m_PGM_2Perc_coupling_errors_on_RP/round_3/34_bessy2lo_56m_PGM_2Perc_coupling_errors_on_RP.rml
2025-02-10 20:17:01,390 - INFO - Prepared sim number: 35: RAYPy_Simulation_bessy2lo_56m_PGM_2Perc_coupling_errors_on_RP/round_3/35_bessy2lo_56m_PGM_2Perc_coupling_errors_on_RP.rml
2025-02-10 20:17:01,395 - INFO - Prepared sim number: 36: RAYPy_Simulation_bessy2lo_56m_PGM_2Perc_coupling_errors_on_RP/round_3/36_bessy2lo_56m_PGM_2Perc_coupling_errors_on_RP.rml
2025-02-10 20:17:01,400 - INFO - Prepared sim number: 37: RAYPy_Simulation_bessy2lo_56m_PGM_2Perc_coupling_errors_on_RP/round_3/37_bessy2lo_56m_PGM_2Perc_coupling_errors_on_RP.rml
2025-02-10 20:17:01,405 - INFO - Prepared sim number: 38: RAYPy_Simulation_bessy2lo_56m_PGM_2Perc_coupling_errors_on_RP/round_3/38_bessy2lo_56m_PGM_2Perc_coupling_errors_on_RP.rml
2025-02-10 20:17:01,410 - INFO - Prepared sim number: 39: RAYPy_Simulation_bessy2lo_56m_PGM_2Perc_coupling_errors_on_RP/round_3/39_bessy2lo_56m_PGM_2Perc_coupling_errors_on_RP.rml
2025-02-10 20:17:01,415 - INFO - Prepared sim number: 40: RAYPy_Simulation_bessy2lo_56m_PGM_2Perc_coupling_errors_on_RP/round_3/40_bessy2lo_56m_PGM_2Perc_coupling_errors_on_RP.rml
2025-02-10 20:17:01,415 - INFO - Start round 4
2025-02-10 20:17:01,422 - INFO - Prepared sim number: 0: RAYPy_Simulation_bessy2lo_56m_PGM_2Perc_coupling_errors_on_RP/round_4/0_bessy2lo_56m_PGM_2Perc_coupling_errors_on_RP.rml
2025-02-10 20:17:01,428 - INFO - Prepared sim number: 1: RAYPy_Simulation_bessy2lo_56m_PGM_2Perc_coupling_errors_on_RP/round_4/1_bessy2lo_56m_PGM_2Perc_coupling_errors_on_RP.rml
2025-02-10 20:17:01,434 - INFO - Prepared sim number: 2: RAYPy_Simulation_bessy2lo_56m_PGM_2Perc_coupling_errors_on_RP/round_4/2_bessy2lo_56m_PGM_2Perc_coupling_errors_on_RP.rml
2025-02-10 20:17:01,439 - INFO - Prepared sim number: 3: RAYPy_Simulation_bessy2lo_56m_PGM_2Perc_coupling_errors_on_RP/round_4/3_bessy2lo_56m_PGM_2Perc_coupling_errors_on_RP.rml
2025-02-10 20:17:01,444 - INFO - Prepared sim number: 4: RAYPy_Simulation_bessy2lo_56m_PGM_2Perc_coupling_errors_on_RP/round_4/4_bessy2lo_56m_PGM_2Perc_coupling_errors_on_RP.rml
2025-02-10 20:17:01,450 - INFO - Prepared sim number: 5: RAYPy_Simulation_bessy2lo_56m_PGM_2Perc_coupling_errors_on_RP/round_4/5_bessy2lo_56m_PGM_2Perc_coupling_errors_on_RP.rml
2025-02-10 20:17:01,455 - INFO - Prepared sim number: 6: RAYPy_Simulation_bessy2lo_56m_PGM_2Perc_coupling_errors_on_RP/round_4/6_bessy2lo_56m_PGM_2Perc_coupling_errors_on_RP.rml
2025-02-10 20:17:01,460 - INFO - Prepared sim number: 7: RAYPy_Simulation_bessy2lo_56m_PGM_2Perc_coupling_errors_on_RP/round_4/7_bessy2lo_56m_PGM_2Perc_coupling_errors_on_RP.rml
2025-02-10 20:17:01,464 - INFO - Prepared sim number: 8: RAYPy_Simulation_bessy2lo_56m_PGM_2Perc_coupling_errors_on_RP/round_4/8_bessy2lo_56m_PGM_2Perc_coupling_errors_on_RP.rml
2025-02-10 20:17:01,470 - INFO - Prepared sim number: 9: RAYPy_Simulation_bessy2lo_56m_PGM_2Perc_coupling_errors_on_RP/round_4/9_bessy2lo_56m_PGM_2Perc_coupling_errors_on_RP.rml
2025-02-10 20:17:01,475 - INFO - Prepared sim number: 10: RAYPy_Simulation_bessy2lo_56m_PGM_2Perc_coupling_errors_on_RP/round_4/10_bessy2lo_56m_PGM_2Perc_coupling_errors_on_RP.rml
2025-02-10 20:17:01,480 - INFO - Prepared sim number: 11: RAYPy_Simulation_bessy2lo_56m_PGM_2Perc_coupling_errors_on_RP/round_4/11_bessy2lo_56m_PGM_2Perc_coupling_errors_on_RP.rml
2025-02-10 20:17:01,486 - INFO - Prepared sim number: 12: RAYPy_Simulation_bessy2lo_56m_PGM_2Perc_coupling_errors_on_RP/round_4/12_bessy2lo_56m_PGM_2Perc_coupling_errors_on_RP.rml
2025-02-10 20:17:01,491 - INFO - Prepared sim number: 13: RAYPy_Simulation_bessy2lo_56m_PGM_2Perc_coupling_errors_on_RP/round_4/13_bessy2lo_56m_PGM_2Perc_coupling_errors_on_RP.rml
2025-02-10 20:17:01,496 - INFO - Prepared sim number: 14: RAYPy_Simulation_bessy2lo_56m_PGM_2Perc_coupling_errors_on_RP/round_4/14_bessy2lo_56m_PGM_2Perc_coupling_errors_on_RP.rml
2025-02-10 20:17:01,501 - INFO - Prepared sim number: 15: RAYPy_Simulation_bessy2lo_56m_PGM_2Perc_coupling_errors_on_RP/round_4/15_bessy2lo_56m_PGM_2Perc_coupling_errors_on_RP.rml
2025-02-10 20:17:01,502 - INFO - Waiting for batch number: 2, timeout: 22.6112832903862s
2025-02-10 20:17:04,196 - INFO - Completed: 1, remaining: 59, RAYPy_Simulation_bessy2lo_56m_PGM_2Perc_coupling_errors_on_RP/round_3/4_bessy2lo_56m_PGM_2Perc_coupling_errors_on_RP.rml
2025-02-10 20:17:04,205 - INFO - Completed: 2, remaining: 58, RAYPy_Simulation_bessy2lo_56m_PGM_2Perc_coupling_errors_on_RP/round_3/6_bessy2lo_56m_PGM_2Perc_coupling_errors_on_RP.rml
2025-02-10 20:17:04,299 - INFO - Completed: 3, remaining: 57, RAYPy_Simulation_bessy2lo_56m_PGM_2Perc_coupling_errors_on_RP/round_3/0_bessy2lo_56m_PGM_2Perc_coupling_errors_on_RP.rml
2025-02-10 20:17:04,347 - INFO - Completed: 4, remaining: 56, RAYPy_Simulation_bessy2lo_56m_PGM_2Perc_coupling_errors_on_RP/round_3/2_bessy2lo_56m_PGM_2Perc_coupling_errors_on_RP.rml
2025-02-10 20:17:04,406 - INFO - Completed: 5, remaining: 55, RAYPy_Simulation_bessy2lo_56m_PGM_2Perc_coupling_errors_on_RP/round_3/5_bessy2lo_56m_PGM_2Perc_coupling_errors_on_RP.rml
2025-02-10 20:17:04,554 - INFO - Completed: 6, remaining: 54, RAYPy_Simulation_bessy2lo_56m_PGM_2Perc_coupling_errors_on_RP/round_3/3_bessy2lo_56m_PGM_2Perc_coupling_errors_on_RP.rml
2025-02-10 20:17:04,747 - INFO - Completed: 7, remaining: 53, RAYPy_Simulation_bessy2lo_56m_PGM_2Perc_coupling_errors_on_RP/round_3/8_bessy2lo_56m_PGM_2Perc_coupling_errors_on_RP.rml
2025-02-10 20:17:05,156 - INFO - Completed: 8, remaining: 52, RAYPy_Simulation_bessy2lo_56m_PGM_2Perc_coupling_errors_on_RP/round_2/39_bessy2lo_56m_PGM_2Perc_coupling_errors_on_RP.rml
2025-02-10 20:17:06,927 - INFO - Completed: 9, remaining: 51, RAYPy_Simulation_bessy2lo_56m_PGM_2Perc_coupling_errors_on_RP/round_3/1_bessy2lo_56m_PGM_2Perc_coupling_errors_on_RP.rml
2025-02-10 20:17:07,066 - INFO - Completed: 10, remaining: 50, RAYPy_Simulation_bessy2lo_56m_PGM_2Perc_coupling_errors_on_RP/round_3/7_bessy2lo_56m_PGM_2Perc_coupling_errors_on_RP.rml
2025-02-10 20:17:07,224 - INFO - Completed: 11, remaining: 49, RAYPy_Simulation_bessy2lo_56m_PGM_2Perc_coupling_errors_on_RP/round_2/40_bessy2lo_56m_PGM_2Perc_coupling_errors_on_RP.rml
2025-02-10 20:17:07,766 - INFO - Completed: 12, remaining: 48, RAYPy_Simulation_bessy2lo_56m_PGM_2Perc_coupling_errors_on_RP/round_3/9_bessy2lo_56m_PGM_2Perc_coupling_errors_on_RP.rml
2025-02-10 20:17:07,874 - INFO - Completed: 13, remaining: 47, RAYPy_Simulation_bessy2lo_56m_PGM_2Perc_coupling_errors_on_RP/round_2/38_bessy2lo_56m_PGM_2Perc_coupling_errors_on_RP.rml
2025-02-10 20:17:07,892 - INFO - Completed: 14, remaining: 46, RAYPy_Simulation_bessy2lo_56m_PGM_2Perc_coupling_errors_on_RP/round_3/10_bessy2lo_56m_PGM_2Perc_coupling_errors_on_RP.rml
2025-02-10 20:17:07,948 - INFO - Completed: 15, remaining: 45, RAYPy_Simulation_bessy2lo_56m_PGM_2Perc_coupling_errors_on_RP/round_3/11_bessy2lo_56m_PGM_2Perc_coupling_errors_on_RP.rml
2025-02-10 20:17:07,985 - INFO - Completed: 16, remaining: 44, RAYPy_Simulation_bessy2lo_56m_PGM_2Perc_coupling_errors_on_RP/round_3/13_bessy2lo_56m_PGM_2Perc_coupling_errors_on_RP.rml
2025-02-10 20:17:08,062 - INFO - Completed: 17, remaining: 43, RAYPy_Simulation_bessy2lo_56m_PGM_2Perc_coupling_errors_on_RP/round_3/14_bessy2lo_56m_PGM_2Perc_coupling_errors_on_RP.rml
2025-02-10 20:17:08,172 - INFO - Completed: 18, remaining: 42, RAYPy_Simulation_bessy2lo_56m_PGM_2Perc_coupling_errors_on_RP/round_3/12_bessy2lo_56m_PGM_2Perc_coupling_errors_on_RP.rml
2025-02-10 20:17:08,306 - INFO - Completed: 19, remaining: 41, RAYPy_Simulation_bessy2lo_56m_PGM_2Perc_coupling_errors_on_RP/round_3/15_bessy2lo_56m_PGM_2Perc_coupling_errors_on_RP.rml
2025-02-10 20:17:08,997 - INFO - Completed: 20, remaining: 40, RAYPy_Simulation_bessy2lo_56m_PGM_2Perc_coupling_errors_on_RP/round_3/16_bessy2lo_56m_PGM_2Perc_coupling_errors_on_RP.rml
2025-02-10 20:17:10,467 - INFO - Completed: 21, remaining: 39, RAYPy_Simulation_bessy2lo_56m_PGM_2Perc_coupling_errors_on_RP/round_3/17_bessy2lo_56m_PGM_2Perc_coupling_errors_on_RP.rml
2025-02-10 20:17:10,702 - INFO - Completed: 22, remaining: 38, RAYPy_Simulation_bessy2lo_56m_PGM_2Perc_coupling_errors_on_RP/round_3/19_bessy2lo_56m_PGM_2Perc_coupling_errors_on_RP.rml
2025-02-10 20:17:10,855 - INFO - Completed: 23, remaining: 37, RAYPy_Simulation_bessy2lo_56m_PGM_2Perc_coupling_errors_on_RP/round_3/18_bessy2lo_56m_PGM_2Perc_coupling_errors_on_RP.rml
2025-02-10 20:17:11,456 - INFO - Completed: 24, remaining: 36, RAYPy_Simulation_bessy2lo_56m_PGM_2Perc_coupling_errors_on_RP/round_3/21_bessy2lo_56m_PGM_2Perc_coupling_errors_on_RP.rml
2025-02-10 20:17:11,710 - INFO - Completed: 25, remaining: 35, RAYPy_Simulation_bessy2lo_56m_PGM_2Perc_coupling_errors_on_RP/round_3/22_bessy2lo_56m_PGM_2Perc_coupling_errors_on_RP.rml
2025-02-10 20:17:11,864 - INFO - Completed: 26, remaining: 34, RAYPy_Simulation_bessy2lo_56m_PGM_2Perc_coupling_errors_on_RP/round_3/25_bessy2lo_56m_PGM_2Perc_coupling_errors_on_RP.rml
2025-02-10 20:17:11,877 - INFO - Completed: 27, remaining: 33, RAYPy_Simulation_bessy2lo_56m_PGM_2Perc_coupling_errors_on_RP/round_3/23_bessy2lo_56m_PGM_2Perc_coupling_errors_on_RP.rml
2025-02-10 20:17:11,938 - INFO - Completed: 28, remaining: 32, RAYPy_Simulation_bessy2lo_56m_PGM_2Perc_coupling_errors_on_RP/round_3/24_bessy2lo_56m_PGM_2Perc_coupling_errors_on_RP.rml
2025-02-10 20:17:12,015 - INFO - Completed: 29, remaining: 31, RAYPy_Simulation_bessy2lo_56m_PGM_2Perc_coupling_errors_on_RP/round_3/26_bessy2lo_56m_PGM_2Perc_coupling_errors_on_RP.rml
2025-02-10 20:17:12,095 - INFO - Completed: 30, remaining: 30, RAYPy_Simulation_bessy2lo_56m_PGM_2Perc_coupling_errors_on_RP/round_3/20_bessy2lo_56m_PGM_2Perc_coupling_errors_on_RP.rml
2025-02-10 20:17:12,112 - INFO - Completed: 31, remaining: 29, RAYPy_Simulation_bessy2lo_56m_PGM_2Perc_coupling_errors_on_RP/round_3/27_bessy2lo_56m_PGM_2Perc_coupling_errors_on_RP.rml
2025-02-10 20:17:12,565 - INFO - Completed: 32, remaining: 28, RAYPy_Simulation_bessy2lo_56m_PGM_2Perc_coupling_errors_on_RP/round_3/28_bessy2lo_56m_PGM_2Perc_coupling_errors_on_RP.rml
2025-02-10 20:17:14,226 - INFO - Completed: 33, remaining: 27, RAYPy_Simulation_bessy2lo_56m_PGM_2Perc_coupling_errors_on_RP/round_3/29_bessy2lo_56m_PGM_2Perc_coupling_errors_on_RP.rml
2025-02-10 20:17:14,430 - INFO - Completed: 34, remaining: 26, RAYPy_Simulation_bessy2lo_56m_PGM_2Perc_coupling_errors_on_RP/round_3/31_bessy2lo_56m_PGM_2Perc_coupling_errors_on_RP.rml
2025-02-10 20:17:14,484 - INFO - Completed: 35, remaining: 25, RAYPy_Simulation_bessy2lo_56m_PGM_2Perc_coupling_errors_on_RP/round_3/30_bessy2lo_56m_PGM_2Perc_coupling_errors_on_RP.rml
2025-02-10 20:17:15,011 - INFO - Completed: 36, remaining: 24, RAYPy_Simulation_bessy2lo_56m_PGM_2Perc_coupling_errors_on_RP/round_3/32_bessy2lo_56m_PGM_2Perc_coupling_errors_on_RP.rml
2025-02-10 20:17:15,511 - INFO - Completed: 37, remaining: 23, RAYPy_Simulation_bessy2lo_56m_PGM_2Perc_coupling_errors_on_RP/round_3/35_bessy2lo_56m_PGM_2Perc_coupling_errors_on_RP.rml
2025-02-10 20:17:15,674 - INFO - Completed: 38, remaining: 22, RAYPy_Simulation_bessy2lo_56m_PGM_2Perc_coupling_errors_on_RP/round_3/33_bessy2lo_56m_PGM_2Perc_coupling_errors_on_RP.rml
2025-02-10 20:17:15,732 - INFO - Completed: 39, remaining: 21, RAYPy_Simulation_bessy2lo_56m_PGM_2Perc_coupling_errors_on_RP/round_3/37_bessy2lo_56m_PGM_2Perc_coupling_errors_on_RP.rml
2025-02-10 20:17:15,825 - INFO - Completed: 40, remaining: 20, RAYPy_Simulation_bessy2lo_56m_PGM_2Perc_coupling_errors_on_RP/round_3/36_bessy2lo_56m_PGM_2Perc_coupling_errors_on_RP.rml
2025-02-10 20:17:15,847 - INFO - Completed: 41, remaining: 19, RAYPy_Simulation_bessy2lo_56m_PGM_2Perc_coupling_errors_on_RP/round_3/34_bessy2lo_56m_PGM_2Perc_coupling_errors_on_RP.rml
2025-02-10 20:17:15,968 - INFO - Completed: 42, remaining: 18, RAYPy_Simulation_bessy2lo_56m_PGM_2Perc_coupling_errors_on_RP/round_3/39_bessy2lo_56m_PGM_2Perc_coupling_errors_on_RP.rml
2025-02-10 20:17:16,292 - INFO - Completed: 43, remaining: 17, RAYPy_Simulation_bessy2lo_56m_PGM_2Perc_coupling_errors_on_RP/round_3/40_bessy2lo_56m_PGM_2Perc_coupling_errors_on_RP.rml
2025-02-10 20:17:16,592 - INFO - Completed: 44, remaining: 16, RAYPy_Simulation_bessy2lo_56m_PGM_2Perc_coupling_errors_on_RP/round_3/38_bessy2lo_56m_PGM_2Perc_coupling_errors_on_RP.rml
2025-02-10 20:17:17,722 - INFO - Completed: 45, remaining: 15, RAYPy_Simulation_bessy2lo_56m_PGM_2Perc_coupling_errors_on_RP/round_4/0_bessy2lo_56m_PGM_2Perc_coupling_errors_on_RP.rml
2025-02-10 20:17:17,894 - INFO - Completed: 46, remaining: 14, RAYPy_Simulation_bessy2lo_56m_PGM_2Perc_coupling_errors_on_RP/round_4/1_bessy2lo_56m_PGM_2Perc_coupling_errors_on_RP.rml
2025-02-10 20:17:18,057 - INFO - Completed: 47, remaining: 13, RAYPy_Simulation_bessy2lo_56m_PGM_2Perc_coupling_errors_on_RP/round_4/2_bessy2lo_56m_PGM_2Perc_coupling_errors_on_RP.rml
2025-02-10 20:17:18,271 - INFO - Completed: 48, remaining: 12, RAYPy_Simulation_bessy2lo_56m_PGM_2Perc_coupling_errors_on_RP/round_4/3_bessy2lo_56m_PGM_2Perc_coupling_errors_on_RP.rml
2025-02-10 20:17:19,050 - INFO - Completed: 49, remaining: 11, RAYPy_Simulation_bessy2lo_56m_PGM_2Perc_coupling_errors_on_RP/round_4/4_bessy2lo_56m_PGM_2Perc_coupling_errors_on_RP.rml
2025-02-10 20:17:19,171 - INFO - Completed: 50, remaining: 10, RAYPy_Simulation_bessy2lo_56m_PGM_2Perc_coupling_errors_on_RP/round_4/5_bessy2lo_56m_PGM_2Perc_coupling_errors_on_RP.rml
2025-02-10 20:17:19,228 - INFO - Completed: 51, remaining: 9, RAYPy_Simulation_bessy2lo_56m_PGM_2Perc_coupling_errors_on_RP/round_4/6_bessy2lo_56m_PGM_2Perc_coupling_errors_on_RP.rml
2025-02-10 20:17:19,379 - INFO - Completed: 52, remaining: 8, RAYPy_Simulation_bessy2lo_56m_PGM_2Perc_coupling_errors_on_RP/round_4/8_bessy2lo_56m_PGM_2Perc_coupling_errors_on_RP.rml
2025-02-10 20:17:19,399 - INFO - Completed: 53, remaining: 7, RAYPy_Simulation_bessy2lo_56m_PGM_2Perc_coupling_errors_on_RP/round_4/7_bessy2lo_56m_PGM_2Perc_coupling_errors_on_RP.rml
2025-02-10 20:17:19,547 - INFO - Completed: 54, remaining: 6, RAYPy_Simulation_bessy2lo_56m_PGM_2Perc_coupling_errors_on_RP/round_4/9_bessy2lo_56m_PGM_2Perc_coupling_errors_on_RP.rml
2025-02-10 20:17:19,558 - INFO - Completed: 55, remaining: 5, RAYPy_Simulation_bessy2lo_56m_PGM_2Perc_coupling_errors_on_RP/round_4/10_bessy2lo_56m_PGM_2Perc_coupling_errors_on_RP.rml
2025-02-10 20:17:19,659 - INFO - Completed: 56, remaining: 4, RAYPy_Simulation_bessy2lo_56m_PGM_2Perc_coupling_errors_on_RP/round_4/11_bessy2lo_56m_PGM_2Perc_coupling_errors_on_RP.rml
2025-02-10 20:17:20,521 - INFO - Completed: 57, remaining: 3, RAYPy_Simulation_bessy2lo_56m_PGM_2Perc_coupling_errors_on_RP/round_4/13_bessy2lo_56m_PGM_2Perc_coupling_errors_on_RP.rml
2025-02-10 20:17:20,667 - INFO - Completed: 58, remaining: 2, RAYPy_Simulation_bessy2lo_56m_PGM_2Perc_coupling_errors_on_RP/round_4/14_bessy2lo_56m_PGM_2Perc_coupling_errors_on_RP.rml
2025-02-10 20:17:20,762 - INFO - Completed: 59, remaining: 1, RAYPy_Simulation_bessy2lo_56m_PGM_2Perc_coupling_errors_on_RP/round_4/12_bessy2lo_56m_PGM_2Perc_coupling_errors_on_RP.rml
2025-02-10 20:17:20,840 - INFO - Completed: 60, remaining: 0, RAYPy_Simulation_bessy2lo_56m_PGM_2Perc_coupling_errors_on_RP/round_4/15_bessy2lo_56m_PGM_2Perc_coupling_errors_on_RP.rml
2025-02-10 20:17:20,841 - INFO - Batch Completed
2025-02-10 20:17:20,841 - INFO - Waiting For batch, 60 simulations to go
2025-02-10 20:17:20,847 - INFO - Prepared sim number: 16: RAYPy_Simulation_bessy2lo_56m_PGM_2Perc_coupling_errors_on_RP/round_4/16_bessy2lo_56m_PGM_2Perc_coupling_errors_on_RP.rml
2025-02-10 20:17:20,856 - INFO - Prepared sim number: 17: RAYPy_Simulation_bessy2lo_56m_PGM_2Perc_coupling_errors_on_RP/round_4/17_bessy2lo_56m_PGM_2Perc_coupling_errors_on_RP.rml
2025-02-10 20:17:20,864 - INFO - Prepared sim number: 18: RAYPy_Simulation_bessy2lo_56m_PGM_2Perc_coupling_errors_on_RP/round_4/18_bessy2lo_56m_PGM_2Perc_coupling_errors_on_RP.rml
2025-02-10 20:17:20,872 - INFO - Prepared sim number: 19: RAYPy_Simulation_bessy2lo_56m_PGM_2Perc_coupling_errors_on_RP/round_4/19_bessy2lo_56m_PGM_2Perc_coupling_errors_on_RP.rml
2025-02-10 20:17:20,877 - INFO - Prepared sim number: 20: RAYPy_Simulation_bessy2lo_56m_PGM_2Perc_coupling_errors_on_RP/round_4/20_bessy2lo_56m_PGM_2Perc_coupling_errors_on_RP.rml
2025-02-10 20:17:20,884 - INFO - Prepared sim number: 21: RAYPy_Simulation_bessy2lo_56m_PGM_2Perc_coupling_errors_on_RP/round_4/21_bessy2lo_56m_PGM_2Perc_coupling_errors_on_RP.rml
2025-02-10 20:17:20,891 - INFO - Prepared sim number: 22: RAYPy_Simulation_bessy2lo_56m_PGM_2Perc_coupling_errors_on_RP/round_4/22_bessy2lo_56m_PGM_2Perc_coupling_errors_on_RP.rml
2025-02-10 20:17:20,897 - INFO - Prepared sim number: 23: RAYPy_Simulation_bessy2lo_56m_PGM_2Perc_coupling_errors_on_RP/round_4/23_bessy2lo_56m_PGM_2Perc_coupling_errors_on_RP.rml
2025-02-10 20:17:20,903 - INFO - Prepared sim number: 24: RAYPy_Simulation_bessy2lo_56m_PGM_2Perc_coupling_errors_on_RP/round_4/24_bessy2lo_56m_PGM_2Perc_coupling_errors_on_RP.rml
2025-02-10 20:17:20,909 - INFO - Prepared sim number: 25: RAYPy_Simulation_bessy2lo_56m_PGM_2Perc_coupling_errors_on_RP/round_4/25_bessy2lo_56m_PGM_2Perc_coupling_errors_on_RP.rml
2025-02-10 20:17:20,914 - INFO - Prepared sim number: 26: RAYPy_Simulation_bessy2lo_56m_PGM_2Perc_coupling_errors_on_RP/round_4/26_bessy2lo_56m_PGM_2Perc_coupling_errors_on_RP.rml
2025-02-10 20:17:20,918 - INFO - Prepared sim number: 27: RAYPy_Simulation_bessy2lo_56m_PGM_2Perc_coupling_errors_on_RP/round_4/27_bessy2lo_56m_PGM_2Perc_coupling_errors_on_RP.rml
2025-02-10 20:17:20,921 - INFO - Prepared sim number: 28: RAYPy_Simulation_bessy2lo_56m_PGM_2Perc_coupling_errors_on_RP/round_4/28_bessy2lo_56m_PGM_2Perc_coupling_errors_on_RP.rml
2025-02-10 20:17:20,924 - INFO - Prepared sim number: 29: RAYPy_Simulation_bessy2lo_56m_PGM_2Perc_coupling_errors_on_RP/round_4/29_bessy2lo_56m_PGM_2Perc_coupling_errors_on_RP.rml
2025-02-10 20:17:20,928 - INFO - Prepared sim number: 30: RAYPy_Simulation_bessy2lo_56m_PGM_2Perc_coupling_errors_on_RP/round_4/30_bessy2lo_56m_PGM_2Perc_coupling_errors_on_RP.rml
2025-02-10 20:17:20,932 - INFO - Prepared sim number: 31: RAYPy_Simulation_bessy2lo_56m_PGM_2Perc_coupling_errors_on_RP/round_4/31_bessy2lo_56m_PGM_2Perc_coupling_errors_on_RP.rml
2025-02-10 20:17:20,936 - INFO - Prepared sim number: 32: RAYPy_Simulation_bessy2lo_56m_PGM_2Perc_coupling_errors_on_RP/round_4/32_bessy2lo_56m_PGM_2Perc_coupling_errors_on_RP.rml
2025-02-10 20:17:20,939 - INFO - Prepared sim number: 33: RAYPy_Simulation_bessy2lo_56m_PGM_2Perc_coupling_errors_on_RP/round_4/33_bessy2lo_56m_PGM_2Perc_coupling_errors_on_RP.rml
2025-02-10 20:17:20,943 - INFO - Prepared sim number: 34: RAYPy_Simulation_bessy2lo_56m_PGM_2Perc_coupling_errors_on_RP/round_4/34_bessy2lo_56m_PGM_2Perc_coupling_errors_on_RP.rml
2025-02-10 20:17:20,946 - INFO - Prepared sim number: 35: RAYPy_Simulation_bessy2lo_56m_PGM_2Perc_coupling_errors_on_RP/round_4/35_bessy2lo_56m_PGM_2Perc_coupling_errors_on_RP.rml
2025-02-10 20:17:20,949 - INFO - Prepared sim number: 36: RAYPy_Simulation_bessy2lo_56m_PGM_2Perc_coupling_errors_on_RP/round_4/36_bessy2lo_56m_PGM_2Perc_coupling_errors_on_RP.rml
2025-02-10 20:17:20,952 - INFO - Prepared sim number: 37: RAYPy_Simulation_bessy2lo_56m_PGM_2Perc_coupling_errors_on_RP/round_4/37_bessy2lo_56m_PGM_2Perc_coupling_errors_on_RP.rml
2025-02-10 20:17:20,956 - INFO - Prepared sim number: 38: RAYPy_Simulation_bessy2lo_56m_PGM_2Perc_coupling_errors_on_RP/round_4/38_bessy2lo_56m_PGM_2Perc_coupling_errors_on_RP.rml
2025-02-10 20:17:20,959 - INFO - Prepared sim number: 39: RAYPy_Simulation_bessy2lo_56m_PGM_2Perc_coupling_errors_on_RP/round_4/39_bessy2lo_56m_PGM_2Perc_coupling_errors_on_RP.rml
2025-02-10 20:17:20,962 - INFO - Prepared sim number: 40: RAYPy_Simulation_bessy2lo_56m_PGM_2Perc_coupling_errors_on_RP/round_4/40_bessy2lo_56m_PGM_2Perc_coupling_errors_on_RP.rml
2025-02-10 20:17:20,962 - INFO - Start round 5
2025-02-10 20:17:20,965 - INFO - Prepared sim number: 0: RAYPy_Simulation_bessy2lo_56m_PGM_2Perc_coupling_errors_on_RP/round_5/0_bessy2lo_56m_PGM_2Perc_coupling_errors_on_RP.rml
2025-02-10 20:17:20,969 - INFO - Prepared sim number: 1: RAYPy_Simulation_bessy2lo_56m_PGM_2Perc_coupling_errors_on_RP/round_5/1_bessy2lo_56m_PGM_2Perc_coupling_errors_on_RP.rml
2025-02-10 20:17:20,972 - INFO - Prepared sim number: 2: RAYPy_Simulation_bessy2lo_56m_PGM_2Perc_coupling_errors_on_RP/round_5/2_bessy2lo_56m_PGM_2Perc_coupling_errors_on_RP.rml
2025-02-10 20:17:20,975 - INFO - Prepared sim number: 3: RAYPy_Simulation_bessy2lo_56m_PGM_2Perc_coupling_errors_on_RP/round_5/3_bessy2lo_56m_PGM_2Perc_coupling_errors_on_RP.rml
2025-02-10 20:17:20,978 - INFO - Prepared sim number: 4: RAYPy_Simulation_bessy2lo_56m_PGM_2Perc_coupling_errors_on_RP/round_5/4_bessy2lo_56m_PGM_2Perc_coupling_errors_on_RP.rml
2025-02-10 20:17:20,981 - INFO - Prepared sim number: 5: RAYPy_Simulation_bessy2lo_56m_PGM_2Perc_coupling_errors_on_RP/round_5/5_bessy2lo_56m_PGM_2Perc_coupling_errors_on_RP.rml
2025-02-10 20:17:20,984 - INFO - Prepared sim number: 6: RAYPy_Simulation_bessy2lo_56m_PGM_2Perc_coupling_errors_on_RP/round_5/6_bessy2lo_56m_PGM_2Perc_coupling_errors_on_RP.rml
2025-02-10 20:17:20,987 - INFO - Prepared sim number: 7: RAYPy_Simulation_bessy2lo_56m_PGM_2Perc_coupling_errors_on_RP/round_5/7_bessy2lo_56m_PGM_2Perc_coupling_errors_on_RP.rml
2025-02-10 20:17:20,990 - INFO - Prepared sim number: 8: RAYPy_Simulation_bessy2lo_56m_PGM_2Perc_coupling_errors_on_RP/round_5/8_bessy2lo_56m_PGM_2Perc_coupling_errors_on_RP.rml
2025-02-10 20:17:20,993 - INFO - Prepared sim number: 9: RAYPy_Simulation_bessy2lo_56m_PGM_2Perc_coupling_errors_on_RP/round_5/9_bessy2lo_56m_PGM_2Perc_coupling_errors_on_RP.rml
2025-02-10 20:17:20,996 - INFO - Prepared sim number: 10: RAYPy_Simulation_bessy2lo_56m_PGM_2Perc_coupling_errors_on_RP/round_5/10_bessy2lo_56m_PGM_2Perc_coupling_errors_on_RP.rml
2025-02-10 20:17:21,000 - INFO - Prepared sim number: 11: RAYPy_Simulation_bessy2lo_56m_PGM_2Perc_coupling_errors_on_RP/round_5/11_bessy2lo_56m_PGM_2Perc_coupling_errors_on_RP.rml
2025-02-10 20:17:21,004 - INFO - Prepared sim number: 12: RAYPy_Simulation_bessy2lo_56m_PGM_2Perc_coupling_errors_on_RP/round_5/12_bessy2lo_56m_PGM_2Perc_coupling_errors_on_RP.rml
2025-02-10 20:17:21,007 - INFO - Prepared sim number: 13: RAYPy_Simulation_bessy2lo_56m_PGM_2Perc_coupling_errors_on_RP/round_5/13_bessy2lo_56m_PGM_2Perc_coupling_errors_on_RP.rml
2025-02-10 20:17:21,010 - INFO - Prepared sim number: 14: RAYPy_Simulation_bessy2lo_56m_PGM_2Perc_coupling_errors_on_RP/round_5/14_bessy2lo_56m_PGM_2Perc_coupling_errors_on_RP.rml
2025-02-10 20:17:21,014 - INFO - Prepared sim number: 15: RAYPy_Simulation_bessy2lo_56m_PGM_2Perc_coupling_errors_on_RP/round_5/15_bessy2lo_56m_PGM_2Perc_coupling_errors_on_RP.rml
2025-02-10 20:17:21,017 - INFO - Prepared sim number: 16: RAYPy_Simulation_bessy2lo_56m_PGM_2Perc_coupling_errors_on_RP/round_5/16_bessy2lo_56m_PGM_2Perc_coupling_errors_on_RP.rml
2025-02-10 20:17:21,021 - INFO - Prepared sim number: 17: RAYPy_Simulation_bessy2lo_56m_PGM_2Perc_coupling_errors_on_RP/round_5/17_bessy2lo_56m_PGM_2Perc_coupling_errors_on_RP.rml
2025-02-10 20:17:21,024 - INFO - Prepared sim number: 18: RAYPy_Simulation_bessy2lo_56m_PGM_2Perc_coupling_errors_on_RP/round_5/18_bessy2lo_56m_PGM_2Perc_coupling_errors_on_RP.rml
2025-02-10 20:17:21,027 - INFO - Prepared sim number: 19: RAYPy_Simulation_bessy2lo_56m_PGM_2Perc_coupling_errors_on_RP/round_5/19_bessy2lo_56m_PGM_2Perc_coupling_errors_on_RP.rml
2025-02-10 20:17:21,030 - INFO - Prepared sim number: 20: RAYPy_Simulation_bessy2lo_56m_PGM_2Perc_coupling_errors_on_RP/round_5/20_bessy2lo_56m_PGM_2Perc_coupling_errors_on_RP.rml
2025-02-10 20:17:21,034 - INFO - Prepared sim number: 21: RAYPy_Simulation_bessy2lo_56m_PGM_2Perc_coupling_errors_on_RP/round_5/21_bessy2lo_56m_PGM_2Perc_coupling_errors_on_RP.rml
2025-02-10 20:17:21,038 - INFO - Prepared sim number: 22: RAYPy_Simulation_bessy2lo_56m_PGM_2Perc_coupling_errors_on_RP/round_5/22_bessy2lo_56m_PGM_2Perc_coupling_errors_on_RP.rml
2025-02-10 20:17:21,042 - INFO - Prepared sim number: 23: RAYPy_Simulation_bessy2lo_56m_PGM_2Perc_coupling_errors_on_RP/round_5/23_bessy2lo_56m_PGM_2Perc_coupling_errors_on_RP.rml
2025-02-10 20:17:21,046 - INFO - Prepared sim number: 24: RAYPy_Simulation_bessy2lo_56m_PGM_2Perc_coupling_errors_on_RP/round_5/24_bessy2lo_56m_PGM_2Perc_coupling_errors_on_RP.rml
2025-02-10 20:17:21,050 - INFO - Prepared sim number: 25: RAYPy_Simulation_bessy2lo_56m_PGM_2Perc_coupling_errors_on_RP/round_5/25_bessy2lo_56m_PGM_2Perc_coupling_errors_on_RP.rml
2025-02-10 20:17:21,054 - INFO - Prepared sim number: 26: RAYPy_Simulation_bessy2lo_56m_PGM_2Perc_coupling_errors_on_RP/round_5/26_bessy2lo_56m_PGM_2Perc_coupling_errors_on_RP.rml
2025-02-10 20:17:21,058 - INFO - Prepared sim number: 27: RAYPy_Simulation_bessy2lo_56m_PGM_2Perc_coupling_errors_on_RP/round_5/27_bessy2lo_56m_PGM_2Perc_coupling_errors_on_RP.rml
2025-02-10 20:17:21,062 - INFO - Prepared sim number: 28: RAYPy_Simulation_bessy2lo_56m_PGM_2Perc_coupling_errors_on_RP/round_5/28_bessy2lo_56m_PGM_2Perc_coupling_errors_on_RP.rml
2025-02-10 20:17:21,066 - INFO - Prepared sim number: 29: RAYPy_Simulation_bessy2lo_56m_PGM_2Perc_coupling_errors_on_RP/round_5/29_bessy2lo_56m_PGM_2Perc_coupling_errors_on_RP.rml
2025-02-10 20:17:21,070 - INFO - Prepared sim number: 30: RAYPy_Simulation_bessy2lo_56m_PGM_2Perc_coupling_errors_on_RP/round_5/30_bessy2lo_56m_PGM_2Perc_coupling_errors_on_RP.rml
2025-02-10 20:17:21,073 - INFO - Prepared sim number: 31: RAYPy_Simulation_bessy2lo_56m_PGM_2Perc_coupling_errors_on_RP/round_5/31_bessy2lo_56m_PGM_2Perc_coupling_errors_on_RP.rml
2025-02-10 20:17:21,077 - INFO - Prepared sim number: 32: RAYPy_Simulation_bessy2lo_56m_PGM_2Perc_coupling_errors_on_RP/round_5/32_bessy2lo_56m_PGM_2Perc_coupling_errors_on_RP.rml
2025-02-10 20:17:21,080 - INFO - Prepared sim number: 33: RAYPy_Simulation_bessy2lo_56m_PGM_2Perc_coupling_errors_on_RP/round_5/33_bessy2lo_56m_PGM_2Perc_coupling_errors_on_RP.rml
2025-02-10 20:17:21,084 - INFO - Prepared sim number: 34: RAYPy_Simulation_bessy2lo_56m_PGM_2Perc_coupling_errors_on_RP/round_5/34_bessy2lo_56m_PGM_2Perc_coupling_errors_on_RP.rml
2025-02-10 20:17:21,085 - INFO - Waiting for batch number: 3, timeout: 22.398250150680543s
2025-02-10 20:17:23,907 - INFO - Completed: 1, remaining: 59, RAYPy_Simulation_bessy2lo_56m_PGM_2Perc_coupling_errors_on_RP/round_4/19_bessy2lo_56m_PGM_2Perc_coupling_errors_on_RP.rml
2025-02-10 20:17:24,010 - INFO - Completed: 2, remaining: 58, RAYPy_Simulation_bessy2lo_56m_PGM_2Perc_coupling_errors_on_RP/round_4/21_bessy2lo_56m_PGM_2Perc_coupling_errors_on_RP.rml
2025-02-10 20:17:24,097 - INFO - Completed: 3, remaining: 57, RAYPy_Simulation_bessy2lo_56m_PGM_2Perc_coupling_errors_on_RP/round_4/20_bessy2lo_56m_PGM_2Perc_coupling_errors_on_RP.rml
2025-02-10 20:17:24,151 - INFO - Completed: 4, remaining: 56, RAYPy_Simulation_bessy2lo_56m_PGM_2Perc_coupling_errors_on_RP/round_4/22_bessy2lo_56m_PGM_2Perc_coupling_errors_on_RP.rml
2025-02-10 20:17:24,183 - INFO - Completed: 5, remaining: 55, RAYPy_Simulation_bessy2lo_56m_PGM_2Perc_coupling_errors_on_RP/round_4/25_bessy2lo_56m_PGM_2Perc_coupling_errors_on_RP.rml
2025-02-10 20:17:24,319 - INFO - Completed: 6, remaining: 54, RAYPy_Simulation_bessy2lo_56m_PGM_2Perc_coupling_errors_on_RP/round_4/24_bessy2lo_56m_PGM_2Perc_coupling_errors_on_RP.rml
2025-02-10 20:17:24,349 - INFO - Completed: 7, remaining: 53, RAYPy_Simulation_bessy2lo_56m_PGM_2Perc_coupling_errors_on_RP/round_4/27_bessy2lo_56m_PGM_2Perc_coupling_errors_on_RP.rml
2025-02-10 20:17:24,389 - INFO - Completed: 8, remaining: 52, RAYPy_Simulation_bessy2lo_56m_PGM_2Perc_coupling_errors_on_RP/round_4/18_bessy2lo_56m_PGM_2Perc_coupling_errors_on_RP.rml
2025-02-10 20:17:26,462 - INFO - Completed: 9, remaining: 51, RAYPy_Simulation_bessy2lo_56m_PGM_2Perc_coupling_errors_on_RP/round_4/26_bessy2lo_56m_PGM_2Perc_coupling_errors_on_RP.rml
2025-02-10 20:17:26,547 - INFO - Completed: 10, remaining: 50, RAYPy_Simulation_bessy2lo_56m_PGM_2Perc_coupling_errors_on_RP/round_4/16_bessy2lo_56m_PGM_2Perc_coupling_errors_on_RP.rml
2025-02-10 20:17:26,932 - INFO - Completed: 11, remaining: 49, RAYPy_Simulation_bessy2lo_56m_PGM_2Perc_coupling_errors_on_RP/round_4/17_bessy2lo_56m_PGM_2Perc_coupling_errors_on_RP.rml
2025-02-10 20:17:27,360 - INFO - Completed: 12, remaining: 48, RAYPy_Simulation_bessy2lo_56m_PGM_2Perc_coupling_errors_on_RP/round_4/28_bessy2lo_56m_PGM_2Perc_coupling_errors_on_RP.rml
2025-02-10 20:17:27,592 - INFO - Completed: 13, remaining: 47, RAYPy_Simulation_bessy2lo_56m_PGM_2Perc_coupling_errors_on_RP/round_4/29_bessy2lo_56m_PGM_2Perc_coupling_errors_on_RP.rml
2025-02-10 20:17:27,724 - INFO - Completed: 14, remaining: 46, RAYPy_Simulation_bessy2lo_56m_PGM_2Perc_coupling_errors_on_RP/round_4/30_bessy2lo_56m_PGM_2Perc_coupling_errors_on_RP.rml
2025-02-10 20:17:27,797 - INFO - Completed: 15, remaining: 45, RAYPy_Simulation_bessy2lo_56m_PGM_2Perc_coupling_errors_on_RP/round_4/31_bessy2lo_56m_PGM_2Perc_coupling_errors_on_RP.rml
2025-02-10 20:17:27,910 - INFO - Completed: 16, remaining: 44, RAYPy_Simulation_bessy2lo_56m_PGM_2Perc_coupling_errors_on_RP/round_4/32_bessy2lo_56m_PGM_2Perc_coupling_errors_on_RP.rml
2025-02-10 20:17:28,089 - INFO - Completed: 17, remaining: 43, RAYPy_Simulation_bessy2lo_56m_PGM_2Perc_coupling_errors_on_RP/round_4/34_bessy2lo_56m_PGM_2Perc_coupling_errors_on_RP.rml
2025-02-10 20:17:28,202 - INFO - Completed: 18, remaining: 42, RAYPy_Simulation_bessy2lo_56m_PGM_2Perc_coupling_errors_on_RP/round_4/35_bessy2lo_56m_PGM_2Perc_coupling_errors_on_RP.rml
2025-02-10 20:17:28,276 - INFO - Completed: 19, remaining: 41, RAYPy_Simulation_bessy2lo_56m_PGM_2Perc_coupling_errors_on_RP/round_4/33_bessy2lo_56m_PGM_2Perc_coupling_errors_on_RP.rml
2025-02-10 20:17:28,475 - INFO - Completed: 20, remaining: 40, RAYPy_Simulation_bessy2lo_56m_PGM_2Perc_coupling_errors_on_RP/round_4/23_bessy2lo_56m_PGM_2Perc_coupling_errors_on_RP.rml
2025-02-10 20:17:30,222 - INFO - Completed: 21, remaining: 39, RAYPy_Simulation_bessy2lo_56m_PGM_2Perc_coupling_errors_on_RP/round_4/37_bessy2lo_56m_PGM_2Perc_coupling_errors_on_RP.rml
2025-02-10 20:17:30,328 - INFO - Completed: 22, remaining: 38, RAYPy_Simulation_bessy2lo_56m_PGM_2Perc_coupling_errors_on_RP/round_4/36_bessy2lo_56m_PGM_2Perc_coupling_errors_on_RP.rml
2025-02-10 20:17:30,847 - INFO - Completed: 23, remaining: 37, RAYPy_Simulation_bessy2lo_56m_PGM_2Perc_coupling_errors_on_RP/round_4/38_bessy2lo_56m_PGM_2Perc_coupling_errors_on_RP.rml
2025-02-10 20:17:30,993 - INFO - Completed: 24, remaining: 36, RAYPy_Simulation_bessy2lo_56m_PGM_2Perc_coupling_errors_on_RP/round_5/0_bessy2lo_56m_PGM_2Perc_coupling_errors_on_RP.rml
2025-02-10 20:17:31,149 - INFO - Completed: 25, remaining: 35, RAYPy_Simulation_bessy2lo_56m_PGM_2Perc_coupling_errors_on_RP/round_4/39_bessy2lo_56m_PGM_2Perc_coupling_errors_on_RP.rml
2025-02-10 20:17:31,339 - INFO - Completed: 26, remaining: 34, RAYPy_Simulation_bessy2lo_56m_PGM_2Perc_coupling_errors_on_RP/round_4/40_bessy2lo_56m_PGM_2Perc_coupling_errors_on_RP.rml
2025-02-10 20:17:31,394 - INFO - Completed: 27, remaining: 33, RAYPy_Simulation_bessy2lo_56m_PGM_2Perc_coupling_errors_on_RP/round_5/2_bessy2lo_56m_PGM_2Perc_coupling_errors_on_RP.rml
2025-02-10 20:17:31,587 - INFO - Completed: 28, remaining: 32, RAYPy_Simulation_bessy2lo_56m_PGM_2Perc_coupling_errors_on_RP/round_5/3_bessy2lo_56m_PGM_2Perc_coupling_errors_on_RP.rml
2025-02-10 20:17:31,598 - INFO - Completed: 29, remaining: 31, RAYPy_Simulation_bessy2lo_56m_PGM_2Perc_coupling_errors_on_RP/round_5/1_bessy2lo_56m_PGM_2Perc_coupling_errors_on_RP.rml
2025-02-10 20:17:31,794 - INFO - Completed: 30, remaining: 30, RAYPy_Simulation_bessy2lo_56m_PGM_2Perc_coupling_errors_on_RP/round_5/4_bessy2lo_56m_PGM_2Perc_coupling_errors_on_RP.rml
2025-02-10 20:17:31,872 - INFO - Completed: 31, remaining: 29, RAYPy_Simulation_bessy2lo_56m_PGM_2Perc_coupling_errors_on_RP/round_5/6_bessy2lo_56m_PGM_2Perc_coupling_errors_on_RP.rml
2025-02-10 20:17:32,019 - INFO - Completed: 32, remaining: 28, RAYPy_Simulation_bessy2lo_56m_PGM_2Perc_coupling_errors_on_RP/round_5/5_bessy2lo_56m_PGM_2Perc_coupling_errors_on_RP.rml
2025-02-10 20:17:33,795 - INFO - Completed: 33, remaining: 27, RAYPy_Simulation_bessy2lo_56m_PGM_2Perc_coupling_errors_on_RP/round_5/7_bessy2lo_56m_PGM_2Perc_coupling_errors_on_RP.rml
2025-02-10 20:17:33,845 - INFO - Completed: 34, remaining: 26, RAYPy_Simulation_bessy2lo_56m_PGM_2Perc_coupling_errors_on_RP/round_5/8_bessy2lo_56m_PGM_2Perc_coupling_errors_on_RP.rml
2025-02-10 20:17:34,187 - INFO - Completed: 35, remaining: 25, RAYPy_Simulation_bessy2lo_56m_PGM_2Perc_coupling_errors_on_RP/round_5/9_bessy2lo_56m_PGM_2Perc_coupling_errors_on_RP.rml
2025-02-10 20:17:34,469 - INFO - Completed: 36, remaining: 24, RAYPy_Simulation_bessy2lo_56m_PGM_2Perc_coupling_errors_on_RP/round_5/10_bessy2lo_56m_PGM_2Perc_coupling_errors_on_RP.rml
2025-02-10 20:17:34,495 - INFO - Completed: 37, remaining: 23, RAYPy_Simulation_bessy2lo_56m_PGM_2Perc_coupling_errors_on_RP/round_5/11_bessy2lo_56m_PGM_2Perc_coupling_errors_on_RP.rml
2025-02-10 20:17:34,774 - INFO - Completed: 38, remaining: 22, RAYPy_Simulation_bessy2lo_56m_PGM_2Perc_coupling_errors_on_RP/round_5/12_bessy2lo_56m_PGM_2Perc_coupling_errors_on_RP.rml
2025-02-10 20:17:34,867 - INFO - Completed: 39, remaining: 21, RAYPy_Simulation_bessy2lo_56m_PGM_2Perc_coupling_errors_on_RP/round_5/13_bessy2lo_56m_PGM_2Perc_coupling_errors_on_RP.rml
2025-02-10 20:17:34,902 - INFO - Completed: 40, remaining: 20, RAYPy_Simulation_bessy2lo_56m_PGM_2Perc_coupling_errors_on_RP/round_5/15_bessy2lo_56m_PGM_2Perc_coupling_errors_on_RP.rml
2025-02-10 20:17:35,425 - INFO - Completed: 41, remaining: 19, RAYPy_Simulation_bessy2lo_56m_PGM_2Perc_coupling_errors_on_RP/round_5/17_bessy2lo_56m_PGM_2Perc_coupling_errors_on_RP.rml
2025-02-10 20:17:35,571 - INFO - Completed: 42, remaining: 18, RAYPy_Simulation_bessy2lo_56m_PGM_2Perc_coupling_errors_on_RP/round_5/18_bessy2lo_56m_PGM_2Perc_coupling_errors_on_RP.rml
2025-02-10 20:17:35,618 - INFO - Completed: 43, remaining: 17, RAYPy_Simulation_bessy2lo_56m_PGM_2Perc_coupling_errors_on_RP/round_5/16_bessy2lo_56m_PGM_2Perc_coupling_errors_on_RP.rml
2025-02-10 20:17:36,075 - INFO - Completed: 44, remaining: 16, RAYPy_Simulation_bessy2lo_56m_PGM_2Perc_coupling_errors_on_RP/round_5/14_bessy2lo_56m_PGM_2Perc_coupling_errors_on_RP.rml
2025-02-10 20:17:37,289 - INFO - Completed: 45, remaining: 15, RAYPy_Simulation_bessy2lo_56m_PGM_2Perc_coupling_errors_on_RP/round_5/19_bessy2lo_56m_PGM_2Perc_coupling_errors_on_RP.rml
2025-02-10 20:17:37,399 - INFO - Completed: 46, remaining: 14, RAYPy_Simulation_bessy2lo_56m_PGM_2Perc_coupling_errors_on_RP/round_5/20_bessy2lo_56m_PGM_2Perc_coupling_errors_on_RP.rml
2025-02-10 20:17:37,737 - INFO - Completed: 47, remaining: 13, RAYPy_Simulation_bessy2lo_56m_PGM_2Perc_coupling_errors_on_RP/round_5/21_bessy2lo_56m_PGM_2Perc_coupling_errors_on_RP.rml
2025-02-10 20:17:37,798 - INFO - Completed: 48, remaining: 12, RAYPy_Simulation_bessy2lo_56m_PGM_2Perc_coupling_errors_on_RP/round_5/23_bessy2lo_56m_PGM_2Perc_coupling_errors_on_RP.rml
2025-02-10 20:17:38,140 - INFO - Completed: 49, remaining: 11, RAYPy_Simulation_bessy2lo_56m_PGM_2Perc_coupling_errors_on_RP/round_5/22_bessy2lo_56m_PGM_2Perc_coupling_errors_on_RP.rml
2025-02-10 20:17:38,227 - INFO - Completed: 50, remaining: 10, RAYPy_Simulation_bessy2lo_56m_PGM_2Perc_coupling_errors_on_RP/round_5/24_bessy2lo_56m_PGM_2Perc_coupling_errors_on_RP.rml
2025-02-10 20:17:38,249 - INFO - Completed: 51, remaining: 9, RAYPy_Simulation_bessy2lo_56m_PGM_2Perc_coupling_errors_on_RP/round_5/26_bessy2lo_56m_PGM_2Perc_coupling_errors_on_RP.rml
2025-02-10 20:17:38,273 - INFO - Completed: 52, remaining: 8, RAYPy_Simulation_bessy2lo_56m_PGM_2Perc_coupling_errors_on_RP/round_5/25_bessy2lo_56m_PGM_2Perc_coupling_errors_on_RP.rml
2025-02-10 20:17:38,604 - INFO - Completed: 53, remaining: 7, RAYPy_Simulation_bessy2lo_56m_PGM_2Perc_coupling_errors_on_RP/round_5/27_bessy2lo_56m_PGM_2Perc_coupling_errors_on_RP.rml
2025-02-10 20:17:38,886 - INFO - Completed: 54, remaining: 6, RAYPy_Simulation_bessy2lo_56m_PGM_2Perc_coupling_errors_on_RP/round_5/29_bessy2lo_56m_PGM_2Perc_coupling_errors_on_RP.rml
2025-02-10 20:17:39,059 - INFO - Completed: 55, remaining: 5, RAYPy_Simulation_bessy2lo_56m_PGM_2Perc_coupling_errors_on_RP/round_5/28_bessy2lo_56m_PGM_2Perc_coupling_errors_on_RP.rml
2025-02-10 20:17:39,157 - INFO - Completed: 56, remaining: 4, RAYPy_Simulation_bessy2lo_56m_PGM_2Perc_coupling_errors_on_RP/round_5/30_bessy2lo_56m_PGM_2Perc_coupling_errors_on_RP.rml
2025-02-10 20:17:39,895 - INFO - Completed: 57, remaining: 3, RAYPy_Simulation_bessy2lo_56m_PGM_2Perc_coupling_errors_on_RP/round_5/31_bessy2lo_56m_PGM_2Perc_coupling_errors_on_RP.rml
2025-02-10 20:17:39,967 - INFO - Completed: 58, remaining: 2, RAYPy_Simulation_bessy2lo_56m_PGM_2Perc_coupling_errors_on_RP/round_5/32_bessy2lo_56m_PGM_2Perc_coupling_errors_on_RP.rml
2025-02-10 20:17:40,082 - INFO - Completed: 59, remaining: 1, RAYPy_Simulation_bessy2lo_56m_PGM_2Perc_coupling_errors_on_RP/round_5/34_bessy2lo_56m_PGM_2Perc_coupling_errors_on_RP.rml
2025-02-10 20:17:40,227 - INFO - Completed: 60, remaining: 0, RAYPy_Simulation_bessy2lo_56m_PGM_2Perc_coupling_errors_on_RP/round_5/33_bessy2lo_56m_PGM_2Perc_coupling_errors_on_RP.rml
2025-02-10 20:17:40,228 - INFO - Batch Completed
2025-02-10 20:17:40,229 - INFO - Waiting For batch, 60 simulations to go
2025-02-10 20:17:40,250 - INFO - Prepared sim number: 35: RAYPy_Simulation_bessy2lo_56m_PGM_2Perc_coupling_errors_on_RP/round_5/35_bessy2lo_56m_PGM_2Perc_coupling_errors_on_RP.rml
2025-02-10 20:17:40,270 - INFO - Prepared sim number: 36: RAYPy_Simulation_bessy2lo_56m_PGM_2Perc_coupling_errors_on_RP/round_5/36_bessy2lo_56m_PGM_2Perc_coupling_errors_on_RP.rml
2025-02-10 20:17:40,281 - INFO - Prepared sim number: 37: RAYPy_Simulation_bessy2lo_56m_PGM_2Perc_coupling_errors_on_RP/round_5/37_bessy2lo_56m_PGM_2Perc_coupling_errors_on_RP.rml
2025-02-10 20:17:40,287 - INFO - Prepared sim number: 38: RAYPy_Simulation_bessy2lo_56m_PGM_2Perc_coupling_errors_on_RP/round_5/38_bessy2lo_56m_PGM_2Perc_coupling_errors_on_RP.rml
2025-02-10 20:17:40,291 - INFO - Prepared sim number: 39: RAYPy_Simulation_bessy2lo_56m_PGM_2Perc_coupling_errors_on_RP/round_5/39_bessy2lo_56m_PGM_2Perc_coupling_errors_on_RP.rml
2025-02-10 20:17:40,297 - INFO - Prepared sim number: 40: RAYPy_Simulation_bessy2lo_56m_PGM_2Perc_coupling_errors_on_RP/round_5/40_bessy2lo_56m_PGM_2Perc_coupling_errors_on_RP.rml
2025-02-10 20:17:40,297 - INFO - Start round 6
2025-02-10 20:17:40,301 - INFO - Prepared sim number: 0: RAYPy_Simulation_bessy2lo_56m_PGM_2Perc_coupling_errors_on_RP/round_6/0_bessy2lo_56m_PGM_2Perc_coupling_errors_on_RP.rml
2025-02-10 20:17:40,305 - INFO - Prepared sim number: 1: RAYPy_Simulation_bessy2lo_56m_PGM_2Perc_coupling_errors_on_RP/round_6/1_bessy2lo_56m_PGM_2Perc_coupling_errors_on_RP.rml
2025-02-10 20:17:40,310 - INFO - Prepared sim number: 2: RAYPy_Simulation_bessy2lo_56m_PGM_2Perc_coupling_errors_on_RP/round_6/2_bessy2lo_56m_PGM_2Perc_coupling_errors_on_RP.rml
2025-02-10 20:17:40,315 - INFO - Prepared sim number: 3: RAYPy_Simulation_bessy2lo_56m_PGM_2Perc_coupling_errors_on_RP/round_6/3_bessy2lo_56m_PGM_2Perc_coupling_errors_on_RP.rml
2025-02-10 20:17:40,318 - INFO - Prepared sim number: 4: RAYPy_Simulation_bessy2lo_56m_PGM_2Perc_coupling_errors_on_RP/round_6/4_bessy2lo_56m_PGM_2Perc_coupling_errors_on_RP.rml
2025-02-10 20:17:40,322 - INFO - Prepared sim number: 5: RAYPy_Simulation_bessy2lo_56m_PGM_2Perc_coupling_errors_on_RP/round_6/5_bessy2lo_56m_PGM_2Perc_coupling_errors_on_RP.rml
2025-02-10 20:17:40,326 - INFO - Prepared sim number: 6: RAYPy_Simulation_bessy2lo_56m_PGM_2Perc_coupling_errors_on_RP/round_6/6_bessy2lo_56m_PGM_2Perc_coupling_errors_on_RP.rml
2025-02-10 20:17:40,330 - INFO - Prepared sim number: 7: RAYPy_Simulation_bessy2lo_56m_PGM_2Perc_coupling_errors_on_RP/round_6/7_bessy2lo_56m_PGM_2Perc_coupling_errors_on_RP.rml
2025-02-10 20:17:40,333 - INFO - Prepared sim number: 8: RAYPy_Simulation_bessy2lo_56m_PGM_2Perc_coupling_errors_on_RP/round_6/8_bessy2lo_56m_PGM_2Perc_coupling_errors_on_RP.rml
2025-02-10 20:17:40,337 - INFO - Prepared sim number: 9: RAYPy_Simulation_bessy2lo_56m_PGM_2Perc_coupling_errors_on_RP/round_6/9_bessy2lo_56m_PGM_2Perc_coupling_errors_on_RP.rml
2025-02-10 20:17:40,340 - INFO - Prepared sim number: 10: RAYPy_Simulation_bessy2lo_56m_PGM_2Perc_coupling_errors_on_RP/round_6/10_bessy2lo_56m_PGM_2Perc_coupling_errors_on_RP.rml
2025-02-10 20:17:40,344 - INFO - Prepared sim number: 11: RAYPy_Simulation_bessy2lo_56m_PGM_2Perc_coupling_errors_on_RP/round_6/11_bessy2lo_56m_PGM_2Perc_coupling_errors_on_RP.rml
2025-02-10 20:17:40,348 - INFO - Prepared sim number: 12: RAYPy_Simulation_bessy2lo_56m_PGM_2Perc_coupling_errors_on_RP/round_6/12_bessy2lo_56m_PGM_2Perc_coupling_errors_on_RP.rml
2025-02-10 20:17:40,352 - INFO - Prepared sim number: 13: RAYPy_Simulation_bessy2lo_56m_PGM_2Perc_coupling_errors_on_RP/round_6/13_bessy2lo_56m_PGM_2Perc_coupling_errors_on_RP.rml
2025-02-10 20:17:40,356 - INFO - Prepared sim number: 14: RAYPy_Simulation_bessy2lo_56m_PGM_2Perc_coupling_errors_on_RP/round_6/14_bessy2lo_56m_PGM_2Perc_coupling_errors_on_RP.rml
2025-02-10 20:17:40,359 - INFO - Prepared sim number: 15: RAYPy_Simulation_bessy2lo_56m_PGM_2Perc_coupling_errors_on_RP/round_6/15_bessy2lo_56m_PGM_2Perc_coupling_errors_on_RP.rml
2025-02-10 20:17:40,363 - INFO - Prepared sim number: 16: RAYPy_Simulation_bessy2lo_56m_PGM_2Perc_coupling_errors_on_RP/round_6/16_bessy2lo_56m_PGM_2Perc_coupling_errors_on_RP.rml
2025-02-10 20:17:40,366 - INFO - Prepared sim number: 17: RAYPy_Simulation_bessy2lo_56m_PGM_2Perc_coupling_errors_on_RP/round_6/17_bessy2lo_56m_PGM_2Perc_coupling_errors_on_RP.rml
2025-02-10 20:17:40,370 - INFO - Prepared sim number: 18: RAYPy_Simulation_bessy2lo_56m_PGM_2Perc_coupling_errors_on_RP/round_6/18_bessy2lo_56m_PGM_2Perc_coupling_errors_on_RP.rml
2025-02-10 20:17:40,373 - INFO - Prepared sim number: 19: RAYPy_Simulation_bessy2lo_56m_PGM_2Perc_coupling_errors_on_RP/round_6/19_bessy2lo_56m_PGM_2Perc_coupling_errors_on_RP.rml
2025-02-10 20:17:40,377 - INFO - Prepared sim number: 20: RAYPy_Simulation_bessy2lo_56m_PGM_2Perc_coupling_errors_on_RP/round_6/20_bessy2lo_56m_PGM_2Perc_coupling_errors_on_RP.rml
2025-02-10 20:17:40,383 - INFO - Prepared sim number: 21: RAYPy_Simulation_bessy2lo_56m_PGM_2Perc_coupling_errors_on_RP/round_6/21_bessy2lo_56m_PGM_2Perc_coupling_errors_on_RP.rml
2025-02-10 20:17:40,386 - INFO - Prepared sim number: 22: RAYPy_Simulation_bessy2lo_56m_PGM_2Perc_coupling_errors_on_RP/round_6/22_bessy2lo_56m_PGM_2Perc_coupling_errors_on_RP.rml
2025-02-10 20:17:40,390 - INFO - Prepared sim number: 23: RAYPy_Simulation_bessy2lo_56m_PGM_2Perc_coupling_errors_on_RP/round_6/23_bessy2lo_56m_PGM_2Perc_coupling_errors_on_RP.rml
2025-02-10 20:17:40,394 - INFO - Prepared sim number: 24: RAYPy_Simulation_bessy2lo_56m_PGM_2Perc_coupling_errors_on_RP/round_6/24_bessy2lo_56m_PGM_2Perc_coupling_errors_on_RP.rml
2025-02-10 20:17:40,398 - INFO - Prepared sim number: 25: RAYPy_Simulation_bessy2lo_56m_PGM_2Perc_coupling_errors_on_RP/round_6/25_bessy2lo_56m_PGM_2Perc_coupling_errors_on_RP.rml
2025-02-10 20:17:40,402 - INFO - Prepared sim number: 26: RAYPy_Simulation_bessy2lo_56m_PGM_2Perc_coupling_errors_on_RP/round_6/26_bessy2lo_56m_PGM_2Perc_coupling_errors_on_RP.rml
2025-02-10 20:17:40,406 - INFO - Prepared sim number: 27: RAYPy_Simulation_bessy2lo_56m_PGM_2Perc_coupling_errors_on_RP/round_6/27_bessy2lo_56m_PGM_2Perc_coupling_errors_on_RP.rml
2025-02-10 20:17:40,410 - INFO - Prepared sim number: 28: RAYPy_Simulation_bessy2lo_56m_PGM_2Perc_coupling_errors_on_RP/round_6/28_bessy2lo_56m_PGM_2Perc_coupling_errors_on_RP.rml
2025-02-10 20:17:40,413 - INFO - Prepared sim number: 29: RAYPy_Simulation_bessy2lo_56m_PGM_2Perc_coupling_errors_on_RP/round_6/29_bessy2lo_56m_PGM_2Perc_coupling_errors_on_RP.rml
2025-02-10 20:17:40,417 - INFO - Prepared sim number: 30: RAYPy_Simulation_bessy2lo_56m_PGM_2Perc_coupling_errors_on_RP/round_6/30_bessy2lo_56m_PGM_2Perc_coupling_errors_on_RP.rml
2025-02-10 20:17:40,421 - INFO - Prepared sim number: 31: RAYPy_Simulation_bessy2lo_56m_PGM_2Perc_coupling_errors_on_RP/round_6/31_bessy2lo_56m_PGM_2Perc_coupling_errors_on_RP.rml
2025-02-10 20:17:40,424 - INFO - Prepared sim number: 32: RAYPy_Simulation_bessy2lo_56m_PGM_2Perc_coupling_errors_on_RP/round_6/32_bessy2lo_56m_PGM_2Perc_coupling_errors_on_RP.rml
2025-02-10 20:17:40,428 - INFO - Prepared sim number: 33: RAYPy_Simulation_bessy2lo_56m_PGM_2Perc_coupling_errors_on_RP/round_6/33_bessy2lo_56m_PGM_2Perc_coupling_errors_on_RP.rml
2025-02-10 20:17:40,431 - INFO - Prepared sim number: 34: RAYPy_Simulation_bessy2lo_56m_PGM_2Perc_coupling_errors_on_RP/round_6/34_bessy2lo_56m_PGM_2Perc_coupling_errors_on_RP.rml
2025-02-10 20:17:40,435 - INFO - Prepared sim number: 35: RAYPy_Simulation_bessy2lo_56m_PGM_2Perc_coupling_errors_on_RP/round_6/35_bessy2lo_56m_PGM_2Perc_coupling_errors_on_RP.rml
2025-02-10 20:17:40,439 - INFO - Prepared sim number: 36: RAYPy_Simulation_bessy2lo_56m_PGM_2Perc_coupling_errors_on_RP/round_6/36_bessy2lo_56m_PGM_2Perc_coupling_errors_on_RP.rml
2025-02-10 20:17:40,443 - INFO - Prepared sim number: 37: RAYPy_Simulation_bessy2lo_56m_PGM_2Perc_coupling_errors_on_RP/round_6/37_bessy2lo_56m_PGM_2Perc_coupling_errors_on_RP.rml
2025-02-10 20:17:40,447 - INFO - Prepared sim number: 38: RAYPy_Simulation_bessy2lo_56m_PGM_2Perc_coupling_errors_on_RP/round_6/38_bessy2lo_56m_PGM_2Perc_coupling_errors_on_RP.rml
2025-02-10 20:17:40,450 - INFO - Prepared sim number: 39: RAYPy_Simulation_bessy2lo_56m_PGM_2Perc_coupling_errors_on_RP/round_6/39_bessy2lo_56m_PGM_2Perc_coupling_errors_on_RP.rml
2025-02-10 20:17:40,454 - INFO - Prepared sim number: 40: RAYPy_Simulation_bessy2lo_56m_PGM_2Perc_coupling_errors_on_RP/round_6/40_bessy2lo_56m_PGM_2Perc_coupling_errors_on_RP.rml
2025-02-10 20:17:40,454 - INFO - Start round 7
2025-02-10 20:17:40,458 - INFO - Prepared sim number: 0: RAYPy_Simulation_bessy2lo_56m_PGM_2Perc_coupling_errors_on_RP/round_7/0_bessy2lo_56m_PGM_2Perc_coupling_errors_on_RP.rml
2025-02-10 20:17:40,462 - INFO - Prepared sim number: 1: RAYPy_Simulation_bessy2lo_56m_PGM_2Perc_coupling_errors_on_RP/round_7/1_bessy2lo_56m_PGM_2Perc_coupling_errors_on_RP.rml
2025-02-10 20:17:40,465 - INFO - Prepared sim number: 2: RAYPy_Simulation_bessy2lo_56m_PGM_2Perc_coupling_errors_on_RP/round_7/2_bessy2lo_56m_PGM_2Perc_coupling_errors_on_RP.rml
2025-02-10 20:17:40,470 - INFO - Prepared sim number: 3: RAYPy_Simulation_bessy2lo_56m_PGM_2Perc_coupling_errors_on_RP/round_7/3_bessy2lo_56m_PGM_2Perc_coupling_errors_on_RP.rml
2025-02-10 20:17:40,476 - INFO - Prepared sim number: 4: RAYPy_Simulation_bessy2lo_56m_PGM_2Perc_coupling_errors_on_RP/round_7/4_bessy2lo_56m_PGM_2Perc_coupling_errors_on_RP.rml
2025-02-10 20:17:40,481 - INFO - Prepared sim number: 5: RAYPy_Simulation_bessy2lo_56m_PGM_2Perc_coupling_errors_on_RP/round_7/5_bessy2lo_56m_PGM_2Perc_coupling_errors_on_RP.rml
2025-02-10 20:17:40,487 - INFO - Prepared sim number: 6: RAYPy_Simulation_bessy2lo_56m_PGM_2Perc_coupling_errors_on_RP/round_7/6_bessy2lo_56m_PGM_2Perc_coupling_errors_on_RP.rml
2025-02-10 20:17:40,493 - INFO - Prepared sim number: 7: RAYPy_Simulation_bessy2lo_56m_PGM_2Perc_coupling_errors_on_RP/round_7/7_bessy2lo_56m_PGM_2Perc_coupling_errors_on_RP.rml
2025-02-10 20:17:40,498 - INFO - Prepared sim number: 8: RAYPy_Simulation_bessy2lo_56m_PGM_2Perc_coupling_errors_on_RP/round_7/8_bessy2lo_56m_PGM_2Perc_coupling_errors_on_RP.rml
2025-02-10 20:17:40,504 - INFO - Prepared sim number: 9: RAYPy_Simulation_bessy2lo_56m_PGM_2Perc_coupling_errors_on_RP/round_7/9_bessy2lo_56m_PGM_2Perc_coupling_errors_on_RP.rml
2025-02-10 20:17:40,510 - INFO - Prepared sim number: 10: RAYPy_Simulation_bessy2lo_56m_PGM_2Perc_coupling_errors_on_RP/round_7/10_bessy2lo_56m_PGM_2Perc_coupling_errors_on_RP.rml
2025-02-10 20:17:40,515 - INFO - Prepared sim number: 11: RAYPy_Simulation_bessy2lo_56m_PGM_2Perc_coupling_errors_on_RP/round_7/11_bessy2lo_56m_PGM_2Perc_coupling_errors_on_RP.rml
2025-02-10 20:17:40,521 - INFO - Prepared sim number: 12: RAYPy_Simulation_bessy2lo_56m_PGM_2Perc_coupling_errors_on_RP/round_7/12_bessy2lo_56m_PGM_2Perc_coupling_errors_on_RP.rml
2025-02-10 20:17:40,522 - INFO - Waiting for batch number: 4, timeout: 22.190890079736707s
2025-02-10 20:17:43,221 - INFO - Completed: 1, remaining: 59, RAYPy_Simulation_bessy2lo_56m_PGM_2Perc_coupling_errors_on_RP/round_6/1_bessy2lo_56m_PGM_2Perc_coupling_errors_on_RP.rml
2025-02-10 20:17:43,388 - INFO - Completed: 2, remaining: 58, RAYPy_Simulation_bessy2lo_56m_PGM_2Perc_coupling_errors_on_RP/round_6/4_bessy2lo_56m_PGM_2Perc_coupling_errors_on_RP.rml
2025-02-10 20:17:43,438 - INFO - Completed: 3, remaining: 57, RAYPy_Simulation_bessy2lo_56m_PGM_2Perc_coupling_errors_on_RP/round_6/0_bessy2lo_56m_PGM_2Perc_coupling_errors_on_RP.rml
2025-02-10 20:17:43,518 - INFO - Completed: 4, remaining: 56, RAYPy_Simulation_bessy2lo_56m_PGM_2Perc_coupling_errors_on_RP/round_6/2_bessy2lo_56m_PGM_2Perc_coupling_errors_on_RP.rml
2025-02-10 20:17:43,771 - INFO - Completed: 5, remaining: 55, RAYPy_Simulation_bessy2lo_56m_PGM_2Perc_coupling_errors_on_RP/round_5/35_bessy2lo_56m_PGM_2Perc_coupling_errors_on_RP.rml
2025-02-10 20:17:43,895 - INFO - Completed: 6, remaining: 54, RAYPy_Simulation_bessy2lo_56m_PGM_2Perc_coupling_errors_on_RP/round_5/40_bessy2lo_56m_PGM_2Perc_coupling_errors_on_RP.rml
2025-02-10 20:17:43,911 - INFO - Completed: 7, remaining: 53, RAYPy_Simulation_bessy2lo_56m_PGM_2Perc_coupling_errors_on_RP/round_5/39_bessy2lo_56m_PGM_2Perc_coupling_errors_on_RP.rml
2025-02-10 20:17:44,030 - INFO - Completed: 8, remaining: 52, RAYPy_Simulation_bessy2lo_56m_PGM_2Perc_coupling_errors_on_RP/round_5/36_bessy2lo_56m_PGM_2Perc_coupling_errors_on_RP.rml
2025-02-10 20:17:45,786 - INFO - Completed: 9, remaining: 51, RAYPy_Simulation_bessy2lo_56m_PGM_2Perc_coupling_errors_on_RP/round_6/3_bessy2lo_56m_PGM_2Perc_coupling_errors_on_RP.rml
2025-02-10 20:17:45,841 - INFO - Completed: 10, remaining: 50, RAYPy_Simulation_bessy2lo_56m_PGM_2Perc_coupling_errors_on_RP/round_6/5_bessy2lo_56m_PGM_2Perc_coupling_errors_on_RP.rml
2025-02-10 20:17:46,184 - INFO - Completed: 11, remaining: 49, RAYPy_Simulation_bessy2lo_56m_PGM_2Perc_coupling_errors_on_RP/round_5/37_bessy2lo_56m_PGM_2Perc_coupling_errors_on_RP.rml
2025-02-10 20:17:46,216 - INFO - Completed: 12, remaining: 48, RAYPy_Simulation_bessy2lo_56m_PGM_2Perc_coupling_errors_on_RP/round_5/38_bessy2lo_56m_PGM_2Perc_coupling_errors_on_RP.rml
2025-02-10 20:17:46,558 - INFO - Completed: 13, remaining: 47, RAYPy_Simulation_bessy2lo_56m_PGM_2Perc_coupling_errors_on_RP/round_6/6_bessy2lo_56m_PGM_2Perc_coupling_errors_on_RP.rml
2025-02-10 20:17:46,587 - INFO - Completed: 14, remaining: 46, RAYPy_Simulation_bessy2lo_56m_PGM_2Perc_coupling_errors_on_RP/round_6/8_bessy2lo_56m_PGM_2Perc_coupling_errors_on_RP.rml
2025-02-10 20:17:46,808 - INFO - Completed: 15, remaining: 45, RAYPy_Simulation_bessy2lo_56m_PGM_2Perc_coupling_errors_on_RP/round_6/9_bessy2lo_56m_PGM_2Perc_coupling_errors_on_RP.rml
2025-02-10 20:17:47,163 - INFO - Completed: 16, remaining: 44, RAYPy_Simulation_bessy2lo_56m_PGM_2Perc_coupling_errors_on_RP/round_6/10_bessy2lo_56m_PGM_2Perc_coupling_errors_on_RP.rml
2025-02-10 20:17:47,249 - INFO - Completed: 17, remaining: 43, RAYPy_Simulation_bessy2lo_56m_PGM_2Perc_coupling_errors_on_RP/round_6/13_bessy2lo_56m_PGM_2Perc_coupling_errors_on_RP.rml
2025-02-10 20:17:47,662 - INFO - Completed: 18, remaining: 42, RAYPy_Simulation_bessy2lo_56m_PGM_2Perc_coupling_errors_on_RP/round_6/7_bessy2lo_56m_PGM_2Perc_coupling_errors_on_RP.rml
2025-02-10 20:17:47,699 - INFO - Completed: 19, remaining: 41, RAYPy_Simulation_bessy2lo_56m_PGM_2Perc_coupling_errors_on_RP/round_6/11_bessy2lo_56m_PGM_2Perc_coupling_errors_on_RP.rml
2025-02-10 20:17:49,347 - INFO - Completed: 20, remaining: 40, RAYPy_Simulation_bessy2lo_56m_PGM_2Perc_coupling_errors_on_RP/round_6/15_bessy2lo_56m_PGM_2Perc_coupling_errors_on_RP.rml
2025-02-10 20:17:49,542 - INFO - Completed: 21, remaining: 39, RAYPy_Simulation_bessy2lo_56m_PGM_2Perc_coupling_errors_on_RP/round_6/14_bessy2lo_56m_PGM_2Perc_coupling_errors_on_RP.rml
2025-02-10 20:17:49,690 - INFO - Completed: 22, remaining: 38, RAYPy_Simulation_bessy2lo_56m_PGM_2Perc_coupling_errors_on_RP/round_6/12_bessy2lo_56m_PGM_2Perc_coupling_errors_on_RP.rml
2025-02-10 20:17:49,919 - INFO - Completed: 23, remaining: 37, RAYPy_Simulation_bessy2lo_56m_PGM_2Perc_coupling_errors_on_RP/round_6/17_bessy2lo_56m_PGM_2Perc_coupling_errors_on_RP.rml
2025-02-10 20:17:50,024 - INFO - Completed: 24, remaining: 36, RAYPy_Simulation_bessy2lo_56m_PGM_2Perc_coupling_errors_on_RP/round_6/16_bessy2lo_56m_PGM_2Perc_coupling_errors_on_RP.rml
2025-02-10 20:17:50,186 - INFO - Completed: 25, remaining: 35, RAYPy_Simulation_bessy2lo_56m_PGM_2Perc_coupling_errors_on_RP/round_6/18_bessy2lo_56m_PGM_2Perc_coupling_errors_on_RP.rml
2025-02-10 20:17:50,248 - INFO - Completed: 26, remaining: 34, RAYPy_Simulation_bessy2lo_56m_PGM_2Perc_coupling_errors_on_RP/round_6/19_bessy2lo_56m_PGM_2Perc_coupling_errors_on_RP.rml
2025-02-10 20:17:50,631 - INFO - Completed: 27, remaining: 33, RAYPy_Simulation_bessy2lo_56m_PGM_2Perc_coupling_errors_on_RP/round_6/21_bessy2lo_56m_PGM_2Perc_coupling_errors_on_RP.rml
2025-02-10 20:17:50,677 - INFO - Completed: 28, remaining: 32, RAYPy_Simulation_bessy2lo_56m_PGM_2Perc_coupling_errors_on_RP/round_6/22_bessy2lo_56m_PGM_2Perc_coupling_errors_on_RP.rml
2025-02-10 20:17:51,244 - INFO - Completed: 29, remaining: 31, RAYPy_Simulation_bessy2lo_56m_PGM_2Perc_coupling_errors_on_RP/round_6/20_bessy2lo_56m_PGM_2Perc_coupling_errors_on_RP.rml
2025-02-10 20:17:51,299 - INFO - Completed: 30, remaining: 30, RAYPy_Simulation_bessy2lo_56m_PGM_2Perc_coupling_errors_on_RP/round_6/24_bessy2lo_56m_PGM_2Perc_coupling_errors_on_RP.rml
2025-02-10 20:17:51,359 - INFO - Completed: 31, remaining: 29, RAYPy_Simulation_bessy2lo_56m_PGM_2Perc_coupling_errors_on_RP/round_6/23_bessy2lo_56m_PGM_2Perc_coupling_errors_on_RP.rml
2025-02-10 20:17:53,006 - INFO - Completed: 32, remaining: 28, RAYPy_Simulation_bessy2lo_56m_PGM_2Perc_coupling_errors_on_RP/round_6/25_bessy2lo_56m_PGM_2Perc_coupling_errors_on_RP.rml
2025-02-10 20:17:53,226 - INFO - Completed: 33, remaining: 27, RAYPy_Simulation_bessy2lo_56m_PGM_2Perc_coupling_errors_on_RP/round_6/26_bessy2lo_56m_PGM_2Perc_coupling_errors_on_RP.rml
2025-02-10 20:17:53,467 - INFO - Completed: 34, remaining: 26, RAYPy_Simulation_bessy2lo_56m_PGM_2Perc_coupling_errors_on_RP/round_6/27_bessy2lo_56m_PGM_2Perc_coupling_errors_on_RP.rml
2025-02-10 20:17:53,662 - INFO - Completed: 35, remaining: 25, RAYPy_Simulation_bessy2lo_56m_PGM_2Perc_coupling_errors_on_RP/round_6/29_bessy2lo_56m_PGM_2Perc_coupling_errors_on_RP.rml
2025-02-10 20:17:53,859 - INFO - Completed: 36, remaining: 24, RAYPy_Simulation_bessy2lo_56m_PGM_2Perc_coupling_errors_on_RP/round_6/30_bessy2lo_56m_PGM_2Perc_coupling_errors_on_RP.rml
2025-02-10 20:17:53,887 - INFO - Completed: 37, remaining: 23, RAYPy_Simulation_bessy2lo_56m_PGM_2Perc_coupling_errors_on_RP/round_6/28_bessy2lo_56m_PGM_2Perc_coupling_errors_on_RP.rml
2025-02-10 20:17:54,225 - INFO - Completed: 38, remaining: 22, RAYPy_Simulation_bessy2lo_56m_PGM_2Perc_coupling_errors_on_RP/round_6/32_bessy2lo_56m_PGM_2Perc_coupling_errors_on_RP.rml
2025-02-10 20:17:54,334 - INFO - Completed: 39, remaining: 21, RAYPy_Simulation_bessy2lo_56m_PGM_2Perc_coupling_errors_on_RP/round_6/31_bessy2lo_56m_PGM_2Perc_coupling_errors_on_RP.rml
2025-02-10 20:17:54,585 - INFO - Completed: 40, remaining: 20, RAYPy_Simulation_bessy2lo_56m_PGM_2Perc_coupling_errors_on_RP/round_6/33_bessy2lo_56m_PGM_2Perc_coupling_errors_on_RP.rml
2025-02-10 20:17:54,953 - INFO - Completed: 41, remaining: 19, RAYPy_Simulation_bessy2lo_56m_PGM_2Perc_coupling_errors_on_RP/round_6/34_bessy2lo_56m_PGM_2Perc_coupling_errors_on_RP.rml
2025-02-10 20:17:55,079 - INFO - Completed: 42, remaining: 18, RAYPy_Simulation_bessy2lo_56m_PGM_2Perc_coupling_errors_on_RP/round_6/36_bessy2lo_56m_PGM_2Perc_coupling_errors_on_RP.rml
2025-02-10 20:17:55,183 - INFO - Completed: 43, remaining: 17, RAYPy_Simulation_bessy2lo_56m_PGM_2Perc_coupling_errors_on_RP/round_6/35_bessy2lo_56m_PGM_2Perc_coupling_errors_on_RP.rml
2025-02-10 20:17:56,648 - INFO - Completed: 44, remaining: 16, RAYPy_Simulation_bessy2lo_56m_PGM_2Perc_coupling_errors_on_RP/round_6/37_bessy2lo_56m_PGM_2Perc_coupling_errors_on_RP.rml
2025-02-10 20:17:56,844 - INFO - Completed: 45, remaining: 15, RAYPy_Simulation_bessy2lo_56m_PGM_2Perc_coupling_errors_on_RP/round_6/38_bessy2lo_56m_PGM_2Perc_coupling_errors_on_RP.rml
2025-02-10 20:17:56,954 - INFO - Completed: 46, remaining: 14, RAYPy_Simulation_bessy2lo_56m_PGM_2Perc_coupling_errors_on_RP/round_6/39_bessy2lo_56m_PGM_2Perc_coupling_errors_on_RP.rml
2025-02-10 20:17:57,106 - INFO - Completed: 47, remaining: 13, RAYPy_Simulation_bessy2lo_56m_PGM_2Perc_coupling_errors_on_RP/round_6/40_bessy2lo_56m_PGM_2Perc_coupling_errors_on_RP.rml
2025-02-10 20:17:57,331 - INFO - Completed: 48, remaining: 12, RAYPy_Simulation_bessy2lo_56m_PGM_2Perc_coupling_errors_on_RP/round_7/1_bessy2lo_56m_PGM_2Perc_coupling_errors_on_RP.rml
2025-02-10 20:17:57,382 - INFO - Completed: 49, remaining: 11, RAYPy_Simulation_bessy2lo_56m_PGM_2Perc_coupling_errors_on_RP/round_7/0_bessy2lo_56m_PGM_2Perc_coupling_errors_on_RP.rml
2025-02-10 20:17:57,557 - INFO - Completed: 50, remaining: 10, RAYPy_Simulation_bessy2lo_56m_PGM_2Perc_coupling_errors_on_RP/round_7/2_bessy2lo_56m_PGM_2Perc_coupling_errors_on_RP.rml
2025-02-10 20:17:57,717 - INFO - Completed: 51, remaining: 9, RAYPy_Simulation_bessy2lo_56m_PGM_2Perc_coupling_errors_on_RP/round_7/4_bessy2lo_56m_PGM_2Perc_coupling_errors_on_RP.rml
2025-02-10 20:17:57,949 - INFO - Completed: 52, remaining: 8, RAYPy_Simulation_bessy2lo_56m_PGM_2Perc_coupling_errors_on_RP/round_7/3_bessy2lo_56m_PGM_2Perc_coupling_errors_on_RP.rml
2025-02-10 20:17:58,059 - INFO - Completed: 53, remaining: 7, RAYPy_Simulation_bessy2lo_56m_PGM_2Perc_coupling_errors_on_RP/round_7/5_bessy2lo_56m_PGM_2Perc_coupling_errors_on_RP.rml
2025-02-10 20:17:58,232 - INFO - Completed: 54, remaining: 6, RAYPy_Simulation_bessy2lo_56m_PGM_2Perc_coupling_errors_on_RP/round_7/7_bessy2lo_56m_PGM_2Perc_coupling_errors_on_RP.rml
2025-02-10 20:17:58,507 - INFO - Completed: 55, remaining: 5, RAYPy_Simulation_bessy2lo_56m_PGM_2Perc_coupling_errors_on_RP/round_7/6_bessy2lo_56m_PGM_2Perc_coupling_errors_on_RP.rml
2025-02-10 20:17:59,293 - INFO - Completed: 56, remaining: 4, RAYPy_Simulation_bessy2lo_56m_PGM_2Perc_coupling_errors_on_RP/round_7/8_bessy2lo_56m_PGM_2Perc_coupling_errors_on_RP.rml
2025-02-10 20:17:59,424 - INFO - Completed: 57, remaining: 3, RAYPy_Simulation_bessy2lo_56m_PGM_2Perc_coupling_errors_on_RP/round_7/10_bessy2lo_56m_PGM_2Perc_coupling_errors_on_RP.rml
2025-02-10 20:17:59,562 - INFO - Completed: 58, remaining: 2, RAYPy_Simulation_bessy2lo_56m_PGM_2Perc_coupling_errors_on_RP/round_7/11_bessy2lo_56m_PGM_2Perc_coupling_errors_on_RP.rml
2025-02-10 20:17:59,628 - INFO - Completed: 59, remaining: 1, RAYPy_Simulation_bessy2lo_56m_PGM_2Perc_coupling_errors_on_RP/round_7/9_bessy2lo_56m_PGM_2Perc_coupling_errors_on_RP.rml
2025-02-10 20:17:59,653 - INFO - Completed: 60, remaining: 0, RAYPy_Simulation_bessy2lo_56m_PGM_2Perc_coupling_errors_on_RP/round_7/12_bessy2lo_56m_PGM_2Perc_coupling_errors_on_RP.rml
2025-02-10 20:17:59,653 - INFO - Batch Completed
2025-02-10 20:17:59,653 - INFO - Waiting For batch, 60 simulations to go
2025-02-10 20:17:59,660 - INFO - Prepared sim number: 13: RAYPy_Simulation_bessy2lo_56m_PGM_2Perc_coupling_errors_on_RP/round_7/13_bessy2lo_56m_PGM_2Perc_coupling_errors_on_RP.rml
2025-02-10 20:17:59,667 - INFO - Prepared sim number: 14: RAYPy_Simulation_bessy2lo_56m_PGM_2Perc_coupling_errors_on_RP/round_7/14_bessy2lo_56m_PGM_2Perc_coupling_errors_on_RP.rml
2025-02-10 20:17:59,676 - INFO - Prepared sim number: 15: RAYPy_Simulation_bessy2lo_56m_PGM_2Perc_coupling_errors_on_RP/round_7/15_bessy2lo_56m_PGM_2Perc_coupling_errors_on_RP.rml
2025-02-10 20:17:59,682 - INFO - Prepared sim number: 16: RAYPy_Simulation_bessy2lo_56m_PGM_2Perc_coupling_errors_on_RP/round_7/16_bessy2lo_56m_PGM_2Perc_coupling_errors_on_RP.rml
2025-02-10 20:17:59,687 - INFO - Prepared sim number: 17: RAYPy_Simulation_bessy2lo_56m_PGM_2Perc_coupling_errors_on_RP/round_7/17_bessy2lo_56m_PGM_2Perc_coupling_errors_on_RP.rml
2025-02-10 20:17:59,691 - INFO - Prepared sim number: 18: RAYPy_Simulation_bessy2lo_56m_PGM_2Perc_coupling_errors_on_RP/round_7/18_bessy2lo_56m_PGM_2Perc_coupling_errors_on_RP.rml
2025-02-10 20:17:59,695 - INFO - Prepared sim number: 19: RAYPy_Simulation_bessy2lo_56m_PGM_2Perc_coupling_errors_on_RP/round_7/19_bessy2lo_56m_PGM_2Perc_coupling_errors_on_RP.rml
2025-02-10 20:17:59,699 - INFO - Prepared sim number: 20: RAYPy_Simulation_bessy2lo_56m_PGM_2Perc_coupling_errors_on_RP/round_7/20_bessy2lo_56m_PGM_2Perc_coupling_errors_on_RP.rml
2025-02-10 20:17:59,705 - INFO - Prepared sim number: 21: RAYPy_Simulation_bessy2lo_56m_PGM_2Perc_coupling_errors_on_RP/round_7/21_bessy2lo_56m_PGM_2Perc_coupling_errors_on_RP.rml
2025-02-10 20:17:59,709 - INFO - Prepared sim number: 22: RAYPy_Simulation_bessy2lo_56m_PGM_2Perc_coupling_errors_on_RP/round_7/22_bessy2lo_56m_PGM_2Perc_coupling_errors_on_RP.rml
2025-02-10 20:17:59,713 - INFO - Prepared sim number: 23: RAYPy_Simulation_bessy2lo_56m_PGM_2Perc_coupling_errors_on_RP/round_7/23_bessy2lo_56m_PGM_2Perc_coupling_errors_on_RP.rml
2025-02-10 20:17:59,719 - INFO - Prepared sim number: 24: RAYPy_Simulation_bessy2lo_56m_PGM_2Perc_coupling_errors_on_RP/round_7/24_bessy2lo_56m_PGM_2Perc_coupling_errors_on_RP.rml
2025-02-10 20:17:59,723 - INFO - Prepared sim number: 25: RAYPy_Simulation_bessy2lo_56m_PGM_2Perc_coupling_errors_on_RP/round_7/25_bessy2lo_56m_PGM_2Perc_coupling_errors_on_RP.rml
2025-02-10 20:17:59,728 - INFO - Prepared sim number: 26: RAYPy_Simulation_bessy2lo_56m_PGM_2Perc_coupling_errors_on_RP/round_7/26_bessy2lo_56m_PGM_2Perc_coupling_errors_on_RP.rml
2025-02-10 20:17:59,732 - INFO - Prepared sim number: 27: RAYPy_Simulation_bessy2lo_56m_PGM_2Perc_coupling_errors_on_RP/round_7/27_bessy2lo_56m_PGM_2Perc_coupling_errors_on_RP.rml
2025-02-10 20:17:59,736 - INFO - Prepared sim number: 28: RAYPy_Simulation_bessy2lo_56m_PGM_2Perc_coupling_errors_on_RP/round_7/28_bessy2lo_56m_PGM_2Perc_coupling_errors_on_RP.rml
2025-02-10 20:17:59,740 - INFO - Prepared sim number: 29: RAYPy_Simulation_bessy2lo_56m_PGM_2Perc_coupling_errors_on_RP/round_7/29_bessy2lo_56m_PGM_2Perc_coupling_errors_on_RP.rml
2025-02-10 20:17:59,744 - INFO - Prepared sim number: 30: RAYPy_Simulation_bessy2lo_56m_PGM_2Perc_coupling_errors_on_RP/round_7/30_bessy2lo_56m_PGM_2Perc_coupling_errors_on_RP.rml
2025-02-10 20:17:59,748 - INFO - Prepared sim number: 31: RAYPy_Simulation_bessy2lo_56m_PGM_2Perc_coupling_errors_on_RP/round_7/31_bessy2lo_56m_PGM_2Perc_coupling_errors_on_RP.rml
2025-02-10 20:17:59,751 - INFO - Prepared sim number: 32: RAYPy_Simulation_bessy2lo_56m_PGM_2Perc_coupling_errors_on_RP/round_7/32_bessy2lo_56m_PGM_2Perc_coupling_errors_on_RP.rml
2025-02-10 20:17:59,757 - INFO - Prepared sim number: 33: RAYPy_Simulation_bessy2lo_56m_PGM_2Perc_coupling_errors_on_RP/round_7/33_bessy2lo_56m_PGM_2Perc_coupling_errors_on_RP.rml
2025-02-10 20:17:59,761 - INFO - Prepared sim number: 34: RAYPy_Simulation_bessy2lo_56m_PGM_2Perc_coupling_errors_on_RP/round_7/34_bessy2lo_56m_PGM_2Perc_coupling_errors_on_RP.rml
2025-02-10 20:17:59,765 - INFO - Prepared sim number: 35: RAYPy_Simulation_bessy2lo_56m_PGM_2Perc_coupling_errors_on_RP/round_7/35_bessy2lo_56m_PGM_2Perc_coupling_errors_on_RP.rml
2025-02-10 20:17:59,769 - INFO - Prepared sim number: 36: RAYPy_Simulation_bessy2lo_56m_PGM_2Perc_coupling_errors_on_RP/round_7/36_bessy2lo_56m_PGM_2Perc_coupling_errors_on_RP.rml
2025-02-10 20:17:59,773 - INFO - Prepared sim number: 37: RAYPy_Simulation_bessy2lo_56m_PGM_2Perc_coupling_errors_on_RP/round_7/37_bessy2lo_56m_PGM_2Perc_coupling_errors_on_RP.rml
2025-02-10 20:17:59,777 - INFO - Prepared sim number: 38: RAYPy_Simulation_bessy2lo_56m_PGM_2Perc_coupling_errors_on_RP/round_7/38_bessy2lo_56m_PGM_2Perc_coupling_errors_on_RP.rml
2025-02-10 20:17:59,781 - INFO - Prepared sim number: 39: RAYPy_Simulation_bessy2lo_56m_PGM_2Perc_coupling_errors_on_RP/round_7/39_bessy2lo_56m_PGM_2Perc_coupling_errors_on_RP.rml
2025-02-10 20:17:59,786 - INFO - Prepared sim number: 40: RAYPy_Simulation_bessy2lo_56m_PGM_2Perc_coupling_errors_on_RP/round_7/40_bessy2lo_56m_PGM_2Perc_coupling_errors_on_RP.rml
2025-02-10 20:17:59,786 - INFO - Start round 8
2025-02-10 20:17:59,790 - INFO - Prepared sim number: 0: RAYPy_Simulation_bessy2lo_56m_PGM_2Perc_coupling_errors_on_RP/round_8/0_bessy2lo_56m_PGM_2Perc_coupling_errors_on_RP.rml
2025-02-10 20:17:59,795 - INFO - Prepared sim number: 1: RAYPy_Simulation_bessy2lo_56m_PGM_2Perc_coupling_errors_on_RP/round_8/1_bessy2lo_56m_PGM_2Perc_coupling_errors_on_RP.rml
2025-02-10 20:17:59,799 - INFO - Prepared sim number: 2: RAYPy_Simulation_bessy2lo_56m_PGM_2Perc_coupling_errors_on_RP/round_8/2_bessy2lo_56m_PGM_2Perc_coupling_errors_on_RP.rml
2025-02-10 20:17:59,803 - INFO - Prepared sim number: 3: RAYPy_Simulation_bessy2lo_56m_PGM_2Perc_coupling_errors_on_RP/round_8/3_bessy2lo_56m_PGM_2Perc_coupling_errors_on_RP.rml
2025-02-10 20:17:59,808 - INFO - Prepared sim number: 4: RAYPy_Simulation_bessy2lo_56m_PGM_2Perc_coupling_errors_on_RP/round_8/4_bessy2lo_56m_PGM_2Perc_coupling_errors_on_RP.rml
2025-02-10 20:17:59,812 - INFO - Prepared sim number: 5: RAYPy_Simulation_bessy2lo_56m_PGM_2Perc_coupling_errors_on_RP/round_8/5_bessy2lo_56m_PGM_2Perc_coupling_errors_on_RP.rml
2025-02-10 20:17:59,816 - INFO - Prepared sim number: 6: RAYPy_Simulation_bessy2lo_56m_PGM_2Perc_coupling_errors_on_RP/round_8/6_bessy2lo_56m_PGM_2Perc_coupling_errors_on_RP.rml
2025-02-10 20:17:59,820 - INFO - Prepared sim number: 7: RAYPy_Simulation_bessy2lo_56m_PGM_2Perc_coupling_errors_on_RP/round_8/7_bessy2lo_56m_PGM_2Perc_coupling_errors_on_RP.rml
2025-02-10 20:17:59,824 - INFO - Prepared sim number: 8: RAYPy_Simulation_bessy2lo_56m_PGM_2Perc_coupling_errors_on_RP/round_8/8_bessy2lo_56m_PGM_2Perc_coupling_errors_on_RP.rml
2025-02-10 20:17:59,829 - INFO - Prepared sim number: 9: RAYPy_Simulation_bessy2lo_56m_PGM_2Perc_coupling_errors_on_RP/round_8/9_bessy2lo_56m_PGM_2Perc_coupling_errors_on_RP.rml
2025-02-10 20:17:59,833 - INFO - Prepared sim number: 10: RAYPy_Simulation_bessy2lo_56m_PGM_2Perc_coupling_errors_on_RP/round_8/10_bessy2lo_56m_PGM_2Perc_coupling_errors_on_RP.rml
2025-02-10 20:17:59,839 - INFO - Prepared sim number: 11: RAYPy_Simulation_bessy2lo_56m_PGM_2Perc_coupling_errors_on_RP/round_8/11_bessy2lo_56m_PGM_2Perc_coupling_errors_on_RP.rml
2025-02-10 20:17:59,843 - INFO - Prepared sim number: 12: RAYPy_Simulation_bessy2lo_56m_PGM_2Perc_coupling_errors_on_RP/round_8/12_bessy2lo_56m_PGM_2Perc_coupling_errors_on_RP.rml
2025-02-10 20:17:59,848 - INFO - Prepared sim number: 13: RAYPy_Simulation_bessy2lo_56m_PGM_2Perc_coupling_errors_on_RP/round_8/13_bessy2lo_56m_PGM_2Perc_coupling_errors_on_RP.rml
2025-02-10 20:17:59,852 - INFO - Prepared sim number: 14: RAYPy_Simulation_bessy2lo_56m_PGM_2Perc_coupling_errors_on_RP/round_8/14_bessy2lo_56m_PGM_2Perc_coupling_errors_on_RP.rml
2025-02-10 20:17:59,857 - INFO - Prepared sim number: 15: RAYPy_Simulation_bessy2lo_56m_PGM_2Perc_coupling_errors_on_RP/round_8/15_bessy2lo_56m_PGM_2Perc_coupling_errors_on_RP.rml
2025-02-10 20:17:59,862 - INFO - Prepared sim number: 16: RAYPy_Simulation_bessy2lo_56m_PGM_2Perc_coupling_errors_on_RP/round_8/16_bessy2lo_56m_PGM_2Perc_coupling_errors_on_RP.rml
2025-02-10 20:17:59,866 - INFO - Prepared sim number: 17: RAYPy_Simulation_bessy2lo_56m_PGM_2Perc_coupling_errors_on_RP/round_8/17_bessy2lo_56m_PGM_2Perc_coupling_errors_on_RP.rml
2025-02-10 20:17:59,870 - INFO - Prepared sim number: 18: RAYPy_Simulation_bessy2lo_56m_PGM_2Perc_coupling_errors_on_RP/round_8/18_bessy2lo_56m_PGM_2Perc_coupling_errors_on_RP.rml
2025-02-10 20:17:59,873 - INFO - Prepared sim number: 19: RAYPy_Simulation_bessy2lo_56m_PGM_2Perc_coupling_errors_on_RP/round_8/19_bessy2lo_56m_PGM_2Perc_coupling_errors_on_RP.rml
2025-02-10 20:17:59,877 - INFO - Prepared sim number: 20: RAYPy_Simulation_bessy2lo_56m_PGM_2Perc_coupling_errors_on_RP/round_8/20_bessy2lo_56m_PGM_2Perc_coupling_errors_on_RP.rml
2025-02-10 20:17:59,881 - INFO - Prepared sim number: 21: RAYPy_Simulation_bessy2lo_56m_PGM_2Perc_coupling_errors_on_RP/round_8/21_bessy2lo_56m_PGM_2Perc_coupling_errors_on_RP.rml
2025-02-10 20:17:59,885 - INFO - Prepared sim number: 22: RAYPy_Simulation_bessy2lo_56m_PGM_2Perc_coupling_errors_on_RP/round_8/22_bessy2lo_56m_PGM_2Perc_coupling_errors_on_RP.rml
2025-02-10 20:17:59,888 - INFO - Prepared sim number: 23: RAYPy_Simulation_bessy2lo_56m_PGM_2Perc_coupling_errors_on_RP/round_8/23_bessy2lo_56m_PGM_2Perc_coupling_errors_on_RP.rml
2025-02-10 20:17:59,894 - INFO - Prepared sim number: 24: RAYPy_Simulation_bessy2lo_56m_PGM_2Perc_coupling_errors_on_RP/round_8/24_bessy2lo_56m_PGM_2Perc_coupling_errors_on_RP.rml
2025-02-10 20:17:59,899 - INFO - Prepared sim number: 25: RAYPy_Simulation_bessy2lo_56m_PGM_2Perc_coupling_errors_on_RP/round_8/25_bessy2lo_56m_PGM_2Perc_coupling_errors_on_RP.rml
2025-02-10 20:17:59,905 - INFO - Prepared sim number: 26: RAYPy_Simulation_bessy2lo_56m_PGM_2Perc_coupling_errors_on_RP/round_8/26_bessy2lo_56m_PGM_2Perc_coupling_errors_on_RP.rml
2025-02-10 20:17:59,910 - INFO - Prepared sim number: 27: RAYPy_Simulation_bessy2lo_56m_PGM_2Perc_coupling_errors_on_RP/round_8/27_bessy2lo_56m_PGM_2Perc_coupling_errors_on_RP.rml
2025-02-10 20:17:59,917 - INFO - Prepared sim number: 28: RAYPy_Simulation_bessy2lo_56m_PGM_2Perc_coupling_errors_on_RP/round_8/28_bessy2lo_56m_PGM_2Perc_coupling_errors_on_RP.rml
2025-02-10 20:17:59,921 - INFO - Prepared sim number: 29: RAYPy_Simulation_bessy2lo_56m_PGM_2Perc_coupling_errors_on_RP/round_8/29_bessy2lo_56m_PGM_2Perc_coupling_errors_on_RP.rml
2025-02-10 20:17:59,926 - INFO - Prepared sim number: 30: RAYPy_Simulation_bessy2lo_56m_PGM_2Perc_coupling_errors_on_RP/round_8/30_bessy2lo_56m_PGM_2Perc_coupling_errors_on_RP.rml
2025-02-10 20:17:59,931 - INFO - Prepared sim number: 31: RAYPy_Simulation_bessy2lo_56m_PGM_2Perc_coupling_errors_on_RP/round_8/31_bessy2lo_56m_PGM_2Perc_coupling_errors_on_RP.rml
2025-02-10 20:17:59,932 - INFO - Waiting for batch number: 5, timeout: 22.08558431148529s
2025-02-10 20:18:02,931 - INFO - Completed: 1, remaining: 59, RAYPy_Simulation_bessy2lo_56m_PGM_2Perc_coupling_errors_on_RP/round_7/18_bessy2lo_56m_PGM_2Perc_coupling_errors_on_RP.rml
2025-02-10 20:18:03,039 - INFO - Completed: 2, remaining: 58, RAYPy_Simulation_bessy2lo_56m_PGM_2Perc_coupling_errors_on_RP/round_7/17_bessy2lo_56m_PGM_2Perc_coupling_errors_on_RP.rml
2025-02-10 20:18:03,097 - INFO - Completed: 3, remaining: 57, RAYPy_Simulation_bessy2lo_56m_PGM_2Perc_coupling_errors_on_RP/round_7/15_bessy2lo_56m_PGM_2Perc_coupling_errors_on_RP.rml
2025-02-10 20:18:03,167 - INFO - Completed: 4, remaining: 56, RAYPy_Simulation_bessy2lo_56m_PGM_2Perc_coupling_errors_on_RP/round_7/13_bessy2lo_56m_PGM_2Perc_coupling_errors_on_RP.rml
2025-02-10 20:18:03,201 - INFO - Completed: 5, remaining: 55, RAYPy_Simulation_bessy2lo_56m_PGM_2Perc_coupling_errors_on_RP/round_7/23_bessy2lo_56m_PGM_2Perc_coupling_errors_on_RP.rml
2025-02-10 20:18:03,276 - INFO - Completed: 6, remaining: 54, RAYPy_Simulation_bessy2lo_56m_PGM_2Perc_coupling_errors_on_RP/round_7/14_bessy2lo_56m_PGM_2Perc_coupling_errors_on_RP.rml
2025-02-10 20:18:03,319 - INFO - Completed: 7, remaining: 53, RAYPy_Simulation_bessy2lo_56m_PGM_2Perc_coupling_errors_on_RP/round_7/21_bessy2lo_56m_PGM_2Perc_coupling_errors_on_RP.rml
2025-02-10 20:18:03,450 - INFO - Completed: 8, remaining: 52, RAYPy_Simulation_bessy2lo_56m_PGM_2Perc_coupling_errors_on_RP/round_7/16_bessy2lo_56m_PGM_2Perc_coupling_errors_on_RP.rml
2025-02-10 20:18:03,590 - INFO - Completed: 9, remaining: 51, RAYPy_Simulation_bessy2lo_56m_PGM_2Perc_coupling_errors_on_RP/round_7/20_bessy2lo_56m_PGM_2Perc_coupling_errors_on_RP.rml
2025-02-10 20:18:05,481 - INFO - Completed: 10, remaining: 50, RAYPy_Simulation_bessy2lo_56m_PGM_2Perc_coupling_errors_on_RP/round_7/22_bessy2lo_56m_PGM_2Perc_coupling_errors_on_RP.rml
2025-02-10 20:18:05,585 - INFO - Completed: 11, remaining: 49, RAYPy_Simulation_bessy2lo_56m_PGM_2Perc_coupling_errors_on_RP/round_7/24_bessy2lo_56m_PGM_2Perc_coupling_errors_on_RP.rml
2025-02-10 20:18:06,113 - INFO - Completed: 12, remaining: 48, RAYPy_Simulation_bessy2lo_56m_PGM_2Perc_coupling_errors_on_RP/round_7/19_bessy2lo_56m_PGM_2Perc_coupling_errors_on_RP.rml
2025-02-10 20:18:06,619 - INFO - Completed: 13, remaining: 47, RAYPy_Simulation_bessy2lo_56m_PGM_2Perc_coupling_errors_on_RP/round_7/25_bessy2lo_56m_PGM_2Perc_coupling_errors_on_RP.rml
2025-02-10 20:18:06,688 - INFO - Completed: 14, remaining: 46, RAYPy_Simulation_bessy2lo_56m_PGM_2Perc_coupling_errors_on_RP/round_7/26_bessy2lo_56m_PGM_2Perc_coupling_errors_on_RP.rml
2025-02-10 20:18:06,810 - INFO - Completed: 15, remaining: 45, RAYPy_Simulation_bessy2lo_56m_PGM_2Perc_coupling_errors_on_RP/round_7/28_bessy2lo_56m_PGM_2Perc_coupling_errors_on_RP.rml
2025-02-10 20:18:06,822 - INFO - Completed: 16, remaining: 44, RAYPy_Simulation_bessy2lo_56m_PGM_2Perc_coupling_errors_on_RP/round_7/27_bessy2lo_56m_PGM_2Perc_coupling_errors_on_RP.rml
2025-02-10 20:18:07,150 - INFO - Completed: 17, remaining: 43, RAYPy_Simulation_bessy2lo_56m_PGM_2Perc_coupling_errors_on_RP/round_7/30_bessy2lo_56m_PGM_2Perc_coupling_errors_on_RP.rml
2025-02-10 20:18:07,248 - INFO - Completed: 18, remaining: 42, RAYPy_Simulation_bessy2lo_56m_PGM_2Perc_coupling_errors_on_RP/round_7/31_bessy2lo_56m_PGM_2Perc_coupling_errors_on_RP.rml
2025-02-10 20:18:07,291 - INFO - Completed: 19, remaining: 41, RAYPy_Simulation_bessy2lo_56m_PGM_2Perc_coupling_errors_on_RP/round_7/32_bessy2lo_56m_PGM_2Perc_coupling_errors_on_RP.rml
2025-02-10 20:18:07,406 - INFO - Completed: 20, remaining: 40, RAYPy_Simulation_bessy2lo_56m_PGM_2Perc_coupling_errors_on_RP/round_7/33_bessy2lo_56m_PGM_2Perc_coupling_errors_on_RP.rml
2025-02-10 20:18:07,450 - INFO - Completed: 21, remaining: 39, RAYPy_Simulation_bessy2lo_56m_PGM_2Perc_coupling_errors_on_RP/round_7/29_bessy2lo_56m_PGM_2Perc_coupling_errors_on_RP.rml
2025-02-10 20:18:09,247 - INFO - Completed: 22, remaining: 38, RAYPy_Simulation_bessy2lo_56m_PGM_2Perc_coupling_errors_on_RP/round_7/35_bessy2lo_56m_PGM_2Perc_coupling_errors_on_RP.rml
2025-02-10 20:18:09,748 - INFO - Completed: 23, remaining: 37, RAYPy_Simulation_bessy2lo_56m_PGM_2Perc_coupling_errors_on_RP/round_7/36_bessy2lo_56m_PGM_2Perc_coupling_errors_on_RP.rml
2025-02-10 20:18:09,969 - INFO - Completed: 24, remaining: 36, RAYPy_Simulation_bessy2lo_56m_PGM_2Perc_coupling_errors_on_RP/round_7/34_bessy2lo_56m_PGM_2Perc_coupling_errors_on_RP.rml
2025-02-10 20:18:10,359 - INFO - Completed: 25, remaining: 35, RAYPy_Simulation_bessy2lo_56m_PGM_2Perc_coupling_errors_on_RP/round_7/38_bessy2lo_56m_PGM_2Perc_coupling_errors_on_RP.rml
2025-02-10 20:18:10,532 - INFO - Completed: 26, remaining: 34, RAYPy_Simulation_bessy2lo_56m_PGM_2Perc_coupling_errors_on_RP/round_7/37_bessy2lo_56m_PGM_2Perc_coupling_errors_on_RP.rml
2025-02-10 20:18:10,546 - INFO - Completed: 27, remaining: 33, RAYPy_Simulation_bessy2lo_56m_PGM_2Perc_coupling_errors_on_RP/round_7/40_bessy2lo_56m_PGM_2Perc_coupling_errors_on_RP.rml
2025-02-10 20:18:10,605 - INFO - Completed: 28, remaining: 32, RAYPy_Simulation_bessy2lo_56m_PGM_2Perc_coupling_errors_on_RP/round_7/39_bessy2lo_56m_PGM_2Perc_coupling_errors_on_RP.rml
2025-02-10 20:18:10,638 - INFO - Completed: 29, remaining: 31, RAYPy_Simulation_bessy2lo_56m_PGM_2Perc_coupling_errors_on_RP/round_8/1_bessy2lo_56m_PGM_2Perc_coupling_errors_on_RP.rml
2025-02-10 20:18:10,733 - INFO - Completed: 30, remaining: 30, RAYPy_Simulation_bessy2lo_56m_PGM_2Perc_coupling_errors_on_RP/round_8/2_bessy2lo_56m_PGM_2Perc_coupling_errors_on_RP.rml
2025-02-10 20:18:10,971 - INFO - Completed: 31, remaining: 29, RAYPy_Simulation_bessy2lo_56m_PGM_2Perc_coupling_errors_on_RP/round_8/0_bessy2lo_56m_PGM_2Perc_coupling_errors_on_RP.rml
2025-02-10 20:18:11,010 - INFO - Completed: 32, remaining: 28, RAYPy_Simulation_bessy2lo_56m_PGM_2Perc_coupling_errors_on_RP/round_8/3_bessy2lo_56m_PGM_2Perc_coupling_errors_on_RP.rml
2025-02-10 20:18:11,104 - INFO - Completed: 33, remaining: 27, RAYPy_Simulation_bessy2lo_56m_PGM_2Perc_coupling_errors_on_RP/round_8/4_bessy2lo_56m_PGM_2Perc_coupling_errors_on_RP.rml
2025-02-10 20:18:12,892 - INFO - Completed: 34, remaining: 26, RAYPy_Simulation_bessy2lo_56m_PGM_2Perc_coupling_errors_on_RP/round_8/5_bessy2lo_56m_PGM_2Perc_coupling_errors_on_RP.rml
2025-02-10 20:18:13,216 - INFO - Completed: 35, remaining: 25, RAYPy_Simulation_bessy2lo_56m_PGM_2Perc_coupling_errors_on_RP/round_8/6_bessy2lo_56m_PGM_2Perc_coupling_errors_on_RP.rml
2025-02-10 20:18:13,461 - INFO - Completed: 36, remaining: 24, RAYPy_Simulation_bessy2lo_56m_PGM_2Perc_coupling_errors_on_RP/round_8/7_bessy2lo_56m_PGM_2Perc_coupling_errors_on_RP.rml
2025-02-10 20:18:14,060 - INFO - Completed: 37, remaining: 23, RAYPy_Simulation_bessy2lo_56m_PGM_2Perc_coupling_errors_on_RP/round_8/12_bessy2lo_56m_PGM_2Perc_coupling_errors_on_RP.rml
2025-02-10 20:18:14,084 - INFO - Completed: 38, remaining: 22, RAYPy_Simulation_bessy2lo_56m_PGM_2Perc_coupling_errors_on_RP/round_8/9_bessy2lo_56m_PGM_2Perc_coupling_errors_on_RP.rml
2025-02-10 20:18:14,103 - INFO - Completed: 39, remaining: 21, RAYPy_Simulation_bessy2lo_56m_PGM_2Perc_coupling_errors_on_RP/round_8/10_bessy2lo_56m_PGM_2Perc_coupling_errors_on_RP.rml
2025-02-10 20:18:14,106 - INFO - Completed: 40, remaining: 20, RAYPy_Simulation_bessy2lo_56m_PGM_2Perc_coupling_errors_on_RP/round_8/8_bessy2lo_56m_PGM_2Perc_coupling_errors_on_RP.rml
2025-02-10 20:18:14,331 - INFO - Completed: 41, remaining: 19, RAYPy_Simulation_bessy2lo_56m_PGM_2Perc_coupling_errors_on_RP/round_8/11_bessy2lo_56m_PGM_2Perc_coupling_errors_on_RP.rml
2025-02-10 20:18:14,486 - INFO - Completed: 42, remaining: 18, RAYPy_Simulation_bessy2lo_56m_PGM_2Perc_coupling_errors_on_RP/round_8/13_bessy2lo_56m_PGM_2Perc_coupling_errors_on_RP.rml
2025-02-10 20:18:14,642 - INFO - Completed: 43, remaining: 17, RAYPy_Simulation_bessy2lo_56m_PGM_2Perc_coupling_errors_on_RP/round_8/16_bessy2lo_56m_PGM_2Perc_coupling_errors_on_RP.rml
2025-02-10 20:18:14,663 - INFO - Completed: 44, remaining: 16, RAYPy_Simulation_bessy2lo_56m_PGM_2Perc_coupling_errors_on_RP/round_8/14_bessy2lo_56m_PGM_2Perc_coupling_errors_on_RP.rml
2025-02-10 20:18:15,156 - INFO - Completed: 45, remaining: 15, RAYPy_Simulation_bessy2lo_56m_PGM_2Perc_coupling_errors_on_RP/round_8/15_bessy2lo_56m_PGM_2Perc_coupling_errors_on_RP.rml
2025-02-10 20:18:16,360 - INFO - Completed: 46, remaining: 14, RAYPy_Simulation_bessy2lo_56m_PGM_2Perc_coupling_errors_on_RP/round_8/17_bessy2lo_56m_PGM_2Perc_coupling_errors_on_RP.rml
2025-02-10 20:18:16,509 - INFO - Completed: 47, remaining: 13, RAYPy_Simulation_bessy2lo_56m_PGM_2Perc_coupling_errors_on_RP/round_8/18_bessy2lo_56m_PGM_2Perc_coupling_errors_on_RP.rml
2025-02-10 20:18:16,762 - INFO - Completed: 48, remaining: 12, RAYPy_Simulation_bessy2lo_56m_PGM_2Perc_coupling_errors_on_RP/round_8/19_bessy2lo_56m_PGM_2Perc_coupling_errors_on_RP.rml
2025-02-10 20:18:17,348 - INFO - Completed: 49, remaining: 11, RAYPy_Simulation_bessy2lo_56m_PGM_2Perc_coupling_errors_on_RP/round_8/20_bessy2lo_56m_PGM_2Perc_coupling_errors_on_RP.rml
2025-02-10 20:18:17,506 - INFO - Completed: 50, remaining: 10, RAYPy_Simulation_bessy2lo_56m_PGM_2Perc_coupling_errors_on_RP/round_8/23_bessy2lo_56m_PGM_2Perc_coupling_errors_on_RP.rml
2025-02-10 20:18:17,655 - INFO - Completed: 51, remaining: 9, RAYPy_Simulation_bessy2lo_56m_PGM_2Perc_coupling_errors_on_RP/round_8/22_bessy2lo_56m_PGM_2Perc_coupling_errors_on_RP.rml
2025-02-10 20:18:17,676 - INFO - Completed: 52, remaining: 8, RAYPy_Simulation_bessy2lo_56m_PGM_2Perc_coupling_errors_on_RP/round_8/21_bessy2lo_56m_PGM_2Perc_coupling_errors_on_RP.rml
2025-02-10 20:18:17,913 - INFO - Completed: 53, remaining: 7, RAYPy_Simulation_bessy2lo_56m_PGM_2Perc_coupling_errors_on_RP/round_8/24_bessy2lo_56m_PGM_2Perc_coupling_errors_on_RP.rml
2025-02-10 20:18:17,923 - INFO - Completed: 54, remaining: 6, RAYPy_Simulation_bessy2lo_56m_PGM_2Perc_coupling_errors_on_RP/round_8/26_bessy2lo_56m_PGM_2Perc_coupling_errors_on_RP.rml
2025-02-10 20:18:18,063 - INFO - Completed: 55, remaining: 5, RAYPy_Simulation_bessy2lo_56m_PGM_2Perc_coupling_errors_on_RP/round_8/25_bessy2lo_56m_PGM_2Perc_coupling_errors_on_RP.rml
2025-02-10 20:18:18,225 - INFO - Completed: 56, remaining: 4, RAYPy_Simulation_bessy2lo_56m_PGM_2Perc_coupling_errors_on_RP/round_8/28_bessy2lo_56m_PGM_2Perc_coupling_errors_on_RP.rml
2025-02-10 20:18:18,305 - INFO - Completed: 57, remaining: 3, RAYPy_Simulation_bessy2lo_56m_PGM_2Perc_coupling_errors_on_RP/round_8/27_bessy2lo_56m_PGM_2Perc_coupling_errors_on_RP.rml
2025-02-10 20:18:19,206 - INFO - Completed: 58, remaining: 2, RAYPy_Simulation_bessy2lo_56m_PGM_2Perc_coupling_errors_on_RP/round_8/29_bessy2lo_56m_PGM_2Perc_coupling_errors_on_RP.rml
2025-02-10 20:18:19,307 - INFO - Completed: 59, remaining: 1, RAYPy_Simulation_bessy2lo_56m_PGM_2Perc_coupling_errors_on_RP/round_8/30_bessy2lo_56m_PGM_2Perc_coupling_errors_on_RP.rml
2025-02-10 20:18:19,416 - INFO - Completed: 60, remaining: 0, RAYPy_Simulation_bessy2lo_56m_PGM_2Perc_coupling_errors_on_RP/round_8/31_bessy2lo_56m_PGM_2Perc_coupling_errors_on_RP.rml
2025-02-10 20:18:19,417 - INFO - Batch Completed
2025-02-10 20:18:19,418 - INFO - Waiting For batch, 60 simulations to go
2025-02-10 20:18:19,435 - INFO - Prepared sim number: 32: RAYPy_Simulation_bessy2lo_56m_PGM_2Perc_coupling_errors_on_RP/round_8/32_bessy2lo_56m_PGM_2Perc_coupling_errors_on_RP.rml
2025-02-10 20:18:19,452 - INFO - Prepared sim number: 33: RAYPy_Simulation_bessy2lo_56m_PGM_2Perc_coupling_errors_on_RP/round_8/33_bessy2lo_56m_PGM_2Perc_coupling_errors_on_RP.rml
2025-02-10 20:18:19,468 - INFO - Prepared sim number: 34: RAYPy_Simulation_bessy2lo_56m_PGM_2Perc_coupling_errors_on_RP/round_8/34_bessy2lo_56m_PGM_2Perc_coupling_errors_on_RP.rml
2025-02-10 20:18:19,479 - INFO - Prepared sim number: 35: RAYPy_Simulation_bessy2lo_56m_PGM_2Perc_coupling_errors_on_RP/round_8/35_bessy2lo_56m_PGM_2Perc_coupling_errors_on_RP.rml
2025-02-10 20:18:19,490 - INFO - Prepared sim number: 36: RAYPy_Simulation_bessy2lo_56m_PGM_2Perc_coupling_errors_on_RP/round_8/36_bessy2lo_56m_PGM_2Perc_coupling_errors_on_RP.rml
2025-02-10 20:18:19,502 - INFO - Prepared sim number: 37: RAYPy_Simulation_bessy2lo_56m_PGM_2Perc_coupling_errors_on_RP/round_8/37_bessy2lo_56m_PGM_2Perc_coupling_errors_on_RP.rml
2025-02-10 20:18:19,513 - INFO - Prepared sim number: 38: RAYPy_Simulation_bessy2lo_56m_PGM_2Perc_coupling_errors_on_RP/round_8/38_bessy2lo_56m_PGM_2Perc_coupling_errors_on_RP.rml
2025-02-10 20:18:19,524 - INFO - Prepared sim number: 39: RAYPy_Simulation_bessy2lo_56m_PGM_2Perc_coupling_errors_on_RP/round_8/39_bessy2lo_56m_PGM_2Perc_coupling_errors_on_RP.rml
2025-02-10 20:18:19,536 - INFO - Prepared sim number: 40: RAYPy_Simulation_bessy2lo_56m_PGM_2Perc_coupling_errors_on_RP/round_8/40_bessy2lo_56m_PGM_2Perc_coupling_errors_on_RP.rml
2025-02-10 20:18:19,537 - INFO - Start round 9
2025-02-10 20:18:19,550 - INFO - Prepared sim number: 0: RAYPy_Simulation_bessy2lo_56m_PGM_2Perc_coupling_errors_on_RP/round_9/0_bessy2lo_56m_PGM_2Perc_coupling_errors_on_RP.rml
2025-02-10 20:18:19,561 - INFO - Prepared sim number: 1: RAYPy_Simulation_bessy2lo_56m_PGM_2Perc_coupling_errors_on_RP/round_9/1_bessy2lo_56m_PGM_2Perc_coupling_errors_on_RP.rml
2025-02-10 20:18:19,571 - INFO - Prepared sim number: 2: RAYPy_Simulation_bessy2lo_56m_PGM_2Perc_coupling_errors_on_RP/round_9/2_bessy2lo_56m_PGM_2Perc_coupling_errors_on_RP.rml
2025-02-10 20:18:19,581 - INFO - Prepared sim number: 3: RAYPy_Simulation_bessy2lo_56m_PGM_2Perc_coupling_errors_on_RP/round_9/3_bessy2lo_56m_PGM_2Perc_coupling_errors_on_RP.rml
2025-02-10 20:18:19,593 - INFO - Prepared sim number: 4: RAYPy_Simulation_bessy2lo_56m_PGM_2Perc_coupling_errors_on_RP/round_9/4_bessy2lo_56m_PGM_2Perc_coupling_errors_on_RP.rml
2025-02-10 20:18:19,605 - INFO - Prepared sim number: 5: RAYPy_Simulation_bessy2lo_56m_PGM_2Perc_coupling_errors_on_RP/round_9/5_bessy2lo_56m_PGM_2Perc_coupling_errors_on_RP.rml
2025-02-10 20:18:19,615 - INFO - Prepared sim number: 6: RAYPy_Simulation_bessy2lo_56m_PGM_2Perc_coupling_errors_on_RP/round_9/6_bessy2lo_56m_PGM_2Perc_coupling_errors_on_RP.rml
2025-02-10 20:18:19,626 - INFO - Prepared sim number: 7: RAYPy_Simulation_bessy2lo_56m_PGM_2Perc_coupling_errors_on_RP/round_9/7_bessy2lo_56m_PGM_2Perc_coupling_errors_on_RP.rml
2025-02-10 20:18:19,637 - INFO - Prepared sim number: 8: RAYPy_Simulation_bessy2lo_56m_PGM_2Perc_coupling_errors_on_RP/round_9/8_bessy2lo_56m_PGM_2Perc_coupling_errors_on_RP.rml
2025-02-10 20:18:19,646 - INFO - Prepared sim number: 9: RAYPy_Simulation_bessy2lo_56m_PGM_2Perc_coupling_errors_on_RP/round_9/9_bessy2lo_56m_PGM_2Perc_coupling_errors_on_RP.rml
2025-02-10 20:18:19,658 - INFO - Prepared sim number: 10: RAYPy_Simulation_bessy2lo_56m_PGM_2Perc_coupling_errors_on_RP/round_9/10_bessy2lo_56m_PGM_2Perc_coupling_errors_on_RP.rml
2025-02-10 20:18:19,669 - INFO - Prepared sim number: 11: RAYPy_Simulation_bessy2lo_56m_PGM_2Perc_coupling_errors_on_RP/round_9/11_bessy2lo_56m_PGM_2Perc_coupling_errors_on_RP.rml
2025-02-10 20:18:19,681 - INFO - Prepared sim number: 12: RAYPy_Simulation_bessy2lo_56m_PGM_2Perc_coupling_errors_on_RP/round_9/12_bessy2lo_56m_PGM_2Perc_coupling_errors_on_RP.rml
2025-02-10 20:18:19,692 - INFO - Prepared sim number: 13: RAYPy_Simulation_bessy2lo_56m_PGM_2Perc_coupling_errors_on_RP/round_9/13_bessy2lo_56m_PGM_2Perc_coupling_errors_on_RP.rml
2025-02-10 20:18:19,703 - INFO - Prepared sim number: 14: RAYPy_Simulation_bessy2lo_56m_PGM_2Perc_coupling_errors_on_RP/round_9/14_bessy2lo_56m_PGM_2Perc_coupling_errors_on_RP.rml
2025-02-10 20:18:19,713 - INFO - Prepared sim number: 15: RAYPy_Simulation_bessy2lo_56m_PGM_2Perc_coupling_errors_on_RP/round_9/15_bessy2lo_56m_PGM_2Perc_coupling_errors_on_RP.rml
2025-02-10 20:18:19,722 - INFO - Prepared sim number: 16: RAYPy_Simulation_bessy2lo_56m_PGM_2Perc_coupling_errors_on_RP/round_9/16_bessy2lo_56m_PGM_2Perc_coupling_errors_on_RP.rml
2025-02-10 20:18:19,728 - INFO - Prepared sim number: 17: RAYPy_Simulation_bessy2lo_56m_PGM_2Perc_coupling_errors_on_RP/round_9/17_bessy2lo_56m_PGM_2Perc_coupling_errors_on_RP.rml
2025-02-10 20:18:19,735 - INFO - Prepared sim number: 18: RAYPy_Simulation_bessy2lo_56m_PGM_2Perc_coupling_errors_on_RP/round_9/18_bessy2lo_56m_PGM_2Perc_coupling_errors_on_RP.rml
2025-02-10 20:18:19,742 - INFO - Prepared sim number: 19: RAYPy_Simulation_bessy2lo_56m_PGM_2Perc_coupling_errors_on_RP/round_9/19_bessy2lo_56m_PGM_2Perc_coupling_errors_on_RP.rml
2025-02-10 20:18:19,750 - INFO - Prepared sim number: 20: RAYPy_Simulation_bessy2lo_56m_PGM_2Perc_coupling_errors_on_RP/round_9/20_bessy2lo_56m_PGM_2Perc_coupling_errors_on_RP.rml
2025-02-10 20:18:19,757 - INFO - Prepared sim number: 21: RAYPy_Simulation_bessy2lo_56m_PGM_2Perc_coupling_errors_on_RP/round_9/21_bessy2lo_56m_PGM_2Perc_coupling_errors_on_RP.rml
2025-02-10 20:18:19,765 - INFO - Prepared sim number: 22: RAYPy_Simulation_bessy2lo_56m_PGM_2Perc_coupling_errors_on_RP/round_9/22_bessy2lo_56m_PGM_2Perc_coupling_errors_on_RP.rml
2025-02-10 20:18:19,772 - INFO - Prepared sim number: 23: RAYPy_Simulation_bessy2lo_56m_PGM_2Perc_coupling_errors_on_RP/round_9/23_bessy2lo_56m_PGM_2Perc_coupling_errors_on_RP.rml
2025-02-10 20:18:19,779 - INFO - Prepared sim number: 24: RAYPy_Simulation_bessy2lo_56m_PGM_2Perc_coupling_errors_on_RP/round_9/24_bessy2lo_56m_PGM_2Perc_coupling_errors_on_RP.rml
2025-02-10 20:18:19,787 - INFO - Prepared sim number: 25: RAYPy_Simulation_bessy2lo_56m_PGM_2Perc_coupling_errors_on_RP/round_9/25_bessy2lo_56m_PGM_2Perc_coupling_errors_on_RP.rml
2025-02-10 20:18:19,793 - INFO - Prepared sim number: 26: RAYPy_Simulation_bessy2lo_56m_PGM_2Perc_coupling_errors_on_RP/round_9/26_bessy2lo_56m_PGM_2Perc_coupling_errors_on_RP.rml
2025-02-10 20:18:19,800 - INFO - Prepared sim number: 27: RAYPy_Simulation_bessy2lo_56m_PGM_2Perc_coupling_errors_on_RP/round_9/27_bessy2lo_56m_PGM_2Perc_coupling_errors_on_RP.rml
2025-02-10 20:18:19,808 - INFO - Prepared sim number: 28: RAYPy_Simulation_bessy2lo_56m_PGM_2Perc_coupling_errors_on_RP/round_9/28_bessy2lo_56m_PGM_2Perc_coupling_errors_on_RP.rml
2025-02-10 20:18:19,815 - INFO - Prepared sim number: 29: RAYPy_Simulation_bessy2lo_56m_PGM_2Perc_coupling_errors_on_RP/round_9/29_bessy2lo_56m_PGM_2Perc_coupling_errors_on_RP.rml
2025-02-10 20:18:19,823 - INFO - Prepared sim number: 30: RAYPy_Simulation_bessy2lo_56m_PGM_2Perc_coupling_errors_on_RP/round_9/30_bessy2lo_56m_PGM_2Perc_coupling_errors_on_RP.rml
2025-02-10 20:18:19,829 - INFO - Prepared sim number: 31: RAYPy_Simulation_bessy2lo_56m_PGM_2Perc_coupling_errors_on_RP/round_9/31_bessy2lo_56m_PGM_2Perc_coupling_errors_on_RP.rml
2025-02-10 20:18:19,835 - INFO - Prepared sim number: 32: RAYPy_Simulation_bessy2lo_56m_PGM_2Perc_coupling_errors_on_RP/round_9/32_bessy2lo_56m_PGM_2Perc_coupling_errors_on_RP.rml
2025-02-10 20:18:19,843 - INFO - Prepared sim number: 33: RAYPy_Simulation_bessy2lo_56m_PGM_2Perc_coupling_errors_on_RP/round_9/33_bessy2lo_56m_PGM_2Perc_coupling_errors_on_RP.rml
2025-02-10 20:18:19,850 - INFO - Prepared sim number: 34: RAYPy_Simulation_bessy2lo_56m_PGM_2Perc_coupling_errors_on_RP/round_9/34_bessy2lo_56m_PGM_2Perc_coupling_errors_on_RP.rml
2025-02-10 20:18:19,857 - INFO - Prepared sim number: 35: RAYPy_Simulation_bessy2lo_56m_PGM_2Perc_coupling_errors_on_RP/round_9/35_bessy2lo_56m_PGM_2Perc_coupling_errors_on_RP.rml
2025-02-10 20:18:19,865 - INFO - Prepared sim number: 36: RAYPy_Simulation_bessy2lo_56m_PGM_2Perc_coupling_errors_on_RP/round_9/36_bessy2lo_56m_PGM_2Perc_coupling_errors_on_RP.rml
2025-02-10 20:18:19,872 - INFO - Prepared sim number: 37: RAYPy_Simulation_bessy2lo_56m_PGM_2Perc_coupling_errors_on_RP/round_9/37_bessy2lo_56m_PGM_2Perc_coupling_errors_on_RP.rml
2025-02-10 20:18:19,879 - INFO - Prepared sim number: 38: RAYPy_Simulation_bessy2lo_56m_PGM_2Perc_coupling_errors_on_RP/round_9/38_bessy2lo_56m_PGM_2Perc_coupling_errors_on_RP.rml
2025-02-10 20:18:19,887 - INFO - Prepared sim number: 39: RAYPy_Simulation_bessy2lo_56m_PGM_2Perc_coupling_errors_on_RP/round_9/39_bessy2lo_56m_PGM_2Perc_coupling_errors_on_RP.rml
2025-02-10 20:18:19,894 - INFO - Prepared sim number: 40: RAYPy_Simulation_bessy2lo_56m_PGM_2Perc_coupling_errors_on_RP/round_9/40_bessy2lo_56m_PGM_2Perc_coupling_errors_on_RP.rml
2025-02-10 20:18:19,895 - INFO - Waiting for batch number: 6, timeout: 22.059711293379465s
2025-02-10 20:18:23,121 - INFO - Completed: 1, remaining: 59, RAYPy_Simulation_bessy2lo_56m_PGM_2Perc_coupling_errors_on_RP/round_9/2_bessy2lo_56m_PGM_2Perc_coupling_errors_on_RP.rml
2025-02-10 20:18:23,215 - INFO - Completed: 2, remaining: 58, RAYPy_Simulation_bessy2lo_56m_PGM_2Perc_coupling_errors_on_RP/round_9/1_bessy2lo_56m_PGM_2Perc_coupling_errors_on_RP.rml
2025-02-10 20:18:23,383 - INFO - Completed: 3, remaining: 57, RAYPy_Simulation_bessy2lo_56m_PGM_2Perc_coupling_errors_on_RP/round_8/34_bessy2lo_56m_PGM_2Perc_coupling_errors_on_RP.rml
2025-02-10 20:18:23,388 - INFO - Completed: 4, remaining: 56, RAYPy_Simulation_bessy2lo_56m_PGM_2Perc_coupling_errors_on_RP/round_8/35_bessy2lo_56m_PGM_2Perc_coupling_errors_on_RP.rml
2025-02-10 20:18:23,556 - INFO - Completed: 5, remaining: 55, RAYPy_Simulation_bessy2lo_56m_PGM_2Perc_coupling_errors_on_RP/round_8/36_bessy2lo_56m_PGM_2Perc_coupling_errors_on_RP.rml
2025-02-10 20:18:23,579 - INFO - Completed: 6, remaining: 54, RAYPy_Simulation_bessy2lo_56m_PGM_2Perc_coupling_errors_on_RP/round_8/38_bessy2lo_56m_PGM_2Perc_coupling_errors_on_RP.rml
2025-02-10 20:18:23,598 - INFO - Completed: 7, remaining: 53, RAYPy_Simulation_bessy2lo_56m_PGM_2Perc_coupling_errors_on_RP/round_8/37_bessy2lo_56m_PGM_2Perc_coupling_errors_on_RP.rml
2025-02-10 20:18:23,671 - INFO - Completed: 8, remaining: 52, RAYPy_Simulation_bessy2lo_56m_PGM_2Perc_coupling_errors_on_RP/round_8/39_bessy2lo_56m_PGM_2Perc_coupling_errors_on_RP.rml
2025-02-10 20:18:23,807 - INFO - Completed: 9, remaining: 51, RAYPy_Simulation_bessy2lo_56m_PGM_2Perc_coupling_errors_on_RP/round_8/40_bessy2lo_56m_PGM_2Perc_coupling_errors_on_RP.rml
2025-02-10 20:18:23,882 - INFO - Completed: 10, remaining: 50, RAYPy_Simulation_bessy2lo_56m_PGM_2Perc_coupling_errors_on_RP/round_8/32_bessy2lo_56m_PGM_2Perc_coupling_errors_on_RP.rml
2025-02-10 20:18:23,909 - INFO - Completed: 11, remaining: 49, RAYPy_Simulation_bessy2lo_56m_PGM_2Perc_coupling_errors_on_RP/round_8/33_bessy2lo_56m_PGM_2Perc_coupling_errors_on_RP.rml
2025-02-10 20:18:26,355 - INFO - Completed: 12, remaining: 48, RAYPy_Simulation_bessy2lo_56m_PGM_2Perc_coupling_errors_on_RP/round_9/4_bessy2lo_56m_PGM_2Perc_coupling_errors_on_RP.rml
2025-02-10 20:18:26,514 - INFO - Completed: 13, remaining: 47, RAYPy_Simulation_bessy2lo_56m_PGM_2Perc_coupling_errors_on_RP/round_9/3_bessy2lo_56m_PGM_2Perc_coupling_errors_on_RP.rml
2025-02-10 20:18:26,522 - INFO - Completed: 14, remaining: 46, RAYPy_Simulation_bessy2lo_56m_PGM_2Perc_coupling_errors_on_RP/round_9/5_bessy2lo_56m_PGM_2Perc_coupling_errors_on_RP.rml
2025-02-10 20:18:26,813 - INFO - Completed: 15, remaining: 45, RAYPy_Simulation_bessy2lo_56m_PGM_2Perc_coupling_errors_on_RP/round_9/6_bessy2lo_56m_PGM_2Perc_coupling_errors_on_RP.rml
2025-02-10 20:18:26,827 - INFO - Completed: 16, remaining: 44, RAYPy_Simulation_bessy2lo_56m_PGM_2Perc_coupling_errors_on_RP/round_9/8_bessy2lo_56m_PGM_2Perc_coupling_errors_on_RP.rml
2025-02-10 20:18:26,933 - INFO - Completed: 17, remaining: 43, RAYPy_Simulation_bessy2lo_56m_PGM_2Perc_coupling_errors_on_RP/round_9/9_bessy2lo_56m_PGM_2Perc_coupling_errors_on_RP.rml
2025-02-10 20:18:27,008 - INFO - Completed: 18, remaining: 42, RAYPy_Simulation_bessy2lo_56m_PGM_2Perc_coupling_errors_on_RP/round_9/7_bessy2lo_56m_PGM_2Perc_coupling_errors_on_RP.rml
2025-02-10 20:18:27,202 - INFO - Completed: 19, remaining: 41, RAYPy_Simulation_bessy2lo_56m_PGM_2Perc_coupling_errors_on_RP/round_9/11_bessy2lo_56m_PGM_2Perc_coupling_errors_on_RP.rml
2025-02-10 20:18:27,448 - INFO - Completed: 20, remaining: 40, RAYPy_Simulation_bessy2lo_56m_PGM_2Perc_coupling_errors_on_RP/round_9/13_bessy2lo_56m_PGM_2Perc_coupling_errors_on_RP.rml
2025-02-10 20:18:27,588 - INFO - Completed: 21, remaining: 39, RAYPy_Simulation_bessy2lo_56m_PGM_2Perc_coupling_errors_on_RP/round_9/10_bessy2lo_56m_PGM_2Perc_coupling_errors_on_RP.rml
2025-02-10 20:18:27,698 - INFO - Completed: 22, remaining: 38, RAYPy_Simulation_bessy2lo_56m_PGM_2Perc_coupling_errors_on_RP/round_9/12_bessy2lo_56m_PGM_2Perc_coupling_errors_on_RP.rml
2025-02-10 20:18:29,444 - INFO - Completed: 23, remaining: 37, RAYPy_Simulation_bessy2lo_56m_PGM_2Perc_coupling_errors_on_RP/round_9/14_bessy2lo_56m_PGM_2Perc_coupling_errors_on_RP.rml
2025-02-10 20:18:29,875 - INFO - Completed: 24, remaining: 36, RAYPy_Simulation_bessy2lo_56m_PGM_2Perc_coupling_errors_on_RP/round_9/16_bessy2lo_56m_PGM_2Perc_coupling_errors_on_RP.rml
2025-02-10 20:18:29,922 - INFO - Completed: 25, remaining: 35, RAYPy_Simulation_bessy2lo_56m_PGM_2Perc_coupling_errors_on_RP/round_9/15_bessy2lo_56m_PGM_2Perc_coupling_errors_on_RP.rml
2025-02-10 20:18:30,101 - INFO - Completed: 26, remaining: 34, RAYPy_Simulation_bessy2lo_56m_PGM_2Perc_coupling_errors_on_RP/round_9/17_bessy2lo_56m_PGM_2Perc_coupling_errors_on_RP.rml
2025-02-10 20:18:30,358 - INFO - Completed: 27, remaining: 33, RAYPy_Simulation_bessy2lo_56m_PGM_2Perc_coupling_errors_on_RP/round_9/19_bessy2lo_56m_PGM_2Perc_coupling_errors_on_RP.rml
2025-02-10 20:18:30,376 - INFO - Completed: 28, remaining: 32, RAYPy_Simulation_bessy2lo_56m_PGM_2Perc_coupling_errors_on_RP/round_9/20_bessy2lo_56m_PGM_2Perc_coupling_errors_on_RP.rml
2025-02-10 20:18:30,500 - INFO - Completed: 29, remaining: 31, RAYPy_Simulation_bessy2lo_56m_PGM_2Perc_coupling_errors_on_RP/round_9/18_bessy2lo_56m_PGM_2Perc_coupling_errors_on_RP.rml
2025-02-10 20:18:30,732 - INFO - Completed: 30, remaining: 30, RAYPy_Simulation_bessy2lo_56m_PGM_2Perc_coupling_errors_on_RP/round_9/21_bessy2lo_56m_PGM_2Perc_coupling_errors_on_RP.rml
2025-02-10 20:18:30,842 - INFO - Completed: 31, remaining: 29, RAYPy_Simulation_bessy2lo_56m_PGM_2Perc_coupling_errors_on_RP/round_9/22_bessy2lo_56m_PGM_2Perc_coupling_errors_on_RP.rml
2025-02-10 20:18:30,984 - INFO - Completed: 32, remaining: 28, RAYPy_Simulation_bessy2lo_56m_PGM_2Perc_coupling_errors_on_RP/round_9/23_bessy2lo_56m_PGM_2Perc_coupling_errors_on_RP.rml
2025-02-10 20:18:31,023 - INFO - Completed: 33, remaining: 27, RAYPy_Simulation_bessy2lo_56m_PGM_2Perc_coupling_errors_on_RP/round_9/24_bessy2lo_56m_PGM_2Perc_coupling_errors_on_RP.rml
2025-02-10 20:18:32,776 - INFO - Completed: 34, remaining: 26, RAYPy_Simulation_bessy2lo_56m_PGM_2Perc_coupling_errors_on_RP/round_9/25_bessy2lo_56m_PGM_2Perc_coupling_errors_on_RP.rml
2025-02-10 20:18:33,019 - INFO - Completed: 35, remaining: 25, RAYPy_Simulation_bessy2lo_56m_PGM_2Perc_coupling_errors_on_RP/round_9/27_bessy2lo_56m_PGM_2Perc_coupling_errors_on_RP.rml
2025-02-10 20:18:33,270 - INFO - Completed: 36, remaining: 24, RAYPy_Simulation_bessy2lo_56m_PGM_2Perc_coupling_errors_on_RP/round_9/28_bessy2lo_56m_PGM_2Perc_coupling_errors_on_RP.rml
2025-02-10 20:18:33,475 - INFO - Completed: 37, remaining: 23, RAYPy_Simulation_bessy2lo_56m_PGM_2Perc_coupling_errors_on_RP/round_9/29_bessy2lo_56m_PGM_2Perc_coupling_errors_on_RP.rml
2025-02-10 20:18:33,486 - INFO - Completed: 38, remaining: 22, RAYPy_Simulation_bessy2lo_56m_PGM_2Perc_coupling_errors_on_RP/round_9/26_bessy2lo_56m_PGM_2Perc_coupling_errors_on_RP.rml
2025-02-10 20:18:33,717 - INFO - Completed: 39, remaining: 21, RAYPy_Simulation_bessy2lo_56m_PGM_2Perc_coupling_errors_on_RP/round_9/30_bessy2lo_56m_PGM_2Perc_coupling_errors_on_RP.rml
2025-02-10 20:18:33,878 - INFO - Completed: 40, remaining: 20, RAYPy_Simulation_bessy2lo_56m_PGM_2Perc_coupling_errors_on_RP/round_9/31_bessy2lo_56m_PGM_2Perc_coupling_errors_on_RP.rml
2025-02-10 20:18:34,226 - INFO - Completed: 41, remaining: 19, RAYPy_Simulation_bessy2lo_56m_PGM_2Perc_coupling_errors_on_RP/round_9/33_bessy2lo_56m_PGM_2Perc_coupling_errors_on_RP.rml
2025-02-10 20:18:34,319 - INFO - Completed: 42, remaining: 18, RAYPy_Simulation_bessy2lo_56m_PGM_2Perc_coupling_errors_on_RP/round_9/34_bessy2lo_56m_PGM_2Perc_coupling_errors_on_RP.rml
2025-02-10 20:18:34,407 - INFO - Completed: 43, remaining: 17, RAYPy_Simulation_bessy2lo_56m_PGM_2Perc_coupling_errors_on_RP/round_9/32_bessy2lo_56m_PGM_2Perc_coupling_errors_on_RP.rml
2025-02-10 20:18:34,631 - INFO - Completed: 44, remaining: 16, RAYPy_Simulation_bessy2lo_56m_PGM_2Perc_coupling_errors_on_RP/round_9/35_bessy2lo_56m_PGM_2Perc_coupling_errors_on_RP.rml
2025-02-10 20:18:35,613 - INFO - Completed: 45, remaining: 15, RAYPy_Simulation_bessy2lo_56m_PGM_2Perc_coupling_errors_on_RP/round_9/36_bessy2lo_56m_PGM_2Perc_coupling_errors_on_RP.rml
2025-02-10 20:18:35,945 - INFO - Completed: 46, remaining: 14, RAYPy_Simulation_bessy2lo_56m_PGM_2Perc_coupling_errors_on_RP/round_9/38_bessy2lo_56m_PGM_2Perc_coupling_errors_on_RP.rml
2025-02-10 20:18:36,153 - INFO - Completed: 47, remaining: 13, RAYPy_Simulation_bessy2lo_56m_PGM_2Perc_coupling_errors_on_RP/round_9/39_bessy2lo_56m_PGM_2Perc_coupling_errors_on_RP.rml
2025-02-10 20:18:36,217 - INFO - Completed: 48, remaining: 12, RAYPy_Simulation_bessy2lo_56m_PGM_2Perc_coupling_errors_on_RP/round_9/40_bessy2lo_56m_PGM_2Perc_coupling_errors_on_RP.rml
2025-02-10 20:18:36,444 - INFO - Completed: 49, remaining: 11, RAYPy_Simulation_bessy2lo_56m_PGM_2Perc_coupling_errors_on_RP/round_9/37_bessy2lo_56m_PGM_2Perc_coupling_errors_on_RP.rml
2025-02-10 20:18:41,957 - INFO - Exception during simulation: 1 (of 50) futures unfinished
2025-02-10 20:18:46,972 - INFO - Waiting for file RAYPy_Simulation_bessy2lo_56m_PGM_2Perc_coupling_errors_on_RP/round_9/0_bessy2lo_56m_PGM_2Perc_coupling_errors_on_RP.rml, wait_time 0.4654333885841089
2025-02-10 20:18:51,975 - INFO - Waiting for file RAYPy_Simulation_bessy2lo_56m_PGM_2Perc_coupling_errors_on_RP/round_9/0_bessy2lo_56m_PGM_2Perc_coupling_errors_on_RP.rml, wait_time -4.534566611415891
2025-02-10 20:18:51,994 - INFO - Found most simulations of the batch, futures missed at least 11 simulations
2025-02-10 20:18:51,995 - INFO - Updated progress bar
2025-02-10 20:18:51,996 - INFO - Batch Completed
2025-02-10 20:18:51,996 - INFO - Waiting For batch, 60 simulations to go
2025-02-10 20:18:51,996 - INFO - Remaning Simulations 0, stop the simulations loop
2025-02-10 20:18:51,996 - INFO - Checking that all simulations are completed before stopping the ProcessPoolExecutor
2025-02-10 20:18:52,185 - INFO - This simulation is missing: round 9, number 0
2025-02-10 20:18:52,203 - INFO - Executor shutdown completed.
2025-02-10 20:18:52,203 - INFO - Finish missing simulations
2025-02-10 20:18:52,205 - INFO - Start round 0
2025-02-10 20:18:52,238 - INFO - Start round 1
2025-02-10 20:18:52,262 - INFO - Waiting for batch number: 7, timeout: 21.861733554336436s
2025-02-10 20:18:52,263 - INFO - Batch Completed
2025-02-10 20:18:52,263 - INFO - Waiting For batch, 60 simulations to go
2025-02-10 20:18:52,275 - INFO - Start round 2
2025-02-10 20:18:52,294 - INFO - Waiting for batch number: 8, timeout: 21.861733554336436s
2025-02-10 20:18:52,295 - INFO - Batch Completed
2025-02-10 20:18:52,295 - INFO - Waiting For batch, 60 simulations to go
2025-02-10 20:18:52,297 - INFO - Start round 3
2025-02-10 20:18:52,334 - INFO - Start round 4
2025-02-10 20:18:52,344 - INFO - Waiting for batch number: 9, timeout: 21.861733554336436s
2025-02-10 20:18:52,345 - INFO - Batch Completed
2025-02-10 20:18:52,345 - INFO - Waiting For batch, 60 simulations to go
2025-02-10 20:18:52,360 - INFO - Start round 5
2025-02-10 20:18:52,376 - INFO - Waiting for batch number: 10, timeout: 21.861733554336436s
2025-02-10 20:18:52,376 - INFO - Batch Completed
2025-02-10 20:18:52,376 - INFO - Waiting For batch, 60 simulations to go
2025-02-10 20:18:52,380 - INFO - Start round 6
2025-02-10 20:18:52,399 - INFO - Start round 7
2025-02-10 20:18:52,404 - INFO - Waiting for batch number: 11, timeout: 21.861733554336436s
2025-02-10 20:18:52,404 - INFO - Batch Completed
2025-02-10 20:18:52,405 - INFO - Waiting For batch, 60 simulations to go
2025-02-10 20:18:52,426 - INFO - Start round 8
2025-02-10 20:18:52,447 - INFO - Waiting for batch number: 12, timeout: 21.861733554336436s
2025-02-10 20:18:52,447 - INFO - Batch Completed
2025-02-10 20:18:52,447 - INFO - Waiting For batch, 60 simulations to go
2025-02-10 20:18:52,452 - INFO - Start round 9
2025-02-10 20:18:52,460 - INFO - Prepared sim number: 0: RAYPy_Simulation_bessy2lo_56m_PGM_2Perc_coupling_errors_on_RP/round_9/0_bessy2lo_56m_PGM_2Perc_coupling_errors_on_RP.rml
2025-02-10 20:18:52,495 - INFO - Waiting for batch number: 13, timeout: 21.861733554336436s
2025-02-10 20:18:53,940 - INFO - Completed: 1, remaining: 59, RAYPy_Simulation_bessy2lo_56m_PGM_2Perc_coupling_errors_on_RP/round_9/0_bessy2lo_56m_PGM_2Perc_coupling_errors_on_RP.rml
2025-02-10 20:18:53,941 - INFO - Batch Completed
2025-02-10 20:18:53,941 - INFO - Waiting For batch, 60 simulations to go
2025-02-10 20:18:53,941 - INFO - Remaning Simulations 0, stop the simulations loop
2025-02-10 20:18:53,941 - INFO - Checking that all simulations are completed before stopping the ProcessPoolExecutor
2025-02-10 20:18:54,045 - INFO - Executor shutdown completed.
2025-02-10 20:18:54,051 - INFO - Simulation completed successfully.
2025-02-10 20:18:54,052 - INFO - Starting cleanup
2025-02-10 20:18:55,701 - INFO - Done with the cleanup
2025-02-10 20:18:55,701 - INFO - Create Pandas Recap Files
2025-02-10 20:18:55,718 - INFO - End of the Simulations
