2025-02-10 20:53:51,529 - INFO - Simulation started, using 12 workers
2025-02-10 20:53:51,533 - INFO - Start round 0
2025-02-10 20:53:51,548 - INFO - Prepared sim number: 0: RAYPy_Simulation_bessy3_56m_PGM_2Perc_coupling_errors_on_RP/round_0/0_bessy3_56m_PGM_2Perc_coupling_errors_on_RP.rml
2025-02-10 20:53:51,562 - INFO - Prepared sim number: 1: RAYPy_Simulation_bessy3_56m_PGM_2Perc_coupling_errors_on_RP/round_0/1_bessy3_56m_PGM_2Perc_coupling_errors_on_RP.rml
2025-02-10 20:53:51,575 - INFO - Prepared sim number: 2: RAYPy_Simulation_bessy3_56m_PGM_2Perc_coupling_errors_on_RP/round_0/2_bessy3_56m_PGM_2Perc_coupling_errors_on_RP.rml
2025-02-10 20:53:51,589 - INFO - Prepared sim number: 3: RAYPy_Simulation_bessy3_56m_PGM_2Perc_coupling_errors_on_RP/round_0/3_bessy3_56m_PGM_2Perc_coupling_errors_on_RP.rml
2025-02-10 20:53:51,602 - INFO - Prepared sim number: 4: RAYPy_Simulation_bessy3_56m_PGM_2Perc_coupling_errors_on_RP/round_0/4_bessy3_56m_PGM_2Perc_coupling_errors_on_RP.rml
2025-02-10 20:53:51,614 - INFO - Prepared sim number: 5: RAYPy_Simulation_bessy3_56m_PGM_2Perc_coupling_errors_on_RP/round_0/5_bessy3_56m_PGM_2Perc_coupling_errors_on_RP.rml
2025-02-10 20:53:51,624 - INFO - Prepared sim number: 6: RAYPy_Simulation_bessy3_56m_PGM_2Perc_coupling_errors_on_RP/round_0/6_bessy3_56m_PGM_2Perc_coupling_errors_on_RP.rml
2025-02-10 20:53:51,634 - INFO - Prepared sim number: 7: RAYPy_Simulation_bessy3_56m_PGM_2Perc_coupling_errors_on_RP/round_0/7_bessy3_56m_PGM_2Perc_coupling_errors_on_RP.rml
2025-02-10 20:53:51,645 - INFO - Prepared sim number: 8: RAYPy_Simulation_bessy3_56m_PGM_2Perc_coupling_errors_on_RP/round_0/8_bessy3_56m_PGM_2Perc_coupling_errors_on_RP.rml
2025-02-10 20:53:51,654 - INFO - Prepared sim number: 9: RAYPy_Simulation_bessy3_56m_PGM_2Perc_coupling_errors_on_RP/round_0/9_bessy3_56m_PGM_2Perc_coupling_errors_on_RP.rml
2025-02-10 20:53:51,664 - INFO - Prepared sim number: 10: RAYPy_Simulation_bessy3_56m_PGM_2Perc_coupling_errors_on_RP/round_0/10_bessy3_56m_PGM_2Perc_coupling_errors_on_RP.rml
2025-02-10 20:53:51,674 - INFO - Prepared sim number: 11: RAYPy_Simulation_bessy3_56m_PGM_2Perc_coupling_errors_on_RP/round_0/11_bessy3_56m_PGM_2Perc_coupling_errors_on_RP.rml
2025-02-10 20:53:51,686 - INFO - Prepared sim number: 12: RAYPy_Simulation_bessy3_56m_PGM_2Perc_coupling_errors_on_RP/round_0/12_bessy3_56m_PGM_2Perc_coupling_errors_on_RP.rml
2025-02-10 20:53:51,695 - INFO - Prepared sim number: 13: RAYPy_Simulation_bessy3_56m_PGM_2Perc_coupling_errors_on_RP/round_0/13_bessy3_56m_PGM_2Perc_coupling_errors_on_RP.rml
2025-02-10 20:53:51,704 - INFO - Prepared sim number: 14: RAYPy_Simulation_bessy3_56m_PGM_2Perc_coupling_errors_on_RP/round_0/14_bessy3_56m_PGM_2Perc_coupling_errors_on_RP.rml
2025-02-10 20:53:51,714 - INFO - Prepared sim number: 15: RAYPy_Simulation_bessy3_56m_PGM_2Perc_coupling_errors_on_RP/round_0/15_bessy3_56m_PGM_2Perc_coupling_errors_on_RP.rml
2025-02-10 20:53:51,722 - INFO - Prepared sim number: 16: RAYPy_Simulation_bessy3_56m_PGM_2Perc_coupling_errors_on_RP/round_0/16_bessy3_56m_PGM_2Perc_coupling_errors_on_RP.rml
2025-02-10 20:53:51,732 - INFO - Prepared sim number: 17: RAYPy_Simulation_bessy3_56m_PGM_2Perc_coupling_errors_on_RP/round_0/17_bessy3_56m_PGM_2Perc_coupling_errors_on_RP.rml
2025-02-10 20:53:51,742 - INFO - Prepared sim number: 18: RAYPy_Simulation_bessy3_56m_PGM_2Perc_coupling_errors_on_RP/round_0/18_bessy3_56m_PGM_2Perc_coupling_errors_on_RP.rml
2025-02-10 20:53:51,751 - INFO - Prepared sim number: 19: RAYPy_Simulation_bessy3_56m_PGM_2Perc_coupling_errors_on_RP/round_0/19_bessy3_56m_PGM_2Perc_coupling_errors_on_RP.rml
2025-02-10 20:53:51,761 - INFO - Prepared sim number: 20: RAYPy_Simulation_bessy3_56m_PGM_2Perc_coupling_errors_on_RP/round_0/20_bessy3_56m_PGM_2Perc_coupling_errors_on_RP.rml
2025-02-10 20:53:51,771 - INFO - Prepared sim number: 21: RAYPy_Simulation_bessy3_56m_PGM_2Perc_coupling_errors_on_RP/round_0/21_bessy3_56m_PGM_2Perc_coupling_errors_on_RP.rml
2025-02-10 20:53:51,780 - INFO - Prepared sim number: 22: RAYPy_Simulation_bessy3_56m_PGM_2Perc_coupling_errors_on_RP/round_0/22_bessy3_56m_PGM_2Perc_coupling_errors_on_RP.rml
2025-02-10 20:53:51,790 - INFO - Prepared sim number: 23: RAYPy_Simulation_bessy3_56m_PGM_2Perc_coupling_errors_on_RP/round_0/23_bessy3_56m_PGM_2Perc_coupling_errors_on_RP.rml
2025-02-10 20:53:51,800 - INFO - Prepared sim number: 24: RAYPy_Simulation_bessy3_56m_PGM_2Perc_coupling_errors_on_RP/round_0/24_bessy3_56m_PGM_2Perc_coupling_errors_on_RP.rml
2025-02-10 20:53:51,809 - INFO - Prepared sim number: 25: RAYPy_Simulation_bessy3_56m_PGM_2Perc_coupling_errors_on_RP/round_0/25_bessy3_56m_PGM_2Perc_coupling_errors_on_RP.rml
2025-02-10 20:53:51,818 - INFO - Prepared sim number: 26: RAYPy_Simulation_bessy3_56m_PGM_2Perc_coupling_errors_on_RP/round_0/26_bessy3_56m_PGM_2Perc_coupling_errors_on_RP.rml
2025-02-10 20:53:51,828 - INFO - Prepared sim number: 27: RAYPy_Simulation_bessy3_56m_PGM_2Perc_coupling_errors_on_RP/round_0/27_bessy3_56m_PGM_2Perc_coupling_errors_on_RP.rml
2025-02-10 20:53:51,838 - INFO - Prepared sim number: 28: RAYPy_Simulation_bessy3_56m_PGM_2Perc_coupling_errors_on_RP/round_0/28_bessy3_56m_PGM_2Perc_coupling_errors_on_RP.rml
2025-02-10 20:53:51,847 - INFO - Prepared sim number: 29: RAYPy_Simulation_bessy3_56m_PGM_2Perc_coupling_errors_on_RP/round_0/29_bessy3_56m_PGM_2Perc_coupling_errors_on_RP.rml
2025-02-10 20:53:51,856 - INFO - Prepared sim number: 30: RAYPy_Simulation_bessy3_56m_PGM_2Perc_coupling_errors_on_RP/round_0/30_bessy3_56m_PGM_2Perc_coupling_errors_on_RP.rml
2025-02-10 20:53:51,866 - INFO - Prepared sim number: 31: RAYPy_Simulation_bessy3_56m_PGM_2Perc_coupling_errors_on_RP/round_0/31_bessy3_56m_PGM_2Perc_coupling_errors_on_RP.rml
2025-02-10 20:53:51,877 - INFO - Prepared sim number: 32: RAYPy_Simulation_bessy3_56m_PGM_2Perc_coupling_errors_on_RP/round_0/32_bessy3_56m_PGM_2Perc_coupling_errors_on_RP.rml
2025-02-10 20:53:51,886 - INFO - Prepared sim number: 33: RAYPy_Simulation_bessy3_56m_PGM_2Perc_coupling_errors_on_RP/round_0/33_bessy3_56m_PGM_2Perc_coupling_errors_on_RP.rml
2025-02-10 20:53:51,895 - INFO - Prepared sim number: 34: RAYPy_Simulation_bessy3_56m_PGM_2Perc_coupling_errors_on_RP/round_0/34_bessy3_56m_PGM_2Perc_coupling_errors_on_RP.rml
2025-02-10 20:53:51,904 - INFO - Prepared sim number: 35: RAYPy_Simulation_bessy3_56m_PGM_2Perc_coupling_errors_on_RP/round_0/35_bessy3_56m_PGM_2Perc_coupling_errors_on_RP.rml
2025-02-10 20:53:51,914 - INFO - Prepared sim number: 36: RAYPy_Simulation_bessy3_56m_PGM_2Perc_coupling_errors_on_RP/round_0/36_bessy3_56m_PGM_2Perc_coupling_errors_on_RP.rml
2025-02-10 20:53:51,924 - INFO - Prepared sim number: 37: RAYPy_Simulation_bessy3_56m_PGM_2Perc_coupling_errors_on_RP/round_0/37_bessy3_56m_PGM_2Perc_coupling_errors_on_RP.rml
2025-02-10 20:53:51,934 - INFO - Prepared sim number: 38: RAYPy_Simulation_bessy3_56m_PGM_2Perc_coupling_errors_on_RP/round_0/38_bessy3_56m_PGM_2Perc_coupling_errors_on_RP.rml
2025-02-10 20:53:51,943 - INFO - Prepared sim number: 39: RAYPy_Simulation_bessy3_56m_PGM_2Perc_coupling_errors_on_RP/round_0/39_bessy3_56m_PGM_2Perc_coupling_errors_on_RP.rml
2025-02-10 20:53:51,953 - INFO - Prepared sim number: 40: RAYPy_Simulation_bessy3_56m_PGM_2Perc_coupling_errors_on_RP/round_0/40_bessy3_56m_PGM_2Perc_coupling_errors_on_RP.rml
2025-02-10 20:53:51,953 - INFO - Start round 1
2025-02-10 20:53:51,957 - INFO - Prepared sim number: 0: RAYPy_Simulation_bessy3_56m_PGM_2Perc_coupling_errors_on_RP/round_1/0_bessy3_56m_PGM_2Perc_coupling_errors_on_RP.rml
2025-02-10 20:53:51,961 - INFO - Prepared sim number: 1: RAYPy_Simulation_bessy3_56m_PGM_2Perc_coupling_errors_on_RP/round_1/1_bessy3_56m_PGM_2Perc_coupling_errors_on_RP.rml
2025-02-10 20:53:51,966 - INFO - Prepared sim number: 2: RAYPy_Simulation_bessy3_56m_PGM_2Perc_coupling_errors_on_RP/round_1/2_bessy3_56m_PGM_2Perc_coupling_errors_on_RP.rml
2025-02-10 20:53:51,971 - INFO - Prepared sim number: 3: RAYPy_Simulation_bessy3_56m_PGM_2Perc_coupling_errors_on_RP/round_1/3_bessy3_56m_PGM_2Perc_coupling_errors_on_RP.rml
2025-02-10 20:53:51,975 - INFO - Prepared sim number: 4: RAYPy_Simulation_bessy3_56m_PGM_2Perc_coupling_errors_on_RP/round_1/4_bessy3_56m_PGM_2Perc_coupling_errors_on_RP.rml
2025-02-10 20:53:51,979 - INFO - Prepared sim number: 5: RAYPy_Simulation_bessy3_56m_PGM_2Perc_coupling_errors_on_RP/round_1/5_bessy3_56m_PGM_2Perc_coupling_errors_on_RP.rml
2025-02-10 20:53:51,984 - INFO - Prepared sim number: 6: RAYPy_Simulation_bessy3_56m_PGM_2Perc_coupling_errors_on_RP/round_1/6_bessy3_56m_PGM_2Perc_coupling_errors_on_RP.rml
2025-02-10 20:53:51,988 - INFO - Prepared sim number: 7: RAYPy_Simulation_bessy3_56m_PGM_2Perc_coupling_errors_on_RP/round_1/7_bessy3_56m_PGM_2Perc_coupling_errors_on_RP.rml
2025-02-10 20:53:51,992 - INFO - Prepared sim number: 8: RAYPy_Simulation_bessy3_56m_PGM_2Perc_coupling_errors_on_RP/round_1/8_bessy3_56m_PGM_2Perc_coupling_errors_on_RP.rml
2025-02-10 20:53:51,996 - INFO - Prepared sim number: 9: RAYPy_Simulation_bessy3_56m_PGM_2Perc_coupling_errors_on_RP/round_1/9_bessy3_56m_PGM_2Perc_coupling_errors_on_RP.rml
2025-02-10 20:53:52,000 - INFO - Prepared sim number: 10: RAYPy_Simulation_bessy3_56m_PGM_2Perc_coupling_errors_on_RP/round_1/10_bessy3_56m_PGM_2Perc_coupling_errors_on_RP.rml
2025-02-10 20:53:52,004 - INFO - Prepared sim number: 11: RAYPy_Simulation_bessy3_56m_PGM_2Perc_coupling_errors_on_RP/round_1/11_bessy3_56m_PGM_2Perc_coupling_errors_on_RP.rml
2025-02-10 20:53:52,008 - INFO - Prepared sim number: 12: RAYPy_Simulation_bessy3_56m_PGM_2Perc_coupling_errors_on_RP/round_1/12_bessy3_56m_PGM_2Perc_coupling_errors_on_RP.rml
2025-02-10 20:53:52,013 - INFO - Prepared sim number: 13: RAYPy_Simulation_bessy3_56m_PGM_2Perc_coupling_errors_on_RP/round_1/13_bessy3_56m_PGM_2Perc_coupling_errors_on_RP.rml
2025-02-10 20:53:52,017 - INFO - Prepared sim number: 14: RAYPy_Simulation_bessy3_56m_PGM_2Perc_coupling_errors_on_RP/round_1/14_bessy3_56m_PGM_2Perc_coupling_errors_on_RP.rml
2025-02-10 20:53:52,022 - INFO - Prepared sim number: 15: RAYPy_Simulation_bessy3_56m_PGM_2Perc_coupling_errors_on_RP/round_1/15_bessy3_56m_PGM_2Perc_coupling_errors_on_RP.rml
2025-02-10 20:53:52,025 - INFO - Prepared sim number: 16: RAYPy_Simulation_bessy3_56m_PGM_2Perc_coupling_errors_on_RP/round_1/16_bessy3_56m_PGM_2Perc_coupling_errors_on_RP.rml
2025-02-10 20:53:52,030 - INFO - Prepared sim number: 17: RAYPy_Simulation_bessy3_56m_PGM_2Perc_coupling_errors_on_RP/round_1/17_bessy3_56m_PGM_2Perc_coupling_errors_on_RP.rml
2025-02-10 20:53:52,034 - INFO - Prepared sim number: 18: RAYPy_Simulation_bessy3_56m_PGM_2Perc_coupling_errors_on_RP/round_1/18_bessy3_56m_PGM_2Perc_coupling_errors_on_RP.rml
2025-02-10 20:53:52,053 - INFO - Waiting for batch number: 0, timeout: 60s
2025-02-10 20:53:54,690 - INFO - Completed: 1, remaining: 59, RAYPy_Simulation_bessy3_56m_PGM_2Perc_coupling_errors_on_RP/round_0/11_bessy3_56m_PGM_2Perc_coupling_errors_on_RP.rml
2025-02-10 20:53:54,873 - INFO - Completed: 2, remaining: 58, RAYPy_Simulation_bessy3_56m_PGM_2Perc_coupling_errors_on_RP/round_0/0_bessy3_56m_PGM_2Perc_coupling_errors_on_RP.rml
2025-02-10 20:53:54,904 - INFO - Completed: 3, remaining: 57, RAYPy_Simulation_bessy3_56m_PGM_2Perc_coupling_errors_on_RP/round_0/5_bessy3_56m_PGM_2Perc_coupling_errors_on_RP.rml
2025-02-10 20:53:55,002 - INFO - Completed: 4, remaining: 56, RAYPy_Simulation_bessy3_56m_PGM_2Perc_coupling_errors_on_RP/round_0/7_bessy3_56m_PGM_2Perc_coupling_errors_on_RP.rml
2025-02-10 20:53:55,013 - INFO - Completed: 5, remaining: 55, RAYPy_Simulation_bessy3_56m_PGM_2Perc_coupling_errors_on_RP/round_0/3_bessy3_56m_PGM_2Perc_coupling_errors_on_RP.rml
2025-02-10 20:53:55,016 - INFO - Completed: 6, remaining: 54, RAYPy_Simulation_bessy3_56m_PGM_2Perc_coupling_errors_on_RP/round_0/2_bessy3_56m_PGM_2Perc_coupling_errors_on_RP.rml
2025-02-10 20:53:55,252 - INFO - Completed: 7, remaining: 53, RAYPy_Simulation_bessy3_56m_PGM_2Perc_coupling_errors_on_RP/round_0/4_bessy3_56m_PGM_2Perc_coupling_errors_on_RP.rml
2025-02-10 20:53:55,977 - INFO - Completed: 8, remaining: 52, RAYPy_Simulation_bessy3_56m_PGM_2Perc_coupling_errors_on_RP/round_0/10_bessy3_56m_PGM_2Perc_coupling_errors_on_RP.rml
2025-02-10 20:53:57,417 - INFO - Completed: 9, remaining: 51, RAYPy_Simulation_bessy3_56m_PGM_2Perc_coupling_errors_on_RP/round_0/6_bessy3_56m_PGM_2Perc_coupling_errors_on_RP.rml
2025-02-10 20:53:57,513 - INFO - Completed: 10, remaining: 50, RAYPy_Simulation_bessy3_56m_PGM_2Perc_coupling_errors_on_RP/round_0/8_bessy3_56m_PGM_2Perc_coupling_errors_on_RP.rml
2025-02-10 20:53:57,616 - INFO - Completed: 11, remaining: 49, RAYPy_Simulation_bessy3_56m_PGM_2Perc_coupling_errors_on_RP/round_0/1_bessy3_56m_PGM_2Perc_coupling_errors_on_RP.rml
2025-02-10 20:53:57,639 - INFO - Completed: 12, remaining: 48, RAYPy_Simulation_bessy3_56m_PGM_2Perc_coupling_errors_on_RP/round_0/9_bessy3_56m_PGM_2Perc_coupling_errors_on_RP.rml
2025-02-10 20:53:58,178 - INFO - Completed: 13, remaining: 47, RAYPy_Simulation_bessy3_56m_PGM_2Perc_coupling_errors_on_RP/round_0/12_bessy3_56m_PGM_2Perc_coupling_errors_on_RP.rml
2025-02-10 20:53:58,457 - INFO - Completed: 14, remaining: 46, RAYPy_Simulation_bessy3_56m_PGM_2Perc_coupling_errors_on_RP/round_0/16_bessy3_56m_PGM_2Perc_coupling_errors_on_RP.rml
2025-02-10 20:53:58,535 - INFO - Completed: 15, remaining: 45, RAYPy_Simulation_bessy3_56m_PGM_2Perc_coupling_errors_on_RP/round_0/15_bessy3_56m_PGM_2Perc_coupling_errors_on_RP.rml
2025-02-10 20:53:58,621 - INFO - Completed: 16, remaining: 44, RAYPy_Simulation_bessy3_56m_PGM_2Perc_coupling_errors_on_RP/round_0/14_bessy3_56m_PGM_2Perc_coupling_errors_on_RP.rml
2025-02-10 20:53:58,691 - INFO - Completed: 17, remaining: 43, RAYPy_Simulation_bessy3_56m_PGM_2Perc_coupling_errors_on_RP/round_0/17_bessy3_56m_PGM_2Perc_coupling_errors_on_RP.rml
2025-02-10 20:53:58,807 - INFO - Completed: 18, remaining: 42, RAYPy_Simulation_bessy3_56m_PGM_2Perc_coupling_errors_on_RP/round_0/13_bessy3_56m_PGM_2Perc_coupling_errors_on_RP.rml
2025-02-10 20:53:58,810 - INFO - Completed: 19, remaining: 41, RAYPy_Simulation_bessy3_56m_PGM_2Perc_coupling_errors_on_RP/round_0/18_bessy3_56m_PGM_2Perc_coupling_errors_on_RP.rml
2025-02-10 20:53:59,384 - INFO - Completed: 20, remaining: 40, RAYPy_Simulation_bessy3_56m_PGM_2Perc_coupling_errors_on_RP/round_0/19_bessy3_56m_PGM_2Perc_coupling_errors_on_RP.rml
2025-02-10 20:54:00,890 - INFO - Completed: 21, remaining: 39, RAYPy_Simulation_bessy3_56m_PGM_2Perc_coupling_errors_on_RP/round_0/21_bessy3_56m_PGM_2Perc_coupling_errors_on_RP.rml
2025-02-10 20:54:01,244 - INFO - Completed: 22, remaining: 38, RAYPy_Simulation_bessy3_56m_PGM_2Perc_coupling_errors_on_RP/round_0/22_bessy3_56m_PGM_2Perc_coupling_errors_on_RP.rml
2025-02-10 20:54:01,433 - INFO - Completed: 23, remaining: 37, RAYPy_Simulation_bessy3_56m_PGM_2Perc_coupling_errors_on_RP/round_0/23_bessy3_56m_PGM_2Perc_coupling_errors_on_RP.rml
2025-02-10 20:54:01,645 - INFO - Completed: 24, remaining: 36, RAYPy_Simulation_bessy3_56m_PGM_2Perc_coupling_errors_on_RP/round_0/24_bessy3_56m_PGM_2Perc_coupling_errors_on_RP.rml
2025-02-10 20:54:01,948 - INFO - Completed: 25, remaining: 35, RAYPy_Simulation_bessy3_56m_PGM_2Perc_coupling_errors_on_RP/round_0/20_bessy3_56m_PGM_2Perc_coupling_errors_on_RP.rml
2025-02-10 20:54:02,069 - INFO - Completed: 26, remaining: 34, RAYPy_Simulation_bessy3_56m_PGM_2Perc_coupling_errors_on_RP/round_0/25_bessy3_56m_PGM_2Perc_coupling_errors_on_RP.rml
2025-02-10 20:54:02,342 - INFO - Completed: 27, remaining: 33, RAYPy_Simulation_bessy3_56m_PGM_2Perc_coupling_errors_on_RP/round_0/26_bessy3_56m_PGM_2Perc_coupling_errors_on_RP.rml
2025-02-10 20:54:02,438 - INFO - Completed: 28, remaining: 32, RAYPy_Simulation_bessy3_56m_PGM_2Perc_coupling_errors_on_RP/round_0/30_bessy3_56m_PGM_2Perc_coupling_errors_on_RP.rml
2025-02-10 20:54:02,537 - INFO - Completed: 29, remaining: 31, RAYPy_Simulation_bessy3_56m_PGM_2Perc_coupling_errors_on_RP/round_0/27_bessy3_56m_PGM_2Perc_coupling_errors_on_RP.rml
2025-02-10 20:54:02,652 - INFO - Completed: 30, remaining: 30, RAYPy_Simulation_bessy3_56m_PGM_2Perc_coupling_errors_on_RP/round_0/28_bessy3_56m_PGM_2Perc_coupling_errors_on_RP.rml
2025-02-10 20:54:02,768 - INFO - Completed: 31, remaining: 29, RAYPy_Simulation_bessy3_56m_PGM_2Perc_coupling_errors_on_RP/round_0/29_bessy3_56m_PGM_2Perc_coupling_errors_on_RP.rml
2025-02-10 20:54:03,076 - INFO - Completed: 32, remaining: 28, RAYPy_Simulation_bessy3_56m_PGM_2Perc_coupling_errors_on_RP/round_0/31_bessy3_56m_PGM_2Perc_coupling_errors_on_RP.rml
2025-02-10 20:54:04,772 - INFO - Completed: 33, remaining: 27, RAYPy_Simulation_bessy3_56m_PGM_2Perc_coupling_errors_on_RP/round_0/32_bessy3_56m_PGM_2Perc_coupling_errors_on_RP.rml
2025-02-10 20:54:05,460 - INFO - Completed: 34, remaining: 26, RAYPy_Simulation_bessy3_56m_PGM_2Perc_coupling_errors_on_RP/round_0/35_bessy3_56m_PGM_2Perc_coupling_errors_on_RP.rml
2025-02-10 20:54:05,495 - INFO - Completed: 35, remaining: 25, RAYPy_Simulation_bessy3_56m_PGM_2Perc_coupling_errors_on_RP/round_0/33_bessy3_56m_PGM_2Perc_coupling_errors_on_RP.rml
2025-02-10 20:54:05,639 - INFO - Completed: 36, remaining: 24, RAYPy_Simulation_bessy3_56m_PGM_2Perc_coupling_errors_on_RP/round_0/34_bessy3_56m_PGM_2Perc_coupling_errors_on_RP.rml
2025-02-10 20:54:05,793 - INFO - Completed: 37, remaining: 23, RAYPy_Simulation_bessy3_56m_PGM_2Perc_coupling_errors_on_RP/round_0/37_bessy3_56m_PGM_2Perc_coupling_errors_on_RP.rml
2025-02-10 20:54:05,957 - INFO - Completed: 38, remaining: 22, RAYPy_Simulation_bessy3_56m_PGM_2Perc_coupling_errors_on_RP/round_1/0_bessy3_56m_PGM_2Perc_coupling_errors_on_RP.rml
2025-02-10 20:54:06,310 - INFO - Completed: 39, remaining: 21, RAYPy_Simulation_bessy3_56m_PGM_2Perc_coupling_errors_on_RP/round_0/38_bessy3_56m_PGM_2Perc_coupling_errors_on_RP.rml
2025-02-10 20:54:06,392 - INFO - Completed: 40, remaining: 20, RAYPy_Simulation_bessy3_56m_PGM_2Perc_coupling_errors_on_RP/round_0/39_bessy3_56m_PGM_2Perc_coupling_errors_on_RP.rml
2025-02-10 20:54:06,473 - INFO - Completed: 41, remaining: 19, RAYPy_Simulation_bessy3_56m_PGM_2Perc_coupling_errors_on_RP/round_0/40_bessy3_56m_PGM_2Perc_coupling_errors_on_RP.rml
2025-02-10 20:54:06,555 - INFO - Completed: 42, remaining: 18, RAYPy_Simulation_bessy3_56m_PGM_2Perc_coupling_errors_on_RP/round_1/1_bessy3_56m_PGM_2Perc_coupling_errors_on_RP.rml
2025-02-10 20:54:06,775 - INFO - Completed: 43, remaining: 17, RAYPy_Simulation_bessy3_56m_PGM_2Perc_coupling_errors_on_RP/round_0/36_bessy3_56m_PGM_2Perc_coupling_errors_on_RP.rml
2025-02-10 20:54:06,997 - INFO - Completed: 44, remaining: 16, RAYPy_Simulation_bessy3_56m_PGM_2Perc_coupling_errors_on_RP/round_1/2_bessy3_56m_PGM_2Perc_coupling_errors_on_RP.rml
2025-02-10 20:54:08,323 - INFO - Completed: 45, remaining: 15, RAYPy_Simulation_bessy3_56m_PGM_2Perc_coupling_errors_on_RP/round_1/3_bessy3_56m_PGM_2Perc_coupling_errors_on_RP.rml
2025-02-10 20:54:09,045 - INFO - Completed: 46, remaining: 14, RAYPy_Simulation_bessy3_56m_PGM_2Perc_coupling_errors_on_RP/round_1/4_bessy3_56m_PGM_2Perc_coupling_errors_on_RP.rml
2025-02-10 20:54:09,166 - INFO - Completed: 47, remaining: 13, RAYPy_Simulation_bessy3_56m_PGM_2Perc_coupling_errors_on_RP/round_1/5_bessy3_56m_PGM_2Perc_coupling_errors_on_RP.rml
2025-02-10 20:54:09,409 - INFO - Completed: 48, remaining: 12, RAYPy_Simulation_bessy3_56m_PGM_2Perc_coupling_errors_on_RP/round_1/7_bessy3_56m_PGM_2Perc_coupling_errors_on_RP.rml
2025-02-10 20:54:09,530 - INFO - Completed: 49, remaining: 11, RAYPy_Simulation_bessy3_56m_PGM_2Perc_coupling_errors_on_RP/round_1/8_bessy3_56m_PGM_2Perc_coupling_errors_on_RP.rml
2025-02-10 20:54:09,819 - INFO - Completed: 50, remaining: 10, RAYPy_Simulation_bessy3_56m_PGM_2Perc_coupling_errors_on_RP/round_1/9_bessy3_56m_PGM_2Perc_coupling_errors_on_RP.rml
2025-02-10 20:54:09,921 - INFO - Completed: 51, remaining: 9, RAYPy_Simulation_bessy3_56m_PGM_2Perc_coupling_errors_on_RP/round_1/11_bessy3_56m_PGM_2Perc_coupling_errors_on_RP.rml
2025-02-10 20:54:10,038 - INFO - Completed: 52, remaining: 8, RAYPy_Simulation_bessy3_56m_PGM_2Perc_coupling_errors_on_RP/round_1/10_bessy3_56m_PGM_2Perc_coupling_errors_on_RP.rml
2025-02-10 20:54:10,099 - INFO - Completed: 53, remaining: 7, RAYPy_Simulation_bessy3_56m_PGM_2Perc_coupling_errors_on_RP/round_1/6_bessy3_56m_PGM_2Perc_coupling_errors_on_RP.rml
2025-02-10 20:54:10,196 - INFO - Completed: 54, remaining: 6, RAYPy_Simulation_bessy3_56m_PGM_2Perc_coupling_errors_on_RP/round_1/12_bessy3_56m_PGM_2Perc_coupling_errors_on_RP.rml
2025-02-10 20:54:10,305 - INFO - Completed: 55, remaining: 5, RAYPy_Simulation_bessy3_56m_PGM_2Perc_coupling_errors_on_RP/round_1/13_bessy3_56m_PGM_2Perc_coupling_errors_on_RP.rml
2025-02-10 20:54:10,543 - INFO - Completed: 56, remaining: 4, RAYPy_Simulation_bessy3_56m_PGM_2Perc_coupling_errors_on_RP/round_1/14_bessy3_56m_PGM_2Perc_coupling_errors_on_RP.rml
2025-02-10 20:54:11,274 - INFO - Completed: 57, remaining: 3, RAYPy_Simulation_bessy3_56m_PGM_2Perc_coupling_errors_on_RP/round_1/15_bessy3_56m_PGM_2Perc_coupling_errors_on_RP.rml
2025-02-10 20:54:11,682 - INFO - Completed: 58, remaining: 2, RAYPy_Simulation_bessy3_56m_PGM_2Perc_coupling_errors_on_RP/round_1/16_bessy3_56m_PGM_2Perc_coupling_errors_on_RP.rml
2025-02-10 20:54:11,754 - INFO - Completed: 59, remaining: 1, RAYPy_Simulation_bessy3_56m_PGM_2Perc_coupling_errors_on_RP/round_1/17_bessy3_56m_PGM_2Perc_coupling_errors_on_RP.rml
2025-02-10 20:54:11,842 - INFO - Completed: 60, remaining: 0, RAYPy_Simulation_bessy3_56m_PGM_2Perc_coupling_errors_on_RP/round_1/18_bessy3_56m_PGM_2Perc_coupling_errors_on_RP.rml
2025-02-10 20:54:11,842 - INFO - Batch Completed
2025-02-10 20:54:11,843 - INFO - Waiting For batch, 60 simulations to go
2025-02-10 20:54:11,852 - INFO - Prepared sim number: 19: RAYPy_Simulation_bessy3_56m_PGM_2Perc_coupling_errors_on_RP/round_1/19_bessy3_56m_PGM_2Perc_coupling_errors_on_RP.rml
2025-02-10 20:54:11,862 - INFO - Prepared sim number: 20: RAYPy_Simulation_bessy3_56m_PGM_2Perc_coupling_errors_on_RP/round_1/20_bessy3_56m_PGM_2Perc_coupling_errors_on_RP.rml
2025-02-10 20:54:11,873 - INFO - Prepared sim number: 21: RAYPy_Simulation_bessy3_56m_PGM_2Perc_coupling_errors_on_RP/round_1/21_bessy3_56m_PGM_2Perc_coupling_errors_on_RP.rml
2025-02-10 20:54:11,881 - INFO - Prepared sim number: 22: RAYPy_Simulation_bessy3_56m_PGM_2Perc_coupling_errors_on_RP/round_1/22_bessy3_56m_PGM_2Perc_coupling_errors_on_RP.rml
2025-02-10 20:54:11,890 - INFO - Prepared sim number: 23: RAYPy_Simulation_bessy3_56m_PGM_2Perc_coupling_errors_on_RP/round_1/23_bessy3_56m_PGM_2Perc_coupling_errors_on_RP.rml
2025-02-10 20:54:11,897 - INFO - Prepared sim number: 24: RAYPy_Simulation_bessy3_56m_PGM_2Perc_coupling_errors_on_RP/round_1/24_bessy3_56m_PGM_2Perc_coupling_errors_on_RP.rml
2025-02-10 20:54:11,904 - INFO - Prepared sim number: 25: RAYPy_Simulation_bessy3_56m_PGM_2Perc_coupling_errors_on_RP/round_1/25_bessy3_56m_PGM_2Perc_coupling_errors_on_RP.rml
2025-02-10 20:54:11,912 - INFO - Prepared sim number: 26: RAYPy_Simulation_bessy3_56m_PGM_2Perc_coupling_errors_on_RP/round_1/26_bessy3_56m_PGM_2Perc_coupling_errors_on_RP.rml
2025-02-10 20:54:11,919 - INFO - Prepared sim number: 27: RAYPy_Simulation_bessy3_56m_PGM_2Perc_coupling_errors_on_RP/round_1/27_bessy3_56m_PGM_2Perc_coupling_errors_on_RP.rml
2025-02-10 20:54:11,925 - INFO - Prepared sim number: 28: RAYPy_Simulation_bessy3_56m_PGM_2Perc_coupling_errors_on_RP/round_1/28_bessy3_56m_PGM_2Perc_coupling_errors_on_RP.rml
2025-02-10 20:54:11,932 - INFO - Prepared sim number: 29: RAYPy_Simulation_bessy3_56m_PGM_2Perc_coupling_errors_on_RP/round_1/29_bessy3_56m_PGM_2Perc_coupling_errors_on_RP.rml
2025-02-10 20:54:11,938 - INFO - Prepared sim number: 30: RAYPy_Simulation_bessy3_56m_PGM_2Perc_coupling_errors_on_RP/round_1/30_bessy3_56m_PGM_2Perc_coupling_errors_on_RP.rml
2025-02-10 20:54:11,945 - INFO - Prepared sim number: 31: RAYPy_Simulation_bessy3_56m_PGM_2Perc_coupling_errors_on_RP/round_1/31_bessy3_56m_PGM_2Perc_coupling_errors_on_RP.rml
2025-02-10 20:54:11,952 - INFO - Prepared sim number: 32: RAYPy_Simulation_bessy3_56m_PGM_2Perc_coupling_errors_on_RP/round_1/32_bessy3_56m_PGM_2Perc_coupling_errors_on_RP.rml
2025-02-10 20:54:11,958 - INFO - Prepared sim number: 33: RAYPy_Simulation_bessy3_56m_PGM_2Perc_coupling_errors_on_RP/round_1/33_bessy3_56m_PGM_2Perc_coupling_errors_on_RP.rml
2025-02-10 20:54:11,965 - INFO - Prepared sim number: 34: RAYPy_Simulation_bessy3_56m_PGM_2Perc_coupling_errors_on_RP/round_1/34_bessy3_56m_PGM_2Perc_coupling_errors_on_RP.rml
2025-02-10 20:54:11,971 - INFO - Prepared sim number: 35: RAYPy_Simulation_bessy3_56m_PGM_2Perc_coupling_errors_on_RP/round_1/35_bessy3_56m_PGM_2Perc_coupling_errors_on_RP.rml
2025-02-10 20:54:11,978 - INFO - Prepared sim number: 36: RAYPy_Simulation_bessy3_56m_PGM_2Perc_coupling_errors_on_RP/round_1/36_bessy3_56m_PGM_2Perc_coupling_errors_on_RP.rml
2025-02-10 20:54:11,984 - INFO - Prepared sim number: 37: RAYPy_Simulation_bessy3_56m_PGM_2Perc_coupling_errors_on_RP/round_1/37_bessy3_56m_PGM_2Perc_coupling_errors_on_RP.rml
2025-02-10 20:54:11,992 - INFO - Prepared sim number: 38: RAYPy_Simulation_bessy3_56m_PGM_2Perc_coupling_errors_on_RP/round_1/38_bessy3_56m_PGM_2Perc_coupling_errors_on_RP.rml
2025-02-10 20:54:11,998 - INFO - Prepared sim number: 39: RAYPy_Simulation_bessy3_56m_PGM_2Perc_coupling_errors_on_RP/round_1/39_bessy3_56m_PGM_2Perc_coupling_errors_on_RP.rml
2025-02-10 20:54:12,005 - INFO - Prepared sim number: 40: RAYPy_Simulation_bessy3_56m_PGM_2Perc_coupling_errors_on_RP/round_1/40_bessy3_56m_PGM_2Perc_coupling_errors_on_RP.rml
2025-02-10 20:54:12,005 - INFO - Start round 2
2025-02-10 20:54:12,012 - INFO - Prepared sim number: 0: RAYPy_Simulation_bessy3_56m_PGM_2Perc_coupling_errors_on_RP/round_2/0_bessy3_56m_PGM_2Perc_coupling_errors_on_RP.rml
2025-02-10 20:54:12,018 - INFO - Prepared sim number: 1: RAYPy_Simulation_bessy3_56m_PGM_2Perc_coupling_errors_on_RP/round_2/1_bessy3_56m_PGM_2Perc_coupling_errors_on_RP.rml
2025-02-10 20:54:12,024 - INFO - Prepared sim number: 2: RAYPy_Simulation_bessy3_56m_PGM_2Perc_coupling_errors_on_RP/round_2/2_bessy3_56m_PGM_2Perc_coupling_errors_on_RP.rml
2025-02-10 20:54:12,031 - INFO - Prepared sim number: 3: RAYPy_Simulation_bessy3_56m_PGM_2Perc_coupling_errors_on_RP/round_2/3_bessy3_56m_PGM_2Perc_coupling_errors_on_RP.rml
2025-02-10 20:54:12,037 - INFO - Prepared sim number: 4: RAYPy_Simulation_bessy3_56m_PGM_2Perc_coupling_errors_on_RP/round_2/4_bessy3_56m_PGM_2Perc_coupling_errors_on_RP.rml
2025-02-10 20:54:12,043 - INFO - Prepared sim number: 5: RAYPy_Simulation_bessy3_56m_PGM_2Perc_coupling_errors_on_RP/round_2/5_bessy3_56m_PGM_2Perc_coupling_errors_on_RP.rml
2025-02-10 20:54:12,050 - INFO - Prepared sim number: 6: RAYPy_Simulation_bessy3_56m_PGM_2Perc_coupling_errors_on_RP/round_2/6_bessy3_56m_PGM_2Perc_coupling_errors_on_RP.rml
2025-02-10 20:54:12,057 - INFO - Prepared sim number: 7: RAYPy_Simulation_bessy3_56m_PGM_2Perc_coupling_errors_on_RP/round_2/7_bessy3_56m_PGM_2Perc_coupling_errors_on_RP.rml
2025-02-10 20:54:12,063 - INFO - Prepared sim number: 8: RAYPy_Simulation_bessy3_56m_PGM_2Perc_coupling_errors_on_RP/round_2/8_bessy3_56m_PGM_2Perc_coupling_errors_on_RP.rml
2025-02-10 20:54:12,069 - INFO - Prepared sim number: 9: RAYPy_Simulation_bessy3_56m_PGM_2Perc_coupling_errors_on_RP/round_2/9_bessy3_56m_PGM_2Perc_coupling_errors_on_RP.rml
2025-02-10 20:54:12,075 - INFO - Prepared sim number: 10: RAYPy_Simulation_bessy3_56m_PGM_2Perc_coupling_errors_on_RP/round_2/10_bessy3_56m_PGM_2Perc_coupling_errors_on_RP.rml
2025-02-10 20:54:12,081 - INFO - Prepared sim number: 11: RAYPy_Simulation_bessy3_56m_PGM_2Perc_coupling_errors_on_RP/round_2/11_bessy3_56m_PGM_2Perc_coupling_errors_on_RP.rml
2025-02-10 20:54:12,088 - INFO - Prepared sim number: 12: RAYPy_Simulation_bessy3_56m_PGM_2Perc_coupling_errors_on_RP/round_2/12_bessy3_56m_PGM_2Perc_coupling_errors_on_RP.rml
2025-02-10 20:54:12,094 - INFO - Prepared sim number: 13: RAYPy_Simulation_bessy3_56m_PGM_2Perc_coupling_errors_on_RP/round_2/13_bessy3_56m_PGM_2Perc_coupling_errors_on_RP.rml
2025-02-10 20:54:12,101 - INFO - Prepared sim number: 14: RAYPy_Simulation_bessy3_56m_PGM_2Perc_coupling_errors_on_RP/round_2/14_bessy3_56m_PGM_2Perc_coupling_errors_on_RP.rml
2025-02-10 20:54:12,107 - INFO - Prepared sim number: 15: RAYPy_Simulation_bessy3_56m_PGM_2Perc_coupling_errors_on_RP/round_2/15_bessy3_56m_PGM_2Perc_coupling_errors_on_RP.rml
2025-02-10 20:54:12,114 - INFO - Prepared sim number: 16: RAYPy_Simulation_bessy3_56m_PGM_2Perc_coupling_errors_on_RP/round_2/16_bessy3_56m_PGM_2Perc_coupling_errors_on_RP.rml
2025-02-10 20:54:12,120 - INFO - Prepared sim number: 17: RAYPy_Simulation_bessy3_56m_PGM_2Perc_coupling_errors_on_RP/round_2/17_bessy3_56m_PGM_2Perc_coupling_errors_on_RP.rml
2025-02-10 20:54:12,127 - INFO - Prepared sim number: 18: RAYPy_Simulation_bessy3_56m_PGM_2Perc_coupling_errors_on_RP/round_2/18_bessy3_56m_PGM_2Perc_coupling_errors_on_RP.rml
2025-02-10 20:54:12,134 - INFO - Prepared sim number: 19: RAYPy_Simulation_bessy3_56m_PGM_2Perc_coupling_errors_on_RP/round_2/19_bessy3_56m_PGM_2Perc_coupling_errors_on_RP.rml
2025-02-10 20:54:12,140 - INFO - Prepared sim number: 20: RAYPy_Simulation_bessy3_56m_PGM_2Perc_coupling_errors_on_RP/round_2/20_bessy3_56m_PGM_2Perc_coupling_errors_on_RP.rml
2025-02-10 20:54:12,148 - INFO - Prepared sim number: 21: RAYPy_Simulation_bessy3_56m_PGM_2Perc_coupling_errors_on_RP/round_2/21_bessy3_56m_PGM_2Perc_coupling_errors_on_RP.rml
2025-02-10 20:54:12,154 - INFO - Prepared sim number: 22: RAYPy_Simulation_bessy3_56m_PGM_2Perc_coupling_errors_on_RP/round_2/22_bessy3_56m_PGM_2Perc_coupling_errors_on_RP.rml
2025-02-10 20:54:12,160 - INFO - Prepared sim number: 23: RAYPy_Simulation_bessy3_56m_PGM_2Perc_coupling_errors_on_RP/round_2/23_bessy3_56m_PGM_2Perc_coupling_errors_on_RP.rml
2025-02-10 20:54:12,168 - INFO - Prepared sim number: 24: RAYPy_Simulation_bessy3_56m_PGM_2Perc_coupling_errors_on_RP/round_2/24_bessy3_56m_PGM_2Perc_coupling_errors_on_RP.rml
2025-02-10 20:54:12,175 - INFO - Prepared sim number: 25: RAYPy_Simulation_bessy3_56m_PGM_2Perc_coupling_errors_on_RP/round_2/25_bessy3_56m_PGM_2Perc_coupling_errors_on_RP.rml
2025-02-10 20:54:12,182 - INFO - Prepared sim number: 26: RAYPy_Simulation_bessy3_56m_PGM_2Perc_coupling_errors_on_RP/round_2/26_bessy3_56m_PGM_2Perc_coupling_errors_on_RP.rml
2025-02-10 20:54:12,188 - INFO - Prepared sim number: 27: RAYPy_Simulation_bessy3_56m_PGM_2Perc_coupling_errors_on_RP/round_2/27_bessy3_56m_PGM_2Perc_coupling_errors_on_RP.rml
2025-02-10 20:54:12,195 - INFO - Prepared sim number: 28: RAYPy_Simulation_bessy3_56m_PGM_2Perc_coupling_errors_on_RP/round_2/28_bessy3_56m_PGM_2Perc_coupling_errors_on_RP.rml
2025-02-10 20:54:12,201 - INFO - Prepared sim number: 29: RAYPy_Simulation_bessy3_56m_PGM_2Perc_coupling_errors_on_RP/round_2/29_bessy3_56m_PGM_2Perc_coupling_errors_on_RP.rml
2025-02-10 20:54:12,208 - INFO - Prepared sim number: 30: RAYPy_Simulation_bessy3_56m_PGM_2Perc_coupling_errors_on_RP/round_2/30_bessy3_56m_PGM_2Perc_coupling_errors_on_RP.rml
2025-02-10 20:54:12,214 - INFO - Prepared sim number: 31: RAYPy_Simulation_bessy3_56m_PGM_2Perc_coupling_errors_on_RP/round_2/31_bessy3_56m_PGM_2Perc_coupling_errors_on_RP.rml
2025-02-10 20:54:12,222 - INFO - Prepared sim number: 32: RAYPy_Simulation_bessy3_56m_PGM_2Perc_coupling_errors_on_RP/round_2/32_bessy3_56m_PGM_2Perc_coupling_errors_on_RP.rml
2025-02-10 20:54:12,229 - INFO - Prepared sim number: 33: RAYPy_Simulation_bessy3_56m_PGM_2Perc_coupling_errors_on_RP/round_2/33_bessy3_56m_PGM_2Perc_coupling_errors_on_RP.rml
2025-02-10 20:54:12,236 - INFO - Prepared sim number: 34: RAYPy_Simulation_bessy3_56m_PGM_2Perc_coupling_errors_on_RP/round_2/34_bessy3_56m_PGM_2Perc_coupling_errors_on_RP.rml
2025-02-10 20:54:12,242 - INFO - Prepared sim number: 35: RAYPy_Simulation_bessy3_56m_PGM_2Perc_coupling_errors_on_RP/round_2/35_bessy3_56m_PGM_2Perc_coupling_errors_on_RP.rml
2025-02-10 20:54:12,248 - INFO - Prepared sim number: 36: RAYPy_Simulation_bessy3_56m_PGM_2Perc_coupling_errors_on_RP/round_2/36_bessy3_56m_PGM_2Perc_coupling_errors_on_RP.rml
2025-02-10 20:54:12,254 - INFO - Prepared sim number: 37: RAYPy_Simulation_bessy3_56m_PGM_2Perc_coupling_errors_on_RP/round_2/37_bessy3_56m_PGM_2Perc_coupling_errors_on_RP.rml
2025-02-10 20:54:12,254 - INFO - Waiting for batch number: 1, timeout: 22.23412902355194s
2025-02-10 20:54:14,818 - INFO - Completed: 1, remaining: 59, RAYPy_Simulation_bessy3_56m_PGM_2Perc_coupling_errors_on_RP/round_1/27_bessy3_56m_PGM_2Perc_coupling_errors_on_RP.rml
2025-02-10 20:54:14,976 - INFO - Completed: 2, remaining: 58, RAYPy_Simulation_bessy3_56m_PGM_2Perc_coupling_errors_on_RP/round_1/26_bessy3_56m_PGM_2Perc_coupling_errors_on_RP.rml
2025-02-10 20:54:14,986 - INFO - Completed: 3, remaining: 57, RAYPy_Simulation_bessy3_56m_PGM_2Perc_coupling_errors_on_RP/round_1/22_bessy3_56m_PGM_2Perc_coupling_errors_on_RP.rml
2025-02-10 20:54:15,064 - INFO - Completed: 4, remaining: 56, RAYPy_Simulation_bessy3_56m_PGM_2Perc_coupling_errors_on_RP/round_1/23_bessy3_56m_PGM_2Perc_coupling_errors_on_RP.rml
2025-02-10 20:54:15,229 - INFO - Completed: 5, remaining: 55, RAYPy_Simulation_bessy3_56m_PGM_2Perc_coupling_errors_on_RP/round_1/30_bessy3_56m_PGM_2Perc_coupling_errors_on_RP.rml
2025-02-10 20:54:16,045 - INFO - Completed: 6, remaining: 54, RAYPy_Simulation_bessy3_56m_PGM_2Perc_coupling_errors_on_RP/round_1/28_bessy3_56m_PGM_2Perc_coupling_errors_on_RP.rml
2025-02-10 20:54:17,721 - INFO - Completed: 7, remaining: 53, RAYPy_Simulation_bessy3_56m_PGM_2Perc_coupling_errors_on_RP/round_1/19_bessy3_56m_PGM_2Perc_coupling_errors_on_RP.rml
2025-02-10 20:54:17,738 - INFO - Completed: 8, remaining: 52, RAYPy_Simulation_bessy3_56m_PGM_2Perc_coupling_errors_on_RP/round_1/25_bessy3_56m_PGM_2Perc_coupling_errors_on_RP.rml
2025-02-10 20:54:17,877 - INFO - Completed: 9, remaining: 51, RAYPy_Simulation_bessy3_56m_PGM_2Perc_coupling_errors_on_RP/round_1/29_bessy3_56m_PGM_2Perc_coupling_errors_on_RP.rml
2025-02-10 20:54:18,000 - INFO - Completed: 10, remaining: 50, RAYPy_Simulation_bessy3_56m_PGM_2Perc_coupling_errors_on_RP/round_1/21_bessy3_56m_PGM_2Perc_coupling_errors_on_RP.rml
2025-02-10 20:54:18,019 - INFO - Completed: 11, remaining: 49, RAYPy_Simulation_bessy3_56m_PGM_2Perc_coupling_errors_on_RP/round_1/24_bessy3_56m_PGM_2Perc_coupling_errors_on_RP.rml
2025-02-10 20:54:18,130 - INFO - Completed: 12, remaining: 48, RAYPy_Simulation_bessy3_56m_PGM_2Perc_coupling_errors_on_RP/round_1/20_bessy3_56m_PGM_2Perc_coupling_errors_on_RP.rml
2025-02-10 20:54:18,528 - INFO - Completed: 13, remaining: 47, RAYPy_Simulation_bessy3_56m_PGM_2Perc_coupling_errors_on_RP/round_1/31_bessy3_56m_PGM_2Perc_coupling_errors_on_RP.rml
2025-02-10 20:54:18,588 - INFO - Completed: 14, remaining: 46, RAYPy_Simulation_bessy3_56m_PGM_2Perc_coupling_errors_on_RP/round_1/32_bessy3_56m_PGM_2Perc_coupling_errors_on_RP.rml
2025-02-10 20:54:18,647 - INFO - Completed: 15, remaining: 45, RAYPy_Simulation_bessy3_56m_PGM_2Perc_coupling_errors_on_RP/round_1/34_bessy3_56m_PGM_2Perc_coupling_errors_on_RP.rml
2025-02-10 20:54:18,664 - INFO - Completed: 16, remaining: 44, RAYPy_Simulation_bessy3_56m_PGM_2Perc_coupling_errors_on_RP/round_1/33_bessy3_56m_PGM_2Perc_coupling_errors_on_RP.rml
2025-02-10 20:54:19,180 - INFO - Completed: 17, remaining: 43, RAYPy_Simulation_bessy3_56m_PGM_2Perc_coupling_errors_on_RP/round_1/35_bessy3_56m_PGM_2Perc_coupling_errors_on_RP.rml
2025-02-10 20:54:19,678 - INFO - Completed: 18, remaining: 42, RAYPy_Simulation_bessy3_56m_PGM_2Perc_coupling_errors_on_RP/round_1/36_bessy3_56m_PGM_2Perc_coupling_errors_on_RP.rml
2025-02-10 20:54:21,370 - INFO - Completed: 19, remaining: 41, RAYPy_Simulation_bessy3_56m_PGM_2Perc_coupling_errors_on_RP/round_2/0_bessy3_56m_PGM_2Perc_coupling_errors_on_RP.rml
2025-02-10 20:54:21,596 - INFO - Completed: 20, remaining: 40, RAYPy_Simulation_bessy3_56m_PGM_2Perc_coupling_errors_on_RP/round_1/38_bessy3_56m_PGM_2Perc_coupling_errors_on_RP.rml
2025-02-10 20:54:21,774 - INFO - Completed: 21, remaining: 39, RAYPy_Simulation_bessy3_56m_PGM_2Perc_coupling_errors_on_RP/round_2/1_bessy3_56m_PGM_2Perc_coupling_errors_on_RP.rml
2025-02-10 20:54:21,993 - INFO - Completed: 22, remaining: 38, RAYPy_Simulation_bessy3_56m_PGM_2Perc_coupling_errors_on_RP/round_2/2_bessy3_56m_PGM_2Perc_coupling_errors_on_RP.rml
2025-02-10 20:54:22,013 - INFO - Completed: 23, remaining: 37, RAYPy_Simulation_bessy3_56m_PGM_2Perc_coupling_errors_on_RP/round_1/39_bessy3_56m_PGM_2Perc_coupling_errors_on_RP.rml
2025-02-10 20:54:22,040 - INFO - Completed: 24, remaining: 36, RAYPy_Simulation_bessy3_56m_PGM_2Perc_coupling_errors_on_RP/round_1/37_bessy3_56m_PGM_2Perc_coupling_errors_on_RP.rml
2025-02-10 20:54:22,186 - INFO - Completed: 25, remaining: 35, RAYPy_Simulation_bessy3_56m_PGM_2Perc_coupling_errors_on_RP/round_2/4_bessy3_56m_PGM_2Perc_coupling_errors_on_RP.rml
2025-02-10 20:54:22,223 - INFO - Completed: 26, remaining: 34, RAYPy_Simulation_bessy3_56m_PGM_2Perc_coupling_errors_on_RP/round_1/40_bessy3_56m_PGM_2Perc_coupling_errors_on_RP.rml
2025-02-10 20:54:22,356 - INFO - Completed: 27, remaining: 33, RAYPy_Simulation_bessy3_56m_PGM_2Perc_coupling_errors_on_RP/round_2/5_bessy3_56m_PGM_2Perc_coupling_errors_on_RP.rml
2025-02-10 20:54:22,796 - INFO - Completed: 28, remaining: 32, RAYPy_Simulation_bessy3_56m_PGM_2Perc_coupling_errors_on_RP/round_2/3_bessy3_56m_PGM_2Perc_coupling_errors_on_RP.rml
2025-02-10 20:54:23,258 - INFO - Completed: 29, remaining: 31, RAYPy_Simulation_bessy3_56m_PGM_2Perc_coupling_errors_on_RP/round_2/6_bessy3_56m_PGM_2Perc_coupling_errors_on_RP.rml
2025-02-10 20:54:23,259 - INFO - Completed: 30, remaining: 30, RAYPy_Simulation_bessy3_56m_PGM_2Perc_coupling_errors_on_RP/round_2/7_bessy3_56m_PGM_2Perc_coupling_errors_on_RP.rml
2025-02-10 20:54:24,981 - INFO - Completed: 31, remaining: 29, RAYPy_Simulation_bessy3_56m_PGM_2Perc_coupling_errors_on_RP/round_2/8_bessy3_56m_PGM_2Perc_coupling_errors_on_RP.rml
2025-02-10 20:54:25,269 - INFO - Completed: 32, remaining: 28, RAYPy_Simulation_bessy3_56m_PGM_2Perc_coupling_errors_on_RP/round_2/9_bessy3_56m_PGM_2Perc_coupling_errors_on_RP.rml
2025-02-10 20:54:25,451 - INFO - Completed: 33, remaining: 27, RAYPy_Simulation_bessy3_56m_PGM_2Perc_coupling_errors_on_RP/round_2/10_bessy3_56m_PGM_2Perc_coupling_errors_on_RP.rml
2025-02-10 20:54:25,717 - INFO - Completed: 34, remaining: 26, RAYPy_Simulation_bessy3_56m_PGM_2Perc_coupling_errors_on_RP/round_2/13_bessy3_56m_PGM_2Perc_coupling_errors_on_RP.rml
2025-02-10 20:54:25,750 - INFO - Completed: 35, remaining: 25, RAYPy_Simulation_bessy3_56m_PGM_2Perc_coupling_errors_on_RP/round_2/14_bessy3_56m_PGM_2Perc_coupling_errors_on_RP.rml
2025-02-10 20:54:25,876 - INFO - Completed: 36, remaining: 24, RAYPy_Simulation_bessy3_56m_PGM_2Perc_coupling_errors_on_RP/round_2/11_bessy3_56m_PGM_2Perc_coupling_errors_on_RP.rml
2025-02-10 20:54:25,920 - INFO - Completed: 37, remaining: 23, RAYPy_Simulation_bessy3_56m_PGM_2Perc_coupling_errors_on_RP/round_2/12_bessy3_56m_PGM_2Perc_coupling_errors_on_RP.rml
2025-02-10 20:54:25,948 - INFO - Completed: 38, remaining: 22, RAYPy_Simulation_bessy3_56m_PGM_2Perc_coupling_errors_on_RP/round_2/15_bessy3_56m_PGM_2Perc_coupling_errors_on_RP.rml
2025-02-10 20:54:26,029 - INFO - Completed: 39, remaining: 21, RAYPy_Simulation_bessy3_56m_PGM_2Perc_coupling_errors_on_RP/round_2/16_bessy3_56m_PGM_2Perc_coupling_errors_on_RP.rml
2025-02-10 20:54:26,271 - INFO - Completed: 40, remaining: 20, RAYPy_Simulation_bessy3_56m_PGM_2Perc_coupling_errors_on_RP/round_2/17_bessy3_56m_PGM_2Perc_coupling_errors_on_RP.rml
2025-02-10 20:54:26,891 - INFO - Completed: 41, remaining: 19, RAYPy_Simulation_bessy3_56m_PGM_2Perc_coupling_errors_on_RP/round_2/19_bessy3_56m_PGM_2Perc_coupling_errors_on_RP.rml
2025-02-10 20:54:27,883 - INFO - Completed: 42, remaining: 18, RAYPy_Simulation_bessy3_56m_PGM_2Perc_coupling_errors_on_RP/round_2/18_bessy3_56m_PGM_2Perc_coupling_errors_on_RP.rml
2025-02-10 20:54:28,495 - INFO - Completed: 43, remaining: 17, RAYPy_Simulation_bessy3_56m_PGM_2Perc_coupling_errors_on_RP/round_2/20_bessy3_56m_PGM_2Perc_coupling_errors_on_RP.rml
2025-02-10 20:54:28,968 - INFO - Completed: 44, remaining: 16, RAYPy_Simulation_bessy3_56m_PGM_2Perc_coupling_errors_on_RP/round_2/22_bessy3_56m_PGM_2Perc_coupling_errors_on_RP.rml
2025-02-10 20:54:29,198 - INFO - Completed: 45, remaining: 15, RAYPy_Simulation_bessy3_56m_PGM_2Perc_coupling_errors_on_RP/round_2/21_bessy3_56m_PGM_2Perc_coupling_errors_on_RP.rml
2025-02-10 20:54:29,545 - INFO - Completed: 46, remaining: 14, RAYPy_Simulation_bessy3_56m_PGM_2Perc_coupling_errors_on_RP/round_2/23_bessy3_56m_PGM_2Perc_coupling_errors_on_RP.rml
2025-02-10 20:54:29,665 - INFO - Completed: 47, remaining: 13, RAYPy_Simulation_bessy3_56m_PGM_2Perc_coupling_errors_on_RP/round_2/26_bessy3_56m_PGM_2Perc_coupling_errors_on_RP.rml
2025-02-10 20:54:29,730 - INFO - Completed: 48, remaining: 12, RAYPy_Simulation_bessy3_56m_PGM_2Perc_coupling_errors_on_RP/round_2/28_bessy3_56m_PGM_2Perc_coupling_errors_on_RP.rml
2025-02-10 20:54:29,844 - INFO - Completed: 49, remaining: 11, RAYPy_Simulation_bessy3_56m_PGM_2Perc_coupling_errors_on_RP/round_2/25_bessy3_56m_PGM_2Perc_coupling_errors_on_RP.rml
2025-02-10 20:54:29,854 - INFO - Completed: 50, remaining: 10, RAYPy_Simulation_bessy3_56m_PGM_2Perc_coupling_errors_on_RP/round_2/24_bessy3_56m_PGM_2Perc_coupling_errors_on_RP.rml
2025-02-10 20:54:29,945 - INFO - Completed: 51, remaining: 9, RAYPy_Simulation_bessy3_56m_PGM_2Perc_coupling_errors_on_RP/round_2/27_bessy3_56m_PGM_2Perc_coupling_errors_on_RP.rml
2025-02-10 20:54:30,151 - INFO - Completed: 52, remaining: 8, RAYPy_Simulation_bessy3_56m_PGM_2Perc_coupling_errors_on_RP/round_2/29_bessy3_56m_PGM_2Perc_coupling_errors_on_RP.rml
2025-02-10 20:54:30,369 - INFO - Completed: 53, remaining: 7, RAYPy_Simulation_bessy3_56m_PGM_2Perc_coupling_errors_on_RP/round_2/30_bessy3_56m_PGM_2Perc_coupling_errors_on_RP.rml
2025-02-10 20:54:31,268 - INFO - Completed: 54, remaining: 6, RAYPy_Simulation_bessy3_56m_PGM_2Perc_coupling_errors_on_RP/round_2/31_bessy3_56m_PGM_2Perc_coupling_errors_on_RP.rml
2025-02-10 20:54:31,894 - INFO - Completed: 55, remaining: 5, RAYPy_Simulation_bessy3_56m_PGM_2Perc_coupling_errors_on_RP/round_2/33_bessy3_56m_PGM_2Perc_coupling_errors_on_RP.rml
2025-02-10 20:54:31,985 - INFO - Completed: 56, remaining: 4, RAYPy_Simulation_bessy3_56m_PGM_2Perc_coupling_errors_on_RP/round_2/34_bessy3_56m_PGM_2Perc_coupling_errors_on_RP.rml
2025-02-10 20:54:32,334 - INFO - Completed: 57, remaining: 3, RAYPy_Simulation_bessy3_56m_PGM_2Perc_coupling_errors_on_RP/round_2/36_bessy3_56m_PGM_2Perc_coupling_errors_on_RP.rml
2025-02-10 20:54:32,351 - INFO - Completed: 58, remaining: 2, RAYPy_Simulation_bessy3_56m_PGM_2Perc_coupling_errors_on_RP/round_2/35_bessy3_56m_PGM_2Perc_coupling_errors_on_RP.rml
2025-02-10 20:54:32,426 - INFO - Completed: 59, remaining: 1, RAYPy_Simulation_bessy3_56m_PGM_2Perc_coupling_errors_on_RP/round_2/32_bessy3_56m_PGM_2Perc_coupling_errors_on_RP.rml
2025-02-10 20:54:32,493 - INFO - Completed: 60, remaining: 0, RAYPy_Simulation_bessy3_56m_PGM_2Perc_coupling_errors_on_RP/round_2/37_bessy3_56m_PGM_2Perc_coupling_errors_on_RP.rml
2025-02-10 20:54:32,493 - INFO - Batch Completed
2025-02-10 20:54:32,493 - INFO - Waiting For batch, 60 simulations to go
2025-02-10 20:54:32,501 - INFO - Prepared sim number: 38: RAYPy_Simulation_bessy3_56m_PGM_2Perc_coupling_errors_on_RP/round_2/38_bessy3_56m_PGM_2Perc_coupling_errors_on_RP.rml
2025-02-10 20:54:32,511 - INFO - Prepared sim number: 39: RAYPy_Simulation_bessy3_56m_PGM_2Perc_coupling_errors_on_RP/round_2/39_bessy3_56m_PGM_2Perc_coupling_errors_on_RP.rml
2025-02-10 20:54:32,520 - INFO - Prepared sim number: 40: RAYPy_Simulation_bessy3_56m_PGM_2Perc_coupling_errors_on_RP/round_2/40_bessy3_56m_PGM_2Perc_coupling_errors_on_RP.rml
2025-02-10 20:54:32,521 - INFO - Start round 3
2025-02-10 20:54:32,531 - INFO - Prepared sim number: 0: RAYPy_Simulation_bessy3_56m_PGM_2Perc_coupling_errors_on_RP/round_3/0_bessy3_56m_PGM_2Perc_coupling_errors_on_RP.rml
2025-02-10 20:54:32,538 - INFO - Prepared sim number: 1: RAYPy_Simulation_bessy3_56m_PGM_2Perc_coupling_errors_on_RP/round_3/1_bessy3_56m_PGM_2Perc_coupling_errors_on_RP.rml
2025-02-10 20:54:32,545 - INFO - Prepared sim number: 2: RAYPy_Simulation_bessy3_56m_PGM_2Perc_coupling_errors_on_RP/round_3/2_bessy3_56m_PGM_2Perc_coupling_errors_on_RP.rml
2025-02-10 20:54:32,552 - INFO - Prepared sim number: 3: RAYPy_Simulation_bessy3_56m_PGM_2Perc_coupling_errors_on_RP/round_3/3_bessy3_56m_PGM_2Perc_coupling_errors_on_RP.rml
2025-02-10 20:54:32,558 - INFO - Prepared sim number: 4: RAYPy_Simulation_bessy3_56m_PGM_2Perc_coupling_errors_on_RP/round_3/4_bessy3_56m_PGM_2Perc_coupling_errors_on_RP.rml
2025-02-10 20:54:32,564 - INFO - Prepared sim number: 5: RAYPy_Simulation_bessy3_56m_PGM_2Perc_coupling_errors_on_RP/round_3/5_bessy3_56m_PGM_2Perc_coupling_errors_on_RP.rml
2025-02-10 20:54:32,570 - INFO - Prepared sim number: 6: RAYPy_Simulation_bessy3_56m_PGM_2Perc_coupling_errors_on_RP/round_3/6_bessy3_56m_PGM_2Perc_coupling_errors_on_RP.rml
2025-02-10 20:54:32,575 - INFO - Prepared sim number: 7: RAYPy_Simulation_bessy3_56m_PGM_2Perc_coupling_errors_on_RP/round_3/7_bessy3_56m_PGM_2Perc_coupling_errors_on_RP.rml
2025-02-10 20:54:32,580 - INFO - Prepared sim number: 8: RAYPy_Simulation_bessy3_56m_PGM_2Perc_coupling_errors_on_RP/round_3/8_bessy3_56m_PGM_2Perc_coupling_errors_on_RP.rml
2025-02-10 20:54:32,586 - INFO - Prepared sim number: 9: RAYPy_Simulation_bessy3_56m_PGM_2Perc_coupling_errors_on_RP/round_3/9_bessy3_56m_PGM_2Perc_coupling_errors_on_RP.rml
2025-02-10 20:54:32,591 - INFO - Prepared sim number: 10: RAYPy_Simulation_bessy3_56m_PGM_2Perc_coupling_errors_on_RP/round_3/10_bessy3_56m_PGM_2Perc_coupling_errors_on_RP.rml
2025-02-10 20:54:32,596 - INFO - Prepared sim number: 11: RAYPy_Simulation_bessy3_56m_PGM_2Perc_coupling_errors_on_RP/round_3/11_bessy3_56m_PGM_2Perc_coupling_errors_on_RP.rml
2025-02-10 20:54:32,602 - INFO - Prepared sim number: 12: RAYPy_Simulation_bessy3_56m_PGM_2Perc_coupling_errors_on_RP/round_3/12_bessy3_56m_PGM_2Perc_coupling_errors_on_RP.rml
2025-02-10 20:54:32,606 - INFO - Prepared sim number: 13: RAYPy_Simulation_bessy3_56m_PGM_2Perc_coupling_errors_on_RP/round_3/13_bessy3_56m_PGM_2Perc_coupling_errors_on_RP.rml
2025-02-10 20:54:32,612 - INFO - Prepared sim number: 14: RAYPy_Simulation_bessy3_56m_PGM_2Perc_coupling_errors_on_RP/round_3/14_bessy3_56m_PGM_2Perc_coupling_errors_on_RP.rml
2025-02-10 20:54:32,617 - INFO - Prepared sim number: 15: RAYPy_Simulation_bessy3_56m_PGM_2Perc_coupling_errors_on_RP/round_3/15_bessy3_56m_PGM_2Perc_coupling_errors_on_RP.rml
2025-02-10 20:54:32,622 - INFO - Prepared sim number: 16: RAYPy_Simulation_bessy3_56m_PGM_2Perc_coupling_errors_on_RP/round_3/16_bessy3_56m_PGM_2Perc_coupling_errors_on_RP.rml
2025-02-10 20:54:32,627 - INFO - Prepared sim number: 17: RAYPy_Simulation_bessy3_56m_PGM_2Perc_coupling_errors_on_RP/round_3/17_bessy3_56m_PGM_2Perc_coupling_errors_on_RP.rml
2025-02-10 20:54:32,632 - INFO - Prepared sim number: 18: RAYPy_Simulation_bessy3_56m_PGM_2Perc_coupling_errors_on_RP/round_3/18_bessy3_56m_PGM_2Perc_coupling_errors_on_RP.rml
2025-02-10 20:54:32,637 - INFO - Prepared sim number: 19: RAYPy_Simulation_bessy3_56m_PGM_2Perc_coupling_errors_on_RP/round_3/19_bessy3_56m_PGM_2Perc_coupling_errors_on_RP.rml
2025-02-10 20:54:32,642 - INFO - Prepared sim number: 20: RAYPy_Simulation_bessy3_56m_PGM_2Perc_coupling_errors_on_RP/round_3/20_bessy3_56m_PGM_2Perc_coupling_errors_on_RP.rml
2025-02-10 20:54:32,648 - INFO - Prepared sim number: 21: RAYPy_Simulation_bessy3_56m_PGM_2Perc_coupling_errors_on_RP/round_3/21_bessy3_56m_PGM_2Perc_coupling_errors_on_RP.rml
2025-02-10 20:54:32,653 - INFO - Prepared sim number: 22: RAYPy_Simulation_bessy3_56m_PGM_2Perc_coupling_errors_on_RP/round_3/22_bessy3_56m_PGM_2Perc_coupling_errors_on_RP.rml
2025-02-10 20:54:32,658 - INFO - Prepared sim number: 23: RAYPy_Simulation_bessy3_56m_PGM_2Perc_coupling_errors_on_RP/round_3/23_bessy3_56m_PGM_2Perc_coupling_errors_on_RP.rml
2025-02-10 20:54:32,663 - INFO - Prepared sim number: 24: RAYPy_Simulation_bessy3_56m_PGM_2Perc_coupling_errors_on_RP/round_3/24_bessy3_56m_PGM_2Perc_coupling_errors_on_RP.rml
2025-02-10 20:54:32,668 - INFO - Prepared sim number: 25: RAYPy_Simulation_bessy3_56m_PGM_2Perc_coupling_errors_on_RP/round_3/25_bessy3_56m_PGM_2Perc_coupling_errors_on_RP.rml
2025-02-10 20:54:32,673 - INFO - Prepared sim number: 26: RAYPy_Simulation_bessy3_56m_PGM_2Perc_coupling_errors_on_RP/round_3/26_bessy3_56m_PGM_2Perc_coupling_errors_on_RP.rml
2025-02-10 20:54:32,678 - INFO - Prepared sim number: 27: RAYPy_Simulation_bessy3_56m_PGM_2Perc_coupling_errors_on_RP/round_3/27_bessy3_56m_PGM_2Perc_coupling_errors_on_RP.rml
2025-02-10 20:54:32,683 - INFO - Prepared sim number: 28: RAYPy_Simulation_bessy3_56m_PGM_2Perc_coupling_errors_on_RP/round_3/28_bessy3_56m_PGM_2Perc_coupling_errors_on_RP.rml
2025-02-10 20:54:32,687 - INFO - Prepared sim number: 29: RAYPy_Simulation_bessy3_56m_PGM_2Perc_coupling_errors_on_RP/round_3/29_bessy3_56m_PGM_2Perc_coupling_errors_on_RP.rml
2025-02-10 20:54:32,692 - INFO - Prepared sim number: 30: RAYPy_Simulation_bessy3_56m_PGM_2Perc_coupling_errors_on_RP/round_3/30_bessy3_56m_PGM_2Perc_coupling_errors_on_RP.rml
2025-02-10 20:54:32,696 - INFO - Prepared sim number: 31: RAYPy_Simulation_bessy3_56m_PGM_2Perc_coupling_errors_on_RP/round_3/31_bessy3_56m_PGM_2Perc_coupling_errors_on_RP.rml
2025-02-10 20:54:32,701 - INFO - Prepared sim number: 32: RAYPy_Simulation_bessy3_56m_PGM_2Perc_coupling_errors_on_RP/round_3/32_bessy3_56m_PGM_2Perc_coupling_errors_on_RP.rml
2025-02-10 20:54:32,705 - INFO - Prepared sim number: 33: RAYPy_Simulation_bessy3_56m_PGM_2Perc_coupling_errors_on_RP/round_3/33_bessy3_56m_PGM_2Perc_coupling_errors_on_RP.rml
2025-02-10 20:54:32,709 - INFO - Prepared sim number: 34: RAYPy_Simulation_bessy3_56m_PGM_2Perc_coupling_errors_on_RP/round_3/34_bessy3_56m_PGM_2Perc_coupling_errors_on_RP.rml
2025-02-10 20:54:32,714 - INFO - Prepared sim number: 35: RAYPy_Simulation_bessy3_56m_PGM_2Perc_coupling_errors_on_RP/round_3/35_bessy3_56m_PGM_2Perc_coupling_errors_on_RP.rml
2025-02-10 20:54:32,719 - INFO - Prepared sim number: 36: RAYPy_Simulation_bessy3_56m_PGM_2Perc_coupling_errors_on_RP/round_3/36_bessy3_56m_PGM_2Perc_coupling_errors_on_RP.rml
2025-02-10 20:54:32,723 - INFO - Prepared sim number: 37: RAYPy_Simulation_bessy3_56m_PGM_2Perc_coupling_errors_on_RP/round_3/37_bessy3_56m_PGM_2Perc_coupling_errors_on_RP.rml
2025-02-10 20:54:32,728 - INFO - Prepared sim number: 38: RAYPy_Simulation_bessy3_56m_PGM_2Perc_coupling_errors_on_RP/round_3/38_bessy3_56m_PGM_2Perc_coupling_errors_on_RP.rml
2025-02-10 20:54:32,732 - INFO - Prepared sim number: 39: RAYPy_Simulation_bessy3_56m_PGM_2Perc_coupling_errors_on_RP/round_3/39_bessy3_56m_PGM_2Perc_coupling_errors_on_RP.rml
2025-02-10 20:54:32,737 - INFO - Prepared sim number: 40: RAYPy_Simulation_bessy3_56m_PGM_2Perc_coupling_errors_on_RP/round_3/40_bessy3_56m_PGM_2Perc_coupling_errors_on_RP.rml
2025-02-10 20:54:32,737 - INFO - Start round 4
2025-02-10 20:54:32,742 - INFO - Prepared sim number: 0: RAYPy_Simulation_bessy3_56m_PGM_2Perc_coupling_errors_on_RP/round_4/0_bessy3_56m_PGM_2Perc_coupling_errors_on_RP.rml
2025-02-10 20:54:32,746 - INFO - Prepared sim number: 1: RAYPy_Simulation_bessy3_56m_PGM_2Perc_coupling_errors_on_RP/round_4/1_bessy3_56m_PGM_2Perc_coupling_errors_on_RP.rml
2025-02-10 20:54:32,751 - INFO - Prepared sim number: 2: RAYPy_Simulation_bessy3_56m_PGM_2Perc_coupling_errors_on_RP/round_4/2_bessy3_56m_PGM_2Perc_coupling_errors_on_RP.rml
2025-02-10 20:54:32,756 - INFO - Prepared sim number: 3: RAYPy_Simulation_bessy3_56m_PGM_2Perc_coupling_errors_on_RP/round_4/3_bessy3_56m_PGM_2Perc_coupling_errors_on_RP.rml
2025-02-10 20:54:32,761 - INFO - Prepared sim number: 4: RAYPy_Simulation_bessy3_56m_PGM_2Perc_coupling_errors_on_RP/round_4/4_bessy3_56m_PGM_2Perc_coupling_errors_on_RP.rml
2025-02-10 20:54:32,766 - INFO - Prepared sim number: 5: RAYPy_Simulation_bessy3_56m_PGM_2Perc_coupling_errors_on_RP/round_4/5_bessy3_56m_PGM_2Perc_coupling_errors_on_RP.rml
2025-02-10 20:54:32,770 - INFO - Prepared sim number: 6: RAYPy_Simulation_bessy3_56m_PGM_2Perc_coupling_errors_on_RP/round_4/6_bessy3_56m_PGM_2Perc_coupling_errors_on_RP.rml
2025-02-10 20:54:32,775 - INFO - Prepared sim number: 7: RAYPy_Simulation_bessy3_56m_PGM_2Perc_coupling_errors_on_RP/round_4/7_bessy3_56m_PGM_2Perc_coupling_errors_on_RP.rml
2025-02-10 20:54:32,780 - INFO - Prepared sim number: 8: RAYPy_Simulation_bessy3_56m_PGM_2Perc_coupling_errors_on_RP/round_4/8_bessy3_56m_PGM_2Perc_coupling_errors_on_RP.rml
2025-02-10 20:54:32,785 - INFO - Prepared sim number: 9: RAYPy_Simulation_bessy3_56m_PGM_2Perc_coupling_errors_on_RP/round_4/9_bessy3_56m_PGM_2Perc_coupling_errors_on_RP.rml
2025-02-10 20:54:32,790 - INFO - Prepared sim number: 10: RAYPy_Simulation_bessy3_56m_PGM_2Perc_coupling_errors_on_RP/round_4/10_bessy3_56m_PGM_2Perc_coupling_errors_on_RP.rml
2025-02-10 20:54:32,794 - INFO - Prepared sim number: 11: RAYPy_Simulation_bessy3_56m_PGM_2Perc_coupling_errors_on_RP/round_4/11_bessy3_56m_PGM_2Perc_coupling_errors_on_RP.rml
2025-02-10 20:54:32,799 - INFO - Prepared sim number: 12: RAYPy_Simulation_bessy3_56m_PGM_2Perc_coupling_errors_on_RP/round_4/12_bessy3_56m_PGM_2Perc_coupling_errors_on_RP.rml
2025-02-10 20:54:32,804 - INFO - Prepared sim number: 13: RAYPy_Simulation_bessy3_56m_PGM_2Perc_coupling_errors_on_RP/round_4/13_bessy3_56m_PGM_2Perc_coupling_errors_on_RP.rml
2025-02-10 20:54:32,810 - INFO - Prepared sim number: 14: RAYPy_Simulation_bessy3_56m_PGM_2Perc_coupling_errors_on_RP/round_4/14_bessy3_56m_PGM_2Perc_coupling_errors_on_RP.rml
2025-02-10 20:54:32,816 - INFO - Prepared sim number: 15: RAYPy_Simulation_bessy3_56m_PGM_2Perc_coupling_errors_on_RP/round_4/15_bessy3_56m_PGM_2Perc_coupling_errors_on_RP.rml
2025-02-10 20:54:32,817 - INFO - Waiting for batch number: 2, timeout: 22.50744944810867s
2025-02-10 20:54:35,225 - INFO - Completed: 1, remaining: 59, RAYPy_Simulation_bessy3_56m_PGM_2Perc_coupling_errors_on_RP/round_3/4_bessy3_56m_PGM_2Perc_coupling_errors_on_RP.rml
2025-02-10 20:54:35,474 - INFO - Completed: 2, remaining: 58, RAYPy_Simulation_bessy3_56m_PGM_2Perc_coupling_errors_on_RP/round_3/0_bessy3_56m_PGM_2Perc_coupling_errors_on_RP.rml
2025-02-10 20:54:35,526 - INFO - Completed: 3, remaining: 57, RAYPy_Simulation_bessy3_56m_PGM_2Perc_coupling_errors_on_RP/round_3/3_bessy3_56m_PGM_2Perc_coupling_errors_on_RP.rml
2025-02-10 20:54:35,624 - INFO - Completed: 4, remaining: 56, RAYPy_Simulation_bessy3_56m_PGM_2Perc_coupling_errors_on_RP/round_3/1_bessy3_56m_PGM_2Perc_coupling_errors_on_RP.rml
2025-02-10 20:54:35,655 - INFO - Completed: 5, remaining: 55, RAYPy_Simulation_bessy3_56m_PGM_2Perc_coupling_errors_on_RP/round_3/2_bessy3_56m_PGM_2Perc_coupling_errors_on_RP.rml
2025-02-10 20:54:35,668 - INFO - Completed: 6, remaining: 54, RAYPy_Simulation_bessy3_56m_PGM_2Perc_coupling_errors_on_RP/round_3/5_bessy3_56m_PGM_2Perc_coupling_errors_on_RP.rml
2025-02-10 20:54:35,788 - INFO - Completed: 7, remaining: 53, RAYPy_Simulation_bessy3_56m_PGM_2Perc_coupling_errors_on_RP/round_3/6_bessy3_56m_PGM_2Perc_coupling_errors_on_RP.rml
2025-02-10 20:54:35,805 - INFO - Completed: 8, remaining: 52, RAYPy_Simulation_bessy3_56m_PGM_2Perc_coupling_errors_on_RP/round_3/7_bessy3_56m_PGM_2Perc_coupling_errors_on_RP.rml
2025-02-10 20:54:35,854 - INFO - Completed: 9, remaining: 51, RAYPy_Simulation_bessy3_56m_PGM_2Perc_coupling_errors_on_RP/round_3/8_bessy3_56m_PGM_2Perc_coupling_errors_on_RP.rml
2025-02-10 20:54:38,048 - INFO - Completed: 10, remaining: 50, RAYPy_Simulation_bessy3_56m_PGM_2Perc_coupling_errors_on_RP/round_2/40_bessy3_56m_PGM_2Perc_coupling_errors_on_RP.rml
2025-02-10 20:54:38,097 - INFO - Completed: 11, remaining: 49, RAYPy_Simulation_bessy3_56m_PGM_2Perc_coupling_errors_on_RP/round_2/38_bessy3_56m_PGM_2Perc_coupling_errors_on_RP.rml
2025-02-10 20:54:38,551 - INFO - Completed: 12, remaining: 48, RAYPy_Simulation_bessy3_56m_PGM_2Perc_coupling_errors_on_RP/round_2/39_bessy3_56m_PGM_2Perc_coupling_errors_on_RP.rml
2025-02-10 20:54:39,125 - INFO - Completed: 13, remaining: 47, RAYPy_Simulation_bessy3_56m_PGM_2Perc_coupling_errors_on_RP/round_3/9_bessy3_56m_PGM_2Perc_coupling_errors_on_RP.rml
2025-02-10 20:54:39,201 - INFO - Completed: 14, remaining: 46, RAYPy_Simulation_bessy3_56m_PGM_2Perc_coupling_errors_on_RP/round_3/10_bessy3_56m_PGM_2Perc_coupling_errors_on_RP.rml
2025-02-10 20:54:39,261 - INFO - Completed: 15, remaining: 45, RAYPy_Simulation_bessy3_56m_PGM_2Perc_coupling_errors_on_RP/round_3/11_bessy3_56m_PGM_2Perc_coupling_errors_on_RP.rml
2025-02-10 20:54:39,344 - INFO - Completed: 16, remaining: 44, RAYPy_Simulation_bessy3_56m_PGM_2Perc_coupling_errors_on_RP/round_3/12_bessy3_56m_PGM_2Perc_coupling_errors_on_RP.rml
2025-02-10 20:54:39,365 - INFO - Completed: 17, remaining: 43, RAYPy_Simulation_bessy3_56m_PGM_2Perc_coupling_errors_on_RP/round_3/13_bessy3_56m_PGM_2Perc_coupling_errors_on_RP.rml
2025-02-10 20:54:39,415 - INFO - Completed: 18, remaining: 42, RAYPy_Simulation_bessy3_56m_PGM_2Perc_coupling_errors_on_RP/round_3/14_bessy3_56m_PGM_2Perc_coupling_errors_on_RP.rml
2025-02-10 20:54:39,453 - INFO - Completed: 19, remaining: 41, RAYPy_Simulation_bessy3_56m_PGM_2Perc_coupling_errors_on_RP/round_3/15_bessy3_56m_PGM_2Perc_coupling_errors_on_RP.rml
2025-02-10 20:54:39,482 - INFO - Completed: 20, remaining: 40, RAYPy_Simulation_bessy3_56m_PGM_2Perc_coupling_errors_on_RP/round_3/17_bessy3_56m_PGM_2Perc_coupling_errors_on_RP.rml
2025-02-10 20:54:39,689 - INFO - Completed: 21, remaining: 39, RAYPy_Simulation_bessy3_56m_PGM_2Perc_coupling_errors_on_RP/round_3/16_bessy3_56m_PGM_2Perc_coupling_errors_on_RP.rml
2025-02-10 20:54:41,745 - INFO - Completed: 22, remaining: 38, RAYPy_Simulation_bessy3_56m_PGM_2Perc_coupling_errors_on_RP/round_3/18_bessy3_56m_PGM_2Perc_coupling_errors_on_RP.rml
2025-02-10 20:54:41,802 - INFO - Completed: 23, remaining: 37, RAYPy_Simulation_bessy3_56m_PGM_2Perc_coupling_errors_on_RP/round_3/19_bessy3_56m_PGM_2Perc_coupling_errors_on_RP.rml
2025-02-10 20:54:42,108 - INFO - Completed: 24, remaining: 36, RAYPy_Simulation_bessy3_56m_PGM_2Perc_coupling_errors_on_RP/round_3/20_bessy3_56m_PGM_2Perc_coupling_errors_on_RP.rml
2025-02-10 20:54:42,775 - INFO - Completed: 25, remaining: 35, RAYPy_Simulation_bessy3_56m_PGM_2Perc_coupling_errors_on_RP/round_3/23_bessy3_56m_PGM_2Perc_coupling_errors_on_RP.rml
2025-02-10 20:54:43,003 - INFO - Completed: 26, remaining: 34, RAYPy_Simulation_bessy3_56m_PGM_2Perc_coupling_errors_on_RP/round_3/25_bessy3_56m_PGM_2Perc_coupling_errors_on_RP.rml
2025-02-10 20:54:43,132 - INFO - Completed: 27, remaining: 33, RAYPy_Simulation_bessy3_56m_PGM_2Perc_coupling_errors_on_RP/round_3/24_bessy3_56m_PGM_2Perc_coupling_errors_on_RP.rml
2025-02-10 20:54:43,235 - INFO - Completed: 28, remaining: 32, RAYPy_Simulation_bessy3_56m_PGM_2Perc_coupling_errors_on_RP/round_3/22_bessy3_56m_PGM_2Perc_coupling_errors_on_RP.rml
2025-02-10 20:54:43,271 - INFO - Completed: 29, remaining: 31, RAYPy_Simulation_bessy3_56m_PGM_2Perc_coupling_errors_on_RP/round_3/26_bessy3_56m_PGM_2Perc_coupling_errors_on_RP.rml
2025-02-10 20:54:43,374 - INFO - Completed: 30, remaining: 30, RAYPy_Simulation_bessy3_56m_PGM_2Perc_coupling_errors_on_RP/round_3/29_bessy3_56m_PGM_2Perc_coupling_errors_on_RP.rml
2025-02-10 20:54:43,481 - INFO - Completed: 31, remaining: 29, RAYPy_Simulation_bessy3_56m_PGM_2Perc_coupling_errors_on_RP/round_3/28_bessy3_56m_PGM_2Perc_coupling_errors_on_RP.rml
2025-02-10 20:54:43,633 - INFO - Completed: 32, remaining: 28, RAYPy_Simulation_bessy3_56m_PGM_2Perc_coupling_errors_on_RP/round_3/21_bessy3_56m_PGM_2Perc_coupling_errors_on_RP.rml
2025-02-10 20:54:43,702 - INFO - Completed: 33, remaining: 27, RAYPy_Simulation_bessy3_56m_PGM_2Perc_coupling_errors_on_RP/round_3/27_bessy3_56m_PGM_2Perc_coupling_errors_on_RP.rml
2025-02-10 20:54:45,508 - INFO - Completed: 34, remaining: 26, RAYPy_Simulation_bessy3_56m_PGM_2Perc_coupling_errors_on_RP/round_3/31_bessy3_56m_PGM_2Perc_coupling_errors_on_RP.rml
2025-02-10 20:54:45,599 - INFO - Completed: 35, remaining: 25, RAYPy_Simulation_bessy3_56m_PGM_2Perc_coupling_errors_on_RP/round_3/32_bessy3_56m_PGM_2Perc_coupling_errors_on_RP.rml
2025-02-10 20:54:45,806 - INFO - Completed: 36, remaining: 24, RAYPy_Simulation_bessy3_56m_PGM_2Perc_coupling_errors_on_RP/round_3/30_bessy3_56m_PGM_2Perc_coupling_errors_on_RP.rml
2025-02-10 20:54:46,054 - INFO - Completed: 37, remaining: 23, RAYPy_Simulation_bessy3_56m_PGM_2Perc_coupling_errors_on_RP/round_3/33_bessy3_56m_PGM_2Perc_coupling_errors_on_RP.rml
2025-02-10 20:54:46,398 - INFO - Completed: 38, remaining: 22, RAYPy_Simulation_bessy3_56m_PGM_2Perc_coupling_errors_on_RP/round_3/34_bessy3_56m_PGM_2Perc_coupling_errors_on_RP.rml
2025-02-10 20:54:46,642 - INFO - Completed: 39, remaining: 21, RAYPy_Simulation_bessy3_56m_PGM_2Perc_coupling_errors_on_RP/round_3/37_bessy3_56m_PGM_2Perc_coupling_errors_on_RP.rml
2025-02-10 20:54:46,994 - INFO - Completed: 40, remaining: 20, RAYPy_Simulation_bessy3_56m_PGM_2Perc_coupling_errors_on_RP/round_3/36_bessy3_56m_PGM_2Perc_coupling_errors_on_RP.rml
2025-02-10 20:54:47,093 - INFO - Completed: 41, remaining: 19, RAYPy_Simulation_bessy3_56m_PGM_2Perc_coupling_errors_on_RP/round_3/38_bessy3_56m_PGM_2Perc_coupling_errors_on_RP.rml
2025-02-10 20:54:47,159 - INFO - Completed: 42, remaining: 18, RAYPy_Simulation_bessy3_56m_PGM_2Perc_coupling_errors_on_RP/round_4/0_bessy3_56m_PGM_2Perc_coupling_errors_on_RP.rml
2025-02-10 20:54:47,258 - INFO - Completed: 43, remaining: 17, RAYPy_Simulation_bessy3_56m_PGM_2Perc_coupling_errors_on_RP/round_3/35_bessy3_56m_PGM_2Perc_coupling_errors_on_RP.rml
2025-02-10 20:54:47,391 - INFO - Completed: 44, remaining: 16, RAYPy_Simulation_bessy3_56m_PGM_2Perc_coupling_errors_on_RP/round_3/40_bessy3_56m_PGM_2Perc_coupling_errors_on_RP.rml
2025-02-10 20:54:47,392 - INFO - Completed: 45, remaining: 15, RAYPy_Simulation_bessy3_56m_PGM_2Perc_coupling_errors_on_RP/round_3/39_bessy3_56m_PGM_2Perc_coupling_errors_on_RP.rml
2025-02-10 20:54:48,888 - INFO - Completed: 46, remaining: 14, RAYPy_Simulation_bessy3_56m_PGM_2Perc_coupling_errors_on_RP/round_4/1_bessy3_56m_PGM_2Perc_coupling_errors_on_RP.rml
2025-02-10 20:54:49,303 - INFO - Completed: 47, remaining: 13, RAYPy_Simulation_bessy3_56m_PGM_2Perc_coupling_errors_on_RP/round_4/3_bessy3_56m_PGM_2Perc_coupling_errors_on_RP.rml
2025-02-10 20:54:49,328 - INFO - Completed: 48, remaining: 12, RAYPy_Simulation_bessy3_56m_PGM_2Perc_coupling_errors_on_RP/round_4/2_bessy3_56m_PGM_2Perc_coupling_errors_on_RP.rml
2025-02-10 20:54:49,500 - INFO - Completed: 49, remaining: 11, RAYPy_Simulation_bessy3_56m_PGM_2Perc_coupling_errors_on_RP/round_4/4_bessy3_56m_PGM_2Perc_coupling_errors_on_RP.rml
2025-02-10 20:54:49,540 - INFO - Completed: 50, remaining: 10, RAYPy_Simulation_bessy3_56m_PGM_2Perc_coupling_errors_on_RP/round_4/5_bessy3_56m_PGM_2Perc_coupling_errors_on_RP.rml
2025-02-10 20:54:49,743 - INFO - Completed: 51, remaining: 9, RAYPy_Simulation_bessy3_56m_PGM_2Perc_coupling_errors_on_RP/round_4/6_bessy3_56m_PGM_2Perc_coupling_errors_on_RP.rml
2025-02-10 20:54:50,171 - INFO - Completed: 52, remaining: 8, RAYPy_Simulation_bessy3_56m_PGM_2Perc_coupling_errors_on_RP/round_4/8_bessy3_56m_PGM_2Perc_coupling_errors_on_RP.rml
2025-02-10 20:54:50,321 - INFO - Completed: 53, remaining: 7, RAYPy_Simulation_bessy3_56m_PGM_2Perc_coupling_errors_on_RP/round_4/9_bessy3_56m_PGM_2Perc_coupling_errors_on_RP.rml
2025-02-10 20:54:50,405 - INFO - Completed: 54, remaining: 6, RAYPy_Simulation_bessy3_56m_PGM_2Perc_coupling_errors_on_RP/round_4/7_bessy3_56m_PGM_2Perc_coupling_errors_on_RP.rml
2025-02-10 20:54:50,454 - INFO - Completed: 55, remaining: 5, RAYPy_Simulation_bessy3_56m_PGM_2Perc_coupling_errors_on_RP/round_4/11_bessy3_56m_PGM_2Perc_coupling_errors_on_RP.rml
2025-02-10 20:54:50,505 - INFO - Completed: 56, remaining: 4, RAYPy_Simulation_bessy3_56m_PGM_2Perc_coupling_errors_on_RP/round_4/10_bessy3_56m_PGM_2Perc_coupling_errors_on_RP.rml
2025-02-10 20:54:50,527 - INFO - Completed: 57, remaining: 3, RAYPy_Simulation_bessy3_56m_PGM_2Perc_coupling_errors_on_RP/round_4/12_bessy3_56m_PGM_2Perc_coupling_errors_on_RP.rml
2025-02-10 20:54:51,318 - INFO - Completed: 58, remaining: 2, RAYPy_Simulation_bessy3_56m_PGM_2Perc_coupling_errors_on_RP/round_4/13_bessy3_56m_PGM_2Perc_coupling_errors_on_RP.rml
2025-02-10 20:54:51,468 - INFO - Completed: 59, remaining: 1, RAYPy_Simulation_bessy3_56m_PGM_2Perc_coupling_errors_on_RP/round_4/14_bessy3_56m_PGM_2Perc_coupling_errors_on_RP.rml
2025-02-10 20:54:51,565 - INFO - Completed: 60, remaining: 0, RAYPy_Simulation_bessy3_56m_PGM_2Perc_coupling_errors_on_RP/round_4/15_bessy3_56m_PGM_2Perc_coupling_errors_on_RP.rml
2025-02-10 20:54:51,565 - INFO - Batch Completed
2025-02-10 20:54:51,565 - INFO - Waiting For batch, 60 simulations to go
2025-02-10 20:54:51,570 - INFO - Prepared sim number: 16: RAYPy_Simulation_bessy3_56m_PGM_2Perc_coupling_errors_on_RP/round_4/16_bessy3_56m_PGM_2Perc_coupling_errors_on_RP.rml
2025-02-10 20:54:51,574 - INFO - Prepared sim number: 17: RAYPy_Simulation_bessy3_56m_PGM_2Perc_coupling_errors_on_RP/round_4/17_bessy3_56m_PGM_2Perc_coupling_errors_on_RP.rml
2025-02-10 20:54:51,582 - INFO - Prepared sim number: 18: RAYPy_Simulation_bessy3_56m_PGM_2Perc_coupling_errors_on_RP/round_4/18_bessy3_56m_PGM_2Perc_coupling_errors_on_RP.rml
2025-02-10 20:54:51,588 - INFO - Prepared sim number: 19: RAYPy_Simulation_bessy3_56m_PGM_2Perc_coupling_errors_on_RP/round_4/19_bessy3_56m_PGM_2Perc_coupling_errors_on_RP.rml
2025-02-10 20:54:51,593 - INFO - Prepared sim number: 20: RAYPy_Simulation_bessy3_56m_PGM_2Perc_coupling_errors_on_RP/round_4/20_bessy3_56m_PGM_2Perc_coupling_errors_on_RP.rml
2025-02-10 20:54:51,596 - INFO - Prepared sim number: 21: RAYPy_Simulation_bessy3_56m_PGM_2Perc_coupling_errors_on_RP/round_4/21_bessy3_56m_PGM_2Perc_coupling_errors_on_RP.rml
2025-02-10 20:54:51,600 - INFO - Prepared sim number: 22: RAYPy_Simulation_bessy3_56m_PGM_2Perc_coupling_errors_on_RP/round_4/22_bessy3_56m_PGM_2Perc_coupling_errors_on_RP.rml
2025-02-10 20:54:51,605 - INFO - Prepared sim number: 23: RAYPy_Simulation_bessy3_56m_PGM_2Perc_coupling_errors_on_RP/round_4/23_bessy3_56m_PGM_2Perc_coupling_errors_on_RP.rml
2025-02-10 20:54:51,609 - INFO - Prepared sim number: 24: RAYPy_Simulation_bessy3_56m_PGM_2Perc_coupling_errors_on_RP/round_4/24_bessy3_56m_PGM_2Perc_coupling_errors_on_RP.rml
2025-02-10 20:54:51,613 - INFO - Prepared sim number: 25: RAYPy_Simulation_bessy3_56m_PGM_2Perc_coupling_errors_on_RP/round_4/25_bessy3_56m_PGM_2Perc_coupling_errors_on_RP.rml
2025-02-10 20:54:51,618 - INFO - Prepared sim number: 26: RAYPy_Simulation_bessy3_56m_PGM_2Perc_coupling_errors_on_RP/round_4/26_bessy3_56m_PGM_2Perc_coupling_errors_on_RP.rml
2025-02-10 20:54:51,621 - INFO - Prepared sim number: 27: RAYPy_Simulation_bessy3_56m_PGM_2Perc_coupling_errors_on_RP/round_4/27_bessy3_56m_PGM_2Perc_coupling_errors_on_RP.rml
2025-02-10 20:54:51,625 - INFO - Prepared sim number: 28: RAYPy_Simulation_bessy3_56m_PGM_2Perc_coupling_errors_on_RP/round_4/28_bessy3_56m_PGM_2Perc_coupling_errors_on_RP.rml
2025-02-10 20:54:51,630 - INFO - Prepared sim number: 29: RAYPy_Simulation_bessy3_56m_PGM_2Perc_coupling_errors_on_RP/round_4/29_bessy3_56m_PGM_2Perc_coupling_errors_on_RP.rml
2025-02-10 20:54:51,634 - INFO - Prepared sim number: 30: RAYPy_Simulation_bessy3_56m_PGM_2Perc_coupling_errors_on_RP/round_4/30_bessy3_56m_PGM_2Perc_coupling_errors_on_RP.rml
2025-02-10 20:54:51,638 - INFO - Prepared sim number: 31: RAYPy_Simulation_bessy3_56m_PGM_2Perc_coupling_errors_on_RP/round_4/31_bessy3_56m_PGM_2Perc_coupling_errors_on_RP.rml
2025-02-10 20:54:51,642 - INFO - Prepared sim number: 32: RAYPy_Simulation_bessy3_56m_PGM_2Perc_coupling_errors_on_RP/round_4/32_bessy3_56m_PGM_2Perc_coupling_errors_on_RP.rml
2025-02-10 20:54:51,645 - INFO - Prepared sim number: 33: RAYPy_Simulation_bessy3_56m_PGM_2Perc_coupling_errors_on_RP/round_4/33_bessy3_56m_PGM_2Perc_coupling_errors_on_RP.rml
2025-02-10 20:54:51,649 - INFO - Prepared sim number: 34: RAYPy_Simulation_bessy3_56m_PGM_2Perc_coupling_errors_on_RP/round_4/34_bessy3_56m_PGM_2Perc_coupling_errors_on_RP.rml
2025-02-10 20:54:51,652 - INFO - Prepared sim number: 35: RAYPy_Simulation_bessy3_56m_PGM_2Perc_coupling_errors_on_RP/round_4/35_bessy3_56m_PGM_2Perc_coupling_errors_on_RP.rml
2025-02-10 20:54:51,655 - INFO - Prepared sim number: 36: RAYPy_Simulation_bessy3_56m_PGM_2Perc_coupling_errors_on_RP/round_4/36_bessy3_56m_PGM_2Perc_coupling_errors_on_RP.rml
2025-02-10 20:54:51,660 - INFO - Prepared sim number: 37: RAYPy_Simulation_bessy3_56m_PGM_2Perc_coupling_errors_on_RP/round_4/37_bessy3_56m_PGM_2Perc_coupling_errors_on_RP.rml
2025-02-10 20:54:51,663 - INFO - Prepared sim number: 38: RAYPy_Simulation_bessy3_56m_PGM_2Perc_coupling_errors_on_RP/round_4/38_bessy3_56m_PGM_2Perc_coupling_errors_on_RP.rml
2025-02-10 20:54:51,667 - INFO - Prepared sim number: 39: RAYPy_Simulation_bessy3_56m_PGM_2Perc_coupling_errors_on_RP/round_4/39_bessy3_56m_PGM_2Perc_coupling_errors_on_RP.rml
2025-02-10 20:54:51,670 - INFO - Prepared sim number: 40: RAYPy_Simulation_bessy3_56m_PGM_2Perc_coupling_errors_on_RP/round_4/40_bessy3_56m_PGM_2Perc_coupling_errors_on_RP.rml
2025-02-10 20:54:51,671 - INFO - Start round 5
2025-02-10 20:54:51,674 - INFO - Prepared sim number: 0: RAYPy_Simulation_bessy3_56m_PGM_2Perc_coupling_errors_on_RP/round_5/0_bessy3_56m_PGM_2Perc_coupling_errors_on_RP.rml
2025-02-10 20:54:51,677 - INFO - Prepared sim number: 1: RAYPy_Simulation_bessy3_56m_PGM_2Perc_coupling_errors_on_RP/round_5/1_bessy3_56m_PGM_2Perc_coupling_errors_on_RP.rml
2025-02-10 20:54:51,681 - INFO - Prepared sim number: 2: RAYPy_Simulation_bessy3_56m_PGM_2Perc_coupling_errors_on_RP/round_5/2_bessy3_56m_PGM_2Perc_coupling_errors_on_RP.rml
2025-02-10 20:54:51,684 - INFO - Prepared sim number: 3: RAYPy_Simulation_bessy3_56m_PGM_2Perc_coupling_errors_on_RP/round_5/3_bessy3_56m_PGM_2Perc_coupling_errors_on_RP.rml
2025-02-10 20:54:51,688 - INFO - Prepared sim number: 4: RAYPy_Simulation_bessy3_56m_PGM_2Perc_coupling_errors_on_RP/round_5/4_bessy3_56m_PGM_2Perc_coupling_errors_on_RP.rml
2025-02-10 20:54:51,692 - INFO - Prepared sim number: 5: RAYPy_Simulation_bessy3_56m_PGM_2Perc_coupling_errors_on_RP/round_5/5_bessy3_56m_PGM_2Perc_coupling_errors_on_RP.rml
2025-02-10 20:54:51,695 - INFO - Prepared sim number: 6: RAYPy_Simulation_bessy3_56m_PGM_2Perc_coupling_errors_on_RP/round_5/6_bessy3_56m_PGM_2Perc_coupling_errors_on_RP.rml
2025-02-10 20:54:51,698 - INFO - Prepared sim number: 7: RAYPy_Simulation_bessy3_56m_PGM_2Perc_coupling_errors_on_RP/round_5/7_bessy3_56m_PGM_2Perc_coupling_errors_on_RP.rml
2025-02-10 20:54:51,702 - INFO - Prepared sim number: 8: RAYPy_Simulation_bessy3_56m_PGM_2Perc_coupling_errors_on_RP/round_5/8_bessy3_56m_PGM_2Perc_coupling_errors_on_RP.rml
2025-02-10 20:54:51,705 - INFO - Prepared sim number: 9: RAYPy_Simulation_bessy3_56m_PGM_2Perc_coupling_errors_on_RP/round_5/9_bessy3_56m_PGM_2Perc_coupling_errors_on_RP.rml
2025-02-10 20:54:51,708 - INFO - Prepared sim number: 10: RAYPy_Simulation_bessy3_56m_PGM_2Perc_coupling_errors_on_RP/round_5/10_bessy3_56m_PGM_2Perc_coupling_errors_on_RP.rml
2025-02-10 20:54:51,712 - INFO - Prepared sim number: 11: RAYPy_Simulation_bessy3_56m_PGM_2Perc_coupling_errors_on_RP/round_5/11_bessy3_56m_PGM_2Perc_coupling_errors_on_RP.rml
2025-02-10 20:54:51,715 - INFO - Prepared sim number: 12: RAYPy_Simulation_bessy3_56m_PGM_2Perc_coupling_errors_on_RP/round_5/12_bessy3_56m_PGM_2Perc_coupling_errors_on_RP.rml
2025-02-10 20:54:51,718 - INFO - Prepared sim number: 13: RAYPy_Simulation_bessy3_56m_PGM_2Perc_coupling_errors_on_RP/round_5/13_bessy3_56m_PGM_2Perc_coupling_errors_on_RP.rml
2025-02-10 20:54:51,722 - INFO - Prepared sim number: 14: RAYPy_Simulation_bessy3_56m_PGM_2Perc_coupling_errors_on_RP/round_5/14_bessy3_56m_PGM_2Perc_coupling_errors_on_RP.rml
2025-02-10 20:54:51,725 - INFO - Prepared sim number: 15: RAYPy_Simulation_bessy3_56m_PGM_2Perc_coupling_errors_on_RP/round_5/15_bessy3_56m_PGM_2Perc_coupling_errors_on_RP.rml
2025-02-10 20:54:51,729 - INFO - Prepared sim number: 16: RAYPy_Simulation_bessy3_56m_PGM_2Perc_coupling_errors_on_RP/round_5/16_bessy3_56m_PGM_2Perc_coupling_errors_on_RP.rml
2025-02-10 20:54:51,732 - INFO - Prepared sim number: 17: RAYPy_Simulation_bessy3_56m_PGM_2Perc_coupling_errors_on_RP/round_5/17_bessy3_56m_PGM_2Perc_coupling_errors_on_RP.rml
2025-02-10 20:54:51,736 - INFO - Prepared sim number: 18: RAYPy_Simulation_bessy3_56m_PGM_2Perc_coupling_errors_on_RP/round_5/18_bessy3_56m_PGM_2Perc_coupling_errors_on_RP.rml
2025-02-10 20:54:51,739 - INFO - Prepared sim number: 19: RAYPy_Simulation_bessy3_56m_PGM_2Perc_coupling_errors_on_RP/round_5/19_bessy3_56m_PGM_2Perc_coupling_errors_on_RP.rml
2025-02-10 20:54:51,743 - INFO - Prepared sim number: 20: RAYPy_Simulation_bessy3_56m_PGM_2Perc_coupling_errors_on_RP/round_5/20_bessy3_56m_PGM_2Perc_coupling_errors_on_RP.rml
2025-02-10 20:54:51,747 - INFO - Prepared sim number: 21: RAYPy_Simulation_bessy3_56m_PGM_2Perc_coupling_errors_on_RP/round_5/21_bessy3_56m_PGM_2Perc_coupling_errors_on_RP.rml
2025-02-10 20:54:51,751 - INFO - Prepared sim number: 22: RAYPy_Simulation_bessy3_56m_PGM_2Perc_coupling_errors_on_RP/round_5/22_bessy3_56m_PGM_2Perc_coupling_errors_on_RP.rml
2025-02-10 20:54:51,754 - INFO - Prepared sim number: 23: RAYPy_Simulation_bessy3_56m_PGM_2Perc_coupling_errors_on_RP/round_5/23_bessy3_56m_PGM_2Perc_coupling_errors_on_RP.rml
2025-02-10 20:54:51,758 - INFO - Prepared sim number: 24: RAYPy_Simulation_bessy3_56m_PGM_2Perc_coupling_errors_on_RP/round_5/24_bessy3_56m_PGM_2Perc_coupling_errors_on_RP.rml
2025-02-10 20:54:51,761 - INFO - Prepared sim number: 25: RAYPy_Simulation_bessy3_56m_PGM_2Perc_coupling_errors_on_RP/round_5/25_bessy3_56m_PGM_2Perc_coupling_errors_on_RP.rml
2025-02-10 20:54:51,764 - INFO - Prepared sim number: 26: RAYPy_Simulation_bessy3_56m_PGM_2Perc_coupling_errors_on_RP/round_5/26_bessy3_56m_PGM_2Perc_coupling_errors_on_RP.rml
2025-02-10 20:54:51,767 - INFO - Prepared sim number: 27: RAYPy_Simulation_bessy3_56m_PGM_2Perc_coupling_errors_on_RP/round_5/27_bessy3_56m_PGM_2Perc_coupling_errors_on_RP.rml
2025-02-10 20:54:51,771 - INFO - Prepared sim number: 28: RAYPy_Simulation_bessy3_56m_PGM_2Perc_coupling_errors_on_RP/round_5/28_bessy3_56m_PGM_2Perc_coupling_errors_on_RP.rml
2025-02-10 20:54:51,774 - INFO - Prepared sim number: 29: RAYPy_Simulation_bessy3_56m_PGM_2Perc_coupling_errors_on_RP/round_5/29_bessy3_56m_PGM_2Perc_coupling_errors_on_RP.rml
2025-02-10 20:54:51,777 - INFO - Prepared sim number: 30: RAYPy_Simulation_bessy3_56m_PGM_2Perc_coupling_errors_on_RP/round_5/30_bessy3_56m_PGM_2Perc_coupling_errors_on_RP.rml
2025-02-10 20:54:51,781 - INFO - Prepared sim number: 31: RAYPy_Simulation_bessy3_56m_PGM_2Perc_coupling_errors_on_RP/round_5/31_bessy3_56m_PGM_2Perc_coupling_errors_on_RP.rml
2025-02-10 20:54:51,784 - INFO - Prepared sim number: 32: RAYPy_Simulation_bessy3_56m_PGM_2Perc_coupling_errors_on_RP/round_5/32_bessy3_56m_PGM_2Perc_coupling_errors_on_RP.rml
2025-02-10 20:54:51,788 - INFO - Prepared sim number: 33: RAYPy_Simulation_bessy3_56m_PGM_2Perc_coupling_errors_on_RP/round_5/33_bessy3_56m_PGM_2Perc_coupling_errors_on_RP.rml
2025-02-10 20:54:51,791 - INFO - Prepared sim number: 34: RAYPy_Simulation_bessy3_56m_PGM_2Perc_coupling_errors_on_RP/round_5/34_bessy3_56m_PGM_2Perc_coupling_errors_on_RP.rml
2025-02-10 20:54:51,792 - INFO - Waiting for batch number: 3, timeout: 22.060462689399717s
2025-02-10 20:54:54,647 - INFO - Completed: 1, remaining: 59, RAYPy_Simulation_bessy3_56m_PGM_2Perc_coupling_errors_on_RP/round_4/17_bessy3_56m_PGM_2Perc_coupling_errors_on_RP.rml
2025-02-10 20:54:54,750 - INFO - Completed: 2, remaining: 58, RAYPy_Simulation_bessy3_56m_PGM_2Perc_coupling_errors_on_RP/round_4/20_bessy3_56m_PGM_2Perc_coupling_errors_on_RP.rml
2025-02-10 20:54:54,800 - INFO - Completed: 3, remaining: 57, RAYPy_Simulation_bessy3_56m_PGM_2Perc_coupling_errors_on_RP/round_4/18_bessy3_56m_PGM_2Perc_coupling_errors_on_RP.rml
2025-02-10 20:54:54,922 - INFO - Completed: 4, remaining: 56, RAYPy_Simulation_bessy3_56m_PGM_2Perc_coupling_errors_on_RP/round_4/19_bessy3_56m_PGM_2Perc_coupling_errors_on_RP.rml
2025-02-10 20:54:54,940 - INFO - Completed: 5, remaining: 55, RAYPy_Simulation_bessy3_56m_PGM_2Perc_coupling_errors_on_RP/round_4/23_bessy3_56m_PGM_2Perc_coupling_errors_on_RP.rml
2025-02-10 20:54:54,967 - INFO - Completed: 6, remaining: 54, RAYPy_Simulation_bessy3_56m_PGM_2Perc_coupling_errors_on_RP/round_4/26_bessy3_56m_PGM_2Perc_coupling_errors_on_RP.rml
2025-02-10 20:54:55,073 - INFO - Completed: 7, remaining: 53, RAYPy_Simulation_bessy3_56m_PGM_2Perc_coupling_errors_on_RP/round_4/16_bessy3_56m_PGM_2Perc_coupling_errors_on_RP.rml
2025-02-10 20:54:55,080 - INFO - Completed: 8, remaining: 52, RAYPy_Simulation_bessy3_56m_PGM_2Perc_coupling_errors_on_RP/round_4/24_bessy3_56m_PGM_2Perc_coupling_errors_on_RP.rml
2025-02-10 20:54:55,111 - INFO - Completed: 9, remaining: 51, RAYPy_Simulation_bessy3_56m_PGM_2Perc_coupling_errors_on_RP/round_4/27_bessy3_56m_PGM_2Perc_coupling_errors_on_RP.rml
2025-02-10 20:54:57,374 - INFO - Completed: 10, remaining: 50, RAYPy_Simulation_bessy3_56m_PGM_2Perc_coupling_errors_on_RP/round_4/21_bessy3_56m_PGM_2Perc_coupling_errors_on_RP.rml
2025-02-10 20:54:57,442 - INFO - Completed: 11, remaining: 49, RAYPy_Simulation_bessy3_56m_PGM_2Perc_coupling_errors_on_RP/round_4/25_bessy3_56m_PGM_2Perc_coupling_errors_on_RP.rml
2025-02-10 20:54:58,040 - INFO - Completed: 12, remaining: 48, RAYPy_Simulation_bessy3_56m_PGM_2Perc_coupling_errors_on_RP/round_4/28_bessy3_56m_PGM_2Perc_coupling_errors_on_RP.rml
2025-02-10 20:54:58,144 - INFO - Completed: 13, remaining: 47, RAYPy_Simulation_bessy3_56m_PGM_2Perc_coupling_errors_on_RP/round_4/22_bessy3_56m_PGM_2Perc_coupling_errors_on_RP.rml
2025-02-10 20:54:58,363 - INFO - Completed: 14, remaining: 46, RAYPy_Simulation_bessy3_56m_PGM_2Perc_coupling_errors_on_RP/round_4/29_bessy3_56m_PGM_2Perc_coupling_errors_on_RP.rml
2025-02-10 20:54:58,586 - INFO - Completed: 15, remaining: 45, RAYPy_Simulation_bessy3_56m_PGM_2Perc_coupling_errors_on_RP/round_4/30_bessy3_56m_PGM_2Perc_coupling_errors_on_RP.rml
2025-02-10 20:54:58,674 - INFO - Completed: 16, remaining: 44, RAYPy_Simulation_bessy3_56m_PGM_2Perc_coupling_errors_on_RP/round_4/31_bessy3_56m_PGM_2Perc_coupling_errors_on_RP.rml
2025-02-10 20:54:58,802 - INFO - Completed: 17, remaining: 43, RAYPy_Simulation_bessy3_56m_PGM_2Perc_coupling_errors_on_RP/round_4/35_bessy3_56m_PGM_2Perc_coupling_errors_on_RP.rml
2025-02-10 20:54:58,821 - INFO - Completed: 18, remaining: 42, RAYPy_Simulation_bessy3_56m_PGM_2Perc_coupling_errors_on_RP/round_4/33_bessy3_56m_PGM_2Perc_coupling_errors_on_RP.rml
2025-02-10 20:54:58,830 - INFO - Completed: 19, remaining: 41, RAYPy_Simulation_bessy3_56m_PGM_2Perc_coupling_errors_on_RP/round_4/34_bessy3_56m_PGM_2Perc_coupling_errors_on_RP.rml
2025-02-10 20:54:58,862 - INFO - Completed: 20, remaining: 40, RAYPy_Simulation_bessy3_56m_PGM_2Perc_coupling_errors_on_RP/round_4/36_bessy3_56m_PGM_2Perc_coupling_errors_on_RP.rml
2025-02-10 20:54:58,929 - INFO - Completed: 21, remaining: 39, RAYPy_Simulation_bessy3_56m_PGM_2Perc_coupling_errors_on_RP/round_4/32_bessy3_56m_PGM_2Perc_coupling_errors_on_RP.rml
2025-02-10 20:55:00,878 - INFO - Completed: 22, remaining: 38, RAYPy_Simulation_bessy3_56m_PGM_2Perc_coupling_errors_on_RP/round_4/37_bessy3_56m_PGM_2Perc_coupling_errors_on_RP.rml
2025-02-10 20:55:00,898 - INFO - Completed: 23, remaining: 37, RAYPy_Simulation_bessy3_56m_PGM_2Perc_coupling_errors_on_RP/round_4/38_bessy3_56m_PGM_2Perc_coupling_errors_on_RP.rml
2025-02-10 20:55:01,350 - INFO - Completed: 24, remaining: 36, RAYPy_Simulation_bessy3_56m_PGM_2Perc_coupling_errors_on_RP/round_4/39_bessy3_56m_PGM_2Perc_coupling_errors_on_RP.rml
2025-02-10 20:55:01,497 - INFO - Completed: 25, remaining: 35, RAYPy_Simulation_bessy3_56m_PGM_2Perc_coupling_errors_on_RP/round_4/40_bessy3_56m_PGM_2Perc_coupling_errors_on_RP.rml
2025-02-10 20:55:01,794 - INFO - Completed: 26, remaining: 34, RAYPy_Simulation_bessy3_56m_PGM_2Perc_coupling_errors_on_RP/round_5/0_bessy3_56m_PGM_2Perc_coupling_errors_on_RP.rml
2025-02-10 20:55:01,903 - INFO - Completed: 27, remaining: 33, RAYPy_Simulation_bessy3_56m_PGM_2Perc_coupling_errors_on_RP/round_5/2_bessy3_56m_PGM_2Perc_coupling_errors_on_RP.rml
2025-02-10 20:55:01,956 - INFO - Completed: 28, remaining: 32, RAYPy_Simulation_bessy3_56m_PGM_2Perc_coupling_errors_on_RP/round_5/1_bessy3_56m_PGM_2Perc_coupling_errors_on_RP.rml
2025-02-10 20:55:02,093 - INFO - Completed: 29, remaining: 31, RAYPy_Simulation_bessy3_56m_PGM_2Perc_coupling_errors_on_RP/round_5/5_bessy3_56m_PGM_2Perc_coupling_errors_on_RP.rml
2025-02-10 20:55:02,218 - INFO - Completed: 30, remaining: 30, RAYPy_Simulation_bessy3_56m_PGM_2Perc_coupling_errors_on_RP/round_5/4_bessy3_56m_PGM_2Perc_coupling_errors_on_RP.rml
2025-02-10 20:55:02,275 - INFO - Completed: 31, remaining: 29, RAYPy_Simulation_bessy3_56m_PGM_2Perc_coupling_errors_on_RP/round_5/6_bessy3_56m_PGM_2Perc_coupling_errors_on_RP.rml
2025-02-10 20:55:02,353 - INFO - Completed: 32, remaining: 28, RAYPy_Simulation_bessy3_56m_PGM_2Perc_coupling_errors_on_RP/round_5/7_bessy3_56m_PGM_2Perc_coupling_errors_on_RP.rml
2025-02-10 20:55:02,436 - INFO - Completed: 33, remaining: 27, RAYPy_Simulation_bessy3_56m_PGM_2Perc_coupling_errors_on_RP/round_5/3_bessy3_56m_PGM_2Perc_coupling_errors_on_RP.rml
2025-02-10 20:55:04,274 - INFO - Completed: 34, remaining: 26, RAYPy_Simulation_bessy3_56m_PGM_2Perc_coupling_errors_on_RP/round_5/9_bessy3_56m_PGM_2Perc_coupling_errors_on_RP.rml
2025-02-10 20:55:04,314 - INFO - Completed: 35, remaining: 25, RAYPy_Simulation_bessy3_56m_PGM_2Perc_coupling_errors_on_RP/round_5/8_bessy3_56m_PGM_2Perc_coupling_errors_on_RP.rml
2025-02-10 20:55:04,569 - INFO - Completed: 36, remaining: 24, RAYPy_Simulation_bessy3_56m_PGM_2Perc_coupling_errors_on_RP/round_5/11_bessy3_56m_PGM_2Perc_coupling_errors_on_RP.rml
2025-02-10 20:55:04,623 - INFO - Completed: 37, remaining: 23, RAYPy_Simulation_bessy3_56m_PGM_2Perc_coupling_errors_on_RP/round_5/10_bessy3_56m_PGM_2Perc_coupling_errors_on_RP.rml
2025-02-10 20:55:04,962 - INFO - Completed: 38, remaining: 22, RAYPy_Simulation_bessy3_56m_PGM_2Perc_coupling_errors_on_RP/round_5/12_bessy3_56m_PGM_2Perc_coupling_errors_on_RP.rml
2025-02-10 20:55:05,181 - INFO - Completed: 39, remaining: 21, RAYPy_Simulation_bessy3_56m_PGM_2Perc_coupling_errors_on_RP/round_5/13_bessy3_56m_PGM_2Perc_coupling_errors_on_RP.rml
2025-02-10 20:55:05,606 - INFO - Completed: 40, remaining: 20, RAYPy_Simulation_bessy3_56m_PGM_2Perc_coupling_errors_on_RP/round_5/16_bessy3_56m_PGM_2Perc_coupling_errors_on_RP.rml
2025-02-10 20:55:05,668 - INFO - Completed: 41, remaining: 19, RAYPy_Simulation_bessy3_56m_PGM_2Perc_coupling_errors_on_RP/round_5/15_bessy3_56m_PGM_2Perc_coupling_errors_on_RP.rml
2025-02-10 20:55:05,694 - INFO - Completed: 42, remaining: 18, RAYPy_Simulation_bessy3_56m_PGM_2Perc_coupling_errors_on_RP/round_5/18_bessy3_56m_PGM_2Perc_coupling_errors_on_RP.rml
2025-02-10 20:55:05,713 - INFO - Completed: 43, remaining: 17, RAYPy_Simulation_bessy3_56m_PGM_2Perc_coupling_errors_on_RP/round_5/19_bessy3_56m_PGM_2Perc_coupling_errors_on_RP.rml
2025-02-10 20:55:05,814 - INFO - Completed: 44, remaining: 16, RAYPy_Simulation_bessy3_56m_PGM_2Perc_coupling_errors_on_RP/round_5/14_bessy3_56m_PGM_2Perc_coupling_errors_on_RP.rml
2025-02-10 20:55:05,928 - INFO - Completed: 45, remaining: 15, RAYPy_Simulation_bessy3_56m_PGM_2Perc_coupling_errors_on_RP/round_5/17_bessy3_56m_PGM_2Perc_coupling_errors_on_RP.rml
2025-02-10 20:55:07,677 - INFO - Completed: 46, remaining: 14, RAYPy_Simulation_bessy3_56m_PGM_2Perc_coupling_errors_on_RP/round_5/21_bessy3_56m_PGM_2Perc_coupling_errors_on_RP.rml
2025-02-10 20:55:08,052 - INFO - Completed: 47, remaining: 13, RAYPy_Simulation_bessy3_56m_PGM_2Perc_coupling_errors_on_RP/round_5/20_bessy3_56m_PGM_2Perc_coupling_errors_on_RP.rml
2025-02-10 20:55:08,231 - INFO - Completed: 48, remaining: 12, RAYPy_Simulation_bessy3_56m_PGM_2Perc_coupling_errors_on_RP/round_5/23_bessy3_56m_PGM_2Perc_coupling_errors_on_RP.rml
2025-02-10 20:55:08,315 - INFO - Completed: 49, remaining: 11, RAYPy_Simulation_bessy3_56m_PGM_2Perc_coupling_errors_on_RP/round_5/22_bessy3_56m_PGM_2Perc_coupling_errors_on_RP.rml
2025-02-10 20:55:08,424 - INFO - Completed: 50, remaining: 10, RAYPy_Simulation_bessy3_56m_PGM_2Perc_coupling_errors_on_RP/round_5/24_bessy3_56m_PGM_2Perc_coupling_errors_on_RP.rml
2025-02-10 20:55:08,897 - INFO - Completed: 51, remaining: 9, RAYPy_Simulation_bessy3_56m_PGM_2Perc_coupling_errors_on_RP/round_5/26_bessy3_56m_PGM_2Perc_coupling_errors_on_RP.rml
2025-02-10 20:55:09,185 - INFO - Completed: 52, remaining: 8, RAYPy_Simulation_bessy3_56m_PGM_2Perc_coupling_errors_on_RP/round_5/25_bessy3_56m_PGM_2Perc_coupling_errors_on_RP.rml
2025-02-10 20:55:09,234 - INFO - Completed: 53, remaining: 7, RAYPy_Simulation_bessy3_56m_PGM_2Perc_coupling_errors_on_RP/round_5/27_bessy3_56m_PGM_2Perc_coupling_errors_on_RP.rml
2025-02-10 20:55:09,243 - INFO - Completed: 54, remaining: 6, RAYPy_Simulation_bessy3_56m_PGM_2Perc_coupling_errors_on_RP/round_5/28_bessy3_56m_PGM_2Perc_coupling_errors_on_RP.rml
2025-02-10 20:55:09,436 - INFO - Completed: 55, remaining: 5, RAYPy_Simulation_bessy3_56m_PGM_2Perc_coupling_errors_on_RP/round_5/30_bessy3_56m_PGM_2Perc_coupling_errors_on_RP.rml
2025-02-10 20:55:09,451 - INFO - Completed: 56, remaining: 4, RAYPy_Simulation_bessy3_56m_PGM_2Perc_coupling_errors_on_RP/round_5/31_bessy3_56m_PGM_2Perc_coupling_errors_on_RP.rml
2025-02-10 20:55:09,506 - INFO - Completed: 57, remaining: 3, RAYPy_Simulation_bessy3_56m_PGM_2Perc_coupling_errors_on_RP/round_5/29_bessy3_56m_PGM_2Perc_coupling_errors_on_RP.rml
2025-02-10 20:55:10,512 - INFO - Completed: 58, remaining: 2, RAYPy_Simulation_bessy3_56m_PGM_2Perc_coupling_errors_on_RP/round_5/33_bessy3_56m_PGM_2Perc_coupling_errors_on_RP.rml
2025-02-10 20:55:10,614 - INFO - Completed: 59, remaining: 1, RAYPy_Simulation_bessy3_56m_PGM_2Perc_coupling_errors_on_RP/round_5/34_bessy3_56m_PGM_2Perc_coupling_errors_on_RP.rml
2025-02-10 20:55:10,739 - INFO - Completed: 60, remaining: 0, RAYPy_Simulation_bessy3_56m_PGM_2Perc_coupling_errors_on_RP/round_5/32_bessy3_56m_PGM_2Perc_coupling_errors_on_RP.rml
2025-02-10 20:55:10,740 - INFO - Batch Completed
2025-02-10 20:55:10,740 - INFO - Waiting For batch, 60 simulations to go
2025-02-10 20:55:10,745 - INFO - Prepared sim number: 35: RAYPy_Simulation_bessy3_56m_PGM_2Perc_coupling_errors_on_RP/round_5/35_bessy3_56m_PGM_2Perc_coupling_errors_on_RP.rml
2025-02-10 20:55:10,754 - INFO - Prepared sim number: 36: RAYPy_Simulation_bessy3_56m_PGM_2Perc_coupling_errors_on_RP/round_5/36_bessy3_56m_PGM_2Perc_coupling_errors_on_RP.rml
2025-02-10 20:55:10,762 - INFO - Prepared sim number: 37: RAYPy_Simulation_bessy3_56m_PGM_2Perc_coupling_errors_on_RP/round_5/37_bessy3_56m_PGM_2Perc_coupling_errors_on_RP.rml
2025-02-10 20:55:10,768 - INFO - Prepared sim number: 38: RAYPy_Simulation_bessy3_56m_PGM_2Perc_coupling_errors_on_RP/round_5/38_bessy3_56m_PGM_2Perc_coupling_errors_on_RP.rml
2025-02-10 20:55:10,776 - INFO - Prepared sim number: 39: RAYPy_Simulation_bessy3_56m_PGM_2Perc_coupling_errors_on_RP/round_5/39_bessy3_56m_PGM_2Perc_coupling_errors_on_RP.rml
2025-02-10 20:55:10,782 - INFO - Prepared sim number: 40: RAYPy_Simulation_bessy3_56m_PGM_2Perc_coupling_errors_on_RP/round_5/40_bessy3_56m_PGM_2Perc_coupling_errors_on_RP.rml
2025-02-10 20:55:10,782 - INFO - Start round 6
2025-02-10 20:55:10,789 - INFO - Prepared sim number: 0: RAYPy_Simulation_bessy3_56m_PGM_2Perc_coupling_errors_on_RP/round_6/0_bessy3_56m_PGM_2Perc_coupling_errors_on_RP.rml
2025-02-10 20:55:10,795 - INFO - Prepared sim number: 1: RAYPy_Simulation_bessy3_56m_PGM_2Perc_coupling_errors_on_RP/round_6/1_bessy3_56m_PGM_2Perc_coupling_errors_on_RP.rml
2025-02-10 20:55:10,801 - INFO - Prepared sim number: 2: RAYPy_Simulation_bessy3_56m_PGM_2Perc_coupling_errors_on_RP/round_6/2_bessy3_56m_PGM_2Perc_coupling_errors_on_RP.rml
2025-02-10 20:55:10,807 - INFO - Prepared sim number: 3: RAYPy_Simulation_bessy3_56m_PGM_2Perc_coupling_errors_on_RP/round_6/3_bessy3_56m_PGM_2Perc_coupling_errors_on_RP.rml
2025-02-10 20:55:10,813 - INFO - Prepared sim number: 4: RAYPy_Simulation_bessy3_56m_PGM_2Perc_coupling_errors_on_RP/round_6/4_bessy3_56m_PGM_2Perc_coupling_errors_on_RP.rml
2025-02-10 20:55:10,818 - INFO - Prepared sim number: 5: RAYPy_Simulation_bessy3_56m_PGM_2Perc_coupling_errors_on_RP/round_6/5_bessy3_56m_PGM_2Perc_coupling_errors_on_RP.rml
2025-02-10 20:55:10,824 - INFO - Prepared sim number: 6: RAYPy_Simulation_bessy3_56m_PGM_2Perc_coupling_errors_on_RP/round_6/6_bessy3_56m_PGM_2Perc_coupling_errors_on_RP.rml
2025-02-10 20:55:10,830 - INFO - Prepared sim number: 7: RAYPy_Simulation_bessy3_56m_PGM_2Perc_coupling_errors_on_RP/round_6/7_bessy3_56m_PGM_2Perc_coupling_errors_on_RP.rml
2025-02-10 20:55:10,835 - INFO - Prepared sim number: 8: RAYPy_Simulation_bessy3_56m_PGM_2Perc_coupling_errors_on_RP/round_6/8_bessy3_56m_PGM_2Perc_coupling_errors_on_RP.rml
2025-02-10 20:55:10,841 - INFO - Prepared sim number: 9: RAYPy_Simulation_bessy3_56m_PGM_2Perc_coupling_errors_on_RP/round_6/9_bessy3_56m_PGM_2Perc_coupling_errors_on_RP.rml
2025-02-10 20:55:10,847 - INFO - Prepared sim number: 10: RAYPy_Simulation_bessy3_56m_PGM_2Perc_coupling_errors_on_RP/round_6/10_bessy3_56m_PGM_2Perc_coupling_errors_on_RP.rml
2025-02-10 20:55:10,852 - INFO - Prepared sim number: 11: RAYPy_Simulation_bessy3_56m_PGM_2Perc_coupling_errors_on_RP/round_6/11_bessy3_56m_PGM_2Perc_coupling_errors_on_RP.rml
2025-02-10 20:55:10,857 - INFO - Prepared sim number: 12: RAYPy_Simulation_bessy3_56m_PGM_2Perc_coupling_errors_on_RP/round_6/12_bessy3_56m_PGM_2Perc_coupling_errors_on_RP.rml
2025-02-10 20:55:10,862 - INFO - Prepared sim number: 13: RAYPy_Simulation_bessy3_56m_PGM_2Perc_coupling_errors_on_RP/round_6/13_bessy3_56m_PGM_2Perc_coupling_errors_on_RP.rml
2025-02-10 20:55:10,866 - INFO - Prepared sim number: 14: RAYPy_Simulation_bessy3_56m_PGM_2Perc_coupling_errors_on_RP/round_6/14_bessy3_56m_PGM_2Perc_coupling_errors_on_RP.rml
2025-02-10 20:55:10,871 - INFO - Prepared sim number: 15: RAYPy_Simulation_bessy3_56m_PGM_2Perc_coupling_errors_on_RP/round_6/15_bessy3_56m_PGM_2Perc_coupling_errors_on_RP.rml
2025-02-10 20:55:10,876 - INFO - Prepared sim number: 16: RAYPy_Simulation_bessy3_56m_PGM_2Perc_coupling_errors_on_RP/round_6/16_bessy3_56m_PGM_2Perc_coupling_errors_on_RP.rml
2025-02-10 20:55:10,881 - INFO - Prepared sim number: 17: RAYPy_Simulation_bessy3_56m_PGM_2Perc_coupling_errors_on_RP/round_6/17_bessy3_56m_PGM_2Perc_coupling_errors_on_RP.rml
2025-02-10 20:55:10,885 - INFO - Prepared sim number: 18: RAYPy_Simulation_bessy3_56m_PGM_2Perc_coupling_errors_on_RP/round_6/18_bessy3_56m_PGM_2Perc_coupling_errors_on_RP.rml
2025-02-10 20:55:10,890 - INFO - Prepared sim number: 19: RAYPy_Simulation_bessy3_56m_PGM_2Perc_coupling_errors_on_RP/round_6/19_bessy3_56m_PGM_2Perc_coupling_errors_on_RP.rml
2025-02-10 20:55:10,895 - INFO - Prepared sim number: 20: RAYPy_Simulation_bessy3_56m_PGM_2Perc_coupling_errors_on_RP/round_6/20_bessy3_56m_PGM_2Perc_coupling_errors_on_RP.rml
2025-02-10 20:55:10,901 - INFO - Prepared sim number: 21: RAYPy_Simulation_bessy3_56m_PGM_2Perc_coupling_errors_on_RP/round_6/21_bessy3_56m_PGM_2Perc_coupling_errors_on_RP.rml
2025-02-10 20:55:10,906 - INFO - Prepared sim number: 22: RAYPy_Simulation_bessy3_56m_PGM_2Perc_coupling_errors_on_RP/round_6/22_bessy3_56m_PGM_2Perc_coupling_errors_on_RP.rml
2025-02-10 20:55:10,911 - INFO - Prepared sim number: 23: RAYPy_Simulation_bessy3_56m_PGM_2Perc_coupling_errors_on_RP/round_6/23_bessy3_56m_PGM_2Perc_coupling_errors_on_RP.rml
2025-02-10 20:55:10,916 - INFO - Prepared sim number: 24: RAYPy_Simulation_bessy3_56m_PGM_2Perc_coupling_errors_on_RP/round_6/24_bessy3_56m_PGM_2Perc_coupling_errors_on_RP.rml
2025-02-10 20:55:10,922 - INFO - Prepared sim number: 25: RAYPy_Simulation_bessy3_56m_PGM_2Perc_coupling_errors_on_RP/round_6/25_bessy3_56m_PGM_2Perc_coupling_errors_on_RP.rml
2025-02-10 20:55:10,927 - INFO - Prepared sim number: 26: RAYPy_Simulation_bessy3_56m_PGM_2Perc_coupling_errors_on_RP/round_6/26_bessy3_56m_PGM_2Perc_coupling_errors_on_RP.rml
2025-02-10 20:55:10,933 - INFO - Prepared sim number: 27: RAYPy_Simulation_bessy3_56m_PGM_2Perc_coupling_errors_on_RP/round_6/27_bessy3_56m_PGM_2Perc_coupling_errors_on_RP.rml
2025-02-10 20:55:10,938 - INFO - Prepared sim number: 28: RAYPy_Simulation_bessy3_56m_PGM_2Perc_coupling_errors_on_RP/round_6/28_bessy3_56m_PGM_2Perc_coupling_errors_on_RP.rml
2025-02-10 20:55:10,943 - INFO - Prepared sim number: 29: RAYPy_Simulation_bessy3_56m_PGM_2Perc_coupling_errors_on_RP/round_6/29_bessy3_56m_PGM_2Perc_coupling_errors_on_RP.rml
2025-02-10 20:55:10,948 - INFO - Prepared sim number: 30: RAYPy_Simulation_bessy3_56m_PGM_2Perc_coupling_errors_on_RP/round_6/30_bessy3_56m_PGM_2Perc_coupling_errors_on_RP.rml
2025-02-10 20:55:10,954 - INFO - Prepared sim number: 31: RAYPy_Simulation_bessy3_56m_PGM_2Perc_coupling_errors_on_RP/round_6/31_bessy3_56m_PGM_2Perc_coupling_errors_on_RP.rml
2025-02-10 20:55:10,958 - INFO - Prepared sim number: 32: RAYPy_Simulation_bessy3_56m_PGM_2Perc_coupling_errors_on_RP/round_6/32_bessy3_56m_PGM_2Perc_coupling_errors_on_RP.rml
2025-02-10 20:55:10,963 - INFO - Prepared sim number: 33: RAYPy_Simulation_bessy3_56m_PGM_2Perc_coupling_errors_on_RP/round_6/33_bessy3_56m_PGM_2Perc_coupling_errors_on_RP.rml
2025-02-10 20:55:10,968 - INFO - Prepared sim number: 34: RAYPy_Simulation_bessy3_56m_PGM_2Perc_coupling_errors_on_RP/round_6/34_bessy3_56m_PGM_2Perc_coupling_errors_on_RP.rml
2025-02-10 20:55:10,973 - INFO - Prepared sim number: 35: RAYPy_Simulation_bessy3_56m_PGM_2Perc_coupling_errors_on_RP/round_6/35_bessy3_56m_PGM_2Perc_coupling_errors_on_RP.rml
2025-02-10 20:55:10,977 - INFO - Prepared sim number: 36: RAYPy_Simulation_bessy3_56m_PGM_2Perc_coupling_errors_on_RP/round_6/36_bessy3_56m_PGM_2Perc_coupling_errors_on_RP.rml
2025-02-10 20:55:10,982 - INFO - Prepared sim number: 37: RAYPy_Simulation_bessy3_56m_PGM_2Perc_coupling_errors_on_RP/round_6/37_bessy3_56m_PGM_2Perc_coupling_errors_on_RP.rml
2025-02-10 20:55:10,987 - INFO - Prepared sim number: 38: RAYPy_Simulation_bessy3_56m_PGM_2Perc_coupling_errors_on_RP/round_6/38_bessy3_56m_PGM_2Perc_coupling_errors_on_RP.rml
2025-02-10 20:55:10,993 - INFO - Prepared sim number: 39: RAYPy_Simulation_bessy3_56m_PGM_2Perc_coupling_errors_on_RP/round_6/39_bessy3_56m_PGM_2Perc_coupling_errors_on_RP.rml
2025-02-10 20:55:10,999 - INFO - Prepared sim number: 40: RAYPy_Simulation_bessy3_56m_PGM_2Perc_coupling_errors_on_RP/round_6/40_bessy3_56m_PGM_2Perc_coupling_errors_on_RP.rml
2025-02-10 20:55:11,000 - INFO - Start round 7
2025-02-10 20:55:11,006 - INFO - Prepared sim number: 0: RAYPy_Simulation_bessy3_56m_PGM_2Perc_coupling_errors_on_RP/round_7/0_bessy3_56m_PGM_2Perc_coupling_errors_on_RP.rml
2025-02-10 20:55:11,013 - INFO - Prepared sim number: 1: RAYPy_Simulation_bessy3_56m_PGM_2Perc_coupling_errors_on_RP/round_7/1_bessy3_56m_PGM_2Perc_coupling_errors_on_RP.rml
2025-02-10 20:55:11,020 - INFO - Prepared sim number: 2: RAYPy_Simulation_bessy3_56m_PGM_2Perc_coupling_errors_on_RP/round_7/2_bessy3_56m_PGM_2Perc_coupling_errors_on_RP.rml
2025-02-10 20:55:11,027 - INFO - Prepared sim number: 3: RAYPy_Simulation_bessy3_56m_PGM_2Perc_coupling_errors_on_RP/round_7/3_bessy3_56m_PGM_2Perc_coupling_errors_on_RP.rml
2025-02-10 20:55:11,033 - INFO - Prepared sim number: 4: RAYPy_Simulation_bessy3_56m_PGM_2Perc_coupling_errors_on_RP/round_7/4_bessy3_56m_PGM_2Perc_coupling_errors_on_RP.rml
2025-02-10 20:55:11,039 - INFO - Prepared sim number: 5: RAYPy_Simulation_bessy3_56m_PGM_2Perc_coupling_errors_on_RP/round_7/5_bessy3_56m_PGM_2Perc_coupling_errors_on_RP.rml
2025-02-10 20:55:11,044 - INFO - Prepared sim number: 6: RAYPy_Simulation_bessy3_56m_PGM_2Perc_coupling_errors_on_RP/round_7/6_bessy3_56m_PGM_2Perc_coupling_errors_on_RP.rml
2025-02-10 20:55:11,049 - INFO - Prepared sim number: 7: RAYPy_Simulation_bessy3_56m_PGM_2Perc_coupling_errors_on_RP/round_7/7_bessy3_56m_PGM_2Perc_coupling_errors_on_RP.rml
2025-02-10 20:55:11,055 - INFO - Prepared sim number: 8: RAYPy_Simulation_bessy3_56m_PGM_2Perc_coupling_errors_on_RP/round_7/8_bessy3_56m_PGM_2Perc_coupling_errors_on_RP.rml
2025-02-10 20:55:11,060 - INFO - Prepared sim number: 9: RAYPy_Simulation_bessy3_56m_PGM_2Perc_coupling_errors_on_RP/round_7/9_bessy3_56m_PGM_2Perc_coupling_errors_on_RP.rml
2025-02-10 20:55:11,065 - INFO - Prepared sim number: 10: RAYPy_Simulation_bessy3_56m_PGM_2Perc_coupling_errors_on_RP/round_7/10_bessy3_56m_PGM_2Perc_coupling_errors_on_RP.rml
2025-02-10 20:55:11,070 - INFO - Prepared sim number: 11: RAYPy_Simulation_bessy3_56m_PGM_2Perc_coupling_errors_on_RP/round_7/11_bessy3_56m_PGM_2Perc_coupling_errors_on_RP.rml
2025-02-10 20:55:11,075 - INFO - Prepared sim number: 12: RAYPy_Simulation_bessy3_56m_PGM_2Perc_coupling_errors_on_RP/round_7/12_bessy3_56m_PGM_2Perc_coupling_errors_on_RP.rml
2025-02-10 20:55:11,075 - INFO - Waiting for batch number: 4, timeout: 21.845297974348068s
2025-02-10 20:55:13,451 - INFO - Completed: 1, remaining: 59, RAYPy_Simulation_bessy3_56m_PGM_2Perc_coupling_errors_on_RP/round_6/2_bessy3_56m_PGM_2Perc_coupling_errors_on_RP.rml
2025-02-10 20:55:13,584 - INFO - Completed: 2, remaining: 58, RAYPy_Simulation_bessy3_56m_PGM_2Perc_coupling_errors_on_RP/round_5/38_bessy3_56m_PGM_2Perc_coupling_errors_on_RP.rml
2025-02-10 20:55:13,664 - INFO - Completed: 3, remaining: 57, RAYPy_Simulation_bessy3_56m_PGM_2Perc_coupling_errors_on_RP/round_6/3_bessy3_56m_PGM_2Perc_coupling_errors_on_RP.rml
2025-02-10 20:55:13,726 - INFO - Completed: 4, remaining: 56, RAYPy_Simulation_bessy3_56m_PGM_2Perc_coupling_errors_on_RP/round_6/4_bessy3_56m_PGM_2Perc_coupling_errors_on_RP.rml
2025-02-10 20:55:13,801 - INFO - Completed: 5, remaining: 55, RAYPy_Simulation_bessy3_56m_PGM_2Perc_coupling_errors_on_RP/round_5/35_bessy3_56m_PGM_2Perc_coupling_errors_on_RP.rml
2025-02-10 20:55:14,037 - INFO - Completed: 6, remaining: 54, RAYPy_Simulation_bessy3_56m_PGM_2Perc_coupling_errors_on_RP/round_6/5_bessy3_56m_PGM_2Perc_coupling_errors_on_RP.rml
2025-02-10 20:55:14,075 - INFO - Completed: 7, remaining: 53, RAYPy_Simulation_bessy3_56m_PGM_2Perc_coupling_errors_on_RP/round_5/36_bessy3_56m_PGM_2Perc_coupling_errors_on_RP.rml
2025-02-10 20:55:16,221 - INFO - Completed: 8, remaining: 52, RAYPy_Simulation_bessy3_56m_PGM_2Perc_coupling_errors_on_RP/round_6/1_bessy3_56m_PGM_2Perc_coupling_errors_on_RP.rml
2025-02-10 20:55:16,356 - INFO - Completed: 9, remaining: 51, RAYPy_Simulation_bessy3_56m_PGM_2Perc_coupling_errors_on_RP/round_6/0_bessy3_56m_PGM_2Perc_coupling_errors_on_RP.rml
2025-02-10 20:55:16,390 - INFO - Completed: 10, remaining: 50, RAYPy_Simulation_bessy3_56m_PGM_2Perc_coupling_errors_on_RP/round_5/37_bessy3_56m_PGM_2Perc_coupling_errors_on_RP.rml
2025-02-10 20:55:16,409 - INFO - Completed: 11, remaining: 49, RAYPy_Simulation_bessy3_56m_PGM_2Perc_coupling_errors_on_RP/round_5/39_bessy3_56m_PGM_2Perc_coupling_errors_on_RP.rml
2025-02-10 20:55:16,671 - INFO - Completed: 12, remaining: 48, RAYPy_Simulation_bessy3_56m_PGM_2Perc_coupling_errors_on_RP/round_5/40_bessy3_56m_PGM_2Perc_coupling_errors_on_RP.rml
2025-02-10 20:55:16,877 - INFO - Completed: 13, remaining: 47, RAYPy_Simulation_bessy3_56m_PGM_2Perc_coupling_errors_on_RP/round_6/6_bessy3_56m_PGM_2Perc_coupling_errors_on_RP.rml
2025-02-10 20:55:16,888 - INFO - Completed: 14, remaining: 46, RAYPy_Simulation_bessy3_56m_PGM_2Perc_coupling_errors_on_RP/round_6/10_bessy3_56m_PGM_2Perc_coupling_errors_on_RP.rml
2025-02-10 20:55:17,015 - INFO - Completed: 15, remaining: 45, RAYPy_Simulation_bessy3_56m_PGM_2Perc_coupling_errors_on_RP/round_6/7_bessy3_56m_PGM_2Perc_coupling_errors_on_RP.rml
2025-02-10 20:55:17,132 - INFO - Completed: 16, remaining: 44, RAYPy_Simulation_bessy3_56m_PGM_2Perc_coupling_errors_on_RP/round_6/8_bessy3_56m_PGM_2Perc_coupling_errors_on_RP.rml
2025-02-10 20:55:17,286 - INFO - Completed: 17, remaining: 43, RAYPy_Simulation_bessy3_56m_PGM_2Perc_coupling_errors_on_RP/round_6/9_bessy3_56m_PGM_2Perc_coupling_errors_on_RP.rml
2025-02-10 20:55:17,471 - INFO - Completed: 18, remaining: 42, RAYPy_Simulation_bessy3_56m_PGM_2Perc_coupling_errors_on_RP/round_6/12_bessy3_56m_PGM_2Perc_coupling_errors_on_RP.rml
2025-02-10 20:55:17,670 - INFO - Completed: 19, remaining: 41, RAYPy_Simulation_bessy3_56m_PGM_2Perc_coupling_errors_on_RP/round_6/11_bessy3_56m_PGM_2Perc_coupling_errors_on_RP.rml
2025-02-10 20:55:19,765 - INFO - Completed: 20, remaining: 40, RAYPy_Simulation_bessy3_56m_PGM_2Perc_coupling_errors_on_RP/round_6/13_bessy3_56m_PGM_2Perc_coupling_errors_on_RP.rml
2025-02-10 20:55:19,917 - INFO - Completed: 21, remaining: 39, RAYPy_Simulation_bessy3_56m_PGM_2Perc_coupling_errors_on_RP/round_6/14_bessy3_56m_PGM_2Perc_coupling_errors_on_RP.rml
2025-02-10 20:55:20,012 - INFO - Completed: 22, remaining: 38, RAYPy_Simulation_bessy3_56m_PGM_2Perc_coupling_errors_on_RP/round_6/15_bessy3_56m_PGM_2Perc_coupling_errors_on_RP.rml
2025-02-10 20:55:20,059 - INFO - Completed: 23, remaining: 37, RAYPy_Simulation_bessy3_56m_PGM_2Perc_coupling_errors_on_RP/round_6/16_bessy3_56m_PGM_2Perc_coupling_errors_on_RP.rml
2025-02-10 20:55:20,318 - INFO - Completed: 24, remaining: 36, RAYPy_Simulation_bessy3_56m_PGM_2Perc_coupling_errors_on_RP/round_6/17_bessy3_56m_PGM_2Perc_coupling_errors_on_RP.rml
2025-02-10 20:55:20,429 - INFO - Completed: 25, remaining: 35, RAYPy_Simulation_bessy3_56m_PGM_2Perc_coupling_errors_on_RP/round_6/19_bessy3_56m_PGM_2Perc_coupling_errors_on_RP.rml
2025-02-10 20:55:20,692 - INFO - Completed: 26, remaining: 34, RAYPy_Simulation_bessy3_56m_PGM_2Perc_coupling_errors_on_RP/round_6/18_bessy3_56m_PGM_2Perc_coupling_errors_on_RP.rml
2025-02-10 20:55:20,807 - INFO - Completed: 27, remaining: 33, RAYPy_Simulation_bessy3_56m_PGM_2Perc_coupling_errors_on_RP/round_6/21_bessy3_56m_PGM_2Perc_coupling_errors_on_RP.rml
2025-02-10 20:55:20,831 - INFO - Completed: 28, remaining: 32, RAYPy_Simulation_bessy3_56m_PGM_2Perc_coupling_errors_on_RP/round_6/20_bessy3_56m_PGM_2Perc_coupling_errors_on_RP.rml
2025-02-10 20:55:20,861 - INFO - Completed: 29, remaining: 31, RAYPy_Simulation_bessy3_56m_PGM_2Perc_coupling_errors_on_RP/round_6/22_bessy3_56m_PGM_2Perc_coupling_errors_on_RP.rml
2025-02-10 20:55:21,010 - INFO - Completed: 30, remaining: 30, RAYPy_Simulation_bessy3_56m_PGM_2Perc_coupling_errors_on_RP/round_6/23_bessy3_56m_PGM_2Perc_coupling_errors_on_RP.rml
2025-02-10 20:55:21,933 - INFO - Completed: 31, remaining: 29, RAYPy_Simulation_bessy3_56m_PGM_2Perc_coupling_errors_on_RP/round_6/24_bessy3_56m_PGM_2Perc_coupling_errors_on_RP.rml
2025-02-10 20:55:23,259 - INFO - Completed: 32, remaining: 28, RAYPy_Simulation_bessy3_56m_PGM_2Perc_coupling_errors_on_RP/round_6/25_bessy3_56m_PGM_2Perc_coupling_errors_on_RP.rml
2025-02-10 20:55:23,474 - INFO - Completed: 33, remaining: 27, RAYPy_Simulation_bessy3_56m_PGM_2Perc_coupling_errors_on_RP/round_6/27_bessy3_56m_PGM_2Perc_coupling_errors_on_RP.rml
2025-02-10 20:55:23,657 - INFO - Completed: 34, remaining: 26, RAYPy_Simulation_bessy3_56m_PGM_2Perc_coupling_errors_on_RP/round_6/26_bessy3_56m_PGM_2Perc_coupling_errors_on_RP.rml
2025-02-10 20:55:23,729 - INFO - Completed: 35, remaining: 25, RAYPy_Simulation_bessy3_56m_PGM_2Perc_coupling_errors_on_RP/round_6/28_bessy3_56m_PGM_2Perc_coupling_errors_on_RP.rml
2025-02-10 20:55:23,952 - INFO - Completed: 36, remaining: 24, RAYPy_Simulation_bessy3_56m_PGM_2Perc_coupling_errors_on_RP/round_6/29_bessy3_56m_PGM_2Perc_coupling_errors_on_RP.rml
2025-02-10 20:55:24,088 - INFO - Completed: 37, remaining: 23, RAYPy_Simulation_bessy3_56m_PGM_2Perc_coupling_errors_on_RP/round_6/30_bessy3_56m_PGM_2Perc_coupling_errors_on_RP.rml
2025-02-10 20:55:24,450 - INFO - Completed: 38, remaining: 22, RAYPy_Simulation_bessy3_56m_PGM_2Perc_coupling_errors_on_RP/round_6/34_bessy3_56m_PGM_2Perc_coupling_errors_on_RP.rml
2025-02-10 20:55:24,466 - INFO - Completed: 39, remaining: 21, RAYPy_Simulation_bessy3_56m_PGM_2Perc_coupling_errors_on_RP/round_6/33_bessy3_56m_PGM_2Perc_coupling_errors_on_RP.rml
2025-02-10 20:55:24,599 - INFO - Completed: 40, remaining: 20, RAYPy_Simulation_bessy3_56m_PGM_2Perc_coupling_errors_on_RP/round_6/31_bessy3_56m_PGM_2Perc_coupling_errors_on_RP.rml
2025-02-10 20:55:24,628 - INFO - Completed: 41, remaining: 19, RAYPy_Simulation_bessy3_56m_PGM_2Perc_coupling_errors_on_RP/round_6/35_bessy3_56m_PGM_2Perc_coupling_errors_on_RP.rml
2025-02-10 20:55:25,385 - INFO - Completed: 42, remaining: 18, RAYPy_Simulation_bessy3_56m_PGM_2Perc_coupling_errors_on_RP/round_6/36_bessy3_56m_PGM_2Perc_coupling_errors_on_RP.rml
2025-02-10 20:55:25,395 - INFO - Completed: 43, remaining: 17, RAYPy_Simulation_bessy3_56m_PGM_2Perc_coupling_errors_on_RP/round_6/32_bessy3_56m_PGM_2Perc_coupling_errors_on_RP.rml
2025-02-10 20:55:26,717 - INFO - Completed: 44, remaining: 16, RAYPy_Simulation_bessy3_56m_PGM_2Perc_coupling_errors_on_RP/round_6/37_bessy3_56m_PGM_2Perc_coupling_errors_on_RP.rml
2025-02-10 20:55:26,828 - INFO - Completed: 45, remaining: 15, RAYPy_Simulation_bessy3_56m_PGM_2Perc_coupling_errors_on_RP/round_6/38_bessy3_56m_PGM_2Perc_coupling_errors_on_RP.rml
2025-02-10 20:55:27,106 - INFO - Completed: 46, remaining: 14, RAYPy_Simulation_bessy3_56m_PGM_2Perc_coupling_errors_on_RP/round_6/40_bessy3_56m_PGM_2Perc_coupling_errors_on_RP.rml
2025-02-10 20:55:27,136 - INFO - Completed: 47, remaining: 13, RAYPy_Simulation_bessy3_56m_PGM_2Perc_coupling_errors_on_RP/round_6/39_bessy3_56m_PGM_2Perc_coupling_errors_on_RP.rml
2025-02-10 20:55:27,255 - INFO - Completed: 48, remaining: 12, RAYPy_Simulation_bessy3_56m_PGM_2Perc_coupling_errors_on_RP/round_7/0_bessy3_56m_PGM_2Perc_coupling_errors_on_RP.rml
2025-02-10 20:55:27,425 - INFO - Completed: 49, remaining: 11, RAYPy_Simulation_bessy3_56m_PGM_2Perc_coupling_errors_on_RP/round_7/1_bessy3_56m_PGM_2Perc_coupling_errors_on_RP.rml
2025-02-10 20:55:27,669 - INFO - Completed: 50, remaining: 10, RAYPy_Simulation_bessy3_56m_PGM_2Perc_coupling_errors_on_RP/round_7/2_bessy3_56m_PGM_2Perc_coupling_errors_on_RP.rml
2025-02-10 20:55:27,763 - INFO - Completed: 51, remaining: 9, RAYPy_Simulation_bessy3_56m_PGM_2Perc_coupling_errors_on_RP/round_7/3_bessy3_56m_PGM_2Perc_coupling_errors_on_RP.rml
2025-02-10 20:55:27,962 - INFO - Completed: 52, remaining: 8, RAYPy_Simulation_bessy3_56m_PGM_2Perc_coupling_errors_on_RP/round_7/5_bessy3_56m_PGM_2Perc_coupling_errors_on_RP.rml
2025-02-10 20:55:28,221 - INFO - Completed: 53, remaining: 7, RAYPy_Simulation_bessy3_56m_PGM_2Perc_coupling_errors_on_RP/round_7/4_bessy3_56m_PGM_2Perc_coupling_errors_on_RP.rml
2025-02-10 20:55:28,387 - INFO - Completed: 54, remaining: 6, RAYPy_Simulation_bessy3_56m_PGM_2Perc_coupling_errors_on_RP/round_7/6_bessy3_56m_PGM_2Perc_coupling_errors_on_RP.rml
2025-02-10 20:55:28,482 - INFO - Completed: 55, remaining: 5, RAYPy_Simulation_bessy3_56m_PGM_2Perc_coupling_errors_on_RP/round_7/7_bessy3_56m_PGM_2Perc_coupling_errors_on_RP.rml
2025-02-10 20:55:29,287 - INFO - Completed: 56, remaining: 4, RAYPy_Simulation_bessy3_56m_PGM_2Perc_coupling_errors_on_RP/round_7/8_bessy3_56m_PGM_2Perc_coupling_errors_on_RP.rml
2025-02-10 20:55:29,480 - INFO - Completed: 57, remaining: 3, RAYPy_Simulation_bessy3_56m_PGM_2Perc_coupling_errors_on_RP/round_7/11_bessy3_56m_PGM_2Perc_coupling_errors_on_RP.rml
2025-02-10 20:55:29,486 - INFO - Completed: 58, remaining: 2, RAYPy_Simulation_bessy3_56m_PGM_2Perc_coupling_errors_on_RP/round_7/10_bessy3_56m_PGM_2Perc_coupling_errors_on_RP.rml
2025-02-10 20:55:29,553 - INFO - Completed: 59, remaining: 1, RAYPy_Simulation_bessy3_56m_PGM_2Perc_coupling_errors_on_RP/round_7/12_bessy3_56m_PGM_2Perc_coupling_errors_on_RP.rml
2025-02-10 20:55:29,624 - INFO - Completed: 60, remaining: 0, RAYPy_Simulation_bessy3_56m_PGM_2Perc_coupling_errors_on_RP/round_7/9_bessy3_56m_PGM_2Perc_coupling_errors_on_RP.rml
2025-02-10 20:55:29,624 - INFO - Batch Completed
2025-02-10 20:55:29,624 - INFO - Waiting For batch, 60 simulations to go
2025-02-10 20:55:29,630 - INFO - Prepared sim number: 13: RAYPy_Simulation_bessy3_56m_PGM_2Perc_coupling_errors_on_RP/round_7/13_bessy3_56m_PGM_2Perc_coupling_errors_on_RP.rml
2025-02-10 20:55:29,642 - INFO - Prepared sim number: 14: RAYPy_Simulation_bessy3_56m_PGM_2Perc_coupling_errors_on_RP/round_7/14_bessy3_56m_PGM_2Perc_coupling_errors_on_RP.rml
2025-02-10 20:55:29,656 - INFO - Prepared sim number: 15: RAYPy_Simulation_bessy3_56m_PGM_2Perc_coupling_errors_on_RP/round_7/15_bessy3_56m_PGM_2Perc_coupling_errors_on_RP.rml
2025-02-10 20:55:29,665 - INFO - Prepared sim number: 16: RAYPy_Simulation_bessy3_56m_PGM_2Perc_coupling_errors_on_RP/round_7/16_bessy3_56m_PGM_2Perc_coupling_errors_on_RP.rml
2025-02-10 20:55:29,670 - INFO - Prepared sim number: 17: RAYPy_Simulation_bessy3_56m_PGM_2Perc_coupling_errors_on_RP/round_7/17_bessy3_56m_PGM_2Perc_coupling_errors_on_RP.rml
2025-02-10 20:55:29,676 - INFO - Prepared sim number: 18: RAYPy_Simulation_bessy3_56m_PGM_2Perc_coupling_errors_on_RP/round_7/18_bessy3_56m_PGM_2Perc_coupling_errors_on_RP.rml
2025-02-10 20:55:29,679 - INFO - Prepared sim number: 19: RAYPy_Simulation_bessy3_56m_PGM_2Perc_coupling_errors_on_RP/round_7/19_bessy3_56m_PGM_2Perc_coupling_errors_on_RP.rml
2025-02-10 20:55:29,683 - INFO - Prepared sim number: 20: RAYPy_Simulation_bessy3_56m_PGM_2Perc_coupling_errors_on_RP/round_7/20_bessy3_56m_PGM_2Perc_coupling_errors_on_RP.rml
2025-02-10 20:55:29,687 - INFO - Prepared sim number: 21: RAYPy_Simulation_bessy3_56m_PGM_2Perc_coupling_errors_on_RP/round_7/21_bessy3_56m_PGM_2Perc_coupling_errors_on_RP.rml
2025-02-10 20:55:29,690 - INFO - Prepared sim number: 22: RAYPy_Simulation_bessy3_56m_PGM_2Perc_coupling_errors_on_RP/round_7/22_bessy3_56m_PGM_2Perc_coupling_errors_on_RP.rml
2025-02-10 20:55:29,693 - INFO - Prepared sim number: 23: RAYPy_Simulation_bessy3_56m_PGM_2Perc_coupling_errors_on_RP/round_7/23_bessy3_56m_PGM_2Perc_coupling_errors_on_RP.rml
2025-02-10 20:55:29,696 - INFO - Prepared sim number: 24: RAYPy_Simulation_bessy3_56m_PGM_2Perc_coupling_errors_on_RP/round_7/24_bessy3_56m_PGM_2Perc_coupling_errors_on_RP.rml
2025-02-10 20:55:29,700 - INFO - Prepared sim number: 25: RAYPy_Simulation_bessy3_56m_PGM_2Perc_coupling_errors_on_RP/round_7/25_bessy3_56m_PGM_2Perc_coupling_errors_on_RP.rml
2025-02-10 20:55:29,704 - INFO - Prepared sim number: 26: RAYPy_Simulation_bessy3_56m_PGM_2Perc_coupling_errors_on_RP/round_7/26_bessy3_56m_PGM_2Perc_coupling_errors_on_RP.rml
2025-02-10 20:55:29,707 - INFO - Prepared sim number: 27: RAYPy_Simulation_bessy3_56m_PGM_2Perc_coupling_errors_on_RP/round_7/27_bessy3_56m_PGM_2Perc_coupling_errors_on_RP.rml
2025-02-10 20:55:29,711 - INFO - Prepared sim number: 28: RAYPy_Simulation_bessy3_56m_PGM_2Perc_coupling_errors_on_RP/round_7/28_bessy3_56m_PGM_2Perc_coupling_errors_on_RP.rml
2025-02-10 20:55:29,714 - INFO - Prepared sim number: 29: RAYPy_Simulation_bessy3_56m_PGM_2Perc_coupling_errors_on_RP/round_7/29_bessy3_56m_PGM_2Perc_coupling_errors_on_RP.rml
2025-02-10 20:55:29,718 - INFO - Prepared sim number: 30: RAYPy_Simulation_bessy3_56m_PGM_2Perc_coupling_errors_on_RP/round_7/30_bessy3_56m_PGM_2Perc_coupling_errors_on_RP.rml
2025-02-10 20:55:29,721 - INFO - Prepared sim number: 31: RAYPy_Simulation_bessy3_56m_PGM_2Perc_coupling_errors_on_RP/round_7/31_bessy3_56m_PGM_2Perc_coupling_errors_on_RP.rml
2025-02-10 20:55:29,725 - INFO - Prepared sim number: 32: RAYPy_Simulation_bessy3_56m_PGM_2Perc_coupling_errors_on_RP/round_7/32_bessy3_56m_PGM_2Perc_coupling_errors_on_RP.rml
2025-02-10 20:55:29,728 - INFO - Prepared sim number: 33: RAYPy_Simulation_bessy3_56m_PGM_2Perc_coupling_errors_on_RP/round_7/33_bessy3_56m_PGM_2Perc_coupling_errors_on_RP.rml
2025-02-10 20:55:29,732 - INFO - Prepared sim number: 34: RAYPy_Simulation_bessy3_56m_PGM_2Perc_coupling_errors_on_RP/round_7/34_bessy3_56m_PGM_2Perc_coupling_errors_on_RP.rml
2025-02-10 20:55:29,735 - INFO - Prepared sim number: 35: RAYPy_Simulation_bessy3_56m_PGM_2Perc_coupling_errors_on_RP/round_7/35_bessy3_56m_PGM_2Perc_coupling_errors_on_RP.rml
2025-02-10 20:55:29,739 - INFO - Prepared sim number: 36: RAYPy_Simulation_bessy3_56m_PGM_2Perc_coupling_errors_on_RP/round_7/36_bessy3_56m_PGM_2Perc_coupling_errors_on_RP.rml
2025-02-10 20:55:29,742 - INFO - Prepared sim number: 37: RAYPy_Simulation_bessy3_56m_PGM_2Perc_coupling_errors_on_RP/round_7/37_bessy3_56m_PGM_2Perc_coupling_errors_on_RP.rml
2025-02-10 20:55:29,746 - INFO - Prepared sim number: 38: RAYPy_Simulation_bessy3_56m_PGM_2Perc_coupling_errors_on_RP/round_7/38_bessy3_56m_PGM_2Perc_coupling_errors_on_RP.rml
2025-02-10 20:55:29,749 - INFO - Prepared sim number: 39: RAYPy_Simulation_bessy3_56m_PGM_2Perc_coupling_errors_on_RP/round_7/39_bessy3_56m_PGM_2Perc_coupling_errors_on_RP.rml
2025-02-10 20:55:29,752 - INFO - Prepared sim number: 40: RAYPy_Simulation_bessy3_56m_PGM_2Perc_coupling_errors_on_RP/round_7/40_bessy3_56m_PGM_2Perc_coupling_errors_on_RP.rml
2025-02-10 20:55:29,752 - INFO - Start round 8
2025-02-10 20:55:29,756 - INFO - Prepared sim number: 0: RAYPy_Simulation_bessy3_56m_PGM_2Perc_coupling_errors_on_RP/round_8/0_bessy3_56m_PGM_2Perc_coupling_errors_on_RP.rml
2025-02-10 20:55:29,760 - INFO - Prepared sim number: 1: RAYPy_Simulation_bessy3_56m_PGM_2Perc_coupling_errors_on_RP/round_8/1_bessy3_56m_PGM_2Perc_coupling_errors_on_RP.rml
2025-02-10 20:55:29,763 - INFO - Prepared sim number: 2: RAYPy_Simulation_bessy3_56m_PGM_2Perc_coupling_errors_on_RP/round_8/2_bessy3_56m_PGM_2Perc_coupling_errors_on_RP.rml
2025-02-10 20:55:29,766 - INFO - Prepared sim number: 3: RAYPy_Simulation_bessy3_56m_PGM_2Perc_coupling_errors_on_RP/round_8/3_bessy3_56m_PGM_2Perc_coupling_errors_on_RP.rml
2025-02-10 20:55:29,769 - INFO - Prepared sim number: 4: RAYPy_Simulation_bessy3_56m_PGM_2Perc_coupling_errors_on_RP/round_8/4_bessy3_56m_PGM_2Perc_coupling_errors_on_RP.rml
2025-02-10 20:55:29,773 - INFO - Prepared sim number: 5: RAYPy_Simulation_bessy3_56m_PGM_2Perc_coupling_errors_on_RP/round_8/5_bessy3_56m_PGM_2Perc_coupling_errors_on_RP.rml
2025-02-10 20:55:29,776 - INFO - Prepared sim number: 6: RAYPy_Simulation_bessy3_56m_PGM_2Perc_coupling_errors_on_RP/round_8/6_bessy3_56m_PGM_2Perc_coupling_errors_on_RP.rml
2025-02-10 20:55:29,780 - INFO - Prepared sim number: 7: RAYPy_Simulation_bessy3_56m_PGM_2Perc_coupling_errors_on_RP/round_8/7_bessy3_56m_PGM_2Perc_coupling_errors_on_RP.rml
2025-02-10 20:55:29,784 - INFO - Prepared sim number: 8: RAYPy_Simulation_bessy3_56m_PGM_2Perc_coupling_errors_on_RP/round_8/8_bessy3_56m_PGM_2Perc_coupling_errors_on_RP.rml
2025-02-10 20:55:29,788 - INFO - Prepared sim number: 9: RAYPy_Simulation_bessy3_56m_PGM_2Perc_coupling_errors_on_RP/round_8/9_bessy3_56m_PGM_2Perc_coupling_errors_on_RP.rml
2025-02-10 20:55:29,792 - INFO - Prepared sim number: 10: RAYPy_Simulation_bessy3_56m_PGM_2Perc_coupling_errors_on_RP/round_8/10_bessy3_56m_PGM_2Perc_coupling_errors_on_RP.rml
2025-02-10 20:55:29,795 - INFO - Prepared sim number: 11: RAYPy_Simulation_bessy3_56m_PGM_2Perc_coupling_errors_on_RP/round_8/11_bessy3_56m_PGM_2Perc_coupling_errors_on_RP.rml
2025-02-10 20:55:29,800 - INFO - Prepared sim number: 12: RAYPy_Simulation_bessy3_56m_PGM_2Perc_coupling_errors_on_RP/round_8/12_bessy3_56m_PGM_2Perc_coupling_errors_on_RP.rml
2025-02-10 20:55:29,804 - INFO - Prepared sim number: 13: RAYPy_Simulation_bessy3_56m_PGM_2Perc_coupling_errors_on_RP/round_8/13_bessy3_56m_PGM_2Perc_coupling_errors_on_RP.rml
2025-02-10 20:55:29,807 - INFO - Prepared sim number: 14: RAYPy_Simulation_bessy3_56m_PGM_2Perc_coupling_errors_on_RP/round_8/14_bessy3_56m_PGM_2Perc_coupling_errors_on_RP.rml
2025-02-10 20:55:29,810 - INFO - Prepared sim number: 15: RAYPy_Simulation_bessy3_56m_PGM_2Perc_coupling_errors_on_RP/round_8/15_bessy3_56m_PGM_2Perc_coupling_errors_on_RP.rml
2025-02-10 20:55:29,813 - INFO - Prepared sim number: 16: RAYPy_Simulation_bessy3_56m_PGM_2Perc_coupling_errors_on_RP/round_8/16_bessy3_56m_PGM_2Perc_coupling_errors_on_RP.rml
2025-02-10 20:55:29,816 - INFO - Prepared sim number: 17: RAYPy_Simulation_bessy3_56m_PGM_2Perc_coupling_errors_on_RP/round_8/17_bessy3_56m_PGM_2Perc_coupling_errors_on_RP.rml
2025-02-10 20:55:29,820 - INFO - Prepared sim number: 18: RAYPy_Simulation_bessy3_56m_PGM_2Perc_coupling_errors_on_RP/round_8/18_bessy3_56m_PGM_2Perc_coupling_errors_on_RP.rml
2025-02-10 20:55:29,823 - INFO - Prepared sim number: 19: RAYPy_Simulation_bessy3_56m_PGM_2Perc_coupling_errors_on_RP/round_8/19_bessy3_56m_PGM_2Perc_coupling_errors_on_RP.rml
2025-02-10 20:55:29,827 - INFO - Prepared sim number: 20: RAYPy_Simulation_bessy3_56m_PGM_2Perc_coupling_errors_on_RP/round_8/20_bessy3_56m_PGM_2Perc_coupling_errors_on_RP.rml
2025-02-10 20:55:29,830 - INFO - Prepared sim number: 21: RAYPy_Simulation_bessy3_56m_PGM_2Perc_coupling_errors_on_RP/round_8/21_bessy3_56m_PGM_2Perc_coupling_errors_on_RP.rml
2025-02-10 20:55:29,833 - INFO - Prepared sim number: 22: RAYPy_Simulation_bessy3_56m_PGM_2Perc_coupling_errors_on_RP/round_8/22_bessy3_56m_PGM_2Perc_coupling_errors_on_RP.rml
2025-02-10 20:55:29,836 - INFO - Prepared sim number: 23: RAYPy_Simulation_bessy3_56m_PGM_2Perc_coupling_errors_on_RP/round_8/23_bessy3_56m_PGM_2Perc_coupling_errors_on_RP.rml
2025-02-10 20:55:29,840 - INFO - Prepared sim number: 24: RAYPy_Simulation_bessy3_56m_PGM_2Perc_coupling_errors_on_RP/round_8/24_bessy3_56m_PGM_2Perc_coupling_errors_on_RP.rml
2025-02-10 20:55:29,844 - INFO - Prepared sim number: 25: RAYPy_Simulation_bessy3_56m_PGM_2Perc_coupling_errors_on_RP/round_8/25_bessy3_56m_PGM_2Perc_coupling_errors_on_RP.rml
2025-02-10 20:55:29,847 - INFO - Prepared sim number: 26: RAYPy_Simulation_bessy3_56m_PGM_2Perc_coupling_errors_on_RP/round_8/26_bessy3_56m_PGM_2Perc_coupling_errors_on_RP.rml
2025-02-10 20:55:29,850 - INFO - Prepared sim number: 27: RAYPy_Simulation_bessy3_56m_PGM_2Perc_coupling_errors_on_RP/round_8/27_bessy3_56m_PGM_2Perc_coupling_errors_on_RP.rml
2025-02-10 20:55:29,854 - INFO - Prepared sim number: 28: RAYPy_Simulation_bessy3_56m_PGM_2Perc_coupling_errors_on_RP/round_8/28_bessy3_56m_PGM_2Perc_coupling_errors_on_RP.rml
2025-02-10 20:55:29,857 - INFO - Prepared sim number: 29: RAYPy_Simulation_bessy3_56m_PGM_2Perc_coupling_errors_on_RP/round_8/29_bessy3_56m_PGM_2Perc_coupling_errors_on_RP.rml
2025-02-10 20:55:29,860 - INFO - Prepared sim number: 30: RAYPy_Simulation_bessy3_56m_PGM_2Perc_coupling_errors_on_RP/round_8/30_bessy3_56m_PGM_2Perc_coupling_errors_on_RP.rml
2025-02-10 20:55:29,864 - INFO - Prepared sim number: 31: RAYPy_Simulation_bessy3_56m_PGM_2Perc_coupling_errors_on_RP/round_8/31_bessy3_56m_PGM_2Perc_coupling_errors_on_RP.rml
2025-02-10 20:55:29,864 - INFO - Waiting for batch number: 5, timeout: 21.68391839504242s
2025-02-10 20:55:32,357 - INFO - Completed: 1, remaining: 59, RAYPy_Simulation_bessy3_56m_PGM_2Perc_coupling_errors_on_RP/round_7/18_bessy3_56m_PGM_2Perc_coupling_errors_on_RP.rml
2025-02-10 20:55:32,364 - INFO - Completed: 2, remaining: 58, RAYPy_Simulation_bessy3_56m_PGM_2Perc_coupling_errors_on_RP/round_7/19_bessy3_56m_PGM_2Perc_coupling_errors_on_RP.rml
2025-02-10 20:55:32,426 - INFO - Completed: 3, remaining: 57, RAYPy_Simulation_bessy3_56m_PGM_2Perc_coupling_errors_on_RP/round_7/17_bessy3_56m_PGM_2Perc_coupling_errors_on_RP.rml
2025-02-10 20:55:32,454 - INFO - Completed: 4, remaining: 56, RAYPy_Simulation_bessy3_56m_PGM_2Perc_coupling_errors_on_RP/round_7/15_bessy3_56m_PGM_2Perc_coupling_errors_on_RP.rml
2025-02-10 20:55:32,581 - INFO - Completed: 5, remaining: 55, RAYPy_Simulation_bessy3_56m_PGM_2Perc_coupling_errors_on_RP/round_7/24_bessy3_56m_PGM_2Perc_coupling_errors_on_RP.rml
2025-02-10 20:55:32,599 - INFO - Completed: 6, remaining: 54, RAYPy_Simulation_bessy3_56m_PGM_2Perc_coupling_errors_on_RP/round_7/16_bessy3_56m_PGM_2Perc_coupling_errors_on_RP.rml
2025-02-10 20:55:32,786 - INFO - Completed: 7, remaining: 53, RAYPy_Simulation_bessy3_56m_PGM_2Perc_coupling_errors_on_RP/round_7/14_bessy3_56m_PGM_2Perc_coupling_errors_on_RP.rml
2025-02-10 20:55:35,099 - INFO - Completed: 8, remaining: 52, RAYPy_Simulation_bessy3_56m_PGM_2Perc_coupling_errors_on_RP/round_7/13_bessy3_56m_PGM_2Perc_coupling_errors_on_RP.rml
2025-02-10 20:55:35,391 - INFO - Completed: 9, remaining: 51, RAYPy_Simulation_bessy3_56m_PGM_2Perc_coupling_errors_on_RP/round_7/22_bessy3_56m_PGM_2Perc_coupling_errors_on_RP.rml
2025-02-10 20:55:35,431 - INFO - Completed: 10, remaining: 50, RAYPy_Simulation_bessy3_56m_PGM_2Perc_coupling_errors_on_RP/round_7/20_bessy3_56m_PGM_2Perc_coupling_errors_on_RP.rml
2025-02-10 20:55:35,443 - INFO - Completed: 11, remaining: 49, RAYPy_Simulation_bessy3_56m_PGM_2Perc_coupling_errors_on_RP/round_7/21_bessy3_56m_PGM_2Perc_coupling_errors_on_RP.rml
2025-02-10 20:55:35,690 - INFO - Completed: 12, remaining: 48, RAYPy_Simulation_bessy3_56m_PGM_2Perc_coupling_errors_on_RP/round_7/23_bessy3_56m_PGM_2Perc_coupling_errors_on_RP.rml
2025-02-10 20:55:35,924 - INFO - Completed: 13, remaining: 47, RAYPy_Simulation_bessy3_56m_PGM_2Perc_coupling_errors_on_RP/round_7/26_bessy3_56m_PGM_2Perc_coupling_errors_on_RP.rml
2025-02-10 20:55:35,951 - INFO - Completed: 14, remaining: 46, RAYPy_Simulation_bessy3_56m_PGM_2Perc_coupling_errors_on_RP/round_7/25_bessy3_56m_PGM_2Perc_coupling_errors_on_RP.rml
2025-02-10 20:55:36,012 - INFO - Completed: 15, remaining: 45, RAYPy_Simulation_bessy3_56m_PGM_2Perc_coupling_errors_on_RP/round_7/28_bessy3_56m_PGM_2Perc_coupling_errors_on_RP.rml
2025-02-10 20:55:36,251 - INFO - Completed: 16, remaining: 44, RAYPy_Simulation_bessy3_56m_PGM_2Perc_coupling_errors_on_RP/round_7/30_bessy3_56m_PGM_2Perc_coupling_errors_on_RP.rml
2025-02-10 20:55:36,293 - INFO - Completed: 17, remaining: 43, RAYPy_Simulation_bessy3_56m_PGM_2Perc_coupling_errors_on_RP/round_7/31_bessy3_56m_PGM_2Perc_coupling_errors_on_RP.rml
2025-02-10 20:55:36,414 - INFO - Completed: 18, remaining: 42, RAYPy_Simulation_bessy3_56m_PGM_2Perc_coupling_errors_on_RP/round_7/27_bessy3_56m_PGM_2Perc_coupling_errors_on_RP.rml
2025-02-10 20:55:36,814 - INFO - Completed: 19, remaining: 41, RAYPy_Simulation_bessy3_56m_PGM_2Perc_coupling_errors_on_RP/round_7/29_bessy3_56m_PGM_2Perc_coupling_errors_on_RP.rml
2025-02-10 20:55:38,610 - INFO - Completed: 20, remaining: 40, RAYPy_Simulation_bessy3_56m_PGM_2Perc_coupling_errors_on_RP/round_7/32_bessy3_56m_PGM_2Perc_coupling_errors_on_RP.rml
2025-02-10 20:55:38,889 - INFO - Completed: 21, remaining: 39, RAYPy_Simulation_bessy3_56m_PGM_2Perc_coupling_errors_on_RP/round_7/34_bessy3_56m_PGM_2Perc_coupling_errors_on_RP.rml
2025-02-10 20:55:38,912 - INFO - Completed: 22, remaining: 38, RAYPy_Simulation_bessy3_56m_PGM_2Perc_coupling_errors_on_RP/round_7/33_bessy3_56m_PGM_2Perc_coupling_errors_on_RP.rml
2025-02-10 20:55:39,033 - INFO - Completed: 23, remaining: 37, RAYPy_Simulation_bessy3_56m_PGM_2Perc_coupling_errors_on_RP/round_7/35_bessy3_56m_PGM_2Perc_coupling_errors_on_RP.rml
2025-02-10 20:55:39,535 - INFO - Completed: 24, remaining: 36, RAYPy_Simulation_bessy3_56m_PGM_2Perc_coupling_errors_on_RP/round_8/0_bessy3_56m_PGM_2Perc_coupling_errors_on_RP.rml
2025-02-10 20:55:39,538 - INFO - Completed: 25, remaining: 35, RAYPy_Simulation_bessy3_56m_PGM_2Perc_coupling_errors_on_RP/round_8/1_bessy3_56m_PGM_2Perc_coupling_errors_on_RP.rml
2025-02-10 20:55:39,585 - INFO - Completed: 26, remaining: 34, RAYPy_Simulation_bessy3_56m_PGM_2Perc_coupling_errors_on_RP/round_7/39_bessy3_56m_PGM_2Perc_coupling_errors_on_RP.rml
2025-02-10 20:55:39,687 - INFO - Completed: 27, remaining: 33, RAYPy_Simulation_bessy3_56m_PGM_2Perc_coupling_errors_on_RP/round_7/36_bessy3_56m_PGM_2Perc_coupling_errors_on_RP.rml
2025-02-10 20:55:39,736 - INFO - Completed: 28, remaining: 32, RAYPy_Simulation_bessy3_56m_PGM_2Perc_coupling_errors_on_RP/round_7/40_bessy3_56m_PGM_2Perc_coupling_errors_on_RP.rml
2025-02-10 20:55:39,736 - INFO - Completed: 29, remaining: 31, RAYPy_Simulation_bessy3_56m_PGM_2Perc_coupling_errors_on_RP/round_7/37_bessy3_56m_PGM_2Perc_coupling_errors_on_RP.rml
2025-02-10 20:55:40,046 - INFO - Completed: 30, remaining: 30, RAYPy_Simulation_bessy3_56m_PGM_2Perc_coupling_errors_on_RP/round_8/2_bessy3_56m_PGM_2Perc_coupling_errors_on_RP.rml
2025-02-10 20:55:40,121 - INFO - Completed: 31, remaining: 29, RAYPy_Simulation_bessy3_56m_PGM_2Perc_coupling_errors_on_RP/round_7/38_bessy3_56m_PGM_2Perc_coupling_errors_on_RP.rml
2025-02-10 20:55:41,892 - INFO - Completed: 32, remaining: 28, RAYPy_Simulation_bessy3_56m_PGM_2Perc_coupling_errors_on_RP/round_8/3_bessy3_56m_PGM_2Perc_coupling_errors_on_RP.rml
2025-02-10 20:55:41,927 - INFO - Completed: 33, remaining: 27, RAYPy_Simulation_bessy3_56m_PGM_2Perc_coupling_errors_on_RP/round_8/5_bessy3_56m_PGM_2Perc_coupling_errors_on_RP.rml
2025-02-10 20:55:42,127 - INFO - Completed: 34, remaining: 26, RAYPy_Simulation_bessy3_56m_PGM_2Perc_coupling_errors_on_RP/round_8/4_bessy3_56m_PGM_2Perc_coupling_errors_on_RP.rml
2025-02-10 20:55:42,360 - INFO - Completed: 35, remaining: 25, RAYPy_Simulation_bessy3_56m_PGM_2Perc_coupling_errors_on_RP/round_8/6_bessy3_56m_PGM_2Perc_coupling_errors_on_RP.rml
2025-02-10 20:55:42,799 - INFO - Completed: 36, remaining: 24, RAYPy_Simulation_bessy3_56m_PGM_2Perc_coupling_errors_on_RP/round_8/9_bessy3_56m_PGM_2Perc_coupling_errors_on_RP.rml
2025-02-10 20:55:42,860 - INFO - Completed: 37, remaining: 23, RAYPy_Simulation_bessy3_56m_PGM_2Perc_coupling_errors_on_RP/round_8/7_bessy3_56m_PGM_2Perc_coupling_errors_on_RP.rml
2025-02-10 20:55:42,910 - INFO - Completed: 38, remaining: 22, RAYPy_Simulation_bessy3_56m_PGM_2Perc_coupling_errors_on_RP/round_8/10_bessy3_56m_PGM_2Perc_coupling_errors_on_RP.rml
2025-02-10 20:55:42,992 - INFO - Completed: 39, remaining: 21, RAYPy_Simulation_bessy3_56m_PGM_2Perc_coupling_errors_on_RP/round_8/8_bessy3_56m_PGM_2Perc_coupling_errors_on_RP.rml
2025-02-10 20:55:43,164 - INFO - Completed: 40, remaining: 20, RAYPy_Simulation_bessy3_56m_PGM_2Perc_coupling_errors_on_RP/round_8/12_bessy3_56m_PGM_2Perc_coupling_errors_on_RP.rml
2025-02-10 20:55:43,174 - INFO - Completed: 41, remaining: 19, RAYPy_Simulation_bessy3_56m_PGM_2Perc_coupling_errors_on_RP/round_8/11_bessy3_56m_PGM_2Perc_coupling_errors_on_RP.rml
2025-02-10 20:55:43,376 - INFO - Completed: 42, remaining: 18, RAYPy_Simulation_bessy3_56m_PGM_2Perc_coupling_errors_on_RP/round_8/14_bessy3_56m_PGM_2Perc_coupling_errors_on_RP.rml
2025-02-10 20:55:43,523 - INFO - Completed: 43, remaining: 17, RAYPy_Simulation_bessy3_56m_PGM_2Perc_coupling_errors_on_RP/round_8/13_bessy3_56m_PGM_2Perc_coupling_errors_on_RP.rml
2025-02-10 20:55:45,390 - INFO - Completed: 44, remaining: 16, RAYPy_Simulation_bessy3_56m_PGM_2Perc_coupling_errors_on_RP/round_8/16_bessy3_56m_PGM_2Perc_coupling_errors_on_RP.rml
2025-02-10 20:55:45,495 - INFO - Completed: 45, remaining: 15, RAYPy_Simulation_bessy3_56m_PGM_2Perc_coupling_errors_on_RP/round_8/15_bessy3_56m_PGM_2Perc_coupling_errors_on_RP.rml
2025-02-10 20:55:45,951 - INFO - Completed: 46, remaining: 14, RAYPy_Simulation_bessy3_56m_PGM_2Perc_coupling_errors_on_RP/round_8/18_bessy3_56m_PGM_2Perc_coupling_errors_on_RP.rml
2025-02-10 20:55:45,978 - INFO - Completed: 47, remaining: 13, RAYPy_Simulation_bessy3_56m_PGM_2Perc_coupling_errors_on_RP/round_8/17_bessy3_56m_PGM_2Perc_coupling_errors_on_RP.rml
2025-02-10 20:55:46,502 - INFO - Completed: 48, remaining: 12, RAYPy_Simulation_bessy3_56m_PGM_2Perc_coupling_errors_on_RP/round_8/21_bessy3_56m_PGM_2Perc_coupling_errors_on_RP.rml
2025-02-10 20:55:46,637 - INFO - Completed: 49, remaining: 11, RAYPy_Simulation_bessy3_56m_PGM_2Perc_coupling_errors_on_RP/round_8/19_bessy3_56m_PGM_2Perc_coupling_errors_on_RP.rml
2025-02-10 20:55:46,748 - INFO - Completed: 50, remaining: 10, RAYPy_Simulation_bessy3_56m_PGM_2Perc_coupling_errors_on_RP/round_8/22_bessy3_56m_PGM_2Perc_coupling_errors_on_RP.rml
2025-02-10 20:55:46,760 - INFO - Completed: 51, remaining: 9, RAYPy_Simulation_bessy3_56m_PGM_2Perc_coupling_errors_on_RP/round_8/20_bessy3_56m_PGM_2Perc_coupling_errors_on_RP.rml
2025-02-10 20:55:46,944 - INFO - Completed: 52, remaining: 8, RAYPy_Simulation_bessy3_56m_PGM_2Perc_coupling_errors_on_RP/round_8/23_bessy3_56m_PGM_2Perc_coupling_errors_on_RP.rml
2025-02-10 20:55:47,138 - INFO - Completed: 53, remaining: 7, RAYPy_Simulation_bessy3_56m_PGM_2Perc_coupling_errors_on_RP/round_8/24_bessy3_56m_PGM_2Perc_coupling_errors_on_RP.rml
2025-02-10 20:55:47,155 - INFO - Completed: 54, remaining: 6, RAYPy_Simulation_bessy3_56m_PGM_2Perc_coupling_errors_on_RP/round_8/26_bessy3_56m_PGM_2Perc_coupling_errors_on_RP.rml
2025-02-10 20:55:47,222 - INFO - Completed: 55, remaining: 5, RAYPy_Simulation_bessy3_56m_PGM_2Perc_coupling_errors_on_RP/round_8/25_bessy3_56m_PGM_2Perc_coupling_errors_on_RP.rml
2025-02-10 20:55:48,317 - INFO - Completed: 56, remaining: 4, RAYPy_Simulation_bessy3_56m_PGM_2Perc_coupling_errors_on_RP/round_8/27_bessy3_56m_PGM_2Perc_coupling_errors_on_RP.rml
2025-02-10 20:55:48,451 - INFO - Completed: 57, remaining: 3, RAYPy_Simulation_bessy3_56m_PGM_2Perc_coupling_errors_on_RP/round_8/28_bessy3_56m_PGM_2Perc_coupling_errors_on_RP.rml
2025-02-10 20:55:48,625 - INFO - Completed: 58, remaining: 2, RAYPy_Simulation_bessy3_56m_PGM_2Perc_coupling_errors_on_RP/round_8/29_bessy3_56m_PGM_2Perc_coupling_errors_on_RP.rml
2025-02-10 20:55:48,777 - INFO - Completed: 59, remaining: 1, RAYPy_Simulation_bessy3_56m_PGM_2Perc_coupling_errors_on_RP/round_8/30_bessy3_56m_PGM_2Perc_coupling_errors_on_RP.rml
2025-02-10 20:55:48,864 - INFO - Completed: 60, remaining: 0, RAYPy_Simulation_bessy3_56m_PGM_2Perc_coupling_errors_on_RP/round_8/31_bessy3_56m_PGM_2Perc_coupling_errors_on_RP.rml
2025-02-10 20:55:48,865 - INFO - Batch Completed
2025-02-10 20:55:48,865 - INFO - Waiting For batch, 60 simulations to go
2025-02-10 20:55:48,872 - INFO - Prepared sim number: 32: RAYPy_Simulation_bessy3_56m_PGM_2Perc_coupling_errors_on_RP/round_8/32_bessy3_56m_PGM_2Perc_coupling_errors_on_RP.rml
2025-02-10 20:55:48,880 - INFO - Prepared sim number: 33: RAYPy_Simulation_bessy3_56m_PGM_2Perc_coupling_errors_on_RP/round_8/33_bessy3_56m_PGM_2Perc_coupling_errors_on_RP.rml
2025-02-10 20:55:48,887 - INFO - Prepared sim number: 34: RAYPy_Simulation_bessy3_56m_PGM_2Perc_coupling_errors_on_RP/round_8/34_bessy3_56m_PGM_2Perc_coupling_errors_on_RP.rml
2025-02-10 20:55:48,895 - INFO - Prepared sim number: 35: RAYPy_Simulation_bessy3_56m_PGM_2Perc_coupling_errors_on_RP/round_8/35_bessy3_56m_PGM_2Perc_coupling_errors_on_RP.rml
2025-02-10 20:55:48,902 - INFO - Prepared sim number: 36: RAYPy_Simulation_bessy3_56m_PGM_2Perc_coupling_errors_on_RP/round_8/36_bessy3_56m_PGM_2Perc_coupling_errors_on_RP.rml
2025-02-10 20:55:48,909 - INFO - Prepared sim number: 37: RAYPy_Simulation_bessy3_56m_PGM_2Perc_coupling_errors_on_RP/round_8/37_bessy3_56m_PGM_2Perc_coupling_errors_on_RP.rml
2025-02-10 20:55:48,914 - INFO - Prepared sim number: 38: RAYPy_Simulation_bessy3_56m_PGM_2Perc_coupling_errors_on_RP/round_8/38_bessy3_56m_PGM_2Perc_coupling_errors_on_RP.rml
2025-02-10 20:55:48,920 - INFO - Prepared sim number: 39: RAYPy_Simulation_bessy3_56m_PGM_2Perc_coupling_errors_on_RP/round_8/39_bessy3_56m_PGM_2Perc_coupling_errors_on_RP.rml
2025-02-10 20:55:48,925 - INFO - Prepared sim number: 40: RAYPy_Simulation_bessy3_56m_PGM_2Perc_coupling_errors_on_RP/round_8/40_bessy3_56m_PGM_2Perc_coupling_errors_on_RP.rml
2025-02-10 20:55:48,925 - INFO - Start round 9
2025-02-10 20:55:48,930 - INFO - Prepared sim number: 0: RAYPy_Simulation_bessy3_56m_PGM_2Perc_coupling_errors_on_RP/round_9/0_bessy3_56m_PGM_2Perc_coupling_errors_on_RP.rml
2025-02-10 20:55:48,935 - INFO - Prepared sim number: 1: RAYPy_Simulation_bessy3_56m_PGM_2Perc_coupling_errors_on_RP/round_9/1_bessy3_56m_PGM_2Perc_coupling_errors_on_RP.rml
2025-02-10 20:55:48,939 - INFO - Prepared sim number: 2: RAYPy_Simulation_bessy3_56m_PGM_2Perc_coupling_errors_on_RP/round_9/2_bessy3_56m_PGM_2Perc_coupling_errors_on_RP.rml
2025-02-10 20:55:48,944 - INFO - Prepared sim number: 3: RAYPy_Simulation_bessy3_56m_PGM_2Perc_coupling_errors_on_RP/round_9/3_bessy3_56m_PGM_2Perc_coupling_errors_on_RP.rml
2025-02-10 20:55:48,949 - INFO - Prepared sim number: 4: RAYPy_Simulation_bessy3_56m_PGM_2Perc_coupling_errors_on_RP/round_9/4_bessy3_56m_PGM_2Perc_coupling_errors_on_RP.rml
2025-02-10 20:55:48,954 - INFO - Prepared sim number: 5: RAYPy_Simulation_bessy3_56m_PGM_2Perc_coupling_errors_on_RP/round_9/5_bessy3_56m_PGM_2Perc_coupling_errors_on_RP.rml
2025-02-10 20:55:48,959 - INFO - Prepared sim number: 6: RAYPy_Simulation_bessy3_56m_PGM_2Perc_coupling_errors_on_RP/round_9/6_bessy3_56m_PGM_2Perc_coupling_errors_on_RP.rml
2025-02-10 20:55:48,963 - INFO - Prepared sim number: 7: RAYPy_Simulation_bessy3_56m_PGM_2Perc_coupling_errors_on_RP/round_9/7_bessy3_56m_PGM_2Perc_coupling_errors_on_RP.rml
2025-02-10 20:55:48,968 - INFO - Prepared sim number: 8: RAYPy_Simulation_bessy3_56m_PGM_2Perc_coupling_errors_on_RP/round_9/8_bessy3_56m_PGM_2Perc_coupling_errors_on_RP.rml
2025-02-10 20:55:48,973 - INFO - Prepared sim number: 9: RAYPy_Simulation_bessy3_56m_PGM_2Perc_coupling_errors_on_RP/round_9/9_bessy3_56m_PGM_2Perc_coupling_errors_on_RP.rml
2025-02-10 20:55:48,977 - INFO - Prepared sim number: 10: RAYPy_Simulation_bessy3_56m_PGM_2Perc_coupling_errors_on_RP/round_9/10_bessy3_56m_PGM_2Perc_coupling_errors_on_RP.rml
2025-02-10 20:55:48,982 - INFO - Prepared sim number: 11: RAYPy_Simulation_bessy3_56m_PGM_2Perc_coupling_errors_on_RP/round_9/11_bessy3_56m_PGM_2Perc_coupling_errors_on_RP.rml
2025-02-10 20:55:48,987 - INFO - Prepared sim number: 12: RAYPy_Simulation_bessy3_56m_PGM_2Perc_coupling_errors_on_RP/round_9/12_bessy3_56m_PGM_2Perc_coupling_errors_on_RP.rml
2025-02-10 20:55:48,991 - INFO - Prepared sim number: 13: RAYPy_Simulation_bessy3_56m_PGM_2Perc_coupling_errors_on_RP/round_9/13_bessy3_56m_PGM_2Perc_coupling_errors_on_RP.rml
2025-02-10 20:55:48,996 - INFO - Prepared sim number: 14: RAYPy_Simulation_bessy3_56m_PGM_2Perc_coupling_errors_on_RP/round_9/14_bessy3_56m_PGM_2Perc_coupling_errors_on_RP.rml
2025-02-10 20:55:49,001 - INFO - Prepared sim number: 15: RAYPy_Simulation_bessy3_56m_PGM_2Perc_coupling_errors_on_RP/round_9/15_bessy3_56m_PGM_2Perc_coupling_errors_on_RP.rml
2025-02-10 20:55:49,006 - INFO - Prepared sim number: 16: RAYPy_Simulation_bessy3_56m_PGM_2Perc_coupling_errors_on_RP/round_9/16_bessy3_56m_PGM_2Perc_coupling_errors_on_RP.rml
2025-02-10 20:55:49,011 - INFO - Prepared sim number: 17: RAYPy_Simulation_bessy3_56m_PGM_2Perc_coupling_errors_on_RP/round_9/17_bessy3_56m_PGM_2Perc_coupling_errors_on_RP.rml
2025-02-10 20:55:49,016 - INFO - Prepared sim number: 18: RAYPy_Simulation_bessy3_56m_PGM_2Perc_coupling_errors_on_RP/round_9/18_bessy3_56m_PGM_2Perc_coupling_errors_on_RP.rml
2025-02-10 20:55:49,022 - INFO - Prepared sim number: 19: RAYPy_Simulation_bessy3_56m_PGM_2Perc_coupling_errors_on_RP/round_9/19_bessy3_56m_PGM_2Perc_coupling_errors_on_RP.rml
2025-02-10 20:55:49,027 - INFO - Prepared sim number: 20: RAYPy_Simulation_bessy3_56m_PGM_2Perc_coupling_errors_on_RP/round_9/20_bessy3_56m_PGM_2Perc_coupling_errors_on_RP.rml
2025-02-10 20:55:49,032 - INFO - Prepared sim number: 21: RAYPy_Simulation_bessy3_56m_PGM_2Perc_coupling_errors_on_RP/round_9/21_bessy3_56m_PGM_2Perc_coupling_errors_on_RP.rml
2025-02-10 20:55:49,037 - INFO - Prepared sim number: 22: RAYPy_Simulation_bessy3_56m_PGM_2Perc_coupling_errors_on_RP/round_9/22_bessy3_56m_PGM_2Perc_coupling_errors_on_RP.rml
2025-02-10 20:55:49,043 - INFO - Prepared sim number: 23: RAYPy_Simulation_bessy3_56m_PGM_2Perc_coupling_errors_on_RP/round_9/23_bessy3_56m_PGM_2Perc_coupling_errors_on_RP.rml
2025-02-10 20:55:49,048 - INFO - Prepared sim number: 24: RAYPy_Simulation_bessy3_56m_PGM_2Perc_coupling_errors_on_RP/round_9/24_bessy3_56m_PGM_2Perc_coupling_errors_on_RP.rml
2025-02-10 20:55:49,053 - INFO - Prepared sim number: 25: RAYPy_Simulation_bessy3_56m_PGM_2Perc_coupling_errors_on_RP/round_9/25_bessy3_56m_PGM_2Perc_coupling_errors_on_RP.rml
2025-02-10 20:55:49,058 - INFO - Prepared sim number: 26: RAYPy_Simulation_bessy3_56m_PGM_2Perc_coupling_errors_on_RP/round_9/26_bessy3_56m_PGM_2Perc_coupling_errors_on_RP.rml
2025-02-10 20:55:49,063 - INFO - Prepared sim number: 27: RAYPy_Simulation_bessy3_56m_PGM_2Perc_coupling_errors_on_RP/round_9/27_bessy3_56m_PGM_2Perc_coupling_errors_on_RP.rml
2025-02-10 20:55:49,068 - INFO - Prepared sim number: 28: RAYPy_Simulation_bessy3_56m_PGM_2Perc_coupling_errors_on_RP/round_9/28_bessy3_56m_PGM_2Perc_coupling_errors_on_RP.rml
2025-02-10 20:55:49,073 - INFO - Prepared sim number: 29: RAYPy_Simulation_bessy3_56m_PGM_2Perc_coupling_errors_on_RP/round_9/29_bessy3_56m_PGM_2Perc_coupling_errors_on_RP.rml
2025-02-10 20:55:49,078 - INFO - Prepared sim number: 30: RAYPy_Simulation_bessy3_56m_PGM_2Perc_coupling_errors_on_RP/round_9/30_bessy3_56m_PGM_2Perc_coupling_errors_on_RP.rml
2025-02-10 20:55:49,082 - INFO - Prepared sim number: 31: RAYPy_Simulation_bessy3_56m_PGM_2Perc_coupling_errors_on_RP/round_9/31_bessy3_56m_PGM_2Perc_coupling_errors_on_RP.rml
2025-02-10 20:55:49,087 - INFO - Prepared sim number: 32: RAYPy_Simulation_bessy3_56m_PGM_2Perc_coupling_errors_on_RP/round_9/32_bessy3_56m_PGM_2Perc_coupling_errors_on_RP.rml
2025-02-10 20:55:49,094 - INFO - Prepared sim number: 33: RAYPy_Simulation_bessy3_56m_PGM_2Perc_coupling_errors_on_RP/round_9/33_bessy3_56m_PGM_2Perc_coupling_errors_on_RP.rml
2025-02-10 20:55:49,099 - INFO - Prepared sim number: 34: RAYPy_Simulation_bessy3_56m_PGM_2Perc_coupling_errors_on_RP/round_9/34_bessy3_56m_PGM_2Perc_coupling_errors_on_RP.rml
2025-02-10 20:55:49,104 - INFO - Prepared sim number: 35: RAYPy_Simulation_bessy3_56m_PGM_2Perc_coupling_errors_on_RP/round_9/35_bessy3_56m_PGM_2Perc_coupling_errors_on_RP.rml
2025-02-10 20:55:49,109 - INFO - Prepared sim number: 36: RAYPy_Simulation_bessy3_56m_PGM_2Perc_coupling_errors_on_RP/round_9/36_bessy3_56m_PGM_2Perc_coupling_errors_on_RP.rml
2025-02-10 20:55:49,114 - INFO - Prepared sim number: 37: RAYPy_Simulation_bessy3_56m_PGM_2Perc_coupling_errors_on_RP/round_9/37_bessy3_56m_PGM_2Perc_coupling_errors_on_RP.rml
2025-02-10 20:55:49,119 - INFO - Prepared sim number: 38: RAYPy_Simulation_bessy3_56m_PGM_2Perc_coupling_errors_on_RP/round_9/38_bessy3_56m_PGM_2Perc_coupling_errors_on_RP.rml
2025-02-10 20:55:49,124 - INFO - Prepared sim number: 39: RAYPy_Simulation_bessy3_56m_PGM_2Perc_coupling_errors_on_RP/round_9/39_bessy3_56m_PGM_2Perc_coupling_errors_on_RP.rml
2025-02-10 20:55:49,129 - INFO - Prepared sim number: 40: RAYPy_Simulation_bessy3_56m_PGM_2Perc_coupling_errors_on_RP/round_9/40_bessy3_56m_PGM_2Perc_coupling_errors_on_RP.rml
2025-02-10 20:55:49,131 - INFO - Waiting for batch number: 6, timeout: 21.62367840607961s
2025-02-10 20:55:51,867 - INFO - Completed: 1, remaining: 59, RAYPy_Simulation_bessy3_56m_PGM_2Perc_coupling_errors_on_RP/round_8/32_bessy3_56m_PGM_2Perc_coupling_errors_on_RP.rml
2025-02-10 20:55:51,977 - INFO - Completed: 2, remaining: 58, RAYPy_Simulation_bessy3_56m_PGM_2Perc_coupling_errors_on_RP/round_9/2_bessy3_56m_PGM_2Perc_coupling_errors_on_RP.rml
2025-02-10 20:55:51,990 - INFO - Completed: 3, remaining: 57, RAYPy_Simulation_bessy3_56m_PGM_2Perc_coupling_errors_on_RP/round_8/38_bessy3_56m_PGM_2Perc_coupling_errors_on_RP.rml
2025-02-10 20:55:52,015 - INFO - Completed: 4, remaining: 56, RAYPy_Simulation_bessy3_56m_PGM_2Perc_coupling_errors_on_RP/round_9/0_bessy3_56m_PGM_2Perc_coupling_errors_on_RP.rml
2025-02-10 20:55:52,183 - INFO - Completed: 5, remaining: 55, RAYPy_Simulation_bessy3_56m_PGM_2Perc_coupling_errors_on_RP/round_8/34_bessy3_56m_PGM_2Perc_coupling_errors_on_RP.rml
2025-02-10 20:55:52,243 - INFO - Completed: 6, remaining: 54, RAYPy_Simulation_bessy3_56m_PGM_2Perc_coupling_errors_on_RP/round_8/33_bessy3_56m_PGM_2Perc_coupling_errors_on_RP.rml
2025-02-10 20:55:52,301 - INFO - Completed: 7, remaining: 53, RAYPy_Simulation_bessy3_56m_PGM_2Perc_coupling_errors_on_RP/round_8/35_bessy3_56m_PGM_2Perc_coupling_errors_on_RP.rml
2025-02-10 20:55:52,350 - INFO - Completed: 8, remaining: 52, RAYPy_Simulation_bessy3_56m_PGM_2Perc_coupling_errors_on_RP/round_8/39_bessy3_56m_PGM_2Perc_coupling_errors_on_RP.rml
2025-02-10 20:55:52,497 - INFO - Completed: 9, remaining: 51, RAYPy_Simulation_bessy3_56m_PGM_2Perc_coupling_errors_on_RP/round_8/40_bessy3_56m_PGM_2Perc_coupling_errors_on_RP.rml
2025-02-10 20:55:54,144 - INFO - Completed: 10, remaining: 50, RAYPy_Simulation_bessy3_56m_PGM_2Perc_coupling_errors_on_RP/round_9/1_bessy3_56m_PGM_2Perc_coupling_errors_on_RP.rml
2025-02-10 20:55:54,275 - INFO - Completed: 11, remaining: 49, RAYPy_Simulation_bessy3_56m_PGM_2Perc_coupling_errors_on_RP/round_8/37_bessy3_56m_PGM_2Perc_coupling_errors_on_RP.rml
2025-02-10 20:55:54,373 - INFO - Completed: 12, remaining: 48, RAYPy_Simulation_bessy3_56m_PGM_2Perc_coupling_errors_on_RP/round_8/36_bessy3_56m_PGM_2Perc_coupling_errors_on_RP.rml
2025-02-10 20:55:54,926 - INFO - Completed: 13, remaining: 47, RAYPy_Simulation_bessy3_56m_PGM_2Perc_coupling_errors_on_RP/round_9/4_bessy3_56m_PGM_2Perc_coupling_errors_on_RP.rml
2025-02-10 20:55:55,250 - INFO - Completed: 14, remaining: 46, RAYPy_Simulation_bessy3_56m_PGM_2Perc_coupling_errors_on_RP/round_9/5_bessy3_56m_PGM_2Perc_coupling_errors_on_RP.rml
2025-02-10 20:55:55,282 - INFO - Completed: 15, remaining: 45, RAYPy_Simulation_bessy3_56m_PGM_2Perc_coupling_errors_on_RP/round_9/8_bessy3_56m_PGM_2Perc_coupling_errors_on_RP.rml
2025-02-10 20:55:55,386 - INFO - Completed: 16, remaining: 44, RAYPy_Simulation_bessy3_56m_PGM_2Perc_coupling_errors_on_RP/round_9/3_bessy3_56m_PGM_2Perc_coupling_errors_on_RP.rml
2025-02-10 20:55:55,447 - INFO - Completed: 17, remaining: 43, RAYPy_Simulation_bessy3_56m_PGM_2Perc_coupling_errors_on_RP/round_9/7_bessy3_56m_PGM_2Perc_coupling_errors_on_RP.rml
2025-02-10 20:55:55,510 - INFO - Completed: 18, remaining: 42, RAYPy_Simulation_bessy3_56m_PGM_2Perc_coupling_errors_on_RP/round_9/9_bessy3_56m_PGM_2Perc_coupling_errors_on_RP.rml
2025-02-10 20:55:55,627 - INFO - Completed: 19, remaining: 41, RAYPy_Simulation_bessy3_56m_PGM_2Perc_coupling_errors_on_RP/round_9/10_bessy3_56m_PGM_2Perc_coupling_errors_on_RP.rml
2025-02-10 20:55:55,729 - INFO - Completed: 20, remaining: 40, RAYPy_Simulation_bessy3_56m_PGM_2Perc_coupling_errors_on_RP/round_9/6_bessy3_56m_PGM_2Perc_coupling_errors_on_RP.rml
2025-02-10 20:55:55,805 - INFO - Completed: 21, remaining: 39, RAYPy_Simulation_bessy3_56m_PGM_2Perc_coupling_errors_on_RP/round_9/11_bessy3_56m_PGM_2Perc_coupling_errors_on_RP.rml
2025-02-10 20:55:57,713 - INFO - Completed: 22, remaining: 38, RAYPy_Simulation_bessy3_56m_PGM_2Perc_coupling_errors_on_RP/round_9/12_bessy3_56m_PGM_2Perc_coupling_errors_on_RP.rml
2025-02-10 20:55:58,076 - INFO - Completed: 23, remaining: 37, RAYPy_Simulation_bessy3_56m_PGM_2Perc_coupling_errors_on_RP/round_9/13_bessy3_56m_PGM_2Perc_coupling_errors_on_RP.rml
2025-02-10 20:55:58,110 - INFO - Completed: 24, remaining: 36, RAYPy_Simulation_bessy3_56m_PGM_2Perc_coupling_errors_on_RP/round_9/14_bessy3_56m_PGM_2Perc_coupling_errors_on_RP.rml
2025-02-10 20:55:58,430 - INFO - Completed: 25, remaining: 35, RAYPy_Simulation_bessy3_56m_PGM_2Perc_coupling_errors_on_RP/round_9/15_bessy3_56m_PGM_2Perc_coupling_errors_on_RP.rml
2025-02-10 20:55:58,879 - INFO - Completed: 26, remaining: 34, RAYPy_Simulation_bessy3_56m_PGM_2Perc_coupling_errors_on_RP/round_9/16_bessy3_56m_PGM_2Perc_coupling_errors_on_RP.rml
2025-02-10 20:55:58,944 - INFO - Completed: 27, remaining: 33, RAYPy_Simulation_bessy3_56m_PGM_2Perc_coupling_errors_on_RP/round_9/17_bessy3_56m_PGM_2Perc_coupling_errors_on_RP.rml
2025-02-10 20:55:59,227 - INFO - Completed: 28, remaining: 32, RAYPy_Simulation_bessy3_56m_PGM_2Perc_coupling_errors_on_RP/round_9/20_bessy3_56m_PGM_2Perc_coupling_errors_on_RP.rml
2025-02-10 20:55:59,273 - INFO - Completed: 29, remaining: 31, RAYPy_Simulation_bessy3_56m_PGM_2Perc_coupling_errors_on_RP/round_9/19_bessy3_56m_PGM_2Perc_coupling_errors_on_RP.rml
2025-02-10 20:55:59,334 - INFO - Completed: 30, remaining: 30, RAYPy_Simulation_bessy3_56m_PGM_2Perc_coupling_errors_on_RP/round_9/21_bessy3_56m_PGM_2Perc_coupling_errors_on_RP.rml
2025-02-10 20:55:59,570 - INFO - Completed: 31, remaining: 29, RAYPy_Simulation_bessy3_56m_PGM_2Perc_coupling_errors_on_RP/round_9/22_bessy3_56m_PGM_2Perc_coupling_errors_on_RP.rml
2025-02-10 20:55:59,708 - INFO - Completed: 32, remaining: 28, RAYPy_Simulation_bessy3_56m_PGM_2Perc_coupling_errors_on_RP/round_9/23_bessy3_56m_PGM_2Perc_coupling_errors_on_RP.rml
2025-02-10 20:55:59,992 - INFO - Completed: 33, remaining: 27, RAYPy_Simulation_bessy3_56m_PGM_2Perc_coupling_errors_on_RP/round_9/18_bessy3_56m_PGM_2Perc_coupling_errors_on_RP.rml
2025-02-10 20:56:01,350 - INFO - Completed: 34, remaining: 26, RAYPy_Simulation_bessy3_56m_PGM_2Perc_coupling_errors_on_RP/round_9/24_bessy3_56m_PGM_2Perc_coupling_errors_on_RP.rml
2025-02-10 20:56:01,817 - INFO - Completed: 35, remaining: 25, RAYPy_Simulation_bessy3_56m_PGM_2Perc_coupling_errors_on_RP/round_9/25_bessy3_56m_PGM_2Perc_coupling_errors_on_RP.rml
2025-02-10 20:56:01,856 - INFO - Completed: 36, remaining: 24, RAYPy_Simulation_bessy3_56m_PGM_2Perc_coupling_errors_on_RP/round_9/26_bessy3_56m_PGM_2Perc_coupling_errors_on_RP.rml
2025-02-10 20:56:01,947 - INFO - Completed: 37, remaining: 23, RAYPy_Simulation_bessy3_56m_PGM_2Perc_coupling_errors_on_RP/round_9/27_bessy3_56m_PGM_2Perc_coupling_errors_on_RP.rml
2025-02-10 20:56:02,555 - INFO - Completed: 38, remaining: 22, RAYPy_Simulation_bessy3_56m_PGM_2Perc_coupling_errors_on_RP/round_9/28_bessy3_56m_PGM_2Perc_coupling_errors_on_RP.rml
2025-02-10 20:56:02,830 - INFO - Completed: 39, remaining: 21, RAYPy_Simulation_bessy3_56m_PGM_2Perc_coupling_errors_on_RP/round_9/30_bessy3_56m_PGM_2Perc_coupling_errors_on_RP.rml
2025-02-10 20:56:02,842 - INFO - Completed: 40, remaining: 20, RAYPy_Simulation_bessy3_56m_PGM_2Perc_coupling_errors_on_RP/round_9/32_bessy3_56m_PGM_2Perc_coupling_errors_on_RP.rml
2025-02-10 20:56:02,890 - INFO - Completed: 41, remaining: 19, RAYPy_Simulation_bessy3_56m_PGM_2Perc_coupling_errors_on_RP/round_9/31_bessy3_56m_PGM_2Perc_coupling_errors_on_RP.rml
2025-02-10 20:56:03,171 - INFO - Completed: 42, remaining: 18, RAYPy_Simulation_bessy3_56m_PGM_2Perc_coupling_errors_on_RP/round_9/29_bessy3_56m_PGM_2Perc_coupling_errors_on_RP.rml
2025-02-10 20:56:03,251 - INFO - Completed: 43, remaining: 17, RAYPy_Simulation_bessy3_56m_PGM_2Perc_coupling_errors_on_RP/round_9/33_bessy3_56m_PGM_2Perc_coupling_errors_on_RP.rml
2025-02-10 20:56:03,399 - INFO - Completed: 44, remaining: 16, RAYPy_Simulation_bessy3_56m_PGM_2Perc_coupling_errors_on_RP/round_9/34_bessy3_56m_PGM_2Perc_coupling_errors_on_RP.rml
2025-02-10 20:56:03,432 - INFO - Completed: 45, remaining: 15, RAYPy_Simulation_bessy3_56m_PGM_2Perc_coupling_errors_on_RP/round_9/35_bessy3_56m_PGM_2Perc_coupling_errors_on_RP.rml
2025-02-10 20:56:04,372 - INFO - Completed: 46, remaining: 14, RAYPy_Simulation_bessy3_56m_PGM_2Perc_coupling_errors_on_RP/round_9/36_bessy3_56m_PGM_2Perc_coupling_errors_on_RP.rml
2025-02-10 20:56:04,652 - INFO - Completed: 47, remaining: 13, RAYPy_Simulation_bessy3_56m_PGM_2Perc_coupling_errors_on_RP/round_9/39_bessy3_56m_PGM_2Perc_coupling_errors_on_RP.rml
2025-02-10 20:56:04,658 - INFO - Completed: 48, remaining: 12, RAYPy_Simulation_bessy3_56m_PGM_2Perc_coupling_errors_on_RP/round_9/38_bessy3_56m_PGM_2Perc_coupling_errors_on_RP.rml
2025-02-10 20:56:04,756 - INFO - Completed: 49, remaining: 11, RAYPy_Simulation_bessy3_56m_PGM_2Perc_coupling_errors_on_RP/round_9/37_bessy3_56m_PGM_2Perc_coupling_errors_on_RP.rml
2025-02-10 20:56:04,938 - INFO - Completed: 50, remaining: 10, RAYPy_Simulation_bessy3_56m_PGM_2Perc_coupling_errors_on_RP/round_9/40_bessy3_56m_PGM_2Perc_coupling_errors_on_RP.rml
2025-02-10 20:56:04,938 - INFO - Batch Completed
2025-02-10 20:56:04,938 - INFO - Waiting For batch, 60 simulations to go
2025-02-10 20:56:04,939 - INFO - Remaning Simulations 0, stop the simulations loop
2025-02-10 20:56:04,939 - INFO - Checking that all simulations are completed before stopping the ProcessPoolExecutor
2025-02-10 20:56:05,023 - INFO - Executor shutdown completed.
2025-02-10 20:56:05,039 - INFO - Simulation completed successfully.
2025-02-10 20:56:05,039 - INFO - Starting cleanup
2025-02-10 20:56:06,375 - INFO - Done with the cleanup
2025-02-10 20:56:06,375 - INFO - Create Pandas Recap Files
2025-02-10 20:56:06,391 - INFO - End of the Simulations
