2025-02-10 19:11:22,323 - INFO - Simulation started, using 12 workers
2025-02-10 19:11:22,326 - INFO - Start round 0
2025-02-10 19:11:22,344 - INFO - Prepared sim number: 0: RAYPy_Simulation_bessy2hi_56m_PGM_2Perc_coupling_errors_on_fac10_RP/round_0/0_bessy2hi_56m_PGM_2Perc_coupling_errors_on_fac10_RP.rml
2025-02-10 19:11:22,355 - INFO - Prepared sim number: 1: RAYPy_Simulation_bessy2hi_56m_PGM_2Perc_coupling_errors_on_fac10_RP/round_0/1_bessy2hi_56m_PGM_2Perc_coupling_errors_on_fac10_RP.rml
2025-02-10 19:11:22,367 - INFO - Prepared sim number: 2: RAYPy_Simulation_bessy2hi_56m_PGM_2Perc_coupling_errors_on_fac10_RP/round_0/2_bessy2hi_56m_PGM_2Perc_coupling_errors_on_fac10_RP.rml
2025-02-10 19:11:22,377 - INFO - Prepared sim number: 3: RAYPy_Simulation_bessy2hi_56m_PGM_2Perc_coupling_errors_on_fac10_RP/round_0/3_bessy2hi_56m_PGM_2Perc_coupling_errors_on_fac10_RP.rml
2025-02-10 19:11:22,387 - INFO - Prepared sim number: 4: RAYPy_Simulation_bessy2hi_56m_PGM_2Perc_coupling_errors_on_fac10_RP/round_0/4_bessy2hi_56m_PGM_2Perc_coupling_errors_on_fac10_RP.rml
2025-02-10 19:11:22,400 - INFO - Prepared sim number: 5: RAYPy_Simulation_bessy2hi_56m_PGM_2Perc_coupling_errors_on_fac10_RP/round_0/5_bessy2hi_56m_PGM_2Perc_coupling_errors_on_fac10_RP.rml
2025-02-10 19:11:22,410 - INFO - Prepared sim number: 6: RAYPy_Simulation_bessy2hi_56m_PGM_2Perc_coupling_errors_on_fac10_RP/round_0/6_bessy2hi_56m_PGM_2Perc_coupling_errors_on_fac10_RP.rml
2025-02-10 19:11:22,420 - INFO - Prepared sim number: 7: RAYPy_Simulation_bessy2hi_56m_PGM_2Perc_coupling_errors_on_fac10_RP/round_0/7_bessy2hi_56m_PGM_2Perc_coupling_errors_on_fac10_RP.rml
2025-02-10 19:11:22,430 - INFO - Prepared sim number: 8: RAYPy_Simulation_bessy2hi_56m_PGM_2Perc_coupling_errors_on_fac10_RP/round_0/8_bessy2hi_56m_PGM_2Perc_coupling_errors_on_fac10_RP.rml
2025-02-10 19:11:22,439 - INFO - Prepared sim number: 9: RAYPy_Simulation_bessy2hi_56m_PGM_2Perc_coupling_errors_on_fac10_RP/round_0/9_bessy2hi_56m_PGM_2Perc_coupling_errors_on_fac10_RP.rml
2025-02-10 19:11:22,449 - INFO - Prepared sim number: 10: RAYPy_Simulation_bessy2hi_56m_PGM_2Perc_coupling_errors_on_fac10_RP/round_0/10_bessy2hi_56m_PGM_2Perc_coupling_errors_on_fac10_RP.rml
2025-02-10 19:11:22,458 - INFO - Prepared sim number: 11: RAYPy_Simulation_bessy2hi_56m_PGM_2Perc_coupling_errors_on_fac10_RP/round_0/11_bessy2hi_56m_PGM_2Perc_coupling_errors_on_fac10_RP.rml
2025-02-10 19:11:22,468 - INFO - Prepared sim number: 12: RAYPy_Simulation_bessy2hi_56m_PGM_2Perc_coupling_errors_on_fac10_RP/round_0/12_bessy2hi_56m_PGM_2Perc_coupling_errors_on_fac10_RP.rml
2025-02-10 19:11:22,477 - INFO - Prepared sim number: 13: RAYPy_Simulation_bessy2hi_56m_PGM_2Perc_coupling_errors_on_fac10_RP/round_0/13_bessy2hi_56m_PGM_2Perc_coupling_errors_on_fac10_RP.rml
2025-02-10 19:11:22,487 - INFO - Prepared sim number: 14: RAYPy_Simulation_bessy2hi_56m_PGM_2Perc_coupling_errors_on_fac10_RP/round_0/14_bessy2hi_56m_PGM_2Perc_coupling_errors_on_fac10_RP.rml
2025-02-10 19:11:22,496 - INFO - Prepared sim number: 15: RAYPy_Simulation_bessy2hi_56m_PGM_2Perc_coupling_errors_on_fac10_RP/round_0/15_bessy2hi_56m_PGM_2Perc_coupling_errors_on_fac10_RP.rml
2025-02-10 19:11:22,505 - INFO - Prepared sim number: 16: RAYPy_Simulation_bessy2hi_56m_PGM_2Perc_coupling_errors_on_fac10_RP/round_0/16_bessy2hi_56m_PGM_2Perc_coupling_errors_on_fac10_RP.rml
2025-02-10 19:11:22,514 - INFO - Prepared sim number: 17: RAYPy_Simulation_bessy2hi_56m_PGM_2Perc_coupling_errors_on_fac10_RP/round_0/17_bessy2hi_56m_PGM_2Perc_coupling_errors_on_fac10_RP.rml
2025-02-10 19:11:22,523 - INFO - Prepared sim number: 18: RAYPy_Simulation_bessy2hi_56m_PGM_2Perc_coupling_errors_on_fac10_RP/round_0/18_bessy2hi_56m_PGM_2Perc_coupling_errors_on_fac10_RP.rml
2025-02-10 19:11:22,533 - INFO - Prepared sim number: 19: RAYPy_Simulation_bessy2hi_56m_PGM_2Perc_coupling_errors_on_fac10_RP/round_0/19_bessy2hi_56m_PGM_2Perc_coupling_errors_on_fac10_RP.rml
2025-02-10 19:11:22,544 - INFO - Prepared sim number: 20: RAYPy_Simulation_bessy2hi_56m_PGM_2Perc_coupling_errors_on_fac10_RP/round_0/20_bessy2hi_56m_PGM_2Perc_coupling_errors_on_fac10_RP.rml
2025-02-10 19:11:22,553 - INFO - Prepared sim number: 21: RAYPy_Simulation_bessy2hi_56m_PGM_2Perc_coupling_errors_on_fac10_RP/round_0/21_bessy2hi_56m_PGM_2Perc_coupling_errors_on_fac10_RP.rml
2025-02-10 19:11:22,562 - INFO - Prepared sim number: 22: RAYPy_Simulation_bessy2hi_56m_PGM_2Perc_coupling_errors_on_fac10_RP/round_0/22_bessy2hi_56m_PGM_2Perc_coupling_errors_on_fac10_RP.rml
2025-02-10 19:11:22,570 - INFO - Prepared sim number: 23: RAYPy_Simulation_bessy2hi_56m_PGM_2Perc_coupling_errors_on_fac10_RP/round_0/23_bessy2hi_56m_PGM_2Perc_coupling_errors_on_fac10_RP.rml
2025-02-10 19:11:22,579 - INFO - Prepared sim number: 24: RAYPy_Simulation_bessy2hi_56m_PGM_2Perc_coupling_errors_on_fac10_RP/round_0/24_bessy2hi_56m_PGM_2Perc_coupling_errors_on_fac10_RP.rml
2025-02-10 19:11:22,587 - INFO - Prepared sim number: 25: RAYPy_Simulation_bessy2hi_56m_PGM_2Perc_coupling_errors_on_fac10_RP/round_0/25_bessy2hi_56m_PGM_2Perc_coupling_errors_on_fac10_RP.rml
2025-02-10 19:11:22,595 - INFO - Prepared sim number: 26: RAYPy_Simulation_bessy2hi_56m_PGM_2Perc_coupling_errors_on_fac10_RP/round_0/26_bessy2hi_56m_PGM_2Perc_coupling_errors_on_fac10_RP.rml
2025-02-10 19:11:22,604 - INFO - Prepared sim number: 27: RAYPy_Simulation_bessy2hi_56m_PGM_2Perc_coupling_errors_on_fac10_RP/round_0/27_bessy2hi_56m_PGM_2Perc_coupling_errors_on_fac10_RP.rml
2025-02-10 19:11:22,613 - INFO - Prepared sim number: 28: RAYPy_Simulation_bessy2hi_56m_PGM_2Perc_coupling_errors_on_fac10_RP/round_0/28_bessy2hi_56m_PGM_2Perc_coupling_errors_on_fac10_RP.rml
2025-02-10 19:11:22,621 - INFO - Prepared sim number: 29: RAYPy_Simulation_bessy2hi_56m_PGM_2Perc_coupling_errors_on_fac10_RP/round_0/29_bessy2hi_56m_PGM_2Perc_coupling_errors_on_fac10_RP.rml
2025-02-10 19:11:22,630 - INFO - Prepared sim number: 30: RAYPy_Simulation_bessy2hi_56m_PGM_2Perc_coupling_errors_on_fac10_RP/round_0/30_bessy2hi_56m_PGM_2Perc_coupling_errors_on_fac10_RP.rml
2025-02-10 19:11:22,638 - INFO - Prepared sim number: 31: RAYPy_Simulation_bessy2hi_56m_PGM_2Perc_coupling_errors_on_fac10_RP/round_0/31_bessy2hi_56m_PGM_2Perc_coupling_errors_on_fac10_RP.rml
2025-02-10 19:11:22,646 - INFO - Prepared sim number: 32: RAYPy_Simulation_bessy2hi_56m_PGM_2Perc_coupling_errors_on_fac10_RP/round_0/32_bessy2hi_56m_PGM_2Perc_coupling_errors_on_fac10_RP.rml
2025-02-10 19:11:22,654 - INFO - Prepared sim number: 33: RAYPy_Simulation_bessy2hi_56m_PGM_2Perc_coupling_errors_on_fac10_RP/round_0/33_bessy2hi_56m_PGM_2Perc_coupling_errors_on_fac10_RP.rml
2025-02-10 19:11:22,663 - INFO - Prepared sim number: 34: RAYPy_Simulation_bessy2hi_56m_PGM_2Perc_coupling_errors_on_fac10_RP/round_0/34_bessy2hi_56m_PGM_2Perc_coupling_errors_on_fac10_RP.rml
2025-02-10 19:11:22,671 - INFO - Prepared sim number: 35: RAYPy_Simulation_bessy2hi_56m_PGM_2Perc_coupling_errors_on_fac10_RP/round_0/35_bessy2hi_56m_PGM_2Perc_coupling_errors_on_fac10_RP.rml
2025-02-10 19:11:22,679 - INFO - Prepared sim number: 36: RAYPy_Simulation_bessy2hi_56m_PGM_2Perc_coupling_errors_on_fac10_RP/round_0/36_bessy2hi_56m_PGM_2Perc_coupling_errors_on_fac10_RP.rml
2025-02-10 19:11:22,688 - INFO - Prepared sim number: 37: RAYPy_Simulation_bessy2hi_56m_PGM_2Perc_coupling_errors_on_fac10_RP/round_0/37_bessy2hi_56m_PGM_2Perc_coupling_errors_on_fac10_RP.rml
2025-02-10 19:11:22,696 - INFO - Prepared sim number: 38: RAYPy_Simulation_bessy2hi_56m_PGM_2Perc_coupling_errors_on_fac10_RP/round_0/38_bessy2hi_56m_PGM_2Perc_coupling_errors_on_fac10_RP.rml
2025-02-10 19:11:22,705 - INFO - Prepared sim number: 39: RAYPy_Simulation_bessy2hi_56m_PGM_2Perc_coupling_errors_on_fac10_RP/round_0/39_bessy2hi_56m_PGM_2Perc_coupling_errors_on_fac10_RP.rml
2025-02-10 19:11:22,715 - INFO - Prepared sim number: 40: RAYPy_Simulation_bessy2hi_56m_PGM_2Perc_coupling_errors_on_fac10_RP/round_0/40_bessy2hi_56m_PGM_2Perc_coupling_errors_on_fac10_RP.rml
2025-02-10 19:11:22,715 - INFO - Start round 1
2025-02-10 19:11:22,719 - INFO - Prepared sim number: 0: RAYPy_Simulation_bessy2hi_56m_PGM_2Perc_coupling_errors_on_fac10_RP/round_1/0_bessy2hi_56m_PGM_2Perc_coupling_errors_on_fac10_RP.rml
2025-02-10 19:11:22,724 - INFO - Prepared sim number: 1: RAYPy_Simulation_bessy2hi_56m_PGM_2Perc_coupling_errors_on_fac10_RP/round_1/1_bessy2hi_56m_PGM_2Perc_coupling_errors_on_fac10_RP.rml
2025-02-10 19:11:22,729 - INFO - Prepared sim number: 2: RAYPy_Simulation_bessy2hi_56m_PGM_2Perc_coupling_errors_on_fac10_RP/round_1/2_bessy2hi_56m_PGM_2Perc_coupling_errors_on_fac10_RP.rml
2025-02-10 19:11:22,735 - INFO - Prepared sim number: 3: RAYPy_Simulation_bessy2hi_56m_PGM_2Perc_coupling_errors_on_fac10_RP/round_1/3_bessy2hi_56m_PGM_2Perc_coupling_errors_on_fac10_RP.rml
2025-02-10 19:11:22,740 - INFO - Prepared sim number: 4: RAYPy_Simulation_bessy2hi_56m_PGM_2Perc_coupling_errors_on_fac10_RP/round_1/4_bessy2hi_56m_PGM_2Perc_coupling_errors_on_fac10_RP.rml
2025-02-10 19:11:22,744 - INFO - Prepared sim number: 5: RAYPy_Simulation_bessy2hi_56m_PGM_2Perc_coupling_errors_on_fac10_RP/round_1/5_bessy2hi_56m_PGM_2Perc_coupling_errors_on_fac10_RP.rml
2025-02-10 19:11:22,749 - INFO - Prepared sim number: 6: RAYPy_Simulation_bessy2hi_56m_PGM_2Perc_coupling_errors_on_fac10_RP/round_1/6_bessy2hi_56m_PGM_2Perc_coupling_errors_on_fac10_RP.rml
2025-02-10 19:11:22,753 - INFO - Prepared sim number: 7: RAYPy_Simulation_bessy2hi_56m_PGM_2Perc_coupling_errors_on_fac10_RP/round_1/7_bessy2hi_56m_PGM_2Perc_coupling_errors_on_fac10_RP.rml
2025-02-10 19:11:22,758 - INFO - Prepared sim number: 8: RAYPy_Simulation_bessy2hi_56m_PGM_2Perc_coupling_errors_on_fac10_RP/round_1/8_bessy2hi_56m_PGM_2Perc_coupling_errors_on_fac10_RP.rml
2025-02-10 19:11:22,763 - INFO - Prepared sim number: 9: RAYPy_Simulation_bessy2hi_56m_PGM_2Perc_coupling_errors_on_fac10_RP/round_1/9_bessy2hi_56m_PGM_2Perc_coupling_errors_on_fac10_RP.rml
2025-02-10 19:11:22,771 - INFO - Prepared sim number: 10: RAYPy_Simulation_bessy2hi_56m_PGM_2Perc_coupling_errors_on_fac10_RP/round_1/10_bessy2hi_56m_PGM_2Perc_coupling_errors_on_fac10_RP.rml
2025-02-10 19:11:22,778 - INFO - Prepared sim number: 11: RAYPy_Simulation_bessy2hi_56m_PGM_2Perc_coupling_errors_on_fac10_RP/round_1/11_bessy2hi_56m_PGM_2Perc_coupling_errors_on_fac10_RP.rml
2025-02-10 19:11:22,783 - INFO - Prepared sim number: 12: RAYPy_Simulation_bessy2hi_56m_PGM_2Perc_coupling_errors_on_fac10_RP/round_1/12_bessy2hi_56m_PGM_2Perc_coupling_errors_on_fac10_RP.rml
2025-02-10 19:11:22,789 - INFO - Prepared sim number: 13: RAYPy_Simulation_bessy2hi_56m_PGM_2Perc_coupling_errors_on_fac10_RP/round_1/13_bessy2hi_56m_PGM_2Perc_coupling_errors_on_fac10_RP.rml
2025-02-10 19:11:22,793 - INFO - Prepared sim number: 14: RAYPy_Simulation_bessy2hi_56m_PGM_2Perc_coupling_errors_on_fac10_RP/round_1/14_bessy2hi_56m_PGM_2Perc_coupling_errors_on_fac10_RP.rml
2025-02-10 19:11:22,799 - INFO - Prepared sim number: 15: RAYPy_Simulation_bessy2hi_56m_PGM_2Perc_coupling_errors_on_fac10_RP/round_1/15_bessy2hi_56m_PGM_2Perc_coupling_errors_on_fac10_RP.rml
2025-02-10 19:11:22,805 - INFO - Prepared sim number: 16: RAYPy_Simulation_bessy2hi_56m_PGM_2Perc_coupling_errors_on_fac10_RP/round_1/16_bessy2hi_56m_PGM_2Perc_coupling_errors_on_fac10_RP.rml
2025-02-10 19:11:22,810 - INFO - Prepared sim number: 17: RAYPy_Simulation_bessy2hi_56m_PGM_2Perc_coupling_errors_on_fac10_RP/round_1/17_bessy2hi_56m_PGM_2Perc_coupling_errors_on_fac10_RP.rml
2025-02-10 19:11:22,816 - INFO - Prepared sim number: 18: RAYPy_Simulation_bessy2hi_56m_PGM_2Perc_coupling_errors_on_fac10_RP/round_1/18_bessy2hi_56m_PGM_2Perc_coupling_errors_on_fac10_RP.rml
2025-02-10 19:11:22,841 - INFO - Waiting for batch number: 0, timeout: 60s
2025-02-10 19:11:26,134 - INFO - Completed: 1, remaining: 59, RAYPy_Simulation_bessy2hi_56m_PGM_2Perc_coupling_errors_on_fac10_RP/round_0/2_bessy2hi_56m_PGM_2Perc_coupling_errors_on_fac10_RP.rml
2025-02-10 19:11:26,176 - INFO - Completed: 2, remaining: 58, RAYPy_Simulation_bessy2hi_56m_PGM_2Perc_coupling_errors_on_fac10_RP/round_0/0_bessy2hi_56m_PGM_2Perc_coupling_errors_on_fac10_RP.rml
2025-02-10 19:11:26,310 - INFO - Completed: 3, remaining: 57, RAYPy_Simulation_bessy2hi_56m_PGM_2Perc_coupling_errors_on_fac10_RP/round_0/3_bessy2hi_56m_PGM_2Perc_coupling_errors_on_fac10_RP.rml
2025-02-10 19:11:26,353 - INFO - Completed: 4, remaining: 56, RAYPy_Simulation_bessy2hi_56m_PGM_2Perc_coupling_errors_on_fac10_RP/round_0/9_bessy2hi_56m_PGM_2Perc_coupling_errors_on_fac10_RP.rml
2025-02-10 19:11:26,456 - INFO - Completed: 5, remaining: 55, RAYPy_Simulation_bessy2hi_56m_PGM_2Perc_coupling_errors_on_fac10_RP/round_0/6_bessy2hi_56m_PGM_2Perc_coupling_errors_on_fac10_RP.rml
2025-02-10 19:11:26,466 - INFO - Completed: 6, remaining: 54, RAYPy_Simulation_bessy2hi_56m_PGM_2Perc_coupling_errors_on_fac10_RP/round_0/7_bessy2hi_56m_PGM_2Perc_coupling_errors_on_fac10_RP.rml
2025-02-10 19:11:27,880 - INFO - Completed: 7, remaining: 53, RAYPy_Simulation_bessy2hi_56m_PGM_2Perc_coupling_errors_on_fac10_RP/round_0/10_bessy2hi_56m_PGM_2Perc_coupling_errors_on_fac10_RP.rml
2025-02-10 19:11:28,980 - INFO - Completed: 8, remaining: 52, RAYPy_Simulation_bessy2hi_56m_PGM_2Perc_coupling_errors_on_fac10_RP/round_0/8_bessy2hi_56m_PGM_2Perc_coupling_errors_on_fac10_RP.rml
2025-02-10 19:11:29,339 - INFO - Completed: 9, remaining: 51, RAYPy_Simulation_bessy2hi_56m_PGM_2Perc_coupling_errors_on_fac10_RP/round_0/5_bessy2hi_56m_PGM_2Perc_coupling_errors_on_fac10_RP.rml
2025-02-10 19:11:29,352 - INFO - Completed: 10, remaining: 50, RAYPy_Simulation_bessy2hi_56m_PGM_2Perc_coupling_errors_on_fac10_RP/round_0/11_bessy2hi_56m_PGM_2Perc_coupling_errors_on_fac10_RP.rml
2025-02-10 19:11:29,356 - INFO - Completed: 11, remaining: 49, RAYPy_Simulation_bessy2hi_56m_PGM_2Perc_coupling_errors_on_fac10_RP/round_0/1_bessy2hi_56m_PGM_2Perc_coupling_errors_on_fac10_RP.rml
2025-02-10 19:11:29,476 - INFO - Completed: 12, remaining: 48, RAYPy_Simulation_bessy2hi_56m_PGM_2Perc_coupling_errors_on_fac10_RP/round_0/4_bessy2hi_56m_PGM_2Perc_coupling_errors_on_fac10_RP.rml
2025-02-10 19:11:31,472 - INFO - Completed: 13, remaining: 47, RAYPy_Simulation_bessy2hi_56m_PGM_2Perc_coupling_errors_on_fac10_RP/round_0/12_bessy2hi_56m_PGM_2Perc_coupling_errors_on_fac10_RP.rml
2025-02-10 19:11:31,493 - INFO - Completed: 14, remaining: 46, RAYPy_Simulation_bessy2hi_56m_PGM_2Perc_coupling_errors_on_fac10_RP/round_0/13_bessy2hi_56m_PGM_2Perc_coupling_errors_on_fac10_RP.rml
2025-02-10 19:11:31,692 - INFO - Completed: 15, remaining: 45, RAYPy_Simulation_bessy2hi_56m_PGM_2Perc_coupling_errors_on_fac10_RP/round_0/14_bessy2hi_56m_PGM_2Perc_coupling_errors_on_fac10_RP.rml
2025-02-10 19:11:31,931 - INFO - Completed: 16, remaining: 44, RAYPy_Simulation_bessy2hi_56m_PGM_2Perc_coupling_errors_on_fac10_RP/round_0/15_bessy2hi_56m_PGM_2Perc_coupling_errors_on_fac10_RP.rml
2025-02-10 19:11:32,113 - INFO - Completed: 17, remaining: 43, RAYPy_Simulation_bessy2hi_56m_PGM_2Perc_coupling_errors_on_fac10_RP/round_0/17_bessy2hi_56m_PGM_2Perc_coupling_errors_on_fac10_RP.rml
2025-02-10 19:11:32,136 - INFO - Completed: 18, remaining: 42, RAYPy_Simulation_bessy2hi_56m_PGM_2Perc_coupling_errors_on_fac10_RP/round_0/16_bessy2hi_56m_PGM_2Perc_coupling_errors_on_fac10_RP.rml
2025-02-10 19:11:33,257 - INFO - Completed: 19, remaining: 41, RAYPy_Simulation_bessy2hi_56m_PGM_2Perc_coupling_errors_on_fac10_RP/round_0/18_bessy2hi_56m_PGM_2Perc_coupling_errors_on_fac10_RP.rml
2025-02-10 19:11:35,065 - INFO - Completed: 20, remaining: 40, RAYPy_Simulation_bessy2hi_56m_PGM_2Perc_coupling_errors_on_fac10_RP/round_0/19_bessy2hi_56m_PGM_2Perc_coupling_errors_on_fac10_RP.rml
2025-02-10 19:11:35,213 - INFO - Completed: 21, remaining: 39, RAYPy_Simulation_bessy2hi_56m_PGM_2Perc_coupling_errors_on_fac10_RP/round_0/22_bessy2hi_56m_PGM_2Perc_coupling_errors_on_fac10_RP.rml
2025-02-10 19:11:35,311 - INFO - Completed: 22, remaining: 38, RAYPy_Simulation_bessy2hi_56m_PGM_2Perc_coupling_errors_on_fac10_RP/round_0/20_bessy2hi_56m_PGM_2Perc_coupling_errors_on_fac10_RP.rml
2025-02-10 19:11:35,634 - INFO - Completed: 23, remaining: 37, RAYPy_Simulation_bessy2hi_56m_PGM_2Perc_coupling_errors_on_fac10_RP/round_0/21_bessy2hi_56m_PGM_2Perc_coupling_errors_on_fac10_RP.rml
2025-02-10 19:11:37,081 - INFO - Completed: 24, remaining: 36, RAYPy_Simulation_bessy2hi_56m_PGM_2Perc_coupling_errors_on_fac10_RP/round_0/23_bessy2hi_56m_PGM_2Perc_coupling_errors_on_fac10_RP.rml
2025-02-10 19:11:37,106 - INFO - Completed: 25, remaining: 35, RAYPy_Simulation_bessy2hi_56m_PGM_2Perc_coupling_errors_on_fac10_RP/round_0/24_bessy2hi_56m_PGM_2Perc_coupling_errors_on_fac10_RP.rml
2025-02-10 19:11:37,262 - INFO - Completed: 26, remaining: 34, RAYPy_Simulation_bessy2hi_56m_PGM_2Perc_coupling_errors_on_fac10_RP/round_0/25_bessy2hi_56m_PGM_2Perc_coupling_errors_on_fac10_RP.rml
2025-02-10 19:11:37,453 - INFO - Completed: 27, remaining: 33, RAYPy_Simulation_bessy2hi_56m_PGM_2Perc_coupling_errors_on_fac10_RP/round_0/26_bessy2hi_56m_PGM_2Perc_coupling_errors_on_fac10_RP.rml
2025-02-10 19:11:37,806 - INFO - Completed: 28, remaining: 32, RAYPy_Simulation_bessy2hi_56m_PGM_2Perc_coupling_errors_on_fac10_RP/round_0/27_bessy2hi_56m_PGM_2Perc_coupling_errors_on_fac10_RP.rml
2025-02-10 19:11:37,859 - INFO - Completed: 29, remaining: 31, RAYPy_Simulation_bessy2hi_56m_PGM_2Perc_coupling_errors_on_fac10_RP/round_0/29_bessy2hi_56m_PGM_2Perc_coupling_errors_on_fac10_RP.rml
2025-02-10 19:11:37,948 - INFO - Completed: 30, remaining: 30, RAYPy_Simulation_bessy2hi_56m_PGM_2Perc_coupling_errors_on_fac10_RP/round_0/28_bessy2hi_56m_PGM_2Perc_coupling_errors_on_fac10_RP.rml
2025-02-10 19:11:38,773 - INFO - Completed: 31, remaining: 29, RAYPy_Simulation_bessy2hi_56m_PGM_2Perc_coupling_errors_on_fac10_RP/round_0/30_bessy2hi_56m_PGM_2Perc_coupling_errors_on_fac10_RP.rml
2025-02-10 19:11:39,905 - INFO - Completed: 32, remaining: 28, RAYPy_Simulation_bessy2hi_56m_PGM_2Perc_coupling_errors_on_fac10_RP/round_0/31_bessy2hi_56m_PGM_2Perc_coupling_errors_on_fac10_RP.rml
2025-02-10 19:11:40,000 - INFO - Completed: 33, remaining: 27, RAYPy_Simulation_bessy2hi_56m_PGM_2Perc_coupling_errors_on_fac10_RP/round_0/33_bessy2hi_56m_PGM_2Perc_coupling_errors_on_fac10_RP.rml
2025-02-10 19:11:40,402 - INFO - Completed: 34, remaining: 26, RAYPy_Simulation_bessy2hi_56m_PGM_2Perc_coupling_errors_on_fac10_RP/round_0/34_bessy2hi_56m_PGM_2Perc_coupling_errors_on_fac10_RP.rml
2025-02-10 19:11:40,430 - INFO - Completed: 35, remaining: 25, RAYPy_Simulation_bessy2hi_56m_PGM_2Perc_coupling_errors_on_fac10_RP/round_0/32_bessy2hi_56m_PGM_2Perc_coupling_errors_on_fac10_RP.rml
2025-02-10 19:11:41,115 - INFO - Completed: 36, remaining: 24, RAYPy_Simulation_bessy2hi_56m_PGM_2Perc_coupling_errors_on_fac10_RP/round_0/35_bessy2hi_56m_PGM_2Perc_coupling_errors_on_fac10_RP.rml
2025-02-10 19:11:41,339 - INFO - Completed: 37, remaining: 23, RAYPy_Simulation_bessy2hi_56m_PGM_2Perc_coupling_errors_on_fac10_RP/round_0/38_bessy2hi_56m_PGM_2Perc_coupling_errors_on_fac10_RP.rml
2025-02-10 19:11:41,464 - INFO - Completed: 38, remaining: 22, RAYPy_Simulation_bessy2hi_56m_PGM_2Perc_coupling_errors_on_fac10_RP/round_0/36_bessy2hi_56m_PGM_2Perc_coupling_errors_on_fac10_RP.rml
2025-02-10 19:11:41,694 - INFO - Completed: 39, remaining: 21, RAYPy_Simulation_bessy2hi_56m_PGM_2Perc_coupling_errors_on_fac10_RP/round_1/0_bessy2hi_56m_PGM_2Perc_coupling_errors_on_fac10_RP.rml
2025-02-10 19:11:41,989 - INFO - Completed: 40, remaining: 20, RAYPy_Simulation_bessy2hi_56m_PGM_2Perc_coupling_errors_on_fac10_RP/round_0/39_bessy2hi_56m_PGM_2Perc_coupling_errors_on_fac10_RP.rml
2025-02-10 19:11:42,017 - INFO - Completed: 41, remaining: 19, RAYPy_Simulation_bessy2hi_56m_PGM_2Perc_coupling_errors_on_fac10_RP/round_0/40_bessy2hi_56m_PGM_2Perc_coupling_errors_on_fac10_RP.rml
2025-02-10 19:11:42,220 - INFO - Completed: 42, remaining: 18, RAYPy_Simulation_bessy2hi_56m_PGM_2Perc_coupling_errors_on_fac10_RP/round_0/37_bessy2hi_56m_PGM_2Perc_coupling_errors_on_fac10_RP.rml
2025-02-10 19:11:42,485 - INFO - Completed: 43, remaining: 17, RAYPy_Simulation_bessy2hi_56m_PGM_2Perc_coupling_errors_on_fac10_RP/round_1/1_bessy2hi_56m_PGM_2Perc_coupling_errors_on_fac10_RP.rml
2025-02-10 19:11:43,748 - INFO - Completed: 44, remaining: 16, RAYPy_Simulation_bessy2hi_56m_PGM_2Perc_coupling_errors_on_fac10_RP/round_1/2_bessy2hi_56m_PGM_2Perc_coupling_errors_on_fac10_RP.rml
2025-02-10 19:11:44,152 - INFO - Completed: 45, remaining: 15, RAYPy_Simulation_bessy2hi_56m_PGM_2Perc_coupling_errors_on_fac10_RP/round_1/4_bessy2hi_56m_PGM_2Perc_coupling_errors_on_fac10_RP.rml
2025-02-10 19:11:44,158 - INFO - Completed: 46, remaining: 14, RAYPy_Simulation_bessy2hi_56m_PGM_2Perc_coupling_errors_on_fac10_RP/round_1/3_bessy2hi_56m_PGM_2Perc_coupling_errors_on_fac10_RP.rml
2025-02-10 19:11:44,439 - INFO - Completed: 47, remaining: 13, RAYPy_Simulation_bessy2hi_56m_PGM_2Perc_coupling_errors_on_fac10_RP/round_1/5_bessy2hi_56m_PGM_2Perc_coupling_errors_on_fac10_RP.rml
2025-02-10 19:11:44,688 - INFO - Completed: 48, remaining: 12, RAYPy_Simulation_bessy2hi_56m_PGM_2Perc_coupling_errors_on_fac10_RP/round_1/6_bessy2hi_56m_PGM_2Perc_coupling_errors_on_fac10_RP.rml
2025-02-10 19:11:44,777 - INFO - Completed: 49, remaining: 11, RAYPy_Simulation_bessy2hi_56m_PGM_2Perc_coupling_errors_on_fac10_RP/round_1/8_bessy2hi_56m_PGM_2Perc_coupling_errors_on_fac10_RP.rml
2025-02-10 19:11:45,044 - INFO - Completed: 50, remaining: 10, RAYPy_Simulation_bessy2hi_56m_PGM_2Perc_coupling_errors_on_fac10_RP/round_1/9_bessy2hi_56m_PGM_2Perc_coupling_errors_on_fac10_RP.rml
2025-02-10 19:11:45,276 - INFO - Completed: 51, remaining: 9, RAYPy_Simulation_bessy2hi_56m_PGM_2Perc_coupling_errors_on_fac10_RP/round_1/11_bessy2hi_56m_PGM_2Perc_coupling_errors_on_fac10_RP.rml
2025-02-10 19:11:45,548 - INFO - Completed: 52, remaining: 8, RAYPy_Simulation_bessy2hi_56m_PGM_2Perc_coupling_errors_on_fac10_RP/round_1/10_bessy2hi_56m_PGM_2Perc_coupling_errors_on_fac10_RP.rml
2025-02-10 19:11:45,605 - INFO - Completed: 53, remaining: 7, RAYPy_Simulation_bessy2hi_56m_PGM_2Perc_coupling_errors_on_fac10_RP/round_1/7_bessy2hi_56m_PGM_2Perc_coupling_errors_on_fac10_RP.rml
2025-02-10 19:11:45,718 - INFO - Completed: 54, remaining: 6, RAYPy_Simulation_bessy2hi_56m_PGM_2Perc_coupling_errors_on_fac10_RP/round_1/12_bessy2hi_56m_PGM_2Perc_coupling_errors_on_fac10_RP.rml
2025-02-10 19:11:45,925 - INFO - Completed: 55, remaining: 5, RAYPy_Simulation_bessy2hi_56m_PGM_2Perc_coupling_errors_on_fac10_RP/round_1/13_bessy2hi_56m_PGM_2Perc_coupling_errors_on_fac10_RP.rml
2025-02-10 19:11:46,735 - INFO - Completed: 56, remaining: 4, RAYPy_Simulation_bessy2hi_56m_PGM_2Perc_coupling_errors_on_fac10_RP/round_1/14_bessy2hi_56m_PGM_2Perc_coupling_errors_on_fac10_RP.rml
2025-02-10 19:11:46,987 - INFO - Completed: 57, remaining: 3, RAYPy_Simulation_bessy2hi_56m_PGM_2Perc_coupling_errors_on_fac10_RP/round_1/15_bessy2hi_56m_PGM_2Perc_coupling_errors_on_fac10_RP.rml
2025-02-10 19:11:47,048 - INFO - Completed: 58, remaining: 2, RAYPy_Simulation_bessy2hi_56m_PGM_2Perc_coupling_errors_on_fac10_RP/round_1/16_bessy2hi_56m_PGM_2Perc_coupling_errors_on_fac10_RP.rml
2025-02-10 19:11:47,159 - INFO - Completed: 59, remaining: 1, RAYPy_Simulation_bessy2hi_56m_PGM_2Perc_coupling_errors_on_fac10_RP/round_1/17_bessy2hi_56m_PGM_2Perc_coupling_errors_on_fac10_RP.rml
2025-02-10 19:11:47,256 - INFO - Completed: 60, remaining: 0, RAYPy_Simulation_bessy2hi_56m_PGM_2Perc_coupling_errors_on_fac10_RP/round_1/18_bessy2hi_56m_PGM_2Perc_coupling_errors_on_fac10_RP.rml
2025-02-10 19:11:47,256 - INFO - Batch Completed
2025-02-10 19:11:47,256 - INFO - Waiting For batch, 60 simulations to go
2025-02-10 19:11:47,263 - INFO - Prepared sim number: 19: RAYPy_Simulation_bessy2hi_56m_PGM_2Perc_coupling_errors_on_fac10_RP/round_1/19_bessy2hi_56m_PGM_2Perc_coupling_errors_on_fac10_RP.rml
2025-02-10 19:11:47,272 - INFO - Prepared sim number: 20: RAYPy_Simulation_bessy2hi_56m_PGM_2Perc_coupling_errors_on_fac10_RP/round_1/20_bessy2hi_56m_PGM_2Perc_coupling_errors_on_fac10_RP.rml
2025-02-10 19:11:47,280 - INFO - Prepared sim number: 21: RAYPy_Simulation_bessy2hi_56m_PGM_2Perc_coupling_errors_on_fac10_RP/round_1/21_bessy2hi_56m_PGM_2Perc_coupling_errors_on_fac10_RP.rml
2025-02-10 19:11:47,288 - INFO - Prepared sim number: 22: RAYPy_Simulation_bessy2hi_56m_PGM_2Perc_coupling_errors_on_fac10_RP/round_1/22_bessy2hi_56m_PGM_2Perc_coupling_errors_on_fac10_RP.rml
2025-02-10 19:11:47,296 - INFO - Prepared sim number: 23: RAYPy_Simulation_bessy2hi_56m_PGM_2Perc_coupling_errors_on_fac10_RP/round_1/23_bessy2hi_56m_PGM_2Perc_coupling_errors_on_fac10_RP.rml
2025-02-10 19:11:47,302 - INFO - Prepared sim number: 24: RAYPy_Simulation_bessy2hi_56m_PGM_2Perc_coupling_errors_on_fac10_RP/round_1/24_bessy2hi_56m_PGM_2Perc_coupling_errors_on_fac10_RP.rml
2025-02-10 19:11:47,309 - INFO - Prepared sim number: 25: RAYPy_Simulation_bessy2hi_56m_PGM_2Perc_coupling_errors_on_fac10_RP/round_1/25_bessy2hi_56m_PGM_2Perc_coupling_errors_on_fac10_RP.rml
2025-02-10 19:11:47,315 - INFO - Prepared sim number: 26: RAYPy_Simulation_bessy2hi_56m_PGM_2Perc_coupling_errors_on_fac10_RP/round_1/26_bessy2hi_56m_PGM_2Perc_coupling_errors_on_fac10_RP.rml
2025-02-10 19:11:47,322 - INFO - Prepared sim number: 27: RAYPy_Simulation_bessy2hi_56m_PGM_2Perc_coupling_errors_on_fac10_RP/round_1/27_bessy2hi_56m_PGM_2Perc_coupling_errors_on_fac10_RP.rml
2025-02-10 19:11:47,327 - INFO - Prepared sim number: 28: RAYPy_Simulation_bessy2hi_56m_PGM_2Perc_coupling_errors_on_fac10_RP/round_1/28_bessy2hi_56m_PGM_2Perc_coupling_errors_on_fac10_RP.rml
2025-02-10 19:11:47,332 - INFO - Prepared sim number: 29: RAYPy_Simulation_bessy2hi_56m_PGM_2Perc_coupling_errors_on_fac10_RP/round_1/29_bessy2hi_56m_PGM_2Perc_coupling_errors_on_fac10_RP.rml
2025-02-10 19:11:47,338 - INFO - Prepared sim number: 30: RAYPy_Simulation_bessy2hi_56m_PGM_2Perc_coupling_errors_on_fac10_RP/round_1/30_bessy2hi_56m_PGM_2Perc_coupling_errors_on_fac10_RP.rml
2025-02-10 19:11:47,343 - INFO - Prepared sim number: 31: RAYPy_Simulation_bessy2hi_56m_PGM_2Perc_coupling_errors_on_fac10_RP/round_1/31_bessy2hi_56m_PGM_2Perc_coupling_errors_on_fac10_RP.rml
2025-02-10 19:11:47,349 - INFO - Prepared sim number: 32: RAYPy_Simulation_bessy2hi_56m_PGM_2Perc_coupling_errors_on_fac10_RP/round_1/32_bessy2hi_56m_PGM_2Perc_coupling_errors_on_fac10_RP.rml
2025-02-10 19:11:47,354 - INFO - Prepared sim number: 33: RAYPy_Simulation_bessy2hi_56m_PGM_2Perc_coupling_errors_on_fac10_RP/round_1/33_bessy2hi_56m_PGM_2Perc_coupling_errors_on_fac10_RP.rml
2025-02-10 19:11:47,359 - INFO - Prepared sim number: 34: RAYPy_Simulation_bessy2hi_56m_PGM_2Perc_coupling_errors_on_fac10_RP/round_1/34_bessy2hi_56m_PGM_2Perc_coupling_errors_on_fac10_RP.rml
2025-02-10 19:11:47,364 - INFO - Prepared sim number: 35: RAYPy_Simulation_bessy2hi_56m_PGM_2Perc_coupling_errors_on_fac10_RP/round_1/35_bessy2hi_56m_PGM_2Perc_coupling_errors_on_fac10_RP.rml
2025-02-10 19:11:47,370 - INFO - Prepared sim number: 36: RAYPy_Simulation_bessy2hi_56m_PGM_2Perc_coupling_errors_on_fac10_RP/round_1/36_bessy2hi_56m_PGM_2Perc_coupling_errors_on_fac10_RP.rml
2025-02-10 19:11:47,375 - INFO - Prepared sim number: 37: RAYPy_Simulation_bessy2hi_56m_PGM_2Perc_coupling_errors_on_fac10_RP/round_1/37_bessy2hi_56m_PGM_2Perc_coupling_errors_on_fac10_RP.rml
2025-02-10 19:11:47,380 - INFO - Prepared sim number: 38: RAYPy_Simulation_bessy2hi_56m_PGM_2Perc_coupling_errors_on_fac10_RP/round_1/38_bessy2hi_56m_PGM_2Perc_coupling_errors_on_fac10_RP.rml
2025-02-10 19:11:47,385 - INFO - Prepared sim number: 39: RAYPy_Simulation_bessy2hi_56m_PGM_2Perc_coupling_errors_on_fac10_RP/round_1/39_bessy2hi_56m_PGM_2Perc_coupling_errors_on_fac10_RP.rml
2025-02-10 19:11:47,389 - INFO - Prepared sim number: 40: RAYPy_Simulation_bessy2hi_56m_PGM_2Perc_coupling_errors_on_fac10_RP/round_1/40_bessy2hi_56m_PGM_2Perc_coupling_errors_on_fac10_RP.rml
2025-02-10 19:11:47,390 - INFO - Start round 2
2025-02-10 19:11:47,396 - INFO - Prepared sim number: 0: RAYPy_Simulation_bessy2hi_56m_PGM_2Perc_coupling_errors_on_fac10_RP/round_2/0_bessy2hi_56m_PGM_2Perc_coupling_errors_on_fac10_RP.rml
2025-02-10 19:11:47,402 - INFO - Prepared sim number: 1: RAYPy_Simulation_bessy2hi_56m_PGM_2Perc_coupling_errors_on_fac10_RP/round_2/1_bessy2hi_56m_PGM_2Perc_coupling_errors_on_fac10_RP.rml
2025-02-10 19:11:47,408 - INFO - Prepared sim number: 2: RAYPy_Simulation_bessy2hi_56m_PGM_2Perc_coupling_errors_on_fac10_RP/round_2/2_bessy2hi_56m_PGM_2Perc_coupling_errors_on_fac10_RP.rml
2025-02-10 19:11:47,414 - INFO - Prepared sim number: 3: RAYPy_Simulation_bessy2hi_56m_PGM_2Perc_coupling_errors_on_fac10_RP/round_2/3_bessy2hi_56m_PGM_2Perc_coupling_errors_on_fac10_RP.rml
2025-02-10 19:11:47,419 - INFO - Prepared sim number: 4: RAYPy_Simulation_bessy2hi_56m_PGM_2Perc_coupling_errors_on_fac10_RP/round_2/4_bessy2hi_56m_PGM_2Perc_coupling_errors_on_fac10_RP.rml
2025-02-10 19:11:47,424 - INFO - Prepared sim number: 5: RAYPy_Simulation_bessy2hi_56m_PGM_2Perc_coupling_errors_on_fac10_RP/round_2/5_bessy2hi_56m_PGM_2Perc_coupling_errors_on_fac10_RP.rml
2025-02-10 19:11:47,429 - INFO - Prepared sim number: 6: RAYPy_Simulation_bessy2hi_56m_PGM_2Perc_coupling_errors_on_fac10_RP/round_2/6_bessy2hi_56m_PGM_2Perc_coupling_errors_on_fac10_RP.rml
2025-02-10 19:11:47,434 - INFO - Prepared sim number: 7: RAYPy_Simulation_bessy2hi_56m_PGM_2Perc_coupling_errors_on_fac10_RP/round_2/7_bessy2hi_56m_PGM_2Perc_coupling_errors_on_fac10_RP.rml
2025-02-10 19:11:47,440 - INFO - Prepared sim number: 8: RAYPy_Simulation_bessy2hi_56m_PGM_2Perc_coupling_errors_on_fac10_RP/round_2/8_bessy2hi_56m_PGM_2Perc_coupling_errors_on_fac10_RP.rml
2025-02-10 19:11:47,445 - INFO - Prepared sim number: 9: RAYPy_Simulation_bessy2hi_56m_PGM_2Perc_coupling_errors_on_fac10_RP/round_2/9_bessy2hi_56m_PGM_2Perc_coupling_errors_on_fac10_RP.rml
2025-02-10 19:11:47,450 - INFO - Prepared sim number: 10: RAYPy_Simulation_bessy2hi_56m_PGM_2Perc_coupling_errors_on_fac10_RP/round_2/10_bessy2hi_56m_PGM_2Perc_coupling_errors_on_fac10_RP.rml
2025-02-10 19:11:47,455 - INFO - Prepared sim number: 11: RAYPy_Simulation_bessy2hi_56m_PGM_2Perc_coupling_errors_on_fac10_RP/round_2/11_bessy2hi_56m_PGM_2Perc_coupling_errors_on_fac10_RP.rml
2025-02-10 19:11:47,460 - INFO - Prepared sim number: 12: RAYPy_Simulation_bessy2hi_56m_PGM_2Perc_coupling_errors_on_fac10_RP/round_2/12_bessy2hi_56m_PGM_2Perc_coupling_errors_on_fac10_RP.rml
2025-02-10 19:11:47,465 - INFO - Prepared sim number: 13: RAYPy_Simulation_bessy2hi_56m_PGM_2Perc_coupling_errors_on_fac10_RP/round_2/13_bessy2hi_56m_PGM_2Perc_coupling_errors_on_fac10_RP.rml
2025-02-10 19:11:47,470 - INFO - Prepared sim number: 14: RAYPy_Simulation_bessy2hi_56m_PGM_2Perc_coupling_errors_on_fac10_RP/round_2/14_bessy2hi_56m_PGM_2Perc_coupling_errors_on_fac10_RP.rml
2025-02-10 19:11:47,476 - INFO - Prepared sim number: 15: RAYPy_Simulation_bessy2hi_56m_PGM_2Perc_coupling_errors_on_fac10_RP/round_2/15_bessy2hi_56m_PGM_2Perc_coupling_errors_on_fac10_RP.rml
2025-02-10 19:11:47,481 - INFO - Prepared sim number: 16: RAYPy_Simulation_bessy2hi_56m_PGM_2Perc_coupling_errors_on_fac10_RP/round_2/16_bessy2hi_56m_PGM_2Perc_coupling_errors_on_fac10_RP.rml
2025-02-10 19:11:47,486 - INFO - Prepared sim number: 17: RAYPy_Simulation_bessy2hi_56m_PGM_2Perc_coupling_errors_on_fac10_RP/round_2/17_bessy2hi_56m_PGM_2Perc_coupling_errors_on_fac10_RP.rml
2025-02-10 19:11:47,490 - INFO - Prepared sim number: 18: RAYPy_Simulation_bessy2hi_56m_PGM_2Perc_coupling_errors_on_fac10_RP/round_2/18_bessy2hi_56m_PGM_2Perc_coupling_errors_on_fac10_RP.rml
2025-02-10 19:11:47,496 - INFO - Prepared sim number: 19: RAYPy_Simulation_bessy2hi_56m_PGM_2Perc_coupling_errors_on_fac10_RP/round_2/19_bessy2hi_56m_PGM_2Perc_coupling_errors_on_fac10_RP.rml
2025-02-10 19:11:47,501 - INFO - Prepared sim number: 20: RAYPy_Simulation_bessy2hi_56m_PGM_2Perc_coupling_errors_on_fac10_RP/round_2/20_bessy2hi_56m_PGM_2Perc_coupling_errors_on_fac10_RP.rml
2025-02-10 19:11:47,507 - INFO - Prepared sim number: 21: RAYPy_Simulation_bessy2hi_56m_PGM_2Perc_coupling_errors_on_fac10_RP/round_2/21_bessy2hi_56m_PGM_2Perc_coupling_errors_on_fac10_RP.rml
2025-02-10 19:11:47,512 - INFO - Prepared sim number: 22: RAYPy_Simulation_bessy2hi_56m_PGM_2Perc_coupling_errors_on_fac10_RP/round_2/22_bessy2hi_56m_PGM_2Perc_coupling_errors_on_fac10_RP.rml
2025-02-10 19:11:47,517 - INFO - Prepared sim number: 23: RAYPy_Simulation_bessy2hi_56m_PGM_2Perc_coupling_errors_on_fac10_RP/round_2/23_bessy2hi_56m_PGM_2Perc_coupling_errors_on_fac10_RP.rml
2025-02-10 19:11:47,522 - INFO - Prepared sim number: 24: RAYPy_Simulation_bessy2hi_56m_PGM_2Perc_coupling_errors_on_fac10_RP/round_2/24_bessy2hi_56m_PGM_2Perc_coupling_errors_on_fac10_RP.rml
2025-02-10 19:11:47,528 - INFO - Prepared sim number: 25: RAYPy_Simulation_bessy2hi_56m_PGM_2Perc_coupling_errors_on_fac10_RP/round_2/25_bessy2hi_56m_PGM_2Perc_coupling_errors_on_fac10_RP.rml
2025-02-10 19:11:47,533 - INFO - Prepared sim number: 26: RAYPy_Simulation_bessy2hi_56m_PGM_2Perc_coupling_errors_on_fac10_RP/round_2/26_bessy2hi_56m_PGM_2Perc_coupling_errors_on_fac10_RP.rml
2025-02-10 19:11:47,539 - INFO - Prepared sim number: 27: RAYPy_Simulation_bessy2hi_56m_PGM_2Perc_coupling_errors_on_fac10_RP/round_2/27_bessy2hi_56m_PGM_2Perc_coupling_errors_on_fac10_RP.rml
2025-02-10 19:11:47,544 - INFO - Prepared sim number: 28: RAYPy_Simulation_bessy2hi_56m_PGM_2Perc_coupling_errors_on_fac10_RP/round_2/28_bessy2hi_56m_PGM_2Perc_coupling_errors_on_fac10_RP.rml
2025-02-10 19:11:47,549 - INFO - Prepared sim number: 29: RAYPy_Simulation_bessy2hi_56m_PGM_2Perc_coupling_errors_on_fac10_RP/round_2/29_bessy2hi_56m_PGM_2Perc_coupling_errors_on_fac10_RP.rml
2025-02-10 19:11:47,554 - INFO - Prepared sim number: 30: RAYPy_Simulation_bessy2hi_56m_PGM_2Perc_coupling_errors_on_fac10_RP/round_2/30_bessy2hi_56m_PGM_2Perc_coupling_errors_on_fac10_RP.rml
2025-02-10 19:11:47,560 - INFO - Prepared sim number: 31: RAYPy_Simulation_bessy2hi_56m_PGM_2Perc_coupling_errors_on_fac10_RP/round_2/31_bessy2hi_56m_PGM_2Perc_coupling_errors_on_fac10_RP.rml
2025-02-10 19:11:47,565 - INFO - Prepared sim number: 32: RAYPy_Simulation_bessy2hi_56m_PGM_2Perc_coupling_errors_on_fac10_RP/round_2/32_bessy2hi_56m_PGM_2Perc_coupling_errors_on_fac10_RP.rml
2025-02-10 19:11:47,571 - INFO - Prepared sim number: 33: RAYPy_Simulation_bessy2hi_56m_PGM_2Perc_coupling_errors_on_fac10_RP/round_2/33_bessy2hi_56m_PGM_2Perc_coupling_errors_on_fac10_RP.rml
2025-02-10 19:11:47,575 - INFO - Prepared sim number: 34: RAYPy_Simulation_bessy2hi_56m_PGM_2Perc_coupling_errors_on_fac10_RP/round_2/34_bessy2hi_56m_PGM_2Perc_coupling_errors_on_fac10_RP.rml
2025-02-10 19:11:47,580 - INFO - Prepared sim number: 35: RAYPy_Simulation_bessy2hi_56m_PGM_2Perc_coupling_errors_on_fac10_RP/round_2/35_bessy2hi_56m_PGM_2Perc_coupling_errors_on_fac10_RP.rml
2025-02-10 19:11:47,586 - INFO - Prepared sim number: 36: RAYPy_Simulation_bessy2hi_56m_PGM_2Perc_coupling_errors_on_fac10_RP/round_2/36_bessy2hi_56m_PGM_2Perc_coupling_errors_on_fac10_RP.rml
2025-02-10 19:11:47,591 - INFO - Prepared sim number: 37: RAYPy_Simulation_bessy2hi_56m_PGM_2Perc_coupling_errors_on_fac10_RP/round_2/37_bessy2hi_56m_PGM_2Perc_coupling_errors_on_fac10_RP.rml
2025-02-10 19:11:47,591 - INFO - Waiting for batch number: 1, timeout: 27.89212236404419s
2025-02-10 19:11:50,744 - INFO - Completed: 1, remaining: 59, RAYPy_Simulation_bessy2hi_56m_PGM_2Perc_coupling_errors_on_fac10_RP/round_1/21_bessy2hi_56m_PGM_2Perc_coupling_errors_on_fac10_RP.rml
2025-02-10 19:11:50,806 - INFO - Completed: 2, remaining: 58, RAYPy_Simulation_bessy2hi_56m_PGM_2Perc_coupling_errors_on_fac10_RP/round_1/22_bessy2hi_56m_PGM_2Perc_coupling_errors_on_fac10_RP.rml
2025-02-10 19:11:50,984 - INFO - Completed: 3, remaining: 57, RAYPy_Simulation_bessy2hi_56m_PGM_2Perc_coupling_errors_on_fac10_RP/round_1/24_bessy2hi_56m_PGM_2Perc_coupling_errors_on_fac10_RP.rml
2025-02-10 19:11:51,033 - INFO - Completed: 4, remaining: 56, RAYPy_Simulation_bessy2hi_56m_PGM_2Perc_coupling_errors_on_fac10_RP/round_1/23_bessy2hi_56m_PGM_2Perc_coupling_errors_on_fac10_RP.rml
2025-02-10 19:11:51,076 - INFO - Completed: 5, remaining: 55, RAYPy_Simulation_bessy2hi_56m_PGM_2Perc_coupling_errors_on_fac10_RP/round_1/29_bessy2hi_56m_PGM_2Perc_coupling_errors_on_fac10_RP.rml
2025-02-10 19:11:51,120 - INFO - Completed: 6, remaining: 54, RAYPy_Simulation_bessy2hi_56m_PGM_2Perc_coupling_errors_on_fac10_RP/round_1/28_bessy2hi_56m_PGM_2Perc_coupling_errors_on_fac10_RP.rml
2025-02-10 19:11:51,208 - INFO - Completed: 7, remaining: 53, RAYPy_Simulation_bessy2hi_56m_PGM_2Perc_coupling_errors_on_fac10_RP/round_1/26_bessy2hi_56m_PGM_2Perc_coupling_errors_on_fac10_RP.rml
2025-02-10 19:11:51,345 - INFO - Completed: 8, remaining: 52, RAYPy_Simulation_bessy2hi_56m_PGM_2Perc_coupling_errors_on_fac10_RP/round_1/19_bessy2hi_56m_PGM_2Perc_coupling_errors_on_fac10_RP.rml
2025-02-10 19:11:52,035 - INFO - Completed: 9, remaining: 51, RAYPy_Simulation_bessy2hi_56m_PGM_2Perc_coupling_errors_on_fac10_RP/round_1/30_bessy2hi_56m_PGM_2Perc_coupling_errors_on_fac10_RP.rml
2025-02-10 19:11:53,233 - INFO - Completed: 10, remaining: 50, RAYPy_Simulation_bessy2hi_56m_PGM_2Perc_coupling_errors_on_fac10_RP/round_1/27_bessy2hi_56m_PGM_2Perc_coupling_errors_on_fac10_RP.rml
2025-02-10 19:11:53,378 - INFO - Completed: 11, remaining: 49, RAYPy_Simulation_bessy2hi_56m_PGM_2Perc_coupling_errors_on_fac10_RP/round_1/20_bessy2hi_56m_PGM_2Perc_coupling_errors_on_fac10_RP.rml
2025-02-10 19:11:53,524 - INFO - Completed: 12, remaining: 48, RAYPy_Simulation_bessy2hi_56m_PGM_2Perc_coupling_errors_on_fac10_RP/round_1/25_bessy2hi_56m_PGM_2Perc_coupling_errors_on_fac10_RP.rml
2025-02-10 19:11:54,550 - INFO - Completed: 13, remaining: 47, RAYPy_Simulation_bessy2hi_56m_PGM_2Perc_coupling_errors_on_fac10_RP/round_1/31_bessy2hi_56m_PGM_2Perc_coupling_errors_on_fac10_RP.rml
2025-02-10 19:11:54,997 - INFO - Completed: 14, remaining: 46, RAYPy_Simulation_bessy2hi_56m_PGM_2Perc_coupling_errors_on_fac10_RP/round_1/33_bessy2hi_56m_PGM_2Perc_coupling_errors_on_fac10_RP.rml
2025-02-10 19:11:55,037 - INFO - Completed: 15, remaining: 45, RAYPy_Simulation_bessy2hi_56m_PGM_2Perc_coupling_errors_on_fac10_RP/round_1/34_bessy2hi_56m_PGM_2Perc_coupling_errors_on_fac10_RP.rml
2025-02-10 19:11:55,150 - INFO - Completed: 16, remaining: 44, RAYPy_Simulation_bessy2hi_56m_PGM_2Perc_coupling_errors_on_fac10_RP/round_1/32_bessy2hi_56m_PGM_2Perc_coupling_errors_on_fac10_RP.rml
2025-02-10 19:11:55,170 - INFO - Completed: 17, remaining: 43, RAYPy_Simulation_bessy2hi_56m_PGM_2Perc_coupling_errors_on_fac10_RP/round_1/36_bessy2hi_56m_PGM_2Perc_coupling_errors_on_fac10_RP.rml
2025-02-10 19:11:55,201 - INFO - Completed: 18, remaining: 42, RAYPy_Simulation_bessy2hi_56m_PGM_2Perc_coupling_errors_on_fac10_RP/round_1/37_bessy2hi_56m_PGM_2Perc_coupling_errors_on_fac10_RP.rml
2025-02-10 19:11:55,417 - INFO - Completed: 19, remaining: 41, RAYPy_Simulation_bessy2hi_56m_PGM_2Perc_coupling_errors_on_fac10_RP/round_1/38_bessy2hi_56m_PGM_2Perc_coupling_errors_on_fac10_RP.rml
2025-02-10 19:11:55,749 - INFO - Completed: 20, remaining: 40, RAYPy_Simulation_bessy2hi_56m_PGM_2Perc_coupling_errors_on_fac10_RP/round_1/35_bessy2hi_56m_PGM_2Perc_coupling_errors_on_fac10_RP.rml
2025-02-10 19:11:55,793 - INFO - Completed: 21, remaining: 39, RAYPy_Simulation_bessy2hi_56m_PGM_2Perc_coupling_errors_on_fac10_RP/round_1/39_bessy2hi_56m_PGM_2Perc_coupling_errors_on_fac10_RP.rml
2025-02-10 19:11:56,901 - INFO - Completed: 22, remaining: 38, RAYPy_Simulation_bessy2hi_56m_PGM_2Perc_coupling_errors_on_fac10_RP/round_2/0_bessy2hi_56m_PGM_2Perc_coupling_errors_on_fac10_RP.rml
2025-02-10 19:11:57,142 - INFO - Completed: 23, remaining: 37, RAYPy_Simulation_bessy2hi_56m_PGM_2Perc_coupling_errors_on_fac10_RP/round_1/40_bessy2hi_56m_PGM_2Perc_coupling_errors_on_fac10_RP.rml
2025-02-10 19:11:57,152 - INFO - Completed: 24, remaining: 36, RAYPy_Simulation_bessy2hi_56m_PGM_2Perc_coupling_errors_on_fac10_RP/round_2/1_bessy2hi_56m_PGM_2Perc_coupling_errors_on_fac10_RP.rml
2025-02-10 19:11:57,965 - INFO - Completed: 25, remaining: 35, RAYPy_Simulation_bessy2hi_56m_PGM_2Perc_coupling_errors_on_fac10_RP/round_2/2_bessy2hi_56m_PGM_2Perc_coupling_errors_on_fac10_RP.rml
2025-02-10 19:11:58,529 - INFO - Completed: 26, remaining: 34, RAYPy_Simulation_bessy2hi_56m_PGM_2Perc_coupling_errors_on_fac10_RP/round_2/4_bessy2hi_56m_PGM_2Perc_coupling_errors_on_fac10_RP.rml
2025-02-10 19:11:58,661 - INFO - Completed: 27, remaining: 33, RAYPy_Simulation_bessy2hi_56m_PGM_2Perc_coupling_errors_on_fac10_RP/round_2/3_bessy2hi_56m_PGM_2Perc_coupling_errors_on_fac10_RP.rml
2025-02-10 19:11:58,771 - INFO - Completed: 28, remaining: 32, RAYPy_Simulation_bessy2hi_56m_PGM_2Perc_coupling_errors_on_fac10_RP/round_2/6_bessy2hi_56m_PGM_2Perc_coupling_errors_on_fac10_RP.rml
2025-02-10 19:11:58,931 - INFO - Completed: 29, remaining: 31, RAYPy_Simulation_bessy2hi_56m_PGM_2Perc_coupling_errors_on_fac10_RP/round_2/7_bessy2hi_56m_PGM_2Perc_coupling_errors_on_fac10_RP.rml
2025-02-10 19:11:59,083 - INFO - Completed: 30, remaining: 30, RAYPy_Simulation_bessy2hi_56m_PGM_2Perc_coupling_errors_on_fac10_RP/round_2/8_bessy2hi_56m_PGM_2Perc_coupling_errors_on_fac10_RP.rml
2025-02-10 19:11:59,253 - INFO - Completed: 31, remaining: 29, RAYPy_Simulation_bessy2hi_56m_PGM_2Perc_coupling_errors_on_fac10_RP/round_2/10_bessy2hi_56m_PGM_2Perc_coupling_errors_on_fac10_RP.rml
2025-02-10 19:11:59,557 - INFO - Completed: 32, remaining: 28, RAYPy_Simulation_bessy2hi_56m_PGM_2Perc_coupling_errors_on_fac10_RP/round_2/5_bessy2hi_56m_PGM_2Perc_coupling_errors_on_fac10_RP.rml
2025-02-10 19:11:59,587 - INFO - Completed: 33, remaining: 27, RAYPy_Simulation_bessy2hi_56m_PGM_2Perc_coupling_errors_on_fac10_RP/round_2/9_bessy2hi_56m_PGM_2Perc_coupling_errors_on_fac10_RP.rml
2025-02-10 19:12:00,398 - INFO - Completed: 34, remaining: 26, RAYPy_Simulation_bessy2hi_56m_PGM_2Perc_coupling_errors_on_fac10_RP/round_2/11_bessy2hi_56m_PGM_2Perc_coupling_errors_on_fac10_RP.rml
2025-02-10 19:12:00,753 - INFO - Completed: 35, remaining: 25, RAYPy_Simulation_bessy2hi_56m_PGM_2Perc_coupling_errors_on_fac10_RP/round_2/12_bessy2hi_56m_PGM_2Perc_coupling_errors_on_fac10_RP.rml
2025-02-10 19:12:00,904 - INFO - Completed: 36, remaining: 24, RAYPy_Simulation_bessy2hi_56m_PGM_2Perc_coupling_errors_on_fac10_RP/round_2/13_bessy2hi_56m_PGM_2Perc_coupling_errors_on_fac10_RP.rml
2025-02-10 19:12:01,483 - INFO - Completed: 37, remaining: 23, RAYPy_Simulation_bessy2hi_56m_PGM_2Perc_coupling_errors_on_fac10_RP/round_2/14_bessy2hi_56m_PGM_2Perc_coupling_errors_on_fac10_RP.rml
2025-02-10 19:12:02,120 - INFO - Completed: 38, remaining: 22, RAYPy_Simulation_bessy2hi_56m_PGM_2Perc_coupling_errors_on_fac10_RP/round_2/15_bessy2hi_56m_PGM_2Perc_coupling_errors_on_fac10_RP.rml
2025-02-10 19:12:02,360 - INFO - Completed: 39, remaining: 21, RAYPy_Simulation_bessy2hi_56m_PGM_2Perc_coupling_errors_on_fac10_RP/round_2/16_bessy2hi_56m_PGM_2Perc_coupling_errors_on_fac10_RP.rml
2025-02-10 19:12:02,433 - INFO - Completed: 40, remaining: 20, RAYPy_Simulation_bessy2hi_56m_PGM_2Perc_coupling_errors_on_fac10_RP/round_2/17_bessy2hi_56m_PGM_2Perc_coupling_errors_on_fac10_RP.rml
2025-02-10 19:12:02,710 - INFO - Completed: 41, remaining: 19, RAYPy_Simulation_bessy2hi_56m_PGM_2Perc_coupling_errors_on_fac10_RP/round_2/18_bessy2hi_56m_PGM_2Perc_coupling_errors_on_fac10_RP.rml
2025-02-10 19:12:02,965 - INFO - Completed: 42, remaining: 18, RAYPy_Simulation_bessy2hi_56m_PGM_2Perc_coupling_errors_on_fac10_RP/round_2/20_bessy2hi_56m_PGM_2Perc_coupling_errors_on_fac10_RP.rml
2025-02-10 19:12:03,224 - INFO - Completed: 43, remaining: 17, RAYPy_Simulation_bessy2hi_56m_PGM_2Perc_coupling_errors_on_fac10_RP/round_2/22_bessy2hi_56m_PGM_2Perc_coupling_errors_on_fac10_RP.rml
2025-02-10 19:12:03,498 - INFO - Completed: 44, remaining: 16, RAYPy_Simulation_bessy2hi_56m_PGM_2Perc_coupling_errors_on_fac10_RP/round_2/19_bessy2hi_56m_PGM_2Perc_coupling_errors_on_fac10_RP.rml
2025-02-10 19:12:03,647 - INFO - Completed: 45, remaining: 15, RAYPy_Simulation_bessy2hi_56m_PGM_2Perc_coupling_errors_on_fac10_RP/round_2/21_bessy2hi_56m_PGM_2Perc_coupling_errors_on_fac10_RP.rml
2025-02-10 19:12:04,024 - INFO - Completed: 46, remaining: 14, RAYPy_Simulation_bessy2hi_56m_PGM_2Perc_coupling_errors_on_fac10_RP/round_2/23_bessy2hi_56m_PGM_2Perc_coupling_errors_on_fac10_RP.rml
2025-02-10 19:12:04,568 - INFO - Completed: 47, remaining: 13, RAYPy_Simulation_bessy2hi_56m_PGM_2Perc_coupling_errors_on_fac10_RP/round_2/24_bessy2hi_56m_PGM_2Perc_coupling_errors_on_fac10_RP.rml
2025-02-10 19:12:04,777 - INFO - Completed: 48, remaining: 12, RAYPy_Simulation_bessy2hi_56m_PGM_2Perc_coupling_errors_on_fac10_RP/round_2/25_bessy2hi_56m_PGM_2Perc_coupling_errors_on_fac10_RP.rml
2025-02-10 19:12:05,112 - INFO - Completed: 49, remaining: 11, RAYPy_Simulation_bessy2hi_56m_PGM_2Perc_coupling_errors_on_fac10_RP/round_2/26_bessy2hi_56m_PGM_2Perc_coupling_errors_on_fac10_RP.rml
2025-02-10 19:12:05,646 - INFO - Completed: 50, remaining: 10, RAYPy_Simulation_bessy2hi_56m_PGM_2Perc_coupling_errors_on_fac10_RP/round_2/27_bessy2hi_56m_PGM_2Perc_coupling_errors_on_fac10_RP.rml
2025-02-10 19:12:06,001 - INFO - Completed: 51, remaining: 9, RAYPy_Simulation_bessy2hi_56m_PGM_2Perc_coupling_errors_on_fac10_RP/round_2/29_bessy2hi_56m_PGM_2Perc_coupling_errors_on_fac10_RP.rml
2025-02-10 19:12:06,084 - INFO - Completed: 52, remaining: 8, RAYPy_Simulation_bessy2hi_56m_PGM_2Perc_coupling_errors_on_fac10_RP/round_2/28_bessy2hi_56m_PGM_2Perc_coupling_errors_on_fac10_RP.rml
2025-02-10 19:12:06,525 - INFO - Completed: 53, remaining: 7, RAYPy_Simulation_bessy2hi_56m_PGM_2Perc_coupling_errors_on_fac10_RP/round_2/31_bessy2hi_56m_PGM_2Perc_coupling_errors_on_fac10_RP.rml
2025-02-10 19:12:06,695 - INFO - Completed: 54, remaining: 6, RAYPy_Simulation_bessy2hi_56m_PGM_2Perc_coupling_errors_on_fac10_RP/round_2/30_bessy2hi_56m_PGM_2Perc_coupling_errors_on_fac10_RP.rml
2025-02-10 19:12:06,744 - INFO - Completed: 55, remaining: 5, RAYPy_Simulation_bessy2hi_56m_PGM_2Perc_coupling_errors_on_fac10_RP/round_2/32_bessy2hi_56m_PGM_2Perc_coupling_errors_on_fac10_RP.rml
2025-02-10 19:12:06,848 - INFO - Completed: 56, remaining: 4, RAYPy_Simulation_bessy2hi_56m_PGM_2Perc_coupling_errors_on_fac10_RP/round_2/33_bessy2hi_56m_PGM_2Perc_coupling_errors_on_fac10_RP.rml
2025-02-10 19:12:06,961 - INFO - Completed: 57, remaining: 3, RAYPy_Simulation_bessy2hi_56m_PGM_2Perc_coupling_errors_on_fac10_RP/round_2/34_bessy2hi_56m_PGM_2Perc_coupling_errors_on_fac10_RP.rml
2025-02-10 19:12:07,458 - INFO - Completed: 58, remaining: 2, RAYPy_Simulation_bessy2hi_56m_PGM_2Perc_coupling_errors_on_fac10_RP/round_2/36_bessy2hi_56m_PGM_2Perc_coupling_errors_on_fac10_RP.rml
2025-02-10 19:12:07,547 - INFO - Completed: 59, remaining: 1, RAYPy_Simulation_bessy2hi_56m_PGM_2Perc_coupling_errors_on_fac10_RP/round_2/37_bessy2hi_56m_PGM_2Perc_coupling_errors_on_fac10_RP.rml
2025-02-10 19:12:07,620 - INFO - Completed: 60, remaining: 0, RAYPy_Simulation_bessy2hi_56m_PGM_2Perc_coupling_errors_on_fac10_RP/round_2/35_bessy2hi_56m_PGM_2Perc_coupling_errors_on_fac10_RP.rml
2025-02-10 19:12:07,620 - INFO - Batch Completed
2025-02-10 19:12:07,620 - INFO - Waiting For batch, 60 simulations to go
2025-02-10 19:12:07,627 - INFO - Prepared sim number: 38: RAYPy_Simulation_bessy2hi_56m_PGM_2Perc_coupling_errors_on_fac10_RP/round_2/38_bessy2hi_56m_PGM_2Perc_coupling_errors_on_fac10_RP.rml
2025-02-10 19:12:07,636 - INFO - Prepared sim number: 39: RAYPy_Simulation_bessy2hi_56m_PGM_2Perc_coupling_errors_on_fac10_RP/round_2/39_bessy2hi_56m_PGM_2Perc_coupling_errors_on_fac10_RP.rml
2025-02-10 19:12:07,644 - INFO - Prepared sim number: 40: RAYPy_Simulation_bessy2hi_56m_PGM_2Perc_coupling_errors_on_fac10_RP/round_2/40_bessy2hi_56m_PGM_2Perc_coupling_errors_on_fac10_RP.rml
2025-02-10 19:12:07,644 - INFO - Start round 3
2025-02-10 19:12:07,652 - INFO - Prepared sim number: 0: RAYPy_Simulation_bessy2hi_56m_PGM_2Perc_coupling_errors_on_fac10_RP/round_3/0_bessy2hi_56m_PGM_2Perc_coupling_errors_on_fac10_RP.rml
2025-02-10 19:12:07,658 - INFO - Prepared sim number: 1: RAYPy_Simulation_bessy2hi_56m_PGM_2Perc_coupling_errors_on_fac10_RP/round_3/1_bessy2hi_56m_PGM_2Perc_coupling_errors_on_fac10_RP.rml
2025-02-10 19:12:07,663 - INFO - Prepared sim number: 2: RAYPy_Simulation_bessy2hi_56m_PGM_2Perc_coupling_errors_on_fac10_RP/round_3/2_bessy2hi_56m_PGM_2Perc_coupling_errors_on_fac10_RP.rml
2025-02-10 19:12:07,671 - INFO - Prepared sim number: 3: RAYPy_Simulation_bessy2hi_56m_PGM_2Perc_coupling_errors_on_fac10_RP/round_3/3_bessy2hi_56m_PGM_2Perc_coupling_errors_on_fac10_RP.rml
2025-02-10 19:12:07,677 - INFO - Prepared sim number: 4: RAYPy_Simulation_bessy2hi_56m_PGM_2Perc_coupling_errors_on_fac10_RP/round_3/4_bessy2hi_56m_PGM_2Perc_coupling_errors_on_fac10_RP.rml
2025-02-10 19:12:07,683 - INFO - Prepared sim number: 5: RAYPy_Simulation_bessy2hi_56m_PGM_2Perc_coupling_errors_on_fac10_RP/round_3/5_bessy2hi_56m_PGM_2Perc_coupling_errors_on_fac10_RP.rml
2025-02-10 19:12:07,689 - INFO - Prepared sim number: 6: RAYPy_Simulation_bessy2hi_56m_PGM_2Perc_coupling_errors_on_fac10_RP/round_3/6_bessy2hi_56m_PGM_2Perc_coupling_errors_on_fac10_RP.rml
2025-02-10 19:12:07,694 - INFO - Prepared sim number: 7: RAYPy_Simulation_bessy2hi_56m_PGM_2Perc_coupling_errors_on_fac10_RP/round_3/7_bessy2hi_56m_PGM_2Perc_coupling_errors_on_fac10_RP.rml
2025-02-10 19:12:07,700 - INFO - Prepared sim number: 8: RAYPy_Simulation_bessy2hi_56m_PGM_2Perc_coupling_errors_on_fac10_RP/round_3/8_bessy2hi_56m_PGM_2Perc_coupling_errors_on_fac10_RP.rml
2025-02-10 19:12:07,705 - INFO - Prepared sim number: 9: RAYPy_Simulation_bessy2hi_56m_PGM_2Perc_coupling_errors_on_fac10_RP/round_3/9_bessy2hi_56m_PGM_2Perc_coupling_errors_on_fac10_RP.rml
2025-02-10 19:12:07,710 - INFO - Prepared sim number: 10: RAYPy_Simulation_bessy2hi_56m_PGM_2Perc_coupling_errors_on_fac10_RP/round_3/10_bessy2hi_56m_PGM_2Perc_coupling_errors_on_fac10_RP.rml
2025-02-10 19:12:07,715 - INFO - Prepared sim number: 11: RAYPy_Simulation_bessy2hi_56m_PGM_2Perc_coupling_errors_on_fac10_RP/round_3/11_bessy2hi_56m_PGM_2Perc_coupling_errors_on_fac10_RP.rml
2025-02-10 19:12:07,720 - INFO - Prepared sim number: 12: RAYPy_Simulation_bessy2hi_56m_PGM_2Perc_coupling_errors_on_fac10_RP/round_3/12_bessy2hi_56m_PGM_2Perc_coupling_errors_on_fac10_RP.rml
2025-02-10 19:12:07,726 - INFO - Prepared sim number: 13: RAYPy_Simulation_bessy2hi_56m_PGM_2Perc_coupling_errors_on_fac10_RP/round_3/13_bessy2hi_56m_PGM_2Perc_coupling_errors_on_fac10_RP.rml
2025-02-10 19:12:07,732 - INFO - Prepared sim number: 14: RAYPy_Simulation_bessy2hi_56m_PGM_2Perc_coupling_errors_on_fac10_RP/round_3/14_bessy2hi_56m_PGM_2Perc_coupling_errors_on_fac10_RP.rml
2025-02-10 19:12:07,737 - INFO - Prepared sim number: 15: RAYPy_Simulation_bessy2hi_56m_PGM_2Perc_coupling_errors_on_fac10_RP/round_3/15_bessy2hi_56m_PGM_2Perc_coupling_errors_on_fac10_RP.rml
2025-02-10 19:12:07,742 - INFO - Prepared sim number: 16: RAYPy_Simulation_bessy2hi_56m_PGM_2Perc_coupling_errors_on_fac10_RP/round_3/16_bessy2hi_56m_PGM_2Perc_coupling_errors_on_fac10_RP.rml
2025-02-10 19:12:07,747 - INFO - Prepared sim number: 17: RAYPy_Simulation_bessy2hi_56m_PGM_2Perc_coupling_errors_on_fac10_RP/round_3/17_bessy2hi_56m_PGM_2Perc_coupling_errors_on_fac10_RP.rml
2025-02-10 19:12:07,752 - INFO - Prepared sim number: 18: RAYPy_Simulation_bessy2hi_56m_PGM_2Perc_coupling_errors_on_fac10_RP/round_3/18_bessy2hi_56m_PGM_2Perc_coupling_errors_on_fac10_RP.rml
2025-02-10 19:12:07,758 - INFO - Prepared sim number: 19: RAYPy_Simulation_bessy2hi_56m_PGM_2Perc_coupling_errors_on_fac10_RP/round_3/19_bessy2hi_56m_PGM_2Perc_coupling_errors_on_fac10_RP.rml
2025-02-10 19:12:07,764 - INFO - Prepared sim number: 20: RAYPy_Simulation_bessy2hi_56m_PGM_2Perc_coupling_errors_on_fac10_RP/round_3/20_bessy2hi_56m_PGM_2Perc_coupling_errors_on_fac10_RP.rml
2025-02-10 19:12:07,769 - INFO - Prepared sim number: 21: RAYPy_Simulation_bessy2hi_56m_PGM_2Perc_coupling_errors_on_fac10_RP/round_3/21_bessy2hi_56m_PGM_2Perc_coupling_errors_on_fac10_RP.rml
2025-02-10 19:12:07,774 - INFO - Prepared sim number: 22: RAYPy_Simulation_bessy2hi_56m_PGM_2Perc_coupling_errors_on_fac10_RP/round_3/22_bessy2hi_56m_PGM_2Perc_coupling_errors_on_fac10_RP.rml
2025-02-10 19:12:07,779 - INFO - Prepared sim number: 23: RAYPy_Simulation_bessy2hi_56m_PGM_2Perc_coupling_errors_on_fac10_RP/round_3/23_bessy2hi_56m_PGM_2Perc_coupling_errors_on_fac10_RP.rml
2025-02-10 19:12:07,784 - INFO - Prepared sim number: 24: RAYPy_Simulation_bessy2hi_56m_PGM_2Perc_coupling_errors_on_fac10_RP/round_3/24_bessy2hi_56m_PGM_2Perc_coupling_errors_on_fac10_RP.rml
2025-02-10 19:12:07,790 - INFO - Prepared sim number: 25: RAYPy_Simulation_bessy2hi_56m_PGM_2Perc_coupling_errors_on_fac10_RP/round_3/25_bessy2hi_56m_PGM_2Perc_coupling_errors_on_fac10_RP.rml
2025-02-10 19:12:07,794 - INFO - Prepared sim number: 26: RAYPy_Simulation_bessy2hi_56m_PGM_2Perc_coupling_errors_on_fac10_RP/round_3/26_bessy2hi_56m_PGM_2Perc_coupling_errors_on_fac10_RP.rml
2025-02-10 19:12:07,800 - INFO - Prepared sim number: 27: RAYPy_Simulation_bessy2hi_56m_PGM_2Perc_coupling_errors_on_fac10_RP/round_3/27_bessy2hi_56m_PGM_2Perc_coupling_errors_on_fac10_RP.rml
2025-02-10 19:12:07,805 - INFO - Prepared sim number: 28: RAYPy_Simulation_bessy2hi_56m_PGM_2Perc_coupling_errors_on_fac10_RP/round_3/28_bessy2hi_56m_PGM_2Perc_coupling_errors_on_fac10_RP.rml
2025-02-10 19:12:07,811 - INFO - Prepared sim number: 29: RAYPy_Simulation_bessy2hi_56m_PGM_2Perc_coupling_errors_on_fac10_RP/round_3/29_bessy2hi_56m_PGM_2Perc_coupling_errors_on_fac10_RP.rml
2025-02-10 19:12:07,816 - INFO - Prepared sim number: 30: RAYPy_Simulation_bessy2hi_56m_PGM_2Perc_coupling_errors_on_fac10_RP/round_3/30_bessy2hi_56m_PGM_2Perc_coupling_errors_on_fac10_RP.rml
2025-02-10 19:12:07,821 - INFO - Prepared sim number: 31: RAYPy_Simulation_bessy2hi_56m_PGM_2Perc_coupling_errors_on_fac10_RP/round_3/31_bessy2hi_56m_PGM_2Perc_coupling_errors_on_fac10_RP.rml
2025-02-10 19:12:07,827 - INFO - Prepared sim number: 32: RAYPy_Simulation_bessy2hi_56m_PGM_2Perc_coupling_errors_on_fac10_RP/round_3/32_bessy2hi_56m_PGM_2Perc_coupling_errors_on_fac10_RP.rml
2025-02-10 19:12:07,832 - INFO - Prepared sim number: 33: RAYPy_Simulation_bessy2hi_56m_PGM_2Perc_coupling_errors_on_fac10_RP/round_3/33_bessy2hi_56m_PGM_2Perc_coupling_errors_on_fac10_RP.rml
2025-02-10 19:12:07,837 - INFO - Prepared sim number: 34: RAYPy_Simulation_bessy2hi_56m_PGM_2Perc_coupling_errors_on_fac10_RP/round_3/34_bessy2hi_56m_PGM_2Perc_coupling_errors_on_fac10_RP.rml
2025-02-10 19:12:07,843 - INFO - Prepared sim number: 35: RAYPy_Simulation_bessy2hi_56m_PGM_2Perc_coupling_errors_on_fac10_RP/round_3/35_bessy2hi_56m_PGM_2Perc_coupling_errors_on_fac10_RP.rml
2025-02-10 19:12:07,848 - INFO - Prepared sim number: 36: RAYPy_Simulation_bessy2hi_56m_PGM_2Perc_coupling_errors_on_fac10_RP/round_3/36_bessy2hi_56m_PGM_2Perc_coupling_errors_on_fac10_RP.rml
2025-02-10 19:12:07,853 - INFO - Prepared sim number: 37: RAYPy_Simulation_bessy2hi_56m_PGM_2Perc_coupling_errors_on_fac10_RP/round_3/37_bessy2hi_56m_PGM_2Perc_coupling_errors_on_fac10_RP.rml
2025-02-10 19:12:07,858 - INFO - Prepared sim number: 38: RAYPy_Simulation_bessy2hi_56m_PGM_2Perc_coupling_errors_on_fac10_RP/round_3/38_bessy2hi_56m_PGM_2Perc_coupling_errors_on_fac10_RP.rml
2025-02-10 19:12:07,864 - INFO - Prepared sim number: 39: RAYPy_Simulation_bessy2hi_56m_PGM_2Perc_coupling_errors_on_fac10_RP/round_3/39_bessy2hi_56m_PGM_2Perc_coupling_errors_on_fac10_RP.rml
2025-02-10 19:12:07,869 - INFO - Prepared sim number: 40: RAYPy_Simulation_bessy2hi_56m_PGM_2Perc_coupling_errors_on_fac10_RP/round_3/40_bessy2hi_56m_PGM_2Perc_coupling_errors_on_fac10_RP.rml
2025-02-10 19:12:07,869 - INFO - Start round 4
2025-02-10 19:12:07,875 - INFO - Prepared sim number: 0: RAYPy_Simulation_bessy2hi_56m_PGM_2Perc_coupling_errors_on_fac10_RP/round_4/0_bessy2hi_56m_PGM_2Perc_coupling_errors_on_fac10_RP.rml
2025-02-10 19:12:07,880 - INFO - Prepared sim number: 1: RAYPy_Simulation_bessy2hi_56m_PGM_2Perc_coupling_errors_on_fac10_RP/round_4/1_bessy2hi_56m_PGM_2Perc_coupling_errors_on_fac10_RP.rml
2025-02-10 19:12:07,885 - INFO - Prepared sim number: 2: RAYPy_Simulation_bessy2hi_56m_PGM_2Perc_coupling_errors_on_fac10_RP/round_4/2_bessy2hi_56m_PGM_2Perc_coupling_errors_on_fac10_RP.rml
2025-02-10 19:12:07,890 - INFO - Prepared sim number: 3: RAYPy_Simulation_bessy2hi_56m_PGM_2Perc_coupling_errors_on_fac10_RP/round_4/3_bessy2hi_56m_PGM_2Perc_coupling_errors_on_fac10_RP.rml
2025-02-10 19:12:07,895 - INFO - Prepared sim number: 4: RAYPy_Simulation_bessy2hi_56m_PGM_2Perc_coupling_errors_on_fac10_RP/round_4/4_bessy2hi_56m_PGM_2Perc_coupling_errors_on_fac10_RP.rml
2025-02-10 19:12:07,900 - INFO - Prepared sim number: 5: RAYPy_Simulation_bessy2hi_56m_PGM_2Perc_coupling_errors_on_fac10_RP/round_4/5_bessy2hi_56m_PGM_2Perc_coupling_errors_on_fac10_RP.rml
2025-02-10 19:12:07,906 - INFO - Prepared sim number: 6: RAYPy_Simulation_bessy2hi_56m_PGM_2Perc_coupling_errors_on_fac10_RP/round_4/6_bessy2hi_56m_PGM_2Perc_coupling_errors_on_fac10_RP.rml
2025-02-10 19:12:07,911 - INFO - Prepared sim number: 7: RAYPy_Simulation_bessy2hi_56m_PGM_2Perc_coupling_errors_on_fac10_RP/round_4/7_bessy2hi_56m_PGM_2Perc_coupling_errors_on_fac10_RP.rml
2025-02-10 19:12:07,916 - INFO - Prepared sim number: 8: RAYPy_Simulation_bessy2hi_56m_PGM_2Perc_coupling_errors_on_fac10_RP/round_4/8_bessy2hi_56m_PGM_2Perc_coupling_errors_on_fac10_RP.rml
2025-02-10 19:12:07,922 - INFO - Prepared sim number: 9: RAYPy_Simulation_bessy2hi_56m_PGM_2Perc_coupling_errors_on_fac10_RP/round_4/9_bessy2hi_56m_PGM_2Perc_coupling_errors_on_fac10_RP.rml
2025-02-10 19:12:07,927 - INFO - Prepared sim number: 10: RAYPy_Simulation_bessy2hi_56m_PGM_2Perc_coupling_errors_on_fac10_RP/round_4/10_bessy2hi_56m_PGM_2Perc_coupling_errors_on_fac10_RP.rml
2025-02-10 19:12:07,932 - INFO - Prepared sim number: 11: RAYPy_Simulation_bessy2hi_56m_PGM_2Perc_coupling_errors_on_fac10_RP/round_4/11_bessy2hi_56m_PGM_2Perc_coupling_errors_on_fac10_RP.rml
2025-02-10 19:12:07,937 - INFO - Prepared sim number: 12: RAYPy_Simulation_bessy2hi_56m_PGM_2Perc_coupling_errors_on_fac10_RP/round_4/12_bessy2hi_56m_PGM_2Perc_coupling_errors_on_fac10_RP.rml
2025-02-10 19:12:07,942 - INFO - Prepared sim number: 13: RAYPy_Simulation_bessy2hi_56m_PGM_2Perc_coupling_errors_on_fac10_RP/round_4/13_bessy2hi_56m_PGM_2Perc_coupling_errors_on_fac10_RP.rml
2025-02-10 19:12:07,948 - INFO - Prepared sim number: 14: RAYPy_Simulation_bessy2hi_56m_PGM_2Perc_coupling_errors_on_fac10_RP/round_4/14_bessy2hi_56m_PGM_2Perc_coupling_errors_on_fac10_RP.rml
2025-02-10 19:12:07,953 - INFO - Prepared sim number: 15: RAYPy_Simulation_bessy2hi_56m_PGM_2Perc_coupling_errors_on_fac10_RP/round_4/15_bessy2hi_56m_PGM_2Perc_coupling_errors_on_fac10_RP.rml
2025-02-10 19:12:07,953 - INFO - Waiting for batch number: 2, timeout: 25.350273656845093s
2025-02-10 19:12:10,331 - INFO - Completed: 1, remaining: 59, RAYPy_Simulation_bessy2hi_56m_PGM_2Perc_coupling_errors_on_fac10_RP/round_3/4_bessy2hi_56m_PGM_2Perc_coupling_errors_on_fac10_RP.rml
2025-02-10 19:12:10,339 - INFO - Completed: 2, remaining: 58, RAYPy_Simulation_bessy2hi_56m_PGM_2Perc_coupling_errors_on_fac10_RP/round_3/1_bessy2hi_56m_PGM_2Perc_coupling_errors_on_fac10_RP.rml
2025-02-10 19:12:10,622 - INFO - Completed: 3, remaining: 57, RAYPy_Simulation_bessy2hi_56m_PGM_2Perc_coupling_errors_on_fac10_RP/round_3/5_bessy2hi_56m_PGM_2Perc_coupling_errors_on_fac10_RP.rml
2025-02-10 19:12:10,727 - INFO - Completed: 4, remaining: 56, RAYPy_Simulation_bessy2hi_56m_PGM_2Perc_coupling_errors_on_fac10_RP/round_3/7_bessy2hi_56m_PGM_2Perc_coupling_errors_on_fac10_RP.rml
2025-02-10 19:12:10,839 - INFO - Completed: 5, remaining: 55, RAYPy_Simulation_bessy2hi_56m_PGM_2Perc_coupling_errors_on_fac10_RP/round_2/40_bessy2hi_56m_PGM_2Perc_coupling_errors_on_fac10_RP.rml
2025-02-10 19:12:10,925 - INFO - Completed: 6, remaining: 54, RAYPy_Simulation_bessy2hi_56m_PGM_2Perc_coupling_errors_on_fac10_RP/round_3/8_bessy2hi_56m_PGM_2Perc_coupling_errors_on_fac10_RP.rml
2025-02-10 19:12:11,040 - INFO - Completed: 7, remaining: 53, RAYPy_Simulation_bessy2hi_56m_PGM_2Perc_coupling_errors_on_fac10_RP/round_2/38_bessy2hi_56m_PGM_2Perc_coupling_errors_on_fac10_RP.rml
2025-02-10 19:12:11,487 - INFO - Completed: 8, remaining: 52, RAYPy_Simulation_bessy2hi_56m_PGM_2Perc_coupling_errors_on_fac10_RP/round_3/2_bessy2hi_56m_PGM_2Perc_coupling_errors_on_fac10_RP.rml
2025-02-10 19:12:13,128 - INFO - Completed: 9, remaining: 51, RAYPy_Simulation_bessy2hi_56m_PGM_2Perc_coupling_errors_on_fac10_RP/round_3/0_bessy2hi_56m_PGM_2Perc_coupling_errors_on_fac10_RP.rml
2025-02-10 19:12:13,321 - INFO - Completed: 10, remaining: 50, RAYPy_Simulation_bessy2hi_56m_PGM_2Perc_coupling_errors_on_fac10_RP/round_3/6_bessy2hi_56m_PGM_2Perc_coupling_errors_on_fac10_RP.rml
2025-02-10 19:12:13,558 - INFO - Completed: 11, remaining: 49, RAYPy_Simulation_bessy2hi_56m_PGM_2Perc_coupling_errors_on_fac10_RP/round_2/39_bessy2hi_56m_PGM_2Perc_coupling_errors_on_fac10_RP.rml
2025-02-10 19:12:13,864 - INFO - Completed: 12, remaining: 48, RAYPy_Simulation_bessy2hi_56m_PGM_2Perc_coupling_errors_on_fac10_RP/round_3/10_bessy2hi_56m_PGM_2Perc_coupling_errors_on_fac10_RP.rml
2025-02-10 19:12:13,960 - INFO - Completed: 13, remaining: 47, RAYPy_Simulation_bessy2hi_56m_PGM_2Perc_coupling_errors_on_fac10_RP/round_3/9_bessy2hi_56m_PGM_2Perc_coupling_errors_on_fac10_RP.rml
2025-02-10 19:12:14,215 - INFO - Completed: 14, remaining: 46, RAYPy_Simulation_bessy2hi_56m_PGM_2Perc_coupling_errors_on_fac10_RP/round_3/12_bessy2hi_56m_PGM_2Perc_coupling_errors_on_fac10_RP.rml
2025-02-10 19:12:14,311 - INFO - Completed: 15, remaining: 45, RAYPy_Simulation_bessy2hi_56m_PGM_2Perc_coupling_errors_on_fac10_RP/round_3/11_bessy2hi_56m_PGM_2Perc_coupling_errors_on_fac10_RP.rml
2025-02-10 19:12:14,375 - INFO - Completed: 16, remaining: 44, RAYPy_Simulation_bessy2hi_56m_PGM_2Perc_coupling_errors_on_fac10_RP/round_3/14_bessy2hi_56m_PGM_2Perc_coupling_errors_on_fac10_RP.rml
2025-02-10 19:12:14,422 - INFO - Completed: 17, remaining: 43, RAYPy_Simulation_bessy2hi_56m_PGM_2Perc_coupling_errors_on_fac10_RP/round_3/13_bessy2hi_56m_PGM_2Perc_coupling_errors_on_fac10_RP.rml
2025-02-10 19:12:14,671 - INFO - Completed: 18, remaining: 42, RAYPy_Simulation_bessy2hi_56m_PGM_2Perc_coupling_errors_on_fac10_RP/round_3/15_bessy2hi_56m_PGM_2Perc_coupling_errors_on_fac10_RP.rml
2025-02-10 19:12:15,286 - INFO - Completed: 19, remaining: 41, RAYPy_Simulation_bessy2hi_56m_PGM_2Perc_coupling_errors_on_fac10_RP/round_3/16_bessy2hi_56m_PGM_2Perc_coupling_errors_on_fac10_RP.rml
2025-02-10 19:12:16,510 - INFO - Completed: 20, remaining: 40, RAYPy_Simulation_bessy2hi_56m_PGM_2Perc_coupling_errors_on_fac10_RP/round_3/3_bessy2hi_56m_PGM_2Perc_coupling_errors_on_fac10_RP.rml
2025-02-10 19:12:16,885 - INFO - Completed: 21, remaining: 39, RAYPy_Simulation_bessy2hi_56m_PGM_2Perc_coupling_errors_on_fac10_RP/round_3/17_bessy2hi_56m_PGM_2Perc_coupling_errors_on_fac10_RP.rml
2025-02-10 19:12:16,948 - INFO - Completed: 22, remaining: 38, RAYPy_Simulation_bessy2hi_56m_PGM_2Perc_coupling_errors_on_fac10_RP/round_3/18_bessy2hi_56m_PGM_2Perc_coupling_errors_on_fac10_RP.rml
2025-02-10 19:12:17,165 - INFO - Completed: 23, remaining: 37, RAYPy_Simulation_bessy2hi_56m_PGM_2Perc_coupling_errors_on_fac10_RP/round_3/19_bessy2hi_56m_PGM_2Perc_coupling_errors_on_fac10_RP.rml
2025-02-10 19:12:17,443 - INFO - Completed: 24, remaining: 36, RAYPy_Simulation_bessy2hi_56m_PGM_2Perc_coupling_errors_on_fac10_RP/round_3/20_bessy2hi_56m_PGM_2Perc_coupling_errors_on_fac10_RP.rml
2025-02-10 19:12:17,663 - INFO - Completed: 25, remaining: 35, RAYPy_Simulation_bessy2hi_56m_PGM_2Perc_coupling_errors_on_fac10_RP/round_3/21_bessy2hi_56m_PGM_2Perc_coupling_errors_on_fac10_RP.rml
2025-02-10 19:12:17,972 - INFO - Completed: 26, remaining: 34, RAYPy_Simulation_bessy2hi_56m_PGM_2Perc_coupling_errors_on_fac10_RP/round_3/23_bessy2hi_56m_PGM_2Perc_coupling_errors_on_fac10_RP.rml
2025-02-10 19:12:18,140 - INFO - Completed: 27, remaining: 33, RAYPy_Simulation_bessy2hi_56m_PGM_2Perc_coupling_errors_on_fac10_RP/round_3/24_bessy2hi_56m_PGM_2Perc_coupling_errors_on_fac10_RP.rml
2025-02-10 19:12:18,269 - INFO - Completed: 28, remaining: 32, RAYPy_Simulation_bessy2hi_56m_PGM_2Perc_coupling_errors_on_fac10_RP/round_3/25_bessy2hi_56m_PGM_2Perc_coupling_errors_on_fac10_RP.rml
2025-02-10 19:12:18,290 - INFO - Completed: 29, remaining: 31, RAYPy_Simulation_bessy2hi_56m_PGM_2Perc_coupling_errors_on_fac10_RP/round_3/22_bessy2hi_56m_PGM_2Perc_coupling_errors_on_fac10_RP.rml
2025-02-10 19:12:18,581 - INFO - Completed: 30, remaining: 30, RAYPy_Simulation_bessy2hi_56m_PGM_2Perc_coupling_errors_on_fac10_RP/round_3/26_bessy2hi_56m_PGM_2Perc_coupling_errors_on_fac10_RP.rml
2025-02-10 19:12:19,030 - INFO - Completed: 31, remaining: 29, RAYPy_Simulation_bessy2hi_56m_PGM_2Perc_coupling_errors_on_fac10_RP/round_3/27_bessy2hi_56m_PGM_2Perc_coupling_errors_on_fac10_RP.rml
2025-02-10 19:12:20,095 - INFO - Completed: 32, remaining: 28, RAYPy_Simulation_bessy2hi_56m_PGM_2Perc_coupling_errors_on_fac10_RP/round_3/28_bessy2hi_56m_PGM_2Perc_coupling_errors_on_fac10_RP.rml
2025-02-10 19:12:20,642 - INFO - Completed: 33, remaining: 27, RAYPy_Simulation_bessy2hi_56m_PGM_2Perc_coupling_errors_on_fac10_RP/round_3/30_bessy2hi_56m_PGM_2Perc_coupling_errors_on_fac10_RP.rml
2025-02-10 19:12:20,837 - INFO - Completed: 34, remaining: 26, RAYPy_Simulation_bessy2hi_56m_PGM_2Perc_coupling_errors_on_fac10_RP/round_3/31_bessy2hi_56m_PGM_2Perc_coupling_errors_on_fac10_RP.rml
2025-02-10 19:12:20,970 - INFO - Completed: 35, remaining: 25, RAYPy_Simulation_bessy2hi_56m_PGM_2Perc_coupling_errors_on_fac10_RP/round_3/29_bessy2hi_56m_PGM_2Perc_coupling_errors_on_fac10_RP.rml
2025-02-10 19:12:21,242 - INFO - Completed: 36, remaining: 24, RAYPy_Simulation_bessy2hi_56m_PGM_2Perc_coupling_errors_on_fac10_RP/round_3/33_bessy2hi_56m_PGM_2Perc_coupling_errors_on_fac10_RP.rml
2025-02-10 19:12:21,537 - INFO - Completed: 37, remaining: 23, RAYPy_Simulation_bessy2hi_56m_PGM_2Perc_coupling_errors_on_fac10_RP/round_3/34_bessy2hi_56m_PGM_2Perc_coupling_errors_on_fac10_RP.rml
2025-02-10 19:12:21,889 - INFO - Completed: 38, remaining: 22, RAYPy_Simulation_bessy2hi_56m_PGM_2Perc_coupling_errors_on_fac10_RP/round_3/35_bessy2hi_56m_PGM_2Perc_coupling_errors_on_fac10_RP.rml
2025-02-10 19:12:22,082 - INFO - Completed: 39, remaining: 21, RAYPy_Simulation_bessy2hi_56m_PGM_2Perc_coupling_errors_on_fac10_RP/round_3/32_bessy2hi_56m_PGM_2Perc_coupling_errors_on_fac10_RP.rml
2025-02-10 19:12:22,147 - INFO - Completed: 40, remaining: 20, RAYPy_Simulation_bessy2hi_56m_PGM_2Perc_coupling_errors_on_fac10_RP/round_3/37_bessy2hi_56m_PGM_2Perc_coupling_errors_on_fac10_RP.rml
2025-02-10 19:12:22,295 - INFO - Completed: 41, remaining: 19, RAYPy_Simulation_bessy2hi_56m_PGM_2Perc_coupling_errors_on_fac10_RP/round_3/36_bessy2hi_56m_PGM_2Perc_coupling_errors_on_fac10_RP.rml
2025-02-10 19:12:22,428 - INFO - Completed: 42, remaining: 18, RAYPy_Simulation_bessy2hi_56m_PGM_2Perc_coupling_errors_on_fac10_RP/round_3/38_bessy2hi_56m_PGM_2Perc_coupling_errors_on_fac10_RP.rml
2025-02-10 19:12:22,839 - INFO - Completed: 43, remaining: 17, RAYPy_Simulation_bessy2hi_56m_PGM_2Perc_coupling_errors_on_fac10_RP/round_3/39_bessy2hi_56m_PGM_2Perc_coupling_errors_on_fac10_RP.rml
2025-02-10 19:12:23,869 - INFO - Completed: 44, remaining: 16, RAYPy_Simulation_bessy2hi_56m_PGM_2Perc_coupling_errors_on_fac10_RP/round_3/40_bessy2hi_56m_PGM_2Perc_coupling_errors_on_fac10_RP.rml
2025-02-10 19:12:24,243 - INFO - Completed: 45, remaining: 15, RAYPy_Simulation_bessy2hi_56m_PGM_2Perc_coupling_errors_on_fac10_RP/round_4/0_bessy2hi_56m_PGM_2Perc_coupling_errors_on_fac10_RP.rml
2025-02-10 19:12:24,417 - INFO - Completed: 46, remaining: 14, RAYPy_Simulation_bessy2hi_56m_PGM_2Perc_coupling_errors_on_fac10_RP/round_4/1_bessy2hi_56m_PGM_2Perc_coupling_errors_on_fac10_RP.rml
2025-02-10 19:12:24,528 - INFO - Completed: 47, remaining: 13, RAYPy_Simulation_bessy2hi_56m_PGM_2Perc_coupling_errors_on_fac10_RP/round_4/2_bessy2hi_56m_PGM_2Perc_coupling_errors_on_fac10_RP.rml
2025-02-10 19:12:24,683 - INFO - Completed: 48, remaining: 12, RAYPy_Simulation_bessy2hi_56m_PGM_2Perc_coupling_errors_on_fac10_RP/round_4/3_bessy2hi_56m_PGM_2Perc_coupling_errors_on_fac10_RP.rml
2025-02-10 19:12:25,061 - INFO - Completed: 49, remaining: 11, RAYPy_Simulation_bessy2hi_56m_PGM_2Perc_coupling_errors_on_fac10_RP/round_4/4_bessy2hi_56m_PGM_2Perc_coupling_errors_on_fac10_RP.rml
2025-02-10 19:12:25,256 - INFO - Completed: 50, remaining: 10, RAYPy_Simulation_bessy2hi_56m_PGM_2Perc_coupling_errors_on_fac10_RP/round_4/5_bessy2hi_56m_PGM_2Perc_coupling_errors_on_fac10_RP.rml
2025-02-10 19:12:25,566 - INFO - Completed: 51, remaining: 9, RAYPy_Simulation_bessy2hi_56m_PGM_2Perc_coupling_errors_on_fac10_RP/round_4/7_bessy2hi_56m_PGM_2Perc_coupling_errors_on_fac10_RP.rml
2025-02-10 19:12:25,680 - INFO - Completed: 52, remaining: 8, RAYPy_Simulation_bessy2hi_56m_PGM_2Perc_coupling_errors_on_fac10_RP/round_4/6_bessy2hi_56m_PGM_2Perc_coupling_errors_on_fac10_RP.rml
2025-02-10 19:12:25,814 - INFO - Completed: 53, remaining: 7, RAYPy_Simulation_bessy2hi_56m_PGM_2Perc_coupling_errors_on_fac10_RP/round_4/8_bessy2hi_56m_PGM_2Perc_coupling_errors_on_fac10_RP.rml
2025-02-10 19:12:26,073 - INFO - Completed: 54, remaining: 6, RAYPy_Simulation_bessy2hi_56m_PGM_2Perc_coupling_errors_on_fac10_RP/round_4/9_bessy2hi_56m_PGM_2Perc_coupling_errors_on_fac10_RP.rml
2025-02-10 19:12:26,252 - INFO - Completed: 55, remaining: 5, RAYPy_Simulation_bessy2hi_56m_PGM_2Perc_coupling_errors_on_fac10_RP/round_4/10_bessy2hi_56m_PGM_2Perc_coupling_errors_on_fac10_RP.rml
2025-02-10 19:12:27,016 - INFO - Completed: 56, remaining: 4, RAYPy_Simulation_bessy2hi_56m_PGM_2Perc_coupling_errors_on_fac10_RP/round_4/12_bessy2hi_56m_PGM_2Perc_coupling_errors_on_fac10_RP.rml
2025-02-10 19:12:27,134 - INFO - Completed: 57, remaining: 3, RAYPy_Simulation_bessy2hi_56m_PGM_2Perc_coupling_errors_on_fac10_RP/round_4/13_bessy2hi_56m_PGM_2Perc_coupling_errors_on_fac10_RP.rml
2025-02-10 19:12:27,217 - INFO - Completed: 58, remaining: 2, RAYPy_Simulation_bessy2hi_56m_PGM_2Perc_coupling_errors_on_fac10_RP/round_4/14_bessy2hi_56m_PGM_2Perc_coupling_errors_on_fac10_RP.rml
2025-02-10 19:12:27,296 - INFO - Completed: 59, remaining: 1, RAYPy_Simulation_bessy2hi_56m_PGM_2Perc_coupling_errors_on_fac10_RP/round_4/15_bessy2hi_56m_PGM_2Perc_coupling_errors_on_fac10_RP.rml
2025-02-10 19:12:27,370 - INFO - Completed: 60, remaining: 0, RAYPy_Simulation_bessy2hi_56m_PGM_2Perc_coupling_errors_on_fac10_RP/round_4/11_bessy2hi_56m_PGM_2Perc_coupling_errors_on_fac10_RP.rml
2025-02-10 19:12:27,371 - INFO - Batch Completed
2025-02-10 19:12:27,371 - INFO - Waiting For batch, 60 simulations to go
2025-02-10 19:12:27,375 - INFO - Prepared sim number: 16: RAYPy_Simulation_bessy2hi_56m_PGM_2Perc_coupling_errors_on_fac10_RP/round_4/16_bessy2hi_56m_PGM_2Perc_coupling_errors_on_fac10_RP.rml
2025-02-10 19:12:27,386 - INFO - Prepared sim number: 17: RAYPy_Simulation_bessy2hi_56m_PGM_2Perc_coupling_errors_on_fac10_RP/round_4/17_bessy2hi_56m_PGM_2Perc_coupling_errors_on_fac10_RP.rml
2025-02-10 19:12:27,399 - INFO - Prepared sim number: 18: RAYPy_Simulation_bessy2hi_56m_PGM_2Perc_coupling_errors_on_fac10_RP/round_4/18_bessy2hi_56m_PGM_2Perc_coupling_errors_on_fac10_RP.rml
2025-02-10 19:12:27,405 - INFO - Prepared sim number: 19: RAYPy_Simulation_bessy2hi_56m_PGM_2Perc_coupling_errors_on_fac10_RP/round_4/19_bessy2hi_56m_PGM_2Perc_coupling_errors_on_fac10_RP.rml
2025-02-10 19:12:27,412 - INFO - Prepared sim number: 20: RAYPy_Simulation_bessy2hi_56m_PGM_2Perc_coupling_errors_on_fac10_RP/round_4/20_bessy2hi_56m_PGM_2Perc_coupling_errors_on_fac10_RP.rml
2025-02-10 19:12:27,415 - INFO - Prepared sim number: 21: RAYPy_Simulation_bessy2hi_56m_PGM_2Perc_coupling_errors_on_fac10_RP/round_4/21_bessy2hi_56m_PGM_2Perc_coupling_errors_on_fac10_RP.rml
2025-02-10 19:12:27,419 - INFO - Prepared sim number: 22: RAYPy_Simulation_bessy2hi_56m_PGM_2Perc_coupling_errors_on_fac10_RP/round_4/22_bessy2hi_56m_PGM_2Perc_coupling_errors_on_fac10_RP.rml
2025-02-10 19:12:27,424 - INFO - Prepared sim number: 23: RAYPy_Simulation_bessy2hi_56m_PGM_2Perc_coupling_errors_on_fac10_RP/round_4/23_bessy2hi_56m_PGM_2Perc_coupling_errors_on_fac10_RP.rml
2025-02-10 19:12:27,428 - INFO - Prepared sim number: 24: RAYPy_Simulation_bessy2hi_56m_PGM_2Perc_coupling_errors_on_fac10_RP/round_4/24_bessy2hi_56m_PGM_2Perc_coupling_errors_on_fac10_RP.rml
2025-02-10 19:12:27,432 - INFO - Prepared sim number: 25: RAYPy_Simulation_bessy2hi_56m_PGM_2Perc_coupling_errors_on_fac10_RP/round_4/25_bessy2hi_56m_PGM_2Perc_coupling_errors_on_fac10_RP.rml
2025-02-10 19:12:27,435 - INFO - Prepared sim number: 26: RAYPy_Simulation_bessy2hi_56m_PGM_2Perc_coupling_errors_on_fac10_RP/round_4/26_bessy2hi_56m_PGM_2Perc_coupling_errors_on_fac10_RP.rml
2025-02-10 19:12:27,439 - INFO - Prepared sim number: 27: RAYPy_Simulation_bessy2hi_56m_PGM_2Perc_coupling_errors_on_fac10_RP/round_4/27_bessy2hi_56m_PGM_2Perc_coupling_errors_on_fac10_RP.rml
2025-02-10 19:12:27,443 - INFO - Prepared sim number: 28: RAYPy_Simulation_bessy2hi_56m_PGM_2Perc_coupling_errors_on_fac10_RP/round_4/28_bessy2hi_56m_PGM_2Perc_coupling_errors_on_fac10_RP.rml
2025-02-10 19:12:27,447 - INFO - Prepared sim number: 29: RAYPy_Simulation_bessy2hi_56m_PGM_2Perc_coupling_errors_on_fac10_RP/round_4/29_bessy2hi_56m_PGM_2Perc_coupling_errors_on_fac10_RP.rml
2025-02-10 19:12:27,451 - INFO - Prepared sim number: 30: RAYPy_Simulation_bessy2hi_56m_PGM_2Perc_coupling_errors_on_fac10_RP/round_4/30_bessy2hi_56m_PGM_2Perc_coupling_errors_on_fac10_RP.rml
2025-02-10 19:12:27,455 - INFO - Prepared sim number: 31: RAYPy_Simulation_bessy2hi_56m_PGM_2Perc_coupling_errors_on_fac10_RP/round_4/31_bessy2hi_56m_PGM_2Perc_coupling_errors_on_fac10_RP.rml
2025-02-10 19:12:27,460 - INFO - Prepared sim number: 32: RAYPy_Simulation_bessy2hi_56m_PGM_2Perc_coupling_errors_on_fac10_RP/round_4/32_bessy2hi_56m_PGM_2Perc_coupling_errors_on_fac10_RP.rml
2025-02-10 19:12:27,463 - INFO - Prepared sim number: 33: RAYPy_Simulation_bessy2hi_56m_PGM_2Perc_coupling_errors_on_fac10_RP/round_4/33_bessy2hi_56m_PGM_2Perc_coupling_errors_on_fac10_RP.rml
2025-02-10 19:12:27,467 - INFO - Prepared sim number: 34: RAYPy_Simulation_bessy2hi_56m_PGM_2Perc_coupling_errors_on_fac10_RP/round_4/34_bessy2hi_56m_PGM_2Perc_coupling_errors_on_fac10_RP.rml
2025-02-10 19:12:27,471 - INFO - Prepared sim number: 35: RAYPy_Simulation_bessy2hi_56m_PGM_2Perc_coupling_errors_on_fac10_RP/round_4/35_bessy2hi_56m_PGM_2Perc_coupling_errors_on_fac10_RP.rml
2025-02-10 19:12:27,475 - INFO - Prepared sim number: 36: RAYPy_Simulation_bessy2hi_56m_PGM_2Perc_coupling_errors_on_fac10_RP/round_4/36_bessy2hi_56m_PGM_2Perc_coupling_errors_on_fac10_RP.rml
2025-02-10 19:12:27,479 - INFO - Prepared sim number: 37: RAYPy_Simulation_bessy2hi_56m_PGM_2Perc_coupling_errors_on_fac10_RP/round_4/37_bessy2hi_56m_PGM_2Perc_coupling_errors_on_fac10_RP.rml
2025-02-10 19:12:27,483 - INFO - Prepared sim number: 38: RAYPy_Simulation_bessy2hi_56m_PGM_2Perc_coupling_errors_on_fac10_RP/round_4/38_bessy2hi_56m_PGM_2Perc_coupling_errors_on_fac10_RP.rml
2025-02-10 19:12:27,487 - INFO - Prepared sim number: 39: RAYPy_Simulation_bessy2hi_56m_PGM_2Perc_coupling_errors_on_fac10_RP/round_4/39_bessy2hi_56m_PGM_2Perc_coupling_errors_on_fac10_RP.rml
2025-02-10 19:12:27,491 - INFO - Prepared sim number: 40: RAYPy_Simulation_bessy2hi_56m_PGM_2Perc_coupling_errors_on_fac10_RP/round_4/40_bessy2hi_56m_PGM_2Perc_coupling_errors_on_fac10_RP.rml
2025-02-10 19:12:27,491 - INFO - Start round 5
2025-02-10 19:12:27,494 - INFO - Prepared sim number: 0: RAYPy_Simulation_bessy2hi_56m_PGM_2Perc_coupling_errors_on_fac10_RP/round_5/0_bessy2hi_56m_PGM_2Perc_coupling_errors_on_fac10_RP.rml
2025-02-10 19:12:27,498 - INFO - Prepared sim number: 1: RAYPy_Simulation_bessy2hi_56m_PGM_2Perc_coupling_errors_on_fac10_RP/round_5/1_bessy2hi_56m_PGM_2Perc_coupling_errors_on_fac10_RP.rml
2025-02-10 19:12:27,502 - INFO - Prepared sim number: 2: RAYPy_Simulation_bessy2hi_56m_PGM_2Perc_coupling_errors_on_fac10_RP/round_5/2_bessy2hi_56m_PGM_2Perc_coupling_errors_on_fac10_RP.rml
2025-02-10 19:12:27,505 - INFO - Prepared sim number: 3: RAYPy_Simulation_bessy2hi_56m_PGM_2Perc_coupling_errors_on_fac10_RP/round_5/3_bessy2hi_56m_PGM_2Perc_coupling_errors_on_fac10_RP.rml
2025-02-10 19:12:27,509 - INFO - Prepared sim number: 4: RAYPy_Simulation_bessy2hi_56m_PGM_2Perc_coupling_errors_on_fac10_RP/round_5/4_bessy2hi_56m_PGM_2Perc_coupling_errors_on_fac10_RP.rml
2025-02-10 19:12:27,513 - INFO - Prepared sim number: 5: RAYPy_Simulation_bessy2hi_56m_PGM_2Perc_coupling_errors_on_fac10_RP/round_5/5_bessy2hi_56m_PGM_2Perc_coupling_errors_on_fac10_RP.rml
2025-02-10 19:12:27,517 - INFO - Prepared sim number: 6: RAYPy_Simulation_bessy2hi_56m_PGM_2Perc_coupling_errors_on_fac10_RP/round_5/6_bessy2hi_56m_PGM_2Perc_coupling_errors_on_fac10_RP.rml
2025-02-10 19:12:27,520 - INFO - Prepared sim number: 7: RAYPy_Simulation_bessy2hi_56m_PGM_2Perc_coupling_errors_on_fac10_RP/round_5/7_bessy2hi_56m_PGM_2Perc_coupling_errors_on_fac10_RP.rml
2025-02-10 19:12:27,524 - INFO - Prepared sim number: 8: RAYPy_Simulation_bessy2hi_56m_PGM_2Perc_coupling_errors_on_fac10_RP/round_5/8_bessy2hi_56m_PGM_2Perc_coupling_errors_on_fac10_RP.rml
2025-02-10 19:12:27,527 - INFO - Prepared sim number: 9: RAYPy_Simulation_bessy2hi_56m_PGM_2Perc_coupling_errors_on_fac10_RP/round_5/9_bessy2hi_56m_PGM_2Perc_coupling_errors_on_fac10_RP.rml
2025-02-10 19:12:27,531 - INFO - Prepared sim number: 10: RAYPy_Simulation_bessy2hi_56m_PGM_2Perc_coupling_errors_on_fac10_RP/round_5/10_bessy2hi_56m_PGM_2Perc_coupling_errors_on_fac10_RP.rml
2025-02-10 19:12:27,535 - INFO - Prepared sim number: 11: RAYPy_Simulation_bessy2hi_56m_PGM_2Perc_coupling_errors_on_fac10_RP/round_5/11_bessy2hi_56m_PGM_2Perc_coupling_errors_on_fac10_RP.rml
2025-02-10 19:12:27,539 - INFO - Prepared sim number: 12: RAYPy_Simulation_bessy2hi_56m_PGM_2Perc_coupling_errors_on_fac10_RP/round_5/12_bessy2hi_56m_PGM_2Perc_coupling_errors_on_fac10_RP.rml
2025-02-10 19:12:27,543 - INFO - Prepared sim number: 13: RAYPy_Simulation_bessy2hi_56m_PGM_2Perc_coupling_errors_on_fac10_RP/round_5/13_bessy2hi_56m_PGM_2Perc_coupling_errors_on_fac10_RP.rml
2025-02-10 19:12:27,547 - INFO - Prepared sim number: 14: RAYPy_Simulation_bessy2hi_56m_PGM_2Perc_coupling_errors_on_fac10_RP/round_5/14_bessy2hi_56m_PGM_2Perc_coupling_errors_on_fac10_RP.rml
2025-02-10 19:12:27,551 - INFO - Prepared sim number: 15: RAYPy_Simulation_bessy2hi_56m_PGM_2Perc_coupling_errors_on_fac10_RP/round_5/15_bessy2hi_56m_PGM_2Perc_coupling_errors_on_fac10_RP.rml
2025-02-10 19:12:27,554 - INFO - Prepared sim number: 16: RAYPy_Simulation_bessy2hi_56m_PGM_2Perc_coupling_errors_on_fac10_RP/round_5/16_bessy2hi_56m_PGM_2Perc_coupling_errors_on_fac10_RP.rml
2025-02-10 19:12:27,558 - INFO - Prepared sim number: 17: RAYPy_Simulation_bessy2hi_56m_PGM_2Perc_coupling_errors_on_fac10_RP/round_5/17_bessy2hi_56m_PGM_2Perc_coupling_errors_on_fac10_RP.rml
2025-02-10 19:12:27,562 - INFO - Prepared sim number: 18: RAYPy_Simulation_bessy2hi_56m_PGM_2Perc_coupling_errors_on_fac10_RP/round_5/18_bessy2hi_56m_PGM_2Perc_coupling_errors_on_fac10_RP.rml
2025-02-10 19:12:27,565 - INFO - Prepared sim number: 19: RAYPy_Simulation_bessy2hi_56m_PGM_2Perc_coupling_errors_on_fac10_RP/round_5/19_bessy2hi_56m_PGM_2Perc_coupling_errors_on_fac10_RP.rml
2025-02-10 19:12:27,570 - INFO - Prepared sim number: 20: RAYPy_Simulation_bessy2hi_56m_PGM_2Perc_coupling_errors_on_fac10_RP/round_5/20_bessy2hi_56m_PGM_2Perc_coupling_errors_on_fac10_RP.rml
2025-02-10 19:12:27,574 - INFO - Prepared sim number: 21: RAYPy_Simulation_bessy2hi_56m_PGM_2Perc_coupling_errors_on_fac10_RP/round_5/21_bessy2hi_56m_PGM_2Perc_coupling_errors_on_fac10_RP.rml
2025-02-10 19:12:27,577 - INFO - Prepared sim number: 22: RAYPy_Simulation_bessy2hi_56m_PGM_2Perc_coupling_errors_on_fac10_RP/round_5/22_bessy2hi_56m_PGM_2Perc_coupling_errors_on_fac10_RP.rml
2025-02-10 19:12:27,581 - INFO - Prepared sim number: 23: RAYPy_Simulation_bessy2hi_56m_PGM_2Perc_coupling_errors_on_fac10_RP/round_5/23_bessy2hi_56m_PGM_2Perc_coupling_errors_on_fac10_RP.rml
2025-02-10 19:12:27,585 - INFO - Prepared sim number: 24: RAYPy_Simulation_bessy2hi_56m_PGM_2Perc_coupling_errors_on_fac10_RP/round_5/24_bessy2hi_56m_PGM_2Perc_coupling_errors_on_fac10_RP.rml
2025-02-10 19:12:27,588 - INFO - Prepared sim number: 25: RAYPy_Simulation_bessy2hi_56m_PGM_2Perc_coupling_errors_on_fac10_RP/round_5/25_bessy2hi_56m_PGM_2Perc_coupling_errors_on_fac10_RP.rml
2025-02-10 19:12:27,592 - INFO - Prepared sim number: 26: RAYPy_Simulation_bessy2hi_56m_PGM_2Perc_coupling_errors_on_fac10_RP/round_5/26_bessy2hi_56m_PGM_2Perc_coupling_errors_on_fac10_RP.rml
2025-02-10 19:12:27,596 - INFO - Prepared sim number: 27: RAYPy_Simulation_bessy2hi_56m_PGM_2Perc_coupling_errors_on_fac10_RP/round_5/27_bessy2hi_56m_PGM_2Perc_coupling_errors_on_fac10_RP.rml
2025-02-10 19:12:27,599 - INFO - Prepared sim number: 28: RAYPy_Simulation_bessy2hi_56m_PGM_2Perc_coupling_errors_on_fac10_RP/round_5/28_bessy2hi_56m_PGM_2Perc_coupling_errors_on_fac10_RP.rml
2025-02-10 19:12:27,603 - INFO - Prepared sim number: 29: RAYPy_Simulation_bessy2hi_56m_PGM_2Perc_coupling_errors_on_fac10_RP/round_5/29_bessy2hi_56m_PGM_2Perc_coupling_errors_on_fac10_RP.rml
2025-02-10 19:12:27,607 - INFO - Prepared sim number: 30: RAYPy_Simulation_bessy2hi_56m_PGM_2Perc_coupling_errors_on_fac10_RP/round_5/30_bessy2hi_56m_PGM_2Perc_coupling_errors_on_fac10_RP.rml
2025-02-10 19:12:27,611 - INFO - Prepared sim number: 31: RAYPy_Simulation_bessy2hi_56m_PGM_2Perc_coupling_errors_on_fac10_RP/round_5/31_bessy2hi_56m_PGM_2Perc_coupling_errors_on_fac10_RP.rml
2025-02-10 19:12:27,614 - INFO - Prepared sim number: 32: RAYPy_Simulation_bessy2hi_56m_PGM_2Perc_coupling_errors_on_fac10_RP/round_5/32_bessy2hi_56m_PGM_2Perc_coupling_errors_on_fac10_RP.rml
2025-02-10 19:12:27,618 - INFO - Prepared sim number: 33: RAYPy_Simulation_bessy2hi_56m_PGM_2Perc_coupling_errors_on_fac10_RP/round_5/33_bessy2hi_56m_PGM_2Perc_coupling_errors_on_fac10_RP.rml
2025-02-10 19:12:27,622 - INFO - Prepared sim number: 34: RAYPy_Simulation_bessy2hi_56m_PGM_2Perc_coupling_errors_on_fac10_RP/round_5/34_bessy2hi_56m_PGM_2Perc_coupling_errors_on_fac10_RP.rml
2025-02-10 19:12:27,622 - INFO - Waiting for batch number: 3, timeout: 24.24189542929332s
2025-02-10 19:12:30,231 - INFO - Completed: 1, remaining: 59, RAYPy_Simulation_bessy2hi_56m_PGM_2Perc_coupling_errors_on_fac10_RP/round_4/24_bessy2hi_56m_PGM_2Perc_coupling_errors_on_fac10_RP.rml
2025-02-10 19:12:30,252 - INFO - Completed: 2, remaining: 58, RAYPy_Simulation_bessy2hi_56m_PGM_2Perc_coupling_errors_on_fac10_RP/round_4/17_bessy2hi_56m_PGM_2Perc_coupling_errors_on_fac10_RP.rml
2025-02-10 19:12:30,290 - INFO - Completed: 3, remaining: 57, RAYPy_Simulation_bessy2hi_56m_PGM_2Perc_coupling_errors_on_fac10_RP/round_4/27_bessy2hi_56m_PGM_2Perc_coupling_errors_on_fac10_RP.rml
2025-02-10 19:12:30,367 - INFO - Completed: 4, remaining: 56, RAYPy_Simulation_bessy2hi_56m_PGM_2Perc_coupling_errors_on_fac10_RP/round_4/19_bessy2hi_56m_PGM_2Perc_coupling_errors_on_fac10_RP.rml
2025-02-10 19:12:30,401 - INFO - Completed: 5, remaining: 55, RAYPy_Simulation_bessy2hi_56m_PGM_2Perc_coupling_errors_on_fac10_RP/round_4/25_bessy2hi_56m_PGM_2Perc_coupling_errors_on_fac10_RP.rml
2025-02-10 19:12:30,449 - INFO - Completed: 6, remaining: 54, RAYPy_Simulation_bessy2hi_56m_PGM_2Perc_coupling_errors_on_fac10_RP/round_4/22_bessy2hi_56m_PGM_2Perc_coupling_errors_on_fac10_RP.rml
2025-02-10 19:12:30,568 - INFO - Completed: 7, remaining: 53, RAYPy_Simulation_bessy2hi_56m_PGM_2Perc_coupling_errors_on_fac10_RP/round_4/20_bessy2hi_56m_PGM_2Perc_coupling_errors_on_fac10_RP.rml
2025-02-10 19:12:33,244 - INFO - Completed: 8, remaining: 52, RAYPy_Simulation_bessy2hi_56m_PGM_2Perc_coupling_errors_on_fac10_RP/round_4/18_bessy2hi_56m_PGM_2Perc_coupling_errors_on_fac10_RP.rml
2025-02-10 19:12:33,272 - INFO - Completed: 9, remaining: 51, RAYPy_Simulation_bessy2hi_56m_PGM_2Perc_coupling_errors_on_fac10_RP/round_4/16_bessy2hi_56m_PGM_2Perc_coupling_errors_on_fac10_RP.rml
2025-02-10 19:12:33,384 - INFO - Completed: 10, remaining: 50, RAYPy_Simulation_bessy2hi_56m_PGM_2Perc_coupling_errors_on_fac10_RP/round_4/23_bessy2hi_56m_PGM_2Perc_coupling_errors_on_fac10_RP.rml
2025-02-10 19:12:33,494 - INFO - Completed: 11, remaining: 49, RAYPy_Simulation_bessy2hi_56m_PGM_2Perc_coupling_errors_on_fac10_RP/round_4/26_bessy2hi_56m_PGM_2Perc_coupling_errors_on_fac10_RP.rml
2025-02-10 19:12:34,105 - INFO - Completed: 12, remaining: 48, RAYPy_Simulation_bessy2hi_56m_PGM_2Perc_coupling_errors_on_fac10_RP/round_4/21_bessy2hi_56m_PGM_2Perc_coupling_errors_on_fac10_RP.rml
2025-02-10 19:12:34,287 - INFO - Completed: 13, remaining: 47, RAYPy_Simulation_bessy2hi_56m_PGM_2Perc_coupling_errors_on_fac10_RP/round_4/30_bessy2hi_56m_PGM_2Perc_coupling_errors_on_fac10_RP.rml
2025-02-10 19:12:34,333 - INFO - Completed: 14, remaining: 46, RAYPy_Simulation_bessy2hi_56m_PGM_2Perc_coupling_errors_on_fac10_RP/round_4/28_bessy2hi_56m_PGM_2Perc_coupling_errors_on_fac10_RP.rml
2025-02-10 19:12:34,356 - INFO - Completed: 15, remaining: 45, RAYPy_Simulation_bessy2hi_56m_PGM_2Perc_coupling_errors_on_fac10_RP/round_4/31_bessy2hi_56m_PGM_2Perc_coupling_errors_on_fac10_RP.rml
2025-02-10 19:12:34,569 - INFO - Completed: 16, remaining: 44, RAYPy_Simulation_bessy2hi_56m_PGM_2Perc_coupling_errors_on_fac10_RP/round_4/32_bessy2hi_56m_PGM_2Perc_coupling_errors_on_fac10_RP.rml
2025-02-10 19:12:34,584 - INFO - Completed: 17, remaining: 43, RAYPy_Simulation_bessy2hi_56m_PGM_2Perc_coupling_errors_on_fac10_RP/round_4/29_bessy2hi_56m_PGM_2Perc_coupling_errors_on_fac10_RP.rml
2025-02-10 19:12:34,754 - INFO - Completed: 18, remaining: 42, RAYPy_Simulation_bessy2hi_56m_PGM_2Perc_coupling_errors_on_fac10_RP/round_4/33_bessy2hi_56m_PGM_2Perc_coupling_errors_on_fac10_RP.rml
2025-02-10 19:12:34,988 - INFO - Completed: 19, remaining: 41, RAYPy_Simulation_bessy2hi_56m_PGM_2Perc_coupling_errors_on_fac10_RP/round_4/34_bessy2hi_56m_PGM_2Perc_coupling_errors_on_fac10_RP.rml
2025-02-10 19:12:37,201 - INFO - Completed: 20, remaining: 40, RAYPy_Simulation_bessy2hi_56m_PGM_2Perc_coupling_errors_on_fac10_RP/round_4/37_bessy2hi_56m_PGM_2Perc_coupling_errors_on_fac10_RP.rml
2025-02-10 19:12:37,257 - INFO - Completed: 21, remaining: 39, RAYPy_Simulation_bessy2hi_56m_PGM_2Perc_coupling_errors_on_fac10_RP/round_4/36_bessy2hi_56m_PGM_2Perc_coupling_errors_on_fac10_RP.rml
2025-02-10 19:12:37,266 - INFO - Completed: 22, remaining: 38, RAYPy_Simulation_bessy2hi_56m_PGM_2Perc_coupling_errors_on_fac10_RP/round_4/35_bessy2hi_56m_PGM_2Perc_coupling_errors_on_fac10_RP.rml
2025-02-10 19:12:37,633 - INFO - Completed: 23, remaining: 37, RAYPy_Simulation_bessy2hi_56m_PGM_2Perc_coupling_errors_on_fac10_RP/round_5/0_bessy2hi_56m_PGM_2Perc_coupling_errors_on_fac10_RP.rml
2025-02-10 19:12:37,649 - INFO - Completed: 24, remaining: 36, RAYPy_Simulation_bessy2hi_56m_PGM_2Perc_coupling_errors_on_fac10_RP/round_4/38_bessy2hi_56m_PGM_2Perc_coupling_errors_on_fac10_RP.rml
2025-02-10 19:12:37,842 - INFO - Completed: 25, remaining: 35, RAYPy_Simulation_bessy2hi_56m_PGM_2Perc_coupling_errors_on_fac10_RP/round_5/2_bessy2hi_56m_PGM_2Perc_coupling_errors_on_fac10_RP.rml
2025-02-10 19:12:37,883 - INFO - Completed: 26, remaining: 34, RAYPy_Simulation_bessy2hi_56m_PGM_2Perc_coupling_errors_on_fac10_RP/round_4/39_bessy2hi_56m_PGM_2Perc_coupling_errors_on_fac10_RP.rml
2025-02-10 19:12:38,131 - INFO - Completed: 27, remaining: 33, RAYPy_Simulation_bessy2hi_56m_PGM_2Perc_coupling_errors_on_fac10_RP/round_4/40_bessy2hi_56m_PGM_2Perc_coupling_errors_on_fac10_RP.rml
2025-02-10 19:12:38,256 - INFO - Completed: 28, remaining: 32, RAYPy_Simulation_bessy2hi_56m_PGM_2Perc_coupling_errors_on_fac10_RP/round_5/4_bessy2hi_56m_PGM_2Perc_coupling_errors_on_fac10_RP.rml
2025-02-10 19:12:38,283 - INFO - Completed: 29, remaining: 31, RAYPy_Simulation_bessy2hi_56m_PGM_2Perc_coupling_errors_on_fac10_RP/round_5/5_bessy2hi_56m_PGM_2Perc_coupling_errors_on_fac10_RP.rml
2025-02-10 19:12:38,401 - INFO - Completed: 30, remaining: 30, RAYPy_Simulation_bessy2hi_56m_PGM_2Perc_coupling_errors_on_fac10_RP/round_5/3_bessy2hi_56m_PGM_2Perc_coupling_errors_on_fac10_RP.rml
2025-02-10 19:12:38,561 - INFO - Completed: 31, remaining: 29, RAYPy_Simulation_bessy2hi_56m_PGM_2Perc_coupling_errors_on_fac10_RP/round_5/1_bessy2hi_56m_PGM_2Perc_coupling_errors_on_fac10_RP.rml
2025-02-10 19:12:40,723 - INFO - Completed: 32, remaining: 28, RAYPy_Simulation_bessy2hi_56m_PGM_2Perc_coupling_errors_on_fac10_RP/round_5/6_bessy2hi_56m_PGM_2Perc_coupling_errors_on_fac10_RP.rml
2025-02-10 19:12:40,858 - INFO - Completed: 33, remaining: 27, RAYPy_Simulation_bessy2hi_56m_PGM_2Perc_coupling_errors_on_fac10_RP/round_5/8_bessy2hi_56m_PGM_2Perc_coupling_errors_on_fac10_RP.rml
2025-02-10 19:12:40,866 - INFO - Completed: 34, remaining: 26, RAYPy_Simulation_bessy2hi_56m_PGM_2Perc_coupling_errors_on_fac10_RP/round_5/7_bessy2hi_56m_PGM_2Perc_coupling_errors_on_fac10_RP.rml
2025-02-10 19:12:41,147 - INFO - Completed: 35, remaining: 25, RAYPy_Simulation_bessy2hi_56m_PGM_2Perc_coupling_errors_on_fac10_RP/round_5/9_bessy2hi_56m_PGM_2Perc_coupling_errors_on_fac10_RP.rml
2025-02-10 19:12:41,257 - INFO - Completed: 36, remaining: 24, RAYPy_Simulation_bessy2hi_56m_PGM_2Perc_coupling_errors_on_fac10_RP/round_5/10_bessy2hi_56m_PGM_2Perc_coupling_errors_on_fac10_RP.rml
2025-02-10 19:12:41,369 - INFO - Completed: 37, remaining: 23, RAYPy_Simulation_bessy2hi_56m_PGM_2Perc_coupling_errors_on_fac10_RP/round_5/12_bessy2hi_56m_PGM_2Perc_coupling_errors_on_fac10_RP.rml
2025-02-10 19:12:41,656 - INFO - Completed: 38, remaining: 22, RAYPy_Simulation_bessy2hi_56m_PGM_2Perc_coupling_errors_on_fac10_RP/round_5/13_bessy2hi_56m_PGM_2Perc_coupling_errors_on_fac10_RP.rml
2025-02-10 19:12:41,820 - INFO - Completed: 39, remaining: 21, RAYPy_Simulation_bessy2hi_56m_PGM_2Perc_coupling_errors_on_fac10_RP/round_5/15_bessy2hi_56m_PGM_2Perc_coupling_errors_on_fac10_RP.rml
2025-02-10 19:12:41,964 - INFO - Completed: 40, remaining: 20, RAYPy_Simulation_bessy2hi_56m_PGM_2Perc_coupling_errors_on_fac10_RP/round_5/11_bessy2hi_56m_PGM_2Perc_coupling_errors_on_fac10_RP.rml
2025-02-10 19:12:42,005 - INFO - Completed: 41, remaining: 19, RAYPy_Simulation_bessy2hi_56m_PGM_2Perc_coupling_errors_on_fac10_RP/round_5/14_bessy2hi_56m_PGM_2Perc_coupling_errors_on_fac10_RP.rml
2025-02-10 19:12:42,144 - INFO - Completed: 42, remaining: 18, RAYPy_Simulation_bessy2hi_56m_PGM_2Perc_coupling_errors_on_fac10_RP/round_5/17_bessy2hi_56m_PGM_2Perc_coupling_errors_on_fac10_RP.rml
2025-02-10 19:12:42,714 - INFO - Completed: 43, remaining: 17, RAYPy_Simulation_bessy2hi_56m_PGM_2Perc_coupling_errors_on_fac10_RP/round_5/16_bessy2hi_56m_PGM_2Perc_coupling_errors_on_fac10_RP.rml
2025-02-10 19:12:44,344 - INFO - Completed: 44, remaining: 16, RAYPy_Simulation_bessy2hi_56m_PGM_2Perc_coupling_errors_on_fac10_RP/round_5/18_bessy2hi_56m_PGM_2Perc_coupling_errors_on_fac10_RP.rml
2025-02-10 19:12:44,613 - INFO - Completed: 45, remaining: 15, RAYPy_Simulation_bessy2hi_56m_PGM_2Perc_coupling_errors_on_fac10_RP/round_5/19_bessy2hi_56m_PGM_2Perc_coupling_errors_on_fac10_RP.rml
2025-02-10 19:12:44,682 - INFO - Completed: 46, remaining: 14, RAYPy_Simulation_bessy2hi_56m_PGM_2Perc_coupling_errors_on_fac10_RP/round_5/20_bessy2hi_56m_PGM_2Perc_coupling_errors_on_fac10_RP.rml
2025-02-10 19:12:44,997 - INFO - Completed: 47, remaining: 13, RAYPy_Simulation_bessy2hi_56m_PGM_2Perc_coupling_errors_on_fac10_RP/round_5/21_bessy2hi_56m_PGM_2Perc_coupling_errors_on_fac10_RP.rml
2025-02-10 19:12:45,054 - INFO - Completed: 48, remaining: 12, RAYPy_Simulation_bessy2hi_56m_PGM_2Perc_coupling_errors_on_fac10_RP/round_5/22_bessy2hi_56m_PGM_2Perc_coupling_errors_on_fac10_RP.rml
2025-02-10 19:12:45,254 - INFO - Completed: 49, remaining: 11, RAYPy_Simulation_bessy2hi_56m_PGM_2Perc_coupling_errors_on_fac10_RP/round_5/23_bessy2hi_56m_PGM_2Perc_coupling_errors_on_fac10_RP.rml
2025-02-10 19:12:45,377 - INFO - Completed: 50, remaining: 10, RAYPy_Simulation_bessy2hi_56m_PGM_2Perc_coupling_errors_on_fac10_RP/round_5/24_bessy2hi_56m_PGM_2Perc_coupling_errors_on_fac10_RP.rml
2025-02-10 19:12:45,466 - INFO - Completed: 51, remaining: 9, RAYPy_Simulation_bessy2hi_56m_PGM_2Perc_coupling_errors_on_fac10_RP/round_5/25_bessy2hi_56m_PGM_2Perc_coupling_errors_on_fac10_RP.rml
2025-02-10 19:12:45,532 - INFO - Completed: 52, remaining: 8, RAYPy_Simulation_bessy2hi_56m_PGM_2Perc_coupling_errors_on_fac10_RP/round_5/27_bessy2hi_56m_PGM_2Perc_coupling_errors_on_fac10_RP.rml
2025-02-10 19:12:45,612 - INFO - Completed: 53, remaining: 7, RAYPy_Simulation_bessy2hi_56m_PGM_2Perc_coupling_errors_on_fac10_RP/round_5/28_bessy2hi_56m_PGM_2Perc_coupling_errors_on_fac10_RP.rml
2025-02-10 19:12:45,790 - INFO - Completed: 54, remaining: 6, RAYPy_Simulation_bessy2hi_56m_PGM_2Perc_coupling_errors_on_fac10_RP/round_5/26_bessy2hi_56m_PGM_2Perc_coupling_errors_on_fac10_RP.rml
2025-02-10 19:12:45,871 - INFO - Completed: 55, remaining: 5, RAYPy_Simulation_bessy2hi_56m_PGM_2Perc_coupling_errors_on_fac10_RP/round_5/29_bessy2hi_56m_PGM_2Perc_coupling_errors_on_fac10_RP.rml
2025-02-10 19:12:47,221 - INFO - Completed: 56, remaining: 4, RAYPy_Simulation_bessy2hi_56m_PGM_2Perc_coupling_errors_on_fac10_RP/round_5/30_bessy2hi_56m_PGM_2Perc_coupling_errors_on_fac10_RP.rml
2025-02-10 19:12:47,312 - INFO - Completed: 57, remaining: 3, RAYPy_Simulation_bessy2hi_56m_PGM_2Perc_coupling_errors_on_fac10_RP/round_5/31_bessy2hi_56m_PGM_2Perc_coupling_errors_on_fac10_RP.rml
2025-02-10 19:12:47,437 - INFO - Completed: 58, remaining: 2, RAYPy_Simulation_bessy2hi_56m_PGM_2Perc_coupling_errors_on_fac10_RP/round_5/32_bessy2hi_56m_PGM_2Perc_coupling_errors_on_fac10_RP.rml
2025-02-10 19:12:47,518 - INFO - Completed: 59, remaining: 1, RAYPy_Simulation_bessy2hi_56m_PGM_2Perc_coupling_errors_on_fac10_RP/round_5/34_bessy2hi_56m_PGM_2Perc_coupling_errors_on_fac10_RP.rml
2025-02-10 19:12:47,752 - INFO - Completed: 60, remaining: 0, RAYPy_Simulation_bessy2hi_56m_PGM_2Perc_coupling_errors_on_fac10_RP/round_5/33_bessy2hi_56m_PGM_2Perc_coupling_errors_on_fac10_RP.rml
2025-02-10 19:12:47,752 - INFO - Batch Completed
2025-02-10 19:12:47,753 - INFO - Waiting For batch, 60 simulations to go
2025-02-10 19:12:47,758 - INFO - Prepared sim number: 35: RAYPy_Simulation_bessy2hi_56m_PGM_2Perc_coupling_errors_on_fac10_RP/round_5/35_bessy2hi_56m_PGM_2Perc_coupling_errors_on_fac10_RP.rml
2025-02-10 19:12:47,766 - INFO - Prepared sim number: 36: RAYPy_Simulation_bessy2hi_56m_PGM_2Perc_coupling_errors_on_fac10_RP/round_5/36_bessy2hi_56m_PGM_2Perc_coupling_errors_on_fac10_RP.rml
2025-02-10 19:12:47,774 - INFO - Prepared sim number: 37: RAYPy_Simulation_bessy2hi_56m_PGM_2Perc_coupling_errors_on_fac10_RP/round_5/37_bessy2hi_56m_PGM_2Perc_coupling_errors_on_fac10_RP.rml
2025-02-10 19:12:47,779 - INFO - Prepared sim number: 38: RAYPy_Simulation_bessy2hi_56m_PGM_2Perc_coupling_errors_on_fac10_RP/round_5/38_bessy2hi_56m_PGM_2Perc_coupling_errors_on_fac10_RP.rml
2025-02-10 19:12:47,784 - INFO - Prepared sim number: 39: RAYPy_Simulation_bessy2hi_56m_PGM_2Perc_coupling_errors_on_fac10_RP/round_5/39_bessy2hi_56m_PGM_2Perc_coupling_errors_on_fac10_RP.rml
2025-02-10 19:12:47,789 - INFO - Prepared sim number: 40: RAYPy_Simulation_bessy2hi_56m_PGM_2Perc_coupling_errors_on_fac10_RP/round_5/40_bessy2hi_56m_PGM_2Perc_coupling_errors_on_fac10_RP.rml
2025-02-10 19:12:47,789 - INFO - Start round 6
2025-02-10 19:12:47,793 - INFO - Prepared sim number: 0: RAYPy_Simulation_bessy2hi_56m_PGM_2Perc_coupling_errors_on_fac10_RP/round_6/0_bessy2hi_56m_PGM_2Perc_coupling_errors_on_fac10_RP.rml
2025-02-10 19:12:47,796 - INFO - Prepared sim number: 1: RAYPy_Simulation_bessy2hi_56m_PGM_2Perc_coupling_errors_on_fac10_RP/round_6/1_bessy2hi_56m_PGM_2Perc_coupling_errors_on_fac10_RP.rml
2025-02-10 19:12:47,800 - INFO - Prepared sim number: 2: RAYPy_Simulation_bessy2hi_56m_PGM_2Perc_coupling_errors_on_fac10_RP/round_6/2_bessy2hi_56m_PGM_2Perc_coupling_errors_on_fac10_RP.rml
2025-02-10 19:12:47,806 - INFO - Prepared sim number: 3: RAYPy_Simulation_bessy2hi_56m_PGM_2Perc_coupling_errors_on_fac10_RP/round_6/3_bessy2hi_56m_PGM_2Perc_coupling_errors_on_fac10_RP.rml
2025-02-10 19:12:47,810 - INFO - Prepared sim number: 4: RAYPy_Simulation_bessy2hi_56m_PGM_2Perc_coupling_errors_on_fac10_RP/round_6/4_bessy2hi_56m_PGM_2Perc_coupling_errors_on_fac10_RP.rml
2025-02-10 19:12:47,813 - INFO - Prepared sim number: 5: RAYPy_Simulation_bessy2hi_56m_PGM_2Perc_coupling_errors_on_fac10_RP/round_6/5_bessy2hi_56m_PGM_2Perc_coupling_errors_on_fac10_RP.rml
2025-02-10 19:12:47,816 - INFO - Prepared sim number: 6: RAYPy_Simulation_bessy2hi_56m_PGM_2Perc_coupling_errors_on_fac10_RP/round_6/6_bessy2hi_56m_PGM_2Perc_coupling_errors_on_fac10_RP.rml
2025-02-10 19:12:47,820 - INFO - Prepared sim number: 7: RAYPy_Simulation_bessy2hi_56m_PGM_2Perc_coupling_errors_on_fac10_RP/round_6/7_bessy2hi_56m_PGM_2Perc_coupling_errors_on_fac10_RP.rml
2025-02-10 19:12:47,823 - INFO - Prepared sim number: 8: RAYPy_Simulation_bessy2hi_56m_PGM_2Perc_coupling_errors_on_fac10_RP/round_6/8_bessy2hi_56m_PGM_2Perc_coupling_errors_on_fac10_RP.rml
2025-02-10 19:12:47,827 - INFO - Prepared sim number: 9: RAYPy_Simulation_bessy2hi_56m_PGM_2Perc_coupling_errors_on_fac10_RP/round_6/9_bessy2hi_56m_PGM_2Perc_coupling_errors_on_fac10_RP.rml
2025-02-10 19:12:47,831 - INFO - Prepared sim number: 10: RAYPy_Simulation_bessy2hi_56m_PGM_2Perc_coupling_errors_on_fac10_RP/round_6/10_bessy2hi_56m_PGM_2Perc_coupling_errors_on_fac10_RP.rml
2025-02-10 19:12:47,834 - INFO - Prepared sim number: 11: RAYPy_Simulation_bessy2hi_56m_PGM_2Perc_coupling_errors_on_fac10_RP/round_6/11_bessy2hi_56m_PGM_2Perc_coupling_errors_on_fac10_RP.rml
2025-02-10 19:12:47,837 - INFO - Prepared sim number: 12: RAYPy_Simulation_bessy2hi_56m_PGM_2Perc_coupling_errors_on_fac10_RP/round_6/12_bessy2hi_56m_PGM_2Perc_coupling_errors_on_fac10_RP.rml
2025-02-10 19:12:47,841 - INFO - Prepared sim number: 13: RAYPy_Simulation_bessy2hi_56m_PGM_2Perc_coupling_errors_on_fac10_RP/round_6/13_bessy2hi_56m_PGM_2Perc_coupling_errors_on_fac10_RP.rml
2025-02-10 19:12:47,845 - INFO - Prepared sim number: 14: RAYPy_Simulation_bessy2hi_56m_PGM_2Perc_coupling_errors_on_fac10_RP/round_6/14_bessy2hi_56m_PGM_2Perc_coupling_errors_on_fac10_RP.rml
2025-02-10 19:12:47,849 - INFO - Prepared sim number: 15: RAYPy_Simulation_bessy2hi_56m_PGM_2Perc_coupling_errors_on_fac10_RP/round_6/15_bessy2hi_56m_PGM_2Perc_coupling_errors_on_fac10_RP.rml
2025-02-10 19:12:47,852 - INFO - Prepared sim number: 16: RAYPy_Simulation_bessy2hi_56m_PGM_2Perc_coupling_errors_on_fac10_RP/round_6/16_bessy2hi_56m_PGM_2Perc_coupling_errors_on_fac10_RP.rml
2025-02-10 19:12:47,855 - INFO - Prepared sim number: 17: RAYPy_Simulation_bessy2hi_56m_PGM_2Perc_coupling_errors_on_fac10_RP/round_6/17_bessy2hi_56m_PGM_2Perc_coupling_errors_on_fac10_RP.rml
2025-02-10 19:12:47,859 - INFO - Prepared sim number: 18: RAYPy_Simulation_bessy2hi_56m_PGM_2Perc_coupling_errors_on_fac10_RP/round_6/18_bessy2hi_56m_PGM_2Perc_coupling_errors_on_fac10_RP.rml
2025-02-10 19:12:47,863 - INFO - Prepared sim number: 19: RAYPy_Simulation_bessy2hi_56m_PGM_2Perc_coupling_errors_on_fac10_RP/round_6/19_bessy2hi_56m_PGM_2Perc_coupling_errors_on_fac10_RP.rml
2025-02-10 19:12:47,867 - INFO - Prepared sim number: 20: RAYPy_Simulation_bessy2hi_56m_PGM_2Perc_coupling_errors_on_fac10_RP/round_6/20_bessy2hi_56m_PGM_2Perc_coupling_errors_on_fac10_RP.rml
2025-02-10 19:12:47,871 - INFO - Prepared sim number: 21: RAYPy_Simulation_bessy2hi_56m_PGM_2Perc_coupling_errors_on_fac10_RP/round_6/21_bessy2hi_56m_PGM_2Perc_coupling_errors_on_fac10_RP.rml
2025-02-10 19:12:47,875 - INFO - Prepared sim number: 22: RAYPy_Simulation_bessy2hi_56m_PGM_2Perc_coupling_errors_on_fac10_RP/round_6/22_bessy2hi_56m_PGM_2Perc_coupling_errors_on_fac10_RP.rml
2025-02-10 19:12:47,878 - INFO - Prepared sim number: 23: RAYPy_Simulation_bessy2hi_56m_PGM_2Perc_coupling_errors_on_fac10_RP/round_6/23_bessy2hi_56m_PGM_2Perc_coupling_errors_on_fac10_RP.rml
2025-02-10 19:12:47,882 - INFO - Prepared sim number: 24: RAYPy_Simulation_bessy2hi_56m_PGM_2Perc_coupling_errors_on_fac10_RP/round_6/24_bessy2hi_56m_PGM_2Perc_coupling_errors_on_fac10_RP.rml
2025-02-10 19:12:47,886 - INFO - Prepared sim number: 25: RAYPy_Simulation_bessy2hi_56m_PGM_2Perc_coupling_errors_on_fac10_RP/round_6/25_bessy2hi_56m_PGM_2Perc_coupling_errors_on_fac10_RP.rml
2025-02-10 19:12:47,889 - INFO - Prepared sim number: 26: RAYPy_Simulation_bessy2hi_56m_PGM_2Perc_coupling_errors_on_fac10_RP/round_6/26_bessy2hi_56m_PGM_2Perc_coupling_errors_on_fac10_RP.rml
2025-02-10 19:12:47,893 - INFO - Prepared sim number: 27: RAYPy_Simulation_bessy2hi_56m_PGM_2Perc_coupling_errors_on_fac10_RP/round_6/27_bessy2hi_56m_PGM_2Perc_coupling_errors_on_fac10_RP.rml
2025-02-10 19:12:47,896 - INFO - Prepared sim number: 28: RAYPy_Simulation_bessy2hi_56m_PGM_2Perc_coupling_errors_on_fac10_RP/round_6/28_bessy2hi_56m_PGM_2Perc_coupling_errors_on_fac10_RP.rml
2025-02-10 19:12:47,900 - INFO - Prepared sim number: 29: RAYPy_Simulation_bessy2hi_56m_PGM_2Perc_coupling_errors_on_fac10_RP/round_6/29_bessy2hi_56m_PGM_2Perc_coupling_errors_on_fac10_RP.rml
2025-02-10 19:12:47,903 - INFO - Prepared sim number: 30: RAYPy_Simulation_bessy2hi_56m_PGM_2Perc_coupling_errors_on_fac10_RP/round_6/30_bessy2hi_56m_PGM_2Perc_coupling_errors_on_fac10_RP.rml
2025-02-10 19:12:47,907 - INFO - Prepared sim number: 31: RAYPy_Simulation_bessy2hi_56m_PGM_2Perc_coupling_errors_on_fac10_RP/round_6/31_bessy2hi_56m_PGM_2Perc_coupling_errors_on_fac10_RP.rml
2025-02-10 19:12:47,911 - INFO - Prepared sim number: 32: RAYPy_Simulation_bessy2hi_56m_PGM_2Perc_coupling_errors_on_fac10_RP/round_6/32_bessy2hi_56m_PGM_2Perc_coupling_errors_on_fac10_RP.rml
2025-02-10 19:12:47,914 - INFO - Prepared sim number: 33: RAYPy_Simulation_bessy2hi_56m_PGM_2Perc_coupling_errors_on_fac10_RP/round_6/33_bessy2hi_56m_PGM_2Perc_coupling_errors_on_fac10_RP.rml
2025-02-10 19:12:47,918 - INFO - Prepared sim number: 34: RAYPy_Simulation_bessy2hi_56m_PGM_2Perc_coupling_errors_on_fac10_RP/round_6/34_bessy2hi_56m_PGM_2Perc_coupling_errors_on_fac10_RP.rml
2025-02-10 19:12:47,922 - INFO - Prepared sim number: 35: RAYPy_Simulation_bessy2hi_56m_PGM_2Perc_coupling_errors_on_fac10_RP/round_6/35_bessy2hi_56m_PGM_2Perc_coupling_errors_on_fac10_RP.rml
2025-02-10 19:12:47,926 - INFO - Prepared sim number: 36: RAYPy_Simulation_bessy2hi_56m_PGM_2Perc_coupling_errors_on_fac10_RP/round_6/36_bessy2hi_56m_PGM_2Perc_coupling_errors_on_fac10_RP.rml
2025-02-10 19:12:47,930 - INFO - Prepared sim number: 37: RAYPy_Simulation_bessy2hi_56m_PGM_2Perc_coupling_errors_on_fac10_RP/round_6/37_bessy2hi_56m_PGM_2Perc_coupling_errors_on_fac10_RP.rml
2025-02-10 19:12:47,933 - INFO - Prepared sim number: 38: RAYPy_Simulation_bessy2hi_56m_PGM_2Perc_coupling_errors_on_fac10_RP/round_6/38_bessy2hi_56m_PGM_2Perc_coupling_errors_on_fac10_RP.rml
2025-02-10 19:12:47,937 - INFO - Prepared sim number: 39: RAYPy_Simulation_bessy2hi_56m_PGM_2Perc_coupling_errors_on_fac10_RP/round_6/39_bessy2hi_56m_PGM_2Perc_coupling_errors_on_fac10_RP.rml
2025-02-10 19:12:47,942 - INFO - Prepared sim number: 40: RAYPy_Simulation_bessy2hi_56m_PGM_2Perc_coupling_errors_on_fac10_RP/round_6/40_bessy2hi_56m_PGM_2Perc_coupling_errors_on_fac10_RP.rml
2025-02-10 19:12:47,942 - INFO - Start round 7
2025-02-10 19:12:47,945 - INFO - Prepared sim number: 0: RAYPy_Simulation_bessy2hi_56m_PGM_2Perc_coupling_errors_on_fac10_RP/round_7/0_bessy2hi_56m_PGM_2Perc_coupling_errors_on_fac10_RP.rml
2025-02-10 19:12:47,949 - INFO - Prepared sim number: 1: RAYPy_Simulation_bessy2hi_56m_PGM_2Perc_coupling_errors_on_fac10_RP/round_7/1_bessy2hi_56m_PGM_2Perc_coupling_errors_on_fac10_RP.rml
2025-02-10 19:12:47,953 - INFO - Prepared sim number: 2: RAYPy_Simulation_bessy2hi_56m_PGM_2Perc_coupling_errors_on_fac10_RP/round_7/2_bessy2hi_56m_PGM_2Perc_coupling_errors_on_fac10_RP.rml
2025-02-10 19:12:47,957 - INFO - Prepared sim number: 3: RAYPy_Simulation_bessy2hi_56m_PGM_2Perc_coupling_errors_on_fac10_RP/round_7/3_bessy2hi_56m_PGM_2Perc_coupling_errors_on_fac10_RP.rml
2025-02-10 19:12:47,960 - INFO - Prepared sim number: 4: RAYPy_Simulation_bessy2hi_56m_PGM_2Perc_coupling_errors_on_fac10_RP/round_7/4_bessy2hi_56m_PGM_2Perc_coupling_errors_on_fac10_RP.rml
2025-02-10 19:12:47,964 - INFO - Prepared sim number: 5: RAYPy_Simulation_bessy2hi_56m_PGM_2Perc_coupling_errors_on_fac10_RP/round_7/5_bessy2hi_56m_PGM_2Perc_coupling_errors_on_fac10_RP.rml
2025-02-10 19:12:47,968 - INFO - Prepared sim number: 6: RAYPy_Simulation_bessy2hi_56m_PGM_2Perc_coupling_errors_on_fac10_RP/round_7/6_bessy2hi_56m_PGM_2Perc_coupling_errors_on_fac10_RP.rml
2025-02-10 19:12:47,971 - INFO - Prepared sim number: 7: RAYPy_Simulation_bessy2hi_56m_PGM_2Perc_coupling_errors_on_fac10_RP/round_7/7_bessy2hi_56m_PGM_2Perc_coupling_errors_on_fac10_RP.rml
2025-02-10 19:12:47,975 - INFO - Prepared sim number: 8: RAYPy_Simulation_bessy2hi_56m_PGM_2Perc_coupling_errors_on_fac10_RP/round_7/8_bessy2hi_56m_PGM_2Perc_coupling_errors_on_fac10_RP.rml
2025-02-10 19:12:47,979 - INFO - Prepared sim number: 9: RAYPy_Simulation_bessy2hi_56m_PGM_2Perc_coupling_errors_on_fac10_RP/round_7/9_bessy2hi_56m_PGM_2Perc_coupling_errors_on_fac10_RP.rml
2025-02-10 19:12:47,982 - INFO - Prepared sim number: 10: RAYPy_Simulation_bessy2hi_56m_PGM_2Perc_coupling_errors_on_fac10_RP/round_7/10_bessy2hi_56m_PGM_2Perc_coupling_errors_on_fac10_RP.rml
2025-02-10 19:12:47,986 - INFO - Prepared sim number: 11: RAYPy_Simulation_bessy2hi_56m_PGM_2Perc_coupling_errors_on_fac10_RP/round_7/11_bessy2hi_56m_PGM_2Perc_coupling_errors_on_fac10_RP.rml
2025-02-10 19:12:47,990 - INFO - Prepared sim number: 12: RAYPy_Simulation_bessy2hi_56m_PGM_2Perc_coupling_errors_on_fac10_RP/round_7/12_bessy2hi_56m_PGM_2Perc_coupling_errors_on_fac10_RP.rml
2025-02-10 19:12:47,990 - INFO - Waiting for batch number: 4, timeout: 23.796614295244215s
2025-02-10 19:12:50,800 - INFO - Completed: 1, remaining: 59, RAYPy_Simulation_bessy2hi_56m_PGM_2Perc_coupling_errors_on_fac10_RP/round_6/5_bessy2hi_56m_PGM_2Perc_coupling_errors_on_fac10_RP.rml
2025-02-10 19:12:50,834 - INFO - Completed: 2, remaining: 58, RAYPy_Simulation_bessy2hi_56m_PGM_2Perc_coupling_errors_on_fac10_RP/round_6/0_bessy2hi_56m_PGM_2Perc_coupling_errors_on_fac10_RP.rml
2025-02-10 19:12:51,069 - INFO - Completed: 3, remaining: 57, RAYPy_Simulation_bessy2hi_56m_PGM_2Perc_coupling_errors_on_fac10_RP/round_6/2_bessy2hi_56m_PGM_2Perc_coupling_errors_on_fac10_RP.rml
2025-02-10 19:12:51,288 - INFO - Completed: 4, remaining: 56, RAYPy_Simulation_bessy2hi_56m_PGM_2Perc_coupling_errors_on_fac10_RP/round_6/1_bessy2hi_56m_PGM_2Perc_coupling_errors_on_fac10_RP.rml
2025-02-10 19:12:51,377 - INFO - Completed: 5, remaining: 55, RAYPy_Simulation_bessy2hi_56m_PGM_2Perc_coupling_errors_on_fac10_RP/round_5/37_bessy2hi_56m_PGM_2Perc_coupling_errors_on_fac10_RP.rml
2025-02-10 19:12:51,430 - INFO - Completed: 6, remaining: 54, RAYPy_Simulation_bessy2hi_56m_PGM_2Perc_coupling_errors_on_fac10_RP/round_5/36_bessy2hi_56m_PGM_2Perc_coupling_errors_on_fac10_RP.rml
2025-02-10 19:12:51,446 - INFO - Completed: 7, remaining: 53, RAYPy_Simulation_bessy2hi_56m_PGM_2Perc_coupling_errors_on_fac10_RP/round_5/39_bessy2hi_56m_PGM_2Perc_coupling_errors_on_fac10_RP.rml
2025-02-10 19:12:51,526 - INFO - Completed: 8, remaining: 52, RAYPy_Simulation_bessy2hi_56m_PGM_2Perc_coupling_errors_on_fac10_RP/round_5/40_bessy2hi_56m_PGM_2Perc_coupling_errors_on_fac10_RP.rml
2025-02-10 19:12:51,899 - INFO - Completed: 9, remaining: 51, RAYPy_Simulation_bessy2hi_56m_PGM_2Perc_coupling_errors_on_fac10_RP/round_5/38_bessy2hi_56m_PGM_2Perc_coupling_errors_on_fac10_RP.rml
2025-02-10 19:12:53,467 - INFO - Completed: 10, remaining: 50, RAYPy_Simulation_bessy2hi_56m_PGM_2Perc_coupling_errors_on_fac10_RP/round_6/4_bessy2hi_56m_PGM_2Perc_coupling_errors_on_fac10_RP.rml
2025-02-10 19:12:53,775 - INFO - Completed: 11, remaining: 49, RAYPy_Simulation_bessy2hi_56m_PGM_2Perc_coupling_errors_on_fac10_RP/round_6/3_bessy2hi_56m_PGM_2Perc_coupling_errors_on_fac10_RP.rml
2025-02-10 19:12:53,976 - INFO - Completed: 12, remaining: 48, RAYPy_Simulation_bessy2hi_56m_PGM_2Perc_coupling_errors_on_fac10_RP/round_5/35_bessy2hi_56m_PGM_2Perc_coupling_errors_on_fac10_RP.rml
2025-02-10 19:12:54,224 - INFO - Completed: 13, remaining: 47, RAYPy_Simulation_bessy2hi_56m_PGM_2Perc_coupling_errors_on_fac10_RP/round_6/7_bessy2hi_56m_PGM_2Perc_coupling_errors_on_fac10_RP.rml
2025-02-10 19:12:54,249 - INFO - Completed: 14, remaining: 46, RAYPy_Simulation_bessy2hi_56m_PGM_2Perc_coupling_errors_on_fac10_RP/round_6/6_bessy2hi_56m_PGM_2Perc_coupling_errors_on_fac10_RP.rml
2025-02-10 19:12:54,618 - INFO - Completed: 15, remaining: 45, RAYPy_Simulation_bessy2hi_56m_PGM_2Perc_coupling_errors_on_fac10_RP/round_6/8_bessy2hi_56m_PGM_2Perc_coupling_errors_on_fac10_RP.rml
2025-02-10 19:12:54,817 - INFO - Completed: 16, remaining: 44, RAYPy_Simulation_bessy2hi_56m_PGM_2Perc_coupling_errors_on_fac10_RP/round_6/9_bessy2hi_56m_PGM_2Perc_coupling_errors_on_fac10_RP.rml
2025-02-10 19:12:54,830 - INFO - Completed: 17, remaining: 43, RAYPy_Simulation_bessy2hi_56m_PGM_2Perc_coupling_errors_on_fac10_RP/round_6/13_bessy2hi_56m_PGM_2Perc_coupling_errors_on_fac10_RP.rml
2025-02-10 19:12:54,932 - INFO - Completed: 18, remaining: 42, RAYPy_Simulation_bessy2hi_56m_PGM_2Perc_coupling_errors_on_fac10_RP/round_6/11_bessy2hi_56m_PGM_2Perc_coupling_errors_on_fac10_RP.rml
2025-02-10 19:12:55,361 - INFO - Completed: 19, remaining: 41, RAYPy_Simulation_bessy2hi_56m_PGM_2Perc_coupling_errors_on_fac10_RP/round_6/14_bessy2hi_56m_PGM_2Perc_coupling_errors_on_fac10_RP.rml
2025-02-10 19:12:55,905 - INFO - Completed: 20, remaining: 40, RAYPy_Simulation_bessy2hi_56m_PGM_2Perc_coupling_errors_on_fac10_RP/round_6/12_bessy2hi_56m_PGM_2Perc_coupling_errors_on_fac10_RP.rml
2025-02-10 19:12:57,133 - INFO - Completed: 21, remaining: 39, RAYPy_Simulation_bessy2hi_56m_PGM_2Perc_coupling_errors_on_fac10_RP/round_6/10_bessy2hi_56m_PGM_2Perc_coupling_errors_on_fac10_RP.rml
2025-02-10 19:12:57,304 - INFO - Completed: 22, remaining: 38, RAYPy_Simulation_bessy2hi_56m_PGM_2Perc_coupling_errors_on_fac10_RP/round_6/15_bessy2hi_56m_PGM_2Perc_coupling_errors_on_fac10_RP.rml
2025-02-10 19:12:57,492 - INFO - Completed: 23, remaining: 37, RAYPy_Simulation_bessy2hi_56m_PGM_2Perc_coupling_errors_on_fac10_RP/round_6/16_bessy2hi_56m_PGM_2Perc_coupling_errors_on_fac10_RP.rml
2025-02-10 19:12:57,795 - INFO - Completed: 24, remaining: 36, RAYPy_Simulation_bessy2hi_56m_PGM_2Perc_coupling_errors_on_fac10_RP/round_6/18_bessy2hi_56m_PGM_2Perc_coupling_errors_on_fac10_RP.rml
2025-02-10 19:12:57,896 - INFO - Completed: 25, remaining: 35, RAYPy_Simulation_bessy2hi_56m_PGM_2Perc_coupling_errors_on_fac10_RP/round_6/17_bessy2hi_56m_PGM_2Perc_coupling_errors_on_fac10_RP.rml
2025-02-10 19:12:57,941 - INFO - Completed: 26, remaining: 34, RAYPy_Simulation_bessy2hi_56m_PGM_2Perc_coupling_errors_on_fac10_RP/round_6/19_bessy2hi_56m_PGM_2Perc_coupling_errors_on_fac10_RP.rml
2025-02-10 19:12:58,455 - INFO - Completed: 27, remaining: 33, RAYPy_Simulation_bessy2hi_56m_PGM_2Perc_coupling_errors_on_fac10_RP/round_6/20_bessy2hi_56m_PGM_2Perc_coupling_errors_on_fac10_RP.rml
2025-02-10 19:12:58,525 - INFO - Completed: 28, remaining: 32, RAYPy_Simulation_bessy2hi_56m_PGM_2Perc_coupling_errors_on_fac10_RP/round_6/22_bessy2hi_56m_PGM_2Perc_coupling_errors_on_fac10_RP.rml
2025-02-10 19:12:58,558 - INFO - Completed: 29, remaining: 31, RAYPy_Simulation_bessy2hi_56m_PGM_2Perc_coupling_errors_on_fac10_RP/round_6/23_bessy2hi_56m_PGM_2Perc_coupling_errors_on_fac10_RP.rml
2025-02-10 19:12:58,678 - INFO - Completed: 30, remaining: 30, RAYPy_Simulation_bessy2hi_56m_PGM_2Perc_coupling_errors_on_fac10_RP/round_6/21_bessy2hi_56m_PGM_2Perc_coupling_errors_on_fac10_RP.rml
2025-02-10 19:12:59,121 - INFO - Completed: 31, remaining: 29, RAYPy_Simulation_bessy2hi_56m_PGM_2Perc_coupling_errors_on_fac10_RP/round_6/24_bessy2hi_56m_PGM_2Perc_coupling_errors_on_fac10_RP.rml
2025-02-10 19:12:59,517 - INFO - Completed: 32, remaining: 28, RAYPy_Simulation_bessy2hi_56m_PGM_2Perc_coupling_errors_on_fac10_RP/round_6/25_bessy2hi_56m_PGM_2Perc_coupling_errors_on_fac10_RP.rml
2025-02-10 19:13:00,834 - INFO - Completed: 33, remaining: 27, RAYPy_Simulation_bessy2hi_56m_PGM_2Perc_coupling_errors_on_fac10_RP/round_6/26_bessy2hi_56m_PGM_2Perc_coupling_errors_on_fac10_RP.rml
2025-02-10 19:13:01,028 - INFO - Completed: 34, remaining: 26, RAYPy_Simulation_bessy2hi_56m_PGM_2Perc_coupling_errors_on_fac10_RP/round_6/27_bessy2hi_56m_PGM_2Perc_coupling_errors_on_fac10_RP.rml
2025-02-10 19:13:01,218 - INFO - Completed: 35, remaining: 25, RAYPy_Simulation_bessy2hi_56m_PGM_2Perc_coupling_errors_on_fac10_RP/round_6/28_bessy2hi_56m_PGM_2Perc_coupling_errors_on_fac10_RP.rml
2025-02-10 19:13:01,625 - INFO - Completed: 36, remaining: 24, RAYPy_Simulation_bessy2hi_56m_PGM_2Perc_coupling_errors_on_fac10_RP/round_6/30_bessy2hi_56m_PGM_2Perc_coupling_errors_on_fac10_RP.rml
2025-02-10 19:13:01,783 - INFO - Completed: 37, remaining: 23, RAYPy_Simulation_bessy2hi_56m_PGM_2Perc_coupling_errors_on_fac10_RP/round_6/31_bessy2hi_56m_PGM_2Perc_coupling_errors_on_fac10_RP.rml
2025-02-10 19:13:02,243 - INFO - Completed: 38, remaining: 22, RAYPy_Simulation_bessy2hi_56m_PGM_2Perc_coupling_errors_on_fac10_RP/round_6/29_bessy2hi_56m_PGM_2Perc_coupling_errors_on_fac10_RP.rml
2025-02-10 19:13:02,303 - INFO - Completed: 39, remaining: 21, RAYPy_Simulation_bessy2hi_56m_PGM_2Perc_coupling_errors_on_fac10_RP/round_6/34_bessy2hi_56m_PGM_2Perc_coupling_errors_on_fac10_RP.rml
2025-02-10 19:13:02,359 - INFO - Completed: 40, remaining: 20, RAYPy_Simulation_bessy2hi_56m_PGM_2Perc_coupling_errors_on_fac10_RP/round_6/32_bessy2hi_56m_PGM_2Perc_coupling_errors_on_fac10_RP.rml
2025-02-10 19:13:02,432 - INFO - Completed: 41, remaining: 19, RAYPy_Simulation_bessy2hi_56m_PGM_2Perc_coupling_errors_on_fac10_RP/round_6/35_bessy2hi_56m_PGM_2Perc_coupling_errors_on_fac10_RP.rml
2025-02-10 19:13:02,516 - INFO - Completed: 42, remaining: 18, RAYPy_Simulation_bessy2hi_56m_PGM_2Perc_coupling_errors_on_fac10_RP/round_6/33_bessy2hi_56m_PGM_2Perc_coupling_errors_on_fac10_RP.rml
2025-02-10 19:13:03,095 - INFO - Completed: 43, remaining: 17, RAYPy_Simulation_bessy2hi_56m_PGM_2Perc_coupling_errors_on_fac10_RP/round_6/37_bessy2hi_56m_PGM_2Perc_coupling_errors_on_fac10_RP.rml
2025-02-10 19:13:03,149 - INFO - Completed: 44, remaining: 16, RAYPy_Simulation_bessy2hi_56m_PGM_2Perc_coupling_errors_on_fac10_RP/round_6/36_bessy2hi_56m_PGM_2Perc_coupling_errors_on_fac10_RP.rml
2025-02-10 19:13:04,539 - INFO - Completed: 45, remaining: 15, RAYPy_Simulation_bessy2hi_56m_PGM_2Perc_coupling_errors_on_fac10_RP/round_6/38_bessy2hi_56m_PGM_2Perc_coupling_errors_on_fac10_RP.rml
2025-02-10 19:13:04,740 - INFO - Completed: 46, remaining: 14, RAYPy_Simulation_bessy2hi_56m_PGM_2Perc_coupling_errors_on_fac10_RP/round_6/40_bessy2hi_56m_PGM_2Perc_coupling_errors_on_fac10_RP.rml
2025-02-10 19:13:04,807 - INFO - Completed: 47, remaining: 13, RAYPy_Simulation_bessy2hi_56m_PGM_2Perc_coupling_errors_on_fac10_RP/round_6/39_bessy2hi_56m_PGM_2Perc_coupling_errors_on_fac10_RP.rml
2025-02-10 19:13:05,031 - INFO - Completed: 48, remaining: 12, RAYPy_Simulation_bessy2hi_56m_PGM_2Perc_coupling_errors_on_fac10_RP/round_7/0_bessy2hi_56m_PGM_2Perc_coupling_errors_on_fac10_RP.rml
2025-02-10 19:13:05,188 - INFO - Completed: 49, remaining: 11, RAYPy_Simulation_bessy2hi_56m_PGM_2Perc_coupling_errors_on_fac10_RP/round_7/1_bessy2hi_56m_PGM_2Perc_coupling_errors_on_fac10_RP.rml
2025-02-10 19:13:05,678 - INFO - Completed: 50, remaining: 10, RAYPy_Simulation_bessy2hi_56m_PGM_2Perc_coupling_errors_on_fac10_RP/round_7/4_bessy2hi_56m_PGM_2Perc_coupling_errors_on_fac10_RP.rml
2025-02-10 19:13:05,781 - INFO - Completed: 51, remaining: 9, RAYPy_Simulation_bessy2hi_56m_PGM_2Perc_coupling_errors_on_fac10_RP/round_7/2_bessy2hi_56m_PGM_2Perc_coupling_errors_on_fac10_RP.rml
2025-02-10 19:13:05,836 - INFO - Completed: 52, remaining: 8, RAYPy_Simulation_bessy2hi_56m_PGM_2Perc_coupling_errors_on_fac10_RP/round_7/5_bessy2hi_56m_PGM_2Perc_coupling_errors_on_fac10_RP.rml
2025-02-10 19:13:05,920 - INFO - Completed: 53, remaining: 7, RAYPy_Simulation_bessy2hi_56m_PGM_2Perc_coupling_errors_on_fac10_RP/round_7/6_bessy2hi_56m_PGM_2Perc_coupling_errors_on_fac10_RP.rml
2025-02-10 19:13:06,342 - INFO - Completed: 54, remaining: 6, RAYPy_Simulation_bessy2hi_56m_PGM_2Perc_coupling_errors_on_fac10_RP/round_7/7_bessy2hi_56m_PGM_2Perc_coupling_errors_on_fac10_RP.rml
2025-02-10 19:13:06,444 - INFO - Completed: 55, remaining: 5, RAYPy_Simulation_bessy2hi_56m_PGM_2Perc_coupling_errors_on_fac10_RP/round_7/3_bessy2hi_56m_PGM_2Perc_coupling_errors_on_fac10_RP.rml
2025-02-10 19:13:06,498 - INFO - Completed: 56, remaining: 4, RAYPy_Simulation_bessy2hi_56m_PGM_2Perc_coupling_errors_on_fac10_RP/round_7/8_bessy2hi_56m_PGM_2Perc_coupling_errors_on_fac10_RP.rml
2025-02-10 19:13:07,250 - INFO - Completed: 57, remaining: 3, RAYPy_Simulation_bessy2hi_56m_PGM_2Perc_coupling_errors_on_fac10_RP/round_7/9_bessy2hi_56m_PGM_2Perc_coupling_errors_on_fac10_RP.rml
2025-02-10 19:13:07,278 - INFO - Completed: 58, remaining: 2, RAYPy_Simulation_bessy2hi_56m_PGM_2Perc_coupling_errors_on_fac10_RP/round_7/10_bessy2hi_56m_PGM_2Perc_coupling_errors_on_fac10_RP.rml
2025-02-10 19:13:07,410 - INFO - Completed: 59, remaining: 1, RAYPy_Simulation_bessy2hi_56m_PGM_2Perc_coupling_errors_on_fac10_RP/round_7/12_bessy2hi_56m_PGM_2Perc_coupling_errors_on_fac10_RP.rml
2025-02-10 19:13:07,419 - INFO - Completed: 60, remaining: 0, RAYPy_Simulation_bessy2hi_56m_PGM_2Perc_coupling_errors_on_fac10_RP/round_7/11_bessy2hi_56m_PGM_2Perc_coupling_errors_on_fac10_RP.rml
2025-02-10 19:13:07,419 - INFO - Batch Completed
2025-02-10 19:13:07,419 - INFO - Waiting For batch, 60 simulations to go
2025-02-10 19:13:07,432 - INFO - Prepared sim number: 13: RAYPy_Simulation_bessy2hi_56m_PGM_2Perc_coupling_errors_on_fac10_RP/round_7/13_bessy2hi_56m_PGM_2Perc_coupling_errors_on_fac10_RP.rml
2025-02-10 19:13:07,441 - INFO - Prepared sim number: 14: RAYPy_Simulation_bessy2hi_56m_PGM_2Perc_coupling_errors_on_fac10_RP/round_7/14_bessy2hi_56m_PGM_2Perc_coupling_errors_on_fac10_RP.rml
2025-02-10 19:13:07,447 - INFO - Prepared sim number: 15: RAYPy_Simulation_bessy2hi_56m_PGM_2Perc_coupling_errors_on_fac10_RP/round_7/15_bessy2hi_56m_PGM_2Perc_coupling_errors_on_fac10_RP.rml
2025-02-10 19:13:07,452 - INFO - Prepared sim number: 16: RAYPy_Simulation_bessy2hi_56m_PGM_2Perc_coupling_errors_on_fac10_RP/round_7/16_bessy2hi_56m_PGM_2Perc_coupling_errors_on_fac10_RP.rml
2025-02-10 19:13:07,455 - INFO - Prepared sim number: 17: RAYPy_Simulation_bessy2hi_56m_PGM_2Perc_coupling_errors_on_fac10_RP/round_7/17_bessy2hi_56m_PGM_2Perc_coupling_errors_on_fac10_RP.rml
2025-02-10 19:13:07,459 - INFO - Prepared sim number: 18: RAYPy_Simulation_bessy2hi_56m_PGM_2Perc_coupling_errors_on_fac10_RP/round_7/18_bessy2hi_56m_PGM_2Perc_coupling_errors_on_fac10_RP.rml
2025-02-10 19:13:07,466 - INFO - Prepared sim number: 19: RAYPy_Simulation_bessy2hi_56m_PGM_2Perc_coupling_errors_on_fac10_RP/round_7/19_bessy2hi_56m_PGM_2Perc_coupling_errors_on_fac10_RP.rml
2025-02-10 19:13:07,471 - INFO - Prepared sim number: 20: RAYPy_Simulation_bessy2hi_56m_PGM_2Perc_coupling_errors_on_fac10_RP/round_7/20_bessy2hi_56m_PGM_2Perc_coupling_errors_on_fac10_RP.rml
2025-02-10 19:13:07,476 - INFO - Prepared sim number: 21: RAYPy_Simulation_bessy2hi_56m_PGM_2Perc_coupling_errors_on_fac10_RP/round_7/21_bessy2hi_56m_PGM_2Perc_coupling_errors_on_fac10_RP.rml
2025-02-10 19:13:07,482 - INFO - Prepared sim number: 22: RAYPy_Simulation_bessy2hi_56m_PGM_2Perc_coupling_errors_on_fac10_RP/round_7/22_bessy2hi_56m_PGM_2Perc_coupling_errors_on_fac10_RP.rml
2025-02-10 19:13:07,485 - INFO - Prepared sim number: 23: RAYPy_Simulation_bessy2hi_56m_PGM_2Perc_coupling_errors_on_fac10_RP/round_7/23_bessy2hi_56m_PGM_2Perc_coupling_errors_on_fac10_RP.rml
2025-02-10 19:13:07,489 - INFO - Prepared sim number: 24: RAYPy_Simulation_bessy2hi_56m_PGM_2Perc_coupling_errors_on_fac10_RP/round_7/24_bessy2hi_56m_PGM_2Perc_coupling_errors_on_fac10_RP.rml
2025-02-10 19:13:07,493 - INFO - Prepared sim number: 25: RAYPy_Simulation_bessy2hi_56m_PGM_2Perc_coupling_errors_on_fac10_RP/round_7/25_bessy2hi_56m_PGM_2Perc_coupling_errors_on_fac10_RP.rml
2025-02-10 19:13:07,497 - INFO - Prepared sim number: 26: RAYPy_Simulation_bessy2hi_56m_PGM_2Perc_coupling_errors_on_fac10_RP/round_7/26_bessy2hi_56m_PGM_2Perc_coupling_errors_on_fac10_RP.rml
2025-02-10 19:13:07,501 - INFO - Prepared sim number: 27: RAYPy_Simulation_bessy2hi_56m_PGM_2Perc_coupling_errors_on_fac10_RP/round_7/27_bessy2hi_56m_PGM_2Perc_coupling_errors_on_fac10_RP.rml
2025-02-10 19:13:07,504 - INFO - Prepared sim number: 28: RAYPy_Simulation_bessy2hi_56m_PGM_2Perc_coupling_errors_on_fac10_RP/round_7/28_bessy2hi_56m_PGM_2Perc_coupling_errors_on_fac10_RP.rml
2025-02-10 19:13:07,508 - INFO - Prepared sim number: 29: RAYPy_Simulation_bessy2hi_56m_PGM_2Perc_coupling_errors_on_fac10_RP/round_7/29_bessy2hi_56m_PGM_2Perc_coupling_errors_on_fac10_RP.rml
2025-02-10 19:13:07,512 - INFO - Prepared sim number: 30: RAYPy_Simulation_bessy2hi_56m_PGM_2Perc_coupling_errors_on_fac10_RP/round_7/30_bessy2hi_56m_PGM_2Perc_coupling_errors_on_fac10_RP.rml
2025-02-10 19:13:07,515 - INFO - Prepared sim number: 31: RAYPy_Simulation_bessy2hi_56m_PGM_2Perc_coupling_errors_on_fac10_RP/round_7/31_bessy2hi_56m_PGM_2Perc_coupling_errors_on_fac10_RP.rml
2025-02-10 19:13:07,518 - INFO - Prepared sim number: 32: RAYPy_Simulation_bessy2hi_56m_PGM_2Perc_coupling_errors_on_fac10_RP/round_7/32_bessy2hi_56m_PGM_2Perc_coupling_errors_on_fac10_RP.rml
2025-02-10 19:13:07,521 - INFO - Prepared sim number: 33: RAYPy_Simulation_bessy2hi_56m_PGM_2Perc_coupling_errors_on_fac10_RP/round_7/33_bessy2hi_56m_PGM_2Perc_coupling_errors_on_fac10_RP.rml
2025-02-10 19:13:07,525 - INFO - Prepared sim number: 34: RAYPy_Simulation_bessy2hi_56m_PGM_2Perc_coupling_errors_on_fac10_RP/round_7/34_bessy2hi_56m_PGM_2Perc_coupling_errors_on_fac10_RP.rml
2025-02-10 19:13:07,528 - INFO - Prepared sim number: 35: RAYPy_Simulation_bessy2hi_56m_PGM_2Perc_coupling_errors_on_fac10_RP/round_7/35_bessy2hi_56m_PGM_2Perc_coupling_errors_on_fac10_RP.rml
2025-02-10 19:13:07,531 - INFO - Prepared sim number: 36: RAYPy_Simulation_bessy2hi_56m_PGM_2Perc_coupling_errors_on_fac10_RP/round_7/36_bessy2hi_56m_PGM_2Perc_coupling_errors_on_fac10_RP.rml
2025-02-10 19:13:07,534 - INFO - Prepared sim number: 37: RAYPy_Simulation_bessy2hi_56m_PGM_2Perc_coupling_errors_on_fac10_RP/round_7/37_bessy2hi_56m_PGM_2Perc_coupling_errors_on_fac10_RP.rml
2025-02-10 19:13:07,537 - INFO - Prepared sim number: 38: RAYPy_Simulation_bessy2hi_56m_PGM_2Perc_coupling_errors_on_fac10_RP/round_7/38_bessy2hi_56m_PGM_2Perc_coupling_errors_on_fac10_RP.rml
2025-02-10 19:13:07,541 - INFO - Prepared sim number: 39: RAYPy_Simulation_bessy2hi_56m_PGM_2Perc_coupling_errors_on_fac10_RP/round_7/39_bessy2hi_56m_PGM_2Perc_coupling_errors_on_fac10_RP.rml
2025-02-10 19:13:07,546 - INFO - Prepared sim number: 40: RAYPy_Simulation_bessy2hi_56m_PGM_2Perc_coupling_errors_on_fac10_RP/round_7/40_bessy2hi_56m_PGM_2Perc_coupling_errors_on_fac10_RP.rml
2025-02-10 19:13:07,546 - INFO - Start round 8
2025-02-10 19:13:07,551 - INFO - Prepared sim number: 0: RAYPy_Simulation_bessy2hi_56m_PGM_2Perc_coupling_errors_on_fac10_RP/round_8/0_bessy2hi_56m_PGM_2Perc_coupling_errors_on_fac10_RP.rml
2025-02-10 19:13:07,556 - INFO - Prepared sim number: 1: RAYPy_Simulation_bessy2hi_56m_PGM_2Perc_coupling_errors_on_fac10_RP/round_8/1_bessy2hi_56m_PGM_2Perc_coupling_errors_on_fac10_RP.rml
2025-02-10 19:13:07,561 - INFO - Prepared sim number: 2: RAYPy_Simulation_bessy2hi_56m_PGM_2Perc_coupling_errors_on_fac10_RP/round_8/2_bessy2hi_56m_PGM_2Perc_coupling_errors_on_fac10_RP.rml
2025-02-10 19:13:07,565 - INFO - Prepared sim number: 3: RAYPy_Simulation_bessy2hi_56m_PGM_2Perc_coupling_errors_on_fac10_RP/round_8/3_bessy2hi_56m_PGM_2Perc_coupling_errors_on_fac10_RP.rml
2025-02-10 19:13:07,570 - INFO - Prepared sim number: 4: RAYPy_Simulation_bessy2hi_56m_PGM_2Perc_coupling_errors_on_fac10_RP/round_8/4_bessy2hi_56m_PGM_2Perc_coupling_errors_on_fac10_RP.rml
2025-02-10 19:13:07,575 - INFO - Prepared sim number: 5: RAYPy_Simulation_bessy2hi_56m_PGM_2Perc_coupling_errors_on_fac10_RP/round_8/5_bessy2hi_56m_PGM_2Perc_coupling_errors_on_fac10_RP.rml
2025-02-10 19:13:07,580 - INFO - Prepared sim number: 6: RAYPy_Simulation_bessy2hi_56m_PGM_2Perc_coupling_errors_on_fac10_RP/round_8/6_bessy2hi_56m_PGM_2Perc_coupling_errors_on_fac10_RP.rml
2025-02-10 19:13:07,585 - INFO - Prepared sim number: 7: RAYPy_Simulation_bessy2hi_56m_PGM_2Perc_coupling_errors_on_fac10_RP/round_8/7_bessy2hi_56m_PGM_2Perc_coupling_errors_on_fac10_RP.rml
2025-02-10 19:13:07,589 - INFO - Prepared sim number: 8: RAYPy_Simulation_bessy2hi_56m_PGM_2Perc_coupling_errors_on_fac10_RP/round_8/8_bessy2hi_56m_PGM_2Perc_coupling_errors_on_fac10_RP.rml
2025-02-10 19:13:07,594 - INFO - Prepared sim number: 9: RAYPy_Simulation_bessy2hi_56m_PGM_2Perc_coupling_errors_on_fac10_RP/round_8/9_bessy2hi_56m_PGM_2Perc_coupling_errors_on_fac10_RP.rml
2025-02-10 19:13:07,599 - INFO - Prepared sim number: 10: RAYPy_Simulation_bessy2hi_56m_PGM_2Perc_coupling_errors_on_fac10_RP/round_8/10_bessy2hi_56m_PGM_2Perc_coupling_errors_on_fac10_RP.rml
2025-02-10 19:13:07,604 - INFO - Prepared sim number: 11: RAYPy_Simulation_bessy2hi_56m_PGM_2Perc_coupling_errors_on_fac10_RP/round_8/11_bessy2hi_56m_PGM_2Perc_coupling_errors_on_fac10_RP.rml
2025-02-10 19:13:07,609 - INFO - Prepared sim number: 12: RAYPy_Simulation_bessy2hi_56m_PGM_2Perc_coupling_errors_on_fac10_RP/round_8/12_bessy2hi_56m_PGM_2Perc_coupling_errors_on_fac10_RP.rml
2025-02-10 19:13:07,615 - INFO - Prepared sim number: 13: RAYPy_Simulation_bessy2hi_56m_PGM_2Perc_coupling_errors_on_fac10_RP/round_8/13_bessy2hi_56m_PGM_2Perc_coupling_errors_on_fac10_RP.rml
2025-02-10 19:13:07,620 - INFO - Prepared sim number: 14: RAYPy_Simulation_bessy2hi_56m_PGM_2Perc_coupling_errors_on_fac10_RP/round_8/14_bessy2hi_56m_PGM_2Perc_coupling_errors_on_fac10_RP.rml
2025-02-10 19:13:07,624 - INFO - Prepared sim number: 15: RAYPy_Simulation_bessy2hi_56m_PGM_2Perc_coupling_errors_on_fac10_RP/round_8/15_bessy2hi_56m_PGM_2Perc_coupling_errors_on_fac10_RP.rml
2025-02-10 19:13:07,630 - INFO - Prepared sim number: 16: RAYPy_Simulation_bessy2hi_56m_PGM_2Perc_coupling_errors_on_fac10_RP/round_8/16_bessy2hi_56m_PGM_2Perc_coupling_errors_on_fac10_RP.rml
2025-02-10 19:13:07,635 - INFO - Prepared sim number: 17: RAYPy_Simulation_bessy2hi_56m_PGM_2Perc_coupling_errors_on_fac10_RP/round_8/17_bessy2hi_56m_PGM_2Perc_coupling_errors_on_fac10_RP.rml
2025-02-10 19:13:07,639 - INFO - Prepared sim number: 18: RAYPy_Simulation_bessy2hi_56m_PGM_2Perc_coupling_errors_on_fac10_RP/round_8/18_bessy2hi_56m_PGM_2Perc_coupling_errors_on_fac10_RP.rml
2025-02-10 19:13:07,644 - INFO - Prepared sim number: 19: RAYPy_Simulation_bessy2hi_56m_PGM_2Perc_coupling_errors_on_fac10_RP/round_8/19_bessy2hi_56m_PGM_2Perc_coupling_errors_on_fac10_RP.rml
2025-02-10 19:13:07,648 - INFO - Prepared sim number: 20: RAYPy_Simulation_bessy2hi_56m_PGM_2Perc_coupling_errors_on_fac10_RP/round_8/20_bessy2hi_56m_PGM_2Perc_coupling_errors_on_fac10_RP.rml
2025-02-10 19:13:07,653 - INFO - Prepared sim number: 21: RAYPy_Simulation_bessy2hi_56m_PGM_2Perc_coupling_errors_on_fac10_RP/round_8/21_bessy2hi_56m_PGM_2Perc_coupling_errors_on_fac10_RP.rml
2025-02-10 19:13:07,658 - INFO - Prepared sim number: 22: RAYPy_Simulation_bessy2hi_56m_PGM_2Perc_coupling_errors_on_fac10_RP/round_8/22_bessy2hi_56m_PGM_2Perc_coupling_errors_on_fac10_RP.rml
2025-02-10 19:13:07,663 - INFO - Prepared sim number: 23: RAYPy_Simulation_bessy2hi_56m_PGM_2Perc_coupling_errors_on_fac10_RP/round_8/23_bessy2hi_56m_PGM_2Perc_coupling_errors_on_fac10_RP.rml
2025-02-10 19:13:07,667 - INFO - Prepared sim number: 24: RAYPy_Simulation_bessy2hi_56m_PGM_2Perc_coupling_errors_on_fac10_RP/round_8/24_bessy2hi_56m_PGM_2Perc_coupling_errors_on_fac10_RP.rml
2025-02-10 19:13:07,671 - INFO - Prepared sim number: 25: RAYPy_Simulation_bessy2hi_56m_PGM_2Perc_coupling_errors_on_fac10_RP/round_8/25_bessy2hi_56m_PGM_2Perc_coupling_errors_on_fac10_RP.rml
2025-02-10 19:13:07,674 - INFO - Prepared sim number: 26: RAYPy_Simulation_bessy2hi_56m_PGM_2Perc_coupling_errors_on_fac10_RP/round_8/26_bessy2hi_56m_PGM_2Perc_coupling_errors_on_fac10_RP.rml
2025-02-10 19:13:07,677 - INFO - Prepared sim number: 27: RAYPy_Simulation_bessy2hi_56m_PGM_2Perc_coupling_errors_on_fac10_RP/round_8/27_bessy2hi_56m_PGM_2Perc_coupling_errors_on_fac10_RP.rml
2025-02-10 19:13:07,681 - INFO - Prepared sim number: 28: RAYPy_Simulation_bessy2hi_56m_PGM_2Perc_coupling_errors_on_fac10_RP/round_8/28_bessy2hi_56m_PGM_2Perc_coupling_errors_on_fac10_RP.rml
2025-02-10 19:13:07,685 - INFO - Prepared sim number: 29: RAYPy_Simulation_bessy2hi_56m_PGM_2Perc_coupling_errors_on_fac10_RP/round_8/29_bessy2hi_56m_PGM_2Perc_coupling_errors_on_fac10_RP.rml
2025-02-10 19:13:07,688 - INFO - Prepared sim number: 30: RAYPy_Simulation_bessy2hi_56m_PGM_2Perc_coupling_errors_on_fac10_RP/round_8/30_bessy2hi_56m_PGM_2Perc_coupling_errors_on_fac10_RP.rml
2025-02-10 19:13:07,692 - INFO - Prepared sim number: 31: RAYPy_Simulation_bessy2hi_56m_PGM_2Perc_coupling_errors_on_fac10_RP/round_8/31_bessy2hi_56m_PGM_2Perc_coupling_errors_on_fac10_RP.rml
2025-02-10 19:13:07,693 - INFO - Waiting for batch number: 5, timeout: 23.45961341381073s
2025-02-10 19:13:10,581 - INFO - Completed: 1, remaining: 59, RAYPy_Simulation_bessy2hi_56m_PGM_2Perc_coupling_errors_on_fac10_RP/round_7/14_bessy2hi_56m_PGM_2Perc_coupling_errors_on_fac10_RP.rml
2025-02-10 19:13:10,607 - INFO - Completed: 2, remaining: 58, RAYPy_Simulation_bessy2hi_56m_PGM_2Perc_coupling_errors_on_fac10_RP/round_7/13_bessy2hi_56m_PGM_2Perc_coupling_errors_on_fac10_RP.rml
2025-02-10 19:13:10,617 - INFO - Completed: 3, remaining: 57, RAYPy_Simulation_bessy2hi_56m_PGM_2Perc_coupling_errors_on_fac10_RP/round_7/17_bessy2hi_56m_PGM_2Perc_coupling_errors_on_fac10_RP.rml
2025-02-10 19:13:10,669 - INFO - Completed: 4, remaining: 56, RAYPy_Simulation_bessy2hi_56m_PGM_2Perc_coupling_errors_on_fac10_RP/round_7/19_bessy2hi_56m_PGM_2Perc_coupling_errors_on_fac10_RP.rml
2025-02-10 19:13:10,779 - INFO - Completed: 5, remaining: 55, RAYPy_Simulation_bessy2hi_56m_PGM_2Perc_coupling_errors_on_fac10_RP/round_7/16_bessy2hi_56m_PGM_2Perc_coupling_errors_on_fac10_RP.rml
2025-02-10 19:13:10,816 - INFO - Completed: 6, remaining: 54, RAYPy_Simulation_bessy2hi_56m_PGM_2Perc_coupling_errors_on_fac10_RP/round_7/20_bessy2hi_56m_PGM_2Perc_coupling_errors_on_fac10_RP.rml
2025-02-10 19:13:10,833 - INFO - Completed: 7, remaining: 53, RAYPy_Simulation_bessy2hi_56m_PGM_2Perc_coupling_errors_on_fac10_RP/round_7/23_bessy2hi_56m_PGM_2Perc_coupling_errors_on_fac10_RP.rml
2025-02-10 19:13:10,913 - INFO - Completed: 8, remaining: 52, RAYPy_Simulation_bessy2hi_56m_PGM_2Perc_coupling_errors_on_fac10_RP/round_7/15_bessy2hi_56m_PGM_2Perc_coupling_errors_on_fac10_RP.rml
2025-02-10 19:13:12,976 - INFO - Completed: 9, remaining: 51, RAYPy_Simulation_bessy2hi_56m_PGM_2Perc_coupling_errors_on_fac10_RP/round_7/24_bessy2hi_56m_PGM_2Perc_coupling_errors_on_fac10_RP.rml
2025-02-10 19:13:13,218 - INFO - Completed: 10, remaining: 50, RAYPy_Simulation_bessy2hi_56m_PGM_2Perc_coupling_errors_on_fac10_RP/round_7/18_bessy2hi_56m_PGM_2Perc_coupling_errors_on_fac10_RP.rml
2025-02-10 19:13:14,355 - INFO - Completed: 11, remaining: 49, RAYPy_Simulation_bessy2hi_56m_PGM_2Perc_coupling_errors_on_fac10_RP/round_7/21_bessy2hi_56m_PGM_2Perc_coupling_errors_on_fac10_RP.rml
2025-02-10 19:13:14,391 - INFO - Completed: 12, remaining: 48, RAYPy_Simulation_bessy2hi_56m_PGM_2Perc_coupling_errors_on_fac10_RP/round_7/27_bessy2hi_56m_PGM_2Perc_coupling_errors_on_fac10_RP.rml
2025-02-10 19:13:14,451 - INFO - Completed: 13, remaining: 47, RAYPy_Simulation_bessy2hi_56m_PGM_2Perc_coupling_errors_on_fac10_RP/round_7/26_bessy2hi_56m_PGM_2Perc_coupling_errors_on_fac10_RP.rml
2025-02-10 19:13:14,493 - INFO - Completed: 14, remaining: 46, RAYPy_Simulation_bessy2hi_56m_PGM_2Perc_coupling_errors_on_fac10_RP/round_7/25_bessy2hi_56m_PGM_2Perc_coupling_errors_on_fac10_RP.rml
2025-02-10 19:13:14,503 - INFO - Completed: 15, remaining: 45, RAYPy_Simulation_bessy2hi_56m_PGM_2Perc_coupling_errors_on_fac10_RP/round_7/28_bessy2hi_56m_PGM_2Perc_coupling_errors_on_fac10_RP.rml
2025-02-10 19:13:14,556 - INFO - Completed: 16, remaining: 44, RAYPy_Simulation_bessy2hi_56m_PGM_2Perc_coupling_errors_on_fac10_RP/round_7/29_bessy2hi_56m_PGM_2Perc_coupling_errors_on_fac10_RP.rml
2025-02-10 19:13:14,756 - INFO - Completed: 17, remaining: 43, RAYPy_Simulation_bessy2hi_56m_PGM_2Perc_coupling_errors_on_fac10_RP/round_7/30_bessy2hi_56m_PGM_2Perc_coupling_errors_on_fac10_RP.rml
2025-02-10 19:13:14,842 - INFO - Completed: 18, remaining: 42, RAYPy_Simulation_bessy2hi_56m_PGM_2Perc_coupling_errors_on_fac10_RP/round_7/31_bessy2hi_56m_PGM_2Perc_coupling_errors_on_fac10_RP.rml
2025-02-10 19:13:14,860 - INFO - Completed: 19, remaining: 41, RAYPy_Simulation_bessy2hi_56m_PGM_2Perc_coupling_errors_on_fac10_RP/round_7/32_bessy2hi_56m_PGM_2Perc_coupling_errors_on_fac10_RP.rml
2025-02-10 19:13:15,173 - INFO - Completed: 20, remaining: 40, RAYPy_Simulation_bessy2hi_56m_PGM_2Perc_coupling_errors_on_fac10_RP/round_7/22_bessy2hi_56m_PGM_2Perc_coupling_errors_on_fac10_RP.rml
2025-02-10 19:13:16,894 - INFO - Completed: 21, remaining: 39, RAYPy_Simulation_bessy2hi_56m_PGM_2Perc_coupling_errors_on_fac10_RP/round_7/33_bessy2hi_56m_PGM_2Perc_coupling_errors_on_fac10_RP.rml
2025-02-10 19:13:17,145 - INFO - Completed: 22, remaining: 38, RAYPy_Simulation_bessy2hi_56m_PGM_2Perc_coupling_errors_on_fac10_RP/round_7/34_bessy2hi_56m_PGM_2Perc_coupling_errors_on_fac10_RP.rml
2025-02-10 19:13:18,005 - INFO - Completed: 23, remaining: 37, RAYPy_Simulation_bessy2hi_56m_PGM_2Perc_coupling_errors_on_fac10_RP/round_7/35_bessy2hi_56m_PGM_2Perc_coupling_errors_on_fac10_RP.rml
2025-02-10 19:13:18,222 - INFO - Completed: 24, remaining: 36, RAYPy_Simulation_bessy2hi_56m_PGM_2Perc_coupling_errors_on_fac10_RP/round_7/38_bessy2hi_56m_PGM_2Perc_coupling_errors_on_fac10_RP.rml
2025-02-10 19:13:18,243 - INFO - Completed: 25, remaining: 35, RAYPy_Simulation_bessy2hi_56m_PGM_2Perc_coupling_errors_on_fac10_RP/round_7/36_bessy2hi_56m_PGM_2Perc_coupling_errors_on_fac10_RP.rml
2025-02-10 19:13:18,257 - INFO - Completed: 26, remaining: 34, RAYPy_Simulation_bessy2hi_56m_PGM_2Perc_coupling_errors_on_fac10_RP/round_8/0_bessy2hi_56m_PGM_2Perc_coupling_errors_on_fac10_RP.rml
2025-02-10 19:13:18,306 - INFO - Completed: 27, remaining: 33, RAYPy_Simulation_bessy2hi_56m_PGM_2Perc_coupling_errors_on_fac10_RP/round_7/39_bessy2hi_56m_PGM_2Perc_coupling_errors_on_fac10_RP.rml
2025-02-10 19:13:18,330 - INFO - Completed: 28, remaining: 32, RAYPy_Simulation_bessy2hi_56m_PGM_2Perc_coupling_errors_on_fac10_RP/round_7/37_bessy2hi_56m_PGM_2Perc_coupling_errors_on_fac10_RP.rml
2025-02-10 19:13:18,354 - INFO - Completed: 29, remaining: 31, RAYPy_Simulation_bessy2hi_56m_PGM_2Perc_coupling_errors_on_fac10_RP/round_8/1_bessy2hi_56m_PGM_2Perc_coupling_errors_on_fac10_RP.rml
2025-02-10 19:13:18,444 - INFO - Completed: 30, remaining: 30, RAYPy_Simulation_bessy2hi_56m_PGM_2Perc_coupling_errors_on_fac10_RP/round_8/2_bessy2hi_56m_PGM_2Perc_coupling_errors_on_fac10_RP.rml
2025-02-10 19:13:18,587 - INFO - Completed: 31, remaining: 29, RAYPy_Simulation_bessy2hi_56m_PGM_2Perc_coupling_errors_on_fac10_RP/round_7/40_bessy2hi_56m_PGM_2Perc_coupling_errors_on_fac10_RP.rml
2025-02-10 19:13:18,761 - INFO - Completed: 32, remaining: 28, RAYPy_Simulation_bessy2hi_56m_PGM_2Perc_coupling_errors_on_fac10_RP/round_8/3_bessy2hi_56m_PGM_2Perc_coupling_errors_on_fac10_RP.rml
2025-02-10 19:13:20,292 - INFO - Completed: 33, remaining: 27, RAYPy_Simulation_bessy2hi_56m_PGM_2Perc_coupling_errors_on_fac10_RP/round_8/4_bessy2hi_56m_PGM_2Perc_coupling_errors_on_fac10_RP.rml
2025-02-10 19:13:21,296 - INFO - Completed: 34, remaining: 26, RAYPy_Simulation_bessy2hi_56m_PGM_2Perc_coupling_errors_on_fac10_RP/round_8/6_bessy2hi_56m_PGM_2Perc_coupling_errors_on_fac10_RP.rml
2025-02-10 19:13:21,334 - INFO - Completed: 35, remaining: 25, RAYPy_Simulation_bessy2hi_56m_PGM_2Perc_coupling_errors_on_fac10_RP/round_8/5_bessy2hi_56m_PGM_2Perc_coupling_errors_on_fac10_RP.rml
2025-02-10 19:13:21,824 - INFO - Completed: 36, remaining: 24, RAYPy_Simulation_bessy2hi_56m_PGM_2Perc_coupling_errors_on_fac10_RP/round_8/11_bessy2hi_56m_PGM_2Perc_coupling_errors_on_fac10_RP.rml
2025-02-10 19:13:21,995 - INFO - Completed: 37, remaining: 23, RAYPy_Simulation_bessy2hi_56m_PGM_2Perc_coupling_errors_on_fac10_RP/round_8/12_bessy2hi_56m_PGM_2Perc_coupling_errors_on_fac10_RP.rml
2025-02-10 19:13:22,052 - INFO - Completed: 38, remaining: 22, RAYPy_Simulation_bessy2hi_56m_PGM_2Perc_coupling_errors_on_fac10_RP/round_8/8_bessy2hi_56m_PGM_2Perc_coupling_errors_on_fac10_RP.rml
2025-02-10 19:13:22,086 - INFO - Completed: 39, remaining: 21, RAYPy_Simulation_bessy2hi_56m_PGM_2Perc_coupling_errors_on_fac10_RP/round_8/9_bessy2hi_56m_PGM_2Perc_coupling_errors_on_fac10_RP.rml
2025-02-10 19:13:22,147 - INFO - Completed: 40, remaining: 20, RAYPy_Simulation_bessy2hi_56m_PGM_2Perc_coupling_errors_on_fac10_RP/round_8/10_bessy2hi_56m_PGM_2Perc_coupling_errors_on_fac10_RP.rml
2025-02-10 19:13:22,243 - INFO - Completed: 41, remaining: 19, RAYPy_Simulation_bessy2hi_56m_PGM_2Perc_coupling_errors_on_fac10_RP/round_8/15_bessy2hi_56m_PGM_2Perc_coupling_errors_on_fac10_RP.rml
2025-02-10 19:13:22,277 - INFO - Completed: 42, remaining: 18, RAYPy_Simulation_bessy2hi_56m_PGM_2Perc_coupling_errors_on_fac10_RP/round_8/13_bessy2hi_56m_PGM_2Perc_coupling_errors_on_fac10_RP.rml
2025-02-10 19:13:22,317 - INFO - Completed: 43, remaining: 17, RAYPy_Simulation_bessy2hi_56m_PGM_2Perc_coupling_errors_on_fac10_RP/round_8/7_bessy2hi_56m_PGM_2Perc_coupling_errors_on_fac10_RP.rml
2025-02-10 19:13:22,446 - INFO - Completed: 44, remaining: 16, RAYPy_Simulation_bessy2hi_56m_PGM_2Perc_coupling_errors_on_fac10_RP/round_8/14_bessy2hi_56m_PGM_2Perc_coupling_errors_on_fac10_RP.rml
2025-02-10 19:13:23,690 - INFO - Completed: 45, remaining: 15, RAYPy_Simulation_bessy2hi_56m_PGM_2Perc_coupling_errors_on_fac10_RP/round_8/16_bessy2hi_56m_PGM_2Perc_coupling_errors_on_fac10_RP.rml
2025-02-10 19:13:24,538 - INFO - Completed: 46, remaining: 14, RAYPy_Simulation_bessy2hi_56m_PGM_2Perc_coupling_errors_on_fac10_RP/round_8/17_bessy2hi_56m_PGM_2Perc_coupling_errors_on_fac10_RP.rml
2025-02-10 19:13:24,847 - INFO - Completed: 47, remaining: 13, RAYPy_Simulation_bessy2hi_56m_PGM_2Perc_coupling_errors_on_fac10_RP/round_8/18_bessy2hi_56m_PGM_2Perc_coupling_errors_on_fac10_RP.rml
2025-02-10 19:13:25,346 - INFO - Completed: 48, remaining: 12, RAYPy_Simulation_bessy2hi_56m_PGM_2Perc_coupling_errors_on_fac10_RP/round_8/19_bessy2hi_56m_PGM_2Perc_coupling_errors_on_fac10_RP.rml
2025-02-10 19:13:25,803 - INFO - Completed: 49, remaining: 11, RAYPy_Simulation_bessy2hi_56m_PGM_2Perc_coupling_errors_on_fac10_RP/round_8/21_bessy2hi_56m_PGM_2Perc_coupling_errors_on_fac10_RP.rml
2025-02-10 19:13:25,833 - INFO - Completed: 50, remaining: 10, RAYPy_Simulation_bessy2hi_56m_PGM_2Perc_coupling_errors_on_fac10_RP/round_8/20_bessy2hi_56m_PGM_2Perc_coupling_errors_on_fac10_RP.rml
2025-02-10 19:13:25,965 - INFO - Completed: 51, remaining: 9, RAYPy_Simulation_bessy2hi_56m_PGM_2Perc_coupling_errors_on_fac10_RP/round_8/22_bessy2hi_56m_PGM_2Perc_coupling_errors_on_fac10_RP.rml
2025-02-10 19:13:25,975 - INFO - Completed: 52, remaining: 8, RAYPy_Simulation_bessy2hi_56m_PGM_2Perc_coupling_errors_on_fac10_RP/round_8/24_bessy2hi_56m_PGM_2Perc_coupling_errors_on_fac10_RP.rml
2025-02-10 19:13:26,099 - INFO - Completed: 53, remaining: 7, RAYPy_Simulation_bessy2hi_56m_PGM_2Perc_coupling_errors_on_fac10_RP/round_8/25_bessy2hi_56m_PGM_2Perc_coupling_errors_on_fac10_RP.rml
2025-02-10 19:13:26,165 - INFO - Completed: 54, remaining: 6, RAYPy_Simulation_bessy2hi_56m_PGM_2Perc_coupling_errors_on_fac10_RP/round_8/23_bessy2hi_56m_PGM_2Perc_coupling_errors_on_fac10_RP.rml
2025-02-10 19:13:26,188 - INFO - Completed: 55, remaining: 5, RAYPy_Simulation_bessy2hi_56m_PGM_2Perc_coupling_errors_on_fac10_RP/round_8/26_bessy2hi_56m_PGM_2Perc_coupling_errors_on_fac10_RP.rml
2025-02-10 19:13:26,420 - INFO - Completed: 56, remaining: 4, RAYPy_Simulation_bessy2hi_56m_PGM_2Perc_coupling_errors_on_fac10_RP/round_8/27_bessy2hi_56m_PGM_2Perc_coupling_errors_on_fac10_RP.rml
2025-02-10 19:13:26,870 - INFO - Completed: 57, remaining: 3, RAYPy_Simulation_bessy2hi_56m_PGM_2Perc_coupling_errors_on_fac10_RP/round_8/28_bessy2hi_56m_PGM_2Perc_coupling_errors_on_fac10_RP.rml
2025-02-10 19:13:27,441 - INFO - Completed: 58, remaining: 2, RAYPy_Simulation_bessy2hi_56m_PGM_2Perc_coupling_errors_on_fac10_RP/round_8/29_bessy2hi_56m_PGM_2Perc_coupling_errors_on_fac10_RP.rml
2025-02-10 19:13:27,568 - INFO - Completed: 59, remaining: 1, RAYPy_Simulation_bessy2hi_56m_PGM_2Perc_coupling_errors_on_fac10_RP/round_8/30_bessy2hi_56m_PGM_2Perc_coupling_errors_on_fac10_RP.rml
2025-02-10 19:13:27,818 - INFO - Completed: 60, remaining: 0, RAYPy_Simulation_bessy2hi_56m_PGM_2Perc_coupling_errors_on_fac10_RP/round_8/31_bessy2hi_56m_PGM_2Perc_coupling_errors_on_fac10_RP.rml
2025-02-10 19:13:27,818 - INFO - Batch Completed
2025-02-10 19:13:27,819 - INFO - Waiting For batch, 60 simulations to go
2025-02-10 19:13:27,829 - INFO - Prepared sim number: 32: RAYPy_Simulation_bessy2hi_56m_PGM_2Perc_coupling_errors_on_fac10_RP/round_8/32_bessy2hi_56m_PGM_2Perc_coupling_errors_on_fac10_RP.rml
2025-02-10 19:13:27,838 - INFO - Prepared sim number: 33: RAYPy_Simulation_bessy2hi_56m_PGM_2Perc_coupling_errors_on_fac10_RP/round_8/33_bessy2hi_56m_PGM_2Perc_coupling_errors_on_fac10_RP.rml
2025-02-10 19:13:27,848 - INFO - Prepared sim number: 34: RAYPy_Simulation_bessy2hi_56m_PGM_2Perc_coupling_errors_on_fac10_RP/round_8/34_bessy2hi_56m_PGM_2Perc_coupling_errors_on_fac10_RP.rml
2025-02-10 19:13:27,860 - INFO - Prepared sim number: 35: RAYPy_Simulation_bessy2hi_56m_PGM_2Perc_coupling_errors_on_fac10_RP/round_8/35_bessy2hi_56m_PGM_2Perc_coupling_errors_on_fac10_RP.rml
2025-02-10 19:13:27,868 - INFO - Prepared sim number: 36: RAYPy_Simulation_bessy2hi_56m_PGM_2Perc_coupling_errors_on_fac10_RP/round_8/36_bessy2hi_56m_PGM_2Perc_coupling_errors_on_fac10_RP.rml
2025-02-10 19:13:27,877 - INFO - Prepared sim number: 37: RAYPy_Simulation_bessy2hi_56m_PGM_2Perc_coupling_errors_on_fac10_RP/round_8/37_bessy2hi_56m_PGM_2Perc_coupling_errors_on_fac10_RP.rml
2025-02-10 19:13:27,884 - INFO - Prepared sim number: 38: RAYPy_Simulation_bessy2hi_56m_PGM_2Perc_coupling_errors_on_fac10_RP/round_8/38_bessy2hi_56m_PGM_2Perc_coupling_errors_on_fac10_RP.rml
2025-02-10 19:13:27,891 - INFO - Prepared sim number: 39: RAYPy_Simulation_bessy2hi_56m_PGM_2Perc_coupling_errors_on_fac10_RP/round_8/39_bessy2hi_56m_PGM_2Perc_coupling_errors_on_fac10_RP.rml
2025-02-10 19:13:27,897 - INFO - Prepared sim number: 40: RAYPy_Simulation_bessy2hi_56m_PGM_2Perc_coupling_errors_on_fac10_RP/round_8/40_bessy2hi_56m_PGM_2Perc_coupling_errors_on_fac10_RP.rml
2025-02-10 19:13:27,898 - INFO - Start round 9
2025-02-10 19:13:27,904 - INFO - Prepared sim number: 0: RAYPy_Simulation_bessy2hi_56m_PGM_2Perc_coupling_errors_on_fac10_RP/round_9/0_bessy2hi_56m_PGM_2Perc_coupling_errors_on_fac10_RP.rml
2025-02-10 19:13:27,910 - INFO - Prepared sim number: 1: RAYPy_Simulation_bessy2hi_56m_PGM_2Perc_coupling_errors_on_fac10_RP/round_9/1_bessy2hi_56m_PGM_2Perc_coupling_errors_on_fac10_RP.rml
2025-02-10 19:13:27,915 - INFO - Prepared sim number: 2: RAYPy_Simulation_bessy2hi_56m_PGM_2Perc_coupling_errors_on_fac10_RP/round_9/2_bessy2hi_56m_PGM_2Perc_coupling_errors_on_fac10_RP.rml
2025-02-10 19:13:27,921 - INFO - Prepared sim number: 3: RAYPy_Simulation_bessy2hi_56m_PGM_2Perc_coupling_errors_on_fac10_RP/round_9/3_bessy2hi_56m_PGM_2Perc_coupling_errors_on_fac10_RP.rml
2025-02-10 19:13:27,926 - INFO - Prepared sim number: 4: RAYPy_Simulation_bessy2hi_56m_PGM_2Perc_coupling_errors_on_fac10_RP/round_9/4_bessy2hi_56m_PGM_2Perc_coupling_errors_on_fac10_RP.rml
2025-02-10 19:13:27,933 - INFO - Prepared sim number: 5: RAYPy_Simulation_bessy2hi_56m_PGM_2Perc_coupling_errors_on_fac10_RP/round_9/5_bessy2hi_56m_PGM_2Perc_coupling_errors_on_fac10_RP.rml
2025-02-10 19:13:27,938 - INFO - Prepared sim number: 6: RAYPy_Simulation_bessy2hi_56m_PGM_2Perc_coupling_errors_on_fac10_RP/round_9/6_bessy2hi_56m_PGM_2Perc_coupling_errors_on_fac10_RP.rml
2025-02-10 19:13:27,944 - INFO - Prepared sim number: 7: RAYPy_Simulation_bessy2hi_56m_PGM_2Perc_coupling_errors_on_fac10_RP/round_9/7_bessy2hi_56m_PGM_2Perc_coupling_errors_on_fac10_RP.rml
2025-02-10 19:13:27,949 - INFO - Prepared sim number: 8: RAYPy_Simulation_bessy2hi_56m_PGM_2Perc_coupling_errors_on_fac10_RP/round_9/8_bessy2hi_56m_PGM_2Perc_coupling_errors_on_fac10_RP.rml
2025-02-10 19:13:27,954 - INFO - Prepared sim number: 9: RAYPy_Simulation_bessy2hi_56m_PGM_2Perc_coupling_errors_on_fac10_RP/round_9/9_bessy2hi_56m_PGM_2Perc_coupling_errors_on_fac10_RP.rml
2025-02-10 19:13:27,960 - INFO - Prepared sim number: 10: RAYPy_Simulation_bessy2hi_56m_PGM_2Perc_coupling_errors_on_fac10_RP/round_9/10_bessy2hi_56m_PGM_2Perc_coupling_errors_on_fac10_RP.rml
2025-02-10 19:13:27,965 - INFO - Prepared sim number: 11: RAYPy_Simulation_bessy2hi_56m_PGM_2Perc_coupling_errors_on_fac10_RP/round_9/11_bessy2hi_56m_PGM_2Perc_coupling_errors_on_fac10_RP.rml
2025-02-10 19:13:27,971 - INFO - Prepared sim number: 12: RAYPy_Simulation_bessy2hi_56m_PGM_2Perc_coupling_errors_on_fac10_RP/round_9/12_bessy2hi_56m_PGM_2Perc_coupling_errors_on_fac10_RP.rml
2025-02-10 19:13:27,977 - INFO - Prepared sim number: 13: RAYPy_Simulation_bessy2hi_56m_PGM_2Perc_coupling_errors_on_fac10_RP/round_9/13_bessy2hi_56m_PGM_2Perc_coupling_errors_on_fac10_RP.rml
2025-02-10 19:13:27,983 - INFO - Prepared sim number: 14: RAYPy_Simulation_bessy2hi_56m_PGM_2Perc_coupling_errors_on_fac10_RP/round_9/14_bessy2hi_56m_PGM_2Perc_coupling_errors_on_fac10_RP.rml
2025-02-10 19:13:27,988 - INFO - Prepared sim number: 15: RAYPy_Simulation_bessy2hi_56m_PGM_2Perc_coupling_errors_on_fac10_RP/round_9/15_bessy2hi_56m_PGM_2Perc_coupling_errors_on_fac10_RP.rml
2025-02-10 19:13:27,994 - INFO - Prepared sim number: 16: RAYPy_Simulation_bessy2hi_56m_PGM_2Perc_coupling_errors_on_fac10_RP/round_9/16_bessy2hi_56m_PGM_2Perc_coupling_errors_on_fac10_RP.rml
2025-02-10 19:13:27,999 - INFO - Prepared sim number: 17: RAYPy_Simulation_bessy2hi_56m_PGM_2Perc_coupling_errors_on_fac10_RP/round_9/17_bessy2hi_56m_PGM_2Perc_coupling_errors_on_fac10_RP.rml
2025-02-10 19:13:28,004 - INFO - Prepared sim number: 18: RAYPy_Simulation_bessy2hi_56m_PGM_2Perc_coupling_errors_on_fac10_RP/round_9/18_bessy2hi_56m_PGM_2Perc_coupling_errors_on_fac10_RP.rml
2025-02-10 19:13:28,010 - INFO - Prepared sim number: 19: RAYPy_Simulation_bessy2hi_56m_PGM_2Perc_coupling_errors_on_fac10_RP/round_9/19_bessy2hi_56m_PGM_2Perc_coupling_errors_on_fac10_RP.rml
2025-02-10 19:13:28,016 - INFO - Prepared sim number: 20: RAYPy_Simulation_bessy2hi_56m_PGM_2Perc_coupling_errors_on_fac10_RP/round_9/20_bessy2hi_56m_PGM_2Perc_coupling_errors_on_fac10_RP.rml
2025-02-10 19:13:28,021 - INFO - Prepared sim number: 21: RAYPy_Simulation_bessy2hi_56m_PGM_2Perc_coupling_errors_on_fac10_RP/round_9/21_bessy2hi_56m_PGM_2Perc_coupling_errors_on_fac10_RP.rml
2025-02-10 19:13:28,028 - INFO - Prepared sim number: 22: RAYPy_Simulation_bessy2hi_56m_PGM_2Perc_coupling_errors_on_fac10_RP/round_9/22_bessy2hi_56m_PGM_2Perc_coupling_errors_on_fac10_RP.rml
2025-02-10 19:13:28,033 - INFO - Prepared sim number: 23: RAYPy_Simulation_bessy2hi_56m_PGM_2Perc_coupling_errors_on_fac10_RP/round_9/23_bessy2hi_56m_PGM_2Perc_coupling_errors_on_fac10_RP.rml
2025-02-10 19:13:28,039 - INFO - Prepared sim number: 24: RAYPy_Simulation_bessy2hi_56m_PGM_2Perc_coupling_errors_on_fac10_RP/round_9/24_bessy2hi_56m_PGM_2Perc_coupling_errors_on_fac10_RP.rml
2025-02-10 19:13:28,045 - INFO - Prepared sim number: 25: RAYPy_Simulation_bessy2hi_56m_PGM_2Perc_coupling_errors_on_fac10_RP/round_9/25_bessy2hi_56m_PGM_2Perc_coupling_errors_on_fac10_RP.rml
2025-02-10 19:13:28,050 - INFO - Prepared sim number: 26: RAYPy_Simulation_bessy2hi_56m_PGM_2Perc_coupling_errors_on_fac10_RP/round_9/26_bessy2hi_56m_PGM_2Perc_coupling_errors_on_fac10_RP.rml
2025-02-10 19:13:28,056 - INFO - Prepared sim number: 27: RAYPy_Simulation_bessy2hi_56m_PGM_2Perc_coupling_errors_on_fac10_RP/round_9/27_bessy2hi_56m_PGM_2Perc_coupling_errors_on_fac10_RP.rml
2025-02-10 19:13:28,062 - INFO - Prepared sim number: 28: RAYPy_Simulation_bessy2hi_56m_PGM_2Perc_coupling_errors_on_fac10_RP/round_9/28_bessy2hi_56m_PGM_2Perc_coupling_errors_on_fac10_RP.rml
2025-02-10 19:13:28,067 - INFO - Prepared sim number: 29: RAYPy_Simulation_bessy2hi_56m_PGM_2Perc_coupling_errors_on_fac10_RP/round_9/29_bessy2hi_56m_PGM_2Perc_coupling_errors_on_fac10_RP.rml
2025-02-10 19:13:28,073 - INFO - Prepared sim number: 30: RAYPy_Simulation_bessy2hi_56m_PGM_2Perc_coupling_errors_on_fac10_RP/round_9/30_bessy2hi_56m_PGM_2Perc_coupling_errors_on_fac10_RP.rml
2025-02-10 19:13:28,079 - INFO - Prepared sim number: 31: RAYPy_Simulation_bessy2hi_56m_PGM_2Perc_coupling_errors_on_fac10_RP/round_9/31_bessy2hi_56m_PGM_2Perc_coupling_errors_on_fac10_RP.rml
2025-02-10 19:13:28,085 - INFO - Prepared sim number: 32: RAYPy_Simulation_bessy2hi_56m_PGM_2Perc_coupling_errors_on_fac10_RP/round_9/32_bessy2hi_56m_PGM_2Perc_coupling_errors_on_fac10_RP.rml
2025-02-10 19:13:28,090 - INFO - Prepared sim number: 33: RAYPy_Simulation_bessy2hi_56m_PGM_2Perc_coupling_errors_on_fac10_RP/round_9/33_bessy2hi_56m_PGM_2Perc_coupling_errors_on_fac10_RP.rml
2025-02-10 19:13:28,096 - INFO - Prepared sim number: 34: RAYPy_Simulation_bessy2hi_56m_PGM_2Perc_coupling_errors_on_fac10_RP/round_9/34_bessy2hi_56m_PGM_2Perc_coupling_errors_on_fac10_RP.rml
2025-02-10 19:13:28,101 - INFO - Prepared sim number: 35: RAYPy_Simulation_bessy2hi_56m_PGM_2Perc_coupling_errors_on_fac10_RP/round_9/35_bessy2hi_56m_PGM_2Perc_coupling_errors_on_fac10_RP.rml
2025-02-10 19:13:28,109 - INFO - Prepared sim number: 36: RAYPy_Simulation_bessy2hi_56m_PGM_2Perc_coupling_errors_on_fac10_RP/round_9/36_bessy2hi_56m_PGM_2Perc_coupling_errors_on_fac10_RP.rml
2025-02-10 19:13:28,116 - INFO - Prepared sim number: 37: RAYPy_Simulation_bessy2hi_56m_PGM_2Perc_coupling_errors_on_fac10_RP/round_9/37_bessy2hi_56m_PGM_2Perc_coupling_errors_on_fac10_RP.rml
2025-02-10 19:13:28,123 - INFO - Prepared sim number: 38: RAYPy_Simulation_bessy2hi_56m_PGM_2Perc_coupling_errors_on_fac10_RP/round_9/38_bessy2hi_56m_PGM_2Perc_coupling_errors_on_fac10_RP.rml
2025-02-10 19:13:28,130 - INFO - Prepared sim number: 39: RAYPy_Simulation_bessy2hi_56m_PGM_2Perc_coupling_errors_on_fac10_RP/round_9/39_bessy2hi_56m_PGM_2Perc_coupling_errors_on_fac10_RP.rml
2025-02-10 19:13:28,137 - INFO - Prepared sim number: 40: RAYPy_Simulation_bessy2hi_56m_PGM_2Perc_coupling_errors_on_fac10_RP/round_9/40_bessy2hi_56m_PGM_2Perc_coupling_errors_on_fac10_RP.rml
2025-02-10 19:13:28,137 - INFO - Waiting for batch number: 6, timeout: 23.31273142894109s
2025-02-10 19:13:31,544 - INFO - Completed: 1, remaining: 59, RAYPy_Simulation_bessy2hi_56m_PGM_2Perc_coupling_errors_on_fac10_RP/round_9/1_bessy2hi_56m_PGM_2Perc_coupling_errors_on_fac10_RP.rml
2025-02-10 19:13:31,603 - INFO - Completed: 2, remaining: 58, RAYPy_Simulation_bessy2hi_56m_PGM_2Perc_coupling_errors_on_fac10_RP/round_9/0_bessy2hi_56m_PGM_2Perc_coupling_errors_on_fac10_RP.rml
2025-02-10 19:13:31,651 - INFO - Completed: 3, remaining: 57, RAYPy_Simulation_bessy2hi_56m_PGM_2Perc_coupling_errors_on_fac10_RP/round_9/2_bessy2hi_56m_PGM_2Perc_coupling_errors_on_fac10_RP.rml
2025-02-10 19:13:31,845 - INFO - Completed: 4, remaining: 56, RAYPy_Simulation_bessy2hi_56m_PGM_2Perc_coupling_errors_on_fac10_RP/round_8/34_bessy2hi_56m_PGM_2Perc_coupling_errors_on_fac10_RP.rml
2025-02-10 19:13:31,883 - INFO - Completed: 5, remaining: 55, RAYPy_Simulation_bessy2hi_56m_PGM_2Perc_coupling_errors_on_fac10_RP/round_8/38_bessy2hi_56m_PGM_2Perc_coupling_errors_on_fac10_RP.rml
2025-02-10 19:13:31,952 - INFO - Completed: 6, remaining: 54, RAYPy_Simulation_bessy2hi_56m_PGM_2Perc_coupling_errors_on_fac10_RP/round_8/33_bessy2hi_56m_PGM_2Perc_coupling_errors_on_fac10_RP.rml
2025-02-10 19:13:31,991 - INFO - Completed: 7, remaining: 53, RAYPy_Simulation_bessy2hi_56m_PGM_2Perc_coupling_errors_on_fac10_RP/round_8/36_bessy2hi_56m_PGM_2Perc_coupling_errors_on_fac10_RP.rml
2025-02-10 19:13:32,033 - INFO - Completed: 8, remaining: 52, RAYPy_Simulation_bessy2hi_56m_PGM_2Perc_coupling_errors_on_fac10_RP/round_8/32_bessy2hi_56m_PGM_2Perc_coupling_errors_on_fac10_RP.rml
2025-02-10 19:13:32,042 - INFO - Completed: 9, remaining: 51, RAYPy_Simulation_bessy2hi_56m_PGM_2Perc_coupling_errors_on_fac10_RP/round_8/37_bessy2hi_56m_PGM_2Perc_coupling_errors_on_fac10_RP.rml
2025-02-10 19:13:32,071 - INFO - Completed: 10, remaining: 50, RAYPy_Simulation_bessy2hi_56m_PGM_2Perc_coupling_errors_on_fac10_RP/round_8/40_bessy2hi_56m_PGM_2Perc_coupling_errors_on_fac10_RP.rml
2025-02-10 19:13:32,081 - INFO - Completed: 11, remaining: 49, RAYPy_Simulation_bessy2hi_56m_PGM_2Perc_coupling_errors_on_fac10_RP/round_8/39_bessy2hi_56m_PGM_2Perc_coupling_errors_on_fac10_RP.rml
2025-02-10 19:13:32,573 - INFO - Completed: 12, remaining: 48, RAYPy_Simulation_bessy2hi_56m_PGM_2Perc_coupling_errors_on_fac10_RP/round_8/35_bessy2hi_56m_PGM_2Perc_coupling_errors_on_fac10_RP.rml
2025-02-10 19:13:34,902 - INFO - Completed: 13, remaining: 47, RAYPy_Simulation_bessy2hi_56m_PGM_2Perc_coupling_errors_on_fac10_RP/round_9/5_bessy2hi_56m_PGM_2Perc_coupling_errors_on_fac10_RP.rml
2025-02-10 19:13:35,073 - INFO - Completed: 14, remaining: 46, RAYPy_Simulation_bessy2hi_56m_PGM_2Perc_coupling_errors_on_fac10_RP/round_9/4_bessy2hi_56m_PGM_2Perc_coupling_errors_on_fac10_RP.rml
2025-02-10 19:13:35,229 - INFO - Completed: 15, remaining: 45, RAYPy_Simulation_bessy2hi_56m_PGM_2Perc_coupling_errors_on_fac10_RP/round_9/3_bessy2hi_56m_PGM_2Perc_coupling_errors_on_fac10_RP.rml
2025-02-10 19:13:35,248 - INFO - Completed: 16, remaining: 44, RAYPy_Simulation_bessy2hi_56m_PGM_2Perc_coupling_errors_on_fac10_RP/round_9/8_bessy2hi_56m_PGM_2Perc_coupling_errors_on_fac10_RP.rml
2025-02-10 19:13:35,490 - INFO - Completed: 17, remaining: 43, RAYPy_Simulation_bessy2hi_56m_PGM_2Perc_coupling_errors_on_fac10_RP/round_9/6_bessy2hi_56m_PGM_2Perc_coupling_errors_on_fac10_RP.rml
2025-02-10 19:13:35,552 - INFO - Completed: 18, remaining: 42, RAYPy_Simulation_bessy2hi_56m_PGM_2Perc_coupling_errors_on_fac10_RP/round_9/11_bessy2hi_56m_PGM_2Perc_coupling_errors_on_fac10_RP.rml
2025-02-10 19:13:35,594 - INFO - Completed: 19, remaining: 41, RAYPy_Simulation_bessy2hi_56m_PGM_2Perc_coupling_errors_on_fac10_RP/round_9/10_bessy2hi_56m_PGM_2Perc_coupling_errors_on_fac10_RP.rml
2025-02-10 19:13:35,610 - INFO - Completed: 20, remaining: 40, RAYPy_Simulation_bessy2hi_56m_PGM_2Perc_coupling_errors_on_fac10_RP/round_9/7_bessy2hi_56m_PGM_2Perc_coupling_errors_on_fac10_RP.rml
2025-02-10 19:13:35,692 - INFO - Completed: 21, remaining: 39, RAYPy_Simulation_bessy2hi_56m_PGM_2Perc_coupling_errors_on_fac10_RP/round_9/12_bessy2hi_56m_PGM_2Perc_coupling_errors_on_fac10_RP.rml
2025-02-10 19:13:35,857 - INFO - Completed: 22, remaining: 38, RAYPy_Simulation_bessy2hi_56m_PGM_2Perc_coupling_errors_on_fac10_RP/round_9/13_bessy2hi_56m_PGM_2Perc_coupling_errors_on_fac10_RP.rml
2025-02-10 19:13:36,006 - INFO - Completed: 23, remaining: 37, RAYPy_Simulation_bessy2hi_56m_PGM_2Perc_coupling_errors_on_fac10_RP/round_9/14_bessy2hi_56m_PGM_2Perc_coupling_errors_on_fac10_RP.rml
2025-02-10 19:13:36,326 - INFO - Completed: 24, remaining: 36, RAYPy_Simulation_bessy2hi_56m_PGM_2Perc_coupling_errors_on_fac10_RP/round_9/9_bessy2hi_56m_PGM_2Perc_coupling_errors_on_fac10_RP.rml
2025-02-10 19:13:38,256 - INFO - Completed: 25, remaining: 35, RAYPy_Simulation_bessy2hi_56m_PGM_2Perc_coupling_errors_on_fac10_RP/round_9/15_bessy2hi_56m_PGM_2Perc_coupling_errors_on_fac10_RP.rml
2025-02-10 19:13:38,535 - INFO - Completed: 26, remaining: 34, RAYPy_Simulation_bessy2hi_56m_PGM_2Perc_coupling_errors_on_fac10_RP/round_9/16_bessy2hi_56m_PGM_2Perc_coupling_errors_on_fac10_RP.rml
2025-02-10 19:13:38,626 - INFO - Completed: 27, remaining: 33, RAYPy_Simulation_bessy2hi_56m_PGM_2Perc_coupling_errors_on_fac10_RP/round_9/18_bessy2hi_56m_PGM_2Perc_coupling_errors_on_fac10_RP.rml
2025-02-10 19:13:38,862 - INFO - Completed: 28, remaining: 32, RAYPy_Simulation_bessy2hi_56m_PGM_2Perc_coupling_errors_on_fac10_RP/round_9/17_bessy2hi_56m_PGM_2Perc_coupling_errors_on_fac10_RP.rml
2025-02-10 19:13:39,092 - INFO - Completed: 29, remaining: 31, RAYPy_Simulation_bessy2hi_56m_PGM_2Perc_coupling_errors_on_fac10_RP/round_9/23_bessy2hi_56m_PGM_2Perc_coupling_errors_on_fac10_RP.rml
2025-02-10 19:13:39,295 - INFO - Completed: 30, remaining: 30, RAYPy_Simulation_bessy2hi_56m_PGM_2Perc_coupling_errors_on_fac10_RP/round_9/20_bessy2hi_56m_PGM_2Perc_coupling_errors_on_fac10_RP.rml
2025-02-10 19:13:39,317 - INFO - Completed: 31, remaining: 29, RAYPy_Simulation_bessy2hi_56m_PGM_2Perc_coupling_errors_on_fac10_RP/round_9/19_bessy2hi_56m_PGM_2Perc_coupling_errors_on_fac10_RP.rml
2025-02-10 19:13:39,565 - INFO - Completed: 32, remaining: 28, RAYPy_Simulation_bessy2hi_56m_PGM_2Perc_coupling_errors_on_fac10_RP/round_9/22_bessy2hi_56m_PGM_2Perc_coupling_errors_on_fac10_RP.rml
2025-02-10 19:13:39,724 - INFO - Completed: 33, remaining: 27, RAYPy_Simulation_bessy2hi_56m_PGM_2Perc_coupling_errors_on_fac10_RP/round_9/24_bessy2hi_56m_PGM_2Perc_coupling_errors_on_fac10_RP.rml
2025-02-10 19:13:39,789 - INFO - Completed: 34, remaining: 26, RAYPy_Simulation_bessy2hi_56m_PGM_2Perc_coupling_errors_on_fac10_RP/round_9/25_bessy2hi_56m_PGM_2Perc_coupling_errors_on_fac10_RP.rml
2025-02-10 19:13:40,072 - INFO - Completed: 35, remaining: 25, RAYPy_Simulation_bessy2hi_56m_PGM_2Perc_coupling_errors_on_fac10_RP/round_9/21_bessy2hi_56m_PGM_2Perc_coupling_errors_on_fac10_RP.rml
2025-02-10 19:13:40,210 - INFO - Completed: 36, remaining: 24, RAYPy_Simulation_bessy2hi_56m_PGM_2Perc_coupling_errors_on_fac10_RP/round_9/26_bessy2hi_56m_PGM_2Perc_coupling_errors_on_fac10_RP.rml
2025-02-10 19:13:42,164 - INFO - Completed: 37, remaining: 23, RAYPy_Simulation_bessy2hi_56m_PGM_2Perc_coupling_errors_on_fac10_RP/round_9/27_bessy2hi_56m_PGM_2Perc_coupling_errors_on_fac10_RP.rml
2025-02-10 19:13:42,542 - INFO - Completed: 38, remaining: 22, RAYPy_Simulation_bessy2hi_56m_PGM_2Perc_coupling_errors_on_fac10_RP/round_9/28_bessy2hi_56m_PGM_2Perc_coupling_errors_on_fac10_RP.rml
2025-02-10 19:13:42,571 - INFO - Completed: 39, remaining: 21, RAYPy_Simulation_bessy2hi_56m_PGM_2Perc_coupling_errors_on_fac10_RP/round_9/29_bessy2hi_56m_PGM_2Perc_coupling_errors_on_fac10_RP.rml
2025-02-10 19:13:42,773 - INFO - Completed: 40, remaining: 20, RAYPy_Simulation_bessy2hi_56m_PGM_2Perc_coupling_errors_on_fac10_RP/round_9/31_bessy2hi_56m_PGM_2Perc_coupling_errors_on_fac10_RP.rml
2025-02-10 19:13:42,818 - INFO - Completed: 41, remaining: 19, RAYPy_Simulation_bessy2hi_56m_PGM_2Perc_coupling_errors_on_fac10_RP/round_9/30_bessy2hi_56m_PGM_2Perc_coupling_errors_on_fac10_RP.rml
2025-02-10 19:13:43,012 - INFO - Completed: 42, remaining: 18, RAYPy_Simulation_bessy2hi_56m_PGM_2Perc_coupling_errors_on_fac10_RP/round_9/32_bessy2hi_56m_PGM_2Perc_coupling_errors_on_fac10_RP.rml
2025-02-10 19:13:43,198 - INFO - Completed: 43, remaining: 17, RAYPy_Simulation_bessy2hi_56m_PGM_2Perc_coupling_errors_on_fac10_RP/round_9/34_bessy2hi_56m_PGM_2Perc_coupling_errors_on_fac10_RP.rml
2025-02-10 19:13:43,349 - INFO - Completed: 44, remaining: 16, RAYPy_Simulation_bessy2hi_56m_PGM_2Perc_coupling_errors_on_fac10_RP/round_9/33_bessy2hi_56m_PGM_2Perc_coupling_errors_on_fac10_RP.rml
2025-02-10 19:13:43,478 - INFO - Completed: 45, remaining: 15, RAYPy_Simulation_bessy2hi_56m_PGM_2Perc_coupling_errors_on_fac10_RP/round_9/35_bessy2hi_56m_PGM_2Perc_coupling_errors_on_fac10_RP.rml
2025-02-10 19:13:43,534 - INFO - Completed: 46, remaining: 14, RAYPy_Simulation_bessy2hi_56m_PGM_2Perc_coupling_errors_on_fac10_RP/round_9/36_bessy2hi_56m_PGM_2Perc_coupling_errors_on_fac10_RP.rml
2025-02-10 19:13:43,655 - INFO - Completed: 47, remaining: 13, RAYPy_Simulation_bessy2hi_56m_PGM_2Perc_coupling_errors_on_fac10_RP/round_9/37_bessy2hi_56m_PGM_2Perc_coupling_errors_on_fac10_RP.rml
2025-02-10 19:13:43,682 - INFO - Completed: 48, remaining: 12, RAYPy_Simulation_bessy2hi_56m_PGM_2Perc_coupling_errors_on_fac10_RP/round_9/38_bessy2hi_56m_PGM_2Perc_coupling_errors_on_fac10_RP.rml
2025-02-10 19:13:44,804 - INFO - Completed: 49, remaining: 11, RAYPy_Simulation_bessy2hi_56m_PGM_2Perc_coupling_errors_on_fac10_RP/round_9/40_bessy2hi_56m_PGM_2Perc_coupling_errors_on_fac10_RP.rml
2025-02-10 19:13:45,433 - INFO - Completed: 50, remaining: 10, RAYPy_Simulation_bessy2hi_56m_PGM_2Perc_coupling_errors_on_fac10_RP/round_9/39_bessy2hi_56m_PGM_2Perc_coupling_errors_on_fac10_RP.rml
2025-02-10 19:13:45,434 - INFO - Batch Completed
2025-02-10 19:13:45,434 - INFO - Waiting For batch, 60 simulations to go
2025-02-10 19:13:45,434 - INFO - Remaning Simulations 0, stop the simulations loop
2025-02-10 19:13:45,434 - INFO - Checking that all simulations are completed before stopping the ProcessPoolExecutor
2025-02-10 19:13:45,656 - INFO - Executor shutdown completed.
2025-02-10 19:13:45,671 - INFO - Simulation completed successfully.
2025-02-10 19:13:45,671 - INFO - Starting cleanup
2025-02-10 19:13:47,432 - INFO - Done with the cleanup
2025-02-10 19:13:47,433 - INFO - Create Pandas Recap Files
2025-02-10 19:13:47,458 - INFO - End of the Simulations
