2025-02-10 19:37:17,203 - INFO - Simulation started, using 12 workers
2025-02-10 19:37:17,207 - INFO - Start round 0
2025-02-10 19:37:17,223 - INFO - Prepared sim number: 0: RAYPy_Simulation_bessy2hi_56m_PGM_2Perc_coupling_errors_on_RP/round_0/0_bessy2hi_56m_PGM_2Perc_coupling_errors_on_RP.rml
2025-02-10 19:37:17,239 - INFO - Prepared sim number: 1: RAYPy_Simulation_bessy2hi_56m_PGM_2Perc_coupling_errors_on_RP/round_0/1_bessy2hi_56m_PGM_2Perc_coupling_errors_on_RP.rml
2025-02-10 19:37:17,257 - INFO - Prepared sim number: 2: RAYPy_Simulation_bessy2hi_56m_PGM_2Perc_coupling_errors_on_RP/round_0/2_bessy2hi_56m_PGM_2Perc_coupling_errors_on_RP.rml
2025-02-10 19:37:17,272 - INFO - Prepared sim number: 3: RAYPy_Simulation_bessy2hi_56m_PGM_2Perc_coupling_errors_on_RP/round_0/3_bessy2hi_56m_PGM_2Perc_coupling_errors_on_RP.rml
2025-02-10 19:37:17,287 - INFO - Prepared sim number: 4: RAYPy_Simulation_bessy2hi_56m_PGM_2Perc_coupling_errors_on_RP/round_0/4_bessy2hi_56m_PGM_2Perc_coupling_errors_on_RP.rml
2025-02-10 19:37:17,301 - INFO - Prepared sim number: 5: RAYPy_Simulation_bessy2hi_56m_PGM_2Perc_coupling_errors_on_RP/round_0/5_bessy2hi_56m_PGM_2Perc_coupling_errors_on_RP.rml
2025-02-10 19:37:17,311 - INFO - Prepared sim number: 6: RAYPy_Simulation_bessy2hi_56m_PGM_2Perc_coupling_errors_on_RP/round_0/6_bessy2hi_56m_PGM_2Perc_coupling_errors_on_RP.rml
2025-02-10 19:37:17,320 - INFO - Prepared sim number: 7: RAYPy_Simulation_bessy2hi_56m_PGM_2Perc_coupling_errors_on_RP/round_0/7_bessy2hi_56m_PGM_2Perc_coupling_errors_on_RP.rml
2025-02-10 19:37:17,330 - INFO - Prepared sim number: 8: RAYPy_Simulation_bessy2hi_56m_PGM_2Perc_coupling_errors_on_RP/round_0/8_bessy2hi_56m_PGM_2Perc_coupling_errors_on_RP.rml
2025-02-10 19:37:17,338 - INFO - Prepared sim number: 9: RAYPy_Simulation_bessy2hi_56m_PGM_2Perc_coupling_errors_on_RP/round_0/9_bessy2hi_56m_PGM_2Perc_coupling_errors_on_RP.rml
2025-02-10 19:37:17,348 - INFO - Prepared sim number: 10: RAYPy_Simulation_bessy2hi_56m_PGM_2Perc_coupling_errors_on_RP/round_0/10_bessy2hi_56m_PGM_2Perc_coupling_errors_on_RP.rml
2025-02-10 19:37:17,357 - INFO - Prepared sim number: 11: RAYPy_Simulation_bessy2hi_56m_PGM_2Perc_coupling_errors_on_RP/round_0/11_bessy2hi_56m_PGM_2Perc_coupling_errors_on_RP.rml
2025-02-10 19:37:17,366 - INFO - Prepared sim number: 12: RAYPy_Simulation_bessy2hi_56m_PGM_2Perc_coupling_errors_on_RP/round_0/12_bessy2hi_56m_PGM_2Perc_coupling_errors_on_RP.rml
2025-02-10 19:37:17,374 - INFO - Prepared sim number: 13: RAYPy_Simulation_bessy2hi_56m_PGM_2Perc_coupling_errors_on_RP/round_0/13_bessy2hi_56m_PGM_2Perc_coupling_errors_on_RP.rml
2025-02-10 19:37:17,383 - INFO - Prepared sim number: 14: RAYPy_Simulation_bessy2hi_56m_PGM_2Perc_coupling_errors_on_RP/round_0/14_bessy2hi_56m_PGM_2Perc_coupling_errors_on_RP.rml
2025-02-10 19:37:17,392 - INFO - Prepared sim number: 15: RAYPy_Simulation_bessy2hi_56m_PGM_2Perc_coupling_errors_on_RP/round_0/15_bessy2hi_56m_PGM_2Perc_coupling_errors_on_RP.rml
2025-02-10 19:37:17,401 - INFO - Prepared sim number: 16: RAYPy_Simulation_bessy2hi_56m_PGM_2Perc_coupling_errors_on_RP/round_0/16_bessy2hi_56m_PGM_2Perc_coupling_errors_on_RP.rml
2025-02-10 19:37:17,411 - INFO - Prepared sim number: 17: RAYPy_Simulation_bessy2hi_56m_PGM_2Perc_coupling_errors_on_RP/round_0/17_bessy2hi_56m_PGM_2Perc_coupling_errors_on_RP.rml
2025-02-10 19:37:17,420 - INFO - Prepared sim number: 18: RAYPy_Simulation_bessy2hi_56m_PGM_2Perc_coupling_errors_on_RP/round_0/18_bessy2hi_56m_PGM_2Perc_coupling_errors_on_RP.rml
2025-02-10 19:37:17,429 - INFO - Prepared sim number: 19: RAYPy_Simulation_bessy2hi_56m_PGM_2Perc_coupling_errors_on_RP/round_0/19_bessy2hi_56m_PGM_2Perc_coupling_errors_on_RP.rml
2025-02-10 19:37:17,439 - INFO - Prepared sim number: 20: RAYPy_Simulation_bessy2hi_56m_PGM_2Perc_coupling_errors_on_RP/round_0/20_bessy2hi_56m_PGM_2Perc_coupling_errors_on_RP.rml
2025-02-10 19:37:17,449 - INFO - Prepared sim number: 21: RAYPy_Simulation_bessy2hi_56m_PGM_2Perc_coupling_errors_on_RP/round_0/21_bessy2hi_56m_PGM_2Perc_coupling_errors_on_RP.rml
2025-02-10 19:37:17,458 - INFO - Prepared sim number: 22: RAYPy_Simulation_bessy2hi_56m_PGM_2Perc_coupling_errors_on_RP/round_0/22_bessy2hi_56m_PGM_2Perc_coupling_errors_on_RP.rml
2025-02-10 19:37:17,468 - INFO - Prepared sim number: 23: RAYPy_Simulation_bessy2hi_56m_PGM_2Perc_coupling_errors_on_RP/round_0/23_bessy2hi_56m_PGM_2Perc_coupling_errors_on_RP.rml
2025-02-10 19:37:17,477 - INFO - Prepared sim number: 24: RAYPy_Simulation_bessy2hi_56m_PGM_2Perc_coupling_errors_on_RP/round_0/24_bessy2hi_56m_PGM_2Perc_coupling_errors_on_RP.rml
2025-02-10 19:37:17,487 - INFO - Prepared sim number: 25: RAYPy_Simulation_bessy2hi_56m_PGM_2Perc_coupling_errors_on_RP/round_0/25_bessy2hi_56m_PGM_2Perc_coupling_errors_on_RP.rml
2025-02-10 19:37:17,495 - INFO - Prepared sim number: 26: RAYPy_Simulation_bessy2hi_56m_PGM_2Perc_coupling_errors_on_RP/round_0/26_bessy2hi_56m_PGM_2Perc_coupling_errors_on_RP.rml
2025-02-10 19:37:17,504 - INFO - Prepared sim number: 27: RAYPy_Simulation_bessy2hi_56m_PGM_2Perc_coupling_errors_on_RP/round_0/27_bessy2hi_56m_PGM_2Perc_coupling_errors_on_RP.rml
2025-02-10 19:37:17,513 - INFO - Prepared sim number: 28: RAYPy_Simulation_bessy2hi_56m_PGM_2Perc_coupling_errors_on_RP/round_0/28_bessy2hi_56m_PGM_2Perc_coupling_errors_on_RP.rml
2025-02-10 19:37:17,522 - INFO - Prepared sim number: 29: RAYPy_Simulation_bessy2hi_56m_PGM_2Perc_coupling_errors_on_RP/round_0/29_bessy2hi_56m_PGM_2Perc_coupling_errors_on_RP.rml
2025-02-10 19:37:17,531 - INFO - Prepared sim number: 30: RAYPy_Simulation_bessy2hi_56m_PGM_2Perc_coupling_errors_on_RP/round_0/30_bessy2hi_56m_PGM_2Perc_coupling_errors_on_RP.rml
2025-02-10 19:37:17,540 - INFO - Prepared sim number: 31: RAYPy_Simulation_bessy2hi_56m_PGM_2Perc_coupling_errors_on_RP/round_0/31_bessy2hi_56m_PGM_2Perc_coupling_errors_on_RP.rml
2025-02-10 19:37:17,550 - INFO - Prepared sim number: 32: RAYPy_Simulation_bessy2hi_56m_PGM_2Perc_coupling_errors_on_RP/round_0/32_bessy2hi_56m_PGM_2Perc_coupling_errors_on_RP.rml
2025-02-10 19:37:17,560 - INFO - Prepared sim number: 33: RAYPy_Simulation_bessy2hi_56m_PGM_2Perc_coupling_errors_on_RP/round_0/33_bessy2hi_56m_PGM_2Perc_coupling_errors_on_RP.rml
2025-02-10 19:37:17,569 - INFO - Prepared sim number: 34: RAYPy_Simulation_bessy2hi_56m_PGM_2Perc_coupling_errors_on_RP/round_0/34_bessy2hi_56m_PGM_2Perc_coupling_errors_on_RP.rml
2025-02-10 19:37:17,578 - INFO - Prepared sim number: 35: RAYPy_Simulation_bessy2hi_56m_PGM_2Perc_coupling_errors_on_RP/round_0/35_bessy2hi_56m_PGM_2Perc_coupling_errors_on_RP.rml
2025-02-10 19:37:17,588 - INFO - Prepared sim number: 36: RAYPy_Simulation_bessy2hi_56m_PGM_2Perc_coupling_errors_on_RP/round_0/36_bessy2hi_56m_PGM_2Perc_coupling_errors_on_RP.rml
2025-02-10 19:37:17,597 - INFO - Prepared sim number: 37: RAYPy_Simulation_bessy2hi_56m_PGM_2Perc_coupling_errors_on_RP/round_0/37_bessy2hi_56m_PGM_2Perc_coupling_errors_on_RP.rml
2025-02-10 19:37:17,606 - INFO - Prepared sim number: 38: RAYPy_Simulation_bessy2hi_56m_PGM_2Perc_coupling_errors_on_RP/round_0/38_bessy2hi_56m_PGM_2Perc_coupling_errors_on_RP.rml
2025-02-10 19:37:17,614 - INFO - Prepared sim number: 39: RAYPy_Simulation_bessy2hi_56m_PGM_2Perc_coupling_errors_on_RP/round_0/39_bessy2hi_56m_PGM_2Perc_coupling_errors_on_RP.rml
2025-02-10 19:37:17,623 - INFO - Prepared sim number: 40: RAYPy_Simulation_bessy2hi_56m_PGM_2Perc_coupling_errors_on_RP/round_0/40_bessy2hi_56m_PGM_2Perc_coupling_errors_on_RP.rml
2025-02-10 19:37:17,624 - INFO - Start round 1
2025-02-10 19:37:17,628 - INFO - Prepared sim number: 0: RAYPy_Simulation_bessy2hi_56m_PGM_2Perc_coupling_errors_on_RP/round_1/0_bessy2hi_56m_PGM_2Perc_coupling_errors_on_RP.rml
2025-02-10 19:37:17,633 - INFO - Prepared sim number: 1: RAYPy_Simulation_bessy2hi_56m_PGM_2Perc_coupling_errors_on_RP/round_1/1_bessy2hi_56m_PGM_2Perc_coupling_errors_on_RP.rml
2025-02-10 19:37:17,637 - INFO - Prepared sim number: 2: RAYPy_Simulation_bessy2hi_56m_PGM_2Perc_coupling_errors_on_RP/round_1/2_bessy2hi_56m_PGM_2Perc_coupling_errors_on_RP.rml
2025-02-10 19:37:17,641 - INFO - Prepared sim number: 3: RAYPy_Simulation_bessy2hi_56m_PGM_2Perc_coupling_errors_on_RP/round_1/3_bessy2hi_56m_PGM_2Perc_coupling_errors_on_RP.rml
2025-02-10 19:37:17,647 - INFO - Prepared sim number: 4: RAYPy_Simulation_bessy2hi_56m_PGM_2Perc_coupling_errors_on_RP/round_1/4_bessy2hi_56m_PGM_2Perc_coupling_errors_on_RP.rml
2025-02-10 19:37:17,652 - INFO - Prepared sim number: 5: RAYPy_Simulation_bessy2hi_56m_PGM_2Perc_coupling_errors_on_RP/round_1/5_bessy2hi_56m_PGM_2Perc_coupling_errors_on_RP.rml
2025-02-10 19:37:17,658 - INFO - Prepared sim number: 6: RAYPy_Simulation_bessy2hi_56m_PGM_2Perc_coupling_errors_on_RP/round_1/6_bessy2hi_56m_PGM_2Perc_coupling_errors_on_RP.rml
2025-02-10 19:37:17,662 - INFO - Prepared sim number: 7: RAYPy_Simulation_bessy2hi_56m_PGM_2Perc_coupling_errors_on_RP/round_1/7_bessy2hi_56m_PGM_2Perc_coupling_errors_on_RP.rml
2025-02-10 19:37:17,666 - INFO - Prepared sim number: 8: RAYPy_Simulation_bessy2hi_56m_PGM_2Perc_coupling_errors_on_RP/round_1/8_bessy2hi_56m_PGM_2Perc_coupling_errors_on_RP.rml
2025-02-10 19:37:17,670 - INFO - Prepared sim number: 9: RAYPy_Simulation_bessy2hi_56m_PGM_2Perc_coupling_errors_on_RP/round_1/9_bessy2hi_56m_PGM_2Perc_coupling_errors_on_RP.rml
2025-02-10 19:37:17,674 - INFO - Prepared sim number: 10: RAYPy_Simulation_bessy2hi_56m_PGM_2Perc_coupling_errors_on_RP/round_1/10_bessy2hi_56m_PGM_2Perc_coupling_errors_on_RP.rml
2025-02-10 19:37:17,678 - INFO - Prepared sim number: 11: RAYPy_Simulation_bessy2hi_56m_PGM_2Perc_coupling_errors_on_RP/round_1/11_bessy2hi_56m_PGM_2Perc_coupling_errors_on_RP.rml
2025-02-10 19:37:17,682 - INFO - Prepared sim number: 12: RAYPy_Simulation_bessy2hi_56m_PGM_2Perc_coupling_errors_on_RP/round_1/12_bessy2hi_56m_PGM_2Perc_coupling_errors_on_RP.rml
2025-02-10 19:37:17,687 - INFO - Prepared sim number: 13: RAYPy_Simulation_bessy2hi_56m_PGM_2Perc_coupling_errors_on_RP/round_1/13_bessy2hi_56m_PGM_2Perc_coupling_errors_on_RP.rml
2025-02-10 19:37:17,690 - INFO - Prepared sim number: 14: RAYPy_Simulation_bessy2hi_56m_PGM_2Perc_coupling_errors_on_RP/round_1/14_bessy2hi_56m_PGM_2Perc_coupling_errors_on_RP.rml
2025-02-10 19:37:17,694 - INFO - Prepared sim number: 15: RAYPy_Simulation_bessy2hi_56m_PGM_2Perc_coupling_errors_on_RP/round_1/15_bessy2hi_56m_PGM_2Perc_coupling_errors_on_RP.rml
2025-02-10 19:37:17,699 - INFO - Prepared sim number: 16: RAYPy_Simulation_bessy2hi_56m_PGM_2Perc_coupling_errors_on_RP/round_1/16_bessy2hi_56m_PGM_2Perc_coupling_errors_on_RP.rml
2025-02-10 19:37:17,703 - INFO - Prepared sim number: 17: RAYPy_Simulation_bessy2hi_56m_PGM_2Perc_coupling_errors_on_RP/round_1/17_bessy2hi_56m_PGM_2Perc_coupling_errors_on_RP.rml
2025-02-10 19:37:17,707 - INFO - Prepared sim number: 18: RAYPy_Simulation_bessy2hi_56m_PGM_2Perc_coupling_errors_on_RP/round_1/18_bessy2hi_56m_PGM_2Perc_coupling_errors_on_RP.rml
2025-02-10 19:37:17,731 - INFO - Waiting for batch number: 0, timeout: 60s
2025-02-10 19:37:20,667 - INFO - Completed: 1, remaining: 59, RAYPy_Simulation_bessy2hi_56m_PGM_2Perc_coupling_errors_on_RP/round_0/10_bessy2hi_56m_PGM_2Perc_coupling_errors_on_RP.rml
2025-02-10 19:37:20,819 - INFO - Completed: 2, remaining: 58, RAYPy_Simulation_bessy2hi_56m_PGM_2Perc_coupling_errors_on_RP/round_0/4_bessy2hi_56m_PGM_2Perc_coupling_errors_on_RP.rml
2025-02-10 19:37:20,851 - INFO - Completed: 3, remaining: 57, RAYPy_Simulation_bessy2hi_56m_PGM_2Perc_coupling_errors_on_RP/round_0/1_bessy2hi_56m_PGM_2Perc_coupling_errors_on_RP.rml
2025-02-10 19:37:20,874 - INFO - Completed: 4, remaining: 56, RAYPy_Simulation_bessy2hi_56m_PGM_2Perc_coupling_errors_on_RP/round_0/6_bessy2hi_56m_PGM_2Perc_coupling_errors_on_RP.rml
2025-02-10 19:37:20,912 - INFO - Completed: 5, remaining: 55, RAYPy_Simulation_bessy2hi_56m_PGM_2Perc_coupling_errors_on_RP/round_0/0_bessy2hi_56m_PGM_2Perc_coupling_errors_on_RP.rml
2025-02-10 19:37:21,067 - INFO - Completed: 6, remaining: 54, RAYPy_Simulation_bessy2hi_56m_PGM_2Perc_coupling_errors_on_RP/round_0/9_bessy2hi_56m_PGM_2Perc_coupling_errors_on_RP.rml
2025-02-10 19:37:21,173 - INFO - Completed: 7, remaining: 53, RAYPy_Simulation_bessy2hi_56m_PGM_2Perc_coupling_errors_on_RP/round_0/5_bessy2hi_56m_PGM_2Perc_coupling_errors_on_RP.rml
2025-02-10 19:37:21,241 - INFO - Completed: 8, remaining: 52, RAYPy_Simulation_bessy2hi_56m_PGM_2Perc_coupling_errors_on_RP/round_0/8_bessy2hi_56m_PGM_2Perc_coupling_errors_on_RP.rml
2025-02-10 19:37:21,710 - INFO - Completed: 9, remaining: 51, RAYPy_Simulation_bessy2hi_56m_PGM_2Perc_coupling_errors_on_RP/round_0/2_bessy2hi_56m_PGM_2Perc_coupling_errors_on_RP.rml
2025-02-10 19:37:22,973 - INFO - Completed: 10, remaining: 50, RAYPy_Simulation_bessy2hi_56m_PGM_2Perc_coupling_errors_on_RP/round_0/7_bessy2hi_56m_PGM_2Perc_coupling_errors_on_RP.rml
2025-02-10 19:37:23,196 - INFO - Completed: 11, remaining: 49, RAYPy_Simulation_bessy2hi_56m_PGM_2Perc_coupling_errors_on_RP/round_0/3_bessy2hi_56m_PGM_2Perc_coupling_errors_on_RP.rml
2025-02-10 19:37:23,255 - INFO - Completed: 12, remaining: 48, RAYPy_Simulation_bessy2hi_56m_PGM_2Perc_coupling_errors_on_RP/round_0/11_bessy2hi_56m_PGM_2Perc_coupling_errors_on_RP.rml
2025-02-10 19:37:23,862 - INFO - Completed: 13, remaining: 47, RAYPy_Simulation_bessy2hi_56m_PGM_2Perc_coupling_errors_on_RP/round_0/12_bessy2hi_56m_PGM_2Perc_coupling_errors_on_RP.rml
2025-02-10 19:37:24,195 - INFO - Completed: 14, remaining: 46, RAYPy_Simulation_bessy2hi_56m_PGM_2Perc_coupling_errors_on_RP/round_0/13_bessy2hi_56m_PGM_2Perc_coupling_errors_on_RP.rml
2025-02-10 19:37:24,242 - INFO - Completed: 15, remaining: 45, RAYPy_Simulation_bessy2hi_56m_PGM_2Perc_coupling_errors_on_RP/round_0/15_bessy2hi_56m_PGM_2Perc_coupling_errors_on_RP.rml
2025-02-10 19:37:24,595 - INFO - Completed: 16, remaining: 44, RAYPy_Simulation_bessy2hi_56m_PGM_2Perc_coupling_errors_on_RP/round_0/17_bessy2hi_56m_PGM_2Perc_coupling_errors_on_RP.rml
2025-02-10 19:37:24,616 - INFO - Completed: 17, remaining: 43, RAYPy_Simulation_bessy2hi_56m_PGM_2Perc_coupling_errors_on_RP/round_0/18_bessy2hi_56m_PGM_2Perc_coupling_errors_on_RP.rml
2025-02-10 19:37:24,819 - INFO - Completed: 18, remaining: 42, RAYPy_Simulation_bessy2hi_56m_PGM_2Perc_coupling_errors_on_RP/round_0/16_bessy2hi_56m_PGM_2Perc_coupling_errors_on_RP.rml
2025-02-10 19:37:24,912 - INFO - Completed: 19, remaining: 41, RAYPy_Simulation_bessy2hi_56m_PGM_2Perc_coupling_errors_on_RP/round_0/19_bessy2hi_56m_PGM_2Perc_coupling_errors_on_RP.rml
2025-02-10 19:37:25,028 - INFO - Completed: 20, remaining: 40, RAYPy_Simulation_bessy2hi_56m_PGM_2Perc_coupling_errors_on_RP/round_0/14_bessy2hi_56m_PGM_2Perc_coupling_errors_on_RP.rml
2025-02-10 19:37:25,124 - INFO - Completed: 21, remaining: 39, RAYPy_Simulation_bessy2hi_56m_PGM_2Perc_coupling_errors_on_RP/round_0/20_bessy2hi_56m_PGM_2Perc_coupling_errors_on_RP.rml
2025-02-10 19:37:26,515 - INFO - Completed: 22, remaining: 38, RAYPy_Simulation_bessy2hi_56m_PGM_2Perc_coupling_errors_on_RP/round_0/22_bessy2hi_56m_PGM_2Perc_coupling_errors_on_RP.rml
2025-02-10 19:37:26,690 - INFO - Completed: 23, remaining: 37, RAYPy_Simulation_bessy2hi_56m_PGM_2Perc_coupling_errors_on_RP/round_0/21_bessy2hi_56m_PGM_2Perc_coupling_errors_on_RP.rml
2025-02-10 19:37:26,877 - INFO - Completed: 24, remaining: 36, RAYPy_Simulation_bessy2hi_56m_PGM_2Perc_coupling_errors_on_RP/round_0/23_bessy2hi_56m_PGM_2Perc_coupling_errors_on_RP.rml
2025-02-10 19:37:27,366 - INFO - Completed: 25, remaining: 35, RAYPy_Simulation_bessy2hi_56m_PGM_2Perc_coupling_errors_on_RP/round_0/24_bessy2hi_56m_PGM_2Perc_coupling_errors_on_RP.rml
2025-02-10 19:37:27,514 - INFO - Completed: 26, remaining: 34, RAYPy_Simulation_bessy2hi_56m_PGM_2Perc_coupling_errors_on_RP/round_0/25_bessy2hi_56m_PGM_2Perc_coupling_errors_on_RP.rml
2025-02-10 19:37:27,809 - INFO - Completed: 27, remaining: 33, RAYPy_Simulation_bessy2hi_56m_PGM_2Perc_coupling_errors_on_RP/round_0/26_bessy2hi_56m_PGM_2Perc_coupling_errors_on_RP.rml
2025-02-10 19:37:27,948 - INFO - Completed: 28, remaining: 32, RAYPy_Simulation_bessy2hi_56m_PGM_2Perc_coupling_errors_on_RP/round_0/28_bessy2hi_56m_PGM_2Perc_coupling_errors_on_RP.rml
2025-02-10 19:37:28,444 - INFO - Completed: 29, remaining: 31, RAYPy_Simulation_bessy2hi_56m_PGM_2Perc_coupling_errors_on_RP/round_0/29_bessy2hi_56m_PGM_2Perc_coupling_errors_on_RP.rml
2025-02-10 19:37:28,618 - INFO - Completed: 30, remaining: 30, RAYPy_Simulation_bessy2hi_56m_PGM_2Perc_coupling_errors_on_RP/round_0/32_bessy2hi_56m_PGM_2Perc_coupling_errors_on_RP.rml
2025-02-10 19:37:28,651 - INFO - Completed: 31, remaining: 29, RAYPy_Simulation_bessy2hi_56m_PGM_2Perc_coupling_errors_on_RP/round_0/31_bessy2hi_56m_PGM_2Perc_coupling_errors_on_RP.rml
2025-02-10 19:37:28,901 - INFO - Completed: 32, remaining: 28, RAYPy_Simulation_bessy2hi_56m_PGM_2Perc_coupling_errors_on_RP/round_0/30_bessy2hi_56m_PGM_2Perc_coupling_errors_on_RP.rml
2025-02-10 19:37:29,076 - INFO - Completed: 33, remaining: 27, RAYPy_Simulation_bessy2hi_56m_PGM_2Perc_coupling_errors_on_RP/round_0/27_bessy2hi_56m_PGM_2Perc_coupling_errors_on_RP.rml
2025-02-10 19:37:30,031 - INFO - Completed: 34, remaining: 26, RAYPy_Simulation_bessy2hi_56m_PGM_2Perc_coupling_errors_on_RP/round_0/33_bessy2hi_56m_PGM_2Perc_coupling_errors_on_RP.rml
2025-02-10 19:37:30,228 - INFO - Completed: 35, remaining: 25, RAYPy_Simulation_bessy2hi_56m_PGM_2Perc_coupling_errors_on_RP/round_0/34_bessy2hi_56m_PGM_2Perc_coupling_errors_on_RP.rml
2025-02-10 19:37:30,424 - INFO - Completed: 36, remaining: 24, RAYPy_Simulation_bessy2hi_56m_PGM_2Perc_coupling_errors_on_RP/round_0/35_bessy2hi_56m_PGM_2Perc_coupling_errors_on_RP.rml
2025-02-10 19:37:30,834 - INFO - Completed: 37, remaining: 23, RAYPy_Simulation_bessy2hi_56m_PGM_2Perc_coupling_errors_on_RP/round_0/36_bessy2hi_56m_PGM_2Perc_coupling_errors_on_RP.rml
2025-02-10 19:37:31,055 - INFO - Completed: 38, remaining: 22, RAYPy_Simulation_bessy2hi_56m_PGM_2Perc_coupling_errors_on_RP/round_0/37_bessy2hi_56m_PGM_2Perc_coupling_errors_on_RP.rml
2025-02-10 19:37:31,402 - INFO - Completed: 39, remaining: 21, RAYPy_Simulation_bessy2hi_56m_PGM_2Perc_coupling_errors_on_RP/round_0/39_bessy2hi_56m_PGM_2Perc_coupling_errors_on_RP.rml
2025-02-10 19:37:31,500 - INFO - Completed: 40, remaining: 20, RAYPy_Simulation_bessy2hi_56m_PGM_2Perc_coupling_errors_on_RP/round_0/38_bessy2hi_56m_PGM_2Perc_coupling_errors_on_RP.rml
2025-02-10 19:37:31,819 - INFO - Completed: 41, remaining: 19, RAYPy_Simulation_bessy2hi_56m_PGM_2Perc_coupling_errors_on_RP/round_1/0_bessy2hi_56m_PGM_2Perc_coupling_errors_on_RP.rml
2025-02-10 19:37:31,957 - INFO - Completed: 42, remaining: 18, RAYPy_Simulation_bessy2hi_56m_PGM_2Perc_coupling_errors_on_RP/round_0/40_bessy2hi_56m_PGM_2Perc_coupling_errors_on_RP.rml
2025-02-10 19:37:32,319 - INFO - Completed: 43, remaining: 17, RAYPy_Simulation_bessy2hi_56m_PGM_2Perc_coupling_errors_on_RP/round_1/3_bessy2hi_56m_PGM_2Perc_coupling_errors_on_RP.rml
2025-02-10 19:37:32,360 - INFO - Completed: 44, remaining: 16, RAYPy_Simulation_bessy2hi_56m_PGM_2Perc_coupling_errors_on_RP/round_1/1_bessy2hi_56m_PGM_2Perc_coupling_errors_on_RP.rml
2025-02-10 19:37:33,354 - INFO - Completed: 45, remaining: 15, RAYPy_Simulation_bessy2hi_56m_PGM_2Perc_coupling_errors_on_RP/round_1/2_bessy2hi_56m_PGM_2Perc_coupling_errors_on_RP.rml
2025-02-10 19:37:33,530 - INFO - Completed: 46, remaining: 14, RAYPy_Simulation_bessy2hi_56m_PGM_2Perc_coupling_errors_on_RP/round_1/4_bessy2hi_56m_PGM_2Perc_coupling_errors_on_RP.rml
2025-02-10 19:37:33,887 - INFO - Completed: 47, remaining: 13, RAYPy_Simulation_bessy2hi_56m_PGM_2Perc_coupling_errors_on_RP/round_1/6_bessy2hi_56m_PGM_2Perc_coupling_errors_on_RP.rml
2025-02-10 19:37:33,956 - INFO - Completed: 48, remaining: 12, RAYPy_Simulation_bessy2hi_56m_PGM_2Perc_coupling_errors_on_RP/round_1/5_bessy2hi_56m_PGM_2Perc_coupling_errors_on_RP.rml
2025-02-10 19:37:34,250 - INFO - Completed: 49, remaining: 11, RAYPy_Simulation_bessy2hi_56m_PGM_2Perc_coupling_errors_on_RP/round_1/7_bessy2hi_56m_PGM_2Perc_coupling_errors_on_RP.rml
2025-02-10 19:37:34,516 - INFO - Completed: 50, remaining: 10, RAYPy_Simulation_bessy2hi_56m_PGM_2Perc_coupling_errors_on_RP/round_1/8_bessy2hi_56m_PGM_2Perc_coupling_errors_on_RP.rml
2025-02-10 19:37:34,702 - INFO - Completed: 51, remaining: 9, RAYPy_Simulation_bessy2hi_56m_PGM_2Perc_coupling_errors_on_RP/round_1/9_bessy2hi_56m_PGM_2Perc_coupling_errors_on_RP.rml
2025-02-10 19:37:34,967 - INFO - Completed: 52, remaining: 8, RAYPy_Simulation_bessy2hi_56m_PGM_2Perc_coupling_errors_on_RP/round_1/10_bessy2hi_56m_PGM_2Perc_coupling_errors_on_RP.rml
2025-02-10 19:37:35,234 - INFO - Completed: 53, remaining: 7, RAYPy_Simulation_bessy2hi_56m_PGM_2Perc_coupling_errors_on_RP/round_1/11_bessy2hi_56m_PGM_2Perc_coupling_errors_on_RP.rml
2025-02-10 19:37:35,275 - INFO - Completed: 54, remaining: 6, RAYPy_Simulation_bessy2hi_56m_PGM_2Perc_coupling_errors_on_RP/round_1/12_bessy2hi_56m_PGM_2Perc_coupling_errors_on_RP.rml
2025-02-10 19:37:35,525 - INFO - Completed: 55, remaining: 5, RAYPy_Simulation_bessy2hi_56m_PGM_2Perc_coupling_errors_on_RP/round_1/14_bessy2hi_56m_PGM_2Perc_coupling_errors_on_RP.rml
2025-02-10 19:37:35,632 - INFO - Completed: 56, remaining: 4, RAYPy_Simulation_bessy2hi_56m_PGM_2Perc_coupling_errors_on_RP/round_1/13_bessy2hi_56m_PGM_2Perc_coupling_errors_on_RP.rml
2025-02-10 19:37:36,292 - INFO - Completed: 57, remaining: 3, RAYPy_Simulation_bessy2hi_56m_PGM_2Perc_coupling_errors_on_RP/round_1/16_bessy2hi_56m_PGM_2Perc_coupling_errors_on_RP.rml
2025-02-10 19:37:36,398 - INFO - Completed: 58, remaining: 2, RAYPy_Simulation_bessy2hi_56m_PGM_2Perc_coupling_errors_on_RP/round_1/17_bessy2hi_56m_PGM_2Perc_coupling_errors_on_RP.rml
2025-02-10 19:37:36,499 - INFO - Completed: 59, remaining: 1, RAYPy_Simulation_bessy2hi_56m_PGM_2Perc_coupling_errors_on_RP/round_1/18_bessy2hi_56m_PGM_2Perc_coupling_errors_on_RP.rml
2025-02-10 19:37:37,425 - INFO - Completed: 60, remaining: 0, RAYPy_Simulation_bessy2hi_56m_PGM_2Perc_coupling_errors_on_RP/round_1/15_bessy2hi_56m_PGM_2Perc_coupling_errors_on_RP.rml
2025-02-10 19:37:37,425 - INFO - Batch Completed
2025-02-10 19:37:37,426 - INFO - Waiting For batch, 60 simulations to go
2025-02-10 19:37:37,431 - INFO - Prepared sim number: 19: RAYPy_Simulation_bessy2hi_56m_PGM_2Perc_coupling_errors_on_RP/round_1/19_bessy2hi_56m_PGM_2Perc_coupling_errors_on_RP.rml
2025-02-10 19:37:37,441 - INFO - Prepared sim number: 20: RAYPy_Simulation_bessy2hi_56m_PGM_2Perc_coupling_errors_on_RP/round_1/20_bessy2hi_56m_PGM_2Perc_coupling_errors_on_RP.rml
2025-02-10 19:37:37,448 - INFO - Prepared sim number: 21: RAYPy_Simulation_bessy2hi_56m_PGM_2Perc_coupling_errors_on_RP/round_1/21_bessy2hi_56m_PGM_2Perc_coupling_errors_on_RP.rml
2025-02-10 19:37:37,455 - INFO - Prepared sim number: 22: RAYPy_Simulation_bessy2hi_56m_PGM_2Perc_coupling_errors_on_RP/round_1/22_bessy2hi_56m_PGM_2Perc_coupling_errors_on_RP.rml
2025-02-10 19:37:37,461 - INFO - Prepared sim number: 23: RAYPy_Simulation_bessy2hi_56m_PGM_2Perc_coupling_errors_on_RP/round_1/23_bessy2hi_56m_PGM_2Perc_coupling_errors_on_RP.rml
2025-02-10 19:37:37,466 - INFO - Prepared sim number: 24: RAYPy_Simulation_bessy2hi_56m_PGM_2Perc_coupling_errors_on_RP/round_1/24_bessy2hi_56m_PGM_2Perc_coupling_errors_on_RP.rml
2025-02-10 19:37:37,472 - INFO - Prepared sim number: 25: RAYPy_Simulation_bessy2hi_56m_PGM_2Perc_coupling_errors_on_RP/round_1/25_bessy2hi_56m_PGM_2Perc_coupling_errors_on_RP.rml
2025-02-10 19:37:37,477 - INFO - Prepared sim number: 26: RAYPy_Simulation_bessy2hi_56m_PGM_2Perc_coupling_errors_on_RP/round_1/26_bessy2hi_56m_PGM_2Perc_coupling_errors_on_RP.rml
2025-02-10 19:37:37,482 - INFO - Prepared sim number: 27: RAYPy_Simulation_bessy2hi_56m_PGM_2Perc_coupling_errors_on_RP/round_1/27_bessy2hi_56m_PGM_2Perc_coupling_errors_on_RP.rml
2025-02-10 19:37:37,487 - INFO - Prepared sim number: 28: RAYPy_Simulation_bessy2hi_56m_PGM_2Perc_coupling_errors_on_RP/round_1/28_bessy2hi_56m_PGM_2Perc_coupling_errors_on_RP.rml
2025-02-10 19:37:37,491 - INFO - Prepared sim number: 29: RAYPy_Simulation_bessy2hi_56m_PGM_2Perc_coupling_errors_on_RP/round_1/29_bessy2hi_56m_PGM_2Perc_coupling_errors_on_RP.rml
2025-02-10 19:37:37,496 - INFO - Prepared sim number: 30: RAYPy_Simulation_bessy2hi_56m_PGM_2Perc_coupling_errors_on_RP/round_1/30_bessy2hi_56m_PGM_2Perc_coupling_errors_on_RP.rml
2025-02-10 19:37:37,500 - INFO - Prepared sim number: 31: RAYPy_Simulation_bessy2hi_56m_PGM_2Perc_coupling_errors_on_RP/round_1/31_bessy2hi_56m_PGM_2Perc_coupling_errors_on_RP.rml
2025-02-10 19:37:37,505 - INFO - Prepared sim number: 32: RAYPy_Simulation_bessy2hi_56m_PGM_2Perc_coupling_errors_on_RP/round_1/32_bessy2hi_56m_PGM_2Perc_coupling_errors_on_RP.rml
2025-02-10 19:37:37,510 - INFO - Prepared sim number: 33: RAYPy_Simulation_bessy2hi_56m_PGM_2Perc_coupling_errors_on_RP/round_1/33_bessy2hi_56m_PGM_2Perc_coupling_errors_on_RP.rml
2025-02-10 19:37:37,514 - INFO - Prepared sim number: 34: RAYPy_Simulation_bessy2hi_56m_PGM_2Perc_coupling_errors_on_RP/round_1/34_bessy2hi_56m_PGM_2Perc_coupling_errors_on_RP.rml
2025-02-10 19:37:37,518 - INFO - Prepared sim number: 35: RAYPy_Simulation_bessy2hi_56m_PGM_2Perc_coupling_errors_on_RP/round_1/35_bessy2hi_56m_PGM_2Perc_coupling_errors_on_RP.rml
2025-02-10 19:37:37,523 - INFO - Prepared sim number: 36: RAYPy_Simulation_bessy2hi_56m_PGM_2Perc_coupling_errors_on_RP/round_1/36_bessy2hi_56m_PGM_2Perc_coupling_errors_on_RP.rml
2025-02-10 19:37:37,527 - INFO - Prepared sim number: 37: RAYPy_Simulation_bessy2hi_56m_PGM_2Perc_coupling_errors_on_RP/round_1/37_bessy2hi_56m_PGM_2Perc_coupling_errors_on_RP.rml
2025-02-10 19:37:37,531 - INFO - Prepared sim number: 38: RAYPy_Simulation_bessy2hi_56m_PGM_2Perc_coupling_errors_on_RP/round_1/38_bessy2hi_56m_PGM_2Perc_coupling_errors_on_RP.rml
2025-02-10 19:37:37,535 - INFO - Prepared sim number: 39: RAYPy_Simulation_bessy2hi_56m_PGM_2Perc_coupling_errors_on_RP/round_1/39_bessy2hi_56m_PGM_2Perc_coupling_errors_on_RP.rml
2025-02-10 19:37:37,540 - INFO - Prepared sim number: 40: RAYPy_Simulation_bessy2hi_56m_PGM_2Perc_coupling_errors_on_RP/round_1/40_bessy2hi_56m_PGM_2Perc_coupling_errors_on_RP.rml
2025-02-10 19:37:37,540 - INFO - Start round 2
2025-02-10 19:37:37,545 - INFO - Prepared sim number: 0: RAYPy_Simulation_bessy2hi_56m_PGM_2Perc_coupling_errors_on_RP/round_2/0_bessy2hi_56m_PGM_2Perc_coupling_errors_on_RP.rml
2025-02-10 19:37:37,549 - INFO - Prepared sim number: 1: RAYPy_Simulation_bessy2hi_56m_PGM_2Perc_coupling_errors_on_RP/round_2/1_bessy2hi_56m_PGM_2Perc_coupling_errors_on_RP.rml
2025-02-10 19:37:37,553 - INFO - Prepared sim number: 2: RAYPy_Simulation_bessy2hi_56m_PGM_2Perc_coupling_errors_on_RP/round_2/2_bessy2hi_56m_PGM_2Perc_coupling_errors_on_RP.rml
2025-02-10 19:37:37,558 - INFO - Prepared sim number: 3: RAYPy_Simulation_bessy2hi_56m_PGM_2Perc_coupling_errors_on_RP/round_2/3_bessy2hi_56m_PGM_2Perc_coupling_errors_on_RP.rml
2025-02-10 19:37:37,562 - INFO - Prepared sim number: 4: RAYPy_Simulation_bessy2hi_56m_PGM_2Perc_coupling_errors_on_RP/round_2/4_bessy2hi_56m_PGM_2Perc_coupling_errors_on_RP.rml
2025-02-10 19:37:37,567 - INFO - Prepared sim number: 5: RAYPy_Simulation_bessy2hi_56m_PGM_2Perc_coupling_errors_on_RP/round_2/5_bessy2hi_56m_PGM_2Perc_coupling_errors_on_RP.rml
2025-02-10 19:37:37,572 - INFO - Prepared sim number: 6: RAYPy_Simulation_bessy2hi_56m_PGM_2Perc_coupling_errors_on_RP/round_2/6_bessy2hi_56m_PGM_2Perc_coupling_errors_on_RP.rml
2025-02-10 19:37:37,576 - INFO - Prepared sim number: 7: RAYPy_Simulation_bessy2hi_56m_PGM_2Perc_coupling_errors_on_RP/round_2/7_bessy2hi_56m_PGM_2Perc_coupling_errors_on_RP.rml
2025-02-10 19:37:37,581 - INFO - Prepared sim number: 8: RAYPy_Simulation_bessy2hi_56m_PGM_2Perc_coupling_errors_on_RP/round_2/8_bessy2hi_56m_PGM_2Perc_coupling_errors_on_RP.rml
2025-02-10 19:37:37,585 - INFO - Prepared sim number: 9: RAYPy_Simulation_bessy2hi_56m_PGM_2Perc_coupling_errors_on_RP/round_2/9_bessy2hi_56m_PGM_2Perc_coupling_errors_on_RP.rml
2025-02-10 19:37:37,590 - INFO - Prepared sim number: 10: RAYPy_Simulation_bessy2hi_56m_PGM_2Perc_coupling_errors_on_RP/round_2/10_bessy2hi_56m_PGM_2Perc_coupling_errors_on_RP.rml
2025-02-10 19:37:37,594 - INFO - Prepared sim number: 11: RAYPy_Simulation_bessy2hi_56m_PGM_2Perc_coupling_errors_on_RP/round_2/11_bessy2hi_56m_PGM_2Perc_coupling_errors_on_RP.rml
2025-02-10 19:37:37,599 - INFO - Prepared sim number: 12: RAYPy_Simulation_bessy2hi_56m_PGM_2Perc_coupling_errors_on_RP/round_2/12_bessy2hi_56m_PGM_2Perc_coupling_errors_on_RP.rml
2025-02-10 19:37:37,604 - INFO - Prepared sim number: 13: RAYPy_Simulation_bessy2hi_56m_PGM_2Perc_coupling_errors_on_RP/round_2/13_bessy2hi_56m_PGM_2Perc_coupling_errors_on_RP.rml
2025-02-10 19:37:37,608 - INFO - Prepared sim number: 14: RAYPy_Simulation_bessy2hi_56m_PGM_2Perc_coupling_errors_on_RP/round_2/14_bessy2hi_56m_PGM_2Perc_coupling_errors_on_RP.rml
2025-02-10 19:37:37,613 - INFO - Prepared sim number: 15: RAYPy_Simulation_bessy2hi_56m_PGM_2Perc_coupling_errors_on_RP/round_2/15_bessy2hi_56m_PGM_2Perc_coupling_errors_on_RP.rml
2025-02-10 19:37:37,618 - INFO - Prepared sim number: 16: RAYPy_Simulation_bessy2hi_56m_PGM_2Perc_coupling_errors_on_RP/round_2/16_bessy2hi_56m_PGM_2Perc_coupling_errors_on_RP.rml
2025-02-10 19:37:37,623 - INFO - Prepared sim number: 17: RAYPy_Simulation_bessy2hi_56m_PGM_2Perc_coupling_errors_on_RP/round_2/17_bessy2hi_56m_PGM_2Perc_coupling_errors_on_RP.rml
2025-02-10 19:37:37,627 - INFO - Prepared sim number: 18: RAYPy_Simulation_bessy2hi_56m_PGM_2Perc_coupling_errors_on_RP/round_2/18_bessy2hi_56m_PGM_2Perc_coupling_errors_on_RP.rml
2025-02-10 19:37:37,632 - INFO - Prepared sim number: 19: RAYPy_Simulation_bessy2hi_56m_PGM_2Perc_coupling_errors_on_RP/round_2/19_bessy2hi_56m_PGM_2Perc_coupling_errors_on_RP.rml
2025-02-10 19:37:37,636 - INFO - Prepared sim number: 20: RAYPy_Simulation_bessy2hi_56m_PGM_2Perc_coupling_errors_on_RP/round_2/20_bessy2hi_56m_PGM_2Perc_coupling_errors_on_RP.rml
2025-02-10 19:37:37,642 - INFO - Prepared sim number: 21: RAYPy_Simulation_bessy2hi_56m_PGM_2Perc_coupling_errors_on_RP/round_2/21_bessy2hi_56m_PGM_2Perc_coupling_errors_on_RP.rml
2025-02-10 19:37:37,646 - INFO - Prepared sim number: 22: RAYPy_Simulation_bessy2hi_56m_PGM_2Perc_coupling_errors_on_RP/round_2/22_bessy2hi_56m_PGM_2Perc_coupling_errors_on_RP.rml
2025-02-10 19:37:37,651 - INFO - Prepared sim number: 23: RAYPy_Simulation_bessy2hi_56m_PGM_2Perc_coupling_errors_on_RP/round_2/23_bessy2hi_56m_PGM_2Perc_coupling_errors_on_RP.rml
2025-02-10 19:37:37,656 - INFO - Prepared sim number: 24: RAYPy_Simulation_bessy2hi_56m_PGM_2Perc_coupling_errors_on_RP/round_2/24_bessy2hi_56m_PGM_2Perc_coupling_errors_on_RP.rml
2025-02-10 19:37:37,660 - INFO - Prepared sim number: 25: RAYPy_Simulation_bessy2hi_56m_PGM_2Perc_coupling_errors_on_RP/round_2/25_bessy2hi_56m_PGM_2Perc_coupling_errors_on_RP.rml
2025-02-10 19:37:37,665 - INFO - Prepared sim number: 26: RAYPy_Simulation_bessy2hi_56m_PGM_2Perc_coupling_errors_on_RP/round_2/26_bessy2hi_56m_PGM_2Perc_coupling_errors_on_RP.rml
2025-02-10 19:37:37,670 - INFO - Prepared sim number: 27: RAYPy_Simulation_bessy2hi_56m_PGM_2Perc_coupling_errors_on_RP/round_2/27_bessy2hi_56m_PGM_2Perc_coupling_errors_on_RP.rml
2025-02-10 19:37:37,675 - INFO - Prepared sim number: 28: RAYPy_Simulation_bessy2hi_56m_PGM_2Perc_coupling_errors_on_RP/round_2/28_bessy2hi_56m_PGM_2Perc_coupling_errors_on_RP.rml
2025-02-10 19:37:37,680 - INFO - Prepared sim number: 29: RAYPy_Simulation_bessy2hi_56m_PGM_2Perc_coupling_errors_on_RP/round_2/29_bessy2hi_56m_PGM_2Perc_coupling_errors_on_RP.rml
2025-02-10 19:37:37,685 - INFO - Prepared sim number: 30: RAYPy_Simulation_bessy2hi_56m_PGM_2Perc_coupling_errors_on_RP/round_2/30_bessy2hi_56m_PGM_2Perc_coupling_errors_on_RP.rml
2025-02-10 19:37:37,689 - INFO - Prepared sim number: 31: RAYPy_Simulation_bessy2hi_56m_PGM_2Perc_coupling_errors_on_RP/round_2/31_bessy2hi_56m_PGM_2Perc_coupling_errors_on_RP.rml
2025-02-10 19:37:37,694 - INFO - Prepared sim number: 32: RAYPy_Simulation_bessy2hi_56m_PGM_2Perc_coupling_errors_on_RP/round_2/32_bessy2hi_56m_PGM_2Perc_coupling_errors_on_RP.rml
2025-02-10 19:37:37,698 - INFO - Prepared sim number: 33: RAYPy_Simulation_bessy2hi_56m_PGM_2Perc_coupling_errors_on_RP/round_2/33_bessy2hi_56m_PGM_2Perc_coupling_errors_on_RP.rml
2025-02-10 19:37:37,703 - INFO - Prepared sim number: 34: RAYPy_Simulation_bessy2hi_56m_PGM_2Perc_coupling_errors_on_RP/round_2/34_bessy2hi_56m_PGM_2Perc_coupling_errors_on_RP.rml
2025-02-10 19:37:37,708 - INFO - Prepared sim number: 35: RAYPy_Simulation_bessy2hi_56m_PGM_2Perc_coupling_errors_on_RP/round_2/35_bessy2hi_56m_PGM_2Perc_coupling_errors_on_RP.rml
2025-02-10 19:37:37,712 - INFO - Prepared sim number: 36: RAYPy_Simulation_bessy2hi_56m_PGM_2Perc_coupling_errors_on_RP/round_2/36_bessy2hi_56m_PGM_2Perc_coupling_errors_on_RP.rml
2025-02-10 19:37:37,717 - INFO - Prepared sim number: 37: RAYPy_Simulation_bessy2hi_56m_PGM_2Perc_coupling_errors_on_RP/round_2/37_bessy2hi_56m_PGM_2Perc_coupling_errors_on_RP.rml
2025-02-10 19:37:37,718 - INFO - Waiting for batch number: 1, timeout: 21.389722394943238s
2025-02-10 19:37:41,016 - INFO - Completed: 1, remaining: 59, RAYPy_Simulation_bessy2hi_56m_PGM_2Perc_coupling_errors_on_RP/round_1/25_bessy2hi_56m_PGM_2Perc_coupling_errors_on_RP.rml
2025-02-10 19:37:41,023 - INFO - Completed: 2, remaining: 58, RAYPy_Simulation_bessy2hi_56m_PGM_2Perc_coupling_errors_on_RP/round_1/19_bessy2hi_56m_PGM_2Perc_coupling_errors_on_RP.rml
2025-02-10 19:37:41,117 - INFO - Completed: 3, remaining: 57, RAYPy_Simulation_bessy2hi_56m_PGM_2Perc_coupling_errors_on_RP/round_1/20_bessy2hi_56m_PGM_2Perc_coupling_errors_on_RP.rml
2025-02-10 19:37:41,178 - INFO - Completed: 4, remaining: 56, RAYPy_Simulation_bessy2hi_56m_PGM_2Perc_coupling_errors_on_RP/round_1/30_bessy2hi_56m_PGM_2Perc_coupling_errors_on_RP.rml
2025-02-10 19:37:41,238 - INFO - Completed: 5, remaining: 55, RAYPy_Simulation_bessy2hi_56m_PGM_2Perc_coupling_errors_on_RP/round_1/22_bessy2hi_56m_PGM_2Perc_coupling_errors_on_RP.rml
2025-02-10 19:37:41,268 - INFO - Completed: 6, remaining: 54, RAYPy_Simulation_bessy2hi_56m_PGM_2Perc_coupling_errors_on_RP/round_1/28_bessy2hi_56m_PGM_2Perc_coupling_errors_on_RP.rml
2025-02-10 19:37:41,311 - INFO - Completed: 7, remaining: 53, RAYPy_Simulation_bessy2hi_56m_PGM_2Perc_coupling_errors_on_RP/round_1/27_bessy2hi_56m_PGM_2Perc_coupling_errors_on_RP.rml
2025-02-10 19:37:41,327 - INFO - Completed: 8, remaining: 52, RAYPy_Simulation_bessy2hi_56m_PGM_2Perc_coupling_errors_on_RP/round_1/24_bessy2hi_56m_PGM_2Perc_coupling_errors_on_RP.rml
2025-02-10 19:37:41,431 - INFO - Completed: 9, remaining: 51, RAYPy_Simulation_bessy2hi_56m_PGM_2Perc_coupling_errors_on_RP/round_1/23_bessy2hi_56m_PGM_2Perc_coupling_errors_on_RP.rml
2025-02-10 19:37:42,304 - INFO - Completed: 10, remaining: 50, RAYPy_Simulation_bessy2hi_56m_PGM_2Perc_coupling_errors_on_RP/round_1/29_bessy2hi_56m_PGM_2Perc_coupling_errors_on_RP.rml
2025-02-10 19:37:43,264 - INFO - Completed: 11, remaining: 49, RAYPy_Simulation_bessy2hi_56m_PGM_2Perc_coupling_errors_on_RP/round_1/21_bessy2hi_56m_PGM_2Perc_coupling_errors_on_RP.rml
2025-02-10 19:37:43,433 - INFO - Completed: 12, remaining: 48, RAYPy_Simulation_bessy2hi_56m_PGM_2Perc_coupling_errors_on_RP/round_1/26_bessy2hi_56m_PGM_2Perc_coupling_errors_on_RP.rml
2025-02-10 19:37:44,529 - INFO - Completed: 13, remaining: 47, RAYPy_Simulation_bessy2hi_56m_PGM_2Perc_coupling_errors_on_RP/round_1/33_bessy2hi_56m_PGM_2Perc_coupling_errors_on_RP.rml
2025-02-10 19:37:44,761 - INFO - Completed: 14, remaining: 46, RAYPy_Simulation_bessy2hi_56m_PGM_2Perc_coupling_errors_on_RP/round_1/31_bessy2hi_56m_PGM_2Perc_coupling_errors_on_RP.rml
2025-02-10 19:37:44,867 - INFO - Completed: 15, remaining: 45, RAYPy_Simulation_bessy2hi_56m_PGM_2Perc_coupling_errors_on_RP/round_1/39_bessy2hi_56m_PGM_2Perc_coupling_errors_on_RP.rml
2025-02-10 19:37:45,021 - INFO - Completed: 16, remaining: 44, RAYPy_Simulation_bessy2hi_56m_PGM_2Perc_coupling_errors_on_RP/round_1/35_bessy2hi_56m_PGM_2Perc_coupling_errors_on_RP.rml
2025-02-10 19:37:45,048 - INFO - Completed: 17, remaining: 43, RAYPy_Simulation_bessy2hi_56m_PGM_2Perc_coupling_errors_on_RP/round_1/34_bessy2hi_56m_PGM_2Perc_coupling_errors_on_RP.rml
2025-02-10 19:37:45,220 - INFO - Completed: 18, remaining: 42, RAYPy_Simulation_bessy2hi_56m_PGM_2Perc_coupling_errors_on_RP/round_1/36_bessy2hi_56m_PGM_2Perc_coupling_errors_on_RP.rml
2025-02-10 19:37:45,245 - INFO - Completed: 19, remaining: 41, RAYPy_Simulation_bessy2hi_56m_PGM_2Perc_coupling_errors_on_RP/round_1/38_bessy2hi_56m_PGM_2Perc_coupling_errors_on_RP.rml
2025-02-10 19:37:45,366 - INFO - Completed: 20, remaining: 40, RAYPy_Simulation_bessy2hi_56m_PGM_2Perc_coupling_errors_on_RP/round_1/37_bessy2hi_56m_PGM_2Perc_coupling_errors_on_RP.rml
2025-02-10 19:37:45,729 - INFO - Completed: 21, remaining: 39, RAYPy_Simulation_bessy2hi_56m_PGM_2Perc_coupling_errors_on_RP/round_1/40_bessy2hi_56m_PGM_2Perc_coupling_errors_on_RP.rml
2025-02-10 19:37:46,608 - INFO - Completed: 22, remaining: 38, RAYPy_Simulation_bessy2hi_56m_PGM_2Perc_coupling_errors_on_RP/round_1/32_bessy2hi_56m_PGM_2Perc_coupling_errors_on_RP.rml
2025-02-10 19:37:46,744 - INFO - Completed: 23, remaining: 37, RAYPy_Simulation_bessy2hi_56m_PGM_2Perc_coupling_errors_on_RP/round_2/0_bessy2hi_56m_PGM_2Perc_coupling_errors_on_RP.rml
2025-02-10 19:37:47,299 - INFO - Completed: 24, remaining: 36, RAYPy_Simulation_bessy2hi_56m_PGM_2Perc_coupling_errors_on_RP/round_2/1_bessy2hi_56m_PGM_2Perc_coupling_errors_on_RP.rml
2025-02-10 19:37:47,901 - INFO - Completed: 25, remaining: 35, RAYPy_Simulation_bessy2hi_56m_PGM_2Perc_coupling_errors_on_RP/round_2/2_bessy2hi_56m_PGM_2Perc_coupling_errors_on_RP.rml
2025-02-10 19:37:48,583 - INFO - Completed: 26, remaining: 34, RAYPy_Simulation_bessy2hi_56m_PGM_2Perc_coupling_errors_on_RP/round_2/3_bessy2hi_56m_PGM_2Perc_coupling_errors_on_RP.rml
2025-02-10 19:37:48,688 - INFO - Completed: 27, remaining: 33, RAYPy_Simulation_bessy2hi_56m_PGM_2Perc_coupling_errors_on_RP/round_2/6_bessy2hi_56m_PGM_2Perc_coupling_errors_on_RP.rml
2025-02-10 19:37:48,864 - INFO - Completed: 28, remaining: 32, RAYPy_Simulation_bessy2hi_56m_PGM_2Perc_coupling_errors_on_RP/round_2/7_bessy2hi_56m_PGM_2Perc_coupling_errors_on_RP.rml
2025-02-10 19:37:49,131 - INFO - Completed: 29, remaining: 31, RAYPy_Simulation_bessy2hi_56m_PGM_2Perc_coupling_errors_on_RP/round_2/4_bessy2hi_56m_PGM_2Perc_coupling_errors_on_RP.rml
2025-02-10 19:37:49,141 - INFO - Completed: 30, remaining: 30, RAYPy_Simulation_bessy2hi_56m_PGM_2Perc_coupling_errors_on_RP/round_2/5_bessy2hi_56m_PGM_2Perc_coupling_errors_on_RP.rml
2025-02-10 19:37:49,175 - INFO - Completed: 31, remaining: 29, RAYPy_Simulation_bessy2hi_56m_PGM_2Perc_coupling_errors_on_RP/round_2/8_bessy2hi_56m_PGM_2Perc_coupling_errors_on_RP.rml
2025-02-10 19:37:49,295 - INFO - Completed: 32, remaining: 28, RAYPy_Simulation_bessy2hi_56m_PGM_2Perc_coupling_errors_on_RP/round_2/9_bessy2hi_56m_PGM_2Perc_coupling_errors_on_RP.rml
2025-02-10 19:37:49,432 - INFO - Completed: 33, remaining: 27, RAYPy_Simulation_bessy2hi_56m_PGM_2Perc_coupling_errors_on_RP/round_2/10_bessy2hi_56m_PGM_2Perc_coupling_errors_on_RP.rml
2025-02-10 19:37:49,927 - INFO - Completed: 34, remaining: 26, RAYPy_Simulation_bessy2hi_56m_PGM_2Perc_coupling_errors_on_RP/round_2/11_bessy2hi_56m_PGM_2Perc_coupling_errors_on_RP.rml
2025-02-10 19:37:50,383 - INFO - Completed: 35, remaining: 25, RAYPy_Simulation_bessy2hi_56m_PGM_2Perc_coupling_errors_on_RP/round_2/12_bessy2hi_56m_PGM_2Perc_coupling_errors_on_RP.rml
2025-02-10 19:37:51,109 - INFO - Completed: 36, remaining: 24, RAYPy_Simulation_bessy2hi_56m_PGM_2Perc_coupling_errors_on_RP/round_2/13_bessy2hi_56m_PGM_2Perc_coupling_errors_on_RP.rml
2025-02-10 19:37:51,609 - INFO - Completed: 37, remaining: 23, RAYPy_Simulation_bessy2hi_56m_PGM_2Perc_coupling_errors_on_RP/round_2/14_bessy2hi_56m_PGM_2Perc_coupling_errors_on_RP.rml
2025-02-10 19:37:52,184 - INFO - Completed: 38, remaining: 22, RAYPy_Simulation_bessy2hi_56m_PGM_2Perc_coupling_errors_on_RP/round_2/15_bessy2hi_56m_PGM_2Perc_coupling_errors_on_RP.rml
2025-02-10 19:37:52,287 - INFO - Completed: 39, remaining: 21, RAYPy_Simulation_bessy2hi_56m_PGM_2Perc_coupling_errors_on_RP/round_2/16_bessy2hi_56m_PGM_2Perc_coupling_errors_on_RP.rml
2025-02-10 19:37:52,568 - INFO - Completed: 40, remaining: 20, RAYPy_Simulation_bessy2hi_56m_PGM_2Perc_coupling_errors_on_RP/round_2/19_bessy2hi_56m_PGM_2Perc_coupling_errors_on_RP.rml
2025-02-10 19:37:52,716 - INFO - Completed: 41, remaining: 19, RAYPy_Simulation_bessy2hi_56m_PGM_2Perc_coupling_errors_on_RP/round_2/17_bessy2hi_56m_PGM_2Perc_coupling_errors_on_RP.rml
2025-02-10 19:37:52,972 - INFO - Completed: 42, remaining: 18, RAYPy_Simulation_bessy2hi_56m_PGM_2Perc_coupling_errors_on_RP/round_2/18_bessy2hi_56m_PGM_2Perc_coupling_errors_on_RP.rml
2025-02-10 19:37:53,080 - INFO - Completed: 43, remaining: 17, RAYPy_Simulation_bessy2hi_56m_PGM_2Perc_coupling_errors_on_RP/round_2/21_bessy2hi_56m_PGM_2Perc_coupling_errors_on_RP.rml
2025-02-10 19:37:53,516 - INFO - Completed: 44, remaining: 16, RAYPy_Simulation_bessy2hi_56m_PGM_2Perc_coupling_errors_on_RP/round_2/20_bessy2hi_56m_PGM_2Perc_coupling_errors_on_RP.rml
2025-02-10 19:37:53,543 - INFO - Completed: 45, remaining: 15, RAYPy_Simulation_bessy2hi_56m_PGM_2Perc_coupling_errors_on_RP/round_2/22_bessy2hi_56m_PGM_2Perc_coupling_errors_on_RP.rml
2025-02-10 19:37:53,564 - INFO - Completed: 46, remaining: 14, RAYPy_Simulation_bessy2hi_56m_PGM_2Perc_coupling_errors_on_RP/round_2/23_bessy2hi_56m_PGM_2Perc_coupling_errors_on_RP.rml
2025-02-10 19:37:53,838 - INFO - Completed: 47, remaining: 13, RAYPy_Simulation_bessy2hi_56m_PGM_2Perc_coupling_errors_on_RP/round_2/24_bessy2hi_56m_PGM_2Perc_coupling_errors_on_RP.rml
2025-02-10 19:37:54,633 - INFO - Completed: 48, remaining: 12, RAYPy_Simulation_bessy2hi_56m_PGM_2Perc_coupling_errors_on_RP/round_2/25_bessy2hi_56m_PGM_2Perc_coupling_errors_on_RP.rml
2025-02-10 19:37:55,105 - INFO - Completed: 49, remaining: 11, RAYPy_Simulation_bessy2hi_56m_PGM_2Perc_coupling_errors_on_RP/round_2/26_bessy2hi_56m_PGM_2Perc_coupling_errors_on_RP.rml
2025-02-10 19:37:55,571 - INFO - Completed: 50, remaining: 10, RAYPy_Simulation_bessy2hi_56m_PGM_2Perc_coupling_errors_on_RP/round_2/27_bessy2hi_56m_PGM_2Perc_coupling_errors_on_RP.rml
2025-02-10 19:37:55,572 - INFO - Completed: 51, remaining: 9, RAYPy_Simulation_bessy2hi_56m_PGM_2Perc_coupling_errors_on_RP/round_2/28_bessy2hi_56m_PGM_2Perc_coupling_errors_on_RP.rml
2025-02-10 19:37:55,810 - INFO - Completed: 52, remaining: 8, RAYPy_Simulation_bessy2hi_56m_PGM_2Perc_coupling_errors_on_RP/round_2/29_bessy2hi_56m_PGM_2Perc_coupling_errors_on_RP.rml
2025-02-10 19:37:55,979 - INFO - Completed: 53, remaining: 7, RAYPy_Simulation_bessy2hi_56m_PGM_2Perc_coupling_errors_on_RP/round_2/30_bessy2hi_56m_PGM_2Perc_coupling_errors_on_RP.rml
2025-02-10 19:37:56,113 - INFO - Completed: 54, remaining: 6, RAYPy_Simulation_bessy2hi_56m_PGM_2Perc_coupling_errors_on_RP/round_2/32_bessy2hi_56m_PGM_2Perc_coupling_errors_on_RP.rml
2025-02-10 19:37:56,206 - INFO - Completed: 55, remaining: 5, RAYPy_Simulation_bessy2hi_56m_PGM_2Perc_coupling_errors_on_RP/round_2/31_bessy2hi_56m_PGM_2Perc_coupling_errors_on_RP.rml
2025-02-10 19:37:56,493 - INFO - Completed: 56, remaining: 4, RAYPy_Simulation_bessy2hi_56m_PGM_2Perc_coupling_errors_on_RP/round_2/33_bessy2hi_56m_PGM_2Perc_coupling_errors_on_RP.rml
2025-02-10 19:37:56,633 - INFO - Completed: 57, remaining: 3, RAYPy_Simulation_bessy2hi_56m_PGM_2Perc_coupling_errors_on_RP/round_2/36_bessy2hi_56m_PGM_2Perc_coupling_errors_on_RP.rml
2025-02-10 19:37:56,776 - INFO - Completed: 58, remaining: 2, RAYPy_Simulation_bessy2hi_56m_PGM_2Perc_coupling_errors_on_RP/round_2/34_bessy2hi_56m_PGM_2Perc_coupling_errors_on_RP.rml
2025-02-10 19:37:56,791 - INFO - Completed: 59, remaining: 1, RAYPy_Simulation_bessy2hi_56m_PGM_2Perc_coupling_errors_on_RP/round_2/35_bessy2hi_56m_PGM_2Perc_coupling_errors_on_RP.rml
2025-02-10 19:37:57,093 - INFO - Completed: 60, remaining: 0, RAYPy_Simulation_bessy2hi_56m_PGM_2Perc_coupling_errors_on_RP/round_2/37_bessy2hi_56m_PGM_2Perc_coupling_errors_on_RP.rml
2025-02-10 19:37:57,093 - INFO - Batch Completed
2025-02-10 19:37:57,093 - INFO - Waiting For batch, 60 simulations to go
2025-02-10 19:37:57,099 - INFO - Prepared sim number: 38: RAYPy_Simulation_bessy2hi_56m_PGM_2Perc_coupling_errors_on_RP/round_2/38_bessy2hi_56m_PGM_2Perc_coupling_errors_on_RP.rml
2025-02-10 19:37:57,103 - INFO - Prepared sim number: 39: RAYPy_Simulation_bessy2hi_56m_PGM_2Perc_coupling_errors_on_RP/round_2/39_bessy2hi_56m_PGM_2Perc_coupling_errors_on_RP.rml
2025-02-10 19:37:57,109 - INFO - Prepared sim number: 40: RAYPy_Simulation_bessy2hi_56m_PGM_2Perc_coupling_errors_on_RP/round_2/40_bessy2hi_56m_PGM_2Perc_coupling_errors_on_RP.rml
2025-02-10 19:37:57,109 - INFO - Start round 3
2025-02-10 19:37:57,119 - INFO - Prepared sim number: 0: RAYPy_Simulation_bessy2hi_56m_PGM_2Perc_coupling_errors_on_RP/round_3/0_bessy2hi_56m_PGM_2Perc_coupling_errors_on_RP.rml
2025-02-10 19:37:57,125 - INFO - Prepared sim number: 1: RAYPy_Simulation_bessy2hi_56m_PGM_2Perc_coupling_errors_on_RP/round_3/1_bessy2hi_56m_PGM_2Perc_coupling_errors_on_RP.rml
2025-02-10 19:37:57,130 - INFO - Prepared sim number: 2: RAYPy_Simulation_bessy2hi_56m_PGM_2Perc_coupling_errors_on_RP/round_3/2_bessy2hi_56m_PGM_2Perc_coupling_errors_on_RP.rml
2025-02-10 19:37:57,135 - INFO - Prepared sim number: 3: RAYPy_Simulation_bessy2hi_56m_PGM_2Perc_coupling_errors_on_RP/round_3/3_bessy2hi_56m_PGM_2Perc_coupling_errors_on_RP.rml
2025-02-10 19:37:57,139 - INFO - Prepared sim number: 4: RAYPy_Simulation_bessy2hi_56m_PGM_2Perc_coupling_errors_on_RP/round_3/4_bessy2hi_56m_PGM_2Perc_coupling_errors_on_RP.rml
2025-02-10 19:37:57,144 - INFO - Prepared sim number: 5: RAYPy_Simulation_bessy2hi_56m_PGM_2Perc_coupling_errors_on_RP/round_3/5_bessy2hi_56m_PGM_2Perc_coupling_errors_on_RP.rml
2025-02-10 19:37:57,148 - INFO - Prepared sim number: 6: RAYPy_Simulation_bessy2hi_56m_PGM_2Perc_coupling_errors_on_RP/round_3/6_bessy2hi_56m_PGM_2Perc_coupling_errors_on_RP.rml
2025-02-10 19:37:57,151 - INFO - Prepared sim number: 7: RAYPy_Simulation_bessy2hi_56m_PGM_2Perc_coupling_errors_on_RP/round_3/7_bessy2hi_56m_PGM_2Perc_coupling_errors_on_RP.rml
2025-02-10 19:37:57,155 - INFO - Prepared sim number: 8: RAYPy_Simulation_bessy2hi_56m_PGM_2Perc_coupling_errors_on_RP/round_3/8_bessy2hi_56m_PGM_2Perc_coupling_errors_on_RP.rml
2025-02-10 19:37:57,158 - INFO - Prepared sim number: 9: RAYPy_Simulation_bessy2hi_56m_PGM_2Perc_coupling_errors_on_RP/round_3/9_bessy2hi_56m_PGM_2Perc_coupling_errors_on_RP.rml
2025-02-10 19:37:57,161 - INFO - Prepared sim number: 10: RAYPy_Simulation_bessy2hi_56m_PGM_2Perc_coupling_errors_on_RP/round_3/10_bessy2hi_56m_PGM_2Perc_coupling_errors_on_RP.rml
2025-02-10 19:37:57,164 - INFO - Prepared sim number: 11: RAYPy_Simulation_bessy2hi_56m_PGM_2Perc_coupling_errors_on_RP/round_3/11_bessy2hi_56m_PGM_2Perc_coupling_errors_on_RP.rml
2025-02-10 19:37:57,167 - INFO - Prepared sim number: 12: RAYPy_Simulation_bessy2hi_56m_PGM_2Perc_coupling_errors_on_RP/round_3/12_bessy2hi_56m_PGM_2Perc_coupling_errors_on_RP.rml
2025-02-10 19:37:57,170 - INFO - Prepared sim number: 13: RAYPy_Simulation_bessy2hi_56m_PGM_2Perc_coupling_errors_on_RP/round_3/13_bessy2hi_56m_PGM_2Perc_coupling_errors_on_RP.rml
2025-02-10 19:37:57,175 - INFO - Prepared sim number: 14: RAYPy_Simulation_bessy2hi_56m_PGM_2Perc_coupling_errors_on_RP/round_3/14_bessy2hi_56m_PGM_2Perc_coupling_errors_on_RP.rml
2025-02-10 19:37:57,179 - INFO - Prepared sim number: 15: RAYPy_Simulation_bessy2hi_56m_PGM_2Perc_coupling_errors_on_RP/round_3/15_bessy2hi_56m_PGM_2Perc_coupling_errors_on_RP.rml
2025-02-10 19:37:57,183 - INFO - Prepared sim number: 16: RAYPy_Simulation_bessy2hi_56m_PGM_2Perc_coupling_errors_on_RP/round_3/16_bessy2hi_56m_PGM_2Perc_coupling_errors_on_RP.rml
2025-02-10 19:37:57,187 - INFO - Prepared sim number: 17: RAYPy_Simulation_bessy2hi_56m_PGM_2Perc_coupling_errors_on_RP/round_3/17_bessy2hi_56m_PGM_2Perc_coupling_errors_on_RP.rml
2025-02-10 19:37:57,191 - INFO - Prepared sim number: 18: RAYPy_Simulation_bessy2hi_56m_PGM_2Perc_coupling_errors_on_RP/round_3/18_bessy2hi_56m_PGM_2Perc_coupling_errors_on_RP.rml
2025-02-10 19:37:57,195 - INFO - Prepared sim number: 19: RAYPy_Simulation_bessy2hi_56m_PGM_2Perc_coupling_errors_on_RP/round_3/19_bessy2hi_56m_PGM_2Perc_coupling_errors_on_RP.rml
2025-02-10 19:37:57,199 - INFO - Prepared sim number: 20: RAYPy_Simulation_bessy2hi_56m_PGM_2Perc_coupling_errors_on_RP/round_3/20_bessy2hi_56m_PGM_2Perc_coupling_errors_on_RP.rml
2025-02-10 19:37:57,204 - INFO - Prepared sim number: 21: RAYPy_Simulation_bessy2hi_56m_PGM_2Perc_coupling_errors_on_RP/round_3/21_bessy2hi_56m_PGM_2Perc_coupling_errors_on_RP.rml
2025-02-10 19:37:57,207 - INFO - Prepared sim number: 22: RAYPy_Simulation_bessy2hi_56m_PGM_2Perc_coupling_errors_on_RP/round_3/22_bessy2hi_56m_PGM_2Perc_coupling_errors_on_RP.rml
2025-02-10 19:37:57,210 - INFO - Prepared sim number: 23: RAYPy_Simulation_bessy2hi_56m_PGM_2Perc_coupling_errors_on_RP/round_3/23_bessy2hi_56m_PGM_2Perc_coupling_errors_on_RP.rml
2025-02-10 19:37:57,213 - INFO - Prepared sim number: 24: RAYPy_Simulation_bessy2hi_56m_PGM_2Perc_coupling_errors_on_RP/round_3/24_bessy2hi_56m_PGM_2Perc_coupling_errors_on_RP.rml
2025-02-10 19:37:57,216 - INFO - Prepared sim number: 25: RAYPy_Simulation_bessy2hi_56m_PGM_2Perc_coupling_errors_on_RP/round_3/25_bessy2hi_56m_PGM_2Perc_coupling_errors_on_RP.rml
2025-02-10 19:37:57,219 - INFO - Prepared sim number: 26: RAYPy_Simulation_bessy2hi_56m_PGM_2Perc_coupling_errors_on_RP/round_3/26_bessy2hi_56m_PGM_2Perc_coupling_errors_on_RP.rml
2025-02-10 19:37:57,222 - INFO - Prepared sim number: 27: RAYPy_Simulation_bessy2hi_56m_PGM_2Perc_coupling_errors_on_RP/round_3/27_bessy2hi_56m_PGM_2Perc_coupling_errors_on_RP.rml
2025-02-10 19:37:57,225 - INFO - Prepared sim number: 28: RAYPy_Simulation_bessy2hi_56m_PGM_2Perc_coupling_errors_on_RP/round_3/28_bessy2hi_56m_PGM_2Perc_coupling_errors_on_RP.rml
2025-02-10 19:37:57,228 - INFO - Prepared sim number: 29: RAYPy_Simulation_bessy2hi_56m_PGM_2Perc_coupling_errors_on_RP/round_3/29_bessy2hi_56m_PGM_2Perc_coupling_errors_on_RP.rml
2025-02-10 19:37:57,231 - INFO - Prepared sim number: 30: RAYPy_Simulation_bessy2hi_56m_PGM_2Perc_coupling_errors_on_RP/round_3/30_bessy2hi_56m_PGM_2Perc_coupling_errors_on_RP.rml
2025-02-10 19:37:57,234 - INFO - Prepared sim number: 31: RAYPy_Simulation_bessy2hi_56m_PGM_2Perc_coupling_errors_on_RP/round_3/31_bessy2hi_56m_PGM_2Perc_coupling_errors_on_RP.rml
2025-02-10 19:37:57,237 - INFO - Prepared sim number: 32: RAYPy_Simulation_bessy2hi_56m_PGM_2Perc_coupling_errors_on_RP/round_3/32_bessy2hi_56m_PGM_2Perc_coupling_errors_on_RP.rml
2025-02-10 19:37:57,240 - INFO - Prepared sim number: 33: RAYPy_Simulation_bessy2hi_56m_PGM_2Perc_coupling_errors_on_RP/round_3/33_bessy2hi_56m_PGM_2Perc_coupling_errors_on_RP.rml
2025-02-10 19:37:57,243 - INFO - Prepared sim number: 34: RAYPy_Simulation_bessy2hi_56m_PGM_2Perc_coupling_errors_on_RP/round_3/34_bessy2hi_56m_PGM_2Perc_coupling_errors_on_RP.rml
2025-02-10 19:37:57,247 - INFO - Prepared sim number: 35: RAYPy_Simulation_bessy2hi_56m_PGM_2Perc_coupling_errors_on_RP/round_3/35_bessy2hi_56m_PGM_2Perc_coupling_errors_on_RP.rml
2025-02-10 19:37:57,250 - INFO - Prepared sim number: 36: RAYPy_Simulation_bessy2hi_56m_PGM_2Perc_coupling_errors_on_RP/round_3/36_bessy2hi_56m_PGM_2Perc_coupling_errors_on_RP.rml
2025-02-10 19:37:57,254 - INFO - Prepared sim number: 37: RAYPy_Simulation_bessy2hi_56m_PGM_2Perc_coupling_errors_on_RP/round_3/37_bessy2hi_56m_PGM_2Perc_coupling_errors_on_RP.rml
2025-02-10 19:37:57,257 - INFO - Prepared sim number: 38: RAYPy_Simulation_bessy2hi_56m_PGM_2Perc_coupling_errors_on_RP/round_3/38_bessy2hi_56m_PGM_2Perc_coupling_errors_on_RP.rml
2025-02-10 19:37:57,261 - INFO - Prepared sim number: 39: RAYPy_Simulation_bessy2hi_56m_PGM_2Perc_coupling_errors_on_RP/round_3/39_bessy2hi_56m_PGM_2Perc_coupling_errors_on_RP.rml
2025-02-10 19:37:57,264 - INFO - Prepared sim number: 40: RAYPy_Simulation_bessy2hi_56m_PGM_2Perc_coupling_errors_on_RP/round_3/40_bessy2hi_56m_PGM_2Perc_coupling_errors_on_RP.rml
2025-02-10 19:37:57,264 - INFO - Start round 4
2025-02-10 19:37:57,268 - INFO - Prepared sim number: 0: RAYPy_Simulation_bessy2hi_56m_PGM_2Perc_coupling_errors_on_RP/round_4/0_bessy2hi_56m_PGM_2Perc_coupling_errors_on_RP.rml
2025-02-10 19:37:57,272 - INFO - Prepared sim number: 1: RAYPy_Simulation_bessy2hi_56m_PGM_2Perc_coupling_errors_on_RP/round_4/1_bessy2hi_56m_PGM_2Perc_coupling_errors_on_RP.rml
2025-02-10 19:37:57,275 - INFO - Prepared sim number: 2: RAYPy_Simulation_bessy2hi_56m_PGM_2Perc_coupling_errors_on_RP/round_4/2_bessy2hi_56m_PGM_2Perc_coupling_errors_on_RP.rml
2025-02-10 19:37:57,278 - INFO - Prepared sim number: 3: RAYPy_Simulation_bessy2hi_56m_PGM_2Perc_coupling_errors_on_RP/round_4/3_bessy2hi_56m_PGM_2Perc_coupling_errors_on_RP.rml
2025-02-10 19:37:57,281 - INFO - Prepared sim number: 4: RAYPy_Simulation_bessy2hi_56m_PGM_2Perc_coupling_errors_on_RP/round_4/4_bessy2hi_56m_PGM_2Perc_coupling_errors_on_RP.rml
2025-02-10 19:37:57,284 - INFO - Prepared sim number: 5: RAYPy_Simulation_bessy2hi_56m_PGM_2Perc_coupling_errors_on_RP/round_4/5_bessy2hi_56m_PGM_2Perc_coupling_errors_on_RP.rml
2025-02-10 19:37:57,288 - INFO - Prepared sim number: 6: RAYPy_Simulation_bessy2hi_56m_PGM_2Perc_coupling_errors_on_RP/round_4/6_bessy2hi_56m_PGM_2Perc_coupling_errors_on_RP.rml
2025-02-10 19:37:57,291 - INFO - Prepared sim number: 7: RAYPy_Simulation_bessy2hi_56m_PGM_2Perc_coupling_errors_on_RP/round_4/7_bessy2hi_56m_PGM_2Perc_coupling_errors_on_RP.rml
2025-02-10 19:37:57,295 - INFO - Prepared sim number: 8: RAYPy_Simulation_bessy2hi_56m_PGM_2Perc_coupling_errors_on_RP/round_4/8_bessy2hi_56m_PGM_2Perc_coupling_errors_on_RP.rml
2025-02-10 19:37:57,298 - INFO - Prepared sim number: 9: RAYPy_Simulation_bessy2hi_56m_PGM_2Perc_coupling_errors_on_RP/round_4/9_bessy2hi_56m_PGM_2Perc_coupling_errors_on_RP.rml
2025-02-10 19:37:57,302 - INFO - Prepared sim number: 10: RAYPy_Simulation_bessy2hi_56m_PGM_2Perc_coupling_errors_on_RP/round_4/10_bessy2hi_56m_PGM_2Perc_coupling_errors_on_RP.rml
2025-02-10 19:37:57,306 - INFO - Prepared sim number: 11: RAYPy_Simulation_bessy2hi_56m_PGM_2Perc_coupling_errors_on_RP/round_4/11_bessy2hi_56m_PGM_2Perc_coupling_errors_on_RP.rml
2025-02-10 19:37:57,310 - INFO - Prepared sim number: 12: RAYPy_Simulation_bessy2hi_56m_PGM_2Perc_coupling_errors_on_RP/round_4/12_bessy2hi_56m_PGM_2Perc_coupling_errors_on_RP.rml
2025-02-10 19:37:57,313 - INFO - Prepared sim number: 13: RAYPy_Simulation_bessy2hi_56m_PGM_2Perc_coupling_errors_on_RP/round_4/13_bessy2hi_56m_PGM_2Perc_coupling_errors_on_RP.rml
2025-02-10 19:37:57,317 - INFO - Prepared sim number: 14: RAYPy_Simulation_bessy2hi_56m_PGM_2Perc_coupling_errors_on_RP/round_4/14_bessy2hi_56m_PGM_2Perc_coupling_errors_on_RP.rml
2025-02-10 19:37:57,320 - INFO - Prepared sim number: 15: RAYPy_Simulation_bessy2hi_56m_PGM_2Perc_coupling_errors_on_RP/round_4/15_bessy2hi_56m_PGM_2Perc_coupling_errors_on_RP.rml
2025-02-10 19:37:57,320 - INFO - Waiting for batch number: 2, timeout: 21.768580007553098s
2025-02-10 19:38:00,012 - INFO - Completed: 1, remaining: 59, RAYPy_Simulation_bessy2hi_56m_PGM_2Perc_coupling_errors_on_RP/round_3/0_bessy2hi_56m_PGM_2Perc_coupling_errors_on_RP.rml
2025-02-10 19:38:00,135 - INFO - Completed: 2, remaining: 58, RAYPy_Simulation_bessy2hi_56m_PGM_2Perc_coupling_errors_on_RP/round_3/1_bessy2hi_56m_PGM_2Perc_coupling_errors_on_RP.rml
2025-02-10 19:38:00,189 - INFO - Completed: 3, remaining: 57, RAYPy_Simulation_bessy2hi_56m_PGM_2Perc_coupling_errors_on_RP/round_3/6_bessy2hi_56m_PGM_2Perc_coupling_errors_on_RP.rml
2025-02-10 19:38:00,309 - INFO - Completed: 4, remaining: 56, RAYPy_Simulation_bessy2hi_56m_PGM_2Perc_coupling_errors_on_RP/round_3/3_bessy2hi_56m_PGM_2Perc_coupling_errors_on_RP.rml
2025-02-10 19:38:00,376 - INFO - Completed: 5, remaining: 55, RAYPy_Simulation_bessy2hi_56m_PGM_2Perc_coupling_errors_on_RP/round_3/8_bessy2hi_56m_PGM_2Perc_coupling_errors_on_RP.rml
2025-02-10 19:38:00,405 - INFO - Completed: 6, remaining: 54, RAYPy_Simulation_bessy2hi_56m_PGM_2Perc_coupling_errors_on_RP/round_3/7_bessy2hi_56m_PGM_2Perc_coupling_errors_on_RP.rml
2025-02-10 19:38:00,624 - INFO - Completed: 7, remaining: 53, RAYPy_Simulation_bessy2hi_56m_PGM_2Perc_coupling_errors_on_RP/round_2/39_bessy2hi_56m_PGM_2Perc_coupling_errors_on_RP.rml
2025-02-10 19:38:00,638 - INFO - Completed: 8, remaining: 52, RAYPy_Simulation_bessy2hi_56m_PGM_2Perc_coupling_errors_on_RP/round_3/5_bessy2hi_56m_PGM_2Perc_coupling_errors_on_RP.rml
2025-02-10 19:38:00,783 - INFO - Completed: 9, remaining: 51, RAYPy_Simulation_bessy2hi_56m_PGM_2Perc_coupling_errors_on_RP/round_2/40_bessy2hi_56m_PGM_2Perc_coupling_errors_on_RP.rml
2025-02-10 19:38:02,636 - INFO - Completed: 10, remaining: 50, RAYPy_Simulation_bessy2hi_56m_PGM_2Perc_coupling_errors_on_RP/round_3/4_bessy2hi_56m_PGM_2Perc_coupling_errors_on_RP.rml
2025-02-10 19:38:02,740 - INFO - Completed: 11, remaining: 49, RAYPy_Simulation_bessy2hi_56m_PGM_2Perc_coupling_errors_on_RP/round_3/2_bessy2hi_56m_PGM_2Perc_coupling_errors_on_RP.rml
2025-02-10 19:38:02,919 - INFO - Completed: 12, remaining: 48, RAYPy_Simulation_bessy2hi_56m_PGM_2Perc_coupling_errors_on_RP/round_2/38_bessy2hi_56m_PGM_2Perc_coupling_errors_on_RP.rml
2025-02-10 19:38:03,319 - INFO - Completed: 13, remaining: 47, RAYPy_Simulation_bessy2hi_56m_PGM_2Perc_coupling_errors_on_RP/round_3/9_bessy2hi_56m_PGM_2Perc_coupling_errors_on_RP.rml
2025-02-10 19:38:03,486 - INFO - Completed: 14, remaining: 46, RAYPy_Simulation_bessy2hi_56m_PGM_2Perc_coupling_errors_on_RP/round_3/10_bessy2hi_56m_PGM_2Perc_coupling_errors_on_RP.rml
2025-02-10 19:38:03,725 - INFO - Completed: 15, remaining: 45, RAYPy_Simulation_bessy2hi_56m_PGM_2Perc_coupling_errors_on_RP/round_3/13_bessy2hi_56m_PGM_2Perc_coupling_errors_on_RP.rml
2025-02-10 19:38:04,025 - INFO - Completed: 16, remaining: 44, RAYPy_Simulation_bessy2hi_56m_PGM_2Perc_coupling_errors_on_RP/round_3/12_bessy2hi_56m_PGM_2Perc_coupling_errors_on_RP.rml
2025-02-10 19:38:04,291 - INFO - Completed: 17, remaining: 43, RAYPy_Simulation_bessy2hi_56m_PGM_2Perc_coupling_errors_on_RP/round_3/16_bessy2hi_56m_PGM_2Perc_coupling_errors_on_RP.rml
2025-02-10 19:38:04,314 - INFO - Completed: 18, remaining: 42, RAYPy_Simulation_bessy2hi_56m_PGM_2Perc_coupling_errors_on_RP/round_3/17_bessy2hi_56m_PGM_2Perc_coupling_errors_on_RP.rml
2025-02-10 19:38:04,399 - INFO - Completed: 19, remaining: 41, RAYPy_Simulation_bessy2hi_56m_PGM_2Perc_coupling_errors_on_RP/round_3/15_bessy2hi_56m_PGM_2Perc_coupling_errors_on_RP.rml
2025-02-10 19:38:04,463 - INFO - Completed: 20, remaining: 40, RAYPy_Simulation_bessy2hi_56m_PGM_2Perc_coupling_errors_on_RP/round_3/14_bessy2hi_56m_PGM_2Perc_coupling_errors_on_RP.rml
2025-02-10 19:38:04,495 - INFO - Completed: 21, remaining: 39, RAYPy_Simulation_bessy2hi_56m_PGM_2Perc_coupling_errors_on_RP/round_3/11_bessy2hi_56m_PGM_2Perc_coupling_errors_on_RP.rml
2025-02-10 19:38:06,188 - INFO - Completed: 22, remaining: 38, RAYPy_Simulation_bessy2hi_56m_PGM_2Perc_coupling_errors_on_RP/round_3/18_bessy2hi_56m_PGM_2Perc_coupling_errors_on_RP.rml
2025-02-10 19:38:06,293 - INFO - Completed: 23, remaining: 37, RAYPy_Simulation_bessy2hi_56m_PGM_2Perc_coupling_errors_on_RP/round_3/19_bessy2hi_56m_PGM_2Perc_coupling_errors_on_RP.rml
2025-02-10 19:38:06,577 - INFO - Completed: 24, remaining: 36, RAYPy_Simulation_bessy2hi_56m_PGM_2Perc_coupling_errors_on_RP/round_3/20_bessy2hi_56m_PGM_2Perc_coupling_errors_on_RP.rml
2025-02-10 19:38:06,802 - INFO - Completed: 25, remaining: 35, RAYPy_Simulation_bessy2hi_56m_PGM_2Perc_coupling_errors_on_RP/round_3/22_bessy2hi_56m_PGM_2Perc_coupling_errors_on_RP.rml
2025-02-10 19:38:07,084 - INFO - Completed: 26, remaining: 34, RAYPy_Simulation_bessy2hi_56m_PGM_2Perc_coupling_errors_on_RP/round_3/23_bessy2hi_56m_PGM_2Perc_coupling_errors_on_RP.rml
2025-02-10 19:38:07,192 - INFO - Completed: 27, remaining: 33, RAYPy_Simulation_bessy2hi_56m_PGM_2Perc_coupling_errors_on_RP/round_3/21_bessy2hi_56m_PGM_2Perc_coupling_errors_on_RP.rml
2025-02-10 19:38:07,469 - INFO - Completed: 28, remaining: 32, RAYPy_Simulation_bessy2hi_56m_PGM_2Perc_coupling_errors_on_RP/round_3/24_bessy2hi_56m_PGM_2Perc_coupling_errors_on_RP.rml
2025-02-10 19:38:07,895 - INFO - Completed: 29, remaining: 31, RAYPy_Simulation_bessy2hi_56m_PGM_2Perc_coupling_errors_on_RP/round_3/28_bessy2hi_56m_PGM_2Perc_coupling_errors_on_RP.rml
2025-02-10 19:38:07,912 - INFO - Completed: 30, remaining: 30, RAYPy_Simulation_bessy2hi_56m_PGM_2Perc_coupling_errors_on_RP/round_3/27_bessy2hi_56m_PGM_2Perc_coupling_errors_on_RP.rml
2025-02-10 19:38:07,947 - INFO - Completed: 31, remaining: 29, RAYPy_Simulation_bessy2hi_56m_PGM_2Perc_coupling_errors_on_RP/round_3/29_bessy2hi_56m_PGM_2Perc_coupling_errors_on_RP.rml
2025-02-10 19:38:08,009 - INFO - Completed: 32, remaining: 28, RAYPy_Simulation_bessy2hi_56m_PGM_2Perc_coupling_errors_on_RP/round_3/26_bessy2hi_56m_PGM_2Perc_coupling_errors_on_RP.rml
2025-02-10 19:38:08,076 - INFO - Completed: 33, remaining: 27, RAYPy_Simulation_bessy2hi_56m_PGM_2Perc_coupling_errors_on_RP/round_3/25_bessy2hi_56m_PGM_2Perc_coupling_errors_on_RP.rml
2025-02-10 19:38:09,535 - INFO - Completed: 34, remaining: 26, RAYPy_Simulation_bessy2hi_56m_PGM_2Perc_coupling_errors_on_RP/round_3/30_bessy2hi_56m_PGM_2Perc_coupling_errors_on_RP.rml
2025-02-10 19:38:09,542 - INFO - Completed: 35, remaining: 25, RAYPy_Simulation_bessy2hi_56m_PGM_2Perc_coupling_errors_on_RP/round_3/31_bessy2hi_56m_PGM_2Perc_coupling_errors_on_RP.rml
2025-02-10 19:38:10,005 - INFO - Completed: 36, remaining: 24, RAYPy_Simulation_bessy2hi_56m_PGM_2Perc_coupling_errors_on_RP/round_3/33_bessy2hi_56m_PGM_2Perc_coupling_errors_on_RP.rml
2025-02-10 19:38:10,304 - INFO - Completed: 37, remaining: 23, RAYPy_Simulation_bessy2hi_56m_PGM_2Perc_coupling_errors_on_RP/round_3/35_bessy2hi_56m_PGM_2Perc_coupling_errors_on_RP.rml
2025-02-10 19:38:10,318 - INFO - Completed: 38, remaining: 22, RAYPy_Simulation_bessy2hi_56m_PGM_2Perc_coupling_errors_on_RP/round_3/32_bessy2hi_56m_PGM_2Perc_coupling_errors_on_RP.rml
2025-02-10 19:38:10,338 - INFO - Completed: 39, remaining: 21, RAYPy_Simulation_bessy2hi_56m_PGM_2Perc_coupling_errors_on_RP/round_3/34_bessy2hi_56m_PGM_2Perc_coupling_errors_on_RP.rml
2025-02-10 19:38:10,926 - INFO - Completed: 40, remaining: 20, RAYPy_Simulation_bessy2hi_56m_PGM_2Perc_coupling_errors_on_RP/round_3/36_bessy2hi_56m_PGM_2Perc_coupling_errors_on_RP.rml
2025-02-10 19:38:11,240 - INFO - Completed: 41, remaining: 19, RAYPy_Simulation_bessy2hi_56m_PGM_2Perc_coupling_errors_on_RP/round_3/39_bessy2hi_56m_PGM_2Perc_coupling_errors_on_RP.rml
2025-02-10 19:38:11,298 - INFO - Completed: 42, remaining: 18, RAYPy_Simulation_bessy2hi_56m_PGM_2Perc_coupling_errors_on_RP/round_4/0_bessy2hi_56m_PGM_2Perc_coupling_errors_on_RP.rml
2025-02-10 19:38:11,352 - INFO - Completed: 43, remaining: 17, RAYPy_Simulation_bessy2hi_56m_PGM_2Perc_coupling_errors_on_RP/round_3/40_bessy2hi_56m_PGM_2Perc_coupling_errors_on_RP.rml
2025-02-10 19:38:11,358 - INFO - Completed: 44, remaining: 16, RAYPy_Simulation_bessy2hi_56m_PGM_2Perc_coupling_errors_on_RP/round_3/37_bessy2hi_56m_PGM_2Perc_coupling_errors_on_RP.rml
2025-02-10 19:38:11,405 - INFO - Completed: 45, remaining: 15, RAYPy_Simulation_bessy2hi_56m_PGM_2Perc_coupling_errors_on_RP/round_3/38_bessy2hi_56m_PGM_2Perc_coupling_errors_on_RP.rml
2025-02-10 19:38:12,733 - INFO - Completed: 46, remaining: 14, RAYPy_Simulation_bessy2hi_56m_PGM_2Perc_coupling_errors_on_RP/round_4/2_bessy2hi_56m_PGM_2Perc_coupling_errors_on_RP.rml
2025-02-10 19:38:12,859 - INFO - Completed: 47, remaining: 13, RAYPy_Simulation_bessy2hi_56m_PGM_2Perc_coupling_errors_on_RP/round_4/1_bessy2hi_56m_PGM_2Perc_coupling_errors_on_RP.rml
2025-02-10 19:38:13,442 - INFO - Completed: 48, remaining: 12, RAYPy_Simulation_bessy2hi_56m_PGM_2Perc_coupling_errors_on_RP/round_4/3_bessy2hi_56m_PGM_2Perc_coupling_errors_on_RP.rml
2025-02-10 19:38:13,749 - INFO - Completed: 49, remaining: 11, RAYPy_Simulation_bessy2hi_56m_PGM_2Perc_coupling_errors_on_RP/round_4/4_bessy2hi_56m_PGM_2Perc_coupling_errors_on_RP.rml
2025-02-10 19:38:13,834 - INFO - Completed: 50, remaining: 10, RAYPy_Simulation_bessy2hi_56m_PGM_2Perc_coupling_errors_on_RP/round_4/5_bessy2hi_56m_PGM_2Perc_coupling_errors_on_RP.rml
2025-02-10 19:38:13,874 - INFO - Completed: 51, remaining: 9, RAYPy_Simulation_bessy2hi_56m_PGM_2Perc_coupling_errors_on_RP/round_4/6_bessy2hi_56m_PGM_2Perc_coupling_errors_on_RP.rml
2025-02-10 19:38:14,216 - INFO - Completed: 52, remaining: 8, RAYPy_Simulation_bessy2hi_56m_PGM_2Perc_coupling_errors_on_RP/round_4/7_bessy2hi_56m_PGM_2Perc_coupling_errors_on_RP.rml
2025-02-10 19:38:14,522 - INFO - Completed: 53, remaining: 7, RAYPy_Simulation_bessy2hi_56m_PGM_2Perc_coupling_errors_on_RP/round_4/8_bessy2hi_56m_PGM_2Perc_coupling_errors_on_RP.rml
2025-02-10 19:38:14,658 - INFO - Completed: 54, remaining: 6, RAYPy_Simulation_bessy2hi_56m_PGM_2Perc_coupling_errors_on_RP/round_4/11_bessy2hi_56m_PGM_2Perc_coupling_errors_on_RP.rml
2025-02-10 19:38:14,702 - INFO - Completed: 55, remaining: 5, RAYPy_Simulation_bessy2hi_56m_PGM_2Perc_coupling_errors_on_RP/round_4/12_bessy2hi_56m_PGM_2Perc_coupling_errors_on_RP.rml
2025-02-10 19:38:14,834 - INFO - Completed: 56, remaining: 4, RAYPy_Simulation_bessy2hi_56m_PGM_2Perc_coupling_errors_on_RP/round_4/9_bessy2hi_56m_PGM_2Perc_coupling_errors_on_RP.rml
2025-02-10 19:38:14,915 - INFO - Completed: 57, remaining: 3, RAYPy_Simulation_bessy2hi_56m_PGM_2Perc_coupling_errors_on_RP/round_4/10_bessy2hi_56m_PGM_2Perc_coupling_errors_on_RP.rml
2025-02-10 19:38:15,499 - INFO - Completed: 58, remaining: 2, RAYPy_Simulation_bessy2hi_56m_PGM_2Perc_coupling_errors_on_RP/round_4/14_bessy2hi_56m_PGM_2Perc_coupling_errors_on_RP.rml
2025-02-10 19:38:15,774 - INFO - Completed: 59, remaining: 1, RAYPy_Simulation_bessy2hi_56m_PGM_2Perc_coupling_errors_on_RP/round_4/13_bessy2hi_56m_PGM_2Perc_coupling_errors_on_RP.rml
2025-02-10 19:38:15,852 - INFO - Completed: 60, remaining: 0, RAYPy_Simulation_bessy2hi_56m_PGM_2Perc_coupling_errors_on_RP/round_4/15_bessy2hi_56m_PGM_2Perc_coupling_errors_on_RP.rml
2025-02-10 19:38:15,852 - INFO - Batch Completed
2025-02-10 19:38:15,853 - INFO - Waiting For batch, 60 simulations to go
2025-02-10 19:38:15,859 - INFO - Prepared sim number: 16: RAYPy_Simulation_bessy2hi_56m_PGM_2Perc_coupling_errors_on_RP/round_4/16_bessy2hi_56m_PGM_2Perc_coupling_errors_on_RP.rml
2025-02-10 19:38:15,867 - INFO - Prepared sim number: 17: RAYPy_Simulation_bessy2hi_56m_PGM_2Perc_coupling_errors_on_RP/round_4/17_bessy2hi_56m_PGM_2Perc_coupling_errors_on_RP.rml
2025-02-10 19:38:15,875 - INFO - Prepared sim number: 18: RAYPy_Simulation_bessy2hi_56m_PGM_2Perc_coupling_errors_on_RP/round_4/18_bessy2hi_56m_PGM_2Perc_coupling_errors_on_RP.rml
2025-02-10 19:38:15,882 - INFO - Prepared sim number: 19: RAYPy_Simulation_bessy2hi_56m_PGM_2Perc_coupling_errors_on_RP/round_4/19_bessy2hi_56m_PGM_2Perc_coupling_errors_on_RP.rml
2025-02-10 19:38:15,888 - INFO - Prepared sim number: 20: RAYPy_Simulation_bessy2hi_56m_PGM_2Perc_coupling_errors_on_RP/round_4/20_bessy2hi_56m_PGM_2Perc_coupling_errors_on_RP.rml
2025-02-10 19:38:15,894 - INFO - Prepared sim number: 21: RAYPy_Simulation_bessy2hi_56m_PGM_2Perc_coupling_errors_on_RP/round_4/21_bessy2hi_56m_PGM_2Perc_coupling_errors_on_RP.rml
2025-02-10 19:38:15,901 - INFO - Prepared sim number: 22: RAYPy_Simulation_bessy2hi_56m_PGM_2Perc_coupling_errors_on_RP/round_4/22_bessy2hi_56m_PGM_2Perc_coupling_errors_on_RP.rml
2025-02-10 19:38:15,907 - INFO - Prepared sim number: 23: RAYPy_Simulation_bessy2hi_56m_PGM_2Perc_coupling_errors_on_RP/round_4/23_bessy2hi_56m_PGM_2Perc_coupling_errors_on_RP.rml
2025-02-10 19:38:15,911 - INFO - Prepared sim number: 24: RAYPy_Simulation_bessy2hi_56m_PGM_2Perc_coupling_errors_on_RP/round_4/24_bessy2hi_56m_PGM_2Perc_coupling_errors_on_RP.rml
2025-02-10 19:38:15,916 - INFO - Prepared sim number: 25: RAYPy_Simulation_bessy2hi_56m_PGM_2Perc_coupling_errors_on_RP/round_4/25_bessy2hi_56m_PGM_2Perc_coupling_errors_on_RP.rml
2025-02-10 19:38:15,921 - INFO - Prepared sim number: 26: RAYPy_Simulation_bessy2hi_56m_PGM_2Perc_coupling_errors_on_RP/round_4/26_bessy2hi_56m_PGM_2Perc_coupling_errors_on_RP.rml
2025-02-10 19:38:15,925 - INFO - Prepared sim number: 27: RAYPy_Simulation_bessy2hi_56m_PGM_2Perc_coupling_errors_on_RP/round_4/27_bessy2hi_56m_PGM_2Perc_coupling_errors_on_RP.rml
2025-02-10 19:38:15,930 - INFO - Prepared sim number: 28: RAYPy_Simulation_bessy2hi_56m_PGM_2Perc_coupling_errors_on_RP/round_4/28_bessy2hi_56m_PGM_2Perc_coupling_errors_on_RP.rml
2025-02-10 19:38:15,935 - INFO - Prepared sim number: 29: RAYPy_Simulation_bessy2hi_56m_PGM_2Perc_coupling_errors_on_RP/round_4/29_bessy2hi_56m_PGM_2Perc_coupling_errors_on_RP.rml
2025-02-10 19:38:15,939 - INFO - Prepared sim number: 30: RAYPy_Simulation_bessy2hi_56m_PGM_2Perc_coupling_errors_on_RP/round_4/30_bessy2hi_56m_PGM_2Perc_coupling_errors_on_RP.rml
2025-02-10 19:38:15,945 - INFO - Prepared sim number: 31: RAYPy_Simulation_bessy2hi_56m_PGM_2Perc_coupling_errors_on_RP/round_4/31_bessy2hi_56m_PGM_2Perc_coupling_errors_on_RP.rml
2025-02-10 19:38:15,950 - INFO - Prepared sim number: 32: RAYPy_Simulation_bessy2hi_56m_PGM_2Perc_coupling_errors_on_RP/round_4/32_bessy2hi_56m_PGM_2Perc_coupling_errors_on_RP.rml
2025-02-10 19:38:15,955 - INFO - Prepared sim number: 33: RAYPy_Simulation_bessy2hi_56m_PGM_2Perc_coupling_errors_on_RP/round_4/33_bessy2hi_56m_PGM_2Perc_coupling_errors_on_RP.rml
2025-02-10 19:38:15,960 - INFO - Prepared sim number: 34: RAYPy_Simulation_bessy2hi_56m_PGM_2Perc_coupling_errors_on_RP/round_4/34_bessy2hi_56m_PGM_2Perc_coupling_errors_on_RP.rml
2025-02-10 19:38:15,964 - INFO - Prepared sim number: 35: RAYPy_Simulation_bessy2hi_56m_PGM_2Perc_coupling_errors_on_RP/round_4/35_bessy2hi_56m_PGM_2Perc_coupling_errors_on_RP.rml
2025-02-10 19:38:15,969 - INFO - Prepared sim number: 36: RAYPy_Simulation_bessy2hi_56m_PGM_2Perc_coupling_errors_on_RP/round_4/36_bessy2hi_56m_PGM_2Perc_coupling_errors_on_RP.rml
2025-02-10 19:38:15,974 - INFO - Prepared sim number: 37: RAYPy_Simulation_bessy2hi_56m_PGM_2Perc_coupling_errors_on_RP/round_4/37_bessy2hi_56m_PGM_2Perc_coupling_errors_on_RP.rml
2025-02-10 19:38:15,978 - INFO - Prepared sim number: 38: RAYPy_Simulation_bessy2hi_56m_PGM_2Perc_coupling_errors_on_RP/round_4/38_bessy2hi_56m_PGM_2Perc_coupling_errors_on_RP.rml
2025-02-10 19:38:15,983 - INFO - Prepared sim number: 39: RAYPy_Simulation_bessy2hi_56m_PGM_2Perc_coupling_errors_on_RP/round_4/39_bessy2hi_56m_PGM_2Perc_coupling_errors_on_RP.rml
2025-02-10 19:38:15,988 - INFO - Prepared sim number: 40: RAYPy_Simulation_bessy2hi_56m_PGM_2Perc_coupling_errors_on_RP/round_4/40_bessy2hi_56m_PGM_2Perc_coupling_errors_on_RP.rml
2025-02-10 19:38:15,988 - INFO - Start round 5
2025-02-10 19:38:15,993 - INFO - Prepared sim number: 0: RAYPy_Simulation_bessy2hi_56m_PGM_2Perc_coupling_errors_on_RP/round_5/0_bessy2hi_56m_PGM_2Perc_coupling_errors_on_RP.rml
2025-02-10 19:38:15,998 - INFO - Prepared sim number: 1: RAYPy_Simulation_bessy2hi_56m_PGM_2Perc_coupling_errors_on_RP/round_5/1_bessy2hi_56m_PGM_2Perc_coupling_errors_on_RP.rml
2025-02-10 19:38:16,004 - INFO - Prepared sim number: 2: RAYPy_Simulation_bessy2hi_56m_PGM_2Perc_coupling_errors_on_RP/round_5/2_bessy2hi_56m_PGM_2Perc_coupling_errors_on_RP.rml
2025-02-10 19:38:16,010 - INFO - Prepared sim number: 3: RAYPy_Simulation_bessy2hi_56m_PGM_2Perc_coupling_errors_on_RP/round_5/3_bessy2hi_56m_PGM_2Perc_coupling_errors_on_RP.rml
2025-02-10 19:38:16,015 - INFO - Prepared sim number: 4: RAYPy_Simulation_bessy2hi_56m_PGM_2Perc_coupling_errors_on_RP/round_5/4_bessy2hi_56m_PGM_2Perc_coupling_errors_on_RP.rml
2025-02-10 19:38:16,020 - INFO - Prepared sim number: 5: RAYPy_Simulation_bessy2hi_56m_PGM_2Perc_coupling_errors_on_RP/round_5/5_bessy2hi_56m_PGM_2Perc_coupling_errors_on_RP.rml
2025-02-10 19:38:16,026 - INFO - Prepared sim number: 6: RAYPy_Simulation_bessy2hi_56m_PGM_2Perc_coupling_errors_on_RP/round_5/6_bessy2hi_56m_PGM_2Perc_coupling_errors_on_RP.rml
2025-02-10 19:38:16,032 - INFO - Prepared sim number: 7: RAYPy_Simulation_bessy2hi_56m_PGM_2Perc_coupling_errors_on_RP/round_5/7_bessy2hi_56m_PGM_2Perc_coupling_errors_on_RP.rml
2025-02-10 19:38:16,037 - INFO - Prepared sim number: 8: RAYPy_Simulation_bessy2hi_56m_PGM_2Perc_coupling_errors_on_RP/round_5/8_bessy2hi_56m_PGM_2Perc_coupling_errors_on_RP.rml
2025-02-10 19:38:16,041 - INFO - Prepared sim number: 9: RAYPy_Simulation_bessy2hi_56m_PGM_2Perc_coupling_errors_on_RP/round_5/9_bessy2hi_56m_PGM_2Perc_coupling_errors_on_RP.rml
2025-02-10 19:38:16,046 - INFO - Prepared sim number: 10: RAYPy_Simulation_bessy2hi_56m_PGM_2Perc_coupling_errors_on_RP/round_5/10_bessy2hi_56m_PGM_2Perc_coupling_errors_on_RP.rml
2025-02-10 19:38:16,052 - INFO - Prepared sim number: 11: RAYPy_Simulation_bessy2hi_56m_PGM_2Perc_coupling_errors_on_RP/round_5/11_bessy2hi_56m_PGM_2Perc_coupling_errors_on_RP.rml
2025-02-10 19:38:16,056 - INFO - Prepared sim number: 12: RAYPy_Simulation_bessy2hi_56m_PGM_2Perc_coupling_errors_on_RP/round_5/12_bessy2hi_56m_PGM_2Perc_coupling_errors_on_RP.rml
2025-02-10 19:38:16,061 - INFO - Prepared sim number: 13: RAYPy_Simulation_bessy2hi_56m_PGM_2Perc_coupling_errors_on_RP/round_5/13_bessy2hi_56m_PGM_2Perc_coupling_errors_on_RP.rml
2025-02-10 19:38:16,066 - INFO - Prepared sim number: 14: RAYPy_Simulation_bessy2hi_56m_PGM_2Perc_coupling_errors_on_RP/round_5/14_bessy2hi_56m_PGM_2Perc_coupling_errors_on_RP.rml
2025-02-10 19:38:16,071 - INFO - Prepared sim number: 15: RAYPy_Simulation_bessy2hi_56m_PGM_2Perc_coupling_errors_on_RP/round_5/15_bessy2hi_56m_PGM_2Perc_coupling_errors_on_RP.rml
2025-02-10 19:38:16,076 - INFO - Prepared sim number: 16: RAYPy_Simulation_bessy2hi_56m_PGM_2Perc_coupling_errors_on_RP/round_5/16_bessy2hi_56m_PGM_2Perc_coupling_errors_on_RP.rml
2025-02-10 19:38:16,081 - INFO - Prepared sim number: 17: RAYPy_Simulation_bessy2hi_56m_PGM_2Perc_coupling_errors_on_RP/round_5/17_bessy2hi_56m_PGM_2Perc_coupling_errors_on_RP.rml
2025-02-10 19:38:16,086 - INFO - Prepared sim number: 18: RAYPy_Simulation_bessy2hi_56m_PGM_2Perc_coupling_errors_on_RP/round_5/18_bessy2hi_56m_PGM_2Perc_coupling_errors_on_RP.rml
2025-02-10 19:38:16,090 - INFO - Prepared sim number: 19: RAYPy_Simulation_bessy2hi_56m_PGM_2Perc_coupling_errors_on_RP/round_5/19_bessy2hi_56m_PGM_2Perc_coupling_errors_on_RP.rml
2025-02-10 19:38:16,095 - INFO - Prepared sim number: 20: RAYPy_Simulation_bessy2hi_56m_PGM_2Perc_coupling_errors_on_RP/round_5/20_bessy2hi_56m_PGM_2Perc_coupling_errors_on_RP.rml
2025-02-10 19:38:16,100 - INFO - Prepared sim number: 21: RAYPy_Simulation_bessy2hi_56m_PGM_2Perc_coupling_errors_on_RP/round_5/21_bessy2hi_56m_PGM_2Perc_coupling_errors_on_RP.rml
2025-02-10 19:38:16,106 - INFO - Prepared sim number: 22: RAYPy_Simulation_bessy2hi_56m_PGM_2Perc_coupling_errors_on_RP/round_5/22_bessy2hi_56m_PGM_2Perc_coupling_errors_on_RP.rml
2025-02-10 19:38:16,111 - INFO - Prepared sim number: 23: RAYPy_Simulation_bessy2hi_56m_PGM_2Perc_coupling_errors_on_RP/round_5/23_bessy2hi_56m_PGM_2Perc_coupling_errors_on_RP.rml
2025-02-10 19:38:16,115 - INFO - Prepared sim number: 24: RAYPy_Simulation_bessy2hi_56m_PGM_2Perc_coupling_errors_on_RP/round_5/24_bessy2hi_56m_PGM_2Perc_coupling_errors_on_RP.rml
2025-02-10 19:38:16,120 - INFO - Prepared sim number: 25: RAYPy_Simulation_bessy2hi_56m_PGM_2Perc_coupling_errors_on_RP/round_5/25_bessy2hi_56m_PGM_2Perc_coupling_errors_on_RP.rml
2025-02-10 19:38:16,125 - INFO - Prepared sim number: 26: RAYPy_Simulation_bessy2hi_56m_PGM_2Perc_coupling_errors_on_RP/round_5/26_bessy2hi_56m_PGM_2Perc_coupling_errors_on_RP.rml
2025-02-10 19:38:16,130 - INFO - Prepared sim number: 27: RAYPy_Simulation_bessy2hi_56m_PGM_2Perc_coupling_errors_on_RP/round_5/27_bessy2hi_56m_PGM_2Perc_coupling_errors_on_RP.rml
2025-02-10 19:38:16,134 - INFO - Prepared sim number: 28: RAYPy_Simulation_bessy2hi_56m_PGM_2Perc_coupling_errors_on_RP/round_5/28_bessy2hi_56m_PGM_2Perc_coupling_errors_on_RP.rml
2025-02-10 19:38:16,139 - INFO - Prepared sim number: 29: RAYPy_Simulation_bessy2hi_56m_PGM_2Perc_coupling_errors_on_RP/round_5/29_bessy2hi_56m_PGM_2Perc_coupling_errors_on_RP.rml
2025-02-10 19:38:16,144 - INFO - Prepared sim number: 30: RAYPy_Simulation_bessy2hi_56m_PGM_2Perc_coupling_errors_on_RP/round_5/30_bessy2hi_56m_PGM_2Perc_coupling_errors_on_RP.rml
2025-02-10 19:38:16,149 - INFO - Prepared sim number: 31: RAYPy_Simulation_bessy2hi_56m_PGM_2Perc_coupling_errors_on_RP/round_5/31_bessy2hi_56m_PGM_2Perc_coupling_errors_on_RP.rml
2025-02-10 19:38:16,153 - INFO - Prepared sim number: 32: RAYPy_Simulation_bessy2hi_56m_PGM_2Perc_coupling_errors_on_RP/round_5/32_bessy2hi_56m_PGM_2Perc_coupling_errors_on_RP.rml
2025-02-10 19:38:16,159 - INFO - Prepared sim number: 33: RAYPy_Simulation_bessy2hi_56m_PGM_2Perc_coupling_errors_on_RP/round_5/33_bessy2hi_56m_PGM_2Perc_coupling_errors_on_RP.rml
2025-02-10 19:38:16,164 - INFO - Prepared sim number: 34: RAYPy_Simulation_bessy2hi_56m_PGM_2Perc_coupling_errors_on_RP/round_5/34_bessy2hi_56m_PGM_2Perc_coupling_errors_on_RP.rml
2025-02-10 19:38:16,165 - INFO - Waiting for batch number: 3, timeout: 21.464032665888467s
2025-02-10 19:38:18,527 - INFO - Completed: 1, remaining: 59, RAYPy_Simulation_bessy2hi_56m_PGM_2Perc_coupling_errors_on_RP/round_4/19_bessy2hi_56m_PGM_2Perc_coupling_errors_on_RP.rml
2025-02-10 19:38:18,631 - INFO - Completed: 2, remaining: 58, RAYPy_Simulation_bessy2hi_56m_PGM_2Perc_coupling_errors_on_RP/round_4/20_bessy2hi_56m_PGM_2Perc_coupling_errors_on_RP.rml
2025-02-10 19:38:18,674 - INFO - Completed: 3, remaining: 57, RAYPy_Simulation_bessy2hi_56m_PGM_2Perc_coupling_errors_on_RP/round_4/25_bessy2hi_56m_PGM_2Perc_coupling_errors_on_RP.rml
2025-02-10 19:38:18,738 - INFO - Completed: 4, remaining: 56, RAYPy_Simulation_bessy2hi_56m_PGM_2Perc_coupling_errors_on_RP/round_4/27_bessy2hi_56m_PGM_2Perc_coupling_errors_on_RP.rml
2025-02-10 19:38:18,954 - INFO - Completed: 5, remaining: 55, RAYPy_Simulation_bessy2hi_56m_PGM_2Perc_coupling_errors_on_RP/round_4/18_bessy2hi_56m_PGM_2Perc_coupling_errors_on_RP.rml
2025-02-10 19:38:19,027 - INFO - Completed: 6, remaining: 54, RAYPy_Simulation_bessy2hi_56m_PGM_2Perc_coupling_errors_on_RP/round_4/21_bessy2hi_56m_PGM_2Perc_coupling_errors_on_RP.rml
2025-02-10 19:38:19,349 - INFO - Completed: 7, remaining: 53, RAYPy_Simulation_bessy2hi_56m_PGM_2Perc_coupling_errors_on_RP/round_4/17_bessy2hi_56m_PGM_2Perc_coupling_errors_on_RP.rml
2025-02-10 19:38:21,451 - INFO - Completed: 8, remaining: 52, RAYPy_Simulation_bessy2hi_56m_PGM_2Perc_coupling_errors_on_RP/round_4/24_bessy2hi_56m_PGM_2Perc_coupling_errors_on_RP.rml
2025-02-10 19:38:21,466 - INFO - Completed: 9, remaining: 51, RAYPy_Simulation_bessy2hi_56m_PGM_2Perc_coupling_errors_on_RP/round_4/16_bessy2hi_56m_PGM_2Perc_coupling_errors_on_RP.rml
2025-02-10 19:38:21,530 - INFO - Completed: 10, remaining: 50, RAYPy_Simulation_bessy2hi_56m_PGM_2Perc_coupling_errors_on_RP/round_4/23_bessy2hi_56m_PGM_2Perc_coupling_errors_on_RP.rml
2025-02-10 19:38:21,632 - INFO - Completed: 11, remaining: 49, RAYPy_Simulation_bessy2hi_56m_PGM_2Perc_coupling_errors_on_RP/round_4/26_bessy2hi_56m_PGM_2Perc_coupling_errors_on_RP.rml
2025-02-10 19:38:21,740 - INFO - Completed: 12, remaining: 48, RAYPy_Simulation_bessy2hi_56m_PGM_2Perc_coupling_errors_on_RP/round_4/22_bessy2hi_56m_PGM_2Perc_coupling_errors_on_RP.rml
2025-02-10 19:38:21,938 - INFO - Completed: 13, remaining: 47, RAYPy_Simulation_bessy2hi_56m_PGM_2Perc_coupling_errors_on_RP/round_4/28_bessy2hi_56m_PGM_2Perc_coupling_errors_on_RP.rml
2025-02-10 19:38:21,961 - INFO - Completed: 14, remaining: 46, RAYPy_Simulation_bessy2hi_56m_PGM_2Perc_coupling_errors_on_RP/round_4/30_bessy2hi_56m_PGM_2Perc_coupling_errors_on_RP.rml
2025-02-10 19:38:22,062 - INFO - Completed: 15, remaining: 45, RAYPy_Simulation_bessy2hi_56m_PGM_2Perc_coupling_errors_on_RP/round_4/29_bessy2hi_56m_PGM_2Perc_coupling_errors_on_RP.rml
2025-02-10 19:38:22,244 - INFO - Completed: 16, remaining: 44, RAYPy_Simulation_bessy2hi_56m_PGM_2Perc_coupling_errors_on_RP/round_4/32_bessy2hi_56m_PGM_2Perc_coupling_errors_on_RP.rml
2025-02-10 19:38:22,283 - INFO - Completed: 17, remaining: 43, RAYPy_Simulation_bessy2hi_56m_PGM_2Perc_coupling_errors_on_RP/round_4/31_bessy2hi_56m_PGM_2Perc_coupling_errors_on_RP.rml
2025-02-10 19:38:22,401 - INFO - Completed: 18, remaining: 42, RAYPy_Simulation_bessy2hi_56m_PGM_2Perc_coupling_errors_on_RP/round_4/33_bessy2hi_56m_PGM_2Perc_coupling_errors_on_RP.rml
2025-02-10 19:38:23,148 - INFO - Completed: 19, remaining: 41, RAYPy_Simulation_bessy2hi_56m_PGM_2Perc_coupling_errors_on_RP/round_4/34_bessy2hi_56m_PGM_2Perc_coupling_errors_on_RP.rml
2025-02-10 19:38:25,114 - INFO - Completed: 20, remaining: 40, RAYPy_Simulation_bessy2hi_56m_PGM_2Perc_coupling_errors_on_RP/round_4/35_bessy2hi_56m_PGM_2Perc_coupling_errors_on_RP.rml
2025-02-10 19:38:25,165 - INFO - Completed: 21, remaining: 39, RAYPy_Simulation_bessy2hi_56m_PGM_2Perc_coupling_errors_on_RP/round_4/36_bessy2hi_56m_PGM_2Perc_coupling_errors_on_RP.rml
2025-02-10 19:38:25,254 - INFO - Completed: 22, remaining: 38, RAYPy_Simulation_bessy2hi_56m_PGM_2Perc_coupling_errors_on_RP/round_4/37_bessy2hi_56m_PGM_2Perc_coupling_errors_on_RP.rml
2025-02-10 19:38:25,481 - INFO - Completed: 23, remaining: 37, RAYPy_Simulation_bessy2hi_56m_PGM_2Perc_coupling_errors_on_RP/round_5/0_bessy2hi_56m_PGM_2Perc_coupling_errors_on_RP.rml
2025-02-10 19:38:25,548 - INFO - Completed: 24, remaining: 36, RAYPy_Simulation_bessy2hi_56m_PGM_2Perc_coupling_errors_on_RP/round_5/1_bessy2hi_56m_PGM_2Perc_coupling_errors_on_RP.rml
2025-02-10 19:38:25,645 - INFO - Completed: 25, remaining: 35, RAYPy_Simulation_bessy2hi_56m_PGM_2Perc_coupling_errors_on_RP/round_4/38_bessy2hi_56m_PGM_2Perc_coupling_errors_on_RP.rml
2025-02-10 19:38:25,675 - INFO - Completed: 26, remaining: 34, RAYPy_Simulation_bessy2hi_56m_PGM_2Perc_coupling_errors_on_RP/round_4/39_bessy2hi_56m_PGM_2Perc_coupling_errors_on_RP.rml
2025-02-10 19:38:25,751 - INFO - Completed: 27, remaining: 33, RAYPy_Simulation_bessy2hi_56m_PGM_2Perc_coupling_errors_on_RP/round_5/2_bessy2hi_56m_PGM_2Perc_coupling_errors_on_RP.rml
2025-02-10 19:38:25,773 - INFO - Completed: 28, remaining: 32, RAYPy_Simulation_bessy2hi_56m_PGM_2Perc_coupling_errors_on_RP/round_5/3_bessy2hi_56m_PGM_2Perc_coupling_errors_on_RP.rml
2025-02-10 19:38:25,852 - INFO - Completed: 29, remaining: 31, RAYPy_Simulation_bessy2hi_56m_PGM_2Perc_coupling_errors_on_RP/round_4/40_bessy2hi_56m_PGM_2Perc_coupling_errors_on_RP.rml
2025-02-10 19:38:26,388 - INFO - Completed: 30, remaining: 30, RAYPy_Simulation_bessy2hi_56m_PGM_2Perc_coupling_errors_on_RP/round_5/4_bessy2hi_56m_PGM_2Perc_coupling_errors_on_RP.rml
2025-02-10 19:38:26,945 - INFO - Completed: 31, remaining: 29, RAYPy_Simulation_bessy2hi_56m_PGM_2Perc_coupling_errors_on_RP/round_5/5_bessy2hi_56m_PGM_2Perc_coupling_errors_on_RP.rml
2025-02-10 19:38:28,446 - INFO - Completed: 32, remaining: 28, RAYPy_Simulation_bessy2hi_56m_PGM_2Perc_coupling_errors_on_RP/round_5/6_bessy2hi_56m_PGM_2Perc_coupling_errors_on_RP.rml
2025-02-10 19:38:28,622 - INFO - Completed: 33, remaining: 27, RAYPy_Simulation_bessy2hi_56m_PGM_2Perc_coupling_errors_on_RP/round_5/8_bessy2hi_56m_PGM_2Perc_coupling_errors_on_RP.rml
2025-02-10 19:38:28,807 - INFO - Completed: 34, remaining: 26, RAYPy_Simulation_bessy2hi_56m_PGM_2Perc_coupling_errors_on_RP/round_5/7_bessy2hi_56m_PGM_2Perc_coupling_errors_on_RP.rml
2025-02-10 19:38:29,073 - INFO - Completed: 35, remaining: 25, RAYPy_Simulation_bessy2hi_56m_PGM_2Perc_coupling_errors_on_RP/round_5/9_bessy2hi_56m_PGM_2Perc_coupling_errors_on_RP.rml
2025-02-10 19:38:29,150 - INFO - Completed: 36, remaining: 24, RAYPy_Simulation_bessy2hi_56m_PGM_2Perc_coupling_errors_on_RP/round_5/11_bessy2hi_56m_PGM_2Perc_coupling_errors_on_RP.rml
2025-02-10 19:38:29,225 - INFO - Completed: 37, remaining: 23, RAYPy_Simulation_bessy2hi_56m_PGM_2Perc_coupling_errors_on_RP/round_5/14_bessy2hi_56m_PGM_2Perc_coupling_errors_on_RP.rml
2025-02-10 19:38:29,272 - INFO - Completed: 38, remaining: 22, RAYPy_Simulation_bessy2hi_56m_PGM_2Perc_coupling_errors_on_RP/round_5/12_bessy2hi_56m_PGM_2Perc_coupling_errors_on_RP.rml
2025-02-10 19:38:29,348 - INFO - Completed: 39, remaining: 21, RAYPy_Simulation_bessy2hi_56m_PGM_2Perc_coupling_errors_on_RP/round_5/13_bessy2hi_56m_PGM_2Perc_coupling_errors_on_RP.rml
2025-02-10 19:38:29,490 - INFO - Completed: 40, remaining: 20, RAYPy_Simulation_bessy2hi_56m_PGM_2Perc_coupling_errors_on_RP/round_5/15_bessy2hi_56m_PGM_2Perc_coupling_errors_on_RP.rml
2025-02-10 19:38:29,762 - INFO - Completed: 41, remaining: 19, RAYPy_Simulation_bessy2hi_56m_PGM_2Perc_coupling_errors_on_RP/round_5/16_bessy2hi_56m_PGM_2Perc_coupling_errors_on_RP.rml
2025-02-10 19:38:29,845 - INFO - Completed: 42, remaining: 18, RAYPy_Simulation_bessy2hi_56m_PGM_2Perc_coupling_errors_on_RP/round_5/10_bessy2hi_56m_PGM_2Perc_coupling_errors_on_RP.rml
2025-02-10 19:38:30,245 - INFO - Completed: 43, remaining: 17, RAYPy_Simulation_bessy2hi_56m_PGM_2Perc_coupling_errors_on_RP/round_5/17_bessy2hi_56m_PGM_2Perc_coupling_errors_on_RP.rml
2025-02-10 19:38:31,924 - INFO - Completed: 44, remaining: 16, RAYPy_Simulation_bessy2hi_56m_PGM_2Perc_coupling_errors_on_RP/round_5/18_bessy2hi_56m_PGM_2Perc_coupling_errors_on_RP.rml
2025-02-10 19:38:31,967 - INFO - Completed: 45, remaining: 15, RAYPy_Simulation_bessy2hi_56m_PGM_2Perc_coupling_errors_on_RP/round_5/19_bessy2hi_56m_PGM_2Perc_coupling_errors_on_RP.rml
2025-02-10 19:38:32,247 - INFO - Completed: 46, remaining: 14, RAYPy_Simulation_bessy2hi_56m_PGM_2Perc_coupling_errors_on_RP/round_5/20_bessy2hi_56m_PGM_2Perc_coupling_errors_on_RP.rml
2025-02-10 19:38:32,561 - INFO - Completed: 47, remaining: 13, RAYPy_Simulation_bessy2hi_56m_PGM_2Perc_coupling_errors_on_RP/round_5/22_bessy2hi_56m_PGM_2Perc_coupling_errors_on_RP.rml
2025-02-10 19:38:32,808 - INFO - Completed: 48, remaining: 12, RAYPy_Simulation_bessy2hi_56m_PGM_2Perc_coupling_errors_on_RP/round_5/23_bessy2hi_56m_PGM_2Perc_coupling_errors_on_RP.rml
2025-02-10 19:38:32,960 - INFO - Completed: 49, remaining: 11, RAYPy_Simulation_bessy2hi_56m_PGM_2Perc_coupling_errors_on_RP/round_5/25_bessy2hi_56m_PGM_2Perc_coupling_errors_on_RP.rml
2025-02-10 19:38:33,007 - INFO - Completed: 50, remaining: 10, RAYPy_Simulation_bessy2hi_56m_PGM_2Perc_coupling_errors_on_RP/round_5/26_bessy2hi_56m_PGM_2Perc_coupling_errors_on_RP.rml
2025-02-10 19:38:33,062 - INFO - Completed: 51, remaining: 9, RAYPy_Simulation_bessy2hi_56m_PGM_2Perc_coupling_errors_on_RP/round_5/21_bessy2hi_56m_PGM_2Perc_coupling_errors_on_RP.rml
2025-02-10 19:38:33,174 - INFO - Completed: 52, remaining: 8, RAYPy_Simulation_bessy2hi_56m_PGM_2Perc_coupling_errors_on_RP/round_5/28_bessy2hi_56m_PGM_2Perc_coupling_errors_on_RP.rml
2025-02-10 19:38:33,180 - INFO - Completed: 53, remaining: 7, RAYPy_Simulation_bessy2hi_56m_PGM_2Perc_coupling_errors_on_RP/round_5/27_bessy2hi_56m_PGM_2Perc_coupling_errors_on_RP.rml
2025-02-10 19:38:33,226 - INFO - Completed: 54, remaining: 6, RAYPy_Simulation_bessy2hi_56m_PGM_2Perc_coupling_errors_on_RP/round_5/24_bessy2hi_56m_PGM_2Perc_coupling_errors_on_RP.rml
2025-02-10 19:38:33,425 - INFO - Completed: 55, remaining: 5, RAYPy_Simulation_bessy2hi_56m_PGM_2Perc_coupling_errors_on_RP/round_5/29_bessy2hi_56m_PGM_2Perc_coupling_errors_on_RP.rml
2025-02-10 19:38:34,463 - INFO - Completed: 56, remaining: 4, RAYPy_Simulation_bessy2hi_56m_PGM_2Perc_coupling_errors_on_RP/round_5/31_bessy2hi_56m_PGM_2Perc_coupling_errors_on_RP.rml
2025-02-10 19:38:34,587 - INFO - Completed: 57, remaining: 3, RAYPy_Simulation_bessy2hi_56m_PGM_2Perc_coupling_errors_on_RP/round_5/30_bessy2hi_56m_PGM_2Perc_coupling_errors_on_RP.rml
2025-02-10 19:38:34,669 - INFO - Completed: 58, remaining: 2, RAYPy_Simulation_bessy2hi_56m_PGM_2Perc_coupling_errors_on_RP/round_5/32_bessy2hi_56m_PGM_2Perc_coupling_errors_on_RP.rml
2025-02-10 19:38:34,801 - INFO - Completed: 59, remaining: 1, RAYPy_Simulation_bessy2hi_56m_PGM_2Perc_coupling_errors_on_RP/round_5/33_bessy2hi_56m_PGM_2Perc_coupling_errors_on_RP.rml
2025-02-10 19:38:34,961 - INFO - Completed: 60, remaining: 0, RAYPy_Simulation_bessy2hi_56m_PGM_2Perc_coupling_errors_on_RP/round_5/34_bessy2hi_56m_PGM_2Perc_coupling_errors_on_RP.rml
2025-02-10 19:38:34,961 - INFO - Batch Completed
2025-02-10 19:38:34,961 - INFO - Waiting For batch, 60 simulations to go
2025-02-10 19:38:34,966 - INFO - Prepared sim number: 35: RAYPy_Simulation_bessy2hi_56m_PGM_2Perc_coupling_errors_on_RP/round_5/35_bessy2hi_56m_PGM_2Perc_coupling_errors_on_RP.rml
2025-02-10 19:38:34,973 - INFO - Prepared sim number: 36: RAYPy_Simulation_bessy2hi_56m_PGM_2Perc_coupling_errors_on_RP/round_5/36_bessy2hi_56m_PGM_2Perc_coupling_errors_on_RP.rml
2025-02-10 19:38:34,983 - INFO - Prepared sim number: 37: RAYPy_Simulation_bessy2hi_56m_PGM_2Perc_coupling_errors_on_RP/round_5/37_bessy2hi_56m_PGM_2Perc_coupling_errors_on_RP.rml
2025-02-10 19:38:34,990 - INFO - Prepared sim number: 38: RAYPy_Simulation_bessy2hi_56m_PGM_2Perc_coupling_errors_on_RP/round_5/38_bessy2hi_56m_PGM_2Perc_coupling_errors_on_RP.rml
2025-02-10 19:38:34,995 - INFO - Prepared sim number: 39: RAYPy_Simulation_bessy2hi_56m_PGM_2Perc_coupling_errors_on_RP/round_5/39_bessy2hi_56m_PGM_2Perc_coupling_errors_on_RP.rml
2025-02-10 19:38:35,000 - INFO - Prepared sim number: 40: RAYPy_Simulation_bessy2hi_56m_PGM_2Perc_coupling_errors_on_RP/round_5/40_bessy2hi_56m_PGM_2Perc_coupling_errors_on_RP.rml
2025-02-10 19:38:35,000 - INFO - Start round 6
2025-02-10 19:38:35,004 - INFO - Prepared sim number: 0: RAYPy_Simulation_bessy2hi_56m_PGM_2Perc_coupling_errors_on_RP/round_6/0_bessy2hi_56m_PGM_2Perc_coupling_errors_on_RP.rml
2025-02-10 19:38:35,008 - INFO - Prepared sim number: 1: RAYPy_Simulation_bessy2hi_56m_PGM_2Perc_coupling_errors_on_RP/round_6/1_bessy2hi_56m_PGM_2Perc_coupling_errors_on_RP.rml
2025-02-10 19:38:35,014 - INFO - Prepared sim number: 2: RAYPy_Simulation_bessy2hi_56m_PGM_2Perc_coupling_errors_on_RP/round_6/2_bessy2hi_56m_PGM_2Perc_coupling_errors_on_RP.rml
2025-02-10 19:38:35,017 - INFO - Prepared sim number: 3: RAYPy_Simulation_bessy2hi_56m_PGM_2Perc_coupling_errors_on_RP/round_6/3_bessy2hi_56m_PGM_2Perc_coupling_errors_on_RP.rml
2025-02-10 19:38:35,021 - INFO - Prepared sim number: 4: RAYPy_Simulation_bessy2hi_56m_PGM_2Perc_coupling_errors_on_RP/round_6/4_bessy2hi_56m_PGM_2Perc_coupling_errors_on_RP.rml
2025-02-10 19:38:35,024 - INFO - Prepared sim number: 5: RAYPy_Simulation_bessy2hi_56m_PGM_2Perc_coupling_errors_on_RP/round_6/5_bessy2hi_56m_PGM_2Perc_coupling_errors_on_RP.rml
2025-02-10 19:38:35,027 - INFO - Prepared sim number: 6: RAYPy_Simulation_bessy2hi_56m_PGM_2Perc_coupling_errors_on_RP/round_6/6_bessy2hi_56m_PGM_2Perc_coupling_errors_on_RP.rml
2025-02-10 19:38:35,031 - INFO - Prepared sim number: 7: RAYPy_Simulation_bessy2hi_56m_PGM_2Perc_coupling_errors_on_RP/round_6/7_bessy2hi_56m_PGM_2Perc_coupling_errors_on_RP.rml
2025-02-10 19:38:35,034 - INFO - Prepared sim number: 8: RAYPy_Simulation_bessy2hi_56m_PGM_2Perc_coupling_errors_on_RP/round_6/8_bessy2hi_56m_PGM_2Perc_coupling_errors_on_RP.rml
2025-02-10 19:38:35,037 - INFO - Prepared sim number: 9: RAYPy_Simulation_bessy2hi_56m_PGM_2Perc_coupling_errors_on_RP/round_6/9_bessy2hi_56m_PGM_2Perc_coupling_errors_on_RP.rml
2025-02-10 19:38:35,040 - INFO - Prepared sim number: 10: RAYPy_Simulation_bessy2hi_56m_PGM_2Perc_coupling_errors_on_RP/round_6/10_bessy2hi_56m_PGM_2Perc_coupling_errors_on_RP.rml
2025-02-10 19:38:35,043 - INFO - Prepared sim number: 11: RAYPy_Simulation_bessy2hi_56m_PGM_2Perc_coupling_errors_on_RP/round_6/11_bessy2hi_56m_PGM_2Perc_coupling_errors_on_RP.rml
2025-02-10 19:38:35,046 - INFO - Prepared sim number: 12: RAYPy_Simulation_bessy2hi_56m_PGM_2Perc_coupling_errors_on_RP/round_6/12_bessy2hi_56m_PGM_2Perc_coupling_errors_on_RP.rml
2025-02-10 19:38:35,050 - INFO - Prepared sim number: 13: RAYPy_Simulation_bessy2hi_56m_PGM_2Perc_coupling_errors_on_RP/round_6/13_bessy2hi_56m_PGM_2Perc_coupling_errors_on_RP.rml
2025-02-10 19:38:35,053 - INFO - Prepared sim number: 14: RAYPy_Simulation_bessy2hi_56m_PGM_2Perc_coupling_errors_on_RP/round_6/14_bessy2hi_56m_PGM_2Perc_coupling_errors_on_RP.rml
2025-02-10 19:38:35,056 - INFO - Prepared sim number: 15: RAYPy_Simulation_bessy2hi_56m_PGM_2Perc_coupling_errors_on_RP/round_6/15_bessy2hi_56m_PGM_2Perc_coupling_errors_on_RP.rml
2025-02-10 19:38:35,060 - INFO - Prepared sim number: 16: RAYPy_Simulation_bessy2hi_56m_PGM_2Perc_coupling_errors_on_RP/round_6/16_bessy2hi_56m_PGM_2Perc_coupling_errors_on_RP.rml
2025-02-10 19:38:35,064 - INFO - Prepared sim number: 17: RAYPy_Simulation_bessy2hi_56m_PGM_2Perc_coupling_errors_on_RP/round_6/17_bessy2hi_56m_PGM_2Perc_coupling_errors_on_RP.rml
2025-02-10 19:38:35,067 - INFO - Prepared sim number: 18: RAYPy_Simulation_bessy2hi_56m_PGM_2Perc_coupling_errors_on_RP/round_6/18_bessy2hi_56m_PGM_2Perc_coupling_errors_on_RP.rml
2025-02-10 19:38:35,070 - INFO - Prepared sim number: 19: RAYPy_Simulation_bessy2hi_56m_PGM_2Perc_coupling_errors_on_RP/round_6/19_bessy2hi_56m_PGM_2Perc_coupling_errors_on_RP.rml
2025-02-10 19:38:35,074 - INFO - Prepared sim number: 20: RAYPy_Simulation_bessy2hi_56m_PGM_2Perc_coupling_errors_on_RP/round_6/20_bessy2hi_56m_PGM_2Perc_coupling_errors_on_RP.rml
2025-02-10 19:38:35,077 - INFO - Prepared sim number: 21: RAYPy_Simulation_bessy2hi_56m_PGM_2Perc_coupling_errors_on_RP/round_6/21_bessy2hi_56m_PGM_2Perc_coupling_errors_on_RP.rml
2025-02-10 19:38:35,080 - INFO - Prepared sim number: 22: RAYPy_Simulation_bessy2hi_56m_PGM_2Perc_coupling_errors_on_RP/round_6/22_bessy2hi_56m_PGM_2Perc_coupling_errors_on_RP.rml
2025-02-10 19:38:35,083 - INFO - Prepared sim number: 23: RAYPy_Simulation_bessy2hi_56m_PGM_2Perc_coupling_errors_on_RP/round_6/23_bessy2hi_56m_PGM_2Perc_coupling_errors_on_RP.rml
2025-02-10 19:38:35,088 - INFO - Prepared sim number: 24: RAYPy_Simulation_bessy2hi_56m_PGM_2Perc_coupling_errors_on_RP/round_6/24_bessy2hi_56m_PGM_2Perc_coupling_errors_on_RP.rml
2025-02-10 19:38:35,092 - INFO - Prepared sim number: 25: RAYPy_Simulation_bessy2hi_56m_PGM_2Perc_coupling_errors_on_RP/round_6/25_bessy2hi_56m_PGM_2Perc_coupling_errors_on_RP.rml
2025-02-10 19:38:35,096 - INFO - Prepared sim number: 26: RAYPy_Simulation_bessy2hi_56m_PGM_2Perc_coupling_errors_on_RP/round_6/26_bessy2hi_56m_PGM_2Perc_coupling_errors_on_RP.rml
2025-02-10 19:38:35,100 - INFO - Prepared sim number: 27: RAYPy_Simulation_bessy2hi_56m_PGM_2Perc_coupling_errors_on_RP/round_6/27_bessy2hi_56m_PGM_2Perc_coupling_errors_on_RP.rml
2025-02-10 19:38:35,103 - INFO - Prepared sim number: 28: RAYPy_Simulation_bessy2hi_56m_PGM_2Perc_coupling_errors_on_RP/round_6/28_bessy2hi_56m_PGM_2Perc_coupling_errors_on_RP.rml
2025-02-10 19:38:35,106 - INFO - Prepared sim number: 29: RAYPy_Simulation_bessy2hi_56m_PGM_2Perc_coupling_errors_on_RP/round_6/29_bessy2hi_56m_PGM_2Perc_coupling_errors_on_RP.rml
2025-02-10 19:38:35,110 - INFO - Prepared sim number: 30: RAYPy_Simulation_bessy2hi_56m_PGM_2Perc_coupling_errors_on_RP/round_6/30_bessy2hi_56m_PGM_2Perc_coupling_errors_on_RP.rml
2025-02-10 19:38:35,113 - INFO - Prepared sim number: 31: RAYPy_Simulation_bessy2hi_56m_PGM_2Perc_coupling_errors_on_RP/round_6/31_bessy2hi_56m_PGM_2Perc_coupling_errors_on_RP.rml
2025-02-10 19:38:35,117 - INFO - Prepared sim number: 32: RAYPy_Simulation_bessy2hi_56m_PGM_2Perc_coupling_errors_on_RP/round_6/32_bessy2hi_56m_PGM_2Perc_coupling_errors_on_RP.rml
2025-02-10 19:38:35,120 - INFO - Prepared sim number: 33: RAYPy_Simulation_bessy2hi_56m_PGM_2Perc_coupling_errors_on_RP/round_6/33_bessy2hi_56m_PGM_2Perc_coupling_errors_on_RP.rml
2025-02-10 19:38:35,123 - INFO - Prepared sim number: 34: RAYPy_Simulation_bessy2hi_56m_PGM_2Perc_coupling_errors_on_RP/round_6/34_bessy2hi_56m_PGM_2Perc_coupling_errors_on_RP.rml
2025-02-10 19:38:35,127 - INFO - Prepared sim number: 35: RAYPy_Simulation_bessy2hi_56m_PGM_2Perc_coupling_errors_on_RP/round_6/35_bessy2hi_56m_PGM_2Perc_coupling_errors_on_RP.rml
2025-02-10 19:38:35,130 - INFO - Prepared sim number: 36: RAYPy_Simulation_bessy2hi_56m_PGM_2Perc_coupling_errors_on_RP/round_6/36_bessy2hi_56m_PGM_2Perc_coupling_errors_on_RP.rml
2025-02-10 19:38:35,133 - INFO - Prepared sim number: 37: RAYPy_Simulation_bessy2hi_56m_PGM_2Perc_coupling_errors_on_RP/round_6/37_bessy2hi_56m_PGM_2Perc_coupling_errors_on_RP.rml
2025-02-10 19:38:35,136 - INFO - Prepared sim number: 38: RAYPy_Simulation_bessy2hi_56m_PGM_2Perc_coupling_errors_on_RP/round_6/38_bessy2hi_56m_PGM_2Perc_coupling_errors_on_RP.rml
2025-02-10 19:38:35,139 - INFO - Prepared sim number: 39: RAYPy_Simulation_bessy2hi_56m_PGM_2Perc_coupling_errors_on_RP/round_6/39_bessy2hi_56m_PGM_2Perc_coupling_errors_on_RP.rml
2025-02-10 19:38:35,143 - INFO - Prepared sim number: 40: RAYPy_Simulation_bessy2hi_56m_PGM_2Perc_coupling_errors_on_RP/round_6/40_bessy2hi_56m_PGM_2Perc_coupling_errors_on_RP.rml
2025-02-10 19:38:35,143 - INFO - Start round 7
2025-02-10 19:38:35,146 - INFO - Prepared sim number: 0: RAYPy_Simulation_bessy2hi_56m_PGM_2Perc_coupling_errors_on_RP/round_7/0_bessy2hi_56m_PGM_2Perc_coupling_errors_on_RP.rml
2025-02-10 19:38:35,149 - INFO - Prepared sim number: 1: RAYPy_Simulation_bessy2hi_56m_PGM_2Perc_coupling_errors_on_RP/round_7/1_bessy2hi_56m_PGM_2Perc_coupling_errors_on_RP.rml
2025-02-10 19:38:35,152 - INFO - Prepared sim number: 2: RAYPy_Simulation_bessy2hi_56m_PGM_2Perc_coupling_errors_on_RP/round_7/2_bessy2hi_56m_PGM_2Perc_coupling_errors_on_RP.rml
2025-02-10 19:38:35,156 - INFO - Prepared sim number: 3: RAYPy_Simulation_bessy2hi_56m_PGM_2Perc_coupling_errors_on_RP/round_7/3_bessy2hi_56m_PGM_2Perc_coupling_errors_on_RP.rml
2025-02-10 19:38:35,160 - INFO - Prepared sim number: 4: RAYPy_Simulation_bessy2hi_56m_PGM_2Perc_coupling_errors_on_RP/round_7/4_bessy2hi_56m_PGM_2Perc_coupling_errors_on_RP.rml
2025-02-10 19:38:35,163 - INFO - Prepared sim number: 5: RAYPy_Simulation_bessy2hi_56m_PGM_2Perc_coupling_errors_on_RP/round_7/5_bessy2hi_56m_PGM_2Perc_coupling_errors_on_RP.rml
2025-02-10 19:38:35,167 - INFO - Prepared sim number: 6: RAYPy_Simulation_bessy2hi_56m_PGM_2Perc_coupling_errors_on_RP/round_7/6_bessy2hi_56m_PGM_2Perc_coupling_errors_on_RP.rml
2025-02-10 19:38:35,170 - INFO - Prepared sim number: 7: RAYPy_Simulation_bessy2hi_56m_PGM_2Perc_coupling_errors_on_RP/round_7/7_bessy2hi_56m_PGM_2Perc_coupling_errors_on_RP.rml
2025-02-10 19:38:35,173 - INFO - Prepared sim number: 8: RAYPy_Simulation_bessy2hi_56m_PGM_2Perc_coupling_errors_on_RP/round_7/8_bessy2hi_56m_PGM_2Perc_coupling_errors_on_RP.rml
2025-02-10 19:38:35,177 - INFO - Prepared sim number: 9: RAYPy_Simulation_bessy2hi_56m_PGM_2Perc_coupling_errors_on_RP/round_7/9_bessy2hi_56m_PGM_2Perc_coupling_errors_on_RP.rml
2025-02-10 19:38:35,180 - INFO - Prepared sim number: 10: RAYPy_Simulation_bessy2hi_56m_PGM_2Perc_coupling_errors_on_RP/round_7/10_bessy2hi_56m_PGM_2Perc_coupling_errors_on_RP.rml
2025-02-10 19:38:35,183 - INFO - Prepared sim number: 11: RAYPy_Simulation_bessy2hi_56m_PGM_2Perc_coupling_errors_on_RP/round_7/11_bessy2hi_56m_PGM_2Perc_coupling_errors_on_RP.rml
2025-02-10 19:38:35,187 - INFO - Prepared sim number: 12: RAYPy_Simulation_bessy2hi_56m_PGM_2Perc_coupling_errors_on_RP/round_7/12_bessy2hi_56m_PGM_2Perc_coupling_errors_on_RP.rml
2025-02-10 19:38:35,188 - INFO - Waiting for batch number: 4, timeout: 21.38524931669235s
2025-02-10 19:38:37,941 - INFO - Completed: 1, remaining: 59, RAYPy_Simulation_bessy2hi_56m_PGM_2Perc_coupling_errors_on_RP/round_6/0_bessy2hi_56m_PGM_2Perc_coupling_errors_on_RP.rml
2025-02-10 19:38:38,012 - INFO - Completed: 2, remaining: 58, RAYPy_Simulation_bessy2hi_56m_PGM_2Perc_coupling_errors_on_RP/round_6/4_bessy2hi_56m_PGM_2Perc_coupling_errors_on_RP.rml
2025-02-10 19:38:38,111 - INFO - Completed: 3, remaining: 57, RAYPy_Simulation_bessy2hi_56m_PGM_2Perc_coupling_errors_on_RP/round_6/2_bessy2hi_56m_PGM_2Perc_coupling_errors_on_RP.rml
2025-02-10 19:38:38,214 - INFO - Completed: 4, remaining: 56, RAYPy_Simulation_bessy2hi_56m_PGM_2Perc_coupling_errors_on_RP/round_6/1_bessy2hi_56m_PGM_2Perc_coupling_errors_on_RP.rml
2025-02-10 19:38:38,234 - INFO - Completed: 5, remaining: 55, RAYPy_Simulation_bessy2hi_56m_PGM_2Perc_coupling_errors_on_RP/round_5/36_bessy2hi_56m_PGM_2Perc_coupling_errors_on_RP.rml
2025-02-10 19:38:38,354 - INFO - Completed: 6, remaining: 54, RAYPy_Simulation_bessy2hi_56m_PGM_2Perc_coupling_errors_on_RP/round_5/37_bessy2hi_56m_PGM_2Perc_coupling_errors_on_RP.rml
2025-02-10 19:38:38,424 - INFO - Completed: 7, remaining: 53, RAYPy_Simulation_bessy2hi_56m_PGM_2Perc_coupling_errors_on_RP/round_5/35_bessy2hi_56m_PGM_2Perc_coupling_errors_on_RP.rml
2025-02-10 19:38:38,584 - INFO - Completed: 8, remaining: 52, RAYPy_Simulation_bessy2hi_56m_PGM_2Perc_coupling_errors_on_RP/round_5/39_bessy2hi_56m_PGM_2Perc_coupling_errors_on_RP.rml
2025-02-10 19:38:38,757 - INFO - Completed: 9, remaining: 51, RAYPy_Simulation_bessy2hi_56m_PGM_2Perc_coupling_errors_on_RP/round_6/3_bessy2hi_56m_PGM_2Perc_coupling_errors_on_RP.rml
2025-02-10 19:38:40,508 - INFO - Completed: 10, remaining: 50, RAYPy_Simulation_bessy2hi_56m_PGM_2Perc_coupling_errors_on_RP/round_6/5_bessy2hi_56m_PGM_2Perc_coupling_errors_on_RP.rml
2025-02-10 19:38:40,770 - INFO - Completed: 11, remaining: 49, RAYPy_Simulation_bessy2hi_56m_PGM_2Perc_coupling_errors_on_RP/round_5/40_bessy2hi_56m_PGM_2Perc_coupling_errors_on_RP.rml
2025-02-10 19:38:40,822 - INFO - Completed: 12, remaining: 48, RAYPy_Simulation_bessy2hi_56m_PGM_2Perc_coupling_errors_on_RP/round_5/38_bessy2hi_56m_PGM_2Perc_coupling_errors_on_RP.rml
2025-02-10 19:38:41,322 - INFO - Completed: 13, remaining: 47, RAYPy_Simulation_bessy2hi_56m_PGM_2Perc_coupling_errors_on_RP/round_6/6_bessy2hi_56m_PGM_2Perc_coupling_errors_on_RP.rml
2025-02-10 19:38:41,515 - INFO - Completed: 14, remaining: 46, RAYPy_Simulation_bessy2hi_56m_PGM_2Perc_coupling_errors_on_RP/round_6/8_bessy2hi_56m_PGM_2Perc_coupling_errors_on_RP.rml
2025-02-10 19:38:41,549 - INFO - Completed: 15, remaining: 45, RAYPy_Simulation_bessy2hi_56m_PGM_2Perc_coupling_errors_on_RP/round_6/7_bessy2hi_56m_PGM_2Perc_coupling_errors_on_RP.rml
2025-02-10 19:38:41,712 - INFO - Completed: 16, remaining: 44, RAYPy_Simulation_bessy2hi_56m_PGM_2Perc_coupling_errors_on_RP/round_6/9_bessy2hi_56m_PGM_2Perc_coupling_errors_on_RP.rml
2025-02-10 19:38:41,834 - INFO - Completed: 17, remaining: 43, RAYPy_Simulation_bessy2hi_56m_PGM_2Perc_coupling_errors_on_RP/round_6/11_bessy2hi_56m_PGM_2Perc_coupling_errors_on_RP.rml
2025-02-10 19:38:41,887 - INFO - Completed: 18, remaining: 42, RAYPy_Simulation_bessy2hi_56m_PGM_2Perc_coupling_errors_on_RP/round_6/13_bessy2hi_56m_PGM_2Perc_coupling_errors_on_RP.rml
2025-02-10 19:38:42,198 - INFO - Completed: 19, remaining: 41, RAYPy_Simulation_bessy2hi_56m_PGM_2Perc_coupling_errors_on_RP/round_6/14_bessy2hi_56m_PGM_2Perc_coupling_errors_on_RP.rml
2025-02-10 19:38:42,219 - INFO - Completed: 20, remaining: 40, RAYPy_Simulation_bessy2hi_56m_PGM_2Perc_coupling_errors_on_RP/round_6/12_bessy2hi_56m_PGM_2Perc_coupling_errors_on_RP.rml
2025-02-10 19:38:42,551 - INFO - Completed: 21, remaining: 39, RAYPy_Simulation_bessy2hi_56m_PGM_2Perc_coupling_errors_on_RP/round_6/10_bessy2hi_56m_PGM_2Perc_coupling_errors_on_RP.rml
2025-02-10 19:38:43,997 - INFO - Completed: 22, remaining: 38, RAYPy_Simulation_bessy2hi_56m_PGM_2Perc_coupling_errors_on_RP/round_6/15_bessy2hi_56m_PGM_2Perc_coupling_errors_on_RP.rml
2025-02-10 19:38:44,282 - INFO - Completed: 23, remaining: 37, RAYPy_Simulation_bessy2hi_56m_PGM_2Perc_coupling_errors_on_RP/round_6/17_bessy2hi_56m_PGM_2Perc_coupling_errors_on_RP.rml
2025-02-10 19:38:44,335 - INFO - Completed: 24, remaining: 36, RAYPy_Simulation_bessy2hi_56m_PGM_2Perc_coupling_errors_on_RP/round_6/16_bessy2hi_56m_PGM_2Perc_coupling_errors_on_RP.rml
2025-02-10 19:38:44,746 - INFO - Completed: 25, remaining: 35, RAYPy_Simulation_bessy2hi_56m_PGM_2Perc_coupling_errors_on_RP/round_6/18_bessy2hi_56m_PGM_2Perc_coupling_errors_on_RP.rml
2025-02-10 19:38:44,945 - INFO - Completed: 26, remaining: 34, RAYPy_Simulation_bessy2hi_56m_PGM_2Perc_coupling_errors_on_RP/round_6/19_bessy2hi_56m_PGM_2Perc_coupling_errors_on_RP.rml
2025-02-10 19:38:44,977 - INFO - Completed: 27, remaining: 33, RAYPy_Simulation_bessy2hi_56m_PGM_2Perc_coupling_errors_on_RP/round_6/20_bessy2hi_56m_PGM_2Perc_coupling_errors_on_RP.rml
2025-02-10 19:38:45,245 - INFO - Completed: 28, remaining: 32, RAYPy_Simulation_bessy2hi_56m_PGM_2Perc_coupling_errors_on_RP/round_6/22_bessy2hi_56m_PGM_2Perc_coupling_errors_on_RP.rml
2025-02-10 19:38:45,366 - INFO - Completed: 29, remaining: 31, RAYPy_Simulation_bessy2hi_56m_PGM_2Perc_coupling_errors_on_RP/round_6/23_bessy2hi_56m_PGM_2Perc_coupling_errors_on_RP.rml
2025-02-10 19:38:45,400 - INFO - Completed: 30, remaining: 30, RAYPy_Simulation_bessy2hi_56m_PGM_2Perc_coupling_errors_on_RP/round_6/21_bessy2hi_56m_PGM_2Perc_coupling_errors_on_RP.rml
2025-02-10 19:38:45,677 - INFO - Completed: 31, remaining: 29, RAYPy_Simulation_bessy2hi_56m_PGM_2Perc_coupling_errors_on_RP/round_6/24_bessy2hi_56m_PGM_2Perc_coupling_errors_on_RP.rml
2025-02-10 19:38:45,844 - INFO - Completed: 32, remaining: 28, RAYPy_Simulation_bessy2hi_56m_PGM_2Perc_coupling_errors_on_RP/round_6/25_bessy2hi_56m_PGM_2Perc_coupling_errors_on_RP.rml
2025-02-10 19:38:45,986 - INFO - Completed: 33, remaining: 27, RAYPy_Simulation_bessy2hi_56m_PGM_2Perc_coupling_errors_on_RP/round_6/26_bessy2hi_56m_PGM_2Perc_coupling_errors_on_RP.rml
2025-02-10 19:38:47,377 - INFO - Completed: 34, remaining: 26, RAYPy_Simulation_bessy2hi_56m_PGM_2Perc_coupling_errors_on_RP/round_6/27_bessy2hi_56m_PGM_2Perc_coupling_errors_on_RP.rml
2025-02-10 19:38:47,726 - INFO - Completed: 35, remaining: 25, RAYPy_Simulation_bessy2hi_56m_PGM_2Perc_coupling_errors_on_RP/round_6/28_bessy2hi_56m_PGM_2Perc_coupling_errors_on_RP.rml
2025-02-10 19:38:47,830 - INFO - Completed: 36, remaining: 24, RAYPy_Simulation_bessy2hi_56m_PGM_2Perc_coupling_errors_on_RP/round_6/29_bessy2hi_56m_PGM_2Perc_coupling_errors_on_RP.rml
2025-02-10 19:38:48,019 - INFO - Completed: 37, remaining: 23, RAYPy_Simulation_bessy2hi_56m_PGM_2Perc_coupling_errors_on_RP/round_6/30_bessy2hi_56m_PGM_2Perc_coupling_errors_on_RP.rml
2025-02-10 19:38:48,161 - INFO - Completed: 38, remaining: 22, RAYPy_Simulation_bessy2hi_56m_PGM_2Perc_coupling_errors_on_RP/round_6/31_bessy2hi_56m_PGM_2Perc_coupling_errors_on_RP.rml
2025-02-10 19:38:48,316 - INFO - Completed: 39, remaining: 21, RAYPy_Simulation_bessy2hi_56m_PGM_2Perc_coupling_errors_on_RP/round_6/32_bessy2hi_56m_PGM_2Perc_coupling_errors_on_RP.rml
2025-02-10 19:38:48,674 - INFO - Completed: 40, remaining: 20, RAYPy_Simulation_bessy2hi_56m_PGM_2Perc_coupling_errors_on_RP/round_6/33_bessy2hi_56m_PGM_2Perc_coupling_errors_on_RP.rml
2025-02-10 19:38:48,786 - INFO - Completed: 41, remaining: 19, RAYPy_Simulation_bessy2hi_56m_PGM_2Perc_coupling_errors_on_RP/round_6/34_bessy2hi_56m_PGM_2Perc_coupling_errors_on_RP.rml
2025-02-10 19:38:48,803 - INFO - Completed: 42, remaining: 18, RAYPy_Simulation_bessy2hi_56m_PGM_2Perc_coupling_errors_on_RP/round_6/35_bessy2hi_56m_PGM_2Perc_coupling_errors_on_RP.rml
2025-02-10 19:38:49,056 - INFO - Completed: 43, remaining: 17, RAYPy_Simulation_bessy2hi_56m_PGM_2Perc_coupling_errors_on_RP/round_6/36_bessy2hi_56m_PGM_2Perc_coupling_errors_on_RP.rml
2025-02-10 19:38:49,357 - INFO - Completed: 44, remaining: 16, RAYPy_Simulation_bessy2hi_56m_PGM_2Perc_coupling_errors_on_RP/round_6/37_bessy2hi_56m_PGM_2Perc_coupling_errors_on_RP.rml
2025-02-10 19:38:49,534 - INFO - Completed: 45, remaining: 15, RAYPy_Simulation_bessy2hi_56m_PGM_2Perc_coupling_errors_on_RP/round_6/38_bessy2hi_56m_PGM_2Perc_coupling_errors_on_RP.rml
2025-02-10 19:38:51,045 - INFO - Completed: 46, remaining: 14, RAYPy_Simulation_bessy2hi_56m_PGM_2Perc_coupling_errors_on_RP/round_6/39_bessy2hi_56m_PGM_2Perc_coupling_errors_on_RP.rml
2025-02-10 19:38:51,233 - INFO - Completed: 47, remaining: 13, RAYPy_Simulation_bessy2hi_56m_PGM_2Perc_coupling_errors_on_RP/round_7/0_bessy2hi_56m_PGM_2Perc_coupling_errors_on_RP.rml
2025-02-10 19:38:51,386 - INFO - Completed: 48, remaining: 12, RAYPy_Simulation_bessy2hi_56m_PGM_2Perc_coupling_errors_on_RP/round_7/1_bessy2hi_56m_PGM_2Perc_coupling_errors_on_RP.rml
2025-02-10 19:38:51,596 - INFO - Completed: 49, remaining: 11, RAYPy_Simulation_bessy2hi_56m_PGM_2Perc_coupling_errors_on_RP/round_7/2_bessy2hi_56m_PGM_2Perc_coupling_errors_on_RP.rml
2025-02-10 19:38:51,745 - INFO - Completed: 50, remaining: 10, RAYPy_Simulation_bessy2hi_56m_PGM_2Perc_coupling_errors_on_RP/round_7/3_bessy2hi_56m_PGM_2Perc_coupling_errors_on_RP.rml
2025-02-10 19:38:51,759 - INFO - Completed: 51, remaining: 9, RAYPy_Simulation_bessy2hi_56m_PGM_2Perc_coupling_errors_on_RP/round_6/40_bessy2hi_56m_PGM_2Perc_coupling_errors_on_RP.rml
2025-02-10 19:38:52,131 - INFO - Completed: 52, remaining: 8, RAYPy_Simulation_bessy2hi_56m_PGM_2Perc_coupling_errors_on_RP/round_7/4_bessy2hi_56m_PGM_2Perc_coupling_errors_on_RP.rml
2025-02-10 19:38:52,178 - INFO - Completed: 53, remaining: 7, RAYPy_Simulation_bessy2hi_56m_PGM_2Perc_coupling_errors_on_RP/round_7/5_bessy2hi_56m_PGM_2Perc_coupling_errors_on_RP.rml
2025-02-10 19:38:52,247 - INFO - Completed: 54, remaining: 6, RAYPy_Simulation_bessy2hi_56m_PGM_2Perc_coupling_errors_on_RP/round_7/6_bessy2hi_56m_PGM_2Perc_coupling_errors_on_RP.rml
2025-02-10 19:38:52,459 - INFO - Completed: 55, remaining: 5, RAYPy_Simulation_bessy2hi_56m_PGM_2Perc_coupling_errors_on_RP/round_7/7_bessy2hi_56m_PGM_2Perc_coupling_errors_on_RP.rml
2025-02-10 19:38:52,821 - INFO - Completed: 56, remaining: 4, RAYPy_Simulation_bessy2hi_56m_PGM_2Perc_coupling_errors_on_RP/round_7/9_bessy2hi_56m_PGM_2Perc_coupling_errors_on_RP.rml
2025-02-10 19:38:53,202 - INFO - Completed: 57, remaining: 3, RAYPy_Simulation_bessy2hi_56m_PGM_2Perc_coupling_errors_on_RP/round_7/8_bessy2hi_56m_PGM_2Perc_coupling_errors_on_RP.rml
2025-02-10 19:38:53,742 - INFO - Completed: 58, remaining: 2, RAYPy_Simulation_bessy2hi_56m_PGM_2Perc_coupling_errors_on_RP/round_7/10_bessy2hi_56m_PGM_2Perc_coupling_errors_on_RP.rml
2025-02-10 19:38:53,749 - INFO - Completed: 59, remaining: 1, RAYPy_Simulation_bessy2hi_56m_PGM_2Perc_coupling_errors_on_RP/round_7/11_bessy2hi_56m_PGM_2Perc_coupling_errors_on_RP.rml
2025-02-10 19:38:53,991 - INFO - Completed: 60, remaining: 0, RAYPy_Simulation_bessy2hi_56m_PGM_2Perc_coupling_errors_on_RP/round_7/12_bessy2hi_56m_PGM_2Perc_coupling_errors_on_RP.rml
2025-02-10 19:38:53,991 - INFO - Batch Completed
2025-02-10 19:38:53,991 - INFO - Waiting For batch, 60 simulations to go
2025-02-10 19:38:54,000 - INFO - Prepared sim number: 13: RAYPy_Simulation_bessy2hi_56m_PGM_2Perc_coupling_errors_on_RP/round_7/13_bessy2hi_56m_PGM_2Perc_coupling_errors_on_RP.rml
2025-02-10 19:38:54,008 - INFO - Prepared sim number: 14: RAYPy_Simulation_bessy2hi_56m_PGM_2Perc_coupling_errors_on_RP/round_7/14_bessy2hi_56m_PGM_2Perc_coupling_errors_on_RP.rml
2025-02-10 19:38:54,016 - INFO - Prepared sim number: 15: RAYPy_Simulation_bessy2hi_56m_PGM_2Perc_coupling_errors_on_RP/round_7/15_bessy2hi_56m_PGM_2Perc_coupling_errors_on_RP.rml
2025-02-10 19:38:54,023 - INFO - Prepared sim number: 16: RAYPy_Simulation_bessy2hi_56m_PGM_2Perc_coupling_errors_on_RP/round_7/16_bessy2hi_56m_PGM_2Perc_coupling_errors_on_RP.rml
2025-02-10 19:38:54,030 - INFO - Prepared sim number: 17: RAYPy_Simulation_bessy2hi_56m_PGM_2Perc_coupling_errors_on_RP/round_7/17_bessy2hi_56m_PGM_2Perc_coupling_errors_on_RP.rml
2025-02-10 19:38:54,036 - INFO - Prepared sim number: 18: RAYPy_Simulation_bessy2hi_56m_PGM_2Perc_coupling_errors_on_RP/round_7/18_bessy2hi_56m_PGM_2Perc_coupling_errors_on_RP.rml
2025-02-10 19:38:54,042 - INFO - Prepared sim number: 19: RAYPy_Simulation_bessy2hi_56m_PGM_2Perc_coupling_errors_on_RP/round_7/19_bessy2hi_56m_PGM_2Perc_coupling_errors_on_RP.rml
2025-02-10 19:38:54,046 - INFO - Prepared sim number: 20: RAYPy_Simulation_bessy2hi_56m_PGM_2Perc_coupling_errors_on_RP/round_7/20_bessy2hi_56m_PGM_2Perc_coupling_errors_on_RP.rml
2025-02-10 19:38:54,051 - INFO - Prepared sim number: 21: RAYPy_Simulation_bessy2hi_56m_PGM_2Perc_coupling_errors_on_RP/round_7/21_bessy2hi_56m_PGM_2Perc_coupling_errors_on_RP.rml
2025-02-10 19:38:54,056 - INFO - Prepared sim number: 22: RAYPy_Simulation_bessy2hi_56m_PGM_2Perc_coupling_errors_on_RP/round_7/22_bessy2hi_56m_PGM_2Perc_coupling_errors_on_RP.rml
2025-02-10 19:38:54,061 - INFO - Prepared sim number: 23: RAYPy_Simulation_bessy2hi_56m_PGM_2Perc_coupling_errors_on_RP/round_7/23_bessy2hi_56m_PGM_2Perc_coupling_errors_on_RP.rml
2025-02-10 19:38:54,066 - INFO - Prepared sim number: 24: RAYPy_Simulation_bessy2hi_56m_PGM_2Perc_coupling_errors_on_RP/round_7/24_bessy2hi_56m_PGM_2Perc_coupling_errors_on_RP.rml
2025-02-10 19:38:54,072 - INFO - Prepared sim number: 25: RAYPy_Simulation_bessy2hi_56m_PGM_2Perc_coupling_errors_on_RP/round_7/25_bessy2hi_56m_PGM_2Perc_coupling_errors_on_RP.rml
2025-02-10 19:38:54,077 - INFO - Prepared sim number: 26: RAYPy_Simulation_bessy2hi_56m_PGM_2Perc_coupling_errors_on_RP/round_7/26_bessy2hi_56m_PGM_2Perc_coupling_errors_on_RP.rml
2025-02-10 19:38:54,082 - INFO - Prepared sim number: 27: RAYPy_Simulation_bessy2hi_56m_PGM_2Perc_coupling_errors_on_RP/round_7/27_bessy2hi_56m_PGM_2Perc_coupling_errors_on_RP.rml
2025-02-10 19:38:54,087 - INFO - Prepared sim number: 28: RAYPy_Simulation_bessy2hi_56m_PGM_2Perc_coupling_errors_on_RP/round_7/28_bessy2hi_56m_PGM_2Perc_coupling_errors_on_RP.rml
2025-02-10 19:38:54,092 - INFO - Prepared sim number: 29: RAYPy_Simulation_bessy2hi_56m_PGM_2Perc_coupling_errors_on_RP/round_7/29_bessy2hi_56m_PGM_2Perc_coupling_errors_on_RP.rml
2025-02-10 19:38:54,097 - INFO - Prepared sim number: 30: RAYPy_Simulation_bessy2hi_56m_PGM_2Perc_coupling_errors_on_RP/round_7/30_bessy2hi_56m_PGM_2Perc_coupling_errors_on_RP.rml
2025-02-10 19:38:54,102 - INFO - Prepared sim number: 31: RAYPy_Simulation_bessy2hi_56m_PGM_2Perc_coupling_errors_on_RP/round_7/31_bessy2hi_56m_PGM_2Perc_coupling_errors_on_RP.rml
2025-02-10 19:38:54,106 - INFO - Prepared sim number: 32: RAYPy_Simulation_bessy2hi_56m_PGM_2Perc_coupling_errors_on_RP/round_7/32_bessy2hi_56m_PGM_2Perc_coupling_errors_on_RP.rml
2025-02-10 19:38:54,111 - INFO - Prepared sim number: 33: RAYPy_Simulation_bessy2hi_56m_PGM_2Perc_coupling_errors_on_RP/round_7/33_bessy2hi_56m_PGM_2Perc_coupling_errors_on_RP.rml
2025-02-10 19:38:54,116 - INFO - Prepared sim number: 34: RAYPy_Simulation_bessy2hi_56m_PGM_2Perc_coupling_errors_on_RP/round_7/34_bessy2hi_56m_PGM_2Perc_coupling_errors_on_RP.rml
2025-02-10 19:38:54,121 - INFO - Prepared sim number: 35: RAYPy_Simulation_bessy2hi_56m_PGM_2Perc_coupling_errors_on_RP/round_7/35_bessy2hi_56m_PGM_2Perc_coupling_errors_on_RP.rml
2025-02-10 19:38:54,125 - INFO - Prepared sim number: 36: RAYPy_Simulation_bessy2hi_56m_PGM_2Perc_coupling_errors_on_RP/round_7/36_bessy2hi_56m_PGM_2Perc_coupling_errors_on_RP.rml
2025-02-10 19:38:54,130 - INFO - Prepared sim number: 37: RAYPy_Simulation_bessy2hi_56m_PGM_2Perc_coupling_errors_on_RP/round_7/37_bessy2hi_56m_PGM_2Perc_coupling_errors_on_RP.rml
2025-02-10 19:38:54,135 - INFO - Prepared sim number: 38: RAYPy_Simulation_bessy2hi_56m_PGM_2Perc_coupling_errors_on_RP/round_7/38_bessy2hi_56m_PGM_2Perc_coupling_errors_on_RP.rml
2025-02-10 19:38:54,141 - INFO - Prepared sim number: 39: RAYPy_Simulation_bessy2hi_56m_PGM_2Perc_coupling_errors_on_RP/round_7/39_bessy2hi_56m_PGM_2Perc_coupling_errors_on_RP.rml
2025-02-10 19:38:54,146 - INFO - Prepared sim number: 40: RAYPy_Simulation_bessy2hi_56m_PGM_2Perc_coupling_errors_on_RP/round_7/40_bessy2hi_56m_PGM_2Perc_coupling_errors_on_RP.rml
2025-02-10 19:38:54,146 - INFO - Start round 8
2025-02-10 19:38:54,151 - INFO - Prepared sim number: 0: RAYPy_Simulation_bessy2hi_56m_PGM_2Perc_coupling_errors_on_RP/round_8/0_bessy2hi_56m_PGM_2Perc_coupling_errors_on_RP.rml
2025-02-10 19:38:54,156 - INFO - Prepared sim number: 1: RAYPy_Simulation_bessy2hi_56m_PGM_2Perc_coupling_errors_on_RP/round_8/1_bessy2hi_56m_PGM_2Perc_coupling_errors_on_RP.rml
2025-02-10 19:38:54,160 - INFO - Prepared sim number: 2: RAYPy_Simulation_bessy2hi_56m_PGM_2Perc_coupling_errors_on_RP/round_8/2_bessy2hi_56m_PGM_2Perc_coupling_errors_on_RP.rml
2025-02-10 19:38:54,165 - INFO - Prepared sim number: 3: RAYPy_Simulation_bessy2hi_56m_PGM_2Perc_coupling_errors_on_RP/round_8/3_bessy2hi_56m_PGM_2Perc_coupling_errors_on_RP.rml
2025-02-10 19:38:54,170 - INFO - Prepared sim number: 4: RAYPy_Simulation_bessy2hi_56m_PGM_2Perc_coupling_errors_on_RP/round_8/4_bessy2hi_56m_PGM_2Perc_coupling_errors_on_RP.rml
2025-02-10 19:38:54,176 - INFO - Prepared sim number: 5: RAYPy_Simulation_bessy2hi_56m_PGM_2Perc_coupling_errors_on_RP/round_8/5_bessy2hi_56m_PGM_2Perc_coupling_errors_on_RP.rml
2025-02-10 19:38:54,180 - INFO - Prepared sim number: 6: RAYPy_Simulation_bessy2hi_56m_PGM_2Perc_coupling_errors_on_RP/round_8/6_bessy2hi_56m_PGM_2Perc_coupling_errors_on_RP.rml
2025-02-10 19:38:54,184 - INFO - Prepared sim number: 7: RAYPy_Simulation_bessy2hi_56m_PGM_2Perc_coupling_errors_on_RP/round_8/7_bessy2hi_56m_PGM_2Perc_coupling_errors_on_RP.rml
2025-02-10 19:38:54,189 - INFO - Prepared sim number: 8: RAYPy_Simulation_bessy2hi_56m_PGM_2Perc_coupling_errors_on_RP/round_8/8_bessy2hi_56m_PGM_2Perc_coupling_errors_on_RP.rml
2025-02-10 19:38:54,194 - INFO - Prepared sim number: 9: RAYPy_Simulation_bessy2hi_56m_PGM_2Perc_coupling_errors_on_RP/round_8/9_bessy2hi_56m_PGM_2Perc_coupling_errors_on_RP.rml
2025-02-10 19:38:54,199 - INFO - Prepared sim number: 10: RAYPy_Simulation_bessy2hi_56m_PGM_2Perc_coupling_errors_on_RP/round_8/10_bessy2hi_56m_PGM_2Perc_coupling_errors_on_RP.rml
2025-02-10 19:38:54,204 - INFO - Prepared sim number: 11: RAYPy_Simulation_bessy2hi_56m_PGM_2Perc_coupling_errors_on_RP/round_8/11_bessy2hi_56m_PGM_2Perc_coupling_errors_on_RP.rml
2025-02-10 19:38:54,209 - INFO - Prepared sim number: 12: RAYPy_Simulation_bessy2hi_56m_PGM_2Perc_coupling_errors_on_RP/round_8/12_bessy2hi_56m_PGM_2Perc_coupling_errors_on_RP.rml
2025-02-10 19:38:54,213 - INFO - Prepared sim number: 13: RAYPy_Simulation_bessy2hi_56m_PGM_2Perc_coupling_errors_on_RP/round_8/13_bessy2hi_56m_PGM_2Perc_coupling_errors_on_RP.rml
2025-02-10 19:38:54,218 - INFO - Prepared sim number: 14: RAYPy_Simulation_bessy2hi_56m_PGM_2Perc_coupling_errors_on_RP/round_8/14_bessy2hi_56m_PGM_2Perc_coupling_errors_on_RP.rml
2025-02-10 19:38:54,223 - INFO - Prepared sim number: 15: RAYPy_Simulation_bessy2hi_56m_PGM_2Perc_coupling_errors_on_RP/round_8/15_bessy2hi_56m_PGM_2Perc_coupling_errors_on_RP.rml
2025-02-10 19:38:54,227 - INFO - Prepared sim number: 16: RAYPy_Simulation_bessy2hi_56m_PGM_2Perc_coupling_errors_on_RP/round_8/16_bessy2hi_56m_PGM_2Perc_coupling_errors_on_RP.rml
2025-02-10 19:38:54,231 - INFO - Prepared sim number: 17: RAYPy_Simulation_bessy2hi_56m_PGM_2Perc_coupling_errors_on_RP/round_8/17_bessy2hi_56m_PGM_2Perc_coupling_errors_on_RP.rml
2025-02-10 19:38:54,236 - INFO - Prepared sim number: 18: RAYPy_Simulation_bessy2hi_56m_PGM_2Perc_coupling_errors_on_RP/round_8/18_bessy2hi_56m_PGM_2Perc_coupling_errors_on_RP.rml
2025-02-10 19:38:54,242 - INFO - Prepared sim number: 19: RAYPy_Simulation_bessy2hi_56m_PGM_2Perc_coupling_errors_on_RP/round_8/19_bessy2hi_56m_PGM_2Perc_coupling_errors_on_RP.rml
2025-02-10 19:38:54,246 - INFO - Prepared sim number: 20: RAYPy_Simulation_bessy2hi_56m_PGM_2Perc_coupling_errors_on_RP/round_8/20_bessy2hi_56m_PGM_2Perc_coupling_errors_on_RP.rml
2025-02-10 19:38:54,251 - INFO - Prepared sim number: 21: RAYPy_Simulation_bessy2hi_56m_PGM_2Perc_coupling_errors_on_RP/round_8/21_bessy2hi_56m_PGM_2Perc_coupling_errors_on_RP.rml
2025-02-10 19:38:54,256 - INFO - Prepared sim number: 22: RAYPy_Simulation_bessy2hi_56m_PGM_2Perc_coupling_errors_on_RP/round_8/22_bessy2hi_56m_PGM_2Perc_coupling_errors_on_RP.rml
2025-02-10 19:38:54,261 - INFO - Prepared sim number: 23: RAYPy_Simulation_bessy2hi_56m_PGM_2Perc_coupling_errors_on_RP/round_8/23_bessy2hi_56m_PGM_2Perc_coupling_errors_on_RP.rml
2025-02-10 19:38:54,265 - INFO - Prepared sim number: 24: RAYPy_Simulation_bessy2hi_56m_PGM_2Perc_coupling_errors_on_RP/round_8/24_bessy2hi_56m_PGM_2Perc_coupling_errors_on_RP.rml
2025-02-10 19:38:54,270 - INFO - Prepared sim number: 25: RAYPy_Simulation_bessy2hi_56m_PGM_2Perc_coupling_errors_on_RP/round_8/25_bessy2hi_56m_PGM_2Perc_coupling_errors_on_RP.rml
2025-02-10 19:38:54,275 - INFO - Prepared sim number: 26: RAYPy_Simulation_bessy2hi_56m_PGM_2Perc_coupling_errors_on_RP/round_8/26_bessy2hi_56m_PGM_2Perc_coupling_errors_on_RP.rml
2025-02-10 19:38:54,280 - INFO - Prepared sim number: 27: RAYPy_Simulation_bessy2hi_56m_PGM_2Perc_coupling_errors_on_RP/round_8/27_bessy2hi_56m_PGM_2Perc_coupling_errors_on_RP.rml
2025-02-10 19:38:54,286 - INFO - Prepared sim number: 28: RAYPy_Simulation_bessy2hi_56m_PGM_2Perc_coupling_errors_on_RP/round_8/28_bessy2hi_56m_PGM_2Perc_coupling_errors_on_RP.rml
2025-02-10 19:38:54,291 - INFO - Prepared sim number: 29: RAYPy_Simulation_bessy2hi_56m_PGM_2Perc_coupling_errors_on_RP/round_8/29_bessy2hi_56m_PGM_2Perc_coupling_errors_on_RP.rml
2025-02-10 19:38:54,296 - INFO - Prepared sim number: 30: RAYPy_Simulation_bessy2hi_56m_PGM_2Perc_coupling_errors_on_RP/round_8/30_bessy2hi_56m_PGM_2Perc_coupling_errors_on_RP.rml
2025-02-10 19:38:54,301 - INFO - Prepared sim number: 31: RAYPy_Simulation_bessy2hi_56m_PGM_2Perc_coupling_errors_on_RP/round_8/31_bessy2hi_56m_PGM_2Perc_coupling_errors_on_RP.rml
2025-02-10 19:38:54,301 - INFO - Waiting for batch number: 5, timeout: 21.294250545501708s
2025-02-10 19:38:56,967 - INFO - Completed: 1, remaining: 59, RAYPy_Simulation_bessy2hi_56m_PGM_2Perc_coupling_errors_on_RP/round_7/14_bessy2hi_56m_PGM_2Perc_coupling_errors_on_RP.rml
2025-02-10 19:38:57,040 - INFO - Completed: 2, remaining: 58, RAYPy_Simulation_bessy2hi_56m_PGM_2Perc_coupling_errors_on_RP/round_7/20_bessy2hi_56m_PGM_2Perc_coupling_errors_on_RP.rml
2025-02-10 19:38:57,055 - INFO - Completed: 3, remaining: 57, RAYPy_Simulation_bessy2hi_56m_PGM_2Perc_coupling_errors_on_RP/round_7/17_bessy2hi_56m_PGM_2Perc_coupling_errors_on_RP.rml
2025-02-10 19:38:57,156 - INFO - Completed: 4, remaining: 56, RAYPy_Simulation_bessy2hi_56m_PGM_2Perc_coupling_errors_on_RP/round_7/19_bessy2hi_56m_PGM_2Perc_coupling_errors_on_RP.rml
2025-02-10 19:38:57,196 - INFO - Completed: 5, remaining: 55, RAYPy_Simulation_bessy2hi_56m_PGM_2Perc_coupling_errors_on_RP/round_7/18_bessy2hi_56m_PGM_2Perc_coupling_errors_on_RP.rml
2025-02-10 19:38:57,233 - INFO - Completed: 6, remaining: 54, RAYPy_Simulation_bessy2hi_56m_PGM_2Perc_coupling_errors_on_RP/round_7/15_bessy2hi_56m_PGM_2Perc_coupling_errors_on_RP.rml
2025-02-10 19:38:57,309 - INFO - Completed: 7, remaining: 53, RAYPy_Simulation_bessy2hi_56m_PGM_2Perc_coupling_errors_on_RP/round_7/16_bessy2hi_56m_PGM_2Perc_coupling_errors_on_RP.rml
2025-02-10 19:38:57,521 - INFO - Completed: 8, remaining: 52, RAYPy_Simulation_bessy2hi_56m_PGM_2Perc_coupling_errors_on_RP/round_7/23_bessy2hi_56m_PGM_2Perc_coupling_errors_on_RP.rml
2025-02-10 19:38:59,334 - INFO - Completed: 9, remaining: 51, RAYPy_Simulation_bessy2hi_56m_PGM_2Perc_coupling_errors_on_RP/round_7/21_bessy2hi_56m_PGM_2Perc_coupling_errors_on_RP.rml
2025-02-10 19:38:59,468 - INFO - Completed: 10, remaining: 50, RAYPy_Simulation_bessy2hi_56m_PGM_2Perc_coupling_errors_on_RP/round_7/13_bessy2hi_56m_PGM_2Perc_coupling_errors_on_RP.rml
2025-02-10 19:38:59,578 - INFO - Completed: 11, remaining: 49, RAYPy_Simulation_bessy2hi_56m_PGM_2Perc_coupling_errors_on_RP/round_7/24_bessy2hi_56m_PGM_2Perc_coupling_errors_on_RP.rml
2025-02-10 19:38:59,725 - INFO - Completed: 12, remaining: 48, RAYPy_Simulation_bessy2hi_56m_PGM_2Perc_coupling_errors_on_RP/round_7/22_bessy2hi_56m_PGM_2Perc_coupling_errors_on_RP.rml
2025-02-10 19:39:00,096 - INFO - Completed: 13, remaining: 47, RAYPy_Simulation_bessy2hi_56m_PGM_2Perc_coupling_errors_on_RP/round_7/25_bessy2hi_56m_PGM_2Perc_coupling_errors_on_RP.rml
2025-02-10 19:39:00,136 - INFO - Completed: 14, remaining: 46, RAYPy_Simulation_bessy2hi_56m_PGM_2Perc_coupling_errors_on_RP/round_7/26_bessy2hi_56m_PGM_2Perc_coupling_errors_on_RP.rml
2025-02-10 19:39:00,444 - INFO - Completed: 15, remaining: 45, RAYPy_Simulation_bessy2hi_56m_PGM_2Perc_coupling_errors_on_RP/round_7/28_bessy2hi_56m_PGM_2Perc_coupling_errors_on_RP.rml
2025-02-10 19:39:00,526 - INFO - Completed: 16, remaining: 44, RAYPy_Simulation_bessy2hi_56m_PGM_2Perc_coupling_errors_on_RP/round_7/31_bessy2hi_56m_PGM_2Perc_coupling_errors_on_RP.rml
2025-02-10 19:39:00,656 - INFO - Completed: 17, remaining: 43, RAYPy_Simulation_bessy2hi_56m_PGM_2Perc_coupling_errors_on_RP/round_7/27_bessy2hi_56m_PGM_2Perc_coupling_errors_on_RP.rml
2025-02-10 19:39:00,795 - INFO - Completed: 18, remaining: 42, RAYPy_Simulation_bessy2hi_56m_PGM_2Perc_coupling_errors_on_RP/round_7/29_bessy2hi_56m_PGM_2Perc_coupling_errors_on_RP.rml
2025-02-10 19:39:00,921 - INFO - Completed: 19, remaining: 41, RAYPy_Simulation_bessy2hi_56m_PGM_2Perc_coupling_errors_on_RP/round_7/30_bessy2hi_56m_PGM_2Perc_coupling_errors_on_RP.rml
2025-02-10 19:39:01,038 - INFO - Completed: 20, remaining: 40, RAYPy_Simulation_bessy2hi_56m_PGM_2Perc_coupling_errors_on_RP/round_7/32_bessy2hi_56m_PGM_2Perc_coupling_errors_on_RP.rml
2025-02-10 19:39:02,926 - INFO - Completed: 21, remaining: 39, RAYPy_Simulation_bessy2hi_56m_PGM_2Perc_coupling_errors_on_RP/round_7/33_bessy2hi_56m_PGM_2Perc_coupling_errors_on_RP.rml
2025-02-10 19:39:03,093 - INFO - Completed: 22, remaining: 38, RAYPy_Simulation_bessy2hi_56m_PGM_2Perc_coupling_errors_on_RP/round_7/35_bessy2hi_56m_PGM_2Perc_coupling_errors_on_RP.rml
2025-02-10 19:39:03,346 - INFO - Completed: 23, remaining: 37, RAYPy_Simulation_bessy2hi_56m_PGM_2Perc_coupling_errors_on_RP/round_7/36_bessy2hi_56m_PGM_2Perc_coupling_errors_on_RP.rml
2025-02-10 19:39:03,663 - INFO - Completed: 24, remaining: 36, RAYPy_Simulation_bessy2hi_56m_PGM_2Perc_coupling_errors_on_RP/round_7/37_bessy2hi_56m_PGM_2Perc_coupling_errors_on_RP.rml
2025-02-10 19:39:03,711 - INFO - Completed: 25, remaining: 35, RAYPy_Simulation_bessy2hi_56m_PGM_2Perc_coupling_errors_on_RP/round_7/38_bessy2hi_56m_PGM_2Perc_coupling_errors_on_RP.rml
2025-02-10 19:39:04,142 - INFO - Completed: 26, remaining: 34, RAYPy_Simulation_bessy2hi_56m_PGM_2Perc_coupling_errors_on_RP/round_8/1_bessy2hi_56m_PGM_2Perc_coupling_errors_on_RP.rml
2025-02-10 19:39:04,218 - INFO - Completed: 27, remaining: 33, RAYPy_Simulation_bessy2hi_56m_PGM_2Perc_coupling_errors_on_RP/round_7/34_bessy2hi_56m_PGM_2Perc_coupling_errors_on_RP.rml
2025-02-10 19:39:04,257 - INFO - Completed: 28, remaining: 32, RAYPy_Simulation_bessy2hi_56m_PGM_2Perc_coupling_errors_on_RP/round_7/39_bessy2hi_56m_PGM_2Perc_coupling_errors_on_RP.rml
2025-02-10 19:39:04,462 - INFO - Completed: 29, remaining: 31, RAYPy_Simulation_bessy2hi_56m_PGM_2Perc_coupling_errors_on_RP/round_8/0_bessy2hi_56m_PGM_2Perc_coupling_errors_on_RP.rml
2025-02-10 19:39:04,517 - INFO - Completed: 30, remaining: 30, RAYPy_Simulation_bessy2hi_56m_PGM_2Perc_coupling_errors_on_RP/round_8/3_bessy2hi_56m_PGM_2Perc_coupling_errors_on_RP.rml
2025-02-10 19:39:04,606 - INFO - Completed: 31, remaining: 29, RAYPy_Simulation_bessy2hi_56m_PGM_2Perc_coupling_errors_on_RP/round_8/2_bessy2hi_56m_PGM_2Perc_coupling_errors_on_RP.rml
2025-02-10 19:39:04,617 - INFO - Completed: 32, remaining: 28, RAYPy_Simulation_bessy2hi_56m_PGM_2Perc_coupling_errors_on_RP/round_7/40_bessy2hi_56m_PGM_2Perc_coupling_errors_on_RP.rml
2025-02-10 19:39:06,521 - INFO - Completed: 33, remaining: 27, RAYPy_Simulation_bessy2hi_56m_PGM_2Perc_coupling_errors_on_RP/round_8/4_bessy2hi_56m_PGM_2Perc_coupling_errors_on_RP.rml
2025-02-10 19:39:06,634 - INFO - Completed: 34, remaining: 26, RAYPy_Simulation_bessy2hi_56m_PGM_2Perc_coupling_errors_on_RP/round_8/5_bessy2hi_56m_PGM_2Perc_coupling_errors_on_RP.rml
2025-02-10 19:39:06,786 - INFO - Completed: 35, remaining: 25, RAYPy_Simulation_bessy2hi_56m_PGM_2Perc_coupling_errors_on_RP/round_8/6_bessy2hi_56m_PGM_2Perc_coupling_errors_on_RP.rml
2025-02-10 19:39:06,994 - INFO - Completed: 36, remaining: 24, RAYPy_Simulation_bessy2hi_56m_PGM_2Perc_coupling_errors_on_RP/round_8/8_bessy2hi_56m_PGM_2Perc_coupling_errors_on_RP.rml
2025-02-10 19:39:07,097 - INFO - Completed: 37, remaining: 23, RAYPy_Simulation_bessy2hi_56m_PGM_2Perc_coupling_errors_on_RP/round_8/7_bessy2hi_56m_PGM_2Perc_coupling_errors_on_RP.rml
2025-02-10 19:39:07,440 - INFO - Completed: 38, remaining: 22, RAYPy_Simulation_bessy2hi_56m_PGM_2Perc_coupling_errors_on_RP/round_8/9_bessy2hi_56m_PGM_2Perc_coupling_errors_on_RP.rml
2025-02-10 19:39:07,698 - INFO - Completed: 39, remaining: 21, RAYPy_Simulation_bessy2hi_56m_PGM_2Perc_coupling_errors_on_RP/round_8/11_bessy2hi_56m_PGM_2Perc_coupling_errors_on_RP.rml
2025-02-10 19:39:07,784 - INFO - Completed: 40, remaining: 20, RAYPy_Simulation_bessy2hi_56m_PGM_2Perc_coupling_errors_on_RP/round_8/10_bessy2hi_56m_PGM_2Perc_coupling_errors_on_RP.rml
2025-02-10 19:39:07,942 - INFO - Completed: 41, remaining: 19, RAYPy_Simulation_bessy2hi_56m_PGM_2Perc_coupling_errors_on_RP/round_8/13_bessy2hi_56m_PGM_2Perc_coupling_errors_on_RP.rml
2025-02-10 19:39:08,170 - INFO - Completed: 42, remaining: 18, RAYPy_Simulation_bessy2hi_56m_PGM_2Perc_coupling_errors_on_RP/round_8/15_bessy2hi_56m_PGM_2Perc_coupling_errors_on_RP.rml
2025-02-10 19:39:08,274 - INFO - Completed: 43, remaining: 17, RAYPy_Simulation_bessy2hi_56m_PGM_2Perc_coupling_errors_on_RP/round_8/14_bessy2hi_56m_PGM_2Perc_coupling_errors_on_RP.rml
2025-02-10 19:39:08,636 - INFO - Completed: 44, remaining: 16, RAYPy_Simulation_bessy2hi_56m_PGM_2Perc_coupling_errors_on_RP/round_8/12_bessy2hi_56m_PGM_2Perc_coupling_errors_on_RP.rml
2025-02-10 19:39:09,929 - INFO - Completed: 45, remaining: 15, RAYPy_Simulation_bessy2hi_56m_PGM_2Perc_coupling_errors_on_RP/round_8/16_bessy2hi_56m_PGM_2Perc_coupling_errors_on_RP.rml
2025-02-10 19:39:10,218 - INFO - Completed: 46, remaining: 14, RAYPy_Simulation_bessy2hi_56m_PGM_2Perc_coupling_errors_on_RP/round_8/17_bessy2hi_56m_PGM_2Perc_coupling_errors_on_RP.rml
2025-02-10 19:39:10,311 - INFO - Completed: 47, remaining: 13, RAYPy_Simulation_bessy2hi_56m_PGM_2Perc_coupling_errors_on_RP/round_8/18_bessy2hi_56m_PGM_2Perc_coupling_errors_on_RP.rml
2025-02-10 19:39:10,511 - INFO - Completed: 48, remaining: 12, RAYPy_Simulation_bessy2hi_56m_PGM_2Perc_coupling_errors_on_RP/round_8/20_bessy2hi_56m_PGM_2Perc_coupling_errors_on_RP.rml
2025-02-10 19:39:10,749 - INFO - Completed: 49, remaining: 11, RAYPy_Simulation_bessy2hi_56m_PGM_2Perc_coupling_errors_on_RP/round_8/21_bessy2hi_56m_PGM_2Perc_coupling_errors_on_RP.rml
2025-02-10 19:39:11,010 - INFO - Completed: 50, remaining: 10, RAYPy_Simulation_bessy2hi_56m_PGM_2Perc_coupling_errors_on_RP/round_8/19_bessy2hi_56m_PGM_2Perc_coupling_errors_on_RP.rml
2025-02-10 19:39:11,157 - INFO - Completed: 51, remaining: 9, RAYPy_Simulation_bessy2hi_56m_PGM_2Perc_coupling_errors_on_RP/round_8/22_bessy2hi_56m_PGM_2Perc_coupling_errors_on_RP.rml
2025-02-10 19:39:11,262 - INFO - Completed: 52, remaining: 8, RAYPy_Simulation_bessy2hi_56m_PGM_2Perc_coupling_errors_on_RP/round_8/23_bessy2hi_56m_PGM_2Perc_coupling_errors_on_RP.rml
2025-02-10 19:39:11,326 - INFO - Completed: 53, remaining: 7, RAYPy_Simulation_bessy2hi_56m_PGM_2Perc_coupling_errors_on_RP/round_8/24_bessy2hi_56m_PGM_2Perc_coupling_errors_on_RP.rml
2025-02-10 19:39:11,432 - INFO - Completed: 54, remaining: 6, RAYPy_Simulation_bessy2hi_56m_PGM_2Perc_coupling_errors_on_RP/round_8/25_bessy2hi_56m_PGM_2Perc_coupling_errors_on_RP.rml
2025-02-10 19:39:11,530 - INFO - Completed: 55, remaining: 5, RAYPy_Simulation_bessy2hi_56m_PGM_2Perc_coupling_errors_on_RP/round_8/26_bessy2hi_56m_PGM_2Perc_coupling_errors_on_RP.rml
2025-02-10 19:39:11,700 - INFO - Completed: 56, remaining: 4, RAYPy_Simulation_bessy2hi_56m_PGM_2Perc_coupling_errors_on_RP/round_8/27_bessy2hi_56m_PGM_2Perc_coupling_errors_on_RP.rml
2025-02-10 19:39:12,561 - INFO - Completed: 57, remaining: 3, RAYPy_Simulation_bessy2hi_56m_PGM_2Perc_coupling_errors_on_RP/round_8/29_bessy2hi_56m_PGM_2Perc_coupling_errors_on_RP.rml
2025-02-10 19:39:12,641 - INFO - Completed: 58, remaining: 2, RAYPy_Simulation_bessy2hi_56m_PGM_2Perc_coupling_errors_on_RP/round_8/28_bessy2hi_56m_PGM_2Perc_coupling_errors_on_RP.rml
2025-02-10 19:39:12,695 - INFO - Completed: 59, remaining: 1, RAYPy_Simulation_bessy2hi_56m_PGM_2Perc_coupling_errors_on_RP/round_8/30_bessy2hi_56m_PGM_2Perc_coupling_errors_on_RP.rml
2025-02-10 19:39:12,771 - INFO - Completed: 60, remaining: 0, RAYPy_Simulation_bessy2hi_56m_PGM_2Perc_coupling_errors_on_RP/round_8/31_bessy2hi_56m_PGM_2Perc_coupling_errors_on_RP.rml
2025-02-10 19:39:12,771 - INFO - Batch Completed
2025-02-10 19:39:12,771 - INFO - Waiting For batch, 60 simulations to go
2025-02-10 19:39:12,780 - INFO - Prepared sim number: 32: RAYPy_Simulation_bessy2hi_56m_PGM_2Perc_coupling_errors_on_RP/round_8/32_bessy2hi_56m_PGM_2Perc_coupling_errors_on_RP.rml
2025-02-10 19:39:12,787 - INFO - Prepared sim number: 33: RAYPy_Simulation_bessy2hi_56m_PGM_2Perc_coupling_errors_on_RP/round_8/33_bessy2hi_56m_PGM_2Perc_coupling_errors_on_RP.rml
2025-02-10 19:39:12,793 - INFO - Prepared sim number: 34: RAYPy_Simulation_bessy2hi_56m_PGM_2Perc_coupling_errors_on_RP/round_8/34_bessy2hi_56m_PGM_2Perc_coupling_errors_on_RP.rml
2025-02-10 19:39:12,797 - INFO - Prepared sim number: 35: RAYPy_Simulation_bessy2hi_56m_PGM_2Perc_coupling_errors_on_RP/round_8/35_bessy2hi_56m_PGM_2Perc_coupling_errors_on_RP.rml
2025-02-10 19:39:12,802 - INFO - Prepared sim number: 36: RAYPy_Simulation_bessy2hi_56m_PGM_2Perc_coupling_errors_on_RP/round_8/36_bessy2hi_56m_PGM_2Perc_coupling_errors_on_RP.rml
2025-02-10 19:39:12,806 - INFO - Prepared sim number: 37: RAYPy_Simulation_bessy2hi_56m_PGM_2Perc_coupling_errors_on_RP/round_8/37_bessy2hi_56m_PGM_2Perc_coupling_errors_on_RP.rml
2025-02-10 19:39:12,810 - INFO - Prepared sim number: 38: RAYPy_Simulation_bessy2hi_56m_PGM_2Perc_coupling_errors_on_RP/round_8/38_bessy2hi_56m_PGM_2Perc_coupling_errors_on_RP.rml
2025-02-10 19:39:12,814 - INFO - Prepared sim number: 39: RAYPy_Simulation_bessy2hi_56m_PGM_2Perc_coupling_errors_on_RP/round_8/39_bessy2hi_56m_PGM_2Perc_coupling_errors_on_RP.rml
2025-02-10 19:39:12,820 - INFO - Prepared sim number: 40: RAYPy_Simulation_bessy2hi_56m_PGM_2Perc_coupling_errors_on_RP/round_8/40_bessy2hi_56m_PGM_2Perc_coupling_errors_on_RP.rml
2025-02-10 19:39:12,820 - INFO - Start round 9
2025-02-10 19:39:12,824 - INFO - Prepared sim number: 0: RAYPy_Simulation_bessy2hi_56m_PGM_2Perc_coupling_errors_on_RP/round_9/0_bessy2hi_56m_PGM_2Perc_coupling_errors_on_RP.rml
2025-02-10 19:39:12,827 - INFO - Prepared sim number: 1: RAYPy_Simulation_bessy2hi_56m_PGM_2Perc_coupling_errors_on_RP/round_9/1_bessy2hi_56m_PGM_2Perc_coupling_errors_on_RP.rml
2025-02-10 19:39:12,831 - INFO - Prepared sim number: 2: RAYPy_Simulation_bessy2hi_56m_PGM_2Perc_coupling_errors_on_RP/round_9/2_bessy2hi_56m_PGM_2Perc_coupling_errors_on_RP.rml
2025-02-10 19:39:12,835 - INFO - Prepared sim number: 3: RAYPy_Simulation_bessy2hi_56m_PGM_2Perc_coupling_errors_on_RP/round_9/3_bessy2hi_56m_PGM_2Perc_coupling_errors_on_RP.rml
2025-02-10 19:39:12,838 - INFO - Prepared sim number: 4: RAYPy_Simulation_bessy2hi_56m_PGM_2Perc_coupling_errors_on_RP/round_9/4_bessy2hi_56m_PGM_2Perc_coupling_errors_on_RP.rml
2025-02-10 19:39:12,842 - INFO - Prepared sim number: 5: RAYPy_Simulation_bessy2hi_56m_PGM_2Perc_coupling_errors_on_RP/round_9/5_bessy2hi_56m_PGM_2Perc_coupling_errors_on_RP.rml
2025-02-10 19:39:12,846 - INFO - Prepared sim number: 6: RAYPy_Simulation_bessy2hi_56m_PGM_2Perc_coupling_errors_on_RP/round_9/6_bessy2hi_56m_PGM_2Perc_coupling_errors_on_RP.rml
2025-02-10 19:39:12,850 - INFO - Prepared sim number: 7: RAYPy_Simulation_bessy2hi_56m_PGM_2Perc_coupling_errors_on_RP/round_9/7_bessy2hi_56m_PGM_2Perc_coupling_errors_on_RP.rml
2025-02-10 19:39:12,853 - INFO - Prepared sim number: 8: RAYPy_Simulation_bessy2hi_56m_PGM_2Perc_coupling_errors_on_RP/round_9/8_bessy2hi_56m_PGM_2Perc_coupling_errors_on_RP.rml
2025-02-10 19:39:12,856 - INFO - Prepared sim number: 9: RAYPy_Simulation_bessy2hi_56m_PGM_2Perc_coupling_errors_on_RP/round_9/9_bessy2hi_56m_PGM_2Perc_coupling_errors_on_RP.rml
2025-02-10 19:39:12,859 - INFO - Prepared sim number: 10: RAYPy_Simulation_bessy2hi_56m_PGM_2Perc_coupling_errors_on_RP/round_9/10_bessy2hi_56m_PGM_2Perc_coupling_errors_on_RP.rml
2025-02-10 19:39:12,862 - INFO - Prepared sim number: 11: RAYPy_Simulation_bessy2hi_56m_PGM_2Perc_coupling_errors_on_RP/round_9/11_bessy2hi_56m_PGM_2Perc_coupling_errors_on_RP.rml
2025-02-10 19:39:12,866 - INFO - Prepared sim number: 12: RAYPy_Simulation_bessy2hi_56m_PGM_2Perc_coupling_errors_on_RP/round_9/12_bessy2hi_56m_PGM_2Perc_coupling_errors_on_RP.rml
2025-02-10 19:39:12,869 - INFO - Prepared sim number: 13: RAYPy_Simulation_bessy2hi_56m_PGM_2Perc_coupling_errors_on_RP/round_9/13_bessy2hi_56m_PGM_2Perc_coupling_errors_on_RP.rml
2025-02-10 19:39:12,873 - INFO - Prepared sim number: 14: RAYPy_Simulation_bessy2hi_56m_PGM_2Perc_coupling_errors_on_RP/round_9/14_bessy2hi_56m_PGM_2Perc_coupling_errors_on_RP.rml
2025-02-10 19:39:12,877 - INFO - Prepared sim number: 15: RAYPy_Simulation_bessy2hi_56m_PGM_2Perc_coupling_errors_on_RP/round_9/15_bessy2hi_56m_PGM_2Perc_coupling_errors_on_RP.rml
2025-02-10 19:39:12,881 - INFO - Prepared sim number: 16: RAYPy_Simulation_bessy2hi_56m_PGM_2Perc_coupling_errors_on_RP/round_9/16_bessy2hi_56m_PGM_2Perc_coupling_errors_on_RP.rml
2025-02-10 19:39:12,885 - INFO - Prepared sim number: 17: RAYPy_Simulation_bessy2hi_56m_PGM_2Perc_coupling_errors_on_RP/round_9/17_bessy2hi_56m_PGM_2Perc_coupling_errors_on_RP.rml
2025-02-10 19:39:12,888 - INFO - Prepared sim number: 18: RAYPy_Simulation_bessy2hi_56m_PGM_2Perc_coupling_errors_on_RP/round_9/18_bessy2hi_56m_PGM_2Perc_coupling_errors_on_RP.rml
2025-02-10 19:39:12,891 - INFO - Prepared sim number: 19: RAYPy_Simulation_bessy2hi_56m_PGM_2Perc_coupling_errors_on_RP/round_9/19_bessy2hi_56m_PGM_2Perc_coupling_errors_on_RP.rml
2025-02-10 19:39:12,895 - INFO - Prepared sim number: 20: RAYPy_Simulation_bessy2hi_56m_PGM_2Perc_coupling_errors_on_RP/round_9/20_bessy2hi_56m_PGM_2Perc_coupling_errors_on_RP.rml
2025-02-10 19:39:12,898 - INFO - Prepared sim number: 21: RAYPy_Simulation_bessy2hi_56m_PGM_2Perc_coupling_errors_on_RP/round_9/21_bessy2hi_56m_PGM_2Perc_coupling_errors_on_RP.rml
2025-02-10 19:39:12,902 - INFO - Prepared sim number: 22: RAYPy_Simulation_bessy2hi_56m_PGM_2Perc_coupling_errors_on_RP/round_9/22_bessy2hi_56m_PGM_2Perc_coupling_errors_on_RP.rml
2025-02-10 19:39:12,905 - INFO - Prepared sim number: 23: RAYPy_Simulation_bessy2hi_56m_PGM_2Perc_coupling_errors_on_RP/round_9/23_bessy2hi_56m_PGM_2Perc_coupling_errors_on_RP.rml
2025-02-10 19:39:12,908 - INFO - Prepared sim number: 24: RAYPy_Simulation_bessy2hi_56m_PGM_2Perc_coupling_errors_on_RP/round_9/24_bessy2hi_56m_PGM_2Perc_coupling_errors_on_RP.rml
2025-02-10 19:39:12,912 - INFO - Prepared sim number: 25: RAYPy_Simulation_bessy2hi_56m_PGM_2Perc_coupling_errors_on_RP/round_9/25_bessy2hi_56m_PGM_2Perc_coupling_errors_on_RP.rml
2025-02-10 19:39:12,915 - INFO - Prepared sim number: 26: RAYPy_Simulation_bessy2hi_56m_PGM_2Perc_coupling_errors_on_RP/round_9/26_bessy2hi_56m_PGM_2Perc_coupling_errors_on_RP.rml
2025-02-10 19:39:12,918 - INFO - Prepared sim number: 27: RAYPy_Simulation_bessy2hi_56m_PGM_2Perc_coupling_errors_on_RP/round_9/27_bessy2hi_56m_PGM_2Perc_coupling_errors_on_RP.rml
2025-02-10 19:39:12,921 - INFO - Prepared sim number: 28: RAYPy_Simulation_bessy2hi_56m_PGM_2Perc_coupling_errors_on_RP/round_9/28_bessy2hi_56m_PGM_2Perc_coupling_errors_on_RP.rml
2025-02-10 19:39:12,925 - INFO - Prepared sim number: 29: RAYPy_Simulation_bessy2hi_56m_PGM_2Perc_coupling_errors_on_RP/round_9/29_bessy2hi_56m_PGM_2Perc_coupling_errors_on_RP.rml
2025-02-10 19:39:12,928 - INFO - Prepared sim number: 30: RAYPy_Simulation_bessy2hi_56m_PGM_2Perc_coupling_errors_on_RP/round_9/30_bessy2hi_56m_PGM_2Perc_coupling_errors_on_RP.rml
2025-02-10 19:39:12,931 - INFO - Prepared sim number: 31: RAYPy_Simulation_bessy2hi_56m_PGM_2Perc_coupling_errors_on_RP/round_9/31_bessy2hi_56m_PGM_2Perc_coupling_errors_on_RP.rml
2025-02-10 19:39:12,934 - INFO - Prepared sim number: 32: RAYPy_Simulation_bessy2hi_56m_PGM_2Perc_coupling_errors_on_RP/round_9/32_bessy2hi_56m_PGM_2Perc_coupling_errors_on_RP.rml
2025-02-10 19:39:12,938 - INFO - Prepared sim number: 33: RAYPy_Simulation_bessy2hi_56m_PGM_2Perc_coupling_errors_on_RP/round_9/33_bessy2hi_56m_PGM_2Perc_coupling_errors_on_RP.rml
2025-02-10 19:39:12,941 - INFO - Prepared sim number: 34: RAYPy_Simulation_bessy2hi_56m_PGM_2Perc_coupling_errors_on_RP/round_9/34_bessy2hi_56m_PGM_2Perc_coupling_errors_on_RP.rml
2025-02-10 19:39:12,944 - INFO - Prepared sim number: 35: RAYPy_Simulation_bessy2hi_56m_PGM_2Perc_coupling_errors_on_RP/round_9/35_bessy2hi_56m_PGM_2Perc_coupling_errors_on_RP.rml
2025-02-10 19:39:12,948 - INFO - Prepared sim number: 36: RAYPy_Simulation_bessy2hi_56m_PGM_2Perc_coupling_errors_on_RP/round_9/36_bessy2hi_56m_PGM_2Perc_coupling_errors_on_RP.rml
2025-02-10 19:39:12,951 - INFO - Prepared sim number: 37: RAYPy_Simulation_bessy2hi_56m_PGM_2Perc_coupling_errors_on_RP/round_9/37_bessy2hi_56m_PGM_2Perc_coupling_errors_on_RP.rml
2025-02-10 19:39:12,955 - INFO - Prepared sim number: 38: RAYPy_Simulation_bessy2hi_56m_PGM_2Perc_coupling_errors_on_RP/round_9/38_bessy2hi_56m_PGM_2Perc_coupling_errors_on_RP.rml
2025-02-10 19:39:12,958 - INFO - Prepared sim number: 39: RAYPy_Simulation_bessy2hi_56m_PGM_2Perc_coupling_errors_on_RP/round_9/39_bessy2hi_56m_PGM_2Perc_coupling_errors_on_RP.rml
2025-02-10 19:39:12,961 - INFO - Prepared sim number: 40: RAYPy_Simulation_bessy2hi_56m_PGM_2Perc_coupling_errors_on_RP/round_9/40_bessy2hi_56m_PGM_2Perc_coupling_errors_on_RP.rml
2025-02-10 19:39:12,965 - INFO - Waiting for batch number: 6, timeout: 21.231323448816934s
2025-02-10 19:39:15,597 - INFO - Completed: 1, remaining: 59, RAYPy_Simulation_bessy2hi_56m_PGM_2Perc_coupling_errors_on_RP/round_9/1_bessy2hi_56m_PGM_2Perc_coupling_errors_on_RP.rml
2025-02-10 19:39:15,960 - INFO - Completed: 2, remaining: 58, RAYPy_Simulation_bessy2hi_56m_PGM_2Perc_coupling_errors_on_RP/round_8/35_bessy2hi_56m_PGM_2Perc_coupling_errors_on_RP.rml
2025-02-10 19:39:15,975 - INFO - Completed: 3, remaining: 57, RAYPy_Simulation_bessy2hi_56m_PGM_2Perc_coupling_errors_on_RP/round_8/37_bessy2hi_56m_PGM_2Perc_coupling_errors_on_RP.rml
2025-02-10 19:39:16,111 - INFO - Completed: 4, remaining: 56, RAYPy_Simulation_bessy2hi_56m_PGM_2Perc_coupling_errors_on_RP/round_8/40_bessy2hi_56m_PGM_2Perc_coupling_errors_on_RP.rml
2025-02-10 19:39:16,140 - INFO - Completed: 5, remaining: 55, RAYPy_Simulation_bessy2hi_56m_PGM_2Perc_coupling_errors_on_RP/round_8/32_bessy2hi_56m_PGM_2Perc_coupling_errors_on_RP.rml
2025-02-10 19:39:16,217 - INFO - Completed: 6, remaining: 54, RAYPy_Simulation_bessy2hi_56m_PGM_2Perc_coupling_errors_on_RP/round_8/39_bessy2hi_56m_PGM_2Perc_coupling_errors_on_RP.rml
2025-02-10 19:39:16,237 - INFO - Completed: 7, remaining: 53, RAYPy_Simulation_bessy2hi_56m_PGM_2Perc_coupling_errors_on_RP/round_8/33_bessy2hi_56m_PGM_2Perc_coupling_errors_on_RP.rml
2025-02-10 19:39:16,427 - INFO - Completed: 8, remaining: 52, RAYPy_Simulation_bessy2hi_56m_PGM_2Perc_coupling_errors_on_RP/round_8/34_bessy2hi_56m_PGM_2Perc_coupling_errors_on_RP.rml
2025-02-10 19:39:18,333 - INFO - Completed: 9, remaining: 51, RAYPy_Simulation_bessy2hi_56m_PGM_2Perc_coupling_errors_on_RP/round_9/0_bessy2hi_56m_PGM_2Perc_coupling_errors_on_RP.rml
2025-02-10 19:39:18,430 - INFO - Completed: 10, remaining: 50, RAYPy_Simulation_bessy2hi_56m_PGM_2Perc_coupling_errors_on_RP/round_9/2_bessy2hi_56m_PGM_2Perc_coupling_errors_on_RP.rml
2025-02-10 19:39:18,586 - INFO - Completed: 11, remaining: 49, RAYPy_Simulation_bessy2hi_56m_PGM_2Perc_coupling_errors_on_RP/round_8/38_bessy2hi_56m_PGM_2Perc_coupling_errors_on_RP.rml
2025-02-10 19:39:18,625 - INFO - Completed: 12, remaining: 48, RAYPy_Simulation_bessy2hi_56m_PGM_2Perc_coupling_errors_on_RP/round_8/36_bessy2hi_56m_PGM_2Perc_coupling_errors_on_RP.rml
2025-02-10 19:39:19,039 - INFO - Completed: 13, remaining: 47, RAYPy_Simulation_bessy2hi_56m_PGM_2Perc_coupling_errors_on_RP/round_9/3_bessy2hi_56m_PGM_2Perc_coupling_errors_on_RP.rml
2025-02-10 19:39:19,390 - INFO - Completed: 14, remaining: 46, RAYPy_Simulation_bessy2hi_56m_PGM_2Perc_coupling_errors_on_RP/round_9/4_bessy2hi_56m_PGM_2Perc_coupling_errors_on_RP.rml
2025-02-10 19:39:19,669 - INFO - Completed: 15, remaining: 45, RAYPy_Simulation_bessy2hi_56m_PGM_2Perc_coupling_errors_on_RP/round_9/6_bessy2hi_56m_PGM_2Perc_coupling_errors_on_RP.rml
2025-02-10 19:39:19,691 - INFO - Completed: 16, remaining: 44, RAYPy_Simulation_bessy2hi_56m_PGM_2Perc_coupling_errors_on_RP/round_9/5_bessy2hi_56m_PGM_2Perc_coupling_errors_on_RP.rml
2025-02-10 19:39:19,809 - INFO - Completed: 17, remaining: 43, RAYPy_Simulation_bessy2hi_56m_PGM_2Perc_coupling_errors_on_RP/round_9/9_bessy2hi_56m_PGM_2Perc_coupling_errors_on_RP.rml
2025-02-10 19:39:19,888 - INFO - Completed: 18, remaining: 42, RAYPy_Simulation_bessy2hi_56m_PGM_2Perc_coupling_errors_on_RP/round_9/10_bessy2hi_56m_PGM_2Perc_coupling_errors_on_RP.rml
2025-02-10 19:39:19,997 - INFO - Completed: 19, remaining: 41, RAYPy_Simulation_bessy2hi_56m_PGM_2Perc_coupling_errors_on_RP/round_9/8_bessy2hi_56m_PGM_2Perc_coupling_errors_on_RP.rml
2025-02-10 19:39:20,372 - INFO - Completed: 20, remaining: 40, RAYPy_Simulation_bessy2hi_56m_PGM_2Perc_coupling_errors_on_RP/round_9/7_bessy2hi_56m_PGM_2Perc_coupling_errors_on_RP.rml
2025-02-10 19:39:21,794 - INFO - Completed: 21, remaining: 39, RAYPy_Simulation_bessy2hi_56m_PGM_2Perc_coupling_errors_on_RP/round_9/11_bessy2hi_56m_PGM_2Perc_coupling_errors_on_RP.rml
2025-02-10 19:39:21,995 - INFO - Completed: 22, remaining: 38, RAYPy_Simulation_bessy2hi_56m_PGM_2Perc_coupling_errors_on_RP/round_9/12_bessy2hi_56m_PGM_2Perc_coupling_errors_on_RP.rml
2025-02-10 19:39:22,116 - INFO - Completed: 23, remaining: 37, RAYPy_Simulation_bessy2hi_56m_PGM_2Perc_coupling_errors_on_RP/round_9/13_bessy2hi_56m_PGM_2Perc_coupling_errors_on_RP.rml
2025-02-10 19:39:22,162 - INFO - Completed: 24, remaining: 36, RAYPy_Simulation_bessy2hi_56m_PGM_2Perc_coupling_errors_on_RP/round_9/14_bessy2hi_56m_PGM_2Perc_coupling_errors_on_RP.rml
2025-02-10 19:39:22,394 - INFO - Completed: 25, remaining: 35, RAYPy_Simulation_bessy2hi_56m_PGM_2Perc_coupling_errors_on_RP/round_9/15_bessy2hi_56m_PGM_2Perc_coupling_errors_on_RP.rml
2025-02-10 19:39:22,831 - INFO - Completed: 26, remaining: 34, RAYPy_Simulation_bessy2hi_56m_PGM_2Perc_coupling_errors_on_RP/round_9/16_bessy2hi_56m_PGM_2Perc_coupling_errors_on_RP.rml
2025-02-10 19:39:23,115 - INFO - Completed: 27, remaining: 33, RAYPy_Simulation_bessy2hi_56m_PGM_2Perc_coupling_errors_on_RP/round_9/18_bessy2hi_56m_PGM_2Perc_coupling_errors_on_RP.rml
2025-02-10 19:39:23,378 - INFO - Completed: 28, remaining: 32, RAYPy_Simulation_bessy2hi_56m_PGM_2Perc_coupling_errors_on_RP/round_9/19_bessy2hi_56m_PGM_2Perc_coupling_errors_on_RP.rml
2025-02-10 19:39:23,463 - INFO - Completed: 29, remaining: 31, RAYPy_Simulation_bessy2hi_56m_PGM_2Perc_coupling_errors_on_RP/round_9/21_bessy2hi_56m_PGM_2Perc_coupling_errors_on_RP.rml
2025-02-10 19:39:23,725 - INFO - Completed: 30, remaining: 30, RAYPy_Simulation_bessy2hi_56m_PGM_2Perc_coupling_errors_on_RP/round_9/20_bessy2hi_56m_PGM_2Perc_coupling_errors_on_RP.rml
2025-02-10 19:39:23,837 - INFO - Completed: 31, remaining: 29, RAYPy_Simulation_bessy2hi_56m_PGM_2Perc_coupling_errors_on_RP/round_9/22_bessy2hi_56m_PGM_2Perc_coupling_errors_on_RP.rml
2025-02-10 19:39:23,927 - INFO - Completed: 32, remaining: 28, RAYPy_Simulation_bessy2hi_56m_PGM_2Perc_coupling_errors_on_RP/round_9/17_bessy2hi_56m_PGM_2Perc_coupling_errors_on_RP.rml
2025-02-10 19:39:25,359 - INFO - Completed: 33, remaining: 27, RAYPy_Simulation_bessy2hi_56m_PGM_2Perc_coupling_errors_on_RP/round_9/23_bessy2hi_56m_PGM_2Perc_coupling_errors_on_RP.rml
2025-02-10 19:39:25,380 - INFO - Completed: 34, remaining: 26, RAYPy_Simulation_bessy2hi_56m_PGM_2Perc_coupling_errors_on_RP/round_9/25_bessy2hi_56m_PGM_2Perc_coupling_errors_on_RP.rml
2025-02-10 19:39:25,597 - INFO - Completed: 35, remaining: 25, RAYPy_Simulation_bessy2hi_56m_PGM_2Perc_coupling_errors_on_RP/round_9/26_bessy2hi_56m_PGM_2Perc_coupling_errors_on_RP.rml
2025-02-10 19:39:25,703 - INFO - Completed: 36, remaining: 24, RAYPy_Simulation_bessy2hi_56m_PGM_2Perc_coupling_errors_on_RP/round_9/27_bessy2hi_56m_PGM_2Perc_coupling_errors_on_RP.rml
2025-02-10 19:39:25,729 - INFO - Completed: 37, remaining: 23, RAYPy_Simulation_bessy2hi_56m_PGM_2Perc_coupling_errors_on_RP/round_9/24_bessy2hi_56m_PGM_2Perc_coupling_errors_on_RP.rml
2025-02-10 19:39:26,148 - INFO - Completed: 38, remaining: 22, RAYPy_Simulation_bessy2hi_56m_PGM_2Perc_coupling_errors_on_RP/round_9/28_bessy2hi_56m_PGM_2Perc_coupling_errors_on_RP.rml
2025-02-10 19:39:26,309 - INFO - Completed: 39, remaining: 21, RAYPy_Simulation_bessy2hi_56m_PGM_2Perc_coupling_errors_on_RP/round_9/29_bessy2hi_56m_PGM_2Perc_coupling_errors_on_RP.rml
2025-02-10 19:39:26,521 - INFO - Completed: 40, remaining: 20, RAYPy_Simulation_bessy2hi_56m_PGM_2Perc_coupling_errors_on_RP/round_9/30_bessy2hi_56m_PGM_2Perc_coupling_errors_on_RP.rml
2025-02-10 19:39:26,702 - INFO - Completed: 41, remaining: 19, RAYPy_Simulation_bessy2hi_56m_PGM_2Perc_coupling_errors_on_RP/round_9/31_bessy2hi_56m_PGM_2Perc_coupling_errors_on_RP.rml
2025-02-10 19:39:27,014 - INFO - Completed: 42, remaining: 18, RAYPy_Simulation_bessy2hi_56m_PGM_2Perc_coupling_errors_on_RP/round_9/32_bessy2hi_56m_PGM_2Perc_coupling_errors_on_RP.rml
2025-02-10 19:39:27,131 - INFO - Completed: 43, remaining: 17, RAYPy_Simulation_bessy2hi_56m_PGM_2Perc_coupling_errors_on_RP/round_9/33_bessy2hi_56m_PGM_2Perc_coupling_errors_on_RP.rml
2025-02-10 19:39:27,151 - INFO - Completed: 44, remaining: 16, RAYPy_Simulation_bessy2hi_56m_PGM_2Perc_coupling_errors_on_RP/round_9/34_bessy2hi_56m_PGM_2Perc_coupling_errors_on_RP.rml
2025-02-10 19:39:28,073 - INFO - Completed: 45, remaining: 15, RAYPy_Simulation_bessy2hi_56m_PGM_2Perc_coupling_errors_on_RP/round_9/35_bessy2hi_56m_PGM_2Perc_coupling_errors_on_RP.rml
2025-02-10 19:39:28,188 - INFO - Completed: 46, remaining: 14, RAYPy_Simulation_bessy2hi_56m_PGM_2Perc_coupling_errors_on_RP/round_9/36_bessy2hi_56m_PGM_2Perc_coupling_errors_on_RP.rml
2025-02-10 19:39:28,243 - INFO - Completed: 47, remaining: 13, RAYPy_Simulation_bessy2hi_56m_PGM_2Perc_coupling_errors_on_RP/round_9/39_bessy2hi_56m_PGM_2Perc_coupling_errors_on_RP.rml
2025-02-10 19:39:28,269 - INFO - Completed: 48, remaining: 12, RAYPy_Simulation_bessy2hi_56m_PGM_2Perc_coupling_errors_on_RP/round_9/37_bessy2hi_56m_PGM_2Perc_coupling_errors_on_RP.rml
2025-02-10 19:39:28,407 - INFO - Completed: 49, remaining: 11, RAYPy_Simulation_bessy2hi_56m_PGM_2Perc_coupling_errors_on_RP/round_9/38_bessy2hi_56m_PGM_2Perc_coupling_errors_on_RP.rml
2025-02-10 19:39:28,512 - INFO - Completed: 50, remaining: 10, RAYPy_Simulation_bessy2hi_56m_PGM_2Perc_coupling_errors_on_RP/round_9/40_bessy2hi_56m_PGM_2Perc_coupling_errors_on_RP.rml
2025-02-10 19:39:28,512 - INFO - Batch Completed
2025-02-10 19:39:28,513 - INFO - Waiting For batch, 60 simulations to go
2025-02-10 19:39:28,513 - INFO - Remaning Simulations 0, stop the simulations loop
2025-02-10 19:39:28,513 - INFO - Checking that all simulations are completed before stopping the ProcessPoolExecutor
2025-02-10 19:39:28,604 - INFO - Executor shutdown completed.
2025-02-10 19:39:28,617 - INFO - Simulation completed successfully.
2025-02-10 19:39:28,618 - INFO - Starting cleanup
2025-02-10 19:39:31,197 - INFO - Done with the cleanup
2025-02-10 19:39:31,198 - INFO - Create Pandas Recap Files
2025-02-10 19:39:31,219 - INFO - End of the Simulations
