2025-02-10 19:13:47,965 - INFO - Simulation started, using 12 workers
2025-02-10 19:13:47,968 - INFO - Start round 0
2025-02-10 19:13:47,987 - INFO - Prepared sim number: 0: RAYPy_Simulation_bessy2hi_56m_PGM_2Perc_coupling_errors_on_fac5_FLUX/round_0/0_bessy2hi_56m_PGM_2Perc_coupling_errors_on_fac5_FLUX.rml
2025-02-10 19:13:48,001 - INFO - Prepared sim number: 1: RAYPy_Simulation_bessy2hi_56m_PGM_2Perc_coupling_errors_on_fac5_FLUX/round_0/1_bessy2hi_56m_PGM_2Perc_coupling_errors_on_fac5_FLUX.rml
2025-02-10 19:13:48,012 - INFO - Prepared sim number: 2: RAYPy_Simulation_bessy2hi_56m_PGM_2Perc_coupling_errors_on_fac5_FLUX/round_0/2_bessy2hi_56m_PGM_2Perc_coupling_errors_on_fac5_FLUX.rml
2025-02-10 19:13:48,024 - INFO - Prepared sim number: 3: RAYPy_Simulation_bessy2hi_56m_PGM_2Perc_coupling_errors_on_fac5_FLUX/round_0/3_bessy2hi_56m_PGM_2Perc_coupling_errors_on_fac5_FLUX.rml
2025-02-10 19:13:48,036 - INFO - Prepared sim number: 4: RAYPy_Simulation_bessy2hi_56m_PGM_2Perc_coupling_errors_on_fac5_FLUX/round_0/4_bessy2hi_56m_PGM_2Perc_coupling_errors_on_fac5_FLUX.rml
2025-02-10 19:13:48,046 - INFO - Prepared sim number: 5: RAYPy_Simulation_bessy2hi_56m_PGM_2Perc_coupling_errors_on_fac5_FLUX/round_0/5_bessy2hi_56m_PGM_2Perc_coupling_errors_on_fac5_FLUX.rml
2025-02-10 19:13:48,057 - INFO - Prepared sim number: 6: RAYPy_Simulation_bessy2hi_56m_PGM_2Perc_coupling_errors_on_fac5_FLUX/round_0/6_bessy2hi_56m_PGM_2Perc_coupling_errors_on_fac5_FLUX.rml
2025-02-10 19:13:48,067 - INFO - Prepared sim number: 7: RAYPy_Simulation_bessy2hi_56m_PGM_2Perc_coupling_errors_on_fac5_FLUX/round_0/7_bessy2hi_56m_PGM_2Perc_coupling_errors_on_fac5_FLUX.rml
2025-02-10 19:13:48,078 - INFO - Prepared sim number: 8: RAYPy_Simulation_bessy2hi_56m_PGM_2Perc_coupling_errors_on_fac5_FLUX/round_0/8_bessy2hi_56m_PGM_2Perc_coupling_errors_on_fac5_FLUX.rml
2025-02-10 19:13:48,088 - INFO - Prepared sim number: 9: RAYPy_Simulation_bessy2hi_56m_PGM_2Perc_coupling_errors_on_fac5_FLUX/round_0/9_bessy2hi_56m_PGM_2Perc_coupling_errors_on_fac5_FLUX.rml
2025-02-10 19:13:48,101 - INFO - Prepared sim number: 10: RAYPy_Simulation_bessy2hi_56m_PGM_2Perc_coupling_errors_on_fac5_FLUX/round_0/10_bessy2hi_56m_PGM_2Perc_coupling_errors_on_fac5_FLUX.rml
2025-02-10 19:13:48,113 - INFO - Prepared sim number: 11: RAYPy_Simulation_bessy2hi_56m_PGM_2Perc_coupling_errors_on_fac5_FLUX/round_0/11_bessy2hi_56m_PGM_2Perc_coupling_errors_on_fac5_FLUX.rml
2025-02-10 19:13:48,122 - INFO - Prepared sim number: 12: RAYPy_Simulation_bessy2hi_56m_PGM_2Perc_coupling_errors_on_fac5_FLUX/round_0/12_bessy2hi_56m_PGM_2Perc_coupling_errors_on_fac5_FLUX.rml
2025-02-10 19:13:48,130 - INFO - Prepared sim number: 13: RAYPy_Simulation_bessy2hi_56m_PGM_2Perc_coupling_errors_on_fac5_FLUX/round_0/13_bessy2hi_56m_PGM_2Perc_coupling_errors_on_fac5_FLUX.rml
2025-02-10 19:13:48,142 - INFO - Prepared sim number: 14: RAYPy_Simulation_bessy2hi_56m_PGM_2Perc_coupling_errors_on_fac5_FLUX/round_0/14_bessy2hi_56m_PGM_2Perc_coupling_errors_on_fac5_FLUX.rml
2025-02-10 19:13:48,151 - INFO - Prepared sim number: 15: RAYPy_Simulation_bessy2hi_56m_PGM_2Perc_coupling_errors_on_fac5_FLUX/round_0/15_bessy2hi_56m_PGM_2Perc_coupling_errors_on_fac5_FLUX.rml
2025-02-10 19:13:48,159 - INFO - Prepared sim number: 16: RAYPy_Simulation_bessy2hi_56m_PGM_2Perc_coupling_errors_on_fac5_FLUX/round_0/16_bessy2hi_56m_PGM_2Perc_coupling_errors_on_fac5_FLUX.rml
2025-02-10 19:13:48,167 - INFO - Prepared sim number: 17: RAYPy_Simulation_bessy2hi_56m_PGM_2Perc_coupling_errors_on_fac5_FLUX/round_0/17_bessy2hi_56m_PGM_2Perc_coupling_errors_on_fac5_FLUX.rml
2025-02-10 19:13:48,179 - INFO - Prepared sim number: 18: RAYPy_Simulation_bessy2hi_56m_PGM_2Perc_coupling_errors_on_fac5_FLUX/round_0/18_bessy2hi_56m_PGM_2Perc_coupling_errors_on_fac5_FLUX.rml
2025-02-10 19:13:48,188 - INFO - Prepared sim number: 19: RAYPy_Simulation_bessy2hi_56m_PGM_2Perc_coupling_errors_on_fac5_FLUX/round_0/19_bessy2hi_56m_PGM_2Perc_coupling_errors_on_fac5_FLUX.rml
2025-02-10 19:13:48,196 - INFO - Prepared sim number: 20: RAYPy_Simulation_bessy2hi_56m_PGM_2Perc_coupling_errors_on_fac5_FLUX/round_0/20_bessy2hi_56m_PGM_2Perc_coupling_errors_on_fac5_FLUX.rml
2025-02-10 19:13:48,208 - INFO - Prepared sim number: 21: RAYPy_Simulation_bessy2hi_56m_PGM_2Perc_coupling_errors_on_fac5_FLUX/round_0/21_bessy2hi_56m_PGM_2Perc_coupling_errors_on_fac5_FLUX.rml
2025-02-10 19:13:48,217 - INFO - Prepared sim number: 22: RAYPy_Simulation_bessy2hi_56m_PGM_2Perc_coupling_errors_on_fac5_FLUX/round_0/22_bessy2hi_56m_PGM_2Perc_coupling_errors_on_fac5_FLUX.rml
2025-02-10 19:13:48,230 - INFO - Prepared sim number: 23: RAYPy_Simulation_bessy2hi_56m_PGM_2Perc_coupling_errors_on_fac5_FLUX/round_0/23_bessy2hi_56m_PGM_2Perc_coupling_errors_on_fac5_FLUX.rml
2025-02-10 19:13:48,246 - INFO - Prepared sim number: 24: RAYPy_Simulation_bessy2hi_56m_PGM_2Perc_coupling_errors_on_fac5_FLUX/round_0/24_bessy2hi_56m_PGM_2Perc_coupling_errors_on_fac5_FLUX.rml
2025-02-10 19:13:48,259 - INFO - Prepared sim number: 25: RAYPy_Simulation_bessy2hi_56m_PGM_2Perc_coupling_errors_on_fac5_FLUX/round_0/25_bessy2hi_56m_PGM_2Perc_coupling_errors_on_fac5_FLUX.rml
2025-02-10 19:13:48,268 - INFO - Prepared sim number: 26: RAYPy_Simulation_bessy2hi_56m_PGM_2Perc_coupling_errors_on_fac5_FLUX/round_0/26_bessy2hi_56m_PGM_2Perc_coupling_errors_on_fac5_FLUX.rml
2025-02-10 19:13:48,276 - INFO - Prepared sim number: 27: RAYPy_Simulation_bessy2hi_56m_PGM_2Perc_coupling_errors_on_fac5_FLUX/round_0/27_bessy2hi_56m_PGM_2Perc_coupling_errors_on_fac5_FLUX.rml
2025-02-10 19:13:48,283 - INFO - Prepared sim number: 28: RAYPy_Simulation_bessy2hi_56m_PGM_2Perc_coupling_errors_on_fac5_FLUX/round_0/28_bessy2hi_56m_PGM_2Perc_coupling_errors_on_fac5_FLUX.rml
2025-02-10 19:13:48,294 - INFO - Prepared sim number: 29: RAYPy_Simulation_bessy2hi_56m_PGM_2Perc_coupling_errors_on_fac5_FLUX/round_0/29_bessy2hi_56m_PGM_2Perc_coupling_errors_on_fac5_FLUX.rml
2025-02-10 19:13:48,302 - INFO - Prepared sim number: 30: RAYPy_Simulation_bessy2hi_56m_PGM_2Perc_coupling_errors_on_fac5_FLUX/round_0/30_bessy2hi_56m_PGM_2Perc_coupling_errors_on_fac5_FLUX.rml
2025-02-10 19:13:48,309 - INFO - Prepared sim number: 31: RAYPy_Simulation_bessy2hi_56m_PGM_2Perc_coupling_errors_on_fac5_FLUX/round_0/31_bessy2hi_56m_PGM_2Perc_coupling_errors_on_fac5_FLUX.rml
2025-02-10 19:13:48,318 - INFO - Prepared sim number: 32: RAYPy_Simulation_bessy2hi_56m_PGM_2Perc_coupling_errors_on_fac5_FLUX/round_0/32_bessy2hi_56m_PGM_2Perc_coupling_errors_on_fac5_FLUX.rml
2025-02-10 19:13:48,326 - INFO - Prepared sim number: 33: RAYPy_Simulation_bessy2hi_56m_PGM_2Perc_coupling_errors_on_fac5_FLUX/round_0/33_bessy2hi_56m_PGM_2Perc_coupling_errors_on_fac5_FLUX.rml
2025-02-10 19:13:48,334 - INFO - Prepared sim number: 34: RAYPy_Simulation_bessy2hi_56m_PGM_2Perc_coupling_errors_on_fac5_FLUX/round_0/34_bessy2hi_56m_PGM_2Perc_coupling_errors_on_fac5_FLUX.rml
2025-02-10 19:13:48,343 - INFO - Prepared sim number: 35: RAYPy_Simulation_bessy2hi_56m_PGM_2Perc_coupling_errors_on_fac5_FLUX/round_0/35_bessy2hi_56m_PGM_2Perc_coupling_errors_on_fac5_FLUX.rml
2025-02-10 19:13:48,355 - INFO - Prepared sim number: 36: RAYPy_Simulation_bessy2hi_56m_PGM_2Perc_coupling_errors_on_fac5_FLUX/round_0/36_bessy2hi_56m_PGM_2Perc_coupling_errors_on_fac5_FLUX.rml
2025-02-10 19:13:48,366 - INFO - Prepared sim number: 37: RAYPy_Simulation_bessy2hi_56m_PGM_2Perc_coupling_errors_on_fac5_FLUX/round_0/37_bessy2hi_56m_PGM_2Perc_coupling_errors_on_fac5_FLUX.rml
2025-02-10 19:13:48,377 - INFO - Prepared sim number: 38: RAYPy_Simulation_bessy2hi_56m_PGM_2Perc_coupling_errors_on_fac5_FLUX/round_0/38_bessy2hi_56m_PGM_2Perc_coupling_errors_on_fac5_FLUX.rml
2025-02-10 19:13:48,388 - INFO - Prepared sim number: 39: RAYPy_Simulation_bessy2hi_56m_PGM_2Perc_coupling_errors_on_fac5_FLUX/round_0/39_bessy2hi_56m_PGM_2Perc_coupling_errors_on_fac5_FLUX.rml
2025-02-10 19:13:48,401 - INFO - Prepared sim number: 40: RAYPy_Simulation_bessy2hi_56m_PGM_2Perc_coupling_errors_on_fac5_FLUX/round_0/40_bessy2hi_56m_PGM_2Perc_coupling_errors_on_fac5_FLUX.rml
2025-02-10 19:13:48,401 - INFO - Start round 1
2025-02-10 19:13:48,407 - INFO - Prepared sim number: 0: RAYPy_Simulation_bessy2hi_56m_PGM_2Perc_coupling_errors_on_fac5_FLUX/round_1/0_bessy2hi_56m_PGM_2Perc_coupling_errors_on_fac5_FLUX.rml
2025-02-10 19:13:48,412 - INFO - Prepared sim number: 1: RAYPy_Simulation_bessy2hi_56m_PGM_2Perc_coupling_errors_on_fac5_FLUX/round_1/1_bessy2hi_56m_PGM_2Perc_coupling_errors_on_fac5_FLUX.rml
2025-02-10 19:13:48,418 - INFO - Prepared sim number: 2: RAYPy_Simulation_bessy2hi_56m_PGM_2Perc_coupling_errors_on_fac5_FLUX/round_1/2_bessy2hi_56m_PGM_2Perc_coupling_errors_on_fac5_FLUX.rml
2025-02-10 19:13:48,424 - INFO - Prepared sim number: 3: RAYPy_Simulation_bessy2hi_56m_PGM_2Perc_coupling_errors_on_fac5_FLUX/round_1/3_bessy2hi_56m_PGM_2Perc_coupling_errors_on_fac5_FLUX.rml
2025-02-10 19:13:48,433 - INFO - Prepared sim number: 4: RAYPy_Simulation_bessy2hi_56m_PGM_2Perc_coupling_errors_on_fac5_FLUX/round_1/4_bessy2hi_56m_PGM_2Perc_coupling_errors_on_fac5_FLUX.rml
2025-02-10 19:13:48,438 - INFO - Prepared sim number: 5: RAYPy_Simulation_bessy2hi_56m_PGM_2Perc_coupling_errors_on_fac5_FLUX/round_1/5_bessy2hi_56m_PGM_2Perc_coupling_errors_on_fac5_FLUX.rml
2025-02-10 19:13:48,444 - INFO - Prepared sim number: 6: RAYPy_Simulation_bessy2hi_56m_PGM_2Perc_coupling_errors_on_fac5_FLUX/round_1/6_bessy2hi_56m_PGM_2Perc_coupling_errors_on_fac5_FLUX.rml
2025-02-10 19:13:48,450 - INFO - Prepared sim number: 7: RAYPy_Simulation_bessy2hi_56m_PGM_2Perc_coupling_errors_on_fac5_FLUX/round_1/7_bessy2hi_56m_PGM_2Perc_coupling_errors_on_fac5_FLUX.rml
2025-02-10 19:13:48,455 - INFO - Prepared sim number: 8: RAYPy_Simulation_bessy2hi_56m_PGM_2Perc_coupling_errors_on_fac5_FLUX/round_1/8_bessy2hi_56m_PGM_2Perc_coupling_errors_on_fac5_FLUX.rml
2025-02-10 19:13:48,461 - INFO - Prepared sim number: 9: RAYPy_Simulation_bessy2hi_56m_PGM_2Perc_coupling_errors_on_fac5_FLUX/round_1/9_bessy2hi_56m_PGM_2Perc_coupling_errors_on_fac5_FLUX.rml
2025-02-10 19:13:48,466 - INFO - Prepared sim number: 10: RAYPy_Simulation_bessy2hi_56m_PGM_2Perc_coupling_errors_on_fac5_FLUX/round_1/10_bessy2hi_56m_PGM_2Perc_coupling_errors_on_fac5_FLUX.rml
2025-02-10 19:13:48,472 - INFO - Prepared sim number: 11: RAYPy_Simulation_bessy2hi_56m_PGM_2Perc_coupling_errors_on_fac5_FLUX/round_1/11_bessy2hi_56m_PGM_2Perc_coupling_errors_on_fac5_FLUX.rml
2025-02-10 19:13:48,477 - INFO - Prepared sim number: 12: RAYPy_Simulation_bessy2hi_56m_PGM_2Perc_coupling_errors_on_fac5_FLUX/round_1/12_bessy2hi_56m_PGM_2Perc_coupling_errors_on_fac5_FLUX.rml
2025-02-10 19:13:48,489 - INFO - Prepared sim number: 13: RAYPy_Simulation_bessy2hi_56m_PGM_2Perc_coupling_errors_on_fac5_FLUX/round_1/13_bessy2hi_56m_PGM_2Perc_coupling_errors_on_fac5_FLUX.rml
2025-02-10 19:13:48,495 - INFO - Prepared sim number: 14: RAYPy_Simulation_bessy2hi_56m_PGM_2Perc_coupling_errors_on_fac5_FLUX/round_1/14_bessy2hi_56m_PGM_2Perc_coupling_errors_on_fac5_FLUX.rml
2025-02-10 19:13:48,504 - INFO - Prepared sim number: 15: RAYPy_Simulation_bessy2hi_56m_PGM_2Perc_coupling_errors_on_fac5_FLUX/round_1/15_bessy2hi_56m_PGM_2Perc_coupling_errors_on_fac5_FLUX.rml
2025-02-10 19:13:48,514 - INFO - Prepared sim number: 16: RAYPy_Simulation_bessy2hi_56m_PGM_2Perc_coupling_errors_on_fac5_FLUX/round_1/16_bessy2hi_56m_PGM_2Perc_coupling_errors_on_fac5_FLUX.rml
2025-02-10 19:13:48,521 - INFO - Prepared sim number: 17: RAYPy_Simulation_bessy2hi_56m_PGM_2Perc_coupling_errors_on_fac5_FLUX/round_1/17_bessy2hi_56m_PGM_2Perc_coupling_errors_on_fac5_FLUX.rml
2025-02-10 19:13:48,529 - INFO - Prepared sim number: 18: RAYPy_Simulation_bessy2hi_56m_PGM_2Perc_coupling_errors_on_fac5_FLUX/round_1/18_bessy2hi_56m_PGM_2Perc_coupling_errors_on_fac5_FLUX.rml
2025-02-10 19:13:48,552 - INFO - Waiting for batch number: 0, timeout: 60s
2025-02-10 19:14:05,676 - INFO - Completed: 1, remaining: 59, RAYPy_Simulation_bessy2hi_56m_PGM_2Perc_coupling_errors_on_fac5_FLUX/round_0/4_bessy2hi_56m_PGM_2Perc_coupling_errors_on_fac5_FLUX.rml
2025-02-10 19:14:05,782 - INFO - Completed: 2, remaining: 58, RAYPy_Simulation_bessy2hi_56m_PGM_2Perc_coupling_errors_on_fac5_FLUX/round_0/3_bessy2hi_56m_PGM_2Perc_coupling_errors_on_fac5_FLUX.rml
2025-02-10 19:14:05,958 - INFO - Completed: 3, remaining: 57, RAYPy_Simulation_bessy2hi_56m_PGM_2Perc_coupling_errors_on_fac5_FLUX/round_0/9_bessy2hi_56m_PGM_2Perc_coupling_errors_on_fac5_FLUX.rml
2025-02-10 19:14:06,041 - INFO - Completed: 4, remaining: 56, RAYPy_Simulation_bessy2hi_56m_PGM_2Perc_coupling_errors_on_fac5_FLUX/round_0/5_bessy2hi_56m_PGM_2Perc_coupling_errors_on_fac5_FLUX.rml
2025-02-10 19:14:06,527 - INFO - Completed: 5, remaining: 55, RAYPy_Simulation_bessy2hi_56m_PGM_2Perc_coupling_errors_on_fac5_FLUX/round_0/11_bessy2hi_56m_PGM_2Perc_coupling_errors_on_fac5_FLUX.rml
2025-02-10 19:14:06,679 - INFO - Completed: 6, remaining: 54, RAYPy_Simulation_bessy2hi_56m_PGM_2Perc_coupling_errors_on_fac5_FLUX/round_0/1_bessy2hi_56m_PGM_2Perc_coupling_errors_on_fac5_FLUX.rml
2025-02-10 19:14:06,700 - INFO - Completed: 7, remaining: 53, RAYPy_Simulation_bessy2hi_56m_PGM_2Perc_coupling_errors_on_fac5_FLUX/round_0/8_bessy2hi_56m_PGM_2Perc_coupling_errors_on_fac5_FLUX.rml
2025-02-10 19:14:07,005 - INFO - Completed: 8, remaining: 52, RAYPy_Simulation_bessy2hi_56m_PGM_2Perc_coupling_errors_on_fac5_FLUX/round_0/0_bessy2hi_56m_PGM_2Perc_coupling_errors_on_fac5_FLUX.rml
2025-02-10 19:14:07,037 - INFO - Completed: 9, remaining: 51, RAYPy_Simulation_bessy2hi_56m_PGM_2Perc_coupling_errors_on_fac5_FLUX/round_0/10_bessy2hi_56m_PGM_2Perc_coupling_errors_on_fac5_FLUX.rml
2025-02-10 19:14:08,135 - INFO - Completed: 10, remaining: 50, RAYPy_Simulation_bessy2hi_56m_PGM_2Perc_coupling_errors_on_fac5_FLUX/round_0/7_bessy2hi_56m_PGM_2Perc_coupling_errors_on_fac5_FLUX.rml
2025-02-10 19:14:08,440 - INFO - Completed: 11, remaining: 49, RAYPy_Simulation_bessy2hi_56m_PGM_2Perc_coupling_errors_on_fac5_FLUX/round_0/6_bessy2hi_56m_PGM_2Perc_coupling_errors_on_fac5_FLUX.rml
2025-02-10 19:14:08,717 - INFO - Completed: 12, remaining: 48, RAYPy_Simulation_bessy2hi_56m_PGM_2Perc_coupling_errors_on_fac5_FLUX/round_0/2_bessy2hi_56m_PGM_2Perc_coupling_errors_on_fac5_FLUX.rml
2025-02-10 19:14:21,894 - INFO - Completed: 13, remaining: 47, RAYPy_Simulation_bessy2hi_56m_PGM_2Perc_coupling_errors_on_fac5_FLUX/round_0/12_bessy2hi_56m_PGM_2Perc_coupling_errors_on_fac5_FLUX.rml
2025-02-10 19:14:22,611 - INFO - Completed: 14, remaining: 46, RAYPy_Simulation_bessy2hi_56m_PGM_2Perc_coupling_errors_on_fac5_FLUX/round_0/14_bessy2hi_56m_PGM_2Perc_coupling_errors_on_fac5_FLUX.rml
2025-02-10 19:14:22,813 - INFO - Completed: 15, remaining: 45, RAYPy_Simulation_bessy2hi_56m_PGM_2Perc_coupling_errors_on_fac5_FLUX/round_0/13_bessy2hi_56m_PGM_2Perc_coupling_errors_on_fac5_FLUX.rml
2025-02-10 19:14:23,792 - INFO - Completed: 16, remaining: 44, RAYPy_Simulation_bessy2hi_56m_PGM_2Perc_coupling_errors_on_fac5_FLUX/round_0/15_bessy2hi_56m_PGM_2Perc_coupling_errors_on_fac5_FLUX.rml
2025-02-10 19:14:23,925 - INFO - Completed: 17, remaining: 43, RAYPy_Simulation_bessy2hi_56m_PGM_2Perc_coupling_errors_on_fac5_FLUX/round_0/18_bessy2hi_56m_PGM_2Perc_coupling_errors_on_fac5_FLUX.rml
2025-02-10 19:14:23,971 - INFO - Completed: 18, remaining: 42, RAYPy_Simulation_bessy2hi_56m_PGM_2Perc_coupling_errors_on_fac5_FLUX/round_0/16_bessy2hi_56m_PGM_2Perc_coupling_errors_on_fac5_FLUX.rml
2025-02-10 19:14:24,129 - INFO - Completed: 19, remaining: 41, RAYPy_Simulation_bessy2hi_56m_PGM_2Perc_coupling_errors_on_fac5_FLUX/round_0/17_bessy2hi_56m_PGM_2Perc_coupling_errors_on_fac5_FLUX.rml
2025-02-10 19:14:24,541 - INFO - Completed: 20, remaining: 40, RAYPy_Simulation_bessy2hi_56m_PGM_2Perc_coupling_errors_on_fac5_FLUX/round_0/20_bessy2hi_56m_PGM_2Perc_coupling_errors_on_fac5_FLUX.rml
2025-02-10 19:14:24,948 - INFO - Completed: 21, remaining: 39, RAYPy_Simulation_bessy2hi_56m_PGM_2Perc_coupling_errors_on_fac5_FLUX/round_0/19_bessy2hi_56m_PGM_2Perc_coupling_errors_on_fac5_FLUX.rml
2025-02-10 19:14:25,380 - INFO - Completed: 22, remaining: 38, RAYPy_Simulation_bessy2hi_56m_PGM_2Perc_coupling_errors_on_fac5_FLUX/round_0/21_bessy2hi_56m_PGM_2Perc_coupling_errors_on_fac5_FLUX.rml
2025-02-10 19:14:25,499 - INFO - Completed: 23, remaining: 37, RAYPy_Simulation_bessy2hi_56m_PGM_2Perc_coupling_errors_on_fac5_FLUX/round_0/22_bessy2hi_56m_PGM_2Perc_coupling_errors_on_fac5_FLUX.rml
2025-02-10 19:14:25,621 - INFO - Completed: 24, remaining: 36, RAYPy_Simulation_bessy2hi_56m_PGM_2Perc_coupling_errors_on_fac5_FLUX/round_0/23_bessy2hi_56m_PGM_2Perc_coupling_errors_on_fac5_FLUX.rml
2025-02-10 19:14:34,883 - INFO - Completed: 25, remaining: 35, RAYPy_Simulation_bessy2hi_56m_PGM_2Perc_coupling_errors_on_fac5_FLUX/round_0/24_bessy2hi_56m_PGM_2Perc_coupling_errors_on_fac5_FLUX.rml
2025-02-10 19:14:38,641 - INFO - Completed: 26, remaining: 34, RAYPy_Simulation_bessy2hi_56m_PGM_2Perc_coupling_errors_on_fac5_FLUX/round_0/26_bessy2hi_56m_PGM_2Perc_coupling_errors_on_fac5_FLUX.rml
2025-02-10 19:14:39,337 - INFO - Completed: 27, remaining: 33, RAYPy_Simulation_bessy2hi_56m_PGM_2Perc_coupling_errors_on_fac5_FLUX/round_0/25_bessy2hi_56m_PGM_2Perc_coupling_errors_on_fac5_FLUX.rml
2025-02-10 19:14:40,699 - INFO - Completed: 28, remaining: 32, RAYPy_Simulation_bessy2hi_56m_PGM_2Perc_coupling_errors_on_fac5_FLUX/round_0/27_bessy2hi_56m_PGM_2Perc_coupling_errors_on_fac5_FLUX.rml
2025-02-10 19:14:40,781 - INFO - Completed: 29, remaining: 31, RAYPy_Simulation_bessy2hi_56m_PGM_2Perc_coupling_errors_on_fac5_FLUX/round_0/29_bessy2hi_56m_PGM_2Perc_coupling_errors_on_fac5_FLUX.rml
2025-02-10 19:14:41,034 - INFO - Completed: 30, remaining: 30, RAYPy_Simulation_bessy2hi_56m_PGM_2Perc_coupling_errors_on_fac5_FLUX/round_0/28_bessy2hi_56m_PGM_2Perc_coupling_errors_on_fac5_FLUX.rml
2025-02-10 19:14:41,415 - INFO - Completed: 31, remaining: 29, RAYPy_Simulation_bessy2hi_56m_PGM_2Perc_coupling_errors_on_fac5_FLUX/round_0/30_bessy2hi_56m_PGM_2Perc_coupling_errors_on_fac5_FLUX.rml
2025-02-10 19:14:41,809 - INFO - Completed: 32, remaining: 28, RAYPy_Simulation_bessy2hi_56m_PGM_2Perc_coupling_errors_on_fac5_FLUX/round_0/31_bessy2hi_56m_PGM_2Perc_coupling_errors_on_fac5_FLUX.rml
2025-02-10 19:14:41,941 - INFO - Completed: 33, remaining: 27, RAYPy_Simulation_bessy2hi_56m_PGM_2Perc_coupling_errors_on_fac5_FLUX/round_0/32_bessy2hi_56m_PGM_2Perc_coupling_errors_on_fac5_FLUX.rml
2025-02-10 19:14:42,470 - INFO - Completed: 34, remaining: 26, RAYPy_Simulation_bessy2hi_56m_PGM_2Perc_coupling_errors_on_fac5_FLUX/round_0/35_bessy2hi_56m_PGM_2Perc_coupling_errors_on_fac5_FLUX.rml
2025-02-10 19:14:42,507 - INFO - Completed: 35, remaining: 25, RAYPy_Simulation_bessy2hi_56m_PGM_2Perc_coupling_errors_on_fac5_FLUX/round_0/34_bessy2hi_56m_PGM_2Perc_coupling_errors_on_fac5_FLUX.rml
2025-02-10 19:14:43,584 - INFO - Completed: 36, remaining: 24, RAYPy_Simulation_bessy2hi_56m_PGM_2Perc_coupling_errors_on_fac5_FLUX/round_0/33_bessy2hi_56m_PGM_2Perc_coupling_errors_on_fac5_FLUX.rml
2025-02-10 19:14:48,553 - INFO - Exception during simulation: 24 (of 60) futures unfinished
2025-02-10 19:14:53,825 - INFO - Waiting for file RAYPy_Simulation_bessy2hi_56m_PGM_2Perc_coupling_errors_on_fac5_FLUX/round_0/36_bessy2hi_56m_PGM_2Perc_coupling_errors_on_fac5_FLUX.rml, wait_time 21.10091911753019
2025-02-10 19:14:58,843 - INFO - Waiting for file RAYPy_Simulation_bessy2hi_56m_PGM_2Perc_coupling_errors_on_fac5_FLUX/round_0/38_bessy2hi_56m_PGM_2Perc_coupling_errors_on_fac5_FLUX.rml, wait_time 16.10091911753019
2025-02-10 19:15:03,898 - INFO - Waiting for file RAYPy_Simulation_bessy2hi_56m_PGM_2Perc_coupling_errors_on_fac5_FLUX/round_1/4_bessy2hi_56m_PGM_2Perc_coupling_errors_on_fac5_FLUX.rml, wait_time 11.10091911753019
2025-02-10 19:15:08,917 - INFO - Waiting for file RAYPy_Simulation_bessy2hi_56m_PGM_2Perc_coupling_errors_on_fac5_FLUX/round_1/8_bessy2hi_56m_PGM_2Perc_coupling_errors_on_fac5_FLUX.rml, wait_time 6.100919117530189
2025-02-10 19:15:13,932 - INFO - Waiting for file RAYPy_Simulation_bessy2hi_56m_PGM_2Perc_coupling_errors_on_fac5_FLUX/round_1/10_bessy2hi_56m_PGM_2Perc_coupling_errors_on_fac5_FLUX.rml, wait_time 1.1009191175301893
2025-02-10 19:15:18,938 - INFO - Waiting for file RAYPy_Simulation_bessy2hi_56m_PGM_2Perc_coupling_errors_on_fac5_FLUX/round_1/17_bessy2hi_56m_PGM_2Perc_coupling_errors_on_fac5_FLUX.rml, wait_time -3.8990808824698107
2025-02-10 19:15:18,939 - INFO - Found most simulations of the batch, futures missed at least 24 simulations
2025-02-10 19:15:18,941 - INFO - Updated progress bar
2025-02-10 19:15:18,941 - INFO - Batch Completed
2025-02-10 19:15:18,941 - INFO - Waiting For batch, 60 simulations to go
2025-02-10 19:15:18,946 - INFO - Prepared sim number: 19: RAYPy_Simulation_bessy2hi_56m_PGM_2Perc_coupling_errors_on_fac5_FLUX/round_1/19_bessy2hi_56m_PGM_2Perc_coupling_errors_on_fac5_FLUX.rml
2025-02-10 19:15:18,952 - INFO - Prepared sim number: 20: RAYPy_Simulation_bessy2hi_56m_PGM_2Perc_coupling_errors_on_fac5_FLUX/round_1/20_bessy2hi_56m_PGM_2Perc_coupling_errors_on_fac5_FLUX.rml
2025-02-10 19:15:18,958 - INFO - Prepared sim number: 21: RAYPy_Simulation_bessy2hi_56m_PGM_2Perc_coupling_errors_on_fac5_FLUX/round_1/21_bessy2hi_56m_PGM_2Perc_coupling_errors_on_fac5_FLUX.rml
2025-02-10 19:15:18,965 - INFO - Prepared sim number: 22: RAYPy_Simulation_bessy2hi_56m_PGM_2Perc_coupling_errors_on_fac5_FLUX/round_1/22_bessy2hi_56m_PGM_2Perc_coupling_errors_on_fac5_FLUX.rml
2025-02-10 19:15:18,973 - INFO - Prepared sim number: 23: RAYPy_Simulation_bessy2hi_56m_PGM_2Perc_coupling_errors_on_fac5_FLUX/round_1/23_bessy2hi_56m_PGM_2Perc_coupling_errors_on_fac5_FLUX.rml
2025-02-10 19:15:18,978 - INFO - Prepared sim number: 24: RAYPy_Simulation_bessy2hi_56m_PGM_2Perc_coupling_errors_on_fac5_FLUX/round_1/24_bessy2hi_56m_PGM_2Perc_coupling_errors_on_fac5_FLUX.rml
2025-02-10 19:15:18,985 - INFO - Prepared sim number: 25: RAYPy_Simulation_bessy2hi_56m_PGM_2Perc_coupling_errors_on_fac5_FLUX/round_1/25_bessy2hi_56m_PGM_2Perc_coupling_errors_on_fac5_FLUX.rml
2025-02-10 19:15:18,990 - INFO - Prepared sim number: 26: RAYPy_Simulation_bessy2hi_56m_PGM_2Perc_coupling_errors_on_fac5_FLUX/round_1/26_bessy2hi_56m_PGM_2Perc_coupling_errors_on_fac5_FLUX.rml
2025-02-10 19:15:18,995 - INFO - Prepared sim number: 27: RAYPy_Simulation_bessy2hi_56m_PGM_2Perc_coupling_errors_on_fac5_FLUX/round_1/27_bessy2hi_56m_PGM_2Perc_coupling_errors_on_fac5_FLUX.rml
2025-02-10 19:15:19,000 - INFO - Prepared sim number: 28: RAYPy_Simulation_bessy2hi_56m_PGM_2Perc_coupling_errors_on_fac5_FLUX/round_1/28_bessy2hi_56m_PGM_2Perc_coupling_errors_on_fac5_FLUX.rml
2025-02-10 19:15:19,004 - INFO - Prepared sim number: 29: RAYPy_Simulation_bessy2hi_56m_PGM_2Perc_coupling_errors_on_fac5_FLUX/round_1/29_bessy2hi_56m_PGM_2Perc_coupling_errors_on_fac5_FLUX.rml
2025-02-10 19:15:19,010 - INFO - Prepared sim number: 30: RAYPy_Simulation_bessy2hi_56m_PGM_2Perc_coupling_errors_on_fac5_FLUX/round_1/30_bessy2hi_56m_PGM_2Perc_coupling_errors_on_fac5_FLUX.rml
2025-02-10 19:15:19,014 - INFO - Prepared sim number: 31: RAYPy_Simulation_bessy2hi_56m_PGM_2Perc_coupling_errors_on_fac5_FLUX/round_1/31_bessy2hi_56m_PGM_2Perc_coupling_errors_on_fac5_FLUX.rml
2025-02-10 19:15:19,018 - INFO - Prepared sim number: 32: RAYPy_Simulation_bessy2hi_56m_PGM_2Perc_coupling_errors_on_fac5_FLUX/round_1/32_bessy2hi_56m_PGM_2Perc_coupling_errors_on_fac5_FLUX.rml
2025-02-10 19:15:19,023 - INFO - Prepared sim number: 33: RAYPy_Simulation_bessy2hi_56m_PGM_2Perc_coupling_errors_on_fac5_FLUX/round_1/33_bessy2hi_56m_PGM_2Perc_coupling_errors_on_fac5_FLUX.rml
2025-02-10 19:15:19,027 - INFO - Prepared sim number: 34: RAYPy_Simulation_bessy2hi_56m_PGM_2Perc_coupling_errors_on_fac5_FLUX/round_1/34_bessy2hi_56m_PGM_2Perc_coupling_errors_on_fac5_FLUX.rml
2025-02-10 19:15:19,032 - INFO - Prepared sim number: 35: RAYPy_Simulation_bessy2hi_56m_PGM_2Perc_coupling_errors_on_fac5_FLUX/round_1/35_bessy2hi_56m_PGM_2Perc_coupling_errors_on_fac5_FLUX.rml
2025-02-10 19:15:19,036 - INFO - Prepared sim number: 36: RAYPy_Simulation_bessy2hi_56m_PGM_2Perc_coupling_errors_on_fac5_FLUX/round_1/36_bessy2hi_56m_PGM_2Perc_coupling_errors_on_fac5_FLUX.rml
2025-02-10 19:15:19,040 - INFO - Prepared sim number: 37: RAYPy_Simulation_bessy2hi_56m_PGM_2Perc_coupling_errors_on_fac5_FLUX/round_1/37_bessy2hi_56m_PGM_2Perc_coupling_errors_on_fac5_FLUX.rml
2025-02-10 19:15:19,044 - INFO - Prepared sim number: 38: RAYPy_Simulation_bessy2hi_56m_PGM_2Perc_coupling_errors_on_fac5_FLUX/round_1/38_bessy2hi_56m_PGM_2Perc_coupling_errors_on_fac5_FLUX.rml
2025-02-10 19:15:19,048 - INFO - Prepared sim number: 39: RAYPy_Simulation_bessy2hi_56m_PGM_2Perc_coupling_errors_on_fac5_FLUX/round_1/39_bessy2hi_56m_PGM_2Perc_coupling_errors_on_fac5_FLUX.rml
2025-02-10 19:15:19,053 - INFO - Prepared sim number: 40: RAYPy_Simulation_bessy2hi_56m_PGM_2Perc_coupling_errors_on_fac5_FLUX/round_1/40_bessy2hi_56m_PGM_2Perc_coupling_errors_on_fac5_FLUX.rml
2025-02-10 19:15:19,053 - INFO - Start round 2
2025-02-10 19:15:19,057 - INFO - Prepared sim number: 0: RAYPy_Simulation_bessy2hi_56m_PGM_2Perc_coupling_errors_on_fac5_FLUX/round_2/0_bessy2hi_56m_PGM_2Perc_coupling_errors_on_fac5_FLUX.rml
2025-02-10 19:15:19,061 - INFO - Prepared sim number: 1: RAYPy_Simulation_bessy2hi_56m_PGM_2Perc_coupling_errors_on_fac5_FLUX/round_2/1_bessy2hi_56m_PGM_2Perc_coupling_errors_on_fac5_FLUX.rml
2025-02-10 19:15:19,065 - INFO - Prepared sim number: 2: RAYPy_Simulation_bessy2hi_56m_PGM_2Perc_coupling_errors_on_fac5_FLUX/round_2/2_bessy2hi_56m_PGM_2Perc_coupling_errors_on_fac5_FLUX.rml
2025-02-10 19:15:19,069 - INFO - Prepared sim number: 3: RAYPy_Simulation_bessy2hi_56m_PGM_2Perc_coupling_errors_on_fac5_FLUX/round_2/3_bessy2hi_56m_PGM_2Perc_coupling_errors_on_fac5_FLUX.rml
2025-02-10 19:15:19,073 - INFO - Prepared sim number: 4: RAYPy_Simulation_bessy2hi_56m_PGM_2Perc_coupling_errors_on_fac5_FLUX/round_2/4_bessy2hi_56m_PGM_2Perc_coupling_errors_on_fac5_FLUX.rml
2025-02-10 19:15:19,077 - INFO - Prepared sim number: 5: RAYPy_Simulation_bessy2hi_56m_PGM_2Perc_coupling_errors_on_fac5_FLUX/round_2/5_bessy2hi_56m_PGM_2Perc_coupling_errors_on_fac5_FLUX.rml
2025-02-10 19:15:19,081 - INFO - Prepared sim number: 6: RAYPy_Simulation_bessy2hi_56m_PGM_2Perc_coupling_errors_on_fac5_FLUX/round_2/6_bessy2hi_56m_PGM_2Perc_coupling_errors_on_fac5_FLUX.rml
2025-02-10 19:15:19,085 - INFO - Prepared sim number: 7: RAYPy_Simulation_bessy2hi_56m_PGM_2Perc_coupling_errors_on_fac5_FLUX/round_2/7_bessy2hi_56m_PGM_2Perc_coupling_errors_on_fac5_FLUX.rml
2025-02-10 19:15:19,090 - INFO - Prepared sim number: 8: RAYPy_Simulation_bessy2hi_56m_PGM_2Perc_coupling_errors_on_fac5_FLUX/round_2/8_bessy2hi_56m_PGM_2Perc_coupling_errors_on_fac5_FLUX.rml
2025-02-10 19:15:19,095 - INFO - Prepared sim number: 9: RAYPy_Simulation_bessy2hi_56m_PGM_2Perc_coupling_errors_on_fac5_FLUX/round_2/9_bessy2hi_56m_PGM_2Perc_coupling_errors_on_fac5_FLUX.rml
2025-02-10 19:15:19,099 - INFO - Prepared sim number: 10: RAYPy_Simulation_bessy2hi_56m_PGM_2Perc_coupling_errors_on_fac5_FLUX/round_2/10_bessy2hi_56m_PGM_2Perc_coupling_errors_on_fac5_FLUX.rml
2025-02-10 19:15:19,103 - INFO - Prepared sim number: 11: RAYPy_Simulation_bessy2hi_56m_PGM_2Perc_coupling_errors_on_fac5_FLUX/round_2/11_bessy2hi_56m_PGM_2Perc_coupling_errors_on_fac5_FLUX.rml
2025-02-10 19:15:19,107 - INFO - Prepared sim number: 12: RAYPy_Simulation_bessy2hi_56m_PGM_2Perc_coupling_errors_on_fac5_FLUX/round_2/12_bessy2hi_56m_PGM_2Perc_coupling_errors_on_fac5_FLUX.rml
2025-02-10 19:15:19,110 - INFO - Prepared sim number: 13: RAYPy_Simulation_bessy2hi_56m_PGM_2Perc_coupling_errors_on_fac5_FLUX/round_2/13_bessy2hi_56m_PGM_2Perc_coupling_errors_on_fac5_FLUX.rml
2025-02-10 19:15:19,115 - INFO - Prepared sim number: 14: RAYPy_Simulation_bessy2hi_56m_PGM_2Perc_coupling_errors_on_fac5_FLUX/round_2/14_bessy2hi_56m_PGM_2Perc_coupling_errors_on_fac5_FLUX.rml
2025-02-10 19:15:19,120 - INFO - Prepared sim number: 15: RAYPy_Simulation_bessy2hi_56m_PGM_2Perc_coupling_errors_on_fac5_FLUX/round_2/15_bessy2hi_56m_PGM_2Perc_coupling_errors_on_fac5_FLUX.rml
2025-02-10 19:15:19,124 - INFO - Prepared sim number: 16: RAYPy_Simulation_bessy2hi_56m_PGM_2Perc_coupling_errors_on_fac5_FLUX/round_2/16_bessy2hi_56m_PGM_2Perc_coupling_errors_on_fac5_FLUX.rml
2025-02-10 19:15:19,127 - INFO - Prepared sim number: 17: RAYPy_Simulation_bessy2hi_56m_PGM_2Perc_coupling_errors_on_fac5_FLUX/round_2/17_bessy2hi_56m_PGM_2Perc_coupling_errors_on_fac5_FLUX.rml
2025-02-10 19:15:19,132 - INFO - Prepared sim number: 18: RAYPy_Simulation_bessy2hi_56m_PGM_2Perc_coupling_errors_on_fac5_FLUX/round_2/18_bessy2hi_56m_PGM_2Perc_coupling_errors_on_fac5_FLUX.rml
2025-02-10 19:15:19,136 - INFO - Prepared sim number: 19: RAYPy_Simulation_bessy2hi_56m_PGM_2Perc_coupling_errors_on_fac5_FLUX/round_2/19_bessy2hi_56m_PGM_2Perc_coupling_errors_on_fac5_FLUX.rml
2025-02-10 19:15:19,140 - INFO - Prepared sim number: 20: RAYPy_Simulation_bessy2hi_56m_PGM_2Perc_coupling_errors_on_fac5_FLUX/round_2/20_bessy2hi_56m_PGM_2Perc_coupling_errors_on_fac5_FLUX.rml
2025-02-10 19:15:19,144 - INFO - Prepared sim number: 21: RAYPy_Simulation_bessy2hi_56m_PGM_2Perc_coupling_errors_on_fac5_FLUX/round_2/21_bessy2hi_56m_PGM_2Perc_coupling_errors_on_fac5_FLUX.rml
2025-02-10 19:15:19,149 - INFO - Prepared sim number: 22: RAYPy_Simulation_bessy2hi_56m_PGM_2Perc_coupling_errors_on_fac5_FLUX/round_2/22_bessy2hi_56m_PGM_2Perc_coupling_errors_on_fac5_FLUX.rml
2025-02-10 19:15:19,153 - INFO - Prepared sim number: 23: RAYPy_Simulation_bessy2hi_56m_PGM_2Perc_coupling_errors_on_fac5_FLUX/round_2/23_bessy2hi_56m_PGM_2Perc_coupling_errors_on_fac5_FLUX.rml
2025-02-10 19:15:19,157 - INFO - Prepared sim number: 24: RAYPy_Simulation_bessy2hi_56m_PGM_2Perc_coupling_errors_on_fac5_FLUX/round_2/24_bessy2hi_56m_PGM_2Perc_coupling_errors_on_fac5_FLUX.rml
2025-02-10 19:15:19,161 - INFO - Prepared sim number: 25: RAYPy_Simulation_bessy2hi_56m_PGM_2Perc_coupling_errors_on_fac5_FLUX/round_2/25_bessy2hi_56m_PGM_2Perc_coupling_errors_on_fac5_FLUX.rml
2025-02-10 19:15:19,166 - INFO - Prepared sim number: 26: RAYPy_Simulation_bessy2hi_56m_PGM_2Perc_coupling_errors_on_fac5_FLUX/round_2/26_bessy2hi_56m_PGM_2Perc_coupling_errors_on_fac5_FLUX.rml
2025-02-10 19:15:19,169 - INFO - Prepared sim number: 27: RAYPy_Simulation_bessy2hi_56m_PGM_2Perc_coupling_errors_on_fac5_FLUX/round_2/27_bessy2hi_56m_PGM_2Perc_coupling_errors_on_fac5_FLUX.rml
2025-02-10 19:15:19,174 - INFO - Prepared sim number: 28: RAYPy_Simulation_bessy2hi_56m_PGM_2Perc_coupling_errors_on_fac5_FLUX/round_2/28_bessy2hi_56m_PGM_2Perc_coupling_errors_on_fac5_FLUX.rml
2025-02-10 19:15:19,177 - INFO - Prepared sim number: 29: RAYPy_Simulation_bessy2hi_56m_PGM_2Perc_coupling_errors_on_fac5_FLUX/round_2/29_bessy2hi_56m_PGM_2Perc_coupling_errors_on_fac5_FLUX.rml
2025-02-10 19:15:19,181 - INFO - Prepared sim number: 30: RAYPy_Simulation_bessy2hi_56m_PGM_2Perc_coupling_errors_on_fac5_FLUX/round_2/30_bessy2hi_56m_PGM_2Perc_coupling_errors_on_fac5_FLUX.rml
2025-02-10 19:15:19,188 - INFO - Prepared sim number: 31: RAYPy_Simulation_bessy2hi_56m_PGM_2Perc_coupling_errors_on_fac5_FLUX/round_2/31_bessy2hi_56m_PGM_2Perc_coupling_errors_on_fac5_FLUX.rml
2025-02-10 19:15:19,192 - INFO - Prepared sim number: 32: RAYPy_Simulation_bessy2hi_56m_PGM_2Perc_coupling_errors_on_fac5_FLUX/round_2/32_bessy2hi_56m_PGM_2Perc_coupling_errors_on_fac5_FLUX.rml
2025-02-10 19:15:19,196 - INFO - Prepared sim number: 33: RAYPy_Simulation_bessy2hi_56m_PGM_2Perc_coupling_errors_on_fac5_FLUX/round_2/33_bessy2hi_56m_PGM_2Perc_coupling_errors_on_fac5_FLUX.rml
2025-02-10 19:15:19,200 - INFO - Prepared sim number: 34: RAYPy_Simulation_bessy2hi_56m_PGM_2Perc_coupling_errors_on_fac5_FLUX/round_2/34_bessy2hi_56m_PGM_2Perc_coupling_errors_on_fac5_FLUX.rml
2025-02-10 19:15:19,205 - INFO - Prepared sim number: 35: RAYPy_Simulation_bessy2hi_56m_PGM_2Perc_coupling_errors_on_fac5_FLUX/round_2/35_bessy2hi_56m_PGM_2Perc_coupling_errors_on_fac5_FLUX.rml
2025-02-10 19:15:19,209 - INFO - Prepared sim number: 36: RAYPy_Simulation_bessy2hi_56m_PGM_2Perc_coupling_errors_on_fac5_FLUX/round_2/36_bessy2hi_56m_PGM_2Perc_coupling_errors_on_fac5_FLUX.rml
2025-02-10 19:15:19,213 - INFO - Prepared sim number: 37: RAYPy_Simulation_bessy2hi_56m_PGM_2Perc_coupling_errors_on_fac5_FLUX/round_2/37_bessy2hi_56m_PGM_2Perc_coupling_errors_on_fac5_FLUX.rml
2025-02-10 19:15:19,214 - INFO - Waiting for batch number: 1, timeout: 104.40367647012076s
2025-02-10 19:15:38,141 - INFO - Completed: 1, remaining: 59, RAYPy_Simulation_bessy2hi_56m_PGM_2Perc_coupling_errors_on_fac5_FLUX/round_1/20_bessy2hi_56m_PGM_2Perc_coupling_errors_on_fac5_FLUX.rml
2025-02-10 19:15:38,198 - INFO - Completed: 2, remaining: 58, RAYPy_Simulation_bessy2hi_56m_PGM_2Perc_coupling_errors_on_fac5_FLUX/round_1/22_bessy2hi_56m_PGM_2Perc_coupling_errors_on_fac5_FLUX.rml
2025-02-10 19:15:38,271 - INFO - Completed: 3, remaining: 57, RAYPy_Simulation_bessy2hi_56m_PGM_2Perc_coupling_errors_on_fac5_FLUX/round_1/21_bessy2hi_56m_PGM_2Perc_coupling_errors_on_fac5_FLUX.rml
2025-02-10 19:15:38,299 - INFO - Completed: 4, remaining: 56, RAYPy_Simulation_bessy2hi_56m_PGM_2Perc_coupling_errors_on_fac5_FLUX/round_1/26_bessy2hi_56m_PGM_2Perc_coupling_errors_on_fac5_FLUX.rml
2025-02-10 19:15:38,817 - INFO - Completed: 5, remaining: 55, RAYPy_Simulation_bessy2hi_56m_PGM_2Perc_coupling_errors_on_fac5_FLUX/round_1/28_bessy2hi_56m_PGM_2Perc_coupling_errors_on_fac5_FLUX.rml
2025-02-10 19:15:40,716 - INFO - Completed: 6, remaining: 54, RAYPy_Simulation_bessy2hi_56m_PGM_2Perc_coupling_errors_on_fac5_FLUX/round_1/25_bessy2hi_56m_PGM_2Perc_coupling_errors_on_fac5_FLUX.rml
2025-02-10 19:15:41,301 - INFO - Completed: 7, remaining: 53, RAYPy_Simulation_bessy2hi_56m_PGM_2Perc_coupling_errors_on_fac5_FLUX/round_1/24_bessy2hi_56m_PGM_2Perc_coupling_errors_on_fac5_FLUX.rml
2025-02-10 19:15:41,308 - INFO - Completed: 8, remaining: 52, RAYPy_Simulation_bessy2hi_56m_PGM_2Perc_coupling_errors_on_fac5_FLUX/round_1/27_bessy2hi_56m_PGM_2Perc_coupling_errors_on_fac5_FLUX.rml
2025-02-10 19:15:41,390 - INFO - Completed: 9, remaining: 51, RAYPy_Simulation_bessy2hi_56m_PGM_2Perc_coupling_errors_on_fac5_FLUX/round_1/23_bessy2hi_56m_PGM_2Perc_coupling_errors_on_fac5_FLUX.rml
2025-02-10 19:15:41,509 - INFO - Completed: 10, remaining: 50, RAYPy_Simulation_bessy2hi_56m_PGM_2Perc_coupling_errors_on_fac5_FLUX/round_1/30_bessy2hi_56m_PGM_2Perc_coupling_errors_on_fac5_FLUX.rml
2025-02-10 19:15:41,664 - INFO - Completed: 11, remaining: 49, RAYPy_Simulation_bessy2hi_56m_PGM_2Perc_coupling_errors_on_fac5_FLUX/round_1/19_bessy2hi_56m_PGM_2Perc_coupling_errors_on_fac5_FLUX.rml
2025-02-10 19:15:42,575 - INFO - Completed: 12, remaining: 48, RAYPy_Simulation_bessy2hi_56m_PGM_2Perc_coupling_errors_on_fac5_FLUX/round_1/29_bessy2hi_56m_PGM_2Perc_coupling_errors_on_fac5_FLUX.rml
2025-02-10 19:15:55,553 - INFO - Completed: 13, remaining: 47, RAYPy_Simulation_bessy2hi_56m_PGM_2Perc_coupling_errors_on_fac5_FLUX/round_1/32_bessy2hi_56m_PGM_2Perc_coupling_errors_on_fac5_FLUX.rml
2025-02-10 19:15:55,707 - INFO - Completed: 14, remaining: 46, RAYPy_Simulation_bessy2hi_56m_PGM_2Perc_coupling_errors_on_fac5_FLUX/round_1/33_bessy2hi_56m_PGM_2Perc_coupling_errors_on_fac5_FLUX.rml
2025-02-10 19:15:55,776 - INFO - Completed: 15, remaining: 45, RAYPy_Simulation_bessy2hi_56m_PGM_2Perc_coupling_errors_on_fac5_FLUX/round_1/31_bessy2hi_56m_PGM_2Perc_coupling_errors_on_fac5_FLUX.rml
2025-02-10 19:15:56,756 - INFO - Completed: 16, remaining: 44, RAYPy_Simulation_bessy2hi_56m_PGM_2Perc_coupling_errors_on_fac5_FLUX/round_1/35_bessy2hi_56m_PGM_2Perc_coupling_errors_on_fac5_FLUX.rml
2025-02-10 19:15:56,877 - INFO - Completed: 17, remaining: 43, RAYPy_Simulation_bessy2hi_56m_PGM_2Perc_coupling_errors_on_fac5_FLUX/round_1/34_bessy2hi_56m_PGM_2Perc_coupling_errors_on_fac5_FLUX.rml
2025-02-10 19:15:58,354 - INFO - Completed: 18, remaining: 42, RAYPy_Simulation_bessy2hi_56m_PGM_2Perc_coupling_errors_on_fac5_FLUX/round_1/40_bessy2hi_56m_PGM_2Perc_coupling_errors_on_fac5_FLUX.rml
2025-02-10 19:15:58,640 - INFO - Completed: 19, remaining: 41, RAYPy_Simulation_bessy2hi_56m_PGM_2Perc_coupling_errors_on_fac5_FLUX/round_1/36_bessy2hi_56m_PGM_2Perc_coupling_errors_on_fac5_FLUX.rml
2025-02-10 19:15:58,807 - INFO - Completed: 20, remaining: 40, RAYPy_Simulation_bessy2hi_56m_PGM_2Perc_coupling_errors_on_fac5_FLUX/round_1/38_bessy2hi_56m_PGM_2Perc_coupling_errors_on_fac5_FLUX.rml
2025-02-10 19:15:58,826 - INFO - Completed: 21, remaining: 39, RAYPy_Simulation_bessy2hi_56m_PGM_2Perc_coupling_errors_on_fac5_FLUX/round_1/37_bessy2hi_56m_PGM_2Perc_coupling_errors_on_fac5_FLUX.rml
2025-02-10 19:15:59,126 - INFO - Completed: 22, remaining: 38, RAYPy_Simulation_bessy2hi_56m_PGM_2Perc_coupling_errors_on_fac5_FLUX/round_1/39_bessy2hi_56m_PGM_2Perc_coupling_errors_on_fac5_FLUX.rml
2025-02-10 19:15:59,861 - INFO - Completed: 23, remaining: 37, RAYPy_Simulation_bessy2hi_56m_PGM_2Perc_coupling_errors_on_fac5_FLUX/round_2/0_bessy2hi_56m_PGM_2Perc_coupling_errors_on_fac5_FLUX.rml
2025-02-10 19:16:00,076 - INFO - Completed: 24, remaining: 36, RAYPy_Simulation_bessy2hi_56m_PGM_2Perc_coupling_errors_on_fac5_FLUX/round_2/1_bessy2hi_56m_PGM_2Perc_coupling_errors_on_fac5_FLUX.rml
2025-02-10 19:16:10,093 - INFO - Completed: 25, remaining: 35, RAYPy_Simulation_bessy2hi_56m_PGM_2Perc_coupling_errors_on_fac5_FLUX/round_2/2_bessy2hi_56m_PGM_2Perc_coupling_errors_on_fac5_FLUX.rml
2025-02-10 19:16:10,180 - INFO - Completed: 26, remaining: 34, RAYPy_Simulation_bessy2hi_56m_PGM_2Perc_coupling_errors_on_fac5_FLUX/round_2/3_bessy2hi_56m_PGM_2Perc_coupling_errors_on_fac5_FLUX.rml
2025-02-10 19:16:11,337 - INFO - Completed: 27, remaining: 33, RAYPy_Simulation_bessy2hi_56m_PGM_2Perc_coupling_errors_on_fac5_FLUX/round_2/4_bessy2hi_56m_PGM_2Perc_coupling_errors_on_fac5_FLUX.rml
2025-02-10 19:16:13,039 - INFO - Completed: 28, remaining: 32, RAYPy_Simulation_bessy2hi_56m_PGM_2Perc_coupling_errors_on_fac5_FLUX/round_2/6_bessy2hi_56m_PGM_2Perc_coupling_errors_on_fac5_FLUX.rml
2025-02-10 19:16:15,267 - INFO - Completed: 29, remaining: 31, RAYPy_Simulation_bessy2hi_56m_PGM_2Perc_coupling_errors_on_fac5_FLUX/round_2/7_bessy2hi_56m_PGM_2Perc_coupling_errors_on_fac5_FLUX.rml
2025-02-10 19:16:15,383 - INFO - Completed: 30, remaining: 30, RAYPy_Simulation_bessy2hi_56m_PGM_2Perc_coupling_errors_on_fac5_FLUX/round_2/5_bessy2hi_56m_PGM_2Perc_coupling_errors_on_fac5_FLUX.rml
2025-02-10 19:16:15,609 - INFO - Completed: 31, remaining: 29, RAYPy_Simulation_bessy2hi_56m_PGM_2Perc_coupling_errors_on_fac5_FLUX/round_2/8_bessy2hi_56m_PGM_2Perc_coupling_errors_on_fac5_FLUX.rml
2025-02-10 19:16:15,960 - INFO - Completed: 32, remaining: 28, RAYPy_Simulation_bessy2hi_56m_PGM_2Perc_coupling_errors_on_fac5_FLUX/round_2/9_bessy2hi_56m_PGM_2Perc_coupling_errors_on_fac5_FLUX.rml
2025-02-10 19:16:16,163 - INFO - Completed: 33, remaining: 27, RAYPy_Simulation_bessy2hi_56m_PGM_2Perc_coupling_errors_on_fac5_FLUX/round_2/11_bessy2hi_56m_PGM_2Perc_coupling_errors_on_fac5_FLUX.rml
2025-02-10 19:16:16,294 - INFO - Completed: 34, remaining: 26, RAYPy_Simulation_bessy2hi_56m_PGM_2Perc_coupling_errors_on_fac5_FLUX/round_2/10_bessy2hi_56m_PGM_2Perc_coupling_errors_on_fac5_FLUX.rml
2025-02-10 19:16:17,049 - INFO - Completed: 35, remaining: 25, RAYPy_Simulation_bessy2hi_56m_PGM_2Perc_coupling_errors_on_fac5_FLUX/round_2/12_bessy2hi_56m_PGM_2Perc_coupling_errors_on_fac5_FLUX.rml
2025-02-10 19:16:17,096 - INFO - Completed: 36, remaining: 24, RAYPy_Simulation_bessy2hi_56m_PGM_2Perc_coupling_errors_on_fac5_FLUX/round_2/13_bessy2hi_56m_PGM_2Perc_coupling_errors_on_fac5_FLUX.rml
2025-02-10 19:16:25,116 - INFO - Completed: 37, remaining: 23, RAYPy_Simulation_bessy2hi_56m_PGM_2Perc_coupling_errors_on_fac5_FLUX/round_2/15_bessy2hi_56m_PGM_2Perc_coupling_errors_on_fac5_FLUX.rml
2025-02-10 19:16:25,431 - INFO - Completed: 38, remaining: 22, RAYPy_Simulation_bessy2hi_56m_PGM_2Perc_coupling_errors_on_fac5_FLUX/round_2/14_bessy2hi_56m_PGM_2Perc_coupling_errors_on_fac5_FLUX.rml
2025-02-10 19:16:26,487 - INFO - Completed: 39, remaining: 21, RAYPy_Simulation_bessy2hi_56m_PGM_2Perc_coupling_errors_on_fac5_FLUX/round_2/16_bessy2hi_56m_PGM_2Perc_coupling_errors_on_fac5_FLUX.rml
2025-02-10 19:16:28,667 - INFO - Completed: 40, remaining: 20, RAYPy_Simulation_bessy2hi_56m_PGM_2Perc_coupling_errors_on_fac5_FLUX/round_2/17_bessy2hi_56m_PGM_2Perc_coupling_errors_on_fac5_FLUX.rml
2025-02-10 19:16:32,638 - INFO - Completed: 41, remaining: 19, RAYPy_Simulation_bessy2hi_56m_PGM_2Perc_coupling_errors_on_fac5_FLUX/round_2/18_bessy2hi_56m_PGM_2Perc_coupling_errors_on_fac5_FLUX.rml
2025-02-10 19:16:33,384 - INFO - Completed: 42, remaining: 18, RAYPy_Simulation_bessy2hi_56m_PGM_2Perc_coupling_errors_on_fac5_FLUX/round_2/19_bessy2hi_56m_PGM_2Perc_coupling_errors_on_fac5_FLUX.rml
2025-02-10 19:16:33,859 - INFO - Completed: 43, remaining: 17, RAYPy_Simulation_bessy2hi_56m_PGM_2Perc_coupling_errors_on_fac5_FLUX/round_2/20_bessy2hi_56m_PGM_2Perc_coupling_errors_on_fac5_FLUX.rml
2025-02-10 19:16:33,892 - INFO - Completed: 44, remaining: 16, RAYPy_Simulation_bessy2hi_56m_PGM_2Perc_coupling_errors_on_fac5_FLUX/round_2/21_bessy2hi_56m_PGM_2Perc_coupling_errors_on_fac5_FLUX.rml
2025-02-10 19:16:33,927 - INFO - Completed: 45, remaining: 15, RAYPy_Simulation_bessy2hi_56m_PGM_2Perc_coupling_errors_on_fac5_FLUX/round_2/22_bessy2hi_56m_PGM_2Perc_coupling_errors_on_fac5_FLUX.rml
2025-02-10 19:16:34,247 - INFO - Completed: 46, remaining: 14, RAYPy_Simulation_bessy2hi_56m_PGM_2Perc_coupling_errors_on_fac5_FLUX/round_2/23_bessy2hi_56m_PGM_2Perc_coupling_errors_on_fac5_FLUX.rml
2025-02-10 19:16:34,491 - INFO - Completed: 47, remaining: 13, RAYPy_Simulation_bessy2hi_56m_PGM_2Perc_coupling_errors_on_fac5_FLUX/round_2/24_bessy2hi_56m_PGM_2Perc_coupling_errors_on_fac5_FLUX.rml
2025-02-10 19:16:34,504 - INFO - Completed: 48, remaining: 12, RAYPy_Simulation_bessy2hi_56m_PGM_2Perc_coupling_errors_on_fac5_FLUX/round_2/25_bessy2hi_56m_PGM_2Perc_coupling_errors_on_fac5_FLUX.rml
2025-02-10 19:16:39,834 - INFO - Completed: 49, remaining: 11, RAYPy_Simulation_bessy2hi_56m_PGM_2Perc_coupling_errors_on_fac5_FLUX/round_2/26_bessy2hi_56m_PGM_2Perc_coupling_errors_on_fac5_FLUX.rml
2025-02-10 19:16:40,553 - INFO - Completed: 50, remaining: 10, RAYPy_Simulation_bessy2hi_56m_PGM_2Perc_coupling_errors_on_fac5_FLUX/round_2/27_bessy2hi_56m_PGM_2Perc_coupling_errors_on_fac5_FLUX.rml
2025-02-10 19:16:41,414 - INFO - Completed: 51, remaining: 9, RAYPy_Simulation_bessy2hi_56m_PGM_2Perc_coupling_errors_on_fac5_FLUX/round_2/28_bessy2hi_56m_PGM_2Perc_coupling_errors_on_fac5_FLUX.rml
2025-02-10 19:16:42,930 - INFO - Completed: 52, remaining: 8, RAYPy_Simulation_bessy2hi_56m_PGM_2Perc_coupling_errors_on_fac5_FLUX/round_2/29_bessy2hi_56m_PGM_2Perc_coupling_errors_on_fac5_FLUX.rml
2025-02-10 19:16:47,304 - INFO - Completed: 53, remaining: 7, RAYPy_Simulation_bessy2hi_56m_PGM_2Perc_coupling_errors_on_fac5_FLUX/round_2/31_bessy2hi_56m_PGM_2Perc_coupling_errors_on_fac5_FLUX.rml
2025-02-10 19:16:47,425 - INFO - Completed: 54, remaining: 6, RAYPy_Simulation_bessy2hi_56m_PGM_2Perc_coupling_errors_on_fac5_FLUX/round_2/32_bessy2hi_56m_PGM_2Perc_coupling_errors_on_fac5_FLUX.rml
2025-02-10 19:16:47,533 - INFO - Completed: 55, remaining: 5, RAYPy_Simulation_bessy2hi_56m_PGM_2Perc_coupling_errors_on_fac5_FLUX/round_2/30_bessy2hi_56m_PGM_2Perc_coupling_errors_on_fac5_FLUX.rml
2025-02-10 19:16:47,655 - INFO - Completed: 56, remaining: 4, RAYPy_Simulation_bessy2hi_56m_PGM_2Perc_coupling_errors_on_fac5_FLUX/round_2/33_bessy2hi_56m_PGM_2Perc_coupling_errors_on_fac5_FLUX.rml
2025-02-10 19:16:47,737 - INFO - Completed: 57, remaining: 3, RAYPy_Simulation_bessy2hi_56m_PGM_2Perc_coupling_errors_on_fac5_FLUX/round_2/37_bessy2hi_56m_PGM_2Perc_coupling_errors_on_fac5_FLUX.rml
2025-02-10 19:16:47,777 - INFO - Completed: 58, remaining: 2, RAYPy_Simulation_bessy2hi_56m_PGM_2Perc_coupling_errors_on_fac5_FLUX/round_2/34_bessy2hi_56m_PGM_2Perc_coupling_errors_on_fac5_FLUX.rml
2025-02-10 19:16:47,928 - INFO - Completed: 59, remaining: 1, RAYPy_Simulation_bessy2hi_56m_PGM_2Perc_coupling_errors_on_fac5_FLUX/round_2/35_bessy2hi_56m_PGM_2Perc_coupling_errors_on_fac5_FLUX.rml
2025-02-10 19:16:48,123 - INFO - Completed: 60, remaining: 0, RAYPy_Simulation_bessy2hi_56m_PGM_2Perc_coupling_errors_on_fac5_FLUX/round_2/36_bessy2hi_56m_PGM_2Perc_coupling_errors_on_fac5_FLUX.rml
2025-02-10 19:16:48,123 - INFO - Batch Completed
2025-02-10 19:16:48,123 - INFO - Waiting For batch, 60 simulations to go
2025-02-10 19:16:48,129 - INFO - Prepared sim number: 38: RAYPy_Simulation_bessy2hi_56m_PGM_2Perc_coupling_errors_on_fac5_FLUX/round_2/38_bessy2hi_56m_PGM_2Perc_coupling_errors_on_fac5_FLUX.rml
2025-02-10 19:16:48,137 - INFO - Prepared sim number: 39: RAYPy_Simulation_bessy2hi_56m_PGM_2Perc_coupling_errors_on_fac5_FLUX/round_2/39_bessy2hi_56m_PGM_2Perc_coupling_errors_on_fac5_FLUX.rml
2025-02-10 19:16:48,143 - INFO - Prepared sim number: 40: RAYPy_Simulation_bessy2hi_56m_PGM_2Perc_coupling_errors_on_fac5_FLUX/round_2/40_bessy2hi_56m_PGM_2Perc_coupling_errors_on_fac5_FLUX.rml
2025-02-10 19:16:48,143 - INFO - Start round 3
2025-02-10 19:16:48,151 - INFO - Prepared sim number: 0: RAYPy_Simulation_bessy2hi_56m_PGM_2Perc_coupling_errors_on_fac5_FLUX/round_3/0_bessy2hi_56m_PGM_2Perc_coupling_errors_on_fac5_FLUX.rml
2025-02-10 19:16:48,158 - INFO - Prepared sim number: 1: RAYPy_Simulation_bessy2hi_56m_PGM_2Perc_coupling_errors_on_fac5_FLUX/round_3/1_bessy2hi_56m_PGM_2Perc_coupling_errors_on_fac5_FLUX.rml
2025-02-10 19:16:48,163 - INFO - Prepared sim number: 2: RAYPy_Simulation_bessy2hi_56m_PGM_2Perc_coupling_errors_on_fac5_FLUX/round_3/2_bessy2hi_56m_PGM_2Perc_coupling_errors_on_fac5_FLUX.rml
2025-02-10 19:16:48,169 - INFO - Prepared sim number: 3: RAYPy_Simulation_bessy2hi_56m_PGM_2Perc_coupling_errors_on_fac5_FLUX/round_3/3_bessy2hi_56m_PGM_2Perc_coupling_errors_on_fac5_FLUX.rml
2025-02-10 19:16:48,174 - INFO - Prepared sim number: 4: RAYPy_Simulation_bessy2hi_56m_PGM_2Perc_coupling_errors_on_fac5_FLUX/round_3/4_bessy2hi_56m_PGM_2Perc_coupling_errors_on_fac5_FLUX.rml
2025-02-10 19:16:48,178 - INFO - Prepared sim number: 5: RAYPy_Simulation_bessy2hi_56m_PGM_2Perc_coupling_errors_on_fac5_FLUX/round_3/5_bessy2hi_56m_PGM_2Perc_coupling_errors_on_fac5_FLUX.rml
2025-02-10 19:16:48,183 - INFO - Prepared sim number: 6: RAYPy_Simulation_bessy2hi_56m_PGM_2Perc_coupling_errors_on_fac5_FLUX/round_3/6_bessy2hi_56m_PGM_2Perc_coupling_errors_on_fac5_FLUX.rml
2025-02-10 19:16:48,188 - INFO - Prepared sim number: 7: RAYPy_Simulation_bessy2hi_56m_PGM_2Perc_coupling_errors_on_fac5_FLUX/round_3/7_bessy2hi_56m_PGM_2Perc_coupling_errors_on_fac5_FLUX.rml
2025-02-10 19:16:48,193 - INFO - Prepared sim number: 8: RAYPy_Simulation_bessy2hi_56m_PGM_2Perc_coupling_errors_on_fac5_FLUX/round_3/8_bessy2hi_56m_PGM_2Perc_coupling_errors_on_fac5_FLUX.rml
2025-02-10 19:16:48,198 - INFO - Prepared sim number: 9: RAYPy_Simulation_bessy2hi_56m_PGM_2Perc_coupling_errors_on_fac5_FLUX/round_3/9_bessy2hi_56m_PGM_2Perc_coupling_errors_on_fac5_FLUX.rml
2025-02-10 19:16:48,203 - INFO - Prepared sim number: 10: RAYPy_Simulation_bessy2hi_56m_PGM_2Perc_coupling_errors_on_fac5_FLUX/round_3/10_bessy2hi_56m_PGM_2Perc_coupling_errors_on_fac5_FLUX.rml
2025-02-10 19:16:48,207 - INFO - Prepared sim number: 11: RAYPy_Simulation_bessy2hi_56m_PGM_2Perc_coupling_errors_on_fac5_FLUX/round_3/11_bessy2hi_56m_PGM_2Perc_coupling_errors_on_fac5_FLUX.rml
2025-02-10 19:16:48,211 - INFO - Prepared sim number: 12: RAYPy_Simulation_bessy2hi_56m_PGM_2Perc_coupling_errors_on_fac5_FLUX/round_3/12_bessy2hi_56m_PGM_2Perc_coupling_errors_on_fac5_FLUX.rml
2025-02-10 19:16:48,224 - INFO - Prepared sim number: 13: RAYPy_Simulation_bessy2hi_56m_PGM_2Perc_coupling_errors_on_fac5_FLUX/round_3/13_bessy2hi_56m_PGM_2Perc_coupling_errors_on_fac5_FLUX.rml
2025-02-10 19:16:48,229 - INFO - Prepared sim number: 14: RAYPy_Simulation_bessy2hi_56m_PGM_2Perc_coupling_errors_on_fac5_FLUX/round_3/14_bessy2hi_56m_PGM_2Perc_coupling_errors_on_fac5_FLUX.rml
2025-02-10 19:16:48,234 - INFO - Prepared sim number: 15: RAYPy_Simulation_bessy2hi_56m_PGM_2Perc_coupling_errors_on_fac5_FLUX/round_3/15_bessy2hi_56m_PGM_2Perc_coupling_errors_on_fac5_FLUX.rml
2025-02-10 19:16:48,238 - INFO - Prepared sim number: 16: RAYPy_Simulation_bessy2hi_56m_PGM_2Perc_coupling_errors_on_fac5_FLUX/round_3/16_bessy2hi_56m_PGM_2Perc_coupling_errors_on_fac5_FLUX.rml
2025-02-10 19:16:48,242 - INFO - Prepared sim number: 17: RAYPy_Simulation_bessy2hi_56m_PGM_2Perc_coupling_errors_on_fac5_FLUX/round_3/17_bessy2hi_56m_PGM_2Perc_coupling_errors_on_fac5_FLUX.rml
2025-02-10 19:16:48,246 - INFO - Prepared sim number: 18: RAYPy_Simulation_bessy2hi_56m_PGM_2Perc_coupling_errors_on_fac5_FLUX/round_3/18_bessy2hi_56m_PGM_2Perc_coupling_errors_on_fac5_FLUX.rml
2025-02-10 19:16:48,251 - INFO - Prepared sim number: 19: RAYPy_Simulation_bessy2hi_56m_PGM_2Perc_coupling_errors_on_fac5_FLUX/round_3/19_bessy2hi_56m_PGM_2Perc_coupling_errors_on_fac5_FLUX.rml
2025-02-10 19:16:48,255 - INFO - Prepared sim number: 20: RAYPy_Simulation_bessy2hi_56m_PGM_2Perc_coupling_errors_on_fac5_FLUX/round_3/20_bessy2hi_56m_PGM_2Perc_coupling_errors_on_fac5_FLUX.rml
2025-02-10 19:16:48,259 - INFO - Prepared sim number: 21: RAYPy_Simulation_bessy2hi_56m_PGM_2Perc_coupling_errors_on_fac5_FLUX/round_3/21_bessy2hi_56m_PGM_2Perc_coupling_errors_on_fac5_FLUX.rml
2025-02-10 19:16:48,263 - INFO - Prepared sim number: 22: RAYPy_Simulation_bessy2hi_56m_PGM_2Perc_coupling_errors_on_fac5_FLUX/round_3/22_bessy2hi_56m_PGM_2Perc_coupling_errors_on_fac5_FLUX.rml
2025-02-10 19:16:48,267 - INFO - Prepared sim number: 23: RAYPy_Simulation_bessy2hi_56m_PGM_2Perc_coupling_errors_on_fac5_FLUX/round_3/23_bessy2hi_56m_PGM_2Perc_coupling_errors_on_fac5_FLUX.rml
2025-02-10 19:16:48,271 - INFO - Prepared sim number: 24: RAYPy_Simulation_bessy2hi_56m_PGM_2Perc_coupling_errors_on_fac5_FLUX/round_3/24_bessy2hi_56m_PGM_2Perc_coupling_errors_on_fac5_FLUX.rml
2025-02-10 19:16:48,275 - INFO - Prepared sim number: 25: RAYPy_Simulation_bessy2hi_56m_PGM_2Perc_coupling_errors_on_fac5_FLUX/round_3/25_bessy2hi_56m_PGM_2Perc_coupling_errors_on_fac5_FLUX.rml
2025-02-10 19:16:48,279 - INFO - Prepared sim number: 26: RAYPy_Simulation_bessy2hi_56m_PGM_2Perc_coupling_errors_on_fac5_FLUX/round_3/26_bessy2hi_56m_PGM_2Perc_coupling_errors_on_fac5_FLUX.rml
2025-02-10 19:16:48,284 - INFO - Prepared sim number: 27: RAYPy_Simulation_bessy2hi_56m_PGM_2Perc_coupling_errors_on_fac5_FLUX/round_3/27_bessy2hi_56m_PGM_2Perc_coupling_errors_on_fac5_FLUX.rml
2025-02-10 19:16:48,289 - INFO - Prepared sim number: 28: RAYPy_Simulation_bessy2hi_56m_PGM_2Perc_coupling_errors_on_fac5_FLUX/round_3/28_bessy2hi_56m_PGM_2Perc_coupling_errors_on_fac5_FLUX.rml
2025-02-10 19:16:48,293 - INFO - Prepared sim number: 29: RAYPy_Simulation_bessy2hi_56m_PGM_2Perc_coupling_errors_on_fac5_FLUX/round_3/29_bessy2hi_56m_PGM_2Perc_coupling_errors_on_fac5_FLUX.rml
2025-02-10 19:16:48,297 - INFO - Prepared sim number: 30: RAYPy_Simulation_bessy2hi_56m_PGM_2Perc_coupling_errors_on_fac5_FLUX/round_3/30_bessy2hi_56m_PGM_2Perc_coupling_errors_on_fac5_FLUX.rml
2025-02-10 19:16:48,301 - INFO - Prepared sim number: 31: RAYPy_Simulation_bessy2hi_56m_PGM_2Perc_coupling_errors_on_fac5_FLUX/round_3/31_bessy2hi_56m_PGM_2Perc_coupling_errors_on_fac5_FLUX.rml
2025-02-10 19:16:48,306 - INFO - Prepared sim number: 32: RAYPy_Simulation_bessy2hi_56m_PGM_2Perc_coupling_errors_on_fac5_FLUX/round_3/32_bessy2hi_56m_PGM_2Perc_coupling_errors_on_fac5_FLUX.rml
2025-02-10 19:16:48,311 - INFO - Prepared sim number: 33: RAYPy_Simulation_bessy2hi_56m_PGM_2Perc_coupling_errors_on_fac5_FLUX/round_3/33_bessy2hi_56m_PGM_2Perc_coupling_errors_on_fac5_FLUX.rml
2025-02-10 19:16:48,316 - INFO - Prepared sim number: 34: RAYPy_Simulation_bessy2hi_56m_PGM_2Perc_coupling_errors_on_fac5_FLUX/round_3/34_bessy2hi_56m_PGM_2Perc_coupling_errors_on_fac5_FLUX.rml
2025-02-10 19:16:48,320 - INFO - Prepared sim number: 35: RAYPy_Simulation_bessy2hi_56m_PGM_2Perc_coupling_errors_on_fac5_FLUX/round_3/35_bessy2hi_56m_PGM_2Perc_coupling_errors_on_fac5_FLUX.rml
2025-02-10 19:16:48,324 - INFO - Prepared sim number: 36: RAYPy_Simulation_bessy2hi_56m_PGM_2Perc_coupling_errors_on_fac5_FLUX/round_3/36_bessy2hi_56m_PGM_2Perc_coupling_errors_on_fac5_FLUX.rml
2025-02-10 19:16:48,328 - INFO - Prepared sim number: 37: RAYPy_Simulation_bessy2hi_56m_PGM_2Perc_coupling_errors_on_fac5_FLUX/round_3/37_bessy2hi_56m_PGM_2Perc_coupling_errors_on_fac5_FLUX.rml
2025-02-10 19:16:48,332 - INFO - Prepared sim number: 38: RAYPy_Simulation_bessy2hi_56m_PGM_2Perc_coupling_errors_on_fac5_FLUX/round_3/38_bessy2hi_56m_PGM_2Perc_coupling_errors_on_fac5_FLUX.rml
2025-02-10 19:16:48,336 - INFO - Prepared sim number: 39: RAYPy_Simulation_bessy2hi_56m_PGM_2Perc_coupling_errors_on_fac5_FLUX/round_3/39_bessy2hi_56m_PGM_2Perc_coupling_errors_on_fac5_FLUX.rml
2025-02-10 19:16:48,340 - INFO - Prepared sim number: 40: RAYPy_Simulation_bessy2hi_56m_PGM_2Perc_coupling_errors_on_fac5_FLUX/round_3/40_bessy2hi_56m_PGM_2Perc_coupling_errors_on_fac5_FLUX.rml
2025-02-10 19:16:48,340 - INFO - Start round 4
2025-02-10 19:16:48,345 - INFO - Prepared sim number: 0: RAYPy_Simulation_bessy2hi_56m_PGM_2Perc_coupling_errors_on_fac5_FLUX/round_4/0_bessy2hi_56m_PGM_2Perc_coupling_errors_on_fac5_FLUX.rml
2025-02-10 19:16:48,349 - INFO - Prepared sim number: 1: RAYPy_Simulation_bessy2hi_56m_PGM_2Perc_coupling_errors_on_fac5_FLUX/round_4/1_bessy2hi_56m_PGM_2Perc_coupling_errors_on_fac5_FLUX.rml
2025-02-10 19:16:48,353 - INFO - Prepared sim number: 2: RAYPy_Simulation_bessy2hi_56m_PGM_2Perc_coupling_errors_on_fac5_FLUX/round_4/2_bessy2hi_56m_PGM_2Perc_coupling_errors_on_fac5_FLUX.rml
2025-02-10 19:16:48,358 - INFO - Prepared sim number: 3: RAYPy_Simulation_bessy2hi_56m_PGM_2Perc_coupling_errors_on_fac5_FLUX/round_4/3_bessy2hi_56m_PGM_2Perc_coupling_errors_on_fac5_FLUX.rml
2025-02-10 19:16:48,362 - INFO - Prepared sim number: 4: RAYPy_Simulation_bessy2hi_56m_PGM_2Perc_coupling_errors_on_fac5_FLUX/round_4/4_bessy2hi_56m_PGM_2Perc_coupling_errors_on_fac5_FLUX.rml
2025-02-10 19:16:48,366 - INFO - Prepared sim number: 5: RAYPy_Simulation_bessy2hi_56m_PGM_2Perc_coupling_errors_on_fac5_FLUX/round_4/5_bessy2hi_56m_PGM_2Perc_coupling_errors_on_fac5_FLUX.rml
2025-02-10 19:16:48,371 - INFO - Prepared sim number: 6: RAYPy_Simulation_bessy2hi_56m_PGM_2Perc_coupling_errors_on_fac5_FLUX/round_4/6_bessy2hi_56m_PGM_2Perc_coupling_errors_on_fac5_FLUX.rml
2025-02-10 19:16:48,375 - INFO - Prepared sim number: 7: RAYPy_Simulation_bessy2hi_56m_PGM_2Perc_coupling_errors_on_fac5_FLUX/round_4/7_bessy2hi_56m_PGM_2Perc_coupling_errors_on_fac5_FLUX.rml
2025-02-10 19:16:48,379 - INFO - Prepared sim number: 8: RAYPy_Simulation_bessy2hi_56m_PGM_2Perc_coupling_errors_on_fac5_FLUX/round_4/8_bessy2hi_56m_PGM_2Perc_coupling_errors_on_fac5_FLUX.rml
2025-02-10 19:16:48,383 - INFO - Prepared sim number: 9: RAYPy_Simulation_bessy2hi_56m_PGM_2Perc_coupling_errors_on_fac5_FLUX/round_4/9_bessy2hi_56m_PGM_2Perc_coupling_errors_on_fac5_FLUX.rml
2025-02-10 19:16:48,387 - INFO - Prepared sim number: 10: RAYPy_Simulation_bessy2hi_56m_PGM_2Perc_coupling_errors_on_fac5_FLUX/round_4/10_bessy2hi_56m_PGM_2Perc_coupling_errors_on_fac5_FLUX.rml
2025-02-10 19:16:48,391 - INFO - Prepared sim number: 11: RAYPy_Simulation_bessy2hi_56m_PGM_2Perc_coupling_errors_on_fac5_FLUX/round_4/11_bessy2hi_56m_PGM_2Perc_coupling_errors_on_fac5_FLUX.rml
2025-02-10 19:16:48,396 - INFO - Prepared sim number: 12: RAYPy_Simulation_bessy2hi_56m_PGM_2Perc_coupling_errors_on_fac5_FLUX/round_4/12_bessy2hi_56m_PGM_2Perc_coupling_errors_on_fac5_FLUX.rml
2025-02-10 19:16:48,400 - INFO - Prepared sim number: 13: RAYPy_Simulation_bessy2hi_56m_PGM_2Perc_coupling_errors_on_fac5_FLUX/round_4/13_bessy2hi_56m_PGM_2Perc_coupling_errors_on_fac5_FLUX.rml
2025-02-10 19:16:48,404 - INFO - Prepared sim number: 14: RAYPy_Simulation_bessy2hi_56m_PGM_2Perc_coupling_errors_on_fac5_FLUX/round_4/14_bessy2hi_56m_PGM_2Perc_coupling_errors_on_fac5_FLUX.rml
2025-02-10 19:16:48,408 - INFO - Prepared sim number: 15: RAYPy_Simulation_bessy2hi_56m_PGM_2Perc_coupling_errors_on_fac5_FLUX/round_4/15_bessy2hi_56m_PGM_2Perc_coupling_errors_on_fac5_FLUX.rml
2025-02-10 19:16:48,409 - INFO - Waiting for batch number: 2, timeout: 103.87671585381031s
2025-02-10 19:17:05,670 - INFO - Completed: 1, remaining: 59, RAYPy_Simulation_bessy2hi_56m_PGM_2Perc_coupling_errors_on_fac5_FLUX/round_3/5_bessy2hi_56m_PGM_2Perc_coupling_errors_on_fac5_FLUX.rml
2025-02-10 19:17:05,678 - INFO - Completed: 2, remaining: 58, RAYPy_Simulation_bessy2hi_56m_PGM_2Perc_coupling_errors_on_fac5_FLUX/round_3/3_bessy2hi_56m_PGM_2Perc_coupling_errors_on_fac5_FLUX.rml
2025-02-10 19:17:05,805 - INFO - Completed: 3, remaining: 57, RAYPy_Simulation_bessy2hi_56m_PGM_2Perc_coupling_errors_on_fac5_FLUX/round_3/4_bessy2hi_56m_PGM_2Perc_coupling_errors_on_fac5_FLUX.rml
2025-02-10 19:17:05,844 - INFO - Completed: 4, remaining: 56, RAYPy_Simulation_bessy2hi_56m_PGM_2Perc_coupling_errors_on_fac5_FLUX/round_3/8_bessy2hi_56m_PGM_2Perc_coupling_errors_on_fac5_FLUX.rml
2025-02-10 19:17:05,904 - INFO - Completed: 5, remaining: 55, RAYPy_Simulation_bessy2hi_56m_PGM_2Perc_coupling_errors_on_fac5_FLUX/round_2/39_bessy2hi_56m_PGM_2Perc_coupling_errors_on_fac5_FLUX.rml
2025-02-10 19:17:06,049 - INFO - Completed: 6, remaining: 54, RAYPy_Simulation_bessy2hi_56m_PGM_2Perc_coupling_errors_on_fac5_FLUX/round_2/38_bessy2hi_56m_PGM_2Perc_coupling_errors_on_fac5_FLUX.rml
2025-02-10 19:17:06,257 - INFO - Completed: 7, remaining: 53, RAYPy_Simulation_bessy2hi_56m_PGM_2Perc_coupling_errors_on_fac5_FLUX/round_3/7_bessy2hi_56m_PGM_2Perc_coupling_errors_on_fac5_FLUX.rml
2025-02-10 19:17:06,517 - INFO - Completed: 8, remaining: 52, RAYPy_Simulation_bessy2hi_56m_PGM_2Perc_coupling_errors_on_fac5_FLUX/round_3/6_bessy2hi_56m_PGM_2Perc_coupling_errors_on_fac5_FLUX.rml
2025-02-10 19:17:07,655 - INFO - Completed: 9, remaining: 51, RAYPy_Simulation_bessy2hi_56m_PGM_2Perc_coupling_errors_on_fac5_FLUX/round_2/40_bessy2hi_56m_PGM_2Perc_coupling_errors_on_fac5_FLUX.rml
2025-02-10 19:17:08,015 - INFO - Completed: 10, remaining: 50, RAYPy_Simulation_bessy2hi_56m_PGM_2Perc_coupling_errors_on_fac5_FLUX/round_3/1_bessy2hi_56m_PGM_2Perc_coupling_errors_on_fac5_FLUX.rml
2025-02-10 19:17:08,021 - INFO - Completed: 11, remaining: 49, RAYPy_Simulation_bessy2hi_56m_PGM_2Perc_coupling_errors_on_fac5_FLUX/round_3/2_bessy2hi_56m_PGM_2Perc_coupling_errors_on_fac5_FLUX.rml
2025-02-10 19:17:08,962 - INFO - Completed: 12, remaining: 48, RAYPy_Simulation_bessy2hi_56m_PGM_2Perc_coupling_errors_on_fac5_FLUX/round_3/0_bessy2hi_56m_PGM_2Perc_coupling_errors_on_fac5_FLUX.rml
2025-02-10 19:17:21,961 - INFO - Completed: 13, remaining: 47, RAYPy_Simulation_bessy2hi_56m_PGM_2Perc_coupling_errors_on_fac5_FLUX/round_3/10_bessy2hi_56m_PGM_2Perc_coupling_errors_on_fac5_FLUX.rml
2025-02-10 19:17:22,018 - INFO - Completed: 14, remaining: 46, RAYPy_Simulation_bessy2hi_56m_PGM_2Perc_coupling_errors_on_fac5_FLUX/round_3/9_bessy2hi_56m_PGM_2Perc_coupling_errors_on_fac5_FLUX.rml
2025-02-10 19:17:22,164 - INFO - Completed: 15, remaining: 45, RAYPy_Simulation_bessy2hi_56m_PGM_2Perc_coupling_errors_on_fac5_FLUX/round_3/12_bessy2hi_56m_PGM_2Perc_coupling_errors_on_fac5_FLUX.rml
2025-02-10 19:17:22,296 - INFO - Completed: 16, remaining: 44, RAYPy_Simulation_bessy2hi_56m_PGM_2Perc_coupling_errors_on_fac5_FLUX/round_3/11_bessy2hi_56m_PGM_2Perc_coupling_errors_on_fac5_FLUX.rml
2025-02-10 19:17:22,432 - INFO - Completed: 17, remaining: 43, RAYPy_Simulation_bessy2hi_56m_PGM_2Perc_coupling_errors_on_fac5_FLUX/round_3/14_bessy2hi_56m_PGM_2Perc_coupling_errors_on_fac5_FLUX.rml
2025-02-10 19:17:22,550 - INFO - Completed: 18, remaining: 42, RAYPy_Simulation_bessy2hi_56m_PGM_2Perc_coupling_errors_on_fac5_FLUX/round_3/13_bessy2hi_56m_PGM_2Perc_coupling_errors_on_fac5_FLUX.rml
2025-02-10 19:17:22,954 - INFO - Completed: 19, remaining: 41, RAYPy_Simulation_bessy2hi_56m_PGM_2Perc_coupling_errors_on_fac5_FLUX/round_3/15_bessy2hi_56m_PGM_2Perc_coupling_errors_on_fac5_FLUX.rml
2025-02-10 19:17:23,397 - INFO - Completed: 20, remaining: 40, RAYPy_Simulation_bessy2hi_56m_PGM_2Perc_coupling_errors_on_fac5_FLUX/round_3/16_bessy2hi_56m_PGM_2Perc_coupling_errors_on_fac5_FLUX.rml
2025-02-10 19:17:24,765 - INFO - Completed: 21, remaining: 39, RAYPy_Simulation_bessy2hi_56m_PGM_2Perc_coupling_errors_on_fac5_FLUX/round_3/19_bessy2hi_56m_PGM_2Perc_coupling_errors_on_fac5_FLUX.rml
2025-02-10 19:17:24,787 - INFO - Completed: 22, remaining: 38, RAYPy_Simulation_bessy2hi_56m_PGM_2Perc_coupling_errors_on_fac5_FLUX/round_3/18_bessy2hi_56m_PGM_2Perc_coupling_errors_on_fac5_FLUX.rml
2025-02-10 19:17:24,931 - INFO - Completed: 23, remaining: 37, RAYPy_Simulation_bessy2hi_56m_PGM_2Perc_coupling_errors_on_fac5_FLUX/round_3/20_bessy2hi_56m_PGM_2Perc_coupling_errors_on_fac5_FLUX.rml
2025-02-10 19:17:25,390 - INFO - Completed: 24, remaining: 36, RAYPy_Simulation_bessy2hi_56m_PGM_2Perc_coupling_errors_on_fac5_FLUX/round_3/17_bessy2hi_56m_PGM_2Perc_coupling_errors_on_fac5_FLUX.rml
2025-02-10 19:17:39,185 - INFO - Completed: 25, remaining: 35, RAYPy_Simulation_bessy2hi_56m_PGM_2Perc_coupling_errors_on_fac5_FLUX/round_3/21_bessy2hi_56m_PGM_2Perc_coupling_errors_on_fac5_FLUX.rml
2025-02-10 19:17:39,484 - INFO - Completed: 26, remaining: 34, RAYPy_Simulation_bessy2hi_56m_PGM_2Perc_coupling_errors_on_fac5_FLUX/round_3/23_bessy2hi_56m_PGM_2Perc_coupling_errors_on_fac5_FLUX.rml
2025-02-10 19:17:39,609 - INFO - Completed: 27, remaining: 33, RAYPy_Simulation_bessy2hi_56m_PGM_2Perc_coupling_errors_on_fac5_FLUX/round_3/22_bessy2hi_56m_PGM_2Perc_coupling_errors_on_fac5_FLUX.rml
2025-02-10 19:17:39,940 - INFO - Completed: 28, remaining: 32, RAYPy_Simulation_bessy2hi_56m_PGM_2Perc_coupling_errors_on_fac5_FLUX/round_3/24_bessy2hi_56m_PGM_2Perc_coupling_errors_on_fac5_FLUX.rml
2025-02-10 19:17:40,283 - INFO - Completed: 29, remaining: 31, RAYPy_Simulation_bessy2hi_56m_PGM_2Perc_coupling_errors_on_fac5_FLUX/round_3/26_bessy2hi_56m_PGM_2Perc_coupling_errors_on_fac5_FLUX.rml
2025-02-10 19:17:40,530 - INFO - Completed: 30, remaining: 30, RAYPy_Simulation_bessy2hi_56m_PGM_2Perc_coupling_errors_on_fac5_FLUX/round_3/27_bessy2hi_56m_PGM_2Perc_coupling_errors_on_fac5_FLUX.rml
2025-02-10 19:17:41,507 - INFO - Completed: 31, remaining: 29, RAYPy_Simulation_bessy2hi_56m_PGM_2Perc_coupling_errors_on_fac5_FLUX/round_3/28_bessy2hi_56m_PGM_2Perc_coupling_errors_on_fac5_FLUX.rml
2025-02-10 19:17:41,886 - INFO - Completed: 32, remaining: 28, RAYPy_Simulation_bessy2hi_56m_PGM_2Perc_coupling_errors_on_fac5_FLUX/round_3/25_bessy2hi_56m_PGM_2Perc_coupling_errors_on_fac5_FLUX.rml
2025-02-10 19:17:42,433 - INFO - Completed: 33, remaining: 27, RAYPy_Simulation_bessy2hi_56m_PGM_2Perc_coupling_errors_on_fac5_FLUX/round_3/30_bessy2hi_56m_PGM_2Perc_coupling_errors_on_fac5_FLUX.rml
2025-02-10 19:17:42,620 - INFO - Completed: 34, remaining: 26, RAYPy_Simulation_bessy2hi_56m_PGM_2Perc_coupling_errors_on_fac5_FLUX/round_3/31_bessy2hi_56m_PGM_2Perc_coupling_errors_on_fac5_FLUX.rml
2025-02-10 19:17:42,635 - INFO - Completed: 35, remaining: 25, RAYPy_Simulation_bessy2hi_56m_PGM_2Perc_coupling_errors_on_fac5_FLUX/round_3/29_bessy2hi_56m_PGM_2Perc_coupling_errors_on_fac5_FLUX.rml
2025-02-10 19:17:42,814 - INFO - Completed: 36, remaining: 24, RAYPy_Simulation_bessy2hi_56m_PGM_2Perc_coupling_errors_on_fac5_FLUX/round_3/32_bessy2hi_56m_PGM_2Perc_coupling_errors_on_fac5_FLUX.rml
2025-02-10 19:17:55,869 - INFO - Completed: 37, remaining: 23, RAYPy_Simulation_bessy2hi_56m_PGM_2Perc_coupling_errors_on_fac5_FLUX/round_3/34_bessy2hi_56m_PGM_2Perc_coupling_errors_on_fac5_FLUX.rml
2025-02-10 19:17:55,966 - INFO - Completed: 38, remaining: 22, RAYPy_Simulation_bessy2hi_56m_PGM_2Perc_coupling_errors_on_fac5_FLUX/round_3/35_bessy2hi_56m_PGM_2Perc_coupling_errors_on_fac5_FLUX.rml
2025-02-10 19:17:56,070 - INFO - Completed: 39, remaining: 21, RAYPy_Simulation_bessy2hi_56m_PGM_2Perc_coupling_errors_on_fac5_FLUX/round_3/33_bessy2hi_56m_PGM_2Perc_coupling_errors_on_fac5_FLUX.rml
2025-02-10 19:17:56,750 - INFO - Completed: 40, remaining: 20, RAYPy_Simulation_bessy2hi_56m_PGM_2Perc_coupling_errors_on_fac5_FLUX/round_3/36_bessy2hi_56m_PGM_2Perc_coupling_errors_on_fac5_FLUX.rml
2025-02-10 19:17:57,010 - INFO - Completed: 41, remaining: 19, RAYPy_Simulation_bessy2hi_56m_PGM_2Perc_coupling_errors_on_fac5_FLUX/round_3/38_bessy2hi_56m_PGM_2Perc_coupling_errors_on_fac5_FLUX.rml
2025-02-10 19:17:57,314 - INFO - Completed: 42, remaining: 18, RAYPy_Simulation_bessy2hi_56m_PGM_2Perc_coupling_errors_on_fac5_FLUX/round_3/37_bessy2hi_56m_PGM_2Perc_coupling_errors_on_fac5_FLUX.rml
2025-02-10 19:17:58,183 - INFO - Completed: 43, remaining: 17, RAYPy_Simulation_bessy2hi_56m_PGM_2Perc_coupling_errors_on_fac5_FLUX/round_3/39_bessy2hi_56m_PGM_2Perc_coupling_errors_on_fac5_FLUX.rml
2025-02-10 19:17:59,147 - INFO - Completed: 44, remaining: 16, RAYPy_Simulation_bessy2hi_56m_PGM_2Perc_coupling_errors_on_fac5_FLUX/round_4/3_bessy2hi_56m_PGM_2Perc_coupling_errors_on_fac5_FLUX.rml
2025-02-10 19:17:59,221 - INFO - Completed: 45, remaining: 15, RAYPy_Simulation_bessy2hi_56m_PGM_2Perc_coupling_errors_on_fac5_FLUX/round_4/1_bessy2hi_56m_PGM_2Perc_coupling_errors_on_fac5_FLUX.rml
2025-02-10 19:17:59,324 - INFO - Completed: 46, remaining: 14, RAYPy_Simulation_bessy2hi_56m_PGM_2Perc_coupling_errors_on_fac5_FLUX/round_4/0_bessy2hi_56m_PGM_2Perc_coupling_errors_on_fac5_FLUX.rml
2025-02-10 19:17:59,382 - INFO - Completed: 47, remaining: 13, RAYPy_Simulation_bessy2hi_56m_PGM_2Perc_coupling_errors_on_fac5_FLUX/round_4/2_bessy2hi_56m_PGM_2Perc_coupling_errors_on_fac5_FLUX.rml
2025-02-10 19:17:59,447 - INFO - Completed: 48, remaining: 12, RAYPy_Simulation_bessy2hi_56m_PGM_2Perc_coupling_errors_on_fac5_FLUX/round_3/40_bessy2hi_56m_PGM_2Perc_coupling_errors_on_fac5_FLUX.rml
2025-02-10 19:18:11,534 - INFO - Completed: 49, remaining: 11, RAYPy_Simulation_bessy2hi_56m_PGM_2Perc_coupling_errors_on_fac5_FLUX/round_4/5_bessy2hi_56m_PGM_2Perc_coupling_errors_on_fac5_FLUX.rml
2025-02-10 19:18:11,974 - INFO - Completed: 50, remaining: 10, RAYPy_Simulation_bessy2hi_56m_PGM_2Perc_coupling_errors_on_fac5_FLUX/round_4/4_bessy2hi_56m_PGM_2Perc_coupling_errors_on_fac5_FLUX.rml
2025-02-10 19:18:12,491 - INFO - Completed: 51, remaining: 9, RAYPy_Simulation_bessy2hi_56m_PGM_2Perc_coupling_errors_on_fac5_FLUX/round_4/6_bessy2hi_56m_PGM_2Perc_coupling_errors_on_fac5_FLUX.rml
2025-02-10 19:18:13,036 - INFO - Completed: 52, remaining: 8, RAYPy_Simulation_bessy2hi_56m_PGM_2Perc_coupling_errors_on_fac5_FLUX/round_4/7_bessy2hi_56m_PGM_2Perc_coupling_errors_on_fac5_FLUX.rml
2025-02-10 19:18:13,423 - INFO - Completed: 53, remaining: 7, RAYPy_Simulation_bessy2hi_56m_PGM_2Perc_coupling_errors_on_fac5_FLUX/round_4/8_bessy2hi_56m_PGM_2Perc_coupling_errors_on_fac5_FLUX.rml
2025-02-10 19:18:13,586 - INFO - Completed: 54, remaining: 6, RAYPy_Simulation_bessy2hi_56m_PGM_2Perc_coupling_errors_on_fac5_FLUX/round_4/9_bessy2hi_56m_PGM_2Perc_coupling_errors_on_fac5_FLUX.rml
2025-02-10 19:18:14,168 - INFO - Completed: 55, remaining: 5, RAYPy_Simulation_bessy2hi_56m_PGM_2Perc_coupling_errors_on_fac5_FLUX/round_4/10_bessy2hi_56m_PGM_2Perc_coupling_errors_on_fac5_FLUX.rml
2025-02-10 19:18:14,671 - INFO - Completed: 56, remaining: 4, RAYPy_Simulation_bessy2hi_56m_PGM_2Perc_coupling_errors_on_fac5_FLUX/round_4/11_bessy2hi_56m_PGM_2Perc_coupling_errors_on_fac5_FLUX.rml
2025-02-10 19:18:14,742 - INFO - Completed: 57, remaining: 3, RAYPy_Simulation_bessy2hi_56m_PGM_2Perc_coupling_errors_on_fac5_FLUX/round_4/15_bessy2hi_56m_PGM_2Perc_coupling_errors_on_fac5_FLUX.rml
2025-02-10 19:18:15,053 - INFO - Completed: 58, remaining: 2, RAYPy_Simulation_bessy2hi_56m_PGM_2Perc_coupling_errors_on_fac5_FLUX/round_4/13_bessy2hi_56m_PGM_2Perc_coupling_errors_on_fac5_FLUX.rml
2025-02-10 19:18:15,385 - INFO - Completed: 59, remaining: 1, RAYPy_Simulation_bessy2hi_56m_PGM_2Perc_coupling_errors_on_fac5_FLUX/round_4/12_bessy2hi_56m_PGM_2Perc_coupling_errors_on_fac5_FLUX.rml
2025-02-10 19:18:15,494 - INFO - Completed: 60, remaining: 0, RAYPy_Simulation_bessy2hi_56m_PGM_2Perc_coupling_errors_on_fac5_FLUX/round_4/14_bessy2hi_56m_PGM_2Perc_coupling_errors_on_fac5_FLUX.rml
2025-02-10 19:18:15,494 - INFO - Batch Completed
2025-02-10 19:18:15,495 - INFO - Waiting For batch, 60 simulations to go
2025-02-10 19:18:15,501 - INFO - Prepared sim number: 16: RAYPy_Simulation_bessy2hi_56m_PGM_2Perc_coupling_errors_on_fac5_FLUX/round_4/16_bessy2hi_56m_PGM_2Perc_coupling_errors_on_fac5_FLUX.rml
2025-02-10 19:18:15,508 - INFO - Prepared sim number: 17: RAYPy_Simulation_bessy2hi_56m_PGM_2Perc_coupling_errors_on_fac5_FLUX/round_4/17_bessy2hi_56m_PGM_2Perc_coupling_errors_on_fac5_FLUX.rml
2025-02-10 19:18:15,514 - INFO - Prepared sim number: 18: RAYPy_Simulation_bessy2hi_56m_PGM_2Perc_coupling_errors_on_fac5_FLUX/round_4/18_bessy2hi_56m_PGM_2Perc_coupling_errors_on_fac5_FLUX.rml
2025-02-10 19:18:15,520 - INFO - Prepared sim number: 19: RAYPy_Simulation_bessy2hi_56m_PGM_2Perc_coupling_errors_on_fac5_FLUX/round_4/19_bessy2hi_56m_PGM_2Perc_coupling_errors_on_fac5_FLUX.rml
2025-02-10 19:18:15,527 - INFO - Prepared sim number: 20: RAYPy_Simulation_bessy2hi_56m_PGM_2Perc_coupling_errors_on_fac5_FLUX/round_4/20_bessy2hi_56m_PGM_2Perc_coupling_errors_on_fac5_FLUX.rml
2025-02-10 19:18:15,532 - INFO - Prepared sim number: 21: RAYPy_Simulation_bessy2hi_56m_PGM_2Perc_coupling_errors_on_fac5_FLUX/round_4/21_bessy2hi_56m_PGM_2Perc_coupling_errors_on_fac5_FLUX.rml
2025-02-10 19:18:15,537 - INFO - Prepared sim number: 22: RAYPy_Simulation_bessy2hi_56m_PGM_2Perc_coupling_errors_on_fac5_FLUX/round_4/22_bessy2hi_56m_PGM_2Perc_coupling_errors_on_fac5_FLUX.rml
2025-02-10 19:18:15,543 - INFO - Prepared sim number: 23: RAYPy_Simulation_bessy2hi_56m_PGM_2Perc_coupling_errors_on_fac5_FLUX/round_4/23_bessy2hi_56m_PGM_2Perc_coupling_errors_on_fac5_FLUX.rml
2025-02-10 19:18:15,548 - INFO - Prepared sim number: 24: RAYPy_Simulation_bessy2hi_56m_PGM_2Perc_coupling_errors_on_fac5_FLUX/round_4/24_bessy2hi_56m_PGM_2Perc_coupling_errors_on_fac5_FLUX.rml
2025-02-10 19:18:15,553 - INFO - Prepared sim number: 25: RAYPy_Simulation_bessy2hi_56m_PGM_2Perc_coupling_errors_on_fac5_FLUX/round_4/25_bessy2hi_56m_PGM_2Perc_coupling_errors_on_fac5_FLUX.rml
2025-02-10 19:18:15,557 - INFO - Prepared sim number: 26: RAYPy_Simulation_bessy2hi_56m_PGM_2Perc_coupling_errors_on_fac5_FLUX/round_4/26_bessy2hi_56m_PGM_2Perc_coupling_errors_on_fac5_FLUX.rml
2025-02-10 19:18:15,562 - INFO - Prepared sim number: 27: RAYPy_Simulation_bessy2hi_56m_PGM_2Perc_coupling_errors_on_fac5_FLUX/round_4/27_bessy2hi_56m_PGM_2Perc_coupling_errors_on_fac5_FLUX.rml
2025-02-10 19:18:15,566 - INFO - Prepared sim number: 28: RAYPy_Simulation_bessy2hi_56m_PGM_2Perc_coupling_errors_on_fac5_FLUX/round_4/28_bessy2hi_56m_PGM_2Perc_coupling_errors_on_fac5_FLUX.rml
2025-02-10 19:18:15,570 - INFO - Prepared sim number: 29: RAYPy_Simulation_bessy2hi_56m_PGM_2Perc_coupling_errors_on_fac5_FLUX/round_4/29_bessy2hi_56m_PGM_2Perc_coupling_errors_on_fac5_FLUX.rml
2025-02-10 19:18:15,574 - INFO - Prepared sim number: 30: RAYPy_Simulation_bessy2hi_56m_PGM_2Perc_coupling_errors_on_fac5_FLUX/round_4/30_bessy2hi_56m_PGM_2Perc_coupling_errors_on_fac5_FLUX.rml
2025-02-10 19:18:15,578 - INFO - Prepared sim number: 31: RAYPy_Simulation_bessy2hi_56m_PGM_2Perc_coupling_errors_on_fac5_FLUX/round_4/31_bessy2hi_56m_PGM_2Perc_coupling_errors_on_fac5_FLUX.rml
2025-02-10 19:18:15,583 - INFO - Prepared sim number: 32: RAYPy_Simulation_bessy2hi_56m_PGM_2Perc_coupling_errors_on_fac5_FLUX/round_4/32_bessy2hi_56m_PGM_2Perc_coupling_errors_on_fac5_FLUX.rml
2025-02-10 19:18:15,587 - INFO - Prepared sim number: 33: RAYPy_Simulation_bessy2hi_56m_PGM_2Perc_coupling_errors_on_fac5_FLUX/round_4/33_bessy2hi_56m_PGM_2Perc_coupling_errors_on_fac5_FLUX.rml
2025-02-10 19:18:15,591 - INFO - Prepared sim number: 34: RAYPy_Simulation_bessy2hi_56m_PGM_2Perc_coupling_errors_on_fac5_FLUX/round_4/34_bessy2hi_56m_PGM_2Perc_coupling_errors_on_fac5_FLUX.rml
2025-02-10 19:18:15,595 - INFO - Prepared sim number: 35: RAYPy_Simulation_bessy2hi_56m_PGM_2Perc_coupling_errors_on_fac5_FLUX/round_4/35_bessy2hi_56m_PGM_2Perc_coupling_errors_on_fac5_FLUX.rml
2025-02-10 19:18:15,599 - INFO - Prepared sim number: 36: RAYPy_Simulation_bessy2hi_56m_PGM_2Perc_coupling_errors_on_fac5_FLUX/round_4/36_bessy2hi_56m_PGM_2Perc_coupling_errors_on_fac5_FLUX.rml
2025-02-10 19:18:15,604 - INFO - Prepared sim number: 37: RAYPy_Simulation_bessy2hi_56m_PGM_2Perc_coupling_errors_on_fac5_FLUX/round_4/37_bessy2hi_56m_PGM_2Perc_coupling_errors_on_fac5_FLUX.rml
2025-02-10 19:18:15,608 - INFO - Prepared sim number: 38: RAYPy_Simulation_bessy2hi_56m_PGM_2Perc_coupling_errors_on_fac5_FLUX/round_4/38_bessy2hi_56m_PGM_2Perc_coupling_errors_on_fac5_FLUX.rml
2025-02-10 19:18:15,613 - INFO - Prepared sim number: 39: RAYPy_Simulation_bessy2hi_56m_PGM_2Perc_coupling_errors_on_fac5_FLUX/round_4/39_bessy2hi_56m_PGM_2Perc_coupling_errors_on_fac5_FLUX.rml
2025-02-10 19:18:15,617 - INFO - Prepared sim number: 40: RAYPy_Simulation_bessy2hi_56m_PGM_2Perc_coupling_errors_on_fac5_FLUX/round_4/40_bessy2hi_56m_PGM_2Perc_coupling_errors_on_fac5_FLUX.rml
2025-02-10 19:18:15,618 - INFO - Start round 5
2025-02-10 19:18:15,622 - INFO - Prepared sim number: 0: RAYPy_Simulation_bessy2hi_56m_PGM_2Perc_coupling_errors_on_fac5_FLUX/round_5/0_bessy2hi_56m_PGM_2Perc_coupling_errors_on_fac5_FLUX.rml
2025-02-10 19:18:15,626 - INFO - Prepared sim number: 1: RAYPy_Simulation_bessy2hi_56m_PGM_2Perc_coupling_errors_on_fac5_FLUX/round_5/1_bessy2hi_56m_PGM_2Perc_coupling_errors_on_fac5_FLUX.rml
2025-02-10 19:18:15,630 - INFO - Prepared sim number: 2: RAYPy_Simulation_bessy2hi_56m_PGM_2Perc_coupling_errors_on_fac5_FLUX/round_5/2_bessy2hi_56m_PGM_2Perc_coupling_errors_on_fac5_FLUX.rml
2025-02-10 19:18:15,634 - INFO - Prepared sim number: 3: RAYPy_Simulation_bessy2hi_56m_PGM_2Perc_coupling_errors_on_fac5_FLUX/round_5/3_bessy2hi_56m_PGM_2Perc_coupling_errors_on_fac5_FLUX.rml
2025-02-10 19:18:15,638 - INFO - Prepared sim number: 4: RAYPy_Simulation_bessy2hi_56m_PGM_2Perc_coupling_errors_on_fac5_FLUX/round_5/4_bessy2hi_56m_PGM_2Perc_coupling_errors_on_fac5_FLUX.rml
2025-02-10 19:18:15,642 - INFO - Prepared sim number: 5: RAYPy_Simulation_bessy2hi_56m_PGM_2Perc_coupling_errors_on_fac5_FLUX/round_5/5_bessy2hi_56m_PGM_2Perc_coupling_errors_on_fac5_FLUX.rml
2025-02-10 19:18:15,646 - INFO - Prepared sim number: 6: RAYPy_Simulation_bessy2hi_56m_PGM_2Perc_coupling_errors_on_fac5_FLUX/round_5/6_bessy2hi_56m_PGM_2Perc_coupling_errors_on_fac5_FLUX.rml
2025-02-10 19:18:15,650 - INFO - Prepared sim number: 7: RAYPy_Simulation_bessy2hi_56m_PGM_2Perc_coupling_errors_on_fac5_FLUX/round_5/7_bessy2hi_56m_PGM_2Perc_coupling_errors_on_fac5_FLUX.rml
2025-02-10 19:18:15,654 - INFO - Prepared sim number: 8: RAYPy_Simulation_bessy2hi_56m_PGM_2Perc_coupling_errors_on_fac5_FLUX/round_5/8_bessy2hi_56m_PGM_2Perc_coupling_errors_on_fac5_FLUX.rml
2025-02-10 19:18:15,658 - INFO - Prepared sim number: 9: RAYPy_Simulation_bessy2hi_56m_PGM_2Perc_coupling_errors_on_fac5_FLUX/round_5/9_bessy2hi_56m_PGM_2Perc_coupling_errors_on_fac5_FLUX.rml
2025-02-10 19:18:15,662 - INFO - Prepared sim number: 10: RAYPy_Simulation_bessy2hi_56m_PGM_2Perc_coupling_errors_on_fac5_FLUX/round_5/10_bessy2hi_56m_PGM_2Perc_coupling_errors_on_fac5_FLUX.rml
2025-02-10 19:18:15,666 - INFO - Prepared sim number: 11: RAYPy_Simulation_bessy2hi_56m_PGM_2Perc_coupling_errors_on_fac5_FLUX/round_5/11_bessy2hi_56m_PGM_2Perc_coupling_errors_on_fac5_FLUX.rml
2025-02-10 19:18:15,670 - INFO - Prepared sim number: 12: RAYPy_Simulation_bessy2hi_56m_PGM_2Perc_coupling_errors_on_fac5_FLUX/round_5/12_bessy2hi_56m_PGM_2Perc_coupling_errors_on_fac5_FLUX.rml
2025-02-10 19:18:15,674 - INFO - Prepared sim number: 13: RAYPy_Simulation_bessy2hi_56m_PGM_2Perc_coupling_errors_on_fac5_FLUX/round_5/13_bessy2hi_56m_PGM_2Perc_coupling_errors_on_fac5_FLUX.rml
2025-02-10 19:18:15,678 - INFO - Prepared sim number: 14: RAYPy_Simulation_bessy2hi_56m_PGM_2Perc_coupling_errors_on_fac5_FLUX/round_5/14_bessy2hi_56m_PGM_2Perc_coupling_errors_on_fac5_FLUX.rml
2025-02-10 19:18:15,682 - INFO - Prepared sim number: 15: RAYPy_Simulation_bessy2hi_56m_PGM_2Perc_coupling_errors_on_fac5_FLUX/round_5/15_bessy2hi_56m_PGM_2Perc_coupling_errors_on_fac5_FLUX.rml
2025-02-10 19:18:15,686 - INFO - Prepared sim number: 16: RAYPy_Simulation_bessy2hi_56m_PGM_2Perc_coupling_errors_on_fac5_FLUX/round_5/16_bessy2hi_56m_PGM_2Perc_coupling_errors_on_fac5_FLUX.rml
2025-02-10 19:18:15,690 - INFO - Prepared sim number: 17: RAYPy_Simulation_bessy2hi_56m_PGM_2Perc_coupling_errors_on_fac5_FLUX/round_5/17_bessy2hi_56m_PGM_2Perc_coupling_errors_on_fac5_FLUX.rml
2025-02-10 19:18:15,694 - INFO - Prepared sim number: 18: RAYPy_Simulation_bessy2hi_56m_PGM_2Perc_coupling_errors_on_fac5_FLUX/round_5/18_bessy2hi_56m_PGM_2Perc_coupling_errors_on_fac5_FLUX.rml
2025-02-10 19:18:15,698 - INFO - Prepared sim number: 19: RAYPy_Simulation_bessy2hi_56m_PGM_2Perc_coupling_errors_on_fac5_FLUX/round_5/19_bessy2hi_56m_PGM_2Perc_coupling_errors_on_fac5_FLUX.rml
2025-02-10 19:18:15,702 - INFO - Prepared sim number: 20: RAYPy_Simulation_bessy2hi_56m_PGM_2Perc_coupling_errors_on_fac5_FLUX/round_5/20_bessy2hi_56m_PGM_2Perc_coupling_errors_on_fac5_FLUX.rml
2025-02-10 19:18:15,706 - INFO - Prepared sim number: 21: RAYPy_Simulation_bessy2hi_56m_PGM_2Perc_coupling_errors_on_fac5_FLUX/round_5/21_bessy2hi_56m_PGM_2Perc_coupling_errors_on_fac5_FLUX.rml
2025-02-10 19:18:15,710 - INFO - Prepared sim number: 22: RAYPy_Simulation_bessy2hi_56m_PGM_2Perc_coupling_errors_on_fac5_FLUX/round_5/22_bessy2hi_56m_PGM_2Perc_coupling_errors_on_fac5_FLUX.rml
2025-02-10 19:18:15,714 - INFO - Prepared sim number: 23: RAYPy_Simulation_bessy2hi_56m_PGM_2Perc_coupling_errors_on_fac5_FLUX/round_5/23_bessy2hi_56m_PGM_2Perc_coupling_errors_on_fac5_FLUX.rml
2025-02-10 19:18:15,719 - INFO - Prepared sim number: 24: RAYPy_Simulation_bessy2hi_56m_PGM_2Perc_coupling_errors_on_fac5_FLUX/round_5/24_bessy2hi_56m_PGM_2Perc_coupling_errors_on_fac5_FLUX.rml
2025-02-10 19:18:15,723 - INFO - Prepared sim number: 25: RAYPy_Simulation_bessy2hi_56m_PGM_2Perc_coupling_errors_on_fac5_FLUX/round_5/25_bessy2hi_56m_PGM_2Perc_coupling_errors_on_fac5_FLUX.rml
2025-02-10 19:18:15,727 - INFO - Prepared sim number: 26: RAYPy_Simulation_bessy2hi_56m_PGM_2Perc_coupling_errors_on_fac5_FLUX/round_5/26_bessy2hi_56m_PGM_2Perc_coupling_errors_on_fac5_FLUX.rml
2025-02-10 19:18:15,731 - INFO - Prepared sim number: 27: RAYPy_Simulation_bessy2hi_56m_PGM_2Perc_coupling_errors_on_fac5_FLUX/round_5/27_bessy2hi_56m_PGM_2Perc_coupling_errors_on_fac5_FLUX.rml
2025-02-10 19:18:15,735 - INFO - Prepared sim number: 28: RAYPy_Simulation_bessy2hi_56m_PGM_2Perc_coupling_errors_on_fac5_FLUX/round_5/28_bessy2hi_56m_PGM_2Perc_coupling_errors_on_fac5_FLUX.rml
2025-02-10 19:18:15,739 - INFO - Prepared sim number: 29: RAYPy_Simulation_bessy2hi_56m_PGM_2Perc_coupling_errors_on_fac5_FLUX/round_5/29_bessy2hi_56m_PGM_2Perc_coupling_errors_on_fac5_FLUX.rml
2025-02-10 19:18:15,743 - INFO - Prepared sim number: 30: RAYPy_Simulation_bessy2hi_56m_PGM_2Perc_coupling_errors_on_fac5_FLUX/round_5/30_bessy2hi_56m_PGM_2Perc_coupling_errors_on_fac5_FLUX.rml
2025-02-10 19:18:15,747 - INFO - Prepared sim number: 31: RAYPy_Simulation_bessy2hi_56m_PGM_2Perc_coupling_errors_on_fac5_FLUX/round_5/31_bessy2hi_56m_PGM_2Perc_coupling_errors_on_fac5_FLUX.rml
2025-02-10 19:18:15,751 - INFO - Prepared sim number: 32: RAYPy_Simulation_bessy2hi_56m_PGM_2Perc_coupling_errors_on_fac5_FLUX/round_5/32_bessy2hi_56m_PGM_2Perc_coupling_errors_on_fac5_FLUX.rml
2025-02-10 19:18:15,755 - INFO - Prepared sim number: 33: RAYPy_Simulation_bessy2hi_56m_PGM_2Perc_coupling_errors_on_fac5_FLUX/round_5/33_bessy2hi_56m_PGM_2Perc_coupling_errors_on_fac5_FLUX.rml
2025-02-10 19:18:15,759 - INFO - Prepared sim number: 34: RAYPy_Simulation_bessy2hi_56m_PGM_2Perc_coupling_errors_on_fac5_FLUX/round_5/34_bessy2hi_56m_PGM_2Perc_coupling_errors_on_fac5_FLUX.rml
2025-02-10 19:18:15,760 - INFO - Waiting for batch number: 3, timeout: 103.33200031060439s
2025-02-10 19:18:33,071 - INFO - Completed: 1, remaining: 59, RAYPy_Simulation_bessy2hi_56m_PGM_2Perc_coupling_errors_on_fac5_FLUX/round_4/16_bessy2hi_56m_PGM_2Perc_coupling_errors_on_fac5_FLUX.rml
2025-02-10 19:18:33,158 - INFO - Completed: 2, remaining: 58, RAYPy_Simulation_bessy2hi_56m_PGM_2Perc_coupling_errors_on_fac5_FLUX/round_4/25_bessy2hi_56m_PGM_2Perc_coupling_errors_on_fac5_FLUX.rml
2025-02-10 19:18:33,326 - INFO - Completed: 3, remaining: 57, RAYPy_Simulation_bessy2hi_56m_PGM_2Perc_coupling_errors_on_fac5_FLUX/round_4/27_bessy2hi_56m_PGM_2Perc_coupling_errors_on_fac5_FLUX.rml
2025-02-10 19:18:33,371 - INFO - Completed: 4, remaining: 56, RAYPy_Simulation_bessy2hi_56m_PGM_2Perc_coupling_errors_on_fac5_FLUX/round_4/19_bessy2hi_56m_PGM_2Perc_coupling_errors_on_fac5_FLUX.rml
2025-02-10 19:18:33,390 - INFO - Completed: 5, remaining: 55, RAYPy_Simulation_bessy2hi_56m_PGM_2Perc_coupling_errors_on_fac5_FLUX/round_4/20_bessy2hi_56m_PGM_2Perc_coupling_errors_on_fac5_FLUX.rml
2025-02-10 19:18:33,417 - INFO - Completed: 6, remaining: 54, RAYPy_Simulation_bessy2hi_56m_PGM_2Perc_coupling_errors_on_fac5_FLUX/round_4/22_bessy2hi_56m_PGM_2Perc_coupling_errors_on_fac5_FLUX.rml
2025-02-10 19:18:33,550 - INFO - Completed: 7, remaining: 53, RAYPy_Simulation_bessy2hi_56m_PGM_2Perc_coupling_errors_on_fac5_FLUX/round_4/23_bessy2hi_56m_PGM_2Perc_coupling_errors_on_fac5_FLUX.rml
2025-02-10 19:18:33,571 - INFO - Completed: 8, remaining: 52, RAYPy_Simulation_bessy2hi_56m_PGM_2Perc_coupling_errors_on_fac5_FLUX/round_4/17_bessy2hi_56m_PGM_2Perc_coupling_errors_on_fac5_FLUX.rml
2025-02-10 19:18:33,617 - INFO - Completed: 9, remaining: 51, RAYPy_Simulation_bessy2hi_56m_PGM_2Perc_coupling_errors_on_fac5_FLUX/round_4/26_bessy2hi_56m_PGM_2Perc_coupling_errors_on_fac5_FLUX.rml
2025-02-10 19:18:33,814 - INFO - Completed: 10, remaining: 50, RAYPy_Simulation_bessy2hi_56m_PGM_2Perc_coupling_errors_on_fac5_FLUX/round_4/24_bessy2hi_56m_PGM_2Perc_coupling_errors_on_fac5_FLUX.rml
2025-02-10 19:18:34,648 - INFO - Completed: 11, remaining: 49, RAYPy_Simulation_bessy2hi_56m_PGM_2Perc_coupling_errors_on_fac5_FLUX/round_4/21_bessy2hi_56m_PGM_2Perc_coupling_errors_on_fac5_FLUX.rml
2025-02-10 19:18:34,675 - INFO - Completed: 12, remaining: 48, RAYPy_Simulation_bessy2hi_56m_PGM_2Perc_coupling_errors_on_fac5_FLUX/round_4/18_bessy2hi_56m_PGM_2Perc_coupling_errors_on_fac5_FLUX.rml
2025-02-10 19:18:49,646 - INFO - Completed: 13, remaining: 47, RAYPy_Simulation_bessy2hi_56m_PGM_2Perc_coupling_errors_on_fac5_FLUX/round_4/28_bessy2hi_56m_PGM_2Perc_coupling_errors_on_fac5_FLUX.rml
2025-02-10 19:18:50,468 - INFO - Completed: 14, remaining: 46, RAYPy_Simulation_bessy2hi_56m_PGM_2Perc_coupling_errors_on_fac5_FLUX/round_4/36_bessy2hi_56m_PGM_2Perc_coupling_errors_on_fac5_FLUX.rml
2025-02-10 19:18:50,800 - INFO - Completed: 15, remaining: 45, RAYPy_Simulation_bessy2hi_56m_PGM_2Perc_coupling_errors_on_fac5_FLUX/round_4/33_bessy2hi_56m_PGM_2Perc_coupling_errors_on_fac5_FLUX.rml
2025-02-10 19:18:50,850 - INFO - Completed: 16, remaining: 44, RAYPy_Simulation_bessy2hi_56m_PGM_2Perc_coupling_errors_on_fac5_FLUX/round_4/32_bessy2hi_56m_PGM_2Perc_coupling_errors_on_fac5_FLUX.rml
2025-02-10 19:18:51,099 - INFO - Completed: 17, remaining: 43, RAYPy_Simulation_bessy2hi_56m_PGM_2Perc_coupling_errors_on_fac5_FLUX/round_4/31_bessy2hi_56m_PGM_2Perc_coupling_errors_on_fac5_FLUX.rml
2025-02-10 19:18:51,174 - INFO - Completed: 18, remaining: 42, RAYPy_Simulation_bessy2hi_56m_PGM_2Perc_coupling_errors_on_fac5_FLUX/round_4/29_bessy2hi_56m_PGM_2Perc_coupling_errors_on_fac5_FLUX.rml
2025-02-10 19:18:51,223 - INFO - Completed: 19, remaining: 41, RAYPy_Simulation_bessy2hi_56m_PGM_2Perc_coupling_errors_on_fac5_FLUX/round_4/35_bessy2hi_56m_PGM_2Perc_coupling_errors_on_fac5_FLUX.rml
2025-02-10 19:18:51,366 - INFO - Completed: 20, remaining: 40, RAYPy_Simulation_bessy2hi_56m_PGM_2Perc_coupling_errors_on_fac5_FLUX/round_4/37_bessy2hi_56m_PGM_2Perc_coupling_errors_on_fac5_FLUX.rml
2025-02-10 19:18:51,458 - INFO - Completed: 21, remaining: 39, RAYPy_Simulation_bessy2hi_56m_PGM_2Perc_coupling_errors_on_fac5_FLUX/round_4/30_bessy2hi_56m_PGM_2Perc_coupling_errors_on_fac5_FLUX.rml
2025-02-10 19:18:51,549 - INFO - Completed: 22, remaining: 38, RAYPy_Simulation_bessy2hi_56m_PGM_2Perc_coupling_errors_on_fac5_FLUX/round_4/34_bessy2hi_56m_PGM_2Perc_coupling_errors_on_fac5_FLUX.rml
2025-02-10 19:18:51,723 - INFO - Completed: 23, remaining: 37, RAYPy_Simulation_bessy2hi_56m_PGM_2Perc_coupling_errors_on_fac5_FLUX/round_4/38_bessy2hi_56m_PGM_2Perc_coupling_errors_on_fac5_FLUX.rml
2025-02-10 19:18:52,439 - INFO - Completed: 24, remaining: 36, RAYPy_Simulation_bessy2hi_56m_PGM_2Perc_coupling_errors_on_fac5_FLUX/round_4/39_bessy2hi_56m_PGM_2Perc_coupling_errors_on_fac5_FLUX.rml
2025-02-10 19:19:02,688 - INFO - Completed: 25, remaining: 35, RAYPy_Simulation_bessy2hi_56m_PGM_2Perc_coupling_errors_on_fac5_FLUX/round_4/40_bessy2hi_56m_PGM_2Perc_coupling_errors_on_fac5_FLUX.rml
2025-02-10 19:19:07,841 - INFO - Completed: 26, remaining: 34, RAYPy_Simulation_bessy2hi_56m_PGM_2Perc_coupling_errors_on_fac5_FLUX/round_5/2_bessy2hi_56m_PGM_2Perc_coupling_errors_on_fac5_FLUX.rml
2025-02-10 19:19:07,920 - INFO - Completed: 27, remaining: 33, RAYPy_Simulation_bessy2hi_56m_PGM_2Perc_coupling_errors_on_fac5_FLUX/round_5/0_bessy2hi_56m_PGM_2Perc_coupling_errors_on_fac5_FLUX.rml
2025-02-10 19:19:08,180 - INFO - Completed: 28, remaining: 32, RAYPy_Simulation_bessy2hi_56m_PGM_2Perc_coupling_errors_on_fac5_FLUX/round_5/4_bessy2hi_56m_PGM_2Perc_coupling_errors_on_fac5_FLUX.rml
2025-02-10 19:19:08,567 - INFO - Completed: 29, remaining: 31, RAYPy_Simulation_bessy2hi_56m_PGM_2Perc_coupling_errors_on_fac5_FLUX/round_5/3_bessy2hi_56m_PGM_2Perc_coupling_errors_on_fac5_FLUX.rml
2025-02-10 19:19:08,582 - INFO - Completed: 30, remaining: 30, RAYPy_Simulation_bessy2hi_56m_PGM_2Perc_coupling_errors_on_fac5_FLUX/round_5/1_bessy2hi_56m_PGM_2Perc_coupling_errors_on_fac5_FLUX.rml
2025-02-10 19:19:08,698 - INFO - Completed: 31, remaining: 29, RAYPy_Simulation_bessy2hi_56m_PGM_2Perc_coupling_errors_on_fac5_FLUX/round_5/7_bessy2hi_56m_PGM_2Perc_coupling_errors_on_fac5_FLUX.rml
2025-02-10 19:19:08,729 - INFO - Completed: 32, remaining: 28, RAYPy_Simulation_bessy2hi_56m_PGM_2Perc_coupling_errors_on_fac5_FLUX/round_5/6_bessy2hi_56m_PGM_2Perc_coupling_errors_on_fac5_FLUX.rml
2025-02-10 19:19:09,062 - INFO - Completed: 33, remaining: 27, RAYPy_Simulation_bessy2hi_56m_PGM_2Perc_coupling_errors_on_fac5_FLUX/round_5/8_bessy2hi_56m_PGM_2Perc_coupling_errors_on_fac5_FLUX.rml
2025-02-10 19:19:09,359 - INFO - Completed: 34, remaining: 26, RAYPy_Simulation_bessy2hi_56m_PGM_2Perc_coupling_errors_on_fac5_FLUX/round_5/9_bessy2hi_56m_PGM_2Perc_coupling_errors_on_fac5_FLUX.rml
2025-02-10 19:19:09,600 - INFO - Completed: 35, remaining: 25, RAYPy_Simulation_bessy2hi_56m_PGM_2Perc_coupling_errors_on_fac5_FLUX/round_5/10_bessy2hi_56m_PGM_2Perc_coupling_errors_on_fac5_FLUX.rml
2025-02-10 19:19:09,897 - INFO - Completed: 36, remaining: 24, RAYPy_Simulation_bessy2hi_56m_PGM_2Perc_coupling_errors_on_fac5_FLUX/round_5/5_bessy2hi_56m_PGM_2Perc_coupling_errors_on_fac5_FLUX.rml
2025-02-10 19:19:13,415 - INFO - Completed: 37, remaining: 23, RAYPy_Simulation_bessy2hi_56m_PGM_2Perc_coupling_errors_on_fac5_FLUX/round_5/11_bessy2hi_56m_PGM_2Perc_coupling_errors_on_fac5_FLUX.rml
2025-02-10 19:19:24,751 - INFO - Completed: 38, remaining: 22, RAYPy_Simulation_bessy2hi_56m_PGM_2Perc_coupling_errors_on_fac5_FLUX/round_5/13_bessy2hi_56m_PGM_2Perc_coupling_errors_on_fac5_FLUX.rml
2025-02-10 19:19:25,661 - INFO - Completed: 39, remaining: 21, RAYPy_Simulation_bessy2hi_56m_PGM_2Perc_coupling_errors_on_fac5_FLUX/round_5/12_bessy2hi_56m_PGM_2Perc_coupling_errors_on_fac5_FLUX.rml
2025-02-10 19:19:26,100 - INFO - Completed: 40, remaining: 20, RAYPy_Simulation_bessy2hi_56m_PGM_2Perc_coupling_errors_on_fac5_FLUX/round_5/16_bessy2hi_56m_PGM_2Perc_coupling_errors_on_fac5_FLUX.rml
2025-02-10 19:19:26,189 - INFO - Completed: 41, remaining: 19, RAYPy_Simulation_bessy2hi_56m_PGM_2Perc_coupling_errors_on_fac5_FLUX/round_5/15_bessy2hi_56m_PGM_2Perc_coupling_errors_on_fac5_FLUX.rml
2025-02-10 19:19:26,221 - INFO - Completed: 42, remaining: 18, RAYPy_Simulation_bessy2hi_56m_PGM_2Perc_coupling_errors_on_fac5_FLUX/round_5/17_bessy2hi_56m_PGM_2Perc_coupling_errors_on_fac5_FLUX.rml
2025-02-10 19:19:26,486 - INFO - Completed: 43, remaining: 17, RAYPy_Simulation_bessy2hi_56m_PGM_2Perc_coupling_errors_on_fac5_FLUX/round_5/18_bessy2hi_56m_PGM_2Perc_coupling_errors_on_fac5_FLUX.rml
2025-02-10 19:19:27,080 - INFO - Completed: 44, remaining: 16, RAYPy_Simulation_bessy2hi_56m_PGM_2Perc_coupling_errors_on_fac5_FLUX/round_5/19_bessy2hi_56m_PGM_2Perc_coupling_errors_on_fac5_FLUX.rml
2025-02-10 19:19:27,274 - INFO - Completed: 45, remaining: 15, RAYPy_Simulation_bessy2hi_56m_PGM_2Perc_coupling_errors_on_fac5_FLUX/round_5/20_bessy2hi_56m_PGM_2Perc_coupling_errors_on_fac5_FLUX.rml
2025-02-10 19:19:27,363 - INFO - Completed: 46, remaining: 14, RAYPy_Simulation_bessy2hi_56m_PGM_2Perc_coupling_errors_on_fac5_FLUX/round_5/21_bessy2hi_56m_PGM_2Perc_coupling_errors_on_fac5_FLUX.rml
2025-02-10 19:19:27,468 - INFO - Completed: 47, remaining: 13, RAYPy_Simulation_bessy2hi_56m_PGM_2Perc_coupling_errors_on_fac5_FLUX/round_5/22_bessy2hi_56m_PGM_2Perc_coupling_errors_on_fac5_FLUX.rml
2025-02-10 19:19:27,664 - INFO - Completed: 48, remaining: 12, RAYPy_Simulation_bessy2hi_56m_PGM_2Perc_coupling_errors_on_fac5_FLUX/round_5/14_bessy2hi_56m_PGM_2Perc_coupling_errors_on_fac5_FLUX.rml
2025-02-10 19:19:28,440 - INFO - Completed: 49, remaining: 11, RAYPy_Simulation_bessy2hi_56m_PGM_2Perc_coupling_errors_on_fac5_FLUX/round_5/23_bessy2hi_56m_PGM_2Perc_coupling_errors_on_fac5_FLUX.rml
2025-02-10 19:19:39,167 - INFO - Completed: 50, remaining: 10, RAYPy_Simulation_bessy2hi_56m_PGM_2Perc_coupling_errors_on_fac5_FLUX/round_5/24_bessy2hi_56m_PGM_2Perc_coupling_errors_on_fac5_FLUX.rml
2025-02-10 19:19:41,450 - INFO - Completed: 51, remaining: 9, RAYPy_Simulation_bessy2hi_56m_PGM_2Perc_coupling_errors_on_fac5_FLUX/round_5/25_bessy2hi_56m_PGM_2Perc_coupling_errors_on_fac5_FLUX.rml
2025-02-10 19:19:42,276 - INFO - Completed: 52, remaining: 8, RAYPy_Simulation_bessy2hi_56m_PGM_2Perc_coupling_errors_on_fac5_FLUX/round_5/29_bessy2hi_56m_PGM_2Perc_coupling_errors_on_fac5_FLUX.rml
2025-02-10 19:19:42,496 - INFO - Completed: 53, remaining: 7, RAYPy_Simulation_bessy2hi_56m_PGM_2Perc_coupling_errors_on_fac5_FLUX/round_5/28_bessy2hi_56m_PGM_2Perc_coupling_errors_on_fac5_FLUX.rml
2025-02-10 19:19:42,629 - INFO - Completed: 54, remaining: 6, RAYPy_Simulation_bessy2hi_56m_PGM_2Perc_coupling_errors_on_fac5_FLUX/round_5/27_bessy2hi_56m_PGM_2Perc_coupling_errors_on_fac5_FLUX.rml
2025-02-10 19:19:42,647 - INFO - Completed: 55, remaining: 5, RAYPy_Simulation_bessy2hi_56m_PGM_2Perc_coupling_errors_on_fac5_FLUX/round_5/26_bessy2hi_56m_PGM_2Perc_coupling_errors_on_fac5_FLUX.rml
2025-02-10 19:19:42,933 - INFO - Completed: 56, remaining: 4, RAYPy_Simulation_bessy2hi_56m_PGM_2Perc_coupling_errors_on_fac5_FLUX/round_5/31_bessy2hi_56m_PGM_2Perc_coupling_errors_on_fac5_FLUX.rml
2025-02-10 19:19:42,957 - INFO - Completed: 57, remaining: 3, RAYPy_Simulation_bessy2hi_56m_PGM_2Perc_coupling_errors_on_fac5_FLUX/round_5/30_bessy2hi_56m_PGM_2Perc_coupling_errors_on_fac5_FLUX.rml
2025-02-10 19:19:43,014 - INFO - Completed: 58, remaining: 2, RAYPy_Simulation_bessy2hi_56m_PGM_2Perc_coupling_errors_on_fac5_FLUX/round_5/32_bessy2hi_56m_PGM_2Perc_coupling_errors_on_fac5_FLUX.rml
2025-02-10 19:19:43,018 - INFO - Completed: 59, remaining: 1, RAYPy_Simulation_bessy2hi_56m_PGM_2Perc_coupling_errors_on_fac5_FLUX/round_5/33_bessy2hi_56m_PGM_2Perc_coupling_errors_on_fac5_FLUX.rml
2025-02-10 19:19:43,163 - INFO - Completed: 60, remaining: 0, RAYPy_Simulation_bessy2hi_56m_PGM_2Perc_coupling_errors_on_fac5_FLUX/round_5/34_bessy2hi_56m_PGM_2Perc_coupling_errors_on_fac5_FLUX.rml
2025-02-10 19:19:43,163 - INFO - Batch Completed
2025-02-10 19:19:43,163 - INFO - Waiting For batch, 60 simulations to go
2025-02-10 19:19:43,168 - INFO - Prepared sim number: 35: RAYPy_Simulation_bessy2hi_56m_PGM_2Perc_coupling_errors_on_fac5_FLUX/round_5/35_bessy2hi_56m_PGM_2Perc_coupling_errors_on_fac5_FLUX.rml
2025-02-10 19:19:43,175 - INFO - Prepared sim number: 36: RAYPy_Simulation_bessy2hi_56m_PGM_2Perc_coupling_errors_on_fac5_FLUX/round_5/36_bessy2hi_56m_PGM_2Perc_coupling_errors_on_fac5_FLUX.rml
2025-02-10 19:19:43,181 - INFO - Prepared sim number: 37: RAYPy_Simulation_bessy2hi_56m_PGM_2Perc_coupling_errors_on_fac5_FLUX/round_5/37_bessy2hi_56m_PGM_2Perc_coupling_errors_on_fac5_FLUX.rml
2025-02-10 19:19:43,187 - INFO - Prepared sim number: 38: RAYPy_Simulation_bessy2hi_56m_PGM_2Perc_coupling_errors_on_fac5_FLUX/round_5/38_bessy2hi_56m_PGM_2Perc_coupling_errors_on_fac5_FLUX.rml
2025-02-10 19:19:43,194 - INFO - Prepared sim number: 39: RAYPy_Simulation_bessy2hi_56m_PGM_2Perc_coupling_errors_on_fac5_FLUX/round_5/39_bessy2hi_56m_PGM_2Perc_coupling_errors_on_fac5_FLUX.rml
2025-02-10 19:19:43,199 - INFO - Prepared sim number: 40: RAYPy_Simulation_bessy2hi_56m_PGM_2Perc_coupling_errors_on_fac5_FLUX/round_5/40_bessy2hi_56m_PGM_2Perc_coupling_errors_on_fac5_FLUX.rml
2025-02-10 19:19:43,199 - INFO - Start round 6
2025-02-10 19:19:43,205 - INFO - Prepared sim number: 0: RAYPy_Simulation_bessy2hi_56m_PGM_2Perc_coupling_errors_on_fac5_FLUX/round_6/0_bessy2hi_56m_PGM_2Perc_coupling_errors_on_fac5_FLUX.rml
2025-02-10 19:19:43,211 - INFO - Prepared sim number: 1: RAYPy_Simulation_bessy2hi_56m_PGM_2Perc_coupling_errors_on_fac5_FLUX/round_6/1_bessy2hi_56m_PGM_2Perc_coupling_errors_on_fac5_FLUX.rml
2025-02-10 19:19:43,216 - INFO - Prepared sim number: 2: RAYPy_Simulation_bessy2hi_56m_PGM_2Perc_coupling_errors_on_fac5_FLUX/round_6/2_bessy2hi_56m_PGM_2Perc_coupling_errors_on_fac5_FLUX.rml
2025-02-10 19:19:43,220 - INFO - Prepared sim number: 3: RAYPy_Simulation_bessy2hi_56m_PGM_2Perc_coupling_errors_on_fac5_FLUX/round_6/3_bessy2hi_56m_PGM_2Perc_coupling_errors_on_fac5_FLUX.rml
2025-02-10 19:19:43,224 - INFO - Prepared sim number: 4: RAYPy_Simulation_bessy2hi_56m_PGM_2Perc_coupling_errors_on_fac5_FLUX/round_6/4_bessy2hi_56m_PGM_2Perc_coupling_errors_on_fac5_FLUX.rml
2025-02-10 19:19:43,229 - INFO - Prepared sim number: 5: RAYPy_Simulation_bessy2hi_56m_PGM_2Perc_coupling_errors_on_fac5_FLUX/round_6/5_bessy2hi_56m_PGM_2Perc_coupling_errors_on_fac5_FLUX.rml
2025-02-10 19:19:43,233 - INFO - Prepared sim number: 6: RAYPy_Simulation_bessy2hi_56m_PGM_2Perc_coupling_errors_on_fac5_FLUX/round_6/6_bessy2hi_56m_PGM_2Perc_coupling_errors_on_fac5_FLUX.rml
2025-02-10 19:19:43,237 - INFO - Prepared sim number: 7: RAYPy_Simulation_bessy2hi_56m_PGM_2Perc_coupling_errors_on_fac5_FLUX/round_6/7_bessy2hi_56m_PGM_2Perc_coupling_errors_on_fac5_FLUX.rml
2025-02-10 19:19:43,241 - INFO - Prepared sim number: 8: RAYPy_Simulation_bessy2hi_56m_PGM_2Perc_coupling_errors_on_fac5_FLUX/round_6/8_bessy2hi_56m_PGM_2Perc_coupling_errors_on_fac5_FLUX.rml
2025-02-10 19:19:43,247 - INFO - Prepared sim number: 9: RAYPy_Simulation_bessy2hi_56m_PGM_2Perc_coupling_errors_on_fac5_FLUX/round_6/9_bessy2hi_56m_PGM_2Perc_coupling_errors_on_fac5_FLUX.rml
2025-02-10 19:19:43,251 - INFO - Prepared sim number: 10: RAYPy_Simulation_bessy2hi_56m_PGM_2Perc_coupling_errors_on_fac5_FLUX/round_6/10_bessy2hi_56m_PGM_2Perc_coupling_errors_on_fac5_FLUX.rml
2025-02-10 19:19:43,256 - INFO - Prepared sim number: 11: RAYPy_Simulation_bessy2hi_56m_PGM_2Perc_coupling_errors_on_fac5_FLUX/round_6/11_bessy2hi_56m_PGM_2Perc_coupling_errors_on_fac5_FLUX.rml
2025-02-10 19:19:43,260 - INFO - Prepared sim number: 12: RAYPy_Simulation_bessy2hi_56m_PGM_2Perc_coupling_errors_on_fac5_FLUX/round_6/12_bessy2hi_56m_PGM_2Perc_coupling_errors_on_fac5_FLUX.rml
2025-02-10 19:19:43,264 - INFO - Prepared sim number: 13: RAYPy_Simulation_bessy2hi_56m_PGM_2Perc_coupling_errors_on_fac5_FLUX/round_6/13_bessy2hi_56m_PGM_2Perc_coupling_errors_on_fac5_FLUX.rml
2025-02-10 19:19:43,269 - INFO - Prepared sim number: 14: RAYPy_Simulation_bessy2hi_56m_PGM_2Perc_coupling_errors_on_fac5_FLUX/round_6/14_bessy2hi_56m_PGM_2Perc_coupling_errors_on_fac5_FLUX.rml
2025-02-10 19:19:43,272 - INFO - Prepared sim number: 15: RAYPy_Simulation_bessy2hi_56m_PGM_2Perc_coupling_errors_on_fac5_FLUX/round_6/15_bessy2hi_56m_PGM_2Perc_coupling_errors_on_fac5_FLUX.rml
2025-02-10 19:19:43,277 - INFO - Prepared sim number: 16: RAYPy_Simulation_bessy2hi_56m_PGM_2Perc_coupling_errors_on_fac5_FLUX/round_6/16_bessy2hi_56m_PGM_2Perc_coupling_errors_on_fac5_FLUX.rml
2025-02-10 19:19:43,281 - INFO - Prepared sim number: 17: RAYPy_Simulation_bessy2hi_56m_PGM_2Perc_coupling_errors_on_fac5_FLUX/round_6/17_bessy2hi_56m_PGM_2Perc_coupling_errors_on_fac5_FLUX.rml
2025-02-10 19:19:43,285 - INFO - Prepared sim number: 18: RAYPy_Simulation_bessy2hi_56m_PGM_2Perc_coupling_errors_on_fac5_FLUX/round_6/18_bessy2hi_56m_PGM_2Perc_coupling_errors_on_fac5_FLUX.rml
2025-02-10 19:19:43,289 - INFO - Prepared sim number: 19: RAYPy_Simulation_bessy2hi_56m_PGM_2Perc_coupling_errors_on_fac5_FLUX/round_6/19_bessy2hi_56m_PGM_2Perc_coupling_errors_on_fac5_FLUX.rml
2025-02-10 19:19:43,293 - INFO - Prepared sim number: 20: RAYPy_Simulation_bessy2hi_56m_PGM_2Perc_coupling_errors_on_fac5_FLUX/round_6/20_bessy2hi_56m_PGM_2Perc_coupling_errors_on_fac5_FLUX.rml
2025-02-10 19:19:43,297 - INFO - Prepared sim number: 21: RAYPy_Simulation_bessy2hi_56m_PGM_2Perc_coupling_errors_on_fac5_FLUX/round_6/21_bessy2hi_56m_PGM_2Perc_coupling_errors_on_fac5_FLUX.rml
2025-02-10 19:19:43,301 - INFO - Prepared sim number: 22: RAYPy_Simulation_bessy2hi_56m_PGM_2Perc_coupling_errors_on_fac5_FLUX/round_6/22_bessy2hi_56m_PGM_2Perc_coupling_errors_on_fac5_FLUX.rml
2025-02-10 19:19:43,304 - INFO - Prepared sim number: 23: RAYPy_Simulation_bessy2hi_56m_PGM_2Perc_coupling_errors_on_fac5_FLUX/round_6/23_bessy2hi_56m_PGM_2Perc_coupling_errors_on_fac5_FLUX.rml
2025-02-10 19:19:43,308 - INFO - Prepared sim number: 24: RAYPy_Simulation_bessy2hi_56m_PGM_2Perc_coupling_errors_on_fac5_FLUX/round_6/24_bessy2hi_56m_PGM_2Perc_coupling_errors_on_fac5_FLUX.rml
2025-02-10 19:19:43,312 - INFO - Prepared sim number: 25: RAYPy_Simulation_bessy2hi_56m_PGM_2Perc_coupling_errors_on_fac5_FLUX/round_6/25_bessy2hi_56m_PGM_2Perc_coupling_errors_on_fac5_FLUX.rml
2025-02-10 19:19:43,315 - INFO - Prepared sim number: 26: RAYPy_Simulation_bessy2hi_56m_PGM_2Perc_coupling_errors_on_fac5_FLUX/round_6/26_bessy2hi_56m_PGM_2Perc_coupling_errors_on_fac5_FLUX.rml
2025-02-10 19:19:43,319 - INFO - Prepared sim number: 27: RAYPy_Simulation_bessy2hi_56m_PGM_2Perc_coupling_errors_on_fac5_FLUX/round_6/27_bessy2hi_56m_PGM_2Perc_coupling_errors_on_fac5_FLUX.rml
2025-02-10 19:19:43,323 - INFO - Prepared sim number: 28: RAYPy_Simulation_bessy2hi_56m_PGM_2Perc_coupling_errors_on_fac5_FLUX/round_6/28_bessy2hi_56m_PGM_2Perc_coupling_errors_on_fac5_FLUX.rml
2025-02-10 19:19:43,327 - INFO - Prepared sim number: 29: RAYPy_Simulation_bessy2hi_56m_PGM_2Perc_coupling_errors_on_fac5_FLUX/round_6/29_bessy2hi_56m_PGM_2Perc_coupling_errors_on_fac5_FLUX.rml
2025-02-10 19:19:43,331 - INFO - Prepared sim number: 30: RAYPy_Simulation_bessy2hi_56m_PGM_2Perc_coupling_errors_on_fac5_FLUX/round_6/30_bessy2hi_56m_PGM_2Perc_coupling_errors_on_fac5_FLUX.rml
2025-02-10 19:19:43,334 - INFO - Prepared sim number: 31: RAYPy_Simulation_bessy2hi_56m_PGM_2Perc_coupling_errors_on_fac5_FLUX/round_6/31_bessy2hi_56m_PGM_2Perc_coupling_errors_on_fac5_FLUX.rml
2025-02-10 19:19:43,338 - INFO - Prepared sim number: 32: RAYPy_Simulation_bessy2hi_56m_PGM_2Perc_coupling_errors_on_fac5_FLUX/round_6/32_bessy2hi_56m_PGM_2Perc_coupling_errors_on_fac5_FLUX.rml
2025-02-10 19:19:43,343 - INFO - Prepared sim number: 33: RAYPy_Simulation_bessy2hi_56m_PGM_2Perc_coupling_errors_on_fac5_FLUX/round_6/33_bessy2hi_56m_PGM_2Perc_coupling_errors_on_fac5_FLUX.rml
2025-02-10 19:19:43,347 - INFO - Prepared sim number: 34: RAYPy_Simulation_bessy2hi_56m_PGM_2Perc_coupling_errors_on_fac5_FLUX/round_6/34_bessy2hi_56m_PGM_2Perc_coupling_errors_on_fac5_FLUX.rml
2025-02-10 19:19:43,350 - INFO - Prepared sim number: 35: RAYPy_Simulation_bessy2hi_56m_PGM_2Perc_coupling_errors_on_fac5_FLUX/round_6/35_bessy2hi_56m_PGM_2Perc_coupling_errors_on_fac5_FLUX.rml
2025-02-10 19:19:43,354 - INFO - Prepared sim number: 36: RAYPy_Simulation_bessy2hi_56m_PGM_2Perc_coupling_errors_on_fac5_FLUX/round_6/36_bessy2hi_56m_PGM_2Perc_coupling_errors_on_fac5_FLUX.rml
2025-02-10 19:19:43,359 - INFO - Prepared sim number: 37: RAYPy_Simulation_bessy2hi_56m_PGM_2Perc_coupling_errors_on_fac5_FLUX/round_6/37_bessy2hi_56m_PGM_2Perc_coupling_errors_on_fac5_FLUX.rml
2025-02-10 19:19:43,363 - INFO - Prepared sim number: 38: RAYPy_Simulation_bessy2hi_56m_PGM_2Perc_coupling_errors_on_fac5_FLUX/round_6/38_bessy2hi_56m_PGM_2Perc_coupling_errors_on_fac5_FLUX.rml
2025-02-10 19:19:43,366 - INFO - Prepared sim number: 39: RAYPy_Simulation_bessy2hi_56m_PGM_2Perc_coupling_errors_on_fac5_FLUX/round_6/39_bessy2hi_56m_PGM_2Perc_coupling_errors_on_fac5_FLUX.rml
2025-02-10 19:19:43,370 - INFO - Prepared sim number: 40: RAYPy_Simulation_bessy2hi_56m_PGM_2Perc_coupling_errors_on_fac5_FLUX/round_6/40_bessy2hi_56m_PGM_2Perc_coupling_errors_on_fac5_FLUX.rml
2025-02-10 19:19:43,370 - INFO - Start round 7
2025-02-10 19:19:43,374 - INFO - Prepared sim number: 0: RAYPy_Simulation_bessy2hi_56m_PGM_2Perc_coupling_errors_on_fac5_FLUX/round_7/0_bessy2hi_56m_PGM_2Perc_coupling_errors_on_fac5_FLUX.rml
2025-02-10 19:19:43,378 - INFO - Prepared sim number: 1: RAYPy_Simulation_bessy2hi_56m_PGM_2Perc_coupling_errors_on_fac5_FLUX/round_7/1_bessy2hi_56m_PGM_2Perc_coupling_errors_on_fac5_FLUX.rml
2025-02-10 19:19:43,382 - INFO - Prepared sim number: 2: RAYPy_Simulation_bessy2hi_56m_PGM_2Perc_coupling_errors_on_fac5_FLUX/round_7/2_bessy2hi_56m_PGM_2Perc_coupling_errors_on_fac5_FLUX.rml
2025-02-10 19:19:43,386 - INFO - Prepared sim number: 3: RAYPy_Simulation_bessy2hi_56m_PGM_2Perc_coupling_errors_on_fac5_FLUX/round_7/3_bessy2hi_56m_PGM_2Perc_coupling_errors_on_fac5_FLUX.rml
2025-02-10 19:19:43,390 - INFO - Prepared sim number: 4: RAYPy_Simulation_bessy2hi_56m_PGM_2Perc_coupling_errors_on_fac5_FLUX/round_7/4_bessy2hi_56m_PGM_2Perc_coupling_errors_on_fac5_FLUX.rml
2025-02-10 19:19:43,394 - INFO - Prepared sim number: 5: RAYPy_Simulation_bessy2hi_56m_PGM_2Perc_coupling_errors_on_fac5_FLUX/round_7/5_bessy2hi_56m_PGM_2Perc_coupling_errors_on_fac5_FLUX.rml
2025-02-10 19:19:43,398 - INFO - Prepared sim number: 6: RAYPy_Simulation_bessy2hi_56m_PGM_2Perc_coupling_errors_on_fac5_FLUX/round_7/6_bessy2hi_56m_PGM_2Perc_coupling_errors_on_fac5_FLUX.rml
2025-02-10 19:19:43,402 - INFO - Prepared sim number: 7: RAYPy_Simulation_bessy2hi_56m_PGM_2Perc_coupling_errors_on_fac5_FLUX/round_7/7_bessy2hi_56m_PGM_2Perc_coupling_errors_on_fac5_FLUX.rml
2025-02-10 19:19:43,405 - INFO - Prepared sim number: 8: RAYPy_Simulation_bessy2hi_56m_PGM_2Perc_coupling_errors_on_fac5_FLUX/round_7/8_bessy2hi_56m_PGM_2Perc_coupling_errors_on_fac5_FLUX.rml
2025-02-10 19:19:43,410 - INFO - Prepared sim number: 9: RAYPy_Simulation_bessy2hi_56m_PGM_2Perc_coupling_errors_on_fac5_FLUX/round_7/9_bessy2hi_56m_PGM_2Perc_coupling_errors_on_fac5_FLUX.rml
2025-02-10 19:19:43,414 - INFO - Prepared sim number: 10: RAYPy_Simulation_bessy2hi_56m_PGM_2Perc_coupling_errors_on_fac5_FLUX/round_7/10_bessy2hi_56m_PGM_2Perc_coupling_errors_on_fac5_FLUX.rml
2025-02-10 19:19:43,418 - INFO - Prepared sim number: 11: RAYPy_Simulation_bessy2hi_56m_PGM_2Perc_coupling_errors_on_fac5_FLUX/round_7/11_bessy2hi_56m_PGM_2Perc_coupling_errors_on_fac5_FLUX.rml
2025-02-10 19:19:43,422 - INFO - Prepared sim number: 12: RAYPy_Simulation_bessy2hi_56m_PGM_2Perc_coupling_errors_on_fac5_FLUX/round_7/12_bessy2hi_56m_PGM_2Perc_coupling_errors_on_fac5_FLUX.rml
2025-02-10 19:19:43,423 - INFO - Waiting for batch number: 4, timeout: 103.10169722636539s
2025-02-10 19:19:57,320 - INFO - Completed: 1, remaining: 59, RAYPy_Simulation_bessy2hi_56m_PGM_2Perc_coupling_errors_on_fac5_FLUX/round_5/40_bessy2hi_56m_PGM_2Perc_coupling_errors_on_fac5_FLUX.rml
2025-02-10 19:19:58,018 - INFO - Completed: 2, remaining: 58, RAYPy_Simulation_bessy2hi_56m_PGM_2Perc_coupling_errors_on_fac5_FLUX/round_6/5_bessy2hi_56m_PGM_2Perc_coupling_errors_on_fac5_FLUX.rml
2025-02-10 19:19:58,210 - INFO - Completed: 3, remaining: 57, RAYPy_Simulation_bessy2hi_56m_PGM_2Perc_coupling_errors_on_fac5_FLUX/round_6/4_bessy2hi_56m_PGM_2Perc_coupling_errors_on_fac5_FLUX.rml
2025-02-10 19:19:58,246 - INFO - Completed: 4, remaining: 56, RAYPy_Simulation_bessy2hi_56m_PGM_2Perc_coupling_errors_on_fac5_FLUX/round_6/2_bessy2hi_56m_PGM_2Perc_coupling_errors_on_fac5_FLUX.rml
2025-02-10 19:19:58,535 - INFO - Completed: 5, remaining: 55, RAYPy_Simulation_bessy2hi_56m_PGM_2Perc_coupling_errors_on_fac5_FLUX/round_5/39_bessy2hi_56m_PGM_2Perc_coupling_errors_on_fac5_FLUX.rml
2025-02-10 19:19:58,668 - INFO - Completed: 6, remaining: 54, RAYPy_Simulation_bessy2hi_56m_PGM_2Perc_coupling_errors_on_fac5_FLUX/round_5/36_bessy2hi_56m_PGM_2Perc_coupling_errors_on_fac5_FLUX.rml
2025-02-10 19:19:59,113 - INFO - Completed: 7, remaining: 53, RAYPy_Simulation_bessy2hi_56m_PGM_2Perc_coupling_errors_on_fac5_FLUX/round_6/1_bessy2hi_56m_PGM_2Perc_coupling_errors_on_fac5_FLUX.rml
2025-02-10 19:19:59,279 - INFO - Completed: 8, remaining: 52, RAYPy_Simulation_bessy2hi_56m_PGM_2Perc_coupling_errors_on_fac5_FLUX/round_5/38_bessy2hi_56m_PGM_2Perc_coupling_errors_on_fac5_FLUX.rml
2025-02-10 19:19:59,311 - INFO - Completed: 9, remaining: 51, RAYPy_Simulation_bessy2hi_56m_PGM_2Perc_coupling_errors_on_fac5_FLUX/round_6/0_bessy2hi_56m_PGM_2Perc_coupling_errors_on_fac5_FLUX.rml
2025-02-10 19:20:00,029 - INFO - Completed: 10, remaining: 50, RAYPy_Simulation_bessy2hi_56m_PGM_2Perc_coupling_errors_on_fac5_FLUX/round_5/37_bessy2hi_56m_PGM_2Perc_coupling_errors_on_fac5_FLUX.rml
2025-02-10 19:20:00,101 - INFO - Completed: 11, remaining: 49, RAYPy_Simulation_bessy2hi_56m_PGM_2Perc_coupling_errors_on_fac5_FLUX/round_5/35_bessy2hi_56m_PGM_2Perc_coupling_errors_on_fac5_FLUX.rml
2025-02-10 19:20:11,575 - INFO - Completed: 12, remaining: 48, RAYPy_Simulation_bessy2hi_56m_PGM_2Perc_coupling_errors_on_fac5_FLUX/round_6/6_bessy2hi_56m_PGM_2Perc_coupling_errors_on_fac5_FLUX.rml
2025-02-10 19:20:13,917 - INFO - Completed: 13, remaining: 47, RAYPy_Simulation_bessy2hi_56m_PGM_2Perc_coupling_errors_on_fac5_FLUX/round_6/7_bessy2hi_56m_PGM_2Perc_coupling_errors_on_fac5_FLUX.rml
2025-02-10 19:20:14,301 - INFO - Completed: 14, remaining: 46, RAYPy_Simulation_bessy2hi_56m_PGM_2Perc_coupling_errors_on_fac5_FLUX/round_6/9_bessy2hi_56m_PGM_2Perc_coupling_errors_on_fac5_FLUX.rml
2025-02-10 19:20:14,523 - INFO - Completed: 15, remaining: 45, RAYPy_Simulation_bessy2hi_56m_PGM_2Perc_coupling_errors_on_fac5_FLUX/round_6/10_bessy2hi_56m_PGM_2Perc_coupling_errors_on_fac5_FLUX.rml
2025-02-10 19:20:14,908 - INFO - Completed: 16, remaining: 44, RAYPy_Simulation_bessy2hi_56m_PGM_2Perc_coupling_errors_on_fac5_FLUX/round_6/8_bessy2hi_56m_PGM_2Perc_coupling_errors_on_fac5_FLUX.rml
2025-02-10 19:20:15,281 - INFO - Completed: 17, remaining: 43, RAYPy_Simulation_bessy2hi_56m_PGM_2Perc_coupling_errors_on_fac5_FLUX/round_6/12_bessy2hi_56m_PGM_2Perc_coupling_errors_on_fac5_FLUX.rml
2025-02-10 19:20:15,550 - INFO - Completed: 18, remaining: 42, RAYPy_Simulation_bessy2hi_56m_PGM_2Perc_coupling_errors_on_fac5_FLUX/round_6/14_bessy2hi_56m_PGM_2Perc_coupling_errors_on_fac5_FLUX.rml
2025-02-10 19:20:15,721 - INFO - Completed: 19, remaining: 41, RAYPy_Simulation_bessy2hi_56m_PGM_2Perc_coupling_errors_on_fac5_FLUX/round_6/13_bessy2hi_56m_PGM_2Perc_coupling_errors_on_fac5_FLUX.rml
2025-02-10 19:20:15,812 - INFO - Completed: 20, remaining: 40, RAYPy_Simulation_bessy2hi_56m_PGM_2Perc_coupling_errors_on_fac5_FLUX/round_6/15_bessy2hi_56m_PGM_2Perc_coupling_errors_on_fac5_FLUX.rml
2025-02-10 19:20:15,936 - INFO - Completed: 21, remaining: 39, RAYPy_Simulation_bessy2hi_56m_PGM_2Perc_coupling_errors_on_fac5_FLUX/round_6/11_bessy2hi_56m_PGM_2Perc_coupling_errors_on_fac5_FLUX.rml
2025-02-10 19:20:16,280 - INFO - Completed: 22, remaining: 38, RAYPy_Simulation_bessy2hi_56m_PGM_2Perc_coupling_errors_on_fac5_FLUX/round_6/16_bessy2hi_56m_PGM_2Perc_coupling_errors_on_fac5_FLUX.rml
2025-02-10 19:20:22,917 - INFO - Completed: 23, remaining: 37, RAYPy_Simulation_bessy2hi_56m_PGM_2Perc_coupling_errors_on_fac5_FLUX/round_6/17_bessy2hi_56m_PGM_2Perc_coupling_errors_on_fac5_FLUX.rml
2025-02-10 19:20:29,233 - INFO - Completed: 24, remaining: 36, RAYPy_Simulation_bessy2hi_56m_PGM_2Perc_coupling_errors_on_fac5_FLUX/round_6/18_bessy2hi_56m_PGM_2Perc_coupling_errors_on_fac5_FLUX.rml
2025-02-10 19:20:30,438 - INFO - Completed: 25, remaining: 35, RAYPy_Simulation_bessy2hi_56m_PGM_2Perc_coupling_errors_on_fac5_FLUX/round_6/19_bessy2hi_56m_PGM_2Perc_coupling_errors_on_fac5_FLUX.rml
2025-02-10 19:20:30,775 - INFO - Completed: 26, remaining: 34, RAYPy_Simulation_bessy2hi_56m_PGM_2Perc_coupling_errors_on_fac5_FLUX/round_6/20_bessy2hi_56m_PGM_2Perc_coupling_errors_on_fac5_FLUX.rml
2025-02-10 19:20:31,378 - INFO - Completed: 27, remaining: 33, RAYPy_Simulation_bessy2hi_56m_PGM_2Perc_coupling_errors_on_fac5_FLUX/round_6/21_bessy2hi_56m_PGM_2Perc_coupling_errors_on_fac5_FLUX.rml
2025-02-10 19:20:32,122 - INFO - Completed: 28, remaining: 32, RAYPy_Simulation_bessy2hi_56m_PGM_2Perc_coupling_errors_on_fac5_FLUX/round_6/23_bessy2hi_56m_PGM_2Perc_coupling_errors_on_fac5_FLUX.rml
2025-02-10 19:20:32,343 - INFO - Completed: 29, remaining: 31, RAYPy_Simulation_bessy2hi_56m_PGM_2Perc_coupling_errors_on_fac5_FLUX/round_6/25_bessy2hi_56m_PGM_2Perc_coupling_errors_on_fac5_FLUX.rml
2025-02-10 19:20:32,505 - INFO - Completed: 30, remaining: 30, RAYPy_Simulation_bessy2hi_56m_PGM_2Perc_coupling_errors_on_fac5_FLUX/round_6/24_bessy2hi_56m_PGM_2Perc_coupling_errors_on_fac5_FLUX.rml
2025-02-10 19:20:32,563 - INFO - Completed: 31, remaining: 29, RAYPy_Simulation_bessy2hi_56m_PGM_2Perc_coupling_errors_on_fac5_FLUX/round_6/22_bessy2hi_56m_PGM_2Perc_coupling_errors_on_fac5_FLUX.rml
2025-02-10 19:20:32,617 - INFO - Completed: 32, remaining: 28, RAYPy_Simulation_bessy2hi_56m_PGM_2Perc_coupling_errors_on_fac5_FLUX/round_6/26_bessy2hi_56m_PGM_2Perc_coupling_errors_on_fac5_FLUX.rml
2025-02-10 19:20:32,661 - INFO - Completed: 33, remaining: 27, RAYPy_Simulation_bessy2hi_56m_PGM_2Perc_coupling_errors_on_fac5_FLUX/round_6/27_bessy2hi_56m_PGM_2Perc_coupling_errors_on_fac5_FLUX.rml
2025-02-10 19:20:35,946 - INFO - Completed: 34, remaining: 26, RAYPy_Simulation_bessy2hi_56m_PGM_2Perc_coupling_errors_on_fac5_FLUX/round_6/28_bessy2hi_56m_PGM_2Perc_coupling_errors_on_fac5_FLUX.rml
2025-02-10 19:20:42,131 - INFO - Completed: 35, remaining: 25, RAYPy_Simulation_bessy2hi_56m_PGM_2Perc_coupling_errors_on_fac5_FLUX/round_6/29_bessy2hi_56m_PGM_2Perc_coupling_errors_on_fac5_FLUX.rml
2025-02-10 19:20:46,211 - INFO - Completed: 36, remaining: 24, RAYPy_Simulation_bessy2hi_56m_PGM_2Perc_coupling_errors_on_fac5_FLUX/round_6/30_bessy2hi_56m_PGM_2Perc_coupling_errors_on_fac5_FLUX.rml
2025-02-10 19:20:46,446 - INFO - Completed: 37, remaining: 23, RAYPy_Simulation_bessy2hi_56m_PGM_2Perc_coupling_errors_on_fac5_FLUX/round_6/31_bessy2hi_56m_PGM_2Perc_coupling_errors_on_fac5_FLUX.rml
2025-02-10 19:20:47,481 - INFO - Completed: 38, remaining: 22, RAYPy_Simulation_bessy2hi_56m_PGM_2Perc_coupling_errors_on_fac5_FLUX/round_6/32_bessy2hi_56m_PGM_2Perc_coupling_errors_on_fac5_FLUX.rml
2025-02-10 19:20:48,652 - INFO - Completed: 39, remaining: 21, RAYPy_Simulation_bessy2hi_56m_PGM_2Perc_coupling_errors_on_fac5_FLUX/round_6/36_bessy2hi_56m_PGM_2Perc_coupling_errors_on_fac5_FLUX.rml
2025-02-10 19:20:48,803 - INFO - Completed: 40, remaining: 20, RAYPy_Simulation_bessy2hi_56m_PGM_2Perc_coupling_errors_on_fac5_FLUX/round_6/33_bessy2hi_56m_PGM_2Perc_coupling_errors_on_fac5_FLUX.rml
2025-02-10 19:20:48,840 - INFO - Completed: 41, remaining: 19, RAYPy_Simulation_bessy2hi_56m_PGM_2Perc_coupling_errors_on_fac5_FLUX/round_6/37_bessy2hi_56m_PGM_2Perc_coupling_errors_on_fac5_FLUX.rml
2025-02-10 19:20:49,039 - INFO - Completed: 42, remaining: 18, RAYPy_Simulation_bessy2hi_56m_PGM_2Perc_coupling_errors_on_fac5_FLUX/round_6/38_bessy2hi_56m_PGM_2Perc_coupling_errors_on_fac5_FLUX.rml
2025-02-10 19:20:49,252 - INFO - Completed: 43, remaining: 17, RAYPy_Simulation_bessy2hi_56m_PGM_2Perc_coupling_errors_on_fac5_FLUX/round_6/34_bessy2hi_56m_PGM_2Perc_coupling_errors_on_fac5_FLUX.rml
2025-02-10 19:20:49,858 - INFO - Completed: 44, remaining: 16, RAYPy_Simulation_bessy2hi_56m_PGM_2Perc_coupling_errors_on_fac5_FLUX/round_6/35_bessy2hi_56m_PGM_2Perc_coupling_errors_on_fac5_FLUX.rml
2025-02-10 19:20:50,445 - INFO - Completed: 45, remaining: 15, RAYPy_Simulation_bessy2hi_56m_PGM_2Perc_coupling_errors_on_fac5_FLUX/round_6/39_bessy2hi_56m_PGM_2Perc_coupling_errors_on_fac5_FLUX.rml
2025-02-10 19:20:53,529 - INFO - Completed: 46, remaining: 14, RAYPy_Simulation_bessy2hi_56m_PGM_2Perc_coupling_errors_on_fac5_FLUX/round_6/40_bessy2hi_56m_PGM_2Perc_coupling_errors_on_fac5_FLUX.rml
2025-02-10 19:21:00,459 - INFO - Completed: 47, remaining: 13, RAYPy_Simulation_bessy2hi_56m_PGM_2Perc_coupling_errors_on_fac5_FLUX/round_7/0_bessy2hi_56m_PGM_2Perc_coupling_errors_on_fac5_FLUX.rml
2025-02-10 19:21:00,745 - INFO - Completed: 48, remaining: 12, RAYPy_Simulation_bessy2hi_56m_PGM_2Perc_coupling_errors_on_fac5_FLUX/round_7/1_bessy2hi_56m_PGM_2Perc_coupling_errors_on_fac5_FLUX.rml
2025-02-10 19:21:02,663 - INFO - Completed: 49, remaining: 11, RAYPy_Simulation_bessy2hi_56m_PGM_2Perc_coupling_errors_on_fac5_FLUX/round_7/2_bessy2hi_56m_PGM_2Perc_coupling_errors_on_fac5_FLUX.rml
2025-02-10 19:21:04,115 - INFO - Completed: 50, remaining: 10, RAYPy_Simulation_bessy2hi_56m_PGM_2Perc_coupling_errors_on_fac5_FLUX/round_7/4_bessy2hi_56m_PGM_2Perc_coupling_errors_on_fac5_FLUX.rml
2025-02-10 19:21:04,304 - INFO - Completed: 51, remaining: 9, RAYPy_Simulation_bessy2hi_56m_PGM_2Perc_coupling_errors_on_fac5_FLUX/round_7/6_bessy2hi_56m_PGM_2Perc_coupling_errors_on_fac5_FLUX.rml
2025-02-10 19:21:04,873 - INFO - Completed: 52, remaining: 8, RAYPy_Simulation_bessy2hi_56m_PGM_2Perc_coupling_errors_on_fac5_FLUX/round_7/7_bessy2hi_56m_PGM_2Perc_coupling_errors_on_fac5_FLUX.rml
2025-02-10 19:21:05,038 - INFO - Completed: 53, remaining: 7, RAYPy_Simulation_bessy2hi_56m_PGM_2Perc_coupling_errors_on_fac5_FLUX/round_7/5_bessy2hi_56m_PGM_2Perc_coupling_errors_on_fac5_FLUX.rml
2025-02-10 19:21:05,177 - INFO - Completed: 54, remaining: 6, RAYPy_Simulation_bessy2hi_56m_PGM_2Perc_coupling_errors_on_fac5_FLUX/round_7/8_bessy2hi_56m_PGM_2Perc_coupling_errors_on_fac5_FLUX.rml
2025-02-10 19:21:05,363 - INFO - Completed: 55, remaining: 5, RAYPy_Simulation_bessy2hi_56m_PGM_2Perc_coupling_errors_on_fac5_FLUX/round_7/9_bessy2hi_56m_PGM_2Perc_coupling_errors_on_fac5_FLUX.rml
2025-02-10 19:21:05,535 - INFO - Completed: 56, remaining: 4, RAYPy_Simulation_bessy2hi_56m_PGM_2Perc_coupling_errors_on_fac5_FLUX/round_7/3_bessy2hi_56m_PGM_2Perc_coupling_errors_on_fac5_FLUX.rml
2025-02-10 19:21:06,172 - INFO - Completed: 57, remaining: 3, RAYPy_Simulation_bessy2hi_56m_PGM_2Perc_coupling_errors_on_fac5_FLUX/round_7/10_bessy2hi_56m_PGM_2Perc_coupling_errors_on_fac5_FLUX.rml
2025-02-10 19:21:08,118 - INFO - Completed: 58, remaining: 2, RAYPy_Simulation_bessy2hi_56m_PGM_2Perc_coupling_errors_on_fac5_FLUX/round_7/12_bessy2hi_56m_PGM_2Perc_coupling_errors_on_fac5_FLUX.rml
2025-02-10 19:21:08,335 - INFO - Completed: 59, remaining: 1, RAYPy_Simulation_bessy2hi_56m_PGM_2Perc_coupling_errors_on_fac5_FLUX/round_7/11_bessy2hi_56m_PGM_2Perc_coupling_errors_on_fac5_FLUX.rml
2025-02-10 19:21:26,529 - INFO - Exception during simulation: 1 (of 60) futures unfinished
2025-02-10 19:21:31,548 - INFO - Waiting for file RAYPy_Simulation_bessy2hi_56m_PGM_2Perc_coupling_errors_on_fac5_FLUX/round_6/3_bessy2hi_56m_PGM_2Perc_coupling_errors_on_fac5_FLUX.rml, wait_time 20.165446118874986
2025-02-10 19:21:36,552 - INFO - Waiting for file RAYPy_Simulation_bessy2hi_56m_PGM_2Perc_coupling_errors_on_fac5_FLUX/round_6/3_bessy2hi_56m_PGM_2Perc_coupling_errors_on_fac5_FLUX.rml, wait_time 15.165446118874986
2025-02-10 19:21:41,559 - INFO - Waiting for file RAYPy_Simulation_bessy2hi_56m_PGM_2Perc_coupling_errors_on_fac5_FLUX/round_6/3_bessy2hi_56m_PGM_2Perc_coupling_errors_on_fac5_FLUX.rml, wait_time 10.165446118874986
2025-02-10 19:21:46,564 - INFO - Waiting for file RAYPy_Simulation_bessy2hi_56m_PGM_2Perc_coupling_errors_on_fac5_FLUX/round_6/3_bessy2hi_56m_PGM_2Perc_coupling_errors_on_fac5_FLUX.rml, wait_time 5.165446118874986
2025-02-10 19:21:51,566 - INFO - Waiting for file RAYPy_Simulation_bessy2hi_56m_PGM_2Perc_coupling_errors_on_fac5_FLUX/round_6/3_bessy2hi_56m_PGM_2Perc_coupling_errors_on_fac5_FLUX.rml, wait_time 0.16544611887498561
2025-02-10 19:21:56,568 - INFO - Waiting for file RAYPy_Simulation_bessy2hi_56m_PGM_2Perc_coupling_errors_on_fac5_FLUX/round_6/3_bessy2hi_56m_PGM_2Perc_coupling_errors_on_fac5_FLUX.rml, wait_time -4.834553881125014
2025-02-10 19:21:56,599 - INFO - Found most simulations of the batch, futures missed at least 1 simulations
2025-02-10 19:21:56,599 - INFO - Updated progress bar
2025-02-10 19:21:56,600 - INFO - Batch Completed
2025-02-10 19:21:56,600 - INFO - Waiting For batch, 60 simulations to go
2025-02-10 19:21:56,603 - INFO - Prepared sim number: 13: RAYPy_Simulation_bessy2hi_56m_PGM_2Perc_coupling_errors_on_fac5_FLUX/round_7/13_bessy2hi_56m_PGM_2Perc_coupling_errors_on_fac5_FLUX.rml
2025-02-10 19:21:56,609 - INFO - Prepared sim number: 14: RAYPy_Simulation_bessy2hi_56m_PGM_2Perc_coupling_errors_on_fac5_FLUX/round_7/14_bessy2hi_56m_PGM_2Perc_coupling_errors_on_fac5_FLUX.rml
2025-02-10 19:21:56,617 - INFO - Prepared sim number: 15: RAYPy_Simulation_bessy2hi_56m_PGM_2Perc_coupling_errors_on_fac5_FLUX/round_7/15_bessy2hi_56m_PGM_2Perc_coupling_errors_on_fac5_FLUX.rml
2025-02-10 19:21:56,624 - INFO - Prepared sim number: 16: RAYPy_Simulation_bessy2hi_56m_PGM_2Perc_coupling_errors_on_fac5_FLUX/round_7/16_bessy2hi_56m_PGM_2Perc_coupling_errors_on_fac5_FLUX.rml
2025-02-10 19:21:56,629 - INFO - Prepared sim number: 17: RAYPy_Simulation_bessy2hi_56m_PGM_2Perc_coupling_errors_on_fac5_FLUX/round_7/17_bessy2hi_56m_PGM_2Perc_coupling_errors_on_fac5_FLUX.rml
2025-02-10 19:21:56,634 - INFO - Prepared sim number: 18: RAYPy_Simulation_bessy2hi_56m_PGM_2Perc_coupling_errors_on_fac5_FLUX/round_7/18_bessy2hi_56m_PGM_2Perc_coupling_errors_on_fac5_FLUX.rml
2025-02-10 19:21:56,637 - INFO - Prepared sim number: 19: RAYPy_Simulation_bessy2hi_56m_PGM_2Perc_coupling_errors_on_fac5_FLUX/round_7/19_bessy2hi_56m_PGM_2Perc_coupling_errors_on_fac5_FLUX.rml
2025-02-10 19:21:56,641 - INFO - Prepared sim number: 20: RAYPy_Simulation_bessy2hi_56m_PGM_2Perc_coupling_errors_on_fac5_FLUX/round_7/20_bessy2hi_56m_PGM_2Perc_coupling_errors_on_fac5_FLUX.rml
2025-02-10 19:21:56,648 - INFO - Prepared sim number: 21: RAYPy_Simulation_bessy2hi_56m_PGM_2Perc_coupling_errors_on_fac5_FLUX/round_7/21_bessy2hi_56m_PGM_2Perc_coupling_errors_on_fac5_FLUX.rml
2025-02-10 19:21:56,652 - INFO - Prepared sim number: 22: RAYPy_Simulation_bessy2hi_56m_PGM_2Perc_coupling_errors_on_fac5_FLUX/round_7/22_bessy2hi_56m_PGM_2Perc_coupling_errors_on_fac5_FLUX.rml
2025-02-10 19:21:56,656 - INFO - Prepared sim number: 23: RAYPy_Simulation_bessy2hi_56m_PGM_2Perc_coupling_errors_on_fac5_FLUX/round_7/23_bessy2hi_56m_PGM_2Perc_coupling_errors_on_fac5_FLUX.rml
2025-02-10 19:21:56,659 - INFO - Prepared sim number: 24: RAYPy_Simulation_bessy2hi_56m_PGM_2Perc_coupling_errors_on_fac5_FLUX/round_7/24_bessy2hi_56m_PGM_2Perc_coupling_errors_on_fac5_FLUX.rml
2025-02-10 19:21:56,663 - INFO - Prepared sim number: 25: RAYPy_Simulation_bessy2hi_56m_PGM_2Perc_coupling_errors_on_fac5_FLUX/round_7/25_bessy2hi_56m_PGM_2Perc_coupling_errors_on_fac5_FLUX.rml
2025-02-10 19:21:56,667 - INFO - Prepared sim number: 26: RAYPy_Simulation_bessy2hi_56m_PGM_2Perc_coupling_errors_on_fac5_FLUX/round_7/26_bessy2hi_56m_PGM_2Perc_coupling_errors_on_fac5_FLUX.rml
2025-02-10 19:21:56,671 - INFO - Prepared sim number: 27: RAYPy_Simulation_bessy2hi_56m_PGM_2Perc_coupling_errors_on_fac5_FLUX/round_7/27_bessy2hi_56m_PGM_2Perc_coupling_errors_on_fac5_FLUX.rml
2025-02-10 19:21:56,674 - INFO - Prepared sim number: 28: RAYPy_Simulation_bessy2hi_56m_PGM_2Perc_coupling_errors_on_fac5_FLUX/round_7/28_bessy2hi_56m_PGM_2Perc_coupling_errors_on_fac5_FLUX.rml
2025-02-10 19:21:56,678 - INFO - Prepared sim number: 29: RAYPy_Simulation_bessy2hi_56m_PGM_2Perc_coupling_errors_on_fac5_FLUX/round_7/29_bessy2hi_56m_PGM_2Perc_coupling_errors_on_fac5_FLUX.rml
2025-02-10 19:21:56,682 - INFO - Prepared sim number: 30: RAYPy_Simulation_bessy2hi_56m_PGM_2Perc_coupling_errors_on_fac5_FLUX/round_7/30_bessy2hi_56m_PGM_2Perc_coupling_errors_on_fac5_FLUX.rml
2025-02-10 19:21:56,685 - INFO - Prepared sim number: 31: RAYPy_Simulation_bessy2hi_56m_PGM_2Perc_coupling_errors_on_fac5_FLUX/round_7/31_bessy2hi_56m_PGM_2Perc_coupling_errors_on_fac5_FLUX.rml
2025-02-10 19:21:56,689 - INFO - Prepared sim number: 32: RAYPy_Simulation_bessy2hi_56m_PGM_2Perc_coupling_errors_on_fac5_FLUX/round_7/32_bessy2hi_56m_PGM_2Perc_coupling_errors_on_fac5_FLUX.rml
2025-02-10 19:21:56,693 - INFO - Prepared sim number: 33: RAYPy_Simulation_bessy2hi_56m_PGM_2Perc_coupling_errors_on_fac5_FLUX/round_7/33_bessy2hi_56m_PGM_2Perc_coupling_errors_on_fac5_FLUX.rml
2025-02-10 19:21:56,697 - INFO - Prepared sim number: 34: RAYPy_Simulation_bessy2hi_56m_PGM_2Perc_coupling_errors_on_fac5_FLUX/round_7/34_bessy2hi_56m_PGM_2Perc_coupling_errors_on_fac5_FLUX.rml
2025-02-10 19:21:56,700 - INFO - Prepared sim number: 35: RAYPy_Simulation_bessy2hi_56m_PGM_2Perc_coupling_errors_on_fac5_FLUX/round_7/35_bessy2hi_56m_PGM_2Perc_coupling_errors_on_fac5_FLUX.rml
2025-02-10 19:21:56,704 - INFO - Prepared sim number: 36: RAYPy_Simulation_bessy2hi_56m_PGM_2Perc_coupling_errors_on_fac5_FLUX/round_7/36_bessy2hi_56m_PGM_2Perc_coupling_errors_on_fac5_FLUX.rml
2025-02-10 19:21:56,708 - INFO - Prepared sim number: 37: RAYPy_Simulation_bessy2hi_56m_PGM_2Perc_coupling_errors_on_fac5_FLUX/round_7/37_bessy2hi_56m_PGM_2Perc_coupling_errors_on_fac5_FLUX.rml
2025-02-10 19:21:56,711 - INFO - Prepared sim number: 38: RAYPy_Simulation_bessy2hi_56m_PGM_2Perc_coupling_errors_on_fac5_FLUX/round_7/38_bessy2hi_56m_PGM_2Perc_coupling_errors_on_fac5_FLUX.rml
2025-02-10 19:21:56,715 - INFO - Prepared sim number: 39: RAYPy_Simulation_bessy2hi_56m_PGM_2Perc_coupling_errors_on_fac5_FLUX/round_7/39_bessy2hi_56m_PGM_2Perc_coupling_errors_on_fac5_FLUX.rml
2025-02-10 19:21:56,719 - INFO - Prepared sim number: 40: RAYPy_Simulation_bessy2hi_56m_PGM_2Perc_coupling_errors_on_fac5_FLUX/round_7/40_bessy2hi_56m_PGM_2Perc_coupling_errors_on_fac5_FLUX.rml
2025-02-10 19:21:56,719 - INFO - Start round 8
2025-02-10 19:21:56,722 - INFO - Prepared sim number: 0: RAYPy_Simulation_bessy2hi_56m_PGM_2Perc_coupling_errors_on_fac5_FLUX/round_8/0_bessy2hi_56m_PGM_2Perc_coupling_errors_on_fac5_FLUX.rml
2025-02-10 19:21:56,726 - INFO - Prepared sim number: 1: RAYPy_Simulation_bessy2hi_56m_PGM_2Perc_coupling_errors_on_fac5_FLUX/round_8/1_bessy2hi_56m_PGM_2Perc_coupling_errors_on_fac5_FLUX.rml
2025-02-10 19:21:56,729 - INFO - Prepared sim number: 2: RAYPy_Simulation_bessy2hi_56m_PGM_2Perc_coupling_errors_on_fac5_FLUX/round_8/2_bessy2hi_56m_PGM_2Perc_coupling_errors_on_fac5_FLUX.rml
2025-02-10 19:21:56,732 - INFO - Prepared sim number: 3: RAYPy_Simulation_bessy2hi_56m_PGM_2Perc_coupling_errors_on_fac5_FLUX/round_8/3_bessy2hi_56m_PGM_2Perc_coupling_errors_on_fac5_FLUX.rml
2025-02-10 19:21:56,736 - INFO - Prepared sim number: 4: RAYPy_Simulation_bessy2hi_56m_PGM_2Perc_coupling_errors_on_fac5_FLUX/round_8/4_bessy2hi_56m_PGM_2Perc_coupling_errors_on_fac5_FLUX.rml
2025-02-10 19:21:56,739 - INFO - Prepared sim number: 5: RAYPy_Simulation_bessy2hi_56m_PGM_2Perc_coupling_errors_on_fac5_FLUX/round_8/5_bessy2hi_56m_PGM_2Perc_coupling_errors_on_fac5_FLUX.rml
2025-02-10 19:21:56,743 - INFO - Prepared sim number: 6: RAYPy_Simulation_bessy2hi_56m_PGM_2Perc_coupling_errors_on_fac5_FLUX/round_8/6_bessy2hi_56m_PGM_2Perc_coupling_errors_on_fac5_FLUX.rml
2025-02-10 19:21:56,746 - INFO - Prepared sim number: 7: RAYPy_Simulation_bessy2hi_56m_PGM_2Perc_coupling_errors_on_fac5_FLUX/round_8/7_bessy2hi_56m_PGM_2Perc_coupling_errors_on_fac5_FLUX.rml
2025-02-10 19:21:56,749 - INFO - Prepared sim number: 8: RAYPy_Simulation_bessy2hi_56m_PGM_2Perc_coupling_errors_on_fac5_FLUX/round_8/8_bessy2hi_56m_PGM_2Perc_coupling_errors_on_fac5_FLUX.rml
2025-02-10 19:21:56,753 - INFO - Prepared sim number: 9: RAYPy_Simulation_bessy2hi_56m_PGM_2Perc_coupling_errors_on_fac5_FLUX/round_8/9_bessy2hi_56m_PGM_2Perc_coupling_errors_on_fac5_FLUX.rml
2025-02-10 19:21:56,756 - INFO - Prepared sim number: 10: RAYPy_Simulation_bessy2hi_56m_PGM_2Perc_coupling_errors_on_fac5_FLUX/round_8/10_bessy2hi_56m_PGM_2Perc_coupling_errors_on_fac5_FLUX.rml
2025-02-10 19:21:56,760 - INFO - Prepared sim number: 11: RAYPy_Simulation_bessy2hi_56m_PGM_2Perc_coupling_errors_on_fac5_FLUX/round_8/11_bessy2hi_56m_PGM_2Perc_coupling_errors_on_fac5_FLUX.rml
2025-02-10 19:21:56,763 - INFO - Prepared sim number: 12: RAYPy_Simulation_bessy2hi_56m_PGM_2Perc_coupling_errors_on_fac5_FLUX/round_8/12_bessy2hi_56m_PGM_2Perc_coupling_errors_on_fac5_FLUX.rml
2025-02-10 19:21:56,766 - INFO - Prepared sim number: 13: RAYPy_Simulation_bessy2hi_56m_PGM_2Perc_coupling_errors_on_fac5_FLUX/round_8/13_bessy2hi_56m_PGM_2Perc_coupling_errors_on_fac5_FLUX.rml
2025-02-10 19:21:56,770 - INFO - Prepared sim number: 14: RAYPy_Simulation_bessy2hi_56m_PGM_2Perc_coupling_errors_on_fac5_FLUX/round_8/14_bessy2hi_56m_PGM_2Perc_coupling_errors_on_fac5_FLUX.rml
2025-02-10 19:21:56,773 - INFO - Prepared sim number: 15: RAYPy_Simulation_bessy2hi_56m_PGM_2Perc_coupling_errors_on_fac5_FLUX/round_8/15_bessy2hi_56m_PGM_2Perc_coupling_errors_on_fac5_FLUX.rml
2025-02-10 19:21:56,776 - INFO - Prepared sim number: 16: RAYPy_Simulation_bessy2hi_56m_PGM_2Perc_coupling_errors_on_fac5_FLUX/round_8/16_bessy2hi_56m_PGM_2Perc_coupling_errors_on_fac5_FLUX.rml
2025-02-10 19:21:56,780 - INFO - Prepared sim number: 17: RAYPy_Simulation_bessy2hi_56m_PGM_2Perc_coupling_errors_on_fac5_FLUX/round_8/17_bessy2hi_56m_PGM_2Perc_coupling_errors_on_fac5_FLUX.rml
2025-02-10 19:21:56,783 - INFO - Prepared sim number: 18: RAYPy_Simulation_bessy2hi_56m_PGM_2Perc_coupling_errors_on_fac5_FLUX/round_8/18_bessy2hi_56m_PGM_2Perc_coupling_errors_on_fac5_FLUX.rml
2025-02-10 19:21:56,787 - INFO - Prepared sim number: 19: RAYPy_Simulation_bessy2hi_56m_PGM_2Perc_coupling_errors_on_fac5_FLUX/round_8/19_bessy2hi_56m_PGM_2Perc_coupling_errors_on_fac5_FLUX.rml
2025-02-10 19:21:56,791 - INFO - Prepared sim number: 20: RAYPy_Simulation_bessy2hi_56m_PGM_2Perc_coupling_errors_on_fac5_FLUX/round_8/20_bessy2hi_56m_PGM_2Perc_coupling_errors_on_fac5_FLUX.rml
2025-02-10 19:21:56,794 - INFO - Prepared sim number: 21: RAYPy_Simulation_bessy2hi_56m_PGM_2Perc_coupling_errors_on_fac5_FLUX/round_8/21_bessy2hi_56m_PGM_2Perc_coupling_errors_on_fac5_FLUX.rml
2025-02-10 19:21:56,797 - INFO - Prepared sim number: 22: RAYPy_Simulation_bessy2hi_56m_PGM_2Perc_coupling_errors_on_fac5_FLUX/round_8/22_bessy2hi_56m_PGM_2Perc_coupling_errors_on_fac5_FLUX.rml
2025-02-10 19:21:56,802 - INFO - Prepared sim number: 23: RAYPy_Simulation_bessy2hi_56m_PGM_2Perc_coupling_errors_on_fac5_FLUX/round_8/23_bessy2hi_56m_PGM_2Perc_coupling_errors_on_fac5_FLUX.rml
2025-02-10 19:21:56,806 - INFO - Prepared sim number: 24: RAYPy_Simulation_bessy2hi_56m_PGM_2Perc_coupling_errors_on_fac5_FLUX/round_8/24_bessy2hi_56m_PGM_2Perc_coupling_errors_on_fac5_FLUX.rml
2025-02-10 19:21:56,810 - INFO - Prepared sim number: 25: RAYPy_Simulation_bessy2hi_56m_PGM_2Perc_coupling_errors_on_fac5_FLUX/round_8/25_bessy2hi_56m_PGM_2Perc_coupling_errors_on_fac5_FLUX.rml
2025-02-10 19:21:56,813 - INFO - Prepared sim number: 26: RAYPy_Simulation_bessy2hi_56m_PGM_2Perc_coupling_errors_on_fac5_FLUX/round_8/26_bessy2hi_56m_PGM_2Perc_coupling_errors_on_fac5_FLUX.rml
2025-02-10 19:21:56,817 - INFO - Prepared sim number: 27: RAYPy_Simulation_bessy2hi_56m_PGM_2Perc_coupling_errors_on_fac5_FLUX/round_8/27_bessy2hi_56m_PGM_2Perc_coupling_errors_on_fac5_FLUX.rml
2025-02-10 19:21:56,820 - INFO - Prepared sim number: 28: RAYPy_Simulation_bessy2hi_56m_PGM_2Perc_coupling_errors_on_fac5_FLUX/round_8/28_bessy2hi_56m_PGM_2Perc_coupling_errors_on_fac5_FLUX.rml
2025-02-10 19:21:56,824 - INFO - Prepared sim number: 29: RAYPy_Simulation_bessy2hi_56m_PGM_2Perc_coupling_errors_on_fac5_FLUX/round_8/29_bessy2hi_56m_PGM_2Perc_coupling_errors_on_fac5_FLUX.rml
2025-02-10 19:21:56,827 - INFO - Prepared sim number: 30: RAYPy_Simulation_bessy2hi_56m_PGM_2Perc_coupling_errors_on_fac5_FLUX/round_8/30_bessy2hi_56m_PGM_2Perc_coupling_errors_on_fac5_FLUX.rml
2025-02-10 19:21:56,831 - INFO - Prepared sim number: 31: RAYPy_Simulation_bessy2hi_56m_PGM_2Perc_coupling_errors_on_fac5_FLUX/round_8/31_bessy2hi_56m_PGM_2Perc_coupling_errors_on_fac5_FLUX.rml
2025-02-10 19:21:56,831 - INFO - Waiting for batch number: 5, timeout: 100.66178447549994s
2025-02-10 19:22:11,353 - INFO - Completed: 1, remaining: 59, RAYPy_Simulation_bessy2hi_56m_PGM_2Perc_coupling_errors_on_fac5_FLUX/round_7/15_bessy2hi_56m_PGM_2Perc_coupling_errors_on_fac5_FLUX.rml
2025-02-10 19:22:11,364 - INFO - Completed: 2, remaining: 58, RAYPy_Simulation_bessy2hi_56m_PGM_2Perc_coupling_errors_on_fac5_FLUX/round_7/18_bessy2hi_56m_PGM_2Perc_coupling_errors_on_fac5_FLUX.rml
2025-02-10 19:22:11,661 - INFO - Completed: 3, remaining: 57, RAYPy_Simulation_bessy2hi_56m_PGM_2Perc_coupling_errors_on_fac5_FLUX/round_7/16_bessy2hi_56m_PGM_2Perc_coupling_errors_on_fac5_FLUX.rml
2025-02-10 19:22:11,911 - INFO - Completed: 4, remaining: 56, RAYPy_Simulation_bessy2hi_56m_PGM_2Perc_coupling_errors_on_fac5_FLUX/round_7/21_bessy2hi_56m_PGM_2Perc_coupling_errors_on_fac5_FLUX.rml
2025-02-10 19:22:11,976 - INFO - Completed: 5, remaining: 55, RAYPy_Simulation_bessy2hi_56m_PGM_2Perc_coupling_errors_on_fac5_FLUX/round_7/17_bessy2hi_56m_PGM_2Perc_coupling_errors_on_fac5_FLUX.rml
2025-02-10 19:22:12,066 - INFO - Completed: 6, remaining: 54, RAYPy_Simulation_bessy2hi_56m_PGM_2Perc_coupling_errors_on_fac5_FLUX/round_7/14_bessy2hi_56m_PGM_2Perc_coupling_errors_on_fac5_FLUX.rml
2025-02-10 19:22:12,164 - INFO - Completed: 7, remaining: 53, RAYPy_Simulation_bessy2hi_56m_PGM_2Perc_coupling_errors_on_fac5_FLUX/round_7/23_bessy2hi_56m_PGM_2Perc_coupling_errors_on_fac5_FLUX.rml
2025-02-10 19:22:12,757 - INFO - Completed: 8, remaining: 52, RAYPy_Simulation_bessy2hi_56m_PGM_2Perc_coupling_errors_on_fac5_FLUX/round_7/22_bessy2hi_56m_PGM_2Perc_coupling_errors_on_fac5_FLUX.rml
2025-02-10 19:22:13,326 - INFO - Completed: 9, remaining: 51, RAYPy_Simulation_bessy2hi_56m_PGM_2Perc_coupling_errors_on_fac5_FLUX/round_7/13_bessy2hi_56m_PGM_2Perc_coupling_errors_on_fac5_FLUX.rml
2025-02-10 19:22:13,529 - INFO - Completed: 10, remaining: 50, RAYPy_Simulation_bessy2hi_56m_PGM_2Perc_coupling_errors_on_fac5_FLUX/round_7/19_bessy2hi_56m_PGM_2Perc_coupling_errors_on_fac5_FLUX.rml
2025-02-10 19:22:13,580 - INFO - Completed: 11, remaining: 49, RAYPy_Simulation_bessy2hi_56m_PGM_2Perc_coupling_errors_on_fac5_FLUX/round_7/20_bessy2hi_56m_PGM_2Perc_coupling_errors_on_fac5_FLUX.rml
2025-02-10 19:22:26,264 - INFO - Completed: 12, remaining: 48, RAYPy_Simulation_bessy2hi_56m_PGM_2Perc_coupling_errors_on_fac5_FLUX/round_7/26_bessy2hi_56m_PGM_2Perc_coupling_errors_on_fac5_FLUX.rml
2025-02-10 19:22:27,253 - INFO - Completed: 13, remaining: 47, RAYPy_Simulation_bessy2hi_56m_PGM_2Perc_coupling_errors_on_fac5_FLUX/round_7/27_bessy2hi_56m_PGM_2Perc_coupling_errors_on_fac5_FLUX.rml
2025-02-10 19:22:27,306 - INFO - Completed: 14, remaining: 46, RAYPy_Simulation_bessy2hi_56m_PGM_2Perc_coupling_errors_on_fac5_FLUX/round_7/24_bessy2hi_56m_PGM_2Perc_coupling_errors_on_fac5_FLUX.rml
2025-02-10 19:22:27,524 - INFO - Completed: 15, remaining: 45, RAYPy_Simulation_bessy2hi_56m_PGM_2Perc_coupling_errors_on_fac5_FLUX/round_7/25_bessy2hi_56m_PGM_2Perc_coupling_errors_on_fac5_FLUX.rml
2025-02-10 19:22:27,528 - INFO - Completed: 16, remaining: 44, RAYPy_Simulation_bessy2hi_56m_PGM_2Perc_coupling_errors_on_fac5_FLUX/round_7/28_bessy2hi_56m_PGM_2Perc_coupling_errors_on_fac5_FLUX.rml
2025-02-10 19:22:27,783 - INFO - Completed: 17, remaining: 43, RAYPy_Simulation_bessy2hi_56m_PGM_2Perc_coupling_errors_on_fac5_FLUX/round_7/29_bessy2hi_56m_PGM_2Perc_coupling_errors_on_fac5_FLUX.rml
2025-02-10 19:22:27,889 - INFO - Completed: 18, remaining: 42, RAYPy_Simulation_bessy2hi_56m_PGM_2Perc_coupling_errors_on_fac5_FLUX/round_7/30_bessy2hi_56m_PGM_2Perc_coupling_errors_on_fac5_FLUX.rml
2025-02-10 19:22:28,257 - INFO - Completed: 19, remaining: 41, RAYPy_Simulation_bessy2hi_56m_PGM_2Perc_coupling_errors_on_fac5_FLUX/round_7/31_bessy2hi_56m_PGM_2Perc_coupling_errors_on_fac5_FLUX.rml
2025-02-10 19:22:28,605 - INFO - Completed: 20, remaining: 40, RAYPy_Simulation_bessy2hi_56m_PGM_2Perc_coupling_errors_on_fac5_FLUX/round_7/32_bessy2hi_56m_PGM_2Perc_coupling_errors_on_fac5_FLUX.rml
2025-02-10 19:22:29,088 - INFO - Completed: 21, remaining: 39, RAYPy_Simulation_bessy2hi_56m_PGM_2Perc_coupling_errors_on_fac5_FLUX/round_7/34_bessy2hi_56m_PGM_2Perc_coupling_errors_on_fac5_FLUX.rml
2025-02-10 19:22:29,750 - INFO - Completed: 22, remaining: 38, RAYPy_Simulation_bessy2hi_56m_PGM_2Perc_coupling_errors_on_fac5_FLUX/round_7/33_bessy2hi_56m_PGM_2Perc_coupling_errors_on_fac5_FLUX.rml
2025-02-10 19:22:40,261 - INFO - Completed: 23, remaining: 37, RAYPy_Simulation_bessy2hi_56m_PGM_2Perc_coupling_errors_on_fac5_FLUX/round_7/35_bessy2hi_56m_PGM_2Perc_coupling_errors_on_fac5_FLUX.rml
2025-02-10 19:22:42,710 - INFO - Completed: 24, remaining: 36, RAYPy_Simulation_bessy2hi_56m_PGM_2Perc_coupling_errors_on_fac5_FLUX/round_7/40_bessy2hi_56m_PGM_2Perc_coupling_errors_on_fac5_FLUX.rml
2025-02-10 19:22:43,024 - INFO - Completed: 25, remaining: 35, RAYPy_Simulation_bessy2hi_56m_PGM_2Perc_coupling_errors_on_fac5_FLUX/round_7/36_bessy2hi_56m_PGM_2Perc_coupling_errors_on_fac5_FLUX.rml
2025-02-10 19:22:43,349 - INFO - Completed: 26, remaining: 34, RAYPy_Simulation_bessy2hi_56m_PGM_2Perc_coupling_errors_on_fac5_FLUX/round_7/37_bessy2hi_56m_PGM_2Perc_coupling_errors_on_fac5_FLUX.rml
2025-02-10 19:22:43,510 - INFO - Completed: 27, remaining: 33, RAYPy_Simulation_bessy2hi_56m_PGM_2Perc_coupling_errors_on_fac5_FLUX/round_7/39_bessy2hi_56m_PGM_2Perc_coupling_errors_on_fac5_FLUX.rml
2025-02-10 19:22:43,973 - INFO - Completed: 28, remaining: 32, RAYPy_Simulation_bessy2hi_56m_PGM_2Perc_coupling_errors_on_fac5_FLUX/round_8/0_bessy2hi_56m_PGM_2Perc_coupling_errors_on_fac5_FLUX.rml
2025-02-10 19:22:44,465 - INFO - Completed: 29, remaining: 31, RAYPy_Simulation_bessy2hi_56m_PGM_2Perc_coupling_errors_on_fac5_FLUX/round_8/1_bessy2hi_56m_PGM_2Perc_coupling_errors_on_fac5_FLUX.rml
2025-02-10 19:22:44,628 - INFO - Completed: 30, remaining: 30, RAYPy_Simulation_bessy2hi_56m_PGM_2Perc_coupling_errors_on_fac5_FLUX/round_8/2_bessy2hi_56m_PGM_2Perc_coupling_errors_on_fac5_FLUX.rml
2025-02-10 19:22:44,967 - INFO - Completed: 31, remaining: 29, RAYPy_Simulation_bessy2hi_56m_PGM_2Perc_coupling_errors_on_fac5_FLUX/round_8/3_bessy2hi_56m_PGM_2Perc_coupling_errors_on_fac5_FLUX.rml
2025-02-10 19:22:45,403 - INFO - Completed: 32, remaining: 28, RAYPy_Simulation_bessy2hi_56m_PGM_2Perc_coupling_errors_on_fac5_FLUX/round_7/38_bessy2hi_56m_PGM_2Perc_coupling_errors_on_fac5_FLUX.rml
2025-02-10 19:22:45,751 - INFO - Completed: 33, remaining: 27, RAYPy_Simulation_bessy2hi_56m_PGM_2Perc_coupling_errors_on_fac5_FLUX/round_8/4_bessy2hi_56m_PGM_2Perc_coupling_errors_on_fac5_FLUX.rml
2025-02-10 19:22:51,527 - INFO - Completed: 34, remaining: 26, RAYPy_Simulation_bessy2hi_56m_PGM_2Perc_coupling_errors_on_fac5_FLUX/round_8/5_bessy2hi_56m_PGM_2Perc_coupling_errors_on_fac5_FLUX.rml
2025-02-10 19:22:57,713 - INFO - Completed: 35, remaining: 25, RAYPy_Simulation_bessy2hi_56m_PGM_2Perc_coupling_errors_on_fac5_FLUX/round_8/6_bessy2hi_56m_PGM_2Perc_coupling_errors_on_fac5_FLUX.rml
2025-02-10 19:22:58,404 - INFO - Completed: 36, remaining: 24, RAYPy_Simulation_bessy2hi_56m_PGM_2Perc_coupling_errors_on_fac5_FLUX/round_8/7_bessy2hi_56m_PGM_2Perc_coupling_errors_on_fac5_FLUX.rml
2025-02-10 19:22:59,210 - INFO - Completed: 37, remaining: 23, RAYPy_Simulation_bessy2hi_56m_PGM_2Perc_coupling_errors_on_fac5_FLUX/round_8/8_bessy2hi_56m_PGM_2Perc_coupling_errors_on_fac5_FLUX.rml
2025-02-10 19:22:59,770 - INFO - Completed: 38, remaining: 22, RAYPy_Simulation_bessy2hi_56m_PGM_2Perc_coupling_errors_on_fac5_FLUX/round_8/9_bessy2hi_56m_PGM_2Perc_coupling_errors_on_fac5_FLUX.rml
2025-02-10 19:23:01,098 - INFO - Completed: 39, remaining: 21, RAYPy_Simulation_bessy2hi_56m_PGM_2Perc_coupling_errors_on_fac5_FLUX/round_8/13_bessy2hi_56m_PGM_2Perc_coupling_errors_on_fac5_FLUX.rml
2025-02-10 19:23:01,361 - INFO - Completed: 40, remaining: 20, RAYPy_Simulation_bessy2hi_56m_PGM_2Perc_coupling_errors_on_fac5_FLUX/round_8/11_bessy2hi_56m_PGM_2Perc_coupling_errors_on_fac5_FLUX.rml
2025-02-10 19:23:01,543 - INFO - Completed: 41, remaining: 19, RAYPy_Simulation_bessy2hi_56m_PGM_2Perc_coupling_errors_on_fac5_FLUX/round_8/10_bessy2hi_56m_PGM_2Perc_coupling_errors_on_fac5_FLUX.rml
2025-02-10 19:23:01,686 - INFO - Completed: 42, remaining: 18, RAYPy_Simulation_bessy2hi_56m_PGM_2Perc_coupling_errors_on_fac5_FLUX/round_8/12_bessy2hi_56m_PGM_2Perc_coupling_errors_on_fac5_FLUX.rml
2025-02-10 19:23:01,707 - INFO - Completed: 43, remaining: 17, RAYPy_Simulation_bessy2hi_56m_PGM_2Perc_coupling_errors_on_fac5_FLUX/round_8/14_bessy2hi_56m_PGM_2Perc_coupling_errors_on_fac5_FLUX.rml
2025-02-10 19:23:01,824 - INFO - Completed: 44, remaining: 16, RAYPy_Simulation_bessy2hi_56m_PGM_2Perc_coupling_errors_on_fac5_FLUX/round_8/15_bessy2hi_56m_PGM_2Perc_coupling_errors_on_fac5_FLUX.rml
2025-02-10 19:23:04,547 - INFO - Completed: 45, remaining: 15, RAYPy_Simulation_bessy2hi_56m_PGM_2Perc_coupling_errors_on_fac5_FLUX/round_8/16_bessy2hi_56m_PGM_2Perc_coupling_errors_on_fac5_FLUX.rml
2025-02-10 19:23:11,242 - INFO - Completed: 46, remaining: 14, RAYPy_Simulation_bessy2hi_56m_PGM_2Perc_coupling_errors_on_fac5_FLUX/round_8/17_bessy2hi_56m_PGM_2Perc_coupling_errors_on_fac5_FLUX.rml
2025-02-10 19:23:12,630 - INFO - Completed: 47, remaining: 13, RAYPy_Simulation_bessy2hi_56m_PGM_2Perc_coupling_errors_on_fac5_FLUX/round_8/18_bessy2hi_56m_PGM_2Perc_coupling_errors_on_fac5_FLUX.rml
2025-02-10 19:23:13,835 - INFO - Completed: 48, remaining: 12, RAYPy_Simulation_bessy2hi_56m_PGM_2Perc_coupling_errors_on_fac5_FLUX/round_8/19_bessy2hi_56m_PGM_2Perc_coupling_errors_on_fac5_FLUX.rml
2025-02-10 19:23:15,230 - INFO - Completed: 49, remaining: 11, RAYPy_Simulation_bessy2hi_56m_PGM_2Perc_coupling_errors_on_fac5_FLUX/round_8/20_bessy2hi_56m_PGM_2Perc_coupling_errors_on_fac5_FLUX.rml
2025-02-10 19:23:16,873 - INFO - Completed: 50, remaining: 10, RAYPy_Simulation_bessy2hi_56m_PGM_2Perc_coupling_errors_on_fac5_FLUX/round_8/21_bessy2hi_56m_PGM_2Perc_coupling_errors_on_fac5_FLUX.rml
2025-02-10 19:23:17,103 - INFO - Completed: 51, remaining: 9, RAYPy_Simulation_bessy2hi_56m_PGM_2Perc_coupling_errors_on_fac5_FLUX/round_8/23_bessy2hi_56m_PGM_2Perc_coupling_errors_on_fac5_FLUX.rml
2025-02-10 19:23:17,158 - INFO - Completed: 52, remaining: 8, RAYPy_Simulation_bessy2hi_56m_PGM_2Perc_coupling_errors_on_fac5_FLUX/round_8/22_bessy2hi_56m_PGM_2Perc_coupling_errors_on_fac5_FLUX.rml
2025-02-10 19:23:17,667 - INFO - Completed: 53, remaining: 7, RAYPy_Simulation_bessy2hi_56m_PGM_2Perc_coupling_errors_on_fac5_FLUX/round_8/24_bessy2hi_56m_PGM_2Perc_coupling_errors_on_fac5_FLUX.rml
2025-02-10 19:23:17,739 - INFO - Completed: 54, remaining: 6, RAYPy_Simulation_bessy2hi_56m_PGM_2Perc_coupling_errors_on_fac5_FLUX/round_8/26_bessy2hi_56m_PGM_2Perc_coupling_errors_on_fac5_FLUX.rml
2025-02-10 19:23:18,246 - INFO - Completed: 55, remaining: 5, RAYPy_Simulation_bessy2hi_56m_PGM_2Perc_coupling_errors_on_fac5_FLUX/round_8/25_bessy2hi_56m_PGM_2Perc_coupling_errors_on_fac5_FLUX.rml
2025-02-10 19:23:18,696 - INFO - Completed: 56, remaining: 4, RAYPy_Simulation_bessy2hi_56m_PGM_2Perc_coupling_errors_on_fac5_FLUX/round_8/27_bessy2hi_56m_PGM_2Perc_coupling_errors_on_fac5_FLUX.rml
2025-02-10 19:23:21,456 - INFO - Completed: 57, remaining: 3, RAYPy_Simulation_bessy2hi_56m_PGM_2Perc_coupling_errors_on_fac5_FLUX/round_8/28_bessy2hi_56m_PGM_2Perc_coupling_errors_on_fac5_FLUX.rml
2025-02-10 19:23:22,003 - INFO - Completed: 58, remaining: 2, RAYPy_Simulation_bessy2hi_56m_PGM_2Perc_coupling_errors_on_fac5_FLUX/round_8/29_bessy2hi_56m_PGM_2Perc_coupling_errors_on_fac5_FLUX.rml
2025-02-10 19:23:22,538 - INFO - Completed: 59, remaining: 1, RAYPy_Simulation_bessy2hi_56m_PGM_2Perc_coupling_errors_on_fac5_FLUX/round_8/30_bessy2hi_56m_PGM_2Perc_coupling_errors_on_fac5_FLUX.rml
2025-02-10 19:23:22,952 - INFO - Completed: 60, remaining: 0, RAYPy_Simulation_bessy2hi_56m_PGM_2Perc_coupling_errors_on_fac5_FLUX/round_8/31_bessy2hi_56m_PGM_2Perc_coupling_errors_on_fac5_FLUX.rml
2025-02-10 19:23:22,952 - INFO - Batch Completed
2025-02-10 19:23:22,953 - INFO - Waiting For batch, 60 simulations to go
2025-02-10 19:23:22,958 - INFO - Prepared sim number: 32: RAYPy_Simulation_bessy2hi_56m_PGM_2Perc_coupling_errors_on_fac5_FLUX/round_8/32_bessy2hi_56m_PGM_2Perc_coupling_errors_on_fac5_FLUX.rml
2025-02-10 19:23:22,964 - INFO - Prepared sim number: 33: RAYPy_Simulation_bessy2hi_56m_PGM_2Perc_coupling_errors_on_fac5_FLUX/round_8/33_bessy2hi_56m_PGM_2Perc_coupling_errors_on_fac5_FLUX.rml
2025-02-10 19:23:22,971 - INFO - Prepared sim number: 34: RAYPy_Simulation_bessy2hi_56m_PGM_2Perc_coupling_errors_on_fac5_FLUX/round_8/34_bessy2hi_56m_PGM_2Perc_coupling_errors_on_fac5_FLUX.rml
2025-02-10 19:23:22,979 - INFO - Prepared sim number: 35: RAYPy_Simulation_bessy2hi_56m_PGM_2Perc_coupling_errors_on_fac5_FLUX/round_8/35_bessy2hi_56m_PGM_2Perc_coupling_errors_on_fac5_FLUX.rml
2025-02-10 19:23:22,986 - INFO - Prepared sim number: 36: RAYPy_Simulation_bessy2hi_56m_PGM_2Perc_coupling_errors_on_fac5_FLUX/round_8/36_bessy2hi_56m_PGM_2Perc_coupling_errors_on_fac5_FLUX.rml
2025-02-10 19:23:22,991 - INFO - Prepared sim number: 37: RAYPy_Simulation_bessy2hi_56m_PGM_2Perc_coupling_errors_on_fac5_FLUX/round_8/37_bessy2hi_56m_PGM_2Perc_coupling_errors_on_fac5_FLUX.rml
2025-02-10 19:23:22,997 - INFO - Prepared sim number: 38: RAYPy_Simulation_bessy2hi_56m_PGM_2Perc_coupling_errors_on_fac5_FLUX/round_8/38_bessy2hi_56m_PGM_2Perc_coupling_errors_on_fac5_FLUX.rml
2025-02-10 19:23:23,001 - INFO - Prepared sim number: 39: RAYPy_Simulation_bessy2hi_56m_PGM_2Perc_coupling_errors_on_fac5_FLUX/round_8/39_bessy2hi_56m_PGM_2Perc_coupling_errors_on_fac5_FLUX.rml
2025-02-10 19:23:23,005 - INFO - Prepared sim number: 40: RAYPy_Simulation_bessy2hi_56m_PGM_2Perc_coupling_errors_on_fac5_FLUX/round_8/40_bessy2hi_56m_PGM_2Perc_coupling_errors_on_fac5_FLUX.rml
2025-02-10 19:23:23,005 - INFO - Start round 9
2025-02-10 19:23:23,010 - INFO - Prepared sim number: 0: RAYPy_Simulation_bessy2hi_56m_PGM_2Perc_coupling_errors_on_fac5_FLUX/round_9/0_bessy2hi_56m_PGM_2Perc_coupling_errors_on_fac5_FLUX.rml
2025-02-10 19:23:23,014 - INFO - Prepared sim number: 1: RAYPy_Simulation_bessy2hi_56m_PGM_2Perc_coupling_errors_on_fac5_FLUX/round_9/1_bessy2hi_56m_PGM_2Perc_coupling_errors_on_fac5_FLUX.rml
2025-02-10 19:23:23,018 - INFO - Prepared sim number: 2: RAYPy_Simulation_bessy2hi_56m_PGM_2Perc_coupling_errors_on_fac5_FLUX/round_9/2_bessy2hi_56m_PGM_2Perc_coupling_errors_on_fac5_FLUX.rml
2025-02-10 19:23:23,022 - INFO - Prepared sim number: 3: RAYPy_Simulation_bessy2hi_56m_PGM_2Perc_coupling_errors_on_fac5_FLUX/round_9/3_bessy2hi_56m_PGM_2Perc_coupling_errors_on_fac5_FLUX.rml
2025-02-10 19:23:23,025 - INFO - Prepared sim number: 4: RAYPy_Simulation_bessy2hi_56m_PGM_2Perc_coupling_errors_on_fac5_FLUX/round_9/4_bessy2hi_56m_PGM_2Perc_coupling_errors_on_fac5_FLUX.rml
2025-02-10 19:23:23,029 - INFO - Prepared sim number: 5: RAYPy_Simulation_bessy2hi_56m_PGM_2Perc_coupling_errors_on_fac5_FLUX/round_9/5_bessy2hi_56m_PGM_2Perc_coupling_errors_on_fac5_FLUX.rml
2025-02-10 19:23:23,033 - INFO - Prepared sim number: 6: RAYPy_Simulation_bessy2hi_56m_PGM_2Perc_coupling_errors_on_fac5_FLUX/round_9/6_bessy2hi_56m_PGM_2Perc_coupling_errors_on_fac5_FLUX.rml
2025-02-10 19:23:23,037 - INFO - Prepared sim number: 7: RAYPy_Simulation_bessy2hi_56m_PGM_2Perc_coupling_errors_on_fac5_FLUX/round_9/7_bessy2hi_56m_PGM_2Perc_coupling_errors_on_fac5_FLUX.rml
2025-02-10 19:23:23,040 - INFO - Prepared sim number: 8: RAYPy_Simulation_bessy2hi_56m_PGM_2Perc_coupling_errors_on_fac5_FLUX/round_9/8_bessy2hi_56m_PGM_2Perc_coupling_errors_on_fac5_FLUX.rml
2025-02-10 19:23:23,044 - INFO - Prepared sim number: 9: RAYPy_Simulation_bessy2hi_56m_PGM_2Perc_coupling_errors_on_fac5_FLUX/round_9/9_bessy2hi_56m_PGM_2Perc_coupling_errors_on_fac5_FLUX.rml
2025-02-10 19:23:23,049 - INFO - Prepared sim number: 10: RAYPy_Simulation_bessy2hi_56m_PGM_2Perc_coupling_errors_on_fac5_FLUX/round_9/10_bessy2hi_56m_PGM_2Perc_coupling_errors_on_fac5_FLUX.rml
2025-02-10 19:23:23,052 - INFO - Prepared sim number: 11: RAYPy_Simulation_bessy2hi_56m_PGM_2Perc_coupling_errors_on_fac5_FLUX/round_9/11_bessy2hi_56m_PGM_2Perc_coupling_errors_on_fac5_FLUX.rml
2025-02-10 19:23:23,056 - INFO - Prepared sim number: 12: RAYPy_Simulation_bessy2hi_56m_PGM_2Perc_coupling_errors_on_fac5_FLUX/round_9/12_bessy2hi_56m_PGM_2Perc_coupling_errors_on_fac5_FLUX.rml
2025-02-10 19:23:23,060 - INFO - Prepared sim number: 13: RAYPy_Simulation_bessy2hi_56m_PGM_2Perc_coupling_errors_on_fac5_FLUX/round_9/13_bessy2hi_56m_PGM_2Perc_coupling_errors_on_fac5_FLUX.rml
2025-02-10 19:23:23,063 - INFO - Prepared sim number: 14: RAYPy_Simulation_bessy2hi_56m_PGM_2Perc_coupling_errors_on_fac5_FLUX/round_9/14_bessy2hi_56m_PGM_2Perc_coupling_errors_on_fac5_FLUX.rml
2025-02-10 19:23:23,067 - INFO - Prepared sim number: 15: RAYPy_Simulation_bessy2hi_56m_PGM_2Perc_coupling_errors_on_fac5_FLUX/round_9/15_bessy2hi_56m_PGM_2Perc_coupling_errors_on_fac5_FLUX.rml
2025-02-10 19:23:23,070 - INFO - Prepared sim number: 16: RAYPy_Simulation_bessy2hi_56m_PGM_2Perc_coupling_errors_on_fac5_FLUX/round_9/16_bessy2hi_56m_PGM_2Perc_coupling_errors_on_fac5_FLUX.rml
2025-02-10 19:23:23,074 - INFO - Prepared sim number: 17: RAYPy_Simulation_bessy2hi_56m_PGM_2Perc_coupling_errors_on_fac5_FLUX/round_9/17_bessy2hi_56m_PGM_2Perc_coupling_errors_on_fac5_FLUX.rml
2025-02-10 19:23:23,078 - INFO - Prepared sim number: 18: RAYPy_Simulation_bessy2hi_56m_PGM_2Perc_coupling_errors_on_fac5_FLUX/round_9/18_bessy2hi_56m_PGM_2Perc_coupling_errors_on_fac5_FLUX.rml
2025-02-10 19:23:23,082 - INFO - Prepared sim number: 19: RAYPy_Simulation_bessy2hi_56m_PGM_2Perc_coupling_errors_on_fac5_FLUX/round_9/19_bessy2hi_56m_PGM_2Perc_coupling_errors_on_fac5_FLUX.rml
2025-02-10 19:23:23,086 - INFO - Prepared sim number: 20: RAYPy_Simulation_bessy2hi_56m_PGM_2Perc_coupling_errors_on_fac5_FLUX/round_9/20_bessy2hi_56m_PGM_2Perc_coupling_errors_on_fac5_FLUX.rml
2025-02-10 19:23:23,090 - INFO - Prepared sim number: 21: RAYPy_Simulation_bessy2hi_56m_PGM_2Perc_coupling_errors_on_fac5_FLUX/round_9/21_bessy2hi_56m_PGM_2Perc_coupling_errors_on_fac5_FLUX.rml
2025-02-10 19:23:23,094 - INFO - Prepared sim number: 22: RAYPy_Simulation_bessy2hi_56m_PGM_2Perc_coupling_errors_on_fac5_FLUX/round_9/22_bessy2hi_56m_PGM_2Perc_coupling_errors_on_fac5_FLUX.rml
2025-02-10 19:23:23,098 - INFO - Prepared sim number: 23: RAYPy_Simulation_bessy2hi_56m_PGM_2Perc_coupling_errors_on_fac5_FLUX/round_9/23_bessy2hi_56m_PGM_2Perc_coupling_errors_on_fac5_FLUX.rml
2025-02-10 19:23:23,102 - INFO - Prepared sim number: 24: RAYPy_Simulation_bessy2hi_56m_PGM_2Perc_coupling_errors_on_fac5_FLUX/round_9/24_bessy2hi_56m_PGM_2Perc_coupling_errors_on_fac5_FLUX.rml
2025-02-10 19:23:23,106 - INFO - Prepared sim number: 25: RAYPy_Simulation_bessy2hi_56m_PGM_2Perc_coupling_errors_on_fac5_FLUX/round_9/25_bessy2hi_56m_PGM_2Perc_coupling_errors_on_fac5_FLUX.rml
2025-02-10 19:23:23,109 - INFO - Prepared sim number: 26: RAYPy_Simulation_bessy2hi_56m_PGM_2Perc_coupling_errors_on_fac5_FLUX/round_9/26_bessy2hi_56m_PGM_2Perc_coupling_errors_on_fac5_FLUX.rml
2025-02-10 19:23:23,113 - INFO - Prepared sim number: 27: RAYPy_Simulation_bessy2hi_56m_PGM_2Perc_coupling_errors_on_fac5_FLUX/round_9/27_bessy2hi_56m_PGM_2Perc_coupling_errors_on_fac5_FLUX.rml
2025-02-10 19:23:23,117 - INFO - Prepared sim number: 28: RAYPy_Simulation_bessy2hi_56m_PGM_2Perc_coupling_errors_on_fac5_FLUX/round_9/28_bessy2hi_56m_PGM_2Perc_coupling_errors_on_fac5_FLUX.rml
2025-02-10 19:23:23,121 - INFO - Prepared sim number: 29: RAYPy_Simulation_bessy2hi_56m_PGM_2Perc_coupling_errors_on_fac5_FLUX/round_9/29_bessy2hi_56m_PGM_2Perc_coupling_errors_on_fac5_FLUX.rml
2025-02-10 19:23:23,125 - INFO - Prepared sim number: 30: RAYPy_Simulation_bessy2hi_56m_PGM_2Perc_coupling_errors_on_fac5_FLUX/round_9/30_bessy2hi_56m_PGM_2Perc_coupling_errors_on_fac5_FLUX.rml
2025-02-10 19:23:23,129 - INFO - Prepared sim number: 31: RAYPy_Simulation_bessy2hi_56m_PGM_2Perc_coupling_errors_on_fac5_FLUX/round_9/31_bessy2hi_56m_PGM_2Perc_coupling_errors_on_fac5_FLUX.rml
2025-02-10 19:23:23,133 - INFO - Prepared sim number: 32: RAYPy_Simulation_bessy2hi_56m_PGM_2Perc_coupling_errors_on_fac5_FLUX/round_9/32_bessy2hi_56m_PGM_2Perc_coupling_errors_on_fac5_FLUX.rml
2025-02-10 19:23:23,137 - INFO - Prepared sim number: 33: RAYPy_Simulation_bessy2hi_56m_PGM_2Perc_coupling_errors_on_fac5_FLUX/round_9/33_bessy2hi_56m_PGM_2Perc_coupling_errors_on_fac5_FLUX.rml
2025-02-10 19:23:23,141 - INFO - Prepared sim number: 34: RAYPy_Simulation_bessy2hi_56m_PGM_2Perc_coupling_errors_on_fac5_FLUX/round_9/34_bessy2hi_56m_PGM_2Perc_coupling_errors_on_fac5_FLUX.rml
2025-02-10 19:23:23,145 - INFO - Prepared sim number: 35: RAYPy_Simulation_bessy2hi_56m_PGM_2Perc_coupling_errors_on_fac5_FLUX/round_9/35_bessy2hi_56m_PGM_2Perc_coupling_errors_on_fac5_FLUX.rml
2025-02-10 19:23:23,149 - INFO - Prepared sim number: 36: RAYPy_Simulation_bessy2hi_56m_PGM_2Perc_coupling_errors_on_fac5_FLUX/round_9/36_bessy2hi_56m_PGM_2Perc_coupling_errors_on_fac5_FLUX.rml
2025-02-10 19:23:23,153 - INFO - Prepared sim number: 37: RAYPy_Simulation_bessy2hi_56m_PGM_2Perc_coupling_errors_on_fac5_FLUX/round_9/37_bessy2hi_56m_PGM_2Perc_coupling_errors_on_fac5_FLUX.rml
2025-02-10 19:23:23,158 - INFO - Prepared sim number: 38: RAYPy_Simulation_bessy2hi_56m_PGM_2Perc_coupling_errors_on_fac5_FLUX/round_9/38_bessy2hi_56m_PGM_2Perc_coupling_errors_on_fac5_FLUX.rml
2025-02-10 19:23:23,162 - INFO - Prepared sim number: 39: RAYPy_Simulation_bessy2hi_56m_PGM_2Perc_coupling_errors_on_fac5_FLUX/round_9/39_bessy2hi_56m_PGM_2Perc_coupling_errors_on_fac5_FLUX.rml
2025-02-10 19:23:23,166 - INFO - Prepared sim number: 40: RAYPy_Simulation_bessy2hi_56m_PGM_2Perc_coupling_errors_on_fac5_FLUX/round_9/40_bessy2hi_56m_PGM_2Perc_coupling_errors_on_fac5_FLUX.rml
2025-02-10 19:23:23,167 - INFO - Waiting for batch number: 6, timeout: 98.88213345541884s
2025-02-10 19:23:38,469 - INFO - Completed: 1, remaining: 59, RAYPy_Simulation_bessy2hi_56m_PGM_2Perc_coupling_errors_on_fac5_FLUX/round_8/37_bessy2hi_56m_PGM_2Perc_coupling_errors_on_fac5_FLUX.rml
2025-02-10 19:23:38,742 - INFO - Completed: 2, remaining: 58, RAYPy_Simulation_bessy2hi_56m_PGM_2Perc_coupling_errors_on_fac5_FLUX/round_8/35_bessy2hi_56m_PGM_2Perc_coupling_errors_on_fac5_FLUX.rml
2025-02-10 19:23:38,790 - INFO - Completed: 3, remaining: 57, RAYPy_Simulation_bessy2hi_56m_PGM_2Perc_coupling_errors_on_fac5_FLUX/round_8/40_bessy2hi_56m_PGM_2Perc_coupling_errors_on_fac5_FLUX.rml
2025-02-10 19:23:38,849 - INFO - Completed: 4, remaining: 56, RAYPy_Simulation_bessy2hi_56m_PGM_2Perc_coupling_errors_on_fac5_FLUX/round_8/32_bessy2hi_56m_PGM_2Perc_coupling_errors_on_fac5_FLUX.rml
2025-02-10 19:23:38,884 - INFO - Completed: 5, remaining: 55, RAYPy_Simulation_bessy2hi_56m_PGM_2Perc_coupling_errors_on_fac5_FLUX/round_8/34_bessy2hi_56m_PGM_2Perc_coupling_errors_on_fac5_FLUX.rml
2025-02-10 19:23:39,047 - INFO - Completed: 6, remaining: 54, RAYPy_Simulation_bessy2hi_56m_PGM_2Perc_coupling_errors_on_fac5_FLUX/round_8/36_bessy2hi_56m_PGM_2Perc_coupling_errors_on_fac5_FLUX.rml
2025-02-10 19:23:39,159 - INFO - Completed: 7, remaining: 53, RAYPy_Simulation_bessy2hi_56m_PGM_2Perc_coupling_errors_on_fac5_FLUX/round_8/38_bessy2hi_56m_PGM_2Perc_coupling_errors_on_fac5_FLUX.rml
2025-02-10 19:23:39,241 - INFO - Completed: 8, remaining: 52, RAYPy_Simulation_bessy2hi_56m_PGM_2Perc_coupling_errors_on_fac5_FLUX/round_9/1_bessy2hi_56m_PGM_2Perc_coupling_errors_on_fac5_FLUX.rml
2025-02-10 19:23:40,107 - INFO - Completed: 9, remaining: 51, RAYPy_Simulation_bessy2hi_56m_PGM_2Perc_coupling_errors_on_fac5_FLUX/round_8/39_bessy2hi_56m_PGM_2Perc_coupling_errors_on_fac5_FLUX.rml
2025-02-10 19:23:40,383 - INFO - Completed: 10, remaining: 50, RAYPy_Simulation_bessy2hi_56m_PGM_2Perc_coupling_errors_on_fac5_FLUX/round_8/33_bessy2hi_56m_PGM_2Perc_coupling_errors_on_fac5_FLUX.rml
2025-02-10 19:23:40,400 - INFO - Completed: 11, remaining: 49, RAYPy_Simulation_bessy2hi_56m_PGM_2Perc_coupling_errors_on_fac5_FLUX/round_9/0_bessy2hi_56m_PGM_2Perc_coupling_errors_on_fac5_FLUX.rml
2025-02-10 19:23:53,846 - INFO - Completed: 12, remaining: 48, RAYPy_Simulation_bessy2hi_56m_PGM_2Perc_coupling_errors_on_fac5_FLUX/round_9/2_bessy2hi_56m_PGM_2Perc_coupling_errors_on_fac5_FLUX.rml
2025-02-10 19:23:54,127 - INFO - Completed: 13, remaining: 47, RAYPy_Simulation_bessy2hi_56m_PGM_2Perc_coupling_errors_on_fac5_FLUX/round_9/3_bessy2hi_56m_PGM_2Perc_coupling_errors_on_fac5_FLUX.rml
2025-02-10 19:23:54,720 - INFO - Completed: 14, remaining: 46, RAYPy_Simulation_bessy2hi_56m_PGM_2Perc_coupling_errors_on_fac5_FLUX/round_9/5_bessy2hi_56m_PGM_2Perc_coupling_errors_on_fac5_FLUX.rml
2025-02-10 19:23:54,796 - INFO - Completed: 15, remaining: 45, RAYPy_Simulation_bessy2hi_56m_PGM_2Perc_coupling_errors_on_fac5_FLUX/round_9/4_bessy2hi_56m_PGM_2Perc_coupling_errors_on_fac5_FLUX.rml
2025-02-10 19:23:54,919 - INFO - Completed: 16, remaining: 44, RAYPy_Simulation_bessy2hi_56m_PGM_2Perc_coupling_errors_on_fac5_FLUX/round_9/7_bessy2hi_56m_PGM_2Perc_coupling_errors_on_fac5_FLUX.rml
2025-02-10 19:23:55,082 - INFO - Completed: 17, remaining: 43, RAYPy_Simulation_bessy2hi_56m_PGM_2Perc_coupling_errors_on_fac5_FLUX/round_9/8_bessy2hi_56m_PGM_2Perc_coupling_errors_on_fac5_FLUX.rml
2025-02-10 19:23:55,229 - INFO - Completed: 18, remaining: 42, RAYPy_Simulation_bessy2hi_56m_PGM_2Perc_coupling_errors_on_fac5_FLUX/round_9/9_bessy2hi_56m_PGM_2Perc_coupling_errors_on_fac5_FLUX.rml
2025-02-10 19:23:55,997 - INFO - Completed: 19, remaining: 41, RAYPy_Simulation_bessy2hi_56m_PGM_2Perc_coupling_errors_on_fac5_FLUX/round_9/10_bessy2hi_56m_PGM_2Perc_coupling_errors_on_fac5_FLUX.rml
2025-02-10 19:23:56,180 - INFO - Completed: 20, remaining: 40, RAYPy_Simulation_bessy2hi_56m_PGM_2Perc_coupling_errors_on_fac5_FLUX/round_9/12_bessy2hi_56m_PGM_2Perc_coupling_errors_on_fac5_FLUX.rml
2025-02-10 19:23:56,588 - INFO - Completed: 21, remaining: 39, RAYPy_Simulation_bessy2hi_56m_PGM_2Perc_coupling_errors_on_fac5_FLUX/round_9/6_bessy2hi_56m_PGM_2Perc_coupling_errors_on_fac5_FLUX.rml
2025-02-10 19:23:56,772 - INFO - Completed: 22, remaining: 38, RAYPy_Simulation_bessy2hi_56m_PGM_2Perc_coupling_errors_on_fac5_FLUX/round_9/11_bessy2hi_56m_PGM_2Perc_coupling_errors_on_fac5_FLUX.rml
2025-02-10 19:24:08,981 - INFO - Completed: 23, remaining: 37, RAYPy_Simulation_bessy2hi_56m_PGM_2Perc_coupling_errors_on_fac5_FLUX/round_9/13_bessy2hi_56m_PGM_2Perc_coupling_errors_on_fac5_FLUX.rml
2025-02-10 19:24:09,284 - INFO - Completed: 24, remaining: 36, RAYPy_Simulation_bessy2hi_56m_PGM_2Perc_coupling_errors_on_fac5_FLUX/round_9/14_bessy2hi_56m_PGM_2Perc_coupling_errors_on_fac5_FLUX.rml
2025-02-10 19:24:10,845 - INFO - Completed: 25, remaining: 35, RAYPy_Simulation_bessy2hi_56m_PGM_2Perc_coupling_errors_on_fac5_FLUX/round_9/16_bessy2hi_56m_PGM_2Perc_coupling_errors_on_fac5_FLUX.rml
2025-02-10 19:24:11,118 - INFO - Completed: 26, remaining: 34, RAYPy_Simulation_bessy2hi_56m_PGM_2Perc_coupling_errors_on_fac5_FLUX/round_9/15_bessy2hi_56m_PGM_2Perc_coupling_errors_on_fac5_FLUX.rml
2025-02-10 19:24:11,138 - INFO - Completed: 27, remaining: 33, RAYPy_Simulation_bessy2hi_56m_PGM_2Perc_coupling_errors_on_fac5_FLUX/round_9/17_bessy2hi_56m_PGM_2Perc_coupling_errors_on_fac5_FLUX.rml
2025-02-10 19:24:11,315 - INFO - Completed: 28, remaining: 32, RAYPy_Simulation_bessy2hi_56m_PGM_2Perc_coupling_errors_on_fac5_FLUX/round_9/18_bessy2hi_56m_PGM_2Perc_coupling_errors_on_fac5_FLUX.rml
2025-02-10 19:24:11,445 - INFO - Completed: 29, remaining: 31, RAYPy_Simulation_bessy2hi_56m_PGM_2Perc_coupling_errors_on_fac5_FLUX/round_9/19_bessy2hi_56m_PGM_2Perc_coupling_errors_on_fac5_FLUX.rml
2025-02-10 19:24:12,100 - INFO - Completed: 30, remaining: 30, RAYPy_Simulation_bessy2hi_56m_PGM_2Perc_coupling_errors_on_fac5_FLUX/round_9/20_bessy2hi_56m_PGM_2Perc_coupling_errors_on_fac5_FLUX.rml
2025-02-10 19:24:12,280 - INFO - Completed: 31, remaining: 29, RAYPy_Simulation_bessy2hi_56m_PGM_2Perc_coupling_errors_on_fac5_FLUX/round_9/21_bessy2hi_56m_PGM_2Perc_coupling_errors_on_fac5_FLUX.rml
2025-02-10 19:24:12,935 - INFO - Completed: 32, remaining: 28, RAYPy_Simulation_bessy2hi_56m_PGM_2Perc_coupling_errors_on_fac5_FLUX/round_9/22_bessy2hi_56m_PGM_2Perc_coupling_errors_on_fac5_FLUX.rml
2025-02-10 19:24:13,225 - INFO - Completed: 33, remaining: 27, RAYPy_Simulation_bessy2hi_56m_PGM_2Perc_coupling_errors_on_fac5_FLUX/round_9/23_bessy2hi_56m_PGM_2Perc_coupling_errors_on_fac5_FLUX.rml
2025-02-10 19:24:21,828 - INFO - Completed: 34, remaining: 26, RAYPy_Simulation_bessy2hi_56m_PGM_2Perc_coupling_errors_on_fac5_FLUX/round_9/24_bessy2hi_56m_PGM_2Perc_coupling_errors_on_fac5_FLUX.rml
2025-02-10 19:24:25,734 - INFO - Completed: 35, remaining: 25, RAYPy_Simulation_bessy2hi_56m_PGM_2Perc_coupling_errors_on_fac5_FLUX/round_9/25_bessy2hi_56m_PGM_2Perc_coupling_errors_on_fac5_FLUX.rml
2025-02-10 19:24:27,333 - INFO - Completed: 36, remaining: 24, RAYPy_Simulation_bessy2hi_56m_PGM_2Perc_coupling_errors_on_fac5_FLUX/round_9/26_bessy2hi_56m_PGM_2Perc_coupling_errors_on_fac5_FLUX.rml
2025-02-10 19:24:27,502 - INFO - Completed: 37, remaining: 23, RAYPy_Simulation_bessy2hi_56m_PGM_2Perc_coupling_errors_on_fac5_FLUX/round_9/29_bessy2hi_56m_PGM_2Perc_coupling_errors_on_fac5_FLUX.rml
2025-02-10 19:24:27,516 - INFO - Completed: 38, remaining: 22, RAYPy_Simulation_bessy2hi_56m_PGM_2Perc_coupling_errors_on_fac5_FLUX/round_9/27_bessy2hi_56m_PGM_2Perc_coupling_errors_on_fac5_FLUX.rml
2025-02-10 19:24:27,551 - INFO - Completed: 39, remaining: 21, RAYPy_Simulation_bessy2hi_56m_PGM_2Perc_coupling_errors_on_fac5_FLUX/round_9/28_bessy2hi_56m_PGM_2Perc_coupling_errors_on_fac5_FLUX.rml
2025-02-10 19:24:28,041 - INFO - Completed: 40, remaining: 20, RAYPy_Simulation_bessy2hi_56m_PGM_2Perc_coupling_errors_on_fac5_FLUX/round_9/30_bessy2hi_56m_PGM_2Perc_coupling_errors_on_fac5_FLUX.rml
2025-02-10 19:24:28,688 - INFO - Completed: 41, remaining: 19, RAYPy_Simulation_bessy2hi_56m_PGM_2Perc_coupling_errors_on_fac5_FLUX/round_9/31_bessy2hi_56m_PGM_2Perc_coupling_errors_on_fac5_FLUX.rml
2025-02-10 19:24:28,800 - INFO - Completed: 42, remaining: 18, RAYPy_Simulation_bessy2hi_56m_PGM_2Perc_coupling_errors_on_fac5_FLUX/round_9/33_bessy2hi_56m_PGM_2Perc_coupling_errors_on_fac5_FLUX.rml
2025-02-10 19:24:28,853 - INFO - Completed: 43, remaining: 17, RAYPy_Simulation_bessy2hi_56m_PGM_2Perc_coupling_errors_on_fac5_FLUX/round_9/34_bessy2hi_56m_PGM_2Perc_coupling_errors_on_fac5_FLUX.rml
2025-02-10 19:24:29,002 - INFO - Completed: 44, remaining: 16, RAYPy_Simulation_bessy2hi_56m_PGM_2Perc_coupling_errors_on_fac5_FLUX/round_9/32_bessy2hi_56m_PGM_2Perc_coupling_errors_on_fac5_FLUX.rml
2025-02-10 19:24:31,255 - INFO - Completed: 45, remaining: 15, RAYPy_Simulation_bessy2hi_56m_PGM_2Perc_coupling_errors_on_fac5_FLUX/round_9/35_bessy2hi_56m_PGM_2Perc_coupling_errors_on_fac5_FLUX.rml
2025-02-10 19:24:36,310 - INFO - Completed: 46, remaining: 14, RAYPy_Simulation_bessy2hi_56m_PGM_2Perc_coupling_errors_on_fac5_FLUX/round_9/40_bessy2hi_56m_PGM_2Perc_coupling_errors_on_fac5_FLUX.rml
2025-02-10 19:24:36,786 - INFO - Completed: 47, remaining: 13, RAYPy_Simulation_bessy2hi_56m_PGM_2Perc_coupling_errors_on_fac5_FLUX/round_9/39_bessy2hi_56m_PGM_2Perc_coupling_errors_on_fac5_FLUX.rml
2025-02-10 19:24:36,921 - INFO - Completed: 48, remaining: 12, RAYPy_Simulation_bessy2hi_56m_PGM_2Perc_coupling_errors_on_fac5_FLUX/round_9/38_bessy2hi_56m_PGM_2Perc_coupling_errors_on_fac5_FLUX.rml
2025-02-10 19:24:36,966 - INFO - Completed: 49, remaining: 11, RAYPy_Simulation_bessy2hi_56m_PGM_2Perc_coupling_errors_on_fac5_FLUX/round_9/37_bessy2hi_56m_PGM_2Perc_coupling_errors_on_fac5_FLUX.rml
2025-02-10 19:24:37,248 - INFO - Completed: 50, remaining: 10, RAYPy_Simulation_bessy2hi_56m_PGM_2Perc_coupling_errors_on_fac5_FLUX/round_9/36_bessy2hi_56m_PGM_2Perc_coupling_errors_on_fac5_FLUX.rml
2025-02-10 19:24:37,248 - INFO - Batch Completed
2025-02-10 19:24:37,248 - INFO - Waiting For batch, 60 simulations to go
2025-02-10 19:24:37,249 - INFO - Remaning Simulations 0, stop the simulations loop
2025-02-10 19:24:37,249 - INFO - Checking that all simulations are completed before stopping the ProcessPoolExecutor
2025-02-10 19:24:37,483 - INFO - This simulation is missing: round 6, number 3
2025-02-10 19:24:37,638 - INFO - Executor shutdown completed.
2025-02-10 19:24:37,639 - INFO - Finish missing simulations
2025-02-10 19:24:37,640 - INFO - Start round 0
2025-02-10 19:24:37,691 - INFO - Start round 1
2025-02-10 19:24:37,714 - INFO - Waiting for batch number: 7, timeout: 97.9467372597038s
2025-02-10 19:24:37,714 - INFO - Batch Completed
2025-02-10 19:24:37,714 - INFO - Waiting For batch, 60 simulations to go
2025-02-10 19:24:37,736 - INFO - Start round 2
2025-02-10 19:24:37,778 - INFO - Waiting for batch number: 8, timeout: 97.9467372597038s
2025-02-10 19:24:37,778 - INFO - Batch Completed
2025-02-10 19:24:37,779 - INFO - Waiting For batch, 60 simulations to go
2025-02-10 19:24:37,781 - INFO - Start round 3
2025-02-10 19:24:37,822 - INFO - Start round 4
2025-02-10 19:24:37,836 - INFO - Waiting for batch number: 9, timeout: 97.9467372597038s
2025-02-10 19:24:37,836 - INFO - Batch Completed
2025-02-10 19:24:37,836 - INFO - Waiting For batch, 60 simulations to go
2025-02-10 19:24:37,865 - INFO - Start round 5
2025-02-10 19:24:37,902 - INFO - Waiting for batch number: 10, timeout: 97.9467372597038s
2025-02-10 19:24:37,902 - INFO - Batch Completed
2025-02-10 19:24:37,902 - INFO - Waiting For batch, 60 simulations to go
2025-02-10 19:24:37,907 - INFO - Start round 6
2025-02-10 19:24:37,917 - INFO - Prepared sim number: 3: RAYPy_Simulation_bessy2hi_56m_PGM_2Perc_coupling_errors_on_fac5_FLUX/round_6/3_bessy2hi_56m_PGM_2Perc_coupling_errors_on_fac5_FLUX.rml
2025-02-10 19:24:37,949 - INFO - Start round 7
2025-02-10 19:24:37,990 - INFO - Waiting for batch number: 11, timeout: 97.9467372597038s
2025-02-10 19:24:42,906 - INFO - Completed: 1, remaining: 59, RAYPy_Simulation_bessy2hi_56m_PGM_2Perc_coupling_errors_on_fac5_FLUX/round_6/3_bessy2hi_56m_PGM_2Perc_coupling_errors_on_fac5_FLUX.rml
2025-02-10 19:24:42,907 - INFO - Batch Completed
2025-02-10 19:24:42,907 - INFO - Waiting For batch, 60 simulations to go
2025-02-10 19:24:42,937 - INFO - Start round 8
2025-02-10 19:24:42,970 - INFO - Waiting for batch number: 12, timeout: 29.489655017852783s
2025-02-10 19:24:42,970 - INFO - Batch Completed
2025-02-10 19:24:42,970 - INFO - Waiting For batch, 60 simulations to go
2025-02-10 19:24:42,979 - INFO - Start round 9
2025-02-10 19:24:43,027 - INFO - Waiting for batch number: 13, timeout: 29.489655017852783s
2025-02-10 19:24:43,027 - INFO - Batch Completed
2025-02-10 19:24:43,027 - INFO - Waiting For batch, 60 simulations to go
2025-02-10 19:24:43,027 - INFO - Remaning Simulations 0, stop the simulations loop
2025-02-10 19:24:43,028 - INFO - Checking that all simulations are completed before stopping the ProcessPoolExecutor
2025-02-10 19:24:43,397 - INFO - Executor shutdown completed.
2025-02-10 19:24:43,406 - INFO - Simulation completed successfully.
2025-02-10 19:24:43,406 - INFO - Starting cleanup
2025-02-10 19:24:47,228 - INFO - Done with the cleanup
2025-02-10 19:24:47,228 - INFO - Create Pandas Recap Files
2025-02-10 19:24:47,265 - INFO - End of the Simulations
