2025-02-08 01:28:46,812 - INFO - Simulation started, using 12 workers
2025-02-08 01:28:46,816 - INFO - Start round 0
2025-02-08 01:28:46,838 - INFO - Prepared sim number: 0: RAYPy_Simulation_bessy3_56m_PGM_2Perc_coupling_errors_off_RP/round_0/0_bessy3_56m_PGM_2Perc_coupling_errors_off_RP.rml
2025-02-08 01:28:46,852 - INFO - Prepared sim number: 1: RAYPy_Simulation_bessy3_56m_PGM_2Perc_coupling_errors_off_RP/round_0/1_bessy3_56m_PGM_2Perc_coupling_errors_off_RP.rml
2025-02-08 01:28:46,869 - INFO - Prepared sim number: 2: RAYPy_Simulation_bessy3_56m_PGM_2Perc_coupling_errors_off_RP/round_0/2_bessy3_56m_PGM_2Perc_coupling_errors_off_RP.rml
2025-02-08 01:28:46,880 - INFO - Prepared sim number: 3: RAYPy_Simulation_bessy3_56m_PGM_2Perc_coupling_errors_off_RP/round_0/3_bessy3_56m_PGM_2Perc_coupling_errors_off_RP.rml
2025-02-08 01:28:46,894 - INFO - Prepared sim number: 4: RAYPy_Simulation_bessy3_56m_PGM_2Perc_coupling_errors_off_RP/round_0/4_bessy3_56m_PGM_2Perc_coupling_errors_off_RP.rml
2025-02-08 01:28:46,906 - INFO - Prepared sim number: 5: RAYPy_Simulation_bessy3_56m_PGM_2Perc_coupling_errors_off_RP/round_0/5_bessy3_56m_PGM_2Perc_coupling_errors_off_RP.rml
2025-02-08 01:28:46,917 - INFO - Prepared sim number: 6: RAYPy_Simulation_bessy3_56m_PGM_2Perc_coupling_errors_off_RP/round_0/6_bessy3_56m_PGM_2Perc_coupling_errors_off_RP.rml
2025-02-08 01:28:46,929 - INFO - Prepared sim number: 7: RAYPy_Simulation_bessy3_56m_PGM_2Perc_coupling_errors_off_RP/round_0/7_bessy3_56m_PGM_2Perc_coupling_errors_off_RP.rml
2025-02-08 01:28:46,939 - INFO - Prepared sim number: 8: RAYPy_Simulation_bessy3_56m_PGM_2Perc_coupling_errors_off_RP/round_0/8_bessy3_56m_PGM_2Perc_coupling_errors_off_RP.rml
2025-02-08 01:28:46,949 - INFO - Prepared sim number: 9: RAYPy_Simulation_bessy3_56m_PGM_2Perc_coupling_errors_off_RP/round_0/9_bessy3_56m_PGM_2Perc_coupling_errors_off_RP.rml
2025-02-08 01:28:46,958 - INFO - Prepared sim number: 10: RAYPy_Simulation_bessy3_56m_PGM_2Perc_coupling_errors_off_RP/round_0/10_bessy3_56m_PGM_2Perc_coupling_errors_off_RP.rml
2025-02-08 01:28:46,967 - INFO - Prepared sim number: 11: RAYPy_Simulation_bessy3_56m_PGM_2Perc_coupling_errors_off_RP/round_0/11_bessy3_56m_PGM_2Perc_coupling_errors_off_RP.rml
2025-02-08 01:28:46,977 - INFO - Prepared sim number: 12: RAYPy_Simulation_bessy3_56m_PGM_2Perc_coupling_errors_off_RP/round_0/12_bessy3_56m_PGM_2Perc_coupling_errors_off_RP.rml
2025-02-08 01:28:46,986 - INFO - Prepared sim number: 13: RAYPy_Simulation_bessy3_56m_PGM_2Perc_coupling_errors_off_RP/round_0/13_bessy3_56m_PGM_2Perc_coupling_errors_off_RP.rml
2025-02-08 01:28:46,995 - INFO - Prepared sim number: 14: RAYPy_Simulation_bessy3_56m_PGM_2Perc_coupling_errors_off_RP/round_0/14_bessy3_56m_PGM_2Perc_coupling_errors_off_RP.rml
2025-02-08 01:28:47,005 - INFO - Prepared sim number: 15: RAYPy_Simulation_bessy3_56m_PGM_2Perc_coupling_errors_off_RP/round_0/15_bessy3_56m_PGM_2Perc_coupling_errors_off_RP.rml
2025-02-08 01:28:47,015 - INFO - Prepared sim number: 16: RAYPy_Simulation_bessy3_56m_PGM_2Perc_coupling_errors_off_RP/round_0/16_bessy3_56m_PGM_2Perc_coupling_errors_off_RP.rml
2025-02-08 01:28:47,025 - INFO - Prepared sim number: 17: RAYPy_Simulation_bessy3_56m_PGM_2Perc_coupling_errors_off_RP/round_0/17_bessy3_56m_PGM_2Perc_coupling_errors_off_RP.rml
2025-02-08 01:28:47,034 - INFO - Prepared sim number: 18: RAYPy_Simulation_bessy3_56m_PGM_2Perc_coupling_errors_off_RP/round_0/18_bessy3_56m_PGM_2Perc_coupling_errors_off_RP.rml
2025-02-08 01:28:47,043 - INFO - Prepared sim number: 19: RAYPy_Simulation_bessy3_56m_PGM_2Perc_coupling_errors_off_RP/round_0/19_bessy3_56m_PGM_2Perc_coupling_errors_off_RP.rml
2025-02-08 01:28:47,052 - INFO - Prepared sim number: 20: RAYPy_Simulation_bessy3_56m_PGM_2Perc_coupling_errors_off_RP/round_0/20_bessy3_56m_PGM_2Perc_coupling_errors_off_RP.rml
2025-02-08 01:28:47,064 - INFO - Prepared sim number: 21: RAYPy_Simulation_bessy3_56m_PGM_2Perc_coupling_errors_off_RP/round_0/21_bessy3_56m_PGM_2Perc_coupling_errors_off_RP.rml
2025-02-08 01:28:47,075 - INFO - Prepared sim number: 22: RAYPy_Simulation_bessy3_56m_PGM_2Perc_coupling_errors_off_RP/round_0/22_bessy3_56m_PGM_2Perc_coupling_errors_off_RP.rml
2025-02-08 01:28:47,085 - INFO - Prepared sim number: 23: RAYPy_Simulation_bessy3_56m_PGM_2Perc_coupling_errors_off_RP/round_0/23_bessy3_56m_PGM_2Perc_coupling_errors_off_RP.rml
2025-02-08 01:28:47,095 - INFO - Prepared sim number: 24: RAYPy_Simulation_bessy3_56m_PGM_2Perc_coupling_errors_off_RP/round_0/24_bessy3_56m_PGM_2Perc_coupling_errors_off_RP.rml
2025-02-08 01:28:47,106 - INFO - Prepared sim number: 25: RAYPy_Simulation_bessy3_56m_PGM_2Perc_coupling_errors_off_RP/round_0/25_bessy3_56m_PGM_2Perc_coupling_errors_off_RP.rml
2025-02-08 01:28:47,116 - INFO - Prepared sim number: 26: RAYPy_Simulation_bessy3_56m_PGM_2Perc_coupling_errors_off_RP/round_0/26_bessy3_56m_PGM_2Perc_coupling_errors_off_RP.rml
2025-02-08 01:28:47,126 - INFO - Prepared sim number: 27: RAYPy_Simulation_bessy3_56m_PGM_2Perc_coupling_errors_off_RP/round_0/27_bessy3_56m_PGM_2Perc_coupling_errors_off_RP.rml
2025-02-08 01:28:47,137 - INFO - Prepared sim number: 28: RAYPy_Simulation_bessy3_56m_PGM_2Perc_coupling_errors_off_RP/round_0/28_bessy3_56m_PGM_2Perc_coupling_errors_off_RP.rml
2025-02-08 01:28:47,147 - INFO - Prepared sim number: 29: RAYPy_Simulation_bessy3_56m_PGM_2Perc_coupling_errors_off_RP/round_0/29_bessy3_56m_PGM_2Perc_coupling_errors_off_RP.rml
2025-02-08 01:28:47,158 - INFO - Prepared sim number: 30: RAYPy_Simulation_bessy3_56m_PGM_2Perc_coupling_errors_off_RP/round_0/30_bessy3_56m_PGM_2Perc_coupling_errors_off_RP.rml
2025-02-08 01:28:47,171 - INFO - Prepared sim number: 31: RAYPy_Simulation_bessy3_56m_PGM_2Perc_coupling_errors_off_RP/round_0/31_bessy3_56m_PGM_2Perc_coupling_errors_off_RP.rml
2025-02-08 01:28:47,183 - INFO - Prepared sim number: 32: RAYPy_Simulation_bessy3_56m_PGM_2Perc_coupling_errors_off_RP/round_0/32_bessy3_56m_PGM_2Perc_coupling_errors_off_RP.rml
2025-02-08 01:28:47,195 - INFO - Prepared sim number: 33: RAYPy_Simulation_bessy3_56m_PGM_2Perc_coupling_errors_off_RP/round_0/33_bessy3_56m_PGM_2Perc_coupling_errors_off_RP.rml
2025-02-08 01:28:47,206 - INFO - Prepared sim number: 34: RAYPy_Simulation_bessy3_56m_PGM_2Perc_coupling_errors_off_RP/round_0/34_bessy3_56m_PGM_2Perc_coupling_errors_off_RP.rml
2025-02-08 01:28:47,217 - INFO - Prepared sim number: 35: RAYPy_Simulation_bessy3_56m_PGM_2Perc_coupling_errors_off_RP/round_0/35_bessy3_56m_PGM_2Perc_coupling_errors_off_RP.rml
2025-02-08 01:28:47,227 - INFO - Prepared sim number: 36: RAYPy_Simulation_bessy3_56m_PGM_2Perc_coupling_errors_off_RP/round_0/36_bessy3_56m_PGM_2Perc_coupling_errors_off_RP.rml
2025-02-08 01:28:47,237 - INFO - Prepared sim number: 37: RAYPy_Simulation_bessy3_56m_PGM_2Perc_coupling_errors_off_RP/round_0/37_bessy3_56m_PGM_2Perc_coupling_errors_off_RP.rml
2025-02-08 01:28:47,245 - INFO - Prepared sim number: 38: RAYPy_Simulation_bessy3_56m_PGM_2Perc_coupling_errors_off_RP/round_0/38_bessy3_56m_PGM_2Perc_coupling_errors_off_RP.rml
2025-02-08 01:28:47,254 - INFO - Prepared sim number: 39: RAYPy_Simulation_bessy3_56m_PGM_2Perc_coupling_errors_off_RP/round_0/39_bessy3_56m_PGM_2Perc_coupling_errors_off_RP.rml
2025-02-08 01:28:47,263 - INFO - Prepared sim number: 40: RAYPy_Simulation_bessy3_56m_PGM_2Perc_coupling_errors_off_RP/round_0/40_bessy3_56m_PGM_2Perc_coupling_errors_off_RP.rml
2025-02-08 01:28:47,274 - INFO - Prepared sim number: 41: RAYPy_Simulation_bessy3_56m_PGM_2Perc_coupling_errors_off_RP/round_0/41_bessy3_56m_PGM_2Perc_coupling_errors_off_RP.rml
2025-02-08 01:28:47,283 - INFO - Prepared sim number: 42: RAYPy_Simulation_bessy3_56m_PGM_2Perc_coupling_errors_off_RP/round_0/42_bessy3_56m_PGM_2Perc_coupling_errors_off_RP.rml
2025-02-08 01:28:47,293 - INFO - Prepared sim number: 43: RAYPy_Simulation_bessy3_56m_PGM_2Perc_coupling_errors_off_RP/round_0/43_bessy3_56m_PGM_2Perc_coupling_errors_off_RP.rml
2025-02-08 01:28:47,303 - INFO - Prepared sim number: 44: RAYPy_Simulation_bessy3_56m_PGM_2Perc_coupling_errors_off_RP/round_0/44_bessy3_56m_PGM_2Perc_coupling_errors_off_RP.rml
2025-02-08 01:28:47,313 - INFO - Prepared sim number: 45: RAYPy_Simulation_bessy3_56m_PGM_2Perc_coupling_errors_off_RP/round_0/45_bessy3_56m_PGM_2Perc_coupling_errors_off_RP.rml
2025-02-08 01:28:47,323 - INFO - Prepared sim number: 46: RAYPy_Simulation_bessy3_56m_PGM_2Perc_coupling_errors_off_RP/round_0/46_bessy3_56m_PGM_2Perc_coupling_errors_off_RP.rml
2025-02-08 01:28:47,332 - INFO - Prepared sim number: 47: RAYPy_Simulation_bessy3_56m_PGM_2Perc_coupling_errors_off_RP/round_0/47_bessy3_56m_PGM_2Perc_coupling_errors_off_RP.rml
2025-02-08 01:28:47,341 - INFO - Prepared sim number: 48: RAYPy_Simulation_bessy3_56m_PGM_2Perc_coupling_errors_off_RP/round_0/48_bessy3_56m_PGM_2Perc_coupling_errors_off_RP.rml
2025-02-08 01:28:47,350 - INFO - Prepared sim number: 49: RAYPy_Simulation_bessy3_56m_PGM_2Perc_coupling_errors_off_RP/round_0/49_bessy3_56m_PGM_2Perc_coupling_errors_off_RP.rml
2025-02-08 01:28:47,359 - INFO - Prepared sim number: 50: RAYPy_Simulation_bessy3_56m_PGM_2Perc_coupling_errors_off_RP/round_0/50_bessy3_56m_PGM_2Perc_coupling_errors_off_RP.rml
2025-02-08 01:28:47,368 - INFO - Prepared sim number: 51: RAYPy_Simulation_bessy3_56m_PGM_2Perc_coupling_errors_off_RP/round_0/51_bessy3_56m_PGM_2Perc_coupling_errors_off_RP.rml
2025-02-08 01:28:47,377 - INFO - Prepared sim number: 52: RAYPy_Simulation_bessy3_56m_PGM_2Perc_coupling_errors_off_RP/round_0/52_bessy3_56m_PGM_2Perc_coupling_errors_off_RP.rml
2025-02-08 01:28:47,387 - INFO - Prepared sim number: 53: RAYPy_Simulation_bessy3_56m_PGM_2Perc_coupling_errors_off_RP/round_0/53_bessy3_56m_PGM_2Perc_coupling_errors_off_RP.rml
2025-02-08 01:28:47,398 - INFO - Prepared sim number: 54: RAYPy_Simulation_bessy3_56m_PGM_2Perc_coupling_errors_off_RP/round_0/54_bessy3_56m_PGM_2Perc_coupling_errors_off_RP.rml
2025-02-08 01:28:47,408 - INFO - Prepared sim number: 55: RAYPy_Simulation_bessy3_56m_PGM_2Perc_coupling_errors_off_RP/round_0/55_bessy3_56m_PGM_2Perc_coupling_errors_off_RP.rml
2025-02-08 01:28:47,419 - INFO - Prepared sim number: 56: RAYPy_Simulation_bessy3_56m_PGM_2Perc_coupling_errors_off_RP/round_0/56_bessy3_56m_PGM_2Perc_coupling_errors_off_RP.rml
2025-02-08 01:28:47,429 - INFO - Prepared sim number: 57: RAYPy_Simulation_bessy3_56m_PGM_2Perc_coupling_errors_off_RP/round_0/57_bessy3_56m_PGM_2Perc_coupling_errors_off_RP.rml
2025-02-08 01:28:47,440 - INFO - Prepared sim number: 58: RAYPy_Simulation_bessy3_56m_PGM_2Perc_coupling_errors_off_RP/round_0/58_bessy3_56m_PGM_2Perc_coupling_errors_off_RP.rml
2025-02-08 01:28:47,449 - INFO - Prepared sim number: 59: RAYPy_Simulation_bessy3_56m_PGM_2Perc_coupling_errors_off_RP/round_0/59_bessy3_56m_PGM_2Perc_coupling_errors_off_RP.rml
2025-02-08 01:28:47,465 - INFO - Waiting for batch number: 0, timeout: 60s
2025-02-08 01:28:49,934 - INFO - Completed: 1, remaining: 59, RAYPy_Simulation_bessy3_56m_PGM_2Perc_coupling_errors_off_RP/round_0/1_bessy3_56m_PGM_2Perc_coupling_errors_off_RP.rml
2025-02-08 01:28:49,997 - INFO - Completed: 2, remaining: 58, RAYPy_Simulation_bessy3_56m_PGM_2Perc_coupling_errors_off_RP/round_0/0_bessy3_56m_PGM_2Perc_coupling_errors_off_RP.rml
2025-02-08 01:28:50,076 - INFO - Completed: 3, remaining: 57, RAYPy_Simulation_bessy3_56m_PGM_2Perc_coupling_errors_off_RP/round_0/3_bessy3_56m_PGM_2Perc_coupling_errors_off_RP.rml
2025-02-08 01:28:50,122 - INFO - Completed: 4, remaining: 56, RAYPy_Simulation_bessy3_56m_PGM_2Perc_coupling_errors_off_RP/round_0/2_bessy3_56m_PGM_2Perc_coupling_errors_off_RP.rml
2025-02-08 01:28:50,182 - INFO - Completed: 5, remaining: 55, RAYPy_Simulation_bessy3_56m_PGM_2Perc_coupling_errors_off_RP/round_0/11_bessy3_56m_PGM_2Perc_coupling_errors_off_RP.rml
2025-02-08 01:28:50,201 - INFO - Completed: 6, remaining: 54, RAYPy_Simulation_bessy3_56m_PGM_2Perc_coupling_errors_off_RP/round_0/8_bessy3_56m_PGM_2Perc_coupling_errors_off_RP.rml
2025-02-08 01:28:50,353 - INFO - Completed: 7, remaining: 53, RAYPy_Simulation_bessy3_56m_PGM_2Perc_coupling_errors_off_RP/round_0/5_bessy3_56m_PGM_2Perc_coupling_errors_off_RP.rml
2025-02-08 01:28:53,020 - INFO - Completed: 8, remaining: 52, RAYPy_Simulation_bessy3_56m_PGM_2Perc_coupling_errors_off_RP/round_0/4_bessy3_56m_PGM_2Perc_coupling_errors_off_RP.rml
2025-02-08 01:28:53,125 - INFO - Completed: 9, remaining: 51, RAYPy_Simulation_bessy3_56m_PGM_2Perc_coupling_errors_off_RP/round_0/6_bessy3_56m_PGM_2Perc_coupling_errors_off_RP.rml
2025-02-08 01:28:53,370 - INFO - Completed: 10, remaining: 50, RAYPy_Simulation_bessy3_56m_PGM_2Perc_coupling_errors_off_RP/round_0/7_bessy3_56m_PGM_2Perc_coupling_errors_off_RP.rml
2025-02-08 01:28:53,523 - INFO - Completed: 11, remaining: 49, RAYPy_Simulation_bessy3_56m_PGM_2Perc_coupling_errors_off_RP/round_0/10_bessy3_56m_PGM_2Perc_coupling_errors_off_RP.rml
2025-02-08 01:28:53,898 - INFO - Completed: 12, remaining: 48, RAYPy_Simulation_bessy3_56m_PGM_2Perc_coupling_errors_off_RP/round_0/9_bessy3_56m_PGM_2Perc_coupling_errors_off_RP.rml
2025-02-08 01:28:54,068 - INFO - Completed: 13, remaining: 47, RAYPy_Simulation_bessy3_56m_PGM_2Perc_coupling_errors_off_RP/round_0/13_bessy3_56m_PGM_2Perc_coupling_errors_off_RP.rml
2025-02-08 01:28:54,130 - INFO - Completed: 14, remaining: 46, RAYPy_Simulation_bessy3_56m_PGM_2Perc_coupling_errors_off_RP/round_0/12_bessy3_56m_PGM_2Perc_coupling_errors_off_RP.rml
2025-02-08 01:28:54,164 - INFO - Completed: 15, remaining: 45, RAYPy_Simulation_bessy3_56m_PGM_2Perc_coupling_errors_off_RP/round_0/14_bessy3_56m_PGM_2Perc_coupling_errors_off_RP.rml
2025-02-08 01:28:54,311 - INFO - Completed: 16, remaining: 44, RAYPy_Simulation_bessy3_56m_PGM_2Perc_coupling_errors_off_RP/round_0/17_bessy3_56m_PGM_2Perc_coupling_errors_off_RP.rml
2025-02-08 01:28:54,447 - INFO - Completed: 17, remaining: 43, RAYPy_Simulation_bessy3_56m_PGM_2Perc_coupling_errors_off_RP/round_0/18_bessy3_56m_PGM_2Perc_coupling_errors_off_RP.rml
2025-02-08 01:28:54,552 - INFO - Completed: 18, remaining: 42, RAYPy_Simulation_bessy3_56m_PGM_2Perc_coupling_errors_off_RP/round_0/16_bessy3_56m_PGM_2Perc_coupling_errors_off_RP.rml
2025-02-08 01:28:54,918 - INFO - Completed: 19, remaining: 41, RAYPy_Simulation_bessy3_56m_PGM_2Perc_coupling_errors_off_RP/round_0/15_bessy3_56m_PGM_2Perc_coupling_errors_off_RP.rml
2025-02-08 01:28:56,717 - INFO - Completed: 20, remaining: 40, RAYPy_Simulation_bessy3_56m_PGM_2Perc_coupling_errors_off_RP/round_0/19_bessy3_56m_PGM_2Perc_coupling_errors_off_RP.rml
2025-02-08 01:28:56,950 - INFO - Completed: 21, remaining: 39, RAYPy_Simulation_bessy3_56m_PGM_2Perc_coupling_errors_off_RP/round_0/20_bessy3_56m_PGM_2Perc_coupling_errors_off_RP.rml
2025-02-08 01:28:57,058 - INFO - Completed: 22, remaining: 38, RAYPy_Simulation_bessy3_56m_PGM_2Perc_coupling_errors_off_RP/round_0/21_bessy3_56m_PGM_2Perc_coupling_errors_off_RP.rml
2025-02-08 01:28:57,082 - INFO - Completed: 23, remaining: 37, RAYPy_Simulation_bessy3_56m_PGM_2Perc_coupling_errors_off_RP/round_0/22_bessy3_56m_PGM_2Perc_coupling_errors_off_RP.rml
2025-02-08 01:28:57,572 - INFO - Completed: 24, remaining: 36, RAYPy_Simulation_bessy3_56m_PGM_2Perc_coupling_errors_off_RP/round_0/24_bessy3_56m_PGM_2Perc_coupling_errors_off_RP.rml
2025-02-08 01:28:57,636 - INFO - Completed: 25, remaining: 35, RAYPy_Simulation_bessy3_56m_PGM_2Perc_coupling_errors_off_RP/round_0/23_bessy3_56m_PGM_2Perc_coupling_errors_off_RP.rml
2025-02-08 01:28:57,721 - INFO - Completed: 26, remaining: 34, RAYPy_Simulation_bessy3_56m_PGM_2Perc_coupling_errors_off_RP/round_0/25_bessy3_56m_PGM_2Perc_coupling_errors_off_RP.rml
2025-02-08 01:28:57,790 - INFO - Completed: 27, remaining: 33, RAYPy_Simulation_bessy3_56m_PGM_2Perc_coupling_errors_off_RP/round_0/26_bessy3_56m_PGM_2Perc_coupling_errors_off_RP.rml
2025-02-08 01:28:58,247 - INFO - Completed: 28, remaining: 32, RAYPy_Simulation_bessy3_56m_PGM_2Perc_coupling_errors_off_RP/round_0/29_bessy3_56m_PGM_2Perc_coupling_errors_off_RP.rml
2025-02-08 01:28:58,417 - INFO - Completed: 29, remaining: 31, RAYPy_Simulation_bessy3_56m_PGM_2Perc_coupling_errors_off_RP/round_0/28_bessy3_56m_PGM_2Perc_coupling_errors_off_RP.rml
2025-02-08 01:28:58,431 - INFO - Completed: 30, remaining: 30, RAYPy_Simulation_bessy3_56m_PGM_2Perc_coupling_errors_off_RP/round_0/30_bessy3_56m_PGM_2Perc_coupling_errors_off_RP.rml
2025-02-08 01:28:58,861 - INFO - Completed: 31, remaining: 29, RAYPy_Simulation_bessy3_56m_PGM_2Perc_coupling_errors_off_RP/round_0/27_bessy3_56m_PGM_2Perc_coupling_errors_off_RP.rml
2025-02-08 01:29:00,542 - INFO - Completed: 32, remaining: 28, RAYPy_Simulation_bessy3_56m_PGM_2Perc_coupling_errors_off_RP/round_0/32_bessy3_56m_PGM_2Perc_coupling_errors_off_RP.rml
2025-02-08 01:29:00,693 - INFO - Completed: 33, remaining: 27, RAYPy_Simulation_bessy3_56m_PGM_2Perc_coupling_errors_off_RP/round_0/33_bessy3_56m_PGM_2Perc_coupling_errors_off_RP.rml
2025-02-08 01:29:00,856 - INFO - Completed: 34, remaining: 26, RAYPy_Simulation_bessy3_56m_PGM_2Perc_coupling_errors_off_RP/round_0/34_bessy3_56m_PGM_2Perc_coupling_errors_off_RP.rml
2025-02-08 01:29:01,238 - INFO - Completed: 35, remaining: 25, RAYPy_Simulation_bessy3_56m_PGM_2Perc_coupling_errors_off_RP/round_0/31_bessy3_56m_PGM_2Perc_coupling_errors_off_RP.rml
2025-02-08 01:29:01,380 - INFO - Completed: 36, remaining: 24, RAYPy_Simulation_bessy3_56m_PGM_2Perc_coupling_errors_off_RP/round_0/35_bessy3_56m_PGM_2Perc_coupling_errors_off_RP.rml
2025-02-08 01:29:01,573 - INFO - Completed: 37, remaining: 23, RAYPy_Simulation_bessy3_56m_PGM_2Perc_coupling_errors_off_RP/round_0/36_bessy3_56m_PGM_2Perc_coupling_errors_off_RP.rml
2025-02-08 01:29:01,592 - INFO - Completed: 38, remaining: 22, RAYPy_Simulation_bessy3_56m_PGM_2Perc_coupling_errors_off_RP/round_0/38_bessy3_56m_PGM_2Perc_coupling_errors_off_RP.rml
2025-02-08 01:29:01,655 - INFO - Completed: 39, remaining: 21, RAYPy_Simulation_bessy3_56m_PGM_2Perc_coupling_errors_off_RP/round_0/41_bessy3_56m_PGM_2Perc_coupling_errors_off_RP.rml
2025-02-08 01:29:01,712 - INFO - Completed: 40, remaining: 20, RAYPy_Simulation_bessy3_56m_PGM_2Perc_coupling_errors_off_RP/round_0/37_bessy3_56m_PGM_2Perc_coupling_errors_off_RP.rml
2025-02-08 01:29:01,971 - INFO - Completed: 41, remaining: 19, RAYPy_Simulation_bessy3_56m_PGM_2Perc_coupling_errors_off_RP/round_0/39_bessy3_56m_PGM_2Perc_coupling_errors_off_RP.rml
2025-02-08 01:29:02,108 - INFO - Completed: 42, remaining: 18, RAYPy_Simulation_bessy3_56m_PGM_2Perc_coupling_errors_off_RP/round_0/40_bessy3_56m_PGM_2Perc_coupling_errors_off_RP.rml
2025-02-08 01:29:02,260 - INFO - Completed: 43, remaining: 17, RAYPy_Simulation_bessy3_56m_PGM_2Perc_coupling_errors_off_RP/round_0/42_bessy3_56m_PGM_2Perc_coupling_errors_off_RP.rml
2025-02-08 01:29:03,875 - INFO - Completed: 44, remaining: 16, RAYPy_Simulation_bessy3_56m_PGM_2Perc_coupling_errors_off_RP/round_0/44_bessy3_56m_PGM_2Perc_coupling_errors_off_RP.rml
2025-02-08 01:29:03,888 - INFO - Completed: 45, remaining: 15, RAYPy_Simulation_bessy3_56m_PGM_2Perc_coupling_errors_off_RP/round_0/43_bessy3_56m_PGM_2Perc_coupling_errors_off_RP.rml
2025-02-08 01:29:04,326 - INFO - Completed: 46, remaining: 14, RAYPy_Simulation_bessy3_56m_PGM_2Perc_coupling_errors_off_RP/round_0/45_bessy3_56m_PGM_2Perc_coupling_errors_off_RP.rml
2025-02-08 01:29:04,539 - INFO - Completed: 47, remaining: 13, RAYPy_Simulation_bessy3_56m_PGM_2Perc_coupling_errors_off_RP/round_0/46_bessy3_56m_PGM_2Perc_coupling_errors_off_RP.rml
2025-02-08 01:29:04,633 - INFO - Completed: 48, remaining: 12, RAYPy_Simulation_bessy3_56m_PGM_2Perc_coupling_errors_off_RP/round_0/47_bessy3_56m_PGM_2Perc_coupling_errors_off_RP.rml
2025-02-08 01:29:04,887 - INFO - Completed: 49, remaining: 11, RAYPy_Simulation_bessy3_56m_PGM_2Perc_coupling_errors_off_RP/round_0/48_bessy3_56m_PGM_2Perc_coupling_errors_off_RP.rml
2025-02-08 01:29:04,961 - INFO - Completed: 50, remaining: 10, RAYPy_Simulation_bessy3_56m_PGM_2Perc_coupling_errors_off_RP/round_0/51_bessy3_56m_PGM_2Perc_coupling_errors_off_RP.rml
2025-02-08 01:29:04,976 - INFO - Completed: 51, remaining: 9, RAYPy_Simulation_bessy3_56m_PGM_2Perc_coupling_errors_off_RP/round_0/50_bessy3_56m_PGM_2Perc_coupling_errors_off_RP.rml
2025-02-08 01:29:05,147 - INFO - Completed: 52, remaining: 8, RAYPy_Simulation_bessy3_56m_PGM_2Perc_coupling_errors_off_RP/round_0/49_bessy3_56m_PGM_2Perc_coupling_errors_off_RP.rml
2025-02-08 01:29:05,334 - INFO - Completed: 53, remaining: 7, RAYPy_Simulation_bessy3_56m_PGM_2Perc_coupling_errors_off_RP/round_0/52_bessy3_56m_PGM_2Perc_coupling_errors_off_RP.rml
2025-02-08 01:29:05,717 - INFO - Completed: 54, remaining: 6, RAYPy_Simulation_bessy3_56m_PGM_2Perc_coupling_errors_off_RP/round_0/53_bessy3_56m_PGM_2Perc_coupling_errors_off_RP.rml
2025-02-08 01:29:05,825 - INFO - Completed: 55, remaining: 5, RAYPy_Simulation_bessy3_56m_PGM_2Perc_coupling_errors_off_RP/round_0/54_bessy3_56m_PGM_2Perc_coupling_errors_off_RP.rml
2025-02-08 01:29:06,558 - INFO - Completed: 56, remaining: 4, RAYPy_Simulation_bessy3_56m_PGM_2Perc_coupling_errors_off_RP/round_0/56_bessy3_56m_PGM_2Perc_coupling_errors_off_RP.rml
2025-02-08 01:29:06,659 - INFO - Completed: 57, remaining: 3, RAYPy_Simulation_bessy3_56m_PGM_2Perc_coupling_errors_off_RP/round_0/55_bessy3_56m_PGM_2Perc_coupling_errors_off_RP.rml
2025-02-08 01:29:06,935 - INFO - Completed: 58, remaining: 2, RAYPy_Simulation_bessy3_56m_PGM_2Perc_coupling_errors_off_RP/round_0/57_bessy3_56m_PGM_2Perc_coupling_errors_off_RP.rml
2025-02-08 01:29:06,999 - INFO - Completed: 59, remaining: 1, RAYPy_Simulation_bessy3_56m_PGM_2Perc_coupling_errors_off_RP/round_0/58_bessy3_56m_PGM_2Perc_coupling_errors_off_RP.rml
2025-02-08 01:29:08,264 - INFO - Completed: 60, remaining: 0, RAYPy_Simulation_bessy3_56m_PGM_2Perc_coupling_errors_off_RP/round_0/59_bessy3_56m_PGM_2Perc_coupling_errors_off_RP.rml
2025-02-08 01:29:08,264 - INFO - Batch Completed
2025-02-08 01:29:08,264 - INFO - Waiting For batch, 60 simulations to go
2025-02-08 01:29:08,279 - INFO - Prepared sim number: 60: RAYPy_Simulation_bessy3_56m_PGM_2Perc_coupling_errors_off_RP/round_0/60_bessy3_56m_PGM_2Perc_coupling_errors_off_RP.rml
2025-02-08 01:29:08,295 - INFO - Prepared sim number: 61: RAYPy_Simulation_bessy3_56m_PGM_2Perc_coupling_errors_off_RP/round_0/61_bessy3_56m_PGM_2Perc_coupling_errors_off_RP.rml
2025-02-08 01:29:08,308 - INFO - Prepared sim number: 62: RAYPy_Simulation_bessy3_56m_PGM_2Perc_coupling_errors_off_RP/round_0/62_bessy3_56m_PGM_2Perc_coupling_errors_off_RP.rml
2025-02-08 01:29:08,324 - INFO - Prepared sim number: 63: RAYPy_Simulation_bessy3_56m_PGM_2Perc_coupling_errors_off_RP/round_0/63_bessy3_56m_PGM_2Perc_coupling_errors_off_RP.rml
2025-02-08 01:29:08,338 - INFO - Prepared sim number: 64: RAYPy_Simulation_bessy3_56m_PGM_2Perc_coupling_errors_off_RP/round_0/64_bessy3_56m_PGM_2Perc_coupling_errors_off_RP.rml
2025-02-08 01:29:08,352 - INFO - Prepared sim number: 65: RAYPy_Simulation_bessy3_56m_PGM_2Perc_coupling_errors_off_RP/round_0/65_bessy3_56m_PGM_2Perc_coupling_errors_off_RP.rml
2025-02-08 01:29:08,364 - INFO - Prepared sim number: 66: RAYPy_Simulation_bessy3_56m_PGM_2Perc_coupling_errors_off_RP/round_0/66_bessy3_56m_PGM_2Perc_coupling_errors_off_RP.rml
2025-02-08 01:29:08,375 - INFO - Prepared sim number: 67: RAYPy_Simulation_bessy3_56m_PGM_2Perc_coupling_errors_off_RP/round_0/67_bessy3_56m_PGM_2Perc_coupling_errors_off_RP.rml
2025-02-08 01:29:08,387 - INFO - Prepared sim number: 68: RAYPy_Simulation_bessy3_56m_PGM_2Perc_coupling_errors_off_RP/round_0/68_bessy3_56m_PGM_2Perc_coupling_errors_off_RP.rml
2025-02-08 01:29:08,399 - INFO - Prepared sim number: 69: RAYPy_Simulation_bessy3_56m_PGM_2Perc_coupling_errors_off_RP/round_0/69_bessy3_56m_PGM_2Perc_coupling_errors_off_RP.rml
2025-02-08 01:29:08,409 - INFO - Prepared sim number: 70: RAYPy_Simulation_bessy3_56m_PGM_2Perc_coupling_errors_off_RP/round_0/70_bessy3_56m_PGM_2Perc_coupling_errors_off_RP.rml
2025-02-08 01:29:08,422 - INFO - Prepared sim number: 71: RAYPy_Simulation_bessy3_56m_PGM_2Perc_coupling_errors_off_RP/round_0/71_bessy3_56m_PGM_2Perc_coupling_errors_off_RP.rml
2025-02-08 01:29:08,433 - INFO - Prepared sim number: 72: RAYPy_Simulation_bessy3_56m_PGM_2Perc_coupling_errors_off_RP/round_0/72_bessy3_56m_PGM_2Perc_coupling_errors_off_RP.rml
2025-02-08 01:29:08,443 - INFO - Prepared sim number: 73: RAYPy_Simulation_bessy3_56m_PGM_2Perc_coupling_errors_off_RP/round_0/73_bessy3_56m_PGM_2Perc_coupling_errors_off_RP.rml
2025-02-08 01:29:08,453 - INFO - Prepared sim number: 74: RAYPy_Simulation_bessy3_56m_PGM_2Perc_coupling_errors_off_RP/round_0/74_bessy3_56m_PGM_2Perc_coupling_errors_off_RP.rml
2025-02-08 01:29:08,464 - INFO - Prepared sim number: 75: RAYPy_Simulation_bessy3_56m_PGM_2Perc_coupling_errors_off_RP/round_0/75_bessy3_56m_PGM_2Perc_coupling_errors_off_RP.rml
2025-02-08 01:29:08,474 - INFO - Prepared sim number: 76: RAYPy_Simulation_bessy3_56m_PGM_2Perc_coupling_errors_off_RP/round_0/76_bessy3_56m_PGM_2Perc_coupling_errors_off_RP.rml
2025-02-08 01:29:08,485 - INFO - Prepared sim number: 77: RAYPy_Simulation_bessy3_56m_PGM_2Perc_coupling_errors_off_RP/round_0/77_bessy3_56m_PGM_2Perc_coupling_errors_off_RP.rml
2025-02-08 01:29:08,496 - INFO - Prepared sim number: 78: RAYPy_Simulation_bessy3_56m_PGM_2Perc_coupling_errors_off_RP/round_0/78_bessy3_56m_PGM_2Perc_coupling_errors_off_RP.rml
2025-02-08 01:29:08,506 - INFO - Prepared sim number: 79: RAYPy_Simulation_bessy3_56m_PGM_2Perc_coupling_errors_off_RP/round_0/79_bessy3_56m_PGM_2Perc_coupling_errors_off_RP.rml
2025-02-08 01:29:08,516 - INFO - Prepared sim number: 80: RAYPy_Simulation_bessy3_56m_PGM_2Perc_coupling_errors_off_RP/round_0/80_bessy3_56m_PGM_2Perc_coupling_errors_off_RP.rml
2025-02-08 01:29:08,526 - INFO - Prepared sim number: 81: RAYPy_Simulation_bessy3_56m_PGM_2Perc_coupling_errors_off_RP/round_0/81_bessy3_56m_PGM_2Perc_coupling_errors_off_RP.rml
2025-02-08 01:29:08,537 - INFO - Prepared sim number: 82: RAYPy_Simulation_bessy3_56m_PGM_2Perc_coupling_errors_off_RP/round_0/82_bessy3_56m_PGM_2Perc_coupling_errors_off_RP.rml
2025-02-08 01:29:08,547 - INFO - Prepared sim number: 83: RAYPy_Simulation_bessy3_56m_PGM_2Perc_coupling_errors_off_RP/round_0/83_bessy3_56m_PGM_2Perc_coupling_errors_off_RP.rml
2025-02-08 01:29:08,557 - INFO - Prepared sim number: 84: RAYPy_Simulation_bessy3_56m_PGM_2Perc_coupling_errors_off_RP/round_0/84_bessy3_56m_PGM_2Perc_coupling_errors_off_RP.rml
2025-02-08 01:29:08,567 - INFO - Prepared sim number: 85: RAYPy_Simulation_bessy3_56m_PGM_2Perc_coupling_errors_off_RP/round_0/85_bessy3_56m_PGM_2Perc_coupling_errors_off_RP.rml
2025-02-08 01:29:08,577 - INFO - Prepared sim number: 86: RAYPy_Simulation_bessy3_56m_PGM_2Perc_coupling_errors_off_RP/round_0/86_bessy3_56m_PGM_2Perc_coupling_errors_off_RP.rml
2025-02-08 01:29:08,587 - INFO - Prepared sim number: 87: RAYPy_Simulation_bessy3_56m_PGM_2Perc_coupling_errors_off_RP/round_0/87_bessy3_56m_PGM_2Perc_coupling_errors_off_RP.rml
2025-02-08 01:29:08,597 - INFO - Prepared sim number: 88: RAYPy_Simulation_bessy3_56m_PGM_2Perc_coupling_errors_off_RP/round_0/88_bessy3_56m_PGM_2Perc_coupling_errors_off_RP.rml
2025-02-08 01:29:08,607 - INFO - Prepared sim number: 89: RAYPy_Simulation_bessy3_56m_PGM_2Perc_coupling_errors_off_RP/round_0/89_bessy3_56m_PGM_2Perc_coupling_errors_off_RP.rml
2025-02-08 01:29:08,619 - INFO - Prepared sim number: 90: RAYPy_Simulation_bessy3_56m_PGM_2Perc_coupling_errors_off_RP/round_0/90_bessy3_56m_PGM_2Perc_coupling_errors_off_RP.rml
2025-02-08 01:29:08,629 - INFO - Prepared sim number: 91: RAYPy_Simulation_bessy3_56m_PGM_2Perc_coupling_errors_off_RP/round_0/91_bessy3_56m_PGM_2Perc_coupling_errors_off_RP.rml
2025-02-08 01:29:08,639 - INFO - Prepared sim number: 92: RAYPy_Simulation_bessy3_56m_PGM_2Perc_coupling_errors_off_RP/round_0/92_bessy3_56m_PGM_2Perc_coupling_errors_off_RP.rml
2025-02-08 01:29:08,649 - INFO - Prepared sim number: 93: RAYPy_Simulation_bessy3_56m_PGM_2Perc_coupling_errors_off_RP/round_0/93_bessy3_56m_PGM_2Perc_coupling_errors_off_RP.rml
2025-02-08 01:29:08,660 - INFO - Prepared sim number: 94: RAYPy_Simulation_bessy3_56m_PGM_2Perc_coupling_errors_off_RP/round_0/94_bessy3_56m_PGM_2Perc_coupling_errors_off_RP.rml
2025-02-08 01:29:08,670 - INFO - Prepared sim number: 95: RAYPy_Simulation_bessy3_56m_PGM_2Perc_coupling_errors_off_RP/round_0/95_bessy3_56m_PGM_2Perc_coupling_errors_off_RP.rml
2025-02-08 01:29:08,680 - INFO - Prepared sim number: 96: RAYPy_Simulation_bessy3_56m_PGM_2Perc_coupling_errors_off_RP/round_0/96_bessy3_56m_PGM_2Perc_coupling_errors_off_RP.rml
2025-02-08 01:29:08,690 - INFO - Prepared sim number: 97: RAYPy_Simulation_bessy3_56m_PGM_2Perc_coupling_errors_off_RP/round_0/97_bessy3_56m_PGM_2Perc_coupling_errors_off_RP.rml
2025-02-08 01:29:08,700 - INFO - Prepared sim number: 98: RAYPy_Simulation_bessy3_56m_PGM_2Perc_coupling_errors_off_RP/round_0/98_bessy3_56m_PGM_2Perc_coupling_errors_off_RP.rml
2025-02-08 01:29:08,710 - INFO - Prepared sim number: 99: RAYPy_Simulation_bessy3_56m_PGM_2Perc_coupling_errors_off_RP/round_0/99_bessy3_56m_PGM_2Perc_coupling_errors_off_RP.rml
2025-02-08 01:29:08,721 - INFO - Prepared sim number: 100: RAYPy_Simulation_bessy3_56m_PGM_2Perc_coupling_errors_off_RP/round_0/100_bessy3_56m_PGM_2Perc_coupling_errors_off_RP.rml
2025-02-08 01:29:08,731 - INFO - Prepared sim number: 101: RAYPy_Simulation_bessy3_56m_PGM_2Perc_coupling_errors_off_RP/round_0/101_bessy3_56m_PGM_2Perc_coupling_errors_off_RP.rml
2025-02-08 01:29:08,742 - INFO - Prepared sim number: 102: RAYPy_Simulation_bessy3_56m_PGM_2Perc_coupling_errors_off_RP/round_0/102_bessy3_56m_PGM_2Perc_coupling_errors_off_RP.rml
2025-02-08 01:29:08,752 - INFO - Prepared sim number: 103: RAYPy_Simulation_bessy3_56m_PGM_2Perc_coupling_errors_off_RP/round_0/103_bessy3_56m_PGM_2Perc_coupling_errors_off_RP.rml
2025-02-08 01:29:08,762 - INFO - Prepared sim number: 104: RAYPy_Simulation_bessy3_56m_PGM_2Perc_coupling_errors_off_RP/round_0/104_bessy3_56m_PGM_2Perc_coupling_errors_off_RP.rml
2025-02-08 01:29:08,772 - INFO - Prepared sim number: 105: RAYPy_Simulation_bessy3_56m_PGM_2Perc_coupling_errors_off_RP/round_0/105_bessy3_56m_PGM_2Perc_coupling_errors_off_RP.rml
2025-02-08 01:29:08,783 - INFO - Prepared sim number: 106: RAYPy_Simulation_bessy3_56m_PGM_2Perc_coupling_errors_off_RP/round_0/106_bessy3_56m_PGM_2Perc_coupling_errors_off_RP.rml
2025-02-08 01:29:08,794 - INFO - Prepared sim number: 107: RAYPy_Simulation_bessy3_56m_PGM_2Perc_coupling_errors_off_RP/round_0/107_bessy3_56m_PGM_2Perc_coupling_errors_off_RP.rml
2025-02-08 01:29:08,804 - INFO - Prepared sim number: 108: RAYPy_Simulation_bessy3_56m_PGM_2Perc_coupling_errors_off_RP/round_0/108_bessy3_56m_PGM_2Perc_coupling_errors_off_RP.rml
2025-02-08 01:29:08,814 - INFO - Prepared sim number: 109: RAYPy_Simulation_bessy3_56m_PGM_2Perc_coupling_errors_off_RP/round_0/109_bessy3_56m_PGM_2Perc_coupling_errors_off_RP.rml
2025-02-08 01:29:08,825 - INFO - Prepared sim number: 110: RAYPy_Simulation_bessy3_56m_PGM_2Perc_coupling_errors_off_RP/round_0/110_bessy3_56m_PGM_2Perc_coupling_errors_off_RP.rml
2025-02-08 01:29:08,835 - INFO - Prepared sim number: 111: RAYPy_Simulation_bessy3_56m_PGM_2Perc_coupling_errors_off_RP/round_0/111_bessy3_56m_PGM_2Perc_coupling_errors_off_RP.rml
2025-02-08 01:29:08,845 - INFO - Prepared sim number: 112: RAYPy_Simulation_bessy3_56m_PGM_2Perc_coupling_errors_off_RP/round_0/112_bessy3_56m_PGM_2Perc_coupling_errors_off_RP.rml
2025-02-08 01:29:08,855 - INFO - Prepared sim number: 113: RAYPy_Simulation_bessy3_56m_PGM_2Perc_coupling_errors_off_RP/round_0/113_bessy3_56m_PGM_2Perc_coupling_errors_off_RP.rml
2025-02-08 01:29:08,867 - INFO - Prepared sim number: 114: RAYPy_Simulation_bessy3_56m_PGM_2Perc_coupling_errors_off_RP/round_0/114_bessy3_56m_PGM_2Perc_coupling_errors_off_RP.rml
2025-02-08 01:29:08,878 - INFO - Prepared sim number: 115: RAYPy_Simulation_bessy3_56m_PGM_2Perc_coupling_errors_off_RP/round_0/115_bessy3_56m_PGM_2Perc_coupling_errors_off_RP.rml
2025-02-08 01:29:08,890 - INFO - Prepared sim number: 116: RAYPy_Simulation_bessy3_56m_PGM_2Perc_coupling_errors_off_RP/round_0/116_bessy3_56m_PGM_2Perc_coupling_errors_off_RP.rml
2025-02-08 01:29:08,900 - INFO - Prepared sim number: 117: RAYPy_Simulation_bessy3_56m_PGM_2Perc_coupling_errors_off_RP/round_0/117_bessy3_56m_PGM_2Perc_coupling_errors_off_RP.rml
2025-02-08 01:29:08,910 - INFO - Prepared sim number: 118: RAYPy_Simulation_bessy3_56m_PGM_2Perc_coupling_errors_off_RP/round_0/118_bessy3_56m_PGM_2Perc_coupling_errors_off_RP.rml
2025-02-08 01:29:08,920 - INFO - Prepared sim number: 119: RAYPy_Simulation_bessy3_56m_PGM_2Perc_coupling_errors_off_RP/round_0/119_bessy3_56m_PGM_2Perc_coupling_errors_off_RP.rml
2025-02-08 01:29:08,920 - INFO - Waiting for batch number: 1, timeout: 22.264167857170104s
2025-02-08 01:29:11,384 - INFO - Completed: 1, remaining: 59, RAYPy_Simulation_bessy3_56m_PGM_2Perc_coupling_errors_off_RP/round_0/60_bessy3_56m_PGM_2Perc_coupling_errors_off_RP.rml
2025-02-08 01:29:11,521 - INFO - Completed: 2, remaining: 58, RAYPy_Simulation_bessy3_56m_PGM_2Perc_coupling_errors_off_RP/round_0/64_bessy3_56m_PGM_2Perc_coupling_errors_off_RP.rml
2025-02-08 01:29:11,729 - INFO - Completed: 3, remaining: 57, RAYPy_Simulation_bessy3_56m_PGM_2Perc_coupling_errors_off_RP/round_0/62_bessy3_56m_PGM_2Perc_coupling_errors_off_RP.rml
2025-02-08 01:29:11,784 - INFO - Completed: 4, remaining: 56, RAYPy_Simulation_bessy3_56m_PGM_2Perc_coupling_errors_off_RP/round_0/69_bessy3_56m_PGM_2Perc_coupling_errors_off_RP.rml
2025-02-08 01:29:11,809 - INFO - Completed: 5, remaining: 55, RAYPy_Simulation_bessy3_56m_PGM_2Perc_coupling_errors_off_RP/round_0/70_bessy3_56m_PGM_2Perc_coupling_errors_off_RP.rml
2025-02-08 01:29:11,844 - INFO - Completed: 6, remaining: 54, RAYPy_Simulation_bessy3_56m_PGM_2Perc_coupling_errors_off_RP/round_0/61_bessy3_56m_PGM_2Perc_coupling_errors_off_RP.rml
2025-02-08 01:29:11,900 - INFO - Completed: 7, remaining: 53, RAYPy_Simulation_bessy3_56m_PGM_2Perc_coupling_errors_off_RP/round_0/71_bessy3_56m_PGM_2Perc_coupling_errors_off_RP.rml
2025-02-08 01:29:13,078 - INFO - Completed: 8, remaining: 52, RAYPy_Simulation_bessy3_56m_PGM_2Perc_coupling_errors_off_RP/round_0/65_bessy3_56m_PGM_2Perc_coupling_errors_off_RP.rml
2025-02-08 01:29:14,301 - INFO - Completed: 9, remaining: 51, RAYPy_Simulation_bessy3_56m_PGM_2Perc_coupling_errors_off_RP/round_0/63_bessy3_56m_PGM_2Perc_coupling_errors_off_RP.rml
2025-02-08 01:29:14,378 - INFO - Completed: 10, remaining: 50, RAYPy_Simulation_bessy3_56m_PGM_2Perc_coupling_errors_off_RP/round_0/67_bessy3_56m_PGM_2Perc_coupling_errors_off_RP.rml
2025-02-08 01:29:14,443 - INFO - Completed: 11, remaining: 49, RAYPy_Simulation_bessy3_56m_PGM_2Perc_coupling_errors_off_RP/round_0/68_bessy3_56m_PGM_2Perc_coupling_errors_off_RP.rml
2025-02-08 01:29:14,777 - INFO - Completed: 12, remaining: 48, RAYPy_Simulation_bessy3_56m_PGM_2Perc_coupling_errors_off_RP/round_0/66_bessy3_56m_PGM_2Perc_coupling_errors_off_RP.rml
2025-02-08 01:29:14,907 - INFO - Completed: 13, remaining: 47, RAYPy_Simulation_bessy3_56m_PGM_2Perc_coupling_errors_off_RP/round_0/72_bessy3_56m_PGM_2Perc_coupling_errors_off_RP.rml
2025-02-08 01:29:15,292 - INFO - Completed: 14, remaining: 46, RAYPy_Simulation_bessy3_56m_PGM_2Perc_coupling_errors_off_RP/round_0/73_bessy3_56m_PGM_2Perc_coupling_errors_off_RP.rml
2025-02-08 01:29:15,363 - INFO - Completed: 15, remaining: 45, RAYPy_Simulation_bessy3_56m_PGM_2Perc_coupling_errors_off_RP/round_0/74_bessy3_56m_PGM_2Perc_coupling_errors_off_RP.rml
2025-02-08 01:29:15,552 - INFO - Completed: 16, remaining: 44, RAYPy_Simulation_bessy3_56m_PGM_2Perc_coupling_errors_off_RP/round_0/78_bessy3_56m_PGM_2Perc_coupling_errors_off_RP.rml
2025-02-08 01:29:15,655 - INFO - Completed: 17, remaining: 43, RAYPy_Simulation_bessy3_56m_PGM_2Perc_coupling_errors_off_RP/round_0/76_bessy3_56m_PGM_2Perc_coupling_errors_off_RP.rml
2025-02-08 01:29:15,791 - INFO - Completed: 18, remaining: 42, RAYPy_Simulation_bessy3_56m_PGM_2Perc_coupling_errors_off_RP/round_0/75_bessy3_56m_PGM_2Perc_coupling_errors_off_RP.rml
2025-02-08 01:29:16,081 - INFO - Completed: 19, remaining: 41, RAYPy_Simulation_bessy3_56m_PGM_2Perc_coupling_errors_off_RP/round_0/77_bessy3_56m_PGM_2Perc_coupling_errors_off_RP.rml
2025-02-08 01:29:16,597 - INFO - Completed: 20, remaining: 40, RAYPy_Simulation_bessy3_56m_PGM_2Perc_coupling_errors_off_RP/round_0/79_bessy3_56m_PGM_2Perc_coupling_errors_off_RP.rml
2025-02-08 01:29:17,632 - INFO - Completed: 21, remaining: 39, RAYPy_Simulation_bessy3_56m_PGM_2Perc_coupling_errors_off_RP/round_0/82_bessy3_56m_PGM_2Perc_coupling_errors_off_RP.rml
2025-02-08 01:29:17,850 - INFO - Completed: 22, remaining: 38, RAYPy_Simulation_bessy3_56m_PGM_2Perc_coupling_errors_off_RP/round_0/80_bessy3_56m_PGM_2Perc_coupling_errors_off_RP.rml
2025-02-08 01:29:18,001 - INFO - Completed: 23, remaining: 37, RAYPy_Simulation_bessy3_56m_PGM_2Perc_coupling_errors_off_RP/round_0/81_bessy3_56m_PGM_2Perc_coupling_errors_off_RP.rml
2025-02-08 01:29:18,026 - INFO - Completed: 24, remaining: 36, RAYPy_Simulation_bessy3_56m_PGM_2Perc_coupling_errors_off_RP/round_0/83_bessy3_56m_PGM_2Perc_coupling_errors_off_RP.rml
2025-02-08 01:29:18,312 - INFO - Completed: 25, remaining: 35, RAYPy_Simulation_bessy3_56m_PGM_2Perc_coupling_errors_off_RP/round_0/84_bessy3_56m_PGM_2Perc_coupling_errors_off_RP.rml
2025-02-08 01:29:18,663 - INFO - Completed: 26, remaining: 34, RAYPy_Simulation_bessy3_56m_PGM_2Perc_coupling_errors_off_RP/round_0/85_bessy3_56m_PGM_2Perc_coupling_errors_off_RP.rml
2025-02-08 01:29:18,816 - INFO - Completed: 27, remaining: 33, RAYPy_Simulation_bessy3_56m_PGM_2Perc_coupling_errors_off_RP/round_0/86_bessy3_56m_PGM_2Perc_coupling_errors_off_RP.rml
2025-02-08 01:29:18,845 - INFO - Completed: 28, remaining: 32, RAYPy_Simulation_bessy3_56m_PGM_2Perc_coupling_errors_off_RP/round_0/87_bessy3_56m_PGM_2Perc_coupling_errors_off_RP.rml
2025-02-08 01:29:18,864 - INFO - Completed: 29, remaining: 31, RAYPy_Simulation_bessy3_56m_PGM_2Perc_coupling_errors_off_RP/round_0/88_bessy3_56m_PGM_2Perc_coupling_errors_off_RP.rml
2025-02-08 01:29:19,137 - INFO - Completed: 30, remaining: 30, RAYPy_Simulation_bessy3_56m_PGM_2Perc_coupling_errors_off_RP/round_0/89_bessy3_56m_PGM_2Perc_coupling_errors_off_RP.rml
2025-02-08 01:29:19,935 - INFO - Completed: 31, remaining: 29, RAYPy_Simulation_bessy3_56m_PGM_2Perc_coupling_errors_off_RP/round_0/90_bessy3_56m_PGM_2Perc_coupling_errors_off_RP.rml
2025-02-08 01:29:20,198 - INFO - Completed: 32, remaining: 28, RAYPy_Simulation_bessy3_56m_PGM_2Perc_coupling_errors_off_RP/round_0/91_bessy3_56m_PGM_2Perc_coupling_errors_off_RP.rml
2025-02-08 01:29:20,894 - INFO - Completed: 33, remaining: 27, RAYPy_Simulation_bessy3_56m_PGM_2Perc_coupling_errors_off_RP/round_0/92_bessy3_56m_PGM_2Perc_coupling_errors_off_RP.rml
2025-02-08 01:29:21,023 - INFO - Completed: 34, remaining: 26, RAYPy_Simulation_bessy3_56m_PGM_2Perc_coupling_errors_off_RP/round_0/93_bessy3_56m_PGM_2Perc_coupling_errors_off_RP.rml
2025-02-08 01:29:21,318 - INFO - Completed: 35, remaining: 25, RAYPy_Simulation_bessy3_56m_PGM_2Perc_coupling_errors_off_RP/round_0/94_bessy3_56m_PGM_2Perc_coupling_errors_off_RP.rml
2025-02-08 01:29:21,638 - INFO - Completed: 36, remaining: 24, RAYPy_Simulation_bessy3_56m_PGM_2Perc_coupling_errors_off_RP/round_0/96_bessy3_56m_PGM_2Perc_coupling_errors_off_RP.rml
2025-02-08 01:29:21,834 - INFO - Completed: 37, remaining: 23, RAYPy_Simulation_bessy3_56m_PGM_2Perc_coupling_errors_off_RP/round_0/97_bessy3_56m_PGM_2Perc_coupling_errors_off_RP.rml
2025-02-08 01:29:22,207 - INFO - Completed: 38, remaining: 22, RAYPy_Simulation_bessy3_56m_PGM_2Perc_coupling_errors_off_RP/round_0/100_bessy3_56m_PGM_2Perc_coupling_errors_off_RP.rml
2025-02-08 01:29:22,231 - INFO - Completed: 39, remaining: 21, RAYPy_Simulation_bessy3_56m_PGM_2Perc_coupling_errors_off_RP/round_0/98_bessy3_56m_PGM_2Perc_coupling_errors_off_RP.rml
2025-02-08 01:29:22,253 - INFO - Completed: 40, remaining: 20, RAYPy_Simulation_bessy3_56m_PGM_2Perc_coupling_errors_off_RP/round_0/99_bessy3_56m_PGM_2Perc_coupling_errors_off_RP.rml
2025-02-08 01:29:22,377 - INFO - Completed: 41, remaining: 19, RAYPy_Simulation_bessy3_56m_PGM_2Perc_coupling_errors_off_RP/round_0/95_bessy3_56m_PGM_2Perc_coupling_errors_off_RP.rml
2025-02-08 01:29:22,732 - INFO - Completed: 42, remaining: 18, RAYPy_Simulation_bessy3_56m_PGM_2Perc_coupling_errors_off_RP/round_0/101_bessy3_56m_PGM_2Perc_coupling_errors_off_RP.rml
2025-02-08 01:29:23,269 - INFO - Completed: 43, remaining: 17, RAYPy_Simulation_bessy3_56m_PGM_2Perc_coupling_errors_off_RP/round_0/102_bessy3_56m_PGM_2Perc_coupling_errors_off_RP.rml
2025-02-08 01:29:23,628 - INFO - Completed: 44, remaining: 16, RAYPy_Simulation_bessy3_56m_PGM_2Perc_coupling_errors_off_RP/round_0/103_bessy3_56m_PGM_2Perc_coupling_errors_off_RP.rml
2025-02-08 01:29:24,408 - INFO - Completed: 45, remaining: 15, RAYPy_Simulation_bessy3_56m_PGM_2Perc_coupling_errors_off_RP/round_0/104_bessy3_56m_PGM_2Perc_coupling_errors_off_RP.rml
2025-02-08 01:29:24,504 - INFO - Completed: 46, remaining: 14, RAYPy_Simulation_bessy3_56m_PGM_2Perc_coupling_errors_off_RP/round_0/105_bessy3_56m_PGM_2Perc_coupling_errors_off_RP.rml
2025-02-08 01:29:25,015 - INFO - Completed: 47, remaining: 13, RAYPy_Simulation_bessy3_56m_PGM_2Perc_coupling_errors_off_RP/round_0/107_bessy3_56m_PGM_2Perc_coupling_errors_off_RP.rml
2025-02-08 01:29:25,077 - INFO - Completed: 48, remaining: 12, RAYPy_Simulation_bessy3_56m_PGM_2Perc_coupling_errors_off_RP/round_0/108_bessy3_56m_PGM_2Perc_coupling_errors_off_RP.rml
2025-02-08 01:29:25,129 - INFO - Completed: 49, remaining: 11, RAYPy_Simulation_bessy3_56m_PGM_2Perc_coupling_errors_off_RP/round_0/106_bessy3_56m_PGM_2Perc_coupling_errors_off_RP.rml
2025-02-08 01:29:25,484 - INFO - Completed: 50, remaining: 10, RAYPy_Simulation_bessy3_56m_PGM_2Perc_coupling_errors_off_RP/round_0/109_bessy3_56m_PGM_2Perc_coupling_errors_off_RP.rml
2025-02-08 01:29:25,584 - INFO - Completed: 51, remaining: 9, RAYPy_Simulation_bessy3_56m_PGM_2Perc_coupling_errors_off_RP/round_0/110_bessy3_56m_PGM_2Perc_coupling_errors_off_RP.rml
2025-02-08 01:29:25,613 - INFO - Completed: 52, remaining: 8, RAYPy_Simulation_bessy3_56m_PGM_2Perc_coupling_errors_off_RP/round_0/111_bessy3_56m_PGM_2Perc_coupling_errors_off_RP.rml
2025-02-08 01:29:25,824 - INFO - Completed: 53, remaining: 7, RAYPy_Simulation_bessy3_56m_PGM_2Perc_coupling_errors_off_RP/round_0/112_bessy3_56m_PGM_2Perc_coupling_errors_off_RP.rml
2025-02-08 01:29:26,019 - INFO - Completed: 54, remaining: 6, RAYPy_Simulation_bessy3_56m_PGM_2Perc_coupling_errors_off_RP/round_0/113_bessy3_56m_PGM_2Perc_coupling_errors_off_RP.rml
2025-02-08 01:29:26,481 - INFO - Completed: 55, remaining: 5, RAYPy_Simulation_bessy3_56m_PGM_2Perc_coupling_errors_off_RP/round_0/114_bessy3_56m_PGM_2Perc_coupling_errors_off_RP.rml
2025-02-08 01:29:26,683 - INFO - Completed: 56, remaining: 4, RAYPy_Simulation_bessy3_56m_PGM_2Perc_coupling_errors_off_RP/round_0/115_bessy3_56m_PGM_2Perc_coupling_errors_off_RP.rml
2025-02-08 01:29:27,152 - INFO - Completed: 57, remaining: 3, RAYPy_Simulation_bessy3_56m_PGM_2Perc_coupling_errors_off_RP/round_0/116_bessy3_56m_PGM_2Perc_coupling_errors_off_RP.rml
2025-02-08 01:29:27,270 - INFO - Completed: 58, remaining: 2, RAYPy_Simulation_bessy3_56m_PGM_2Perc_coupling_errors_off_RP/round_0/117_bessy3_56m_PGM_2Perc_coupling_errors_off_RP.rml
2025-02-08 01:29:27,474 - INFO - Completed: 59, remaining: 1, RAYPy_Simulation_bessy3_56m_PGM_2Perc_coupling_errors_off_RP/round_0/118_bessy3_56m_PGM_2Perc_coupling_errors_off_RP.rml
2025-02-08 01:29:27,524 - INFO - Completed: 60, remaining: 0, RAYPy_Simulation_bessy3_56m_PGM_2Perc_coupling_errors_off_RP/round_0/119_bessy3_56m_PGM_2Perc_coupling_errors_off_RP.rml
2025-02-08 01:29:27,525 - INFO - Batch Completed
2025-02-08 01:29:27,525 - INFO - Waiting For batch, 60 simulations to go
2025-02-08 01:29:27,538 - INFO - Prepared sim number: 120: RAYPy_Simulation_bessy3_56m_PGM_2Perc_coupling_errors_off_RP/round_0/120_bessy3_56m_PGM_2Perc_coupling_errors_off_RP.rml
2025-02-08 01:29:27,552 - INFO - Prepared sim number: 121: RAYPy_Simulation_bessy3_56m_PGM_2Perc_coupling_errors_off_RP/round_0/121_bessy3_56m_PGM_2Perc_coupling_errors_off_RP.rml
2025-02-08 01:29:27,569 - INFO - Prepared sim number: 122: RAYPy_Simulation_bessy3_56m_PGM_2Perc_coupling_errors_off_RP/round_0/122_bessy3_56m_PGM_2Perc_coupling_errors_off_RP.rml
2025-02-08 01:29:27,569 - INFO - Start round 1
2025-02-08 01:29:27,576 - INFO - Prepared sim number: 0: RAYPy_Simulation_bessy3_56m_PGM_2Perc_coupling_errors_off_RP/round_1/0_bessy3_56m_PGM_2Perc_coupling_errors_off_RP.rml
2025-02-08 01:29:27,581 - INFO - Prepared sim number: 1: RAYPy_Simulation_bessy3_56m_PGM_2Perc_coupling_errors_off_RP/round_1/1_bessy3_56m_PGM_2Perc_coupling_errors_off_RP.rml
2025-02-08 01:29:27,587 - INFO - Prepared sim number: 2: RAYPy_Simulation_bessy3_56m_PGM_2Perc_coupling_errors_off_RP/round_1/2_bessy3_56m_PGM_2Perc_coupling_errors_off_RP.rml
2025-02-08 01:29:27,598 - INFO - Prepared sim number: 3: RAYPy_Simulation_bessy3_56m_PGM_2Perc_coupling_errors_off_RP/round_1/3_bessy3_56m_PGM_2Perc_coupling_errors_off_RP.rml
2025-02-08 01:29:27,604 - INFO - Prepared sim number: 4: RAYPy_Simulation_bessy3_56m_PGM_2Perc_coupling_errors_off_RP/round_1/4_bessy3_56m_PGM_2Perc_coupling_errors_off_RP.rml
2025-02-08 01:29:27,609 - INFO - Prepared sim number: 5: RAYPy_Simulation_bessy3_56m_PGM_2Perc_coupling_errors_off_RP/round_1/5_bessy3_56m_PGM_2Perc_coupling_errors_off_RP.rml
2025-02-08 01:29:27,614 - INFO - Prepared sim number: 6: RAYPy_Simulation_bessy3_56m_PGM_2Perc_coupling_errors_off_RP/round_1/6_bessy3_56m_PGM_2Perc_coupling_errors_off_RP.rml
2025-02-08 01:29:27,619 - INFO - Prepared sim number: 7: RAYPy_Simulation_bessy3_56m_PGM_2Perc_coupling_errors_off_RP/round_1/7_bessy3_56m_PGM_2Perc_coupling_errors_off_RP.rml
2025-02-08 01:29:27,624 - INFO - Prepared sim number: 8: RAYPy_Simulation_bessy3_56m_PGM_2Perc_coupling_errors_off_RP/round_1/8_bessy3_56m_PGM_2Perc_coupling_errors_off_RP.rml
2025-02-08 01:29:27,630 - INFO - Prepared sim number: 9: RAYPy_Simulation_bessy3_56m_PGM_2Perc_coupling_errors_off_RP/round_1/9_bessy3_56m_PGM_2Perc_coupling_errors_off_RP.rml
2025-02-08 01:29:27,636 - INFO - Prepared sim number: 10: RAYPy_Simulation_bessy3_56m_PGM_2Perc_coupling_errors_off_RP/round_1/10_bessy3_56m_PGM_2Perc_coupling_errors_off_RP.rml
2025-02-08 01:29:27,642 - INFO - Prepared sim number: 11: RAYPy_Simulation_bessy3_56m_PGM_2Perc_coupling_errors_off_RP/round_1/11_bessy3_56m_PGM_2Perc_coupling_errors_off_RP.rml
2025-02-08 01:29:27,647 - INFO - Prepared sim number: 12: RAYPy_Simulation_bessy3_56m_PGM_2Perc_coupling_errors_off_RP/round_1/12_bessy3_56m_PGM_2Perc_coupling_errors_off_RP.rml
2025-02-08 01:29:27,652 - INFO - Prepared sim number: 13: RAYPy_Simulation_bessy3_56m_PGM_2Perc_coupling_errors_off_RP/round_1/13_bessy3_56m_PGM_2Perc_coupling_errors_off_RP.rml
2025-02-08 01:29:27,657 - INFO - Prepared sim number: 14: RAYPy_Simulation_bessy3_56m_PGM_2Perc_coupling_errors_off_RP/round_1/14_bessy3_56m_PGM_2Perc_coupling_errors_off_RP.rml
2025-02-08 01:29:27,661 - INFO - Prepared sim number: 15: RAYPy_Simulation_bessy3_56m_PGM_2Perc_coupling_errors_off_RP/round_1/15_bessy3_56m_PGM_2Perc_coupling_errors_off_RP.rml
2025-02-08 01:29:27,666 - INFO - Prepared sim number: 16: RAYPy_Simulation_bessy3_56m_PGM_2Perc_coupling_errors_off_RP/round_1/16_bessy3_56m_PGM_2Perc_coupling_errors_off_RP.rml
2025-02-08 01:29:27,670 - INFO - Prepared sim number: 17: RAYPy_Simulation_bessy3_56m_PGM_2Perc_coupling_errors_off_RP/round_1/17_bessy3_56m_PGM_2Perc_coupling_errors_off_RP.rml
2025-02-08 01:29:27,675 - INFO - Prepared sim number: 18: RAYPy_Simulation_bessy3_56m_PGM_2Perc_coupling_errors_off_RP/round_1/18_bessy3_56m_PGM_2Perc_coupling_errors_off_RP.rml
2025-02-08 01:29:27,680 - INFO - Prepared sim number: 19: RAYPy_Simulation_bessy3_56m_PGM_2Perc_coupling_errors_off_RP/round_1/19_bessy3_56m_PGM_2Perc_coupling_errors_off_RP.rml
2025-02-08 01:29:27,685 - INFO - Prepared sim number: 20: RAYPy_Simulation_bessy3_56m_PGM_2Perc_coupling_errors_off_RP/round_1/20_bessy3_56m_PGM_2Perc_coupling_errors_off_RP.rml
2025-02-08 01:29:27,690 - INFO - Prepared sim number: 21: RAYPy_Simulation_bessy3_56m_PGM_2Perc_coupling_errors_off_RP/round_1/21_bessy3_56m_PGM_2Perc_coupling_errors_off_RP.rml
2025-02-08 01:29:27,695 - INFO - Prepared sim number: 22: RAYPy_Simulation_bessy3_56m_PGM_2Perc_coupling_errors_off_RP/round_1/22_bessy3_56m_PGM_2Perc_coupling_errors_off_RP.rml
2025-02-08 01:29:27,699 - INFO - Prepared sim number: 23: RAYPy_Simulation_bessy3_56m_PGM_2Perc_coupling_errors_off_RP/round_1/23_bessy3_56m_PGM_2Perc_coupling_errors_off_RP.rml
2025-02-08 01:29:27,704 - INFO - Prepared sim number: 24: RAYPy_Simulation_bessy3_56m_PGM_2Perc_coupling_errors_off_RP/round_1/24_bessy3_56m_PGM_2Perc_coupling_errors_off_RP.rml
2025-02-08 01:29:27,709 - INFO - Prepared sim number: 25: RAYPy_Simulation_bessy3_56m_PGM_2Perc_coupling_errors_off_RP/round_1/25_bessy3_56m_PGM_2Perc_coupling_errors_off_RP.rml
2025-02-08 01:29:27,713 - INFO - Prepared sim number: 26: RAYPy_Simulation_bessy3_56m_PGM_2Perc_coupling_errors_off_RP/round_1/26_bessy3_56m_PGM_2Perc_coupling_errors_off_RP.rml
2025-02-08 01:29:27,718 - INFO - Prepared sim number: 27: RAYPy_Simulation_bessy3_56m_PGM_2Perc_coupling_errors_off_RP/round_1/27_bessy3_56m_PGM_2Perc_coupling_errors_off_RP.rml
2025-02-08 01:29:27,724 - INFO - Prepared sim number: 28: RAYPy_Simulation_bessy3_56m_PGM_2Perc_coupling_errors_off_RP/round_1/28_bessy3_56m_PGM_2Perc_coupling_errors_off_RP.rml
2025-02-08 01:29:27,729 - INFO - Prepared sim number: 29: RAYPy_Simulation_bessy3_56m_PGM_2Perc_coupling_errors_off_RP/round_1/29_bessy3_56m_PGM_2Perc_coupling_errors_off_RP.rml
2025-02-08 01:29:27,734 - INFO - Prepared sim number: 30: RAYPy_Simulation_bessy3_56m_PGM_2Perc_coupling_errors_off_RP/round_1/30_bessy3_56m_PGM_2Perc_coupling_errors_off_RP.rml
2025-02-08 01:29:27,738 - INFO - Prepared sim number: 31: RAYPy_Simulation_bessy3_56m_PGM_2Perc_coupling_errors_off_RP/round_1/31_bessy3_56m_PGM_2Perc_coupling_errors_off_RP.rml
2025-02-08 01:29:27,743 - INFO - Prepared sim number: 32: RAYPy_Simulation_bessy3_56m_PGM_2Perc_coupling_errors_off_RP/round_1/32_bessy3_56m_PGM_2Perc_coupling_errors_off_RP.rml
2025-02-08 01:29:27,748 - INFO - Prepared sim number: 33: RAYPy_Simulation_bessy3_56m_PGM_2Perc_coupling_errors_off_RP/round_1/33_bessy3_56m_PGM_2Perc_coupling_errors_off_RP.rml
2025-02-08 01:29:27,752 - INFO - Prepared sim number: 34: RAYPy_Simulation_bessy3_56m_PGM_2Perc_coupling_errors_off_RP/round_1/34_bessy3_56m_PGM_2Perc_coupling_errors_off_RP.rml
2025-02-08 01:29:27,757 - INFO - Prepared sim number: 35: RAYPy_Simulation_bessy3_56m_PGM_2Perc_coupling_errors_off_RP/round_1/35_bessy3_56m_PGM_2Perc_coupling_errors_off_RP.rml
2025-02-08 01:29:27,761 - INFO - Prepared sim number: 36: RAYPy_Simulation_bessy3_56m_PGM_2Perc_coupling_errors_off_RP/round_1/36_bessy3_56m_PGM_2Perc_coupling_errors_off_RP.rml
2025-02-08 01:29:27,766 - INFO - Prepared sim number: 37: RAYPy_Simulation_bessy3_56m_PGM_2Perc_coupling_errors_off_RP/round_1/37_bessy3_56m_PGM_2Perc_coupling_errors_off_RP.rml
2025-02-08 01:29:27,770 - INFO - Prepared sim number: 38: RAYPy_Simulation_bessy3_56m_PGM_2Perc_coupling_errors_off_RP/round_1/38_bessy3_56m_PGM_2Perc_coupling_errors_off_RP.rml
2025-02-08 01:29:27,775 - INFO - Prepared sim number: 39: RAYPy_Simulation_bessy3_56m_PGM_2Perc_coupling_errors_off_RP/round_1/39_bessy3_56m_PGM_2Perc_coupling_errors_off_RP.rml
2025-02-08 01:29:27,779 - INFO - Prepared sim number: 40: RAYPy_Simulation_bessy3_56m_PGM_2Perc_coupling_errors_off_RP/round_1/40_bessy3_56m_PGM_2Perc_coupling_errors_off_RP.rml
2025-02-08 01:29:27,784 - INFO - Prepared sim number: 41: RAYPy_Simulation_bessy3_56m_PGM_2Perc_coupling_errors_off_RP/round_1/41_bessy3_56m_PGM_2Perc_coupling_errors_off_RP.rml
2025-02-08 01:29:27,788 - INFO - Prepared sim number: 42: RAYPy_Simulation_bessy3_56m_PGM_2Perc_coupling_errors_off_RP/round_1/42_bessy3_56m_PGM_2Perc_coupling_errors_off_RP.rml
2025-02-08 01:29:27,793 - INFO - Prepared sim number: 43: RAYPy_Simulation_bessy3_56m_PGM_2Perc_coupling_errors_off_RP/round_1/43_bessy3_56m_PGM_2Perc_coupling_errors_off_RP.rml
2025-02-08 01:29:27,797 - INFO - Prepared sim number: 44: RAYPy_Simulation_bessy3_56m_PGM_2Perc_coupling_errors_off_RP/round_1/44_bessy3_56m_PGM_2Perc_coupling_errors_off_RP.rml
2025-02-08 01:29:27,802 - INFO - Prepared sim number: 45: RAYPy_Simulation_bessy3_56m_PGM_2Perc_coupling_errors_off_RP/round_1/45_bessy3_56m_PGM_2Perc_coupling_errors_off_RP.rml
2025-02-08 01:29:27,806 - INFO - Prepared sim number: 46: RAYPy_Simulation_bessy3_56m_PGM_2Perc_coupling_errors_off_RP/round_1/46_bessy3_56m_PGM_2Perc_coupling_errors_off_RP.rml
2025-02-08 01:29:27,811 - INFO - Prepared sim number: 47: RAYPy_Simulation_bessy3_56m_PGM_2Perc_coupling_errors_off_RP/round_1/47_bessy3_56m_PGM_2Perc_coupling_errors_off_RP.rml
2025-02-08 01:29:27,815 - INFO - Prepared sim number: 48: RAYPy_Simulation_bessy3_56m_PGM_2Perc_coupling_errors_off_RP/round_1/48_bessy3_56m_PGM_2Perc_coupling_errors_off_RP.rml
2025-02-08 01:29:27,820 - INFO - Prepared sim number: 49: RAYPy_Simulation_bessy3_56m_PGM_2Perc_coupling_errors_off_RP/round_1/49_bessy3_56m_PGM_2Perc_coupling_errors_off_RP.rml
2025-02-08 01:29:27,825 - INFO - Prepared sim number: 50: RAYPy_Simulation_bessy3_56m_PGM_2Perc_coupling_errors_off_RP/round_1/50_bessy3_56m_PGM_2Perc_coupling_errors_off_RP.rml
2025-02-08 01:29:27,829 - INFO - Prepared sim number: 51: RAYPy_Simulation_bessy3_56m_PGM_2Perc_coupling_errors_off_RP/round_1/51_bessy3_56m_PGM_2Perc_coupling_errors_off_RP.rml
2025-02-08 01:29:27,834 - INFO - Prepared sim number: 52: RAYPy_Simulation_bessy3_56m_PGM_2Perc_coupling_errors_off_RP/round_1/52_bessy3_56m_PGM_2Perc_coupling_errors_off_RP.rml
2025-02-08 01:29:27,838 - INFO - Prepared sim number: 53: RAYPy_Simulation_bessy3_56m_PGM_2Perc_coupling_errors_off_RP/round_1/53_bessy3_56m_PGM_2Perc_coupling_errors_off_RP.rml
2025-02-08 01:29:27,843 - INFO - Prepared sim number: 54: RAYPy_Simulation_bessy3_56m_PGM_2Perc_coupling_errors_off_RP/round_1/54_bessy3_56m_PGM_2Perc_coupling_errors_off_RP.rml
2025-02-08 01:29:27,847 - INFO - Prepared sim number: 55: RAYPy_Simulation_bessy3_56m_PGM_2Perc_coupling_errors_off_RP/round_1/55_bessy3_56m_PGM_2Perc_coupling_errors_off_RP.rml
2025-02-08 01:29:27,852 - INFO - Prepared sim number: 56: RAYPy_Simulation_bessy3_56m_PGM_2Perc_coupling_errors_off_RP/round_1/56_bessy3_56m_PGM_2Perc_coupling_errors_off_RP.rml
2025-02-08 01:29:27,852 - INFO - Waiting for batch number: 2, timeout: 21.589249205589294s
2025-02-08 01:29:30,601 - INFO - Completed: 1, remaining: 59, RAYPy_Simulation_bessy3_56m_PGM_2Perc_coupling_errors_off_RP/round_1/0_bessy3_56m_PGM_2Perc_coupling_errors_off_RP.rml
2025-02-08 01:29:30,641 - INFO - Completed: 2, remaining: 58, RAYPy_Simulation_bessy3_56m_PGM_2Perc_coupling_errors_off_RP/round_1/2_bessy3_56m_PGM_2Perc_coupling_errors_off_RP.rml
2025-02-08 01:29:30,664 - INFO - Completed: 3, remaining: 57, RAYPy_Simulation_bessy3_56m_PGM_2Perc_coupling_errors_off_RP/round_0/120_bessy3_56m_PGM_2Perc_coupling_errors_off_RP.rml
2025-02-08 01:29:30,778 - INFO - Completed: 4, remaining: 56, RAYPy_Simulation_bessy3_56m_PGM_2Perc_coupling_errors_off_RP/round_1/1_bessy3_56m_PGM_2Perc_coupling_errors_off_RP.rml
2025-02-08 01:29:30,785 - INFO - Completed: 5, remaining: 55, RAYPy_Simulation_bessy3_56m_PGM_2Perc_coupling_errors_off_RP/round_1/7_bessy3_56m_PGM_2Perc_coupling_errors_off_RP.rml
2025-02-08 01:29:30,832 - INFO - Completed: 6, remaining: 54, RAYPy_Simulation_bessy3_56m_PGM_2Perc_coupling_errors_off_RP/round_0/121_bessy3_56m_PGM_2Perc_coupling_errors_off_RP.rml
2025-02-08 01:29:30,882 - INFO - Completed: 7, remaining: 53, RAYPy_Simulation_bessy3_56m_PGM_2Perc_coupling_errors_off_RP/round_0/122_bessy3_56m_PGM_2Perc_coupling_errors_off_RP.rml
2025-02-08 01:29:31,094 - INFO - Completed: 8, remaining: 52, RAYPy_Simulation_bessy3_56m_PGM_2Perc_coupling_errors_off_RP/round_1/8_bessy3_56m_PGM_2Perc_coupling_errors_off_RP.rml
2025-02-08 01:29:31,145 - INFO - Completed: 9, remaining: 51, RAYPy_Simulation_bessy3_56m_PGM_2Perc_coupling_errors_off_RP/round_1/5_bessy3_56m_PGM_2Perc_coupling_errors_off_RP.rml
2025-02-08 01:29:31,255 - INFO - Completed: 10, remaining: 50, RAYPy_Simulation_bessy3_56m_PGM_2Perc_coupling_errors_off_RP/round_1/4_bessy3_56m_PGM_2Perc_coupling_errors_off_RP.rml
2025-02-08 01:29:33,177 - INFO - Completed: 11, remaining: 49, RAYPy_Simulation_bessy3_56m_PGM_2Perc_coupling_errors_off_RP/round_1/6_bessy3_56m_PGM_2Perc_coupling_errors_off_RP.rml
2025-02-08 01:29:33,385 - INFO - Completed: 12, remaining: 48, RAYPy_Simulation_bessy3_56m_PGM_2Perc_coupling_errors_off_RP/round_1/3_bessy3_56m_PGM_2Perc_coupling_errors_off_RP.rml
2025-02-08 01:29:34,189 - INFO - Completed: 13, remaining: 47, RAYPy_Simulation_bessy3_56m_PGM_2Perc_coupling_errors_off_RP/round_1/11_bessy3_56m_PGM_2Perc_coupling_errors_off_RP.rml
2025-02-08 01:29:34,324 - INFO - Completed: 14, remaining: 46, RAYPy_Simulation_bessy3_56m_PGM_2Perc_coupling_errors_off_RP/round_1/10_bessy3_56m_PGM_2Perc_coupling_errors_off_RP.rml
2025-02-08 01:29:34,327 - INFO - Completed: 15, remaining: 45, RAYPy_Simulation_bessy3_56m_PGM_2Perc_coupling_errors_off_RP/round_1/9_bessy3_56m_PGM_2Perc_coupling_errors_off_RP.rml
2025-02-08 01:29:34,478 - INFO - Completed: 16, remaining: 44, RAYPy_Simulation_bessy3_56m_PGM_2Perc_coupling_errors_off_RP/round_1/13_bessy3_56m_PGM_2Perc_coupling_errors_off_RP.rml
2025-02-08 01:29:34,747 - INFO - Completed: 17, remaining: 43, RAYPy_Simulation_bessy3_56m_PGM_2Perc_coupling_errors_off_RP/round_1/12_bessy3_56m_PGM_2Perc_coupling_errors_off_RP.rml
2025-02-08 01:29:34,869 - INFO - Completed: 18, remaining: 42, RAYPy_Simulation_bessy3_56m_PGM_2Perc_coupling_errors_off_RP/round_1/16_bessy3_56m_PGM_2Perc_coupling_errors_off_RP.rml
2025-02-08 01:29:34,918 - INFO - Completed: 19, remaining: 41, RAYPy_Simulation_bessy3_56m_PGM_2Perc_coupling_errors_off_RP/round_1/14_bessy3_56m_PGM_2Perc_coupling_errors_off_RP.rml
2025-02-08 01:29:34,934 - INFO - Completed: 20, remaining: 40, RAYPy_Simulation_bessy3_56m_PGM_2Perc_coupling_errors_off_RP/round_1/18_bessy3_56m_PGM_2Perc_coupling_errors_off_RP.rml
2025-02-08 01:29:34,977 - INFO - Completed: 21, remaining: 39, RAYPy_Simulation_bessy3_56m_PGM_2Perc_coupling_errors_off_RP/round_1/15_bessy3_56m_PGM_2Perc_coupling_errors_off_RP.rml
2025-02-08 01:29:35,128 - INFO - Completed: 22, remaining: 38, RAYPy_Simulation_bessy3_56m_PGM_2Perc_coupling_errors_off_RP/round_1/17_bessy3_56m_PGM_2Perc_coupling_errors_off_RP.rml
2025-02-08 01:29:36,751 - INFO - Completed: 23, remaining: 37, RAYPy_Simulation_bessy3_56m_PGM_2Perc_coupling_errors_off_RP/round_1/19_bessy3_56m_PGM_2Perc_coupling_errors_off_RP.rml
2025-02-08 01:29:37,247 - INFO - Completed: 24, remaining: 36, RAYPy_Simulation_bessy3_56m_PGM_2Perc_coupling_errors_off_RP/round_1/20_bessy3_56m_PGM_2Perc_coupling_errors_off_RP.rml
2025-02-08 01:29:37,687 - INFO - Completed: 25, remaining: 35, RAYPy_Simulation_bessy3_56m_PGM_2Perc_coupling_errors_off_RP/round_1/21_bessy3_56m_PGM_2Perc_coupling_errors_off_RP.rml
2025-02-08 01:29:37,896 - INFO - Completed: 26, remaining: 34, RAYPy_Simulation_bessy3_56m_PGM_2Perc_coupling_errors_off_RP/round_1/23_bessy3_56m_PGM_2Perc_coupling_errors_off_RP.rml
2025-02-08 01:29:37,929 - INFO - Completed: 27, remaining: 33, RAYPy_Simulation_bessy3_56m_PGM_2Perc_coupling_errors_off_RP/round_1/22_bessy3_56m_PGM_2Perc_coupling_errors_off_RP.rml
2025-02-08 01:29:38,357 - INFO - Completed: 28, remaining: 32, RAYPy_Simulation_bessy3_56m_PGM_2Perc_coupling_errors_off_RP/round_1/25_bessy3_56m_PGM_2Perc_coupling_errors_off_RP.rml
2025-02-08 01:29:38,413 - INFO - Completed: 29, remaining: 31, RAYPy_Simulation_bessy3_56m_PGM_2Perc_coupling_errors_off_RP/round_1/26_bessy3_56m_PGM_2Perc_coupling_errors_off_RP.rml
2025-02-08 01:29:38,598 - INFO - Completed: 30, remaining: 30, RAYPy_Simulation_bessy3_56m_PGM_2Perc_coupling_errors_off_RP/round_1/27_bessy3_56m_PGM_2Perc_coupling_errors_off_RP.rml
2025-02-08 01:29:38,819 - INFO - Completed: 31, remaining: 29, RAYPy_Simulation_bessy3_56m_PGM_2Perc_coupling_errors_off_RP/round_1/28_bessy3_56m_PGM_2Perc_coupling_errors_off_RP.rml
2025-02-08 01:29:38,820 - INFO - Completed: 32, remaining: 28, RAYPy_Simulation_bessy3_56m_PGM_2Perc_coupling_errors_off_RP/round_1/29_bessy3_56m_PGM_2Perc_coupling_errors_off_RP.rml
2025-02-08 01:29:38,922 - INFO - Completed: 33, remaining: 27, RAYPy_Simulation_bessy3_56m_PGM_2Perc_coupling_errors_off_RP/round_1/30_bessy3_56m_PGM_2Perc_coupling_errors_off_RP.rml
2025-02-08 01:29:39,187 - INFO - Completed: 34, remaining: 26, RAYPy_Simulation_bessy3_56m_PGM_2Perc_coupling_errors_off_RP/round_1/24_bessy3_56m_PGM_2Perc_coupling_errors_off_RP.rml
2025-02-08 01:29:40,498 - INFO - Completed: 35, remaining: 25, RAYPy_Simulation_bessy3_56m_PGM_2Perc_coupling_errors_off_RP/round_1/31_bessy3_56m_PGM_2Perc_coupling_errors_off_RP.rml
2025-02-08 01:29:40,884 - INFO - Completed: 36, remaining: 24, RAYPy_Simulation_bessy3_56m_PGM_2Perc_coupling_errors_off_RP/round_1/32_bessy3_56m_PGM_2Perc_coupling_errors_off_RP.rml
2025-02-08 01:29:41,296 - INFO - Completed: 37, remaining: 23, RAYPy_Simulation_bessy3_56m_PGM_2Perc_coupling_errors_off_RP/round_1/33_bessy3_56m_PGM_2Perc_coupling_errors_off_RP.rml
2025-02-08 01:29:41,482 - INFO - Completed: 38, remaining: 22, RAYPy_Simulation_bessy3_56m_PGM_2Perc_coupling_errors_off_RP/round_1/35_bessy3_56m_PGM_2Perc_coupling_errors_off_RP.rml
2025-02-08 01:29:41,914 - INFO - Completed: 39, remaining: 21, RAYPy_Simulation_bessy3_56m_PGM_2Perc_coupling_errors_off_RP/round_1/34_bessy3_56m_PGM_2Perc_coupling_errors_off_RP.rml
2025-02-08 01:29:41,930 - INFO - Completed: 40, remaining: 20, RAYPy_Simulation_bessy3_56m_PGM_2Perc_coupling_errors_off_RP/round_1/41_bessy3_56m_PGM_2Perc_coupling_errors_off_RP.rml
2025-02-08 01:29:42,270 - INFO - Completed: 41, remaining: 19, RAYPy_Simulation_bessy3_56m_PGM_2Perc_coupling_errors_off_RP/round_1/36_bessy3_56m_PGM_2Perc_coupling_errors_off_RP.rml
2025-02-08 01:29:42,320 - INFO - Completed: 42, remaining: 18, RAYPy_Simulation_bessy3_56m_PGM_2Perc_coupling_errors_off_RP/round_1/37_bessy3_56m_PGM_2Perc_coupling_errors_off_RP.rml
2025-02-08 01:29:42,381 - INFO - Completed: 43, remaining: 17, RAYPy_Simulation_bessy3_56m_PGM_2Perc_coupling_errors_off_RP/round_1/38_bessy3_56m_PGM_2Perc_coupling_errors_off_RP.rml
2025-02-08 01:29:42,708 - INFO - Completed: 44, remaining: 16, RAYPy_Simulation_bessy3_56m_PGM_2Perc_coupling_errors_off_RP/round_1/39_bessy3_56m_PGM_2Perc_coupling_errors_off_RP.rml
2025-02-08 01:29:42,825 - INFO - Completed: 45, remaining: 15, RAYPy_Simulation_bessy3_56m_PGM_2Perc_coupling_errors_off_RP/round_1/40_bessy3_56m_PGM_2Perc_coupling_errors_off_RP.rml
2025-02-08 01:29:43,411 - INFO - Completed: 46, remaining: 14, RAYPy_Simulation_bessy3_56m_PGM_2Perc_coupling_errors_off_RP/round_1/42_bessy3_56m_PGM_2Perc_coupling_errors_off_RP.rml
2025-02-08 01:29:43,972 - INFO - Completed: 47, remaining: 13, RAYPy_Simulation_bessy3_56m_PGM_2Perc_coupling_errors_off_RP/round_1/43_bessy3_56m_PGM_2Perc_coupling_errors_off_RP.rml
2025-02-08 01:29:44,301 - INFO - Completed: 48, remaining: 12, RAYPy_Simulation_bessy3_56m_PGM_2Perc_coupling_errors_off_RP/round_1/44_bessy3_56m_PGM_2Perc_coupling_errors_off_RP.rml
2025-02-08 01:29:44,590 - INFO - Completed: 49, remaining: 11, RAYPy_Simulation_bessy3_56m_PGM_2Perc_coupling_errors_off_RP/round_1/45_bessy3_56m_PGM_2Perc_coupling_errors_off_RP.rml
2025-02-08 01:29:44,879 - INFO - Completed: 50, remaining: 10, RAYPy_Simulation_bessy3_56m_PGM_2Perc_coupling_errors_off_RP/round_1/46_bessy3_56m_PGM_2Perc_coupling_errors_off_RP.rml
2025-02-08 01:29:45,160 - INFO - Completed: 51, remaining: 9, RAYPy_Simulation_bessy3_56m_PGM_2Perc_coupling_errors_off_RP/round_1/47_bessy3_56m_PGM_2Perc_coupling_errors_off_RP.rml
2025-02-08 01:29:45,195 - INFO - Completed: 52, remaining: 8, RAYPy_Simulation_bessy3_56m_PGM_2Perc_coupling_errors_off_RP/round_1/48_bessy3_56m_PGM_2Perc_coupling_errors_off_RP.rml
2025-02-08 01:29:45,466 - INFO - Completed: 53, remaining: 7, RAYPy_Simulation_bessy3_56m_PGM_2Perc_coupling_errors_off_RP/round_1/49_bessy3_56m_PGM_2Perc_coupling_errors_off_RP.rml
2025-02-08 01:29:45,576 - INFO - Completed: 54, remaining: 6, RAYPy_Simulation_bessy3_56m_PGM_2Perc_coupling_errors_off_RP/round_1/50_bessy3_56m_PGM_2Perc_coupling_errors_off_RP.rml
2025-02-08 01:29:45,779 - INFO - Completed: 55, remaining: 5, RAYPy_Simulation_bessy3_56m_PGM_2Perc_coupling_errors_off_RP/round_1/52_bessy3_56m_PGM_2Perc_coupling_errors_off_RP.rml
2025-02-08 01:29:45,949 - INFO - Completed: 56, remaining: 4, RAYPy_Simulation_bessy3_56m_PGM_2Perc_coupling_errors_off_RP/round_1/53_bessy3_56m_PGM_2Perc_coupling_errors_off_RP.rml
2025-02-08 01:29:46,187 - INFO - Completed: 57, remaining: 3, RAYPy_Simulation_bessy3_56m_PGM_2Perc_coupling_errors_off_RP/round_1/51_bessy3_56m_PGM_2Perc_coupling_errors_off_RP.rml
2025-02-08 01:29:46,342 - INFO - Completed: 58, remaining: 2, RAYPy_Simulation_bessy3_56m_PGM_2Perc_coupling_errors_off_RP/round_1/54_bessy3_56m_PGM_2Perc_coupling_errors_off_RP.rml
2025-02-08 01:29:46,741 - INFO - Completed: 59, remaining: 1, RAYPy_Simulation_bessy3_56m_PGM_2Perc_coupling_errors_off_RP/round_1/55_bessy3_56m_PGM_2Perc_coupling_errors_off_RP.rml
2025-02-08 01:29:46,839 - INFO - Completed: 60, remaining: 0, RAYPy_Simulation_bessy3_56m_PGM_2Perc_coupling_errors_off_RP/round_1/56_bessy3_56m_PGM_2Perc_coupling_errors_off_RP.rml
2025-02-08 01:29:46,840 - INFO - Batch Completed
2025-02-08 01:29:46,840 - INFO - Waiting For batch, 60 simulations to go
2025-02-08 01:29:46,848 - INFO - Prepared sim number: 57: RAYPy_Simulation_bessy3_56m_PGM_2Perc_coupling_errors_off_RP/round_1/57_bessy3_56m_PGM_2Perc_coupling_errors_off_RP.rml
2025-02-08 01:29:46,855 - INFO - Prepared sim number: 58: RAYPy_Simulation_bessy3_56m_PGM_2Perc_coupling_errors_off_RP/round_1/58_bessy3_56m_PGM_2Perc_coupling_errors_off_RP.rml
2025-02-08 01:29:46,866 - INFO - Prepared sim number: 59: RAYPy_Simulation_bessy3_56m_PGM_2Perc_coupling_errors_off_RP/round_1/59_bessy3_56m_PGM_2Perc_coupling_errors_off_RP.rml
2025-02-08 01:29:46,873 - INFO - Prepared sim number: 60: RAYPy_Simulation_bessy3_56m_PGM_2Perc_coupling_errors_off_RP/round_1/60_bessy3_56m_PGM_2Perc_coupling_errors_off_RP.rml
2025-02-08 01:29:46,878 - INFO - Prepared sim number: 61: RAYPy_Simulation_bessy3_56m_PGM_2Perc_coupling_errors_off_RP/round_1/61_bessy3_56m_PGM_2Perc_coupling_errors_off_RP.rml
2025-02-08 01:29:46,885 - INFO - Prepared sim number: 62: RAYPy_Simulation_bessy3_56m_PGM_2Perc_coupling_errors_off_RP/round_1/62_bessy3_56m_PGM_2Perc_coupling_errors_off_RP.rml
2025-02-08 01:29:46,890 - INFO - Prepared sim number: 63: RAYPy_Simulation_bessy3_56m_PGM_2Perc_coupling_errors_off_RP/round_1/63_bessy3_56m_PGM_2Perc_coupling_errors_off_RP.rml
2025-02-08 01:29:46,899 - INFO - Prepared sim number: 64: RAYPy_Simulation_bessy3_56m_PGM_2Perc_coupling_errors_off_RP/round_1/64_bessy3_56m_PGM_2Perc_coupling_errors_off_RP.rml
2025-02-08 01:29:46,905 - INFO - Prepared sim number: 65: RAYPy_Simulation_bessy3_56m_PGM_2Perc_coupling_errors_off_RP/round_1/65_bessy3_56m_PGM_2Perc_coupling_errors_off_RP.rml
2025-02-08 01:29:46,911 - INFO - Prepared sim number: 66: RAYPy_Simulation_bessy3_56m_PGM_2Perc_coupling_errors_off_RP/round_1/66_bessy3_56m_PGM_2Perc_coupling_errors_off_RP.rml
2025-02-08 01:29:46,917 - INFO - Prepared sim number: 67: RAYPy_Simulation_bessy3_56m_PGM_2Perc_coupling_errors_off_RP/round_1/67_bessy3_56m_PGM_2Perc_coupling_errors_off_RP.rml
2025-02-08 01:29:46,922 - INFO - Prepared sim number: 68: RAYPy_Simulation_bessy3_56m_PGM_2Perc_coupling_errors_off_RP/round_1/68_bessy3_56m_PGM_2Perc_coupling_errors_off_RP.rml
2025-02-08 01:29:46,928 - INFO - Prepared sim number: 69: RAYPy_Simulation_bessy3_56m_PGM_2Perc_coupling_errors_off_RP/round_1/69_bessy3_56m_PGM_2Perc_coupling_errors_off_RP.rml
2025-02-08 01:29:46,933 - INFO - Prepared sim number: 70: RAYPy_Simulation_bessy3_56m_PGM_2Perc_coupling_errors_off_RP/round_1/70_bessy3_56m_PGM_2Perc_coupling_errors_off_RP.rml
2025-02-08 01:29:46,939 - INFO - Prepared sim number: 71: RAYPy_Simulation_bessy3_56m_PGM_2Perc_coupling_errors_off_RP/round_1/71_bessy3_56m_PGM_2Perc_coupling_errors_off_RP.rml
2025-02-08 01:29:46,943 - INFO - Prepared sim number: 72: RAYPy_Simulation_bessy3_56m_PGM_2Perc_coupling_errors_off_RP/round_1/72_bessy3_56m_PGM_2Perc_coupling_errors_off_RP.rml
2025-02-08 01:29:46,949 - INFO - Prepared sim number: 73: RAYPy_Simulation_bessy3_56m_PGM_2Perc_coupling_errors_off_RP/round_1/73_bessy3_56m_PGM_2Perc_coupling_errors_off_RP.rml
2025-02-08 01:29:46,953 - INFO - Prepared sim number: 74: RAYPy_Simulation_bessy3_56m_PGM_2Perc_coupling_errors_off_RP/round_1/74_bessy3_56m_PGM_2Perc_coupling_errors_off_RP.rml
2025-02-08 01:29:46,958 - INFO - Prepared sim number: 75: RAYPy_Simulation_bessy3_56m_PGM_2Perc_coupling_errors_off_RP/round_1/75_bessy3_56m_PGM_2Perc_coupling_errors_off_RP.rml
2025-02-08 01:29:46,963 - INFO - Prepared sim number: 76: RAYPy_Simulation_bessy3_56m_PGM_2Perc_coupling_errors_off_RP/round_1/76_bessy3_56m_PGM_2Perc_coupling_errors_off_RP.rml
2025-02-08 01:29:46,968 - INFO - Prepared sim number: 77: RAYPy_Simulation_bessy3_56m_PGM_2Perc_coupling_errors_off_RP/round_1/77_bessy3_56m_PGM_2Perc_coupling_errors_off_RP.rml
2025-02-08 01:29:46,973 - INFO - Prepared sim number: 78: RAYPy_Simulation_bessy3_56m_PGM_2Perc_coupling_errors_off_RP/round_1/78_bessy3_56m_PGM_2Perc_coupling_errors_off_RP.rml
2025-02-08 01:29:46,978 - INFO - Prepared sim number: 79: RAYPy_Simulation_bessy3_56m_PGM_2Perc_coupling_errors_off_RP/round_1/79_bessy3_56m_PGM_2Perc_coupling_errors_off_RP.rml
2025-02-08 01:29:46,983 - INFO - Prepared sim number: 80: RAYPy_Simulation_bessy3_56m_PGM_2Perc_coupling_errors_off_RP/round_1/80_bessy3_56m_PGM_2Perc_coupling_errors_off_RP.rml
2025-02-08 01:29:46,988 - INFO - Prepared sim number: 81: RAYPy_Simulation_bessy3_56m_PGM_2Perc_coupling_errors_off_RP/round_1/81_bessy3_56m_PGM_2Perc_coupling_errors_off_RP.rml
2025-02-08 01:29:46,993 - INFO - Prepared sim number: 82: RAYPy_Simulation_bessy3_56m_PGM_2Perc_coupling_errors_off_RP/round_1/82_bessy3_56m_PGM_2Perc_coupling_errors_off_RP.rml
2025-02-08 01:29:46,997 - INFO - Prepared sim number: 83: RAYPy_Simulation_bessy3_56m_PGM_2Perc_coupling_errors_off_RP/round_1/83_bessy3_56m_PGM_2Perc_coupling_errors_off_RP.rml
2025-02-08 01:29:47,002 - INFO - Prepared sim number: 84: RAYPy_Simulation_bessy3_56m_PGM_2Perc_coupling_errors_off_RP/round_1/84_bessy3_56m_PGM_2Perc_coupling_errors_off_RP.rml
2025-02-08 01:29:47,007 - INFO - Prepared sim number: 85: RAYPy_Simulation_bessy3_56m_PGM_2Perc_coupling_errors_off_RP/round_1/85_bessy3_56m_PGM_2Perc_coupling_errors_off_RP.rml
2025-02-08 01:29:47,012 - INFO - Prepared sim number: 86: RAYPy_Simulation_bessy3_56m_PGM_2Perc_coupling_errors_off_RP/round_1/86_bessy3_56m_PGM_2Perc_coupling_errors_off_RP.rml
2025-02-08 01:29:47,016 - INFO - Prepared sim number: 87: RAYPy_Simulation_bessy3_56m_PGM_2Perc_coupling_errors_off_RP/round_1/87_bessy3_56m_PGM_2Perc_coupling_errors_off_RP.rml
2025-02-08 01:29:47,021 - INFO - Prepared sim number: 88: RAYPy_Simulation_bessy3_56m_PGM_2Perc_coupling_errors_off_RP/round_1/88_bessy3_56m_PGM_2Perc_coupling_errors_off_RP.rml
2025-02-08 01:29:47,026 - INFO - Prepared sim number: 89: RAYPy_Simulation_bessy3_56m_PGM_2Perc_coupling_errors_off_RP/round_1/89_bessy3_56m_PGM_2Perc_coupling_errors_off_RP.rml
2025-02-08 01:29:47,031 - INFO - Prepared sim number: 90: RAYPy_Simulation_bessy3_56m_PGM_2Perc_coupling_errors_off_RP/round_1/90_bessy3_56m_PGM_2Perc_coupling_errors_off_RP.rml
2025-02-08 01:29:47,036 - INFO - Prepared sim number: 91: RAYPy_Simulation_bessy3_56m_PGM_2Perc_coupling_errors_off_RP/round_1/91_bessy3_56m_PGM_2Perc_coupling_errors_off_RP.rml
2025-02-08 01:29:47,041 - INFO - Prepared sim number: 92: RAYPy_Simulation_bessy3_56m_PGM_2Perc_coupling_errors_off_RP/round_1/92_bessy3_56m_PGM_2Perc_coupling_errors_off_RP.rml
2025-02-08 01:29:47,046 - INFO - Prepared sim number: 93: RAYPy_Simulation_bessy3_56m_PGM_2Perc_coupling_errors_off_RP/round_1/93_bessy3_56m_PGM_2Perc_coupling_errors_off_RP.rml
2025-02-08 01:29:47,051 - INFO - Prepared sim number: 94: RAYPy_Simulation_bessy3_56m_PGM_2Perc_coupling_errors_off_RP/round_1/94_bessy3_56m_PGM_2Perc_coupling_errors_off_RP.rml
2025-02-08 01:29:47,055 - INFO - Prepared sim number: 95: RAYPy_Simulation_bessy3_56m_PGM_2Perc_coupling_errors_off_RP/round_1/95_bessy3_56m_PGM_2Perc_coupling_errors_off_RP.rml
2025-02-08 01:29:47,060 - INFO - Prepared sim number: 96: RAYPy_Simulation_bessy3_56m_PGM_2Perc_coupling_errors_off_RP/round_1/96_bessy3_56m_PGM_2Perc_coupling_errors_off_RP.rml
2025-02-08 01:29:47,065 - INFO - Prepared sim number: 97: RAYPy_Simulation_bessy3_56m_PGM_2Perc_coupling_errors_off_RP/round_1/97_bessy3_56m_PGM_2Perc_coupling_errors_off_RP.rml
2025-02-08 01:29:47,069 - INFO - Prepared sim number: 98: RAYPy_Simulation_bessy3_56m_PGM_2Perc_coupling_errors_off_RP/round_1/98_bessy3_56m_PGM_2Perc_coupling_errors_off_RP.rml
2025-02-08 01:29:47,074 - INFO - Prepared sim number: 99: RAYPy_Simulation_bessy3_56m_PGM_2Perc_coupling_errors_off_RP/round_1/99_bessy3_56m_PGM_2Perc_coupling_errors_off_RP.rml
2025-02-08 01:29:47,079 - INFO - Prepared sim number: 100: RAYPy_Simulation_bessy3_56m_PGM_2Perc_coupling_errors_off_RP/round_1/100_bessy3_56m_PGM_2Perc_coupling_errors_off_RP.rml
2025-02-08 01:29:47,084 - INFO - Prepared sim number: 101: RAYPy_Simulation_bessy3_56m_PGM_2Perc_coupling_errors_off_RP/round_1/101_bessy3_56m_PGM_2Perc_coupling_errors_off_RP.rml
2025-02-08 01:29:47,088 - INFO - Prepared sim number: 102: RAYPy_Simulation_bessy3_56m_PGM_2Perc_coupling_errors_off_RP/round_1/102_bessy3_56m_PGM_2Perc_coupling_errors_off_RP.rml
2025-02-08 01:29:47,093 - INFO - Prepared sim number: 103: RAYPy_Simulation_bessy3_56m_PGM_2Perc_coupling_errors_off_RP/round_1/103_bessy3_56m_PGM_2Perc_coupling_errors_off_RP.rml
2025-02-08 01:29:47,098 - INFO - Prepared sim number: 104: RAYPy_Simulation_bessy3_56m_PGM_2Perc_coupling_errors_off_RP/round_1/104_bessy3_56m_PGM_2Perc_coupling_errors_off_RP.rml
2025-02-08 01:29:47,102 - INFO - Prepared sim number: 105: RAYPy_Simulation_bessy3_56m_PGM_2Perc_coupling_errors_off_RP/round_1/105_bessy3_56m_PGM_2Perc_coupling_errors_off_RP.rml
2025-02-08 01:29:47,107 - INFO - Prepared sim number: 106: RAYPy_Simulation_bessy3_56m_PGM_2Perc_coupling_errors_off_RP/round_1/106_bessy3_56m_PGM_2Perc_coupling_errors_off_RP.rml
2025-02-08 01:29:47,112 - INFO - Prepared sim number: 107: RAYPy_Simulation_bessy3_56m_PGM_2Perc_coupling_errors_off_RP/round_1/107_bessy3_56m_PGM_2Perc_coupling_errors_off_RP.rml
2025-02-08 01:29:47,116 - INFO - Prepared sim number: 108: RAYPy_Simulation_bessy3_56m_PGM_2Perc_coupling_errors_off_RP/round_1/108_bessy3_56m_PGM_2Perc_coupling_errors_off_RP.rml
2025-02-08 01:29:47,122 - INFO - Prepared sim number: 109: RAYPy_Simulation_bessy3_56m_PGM_2Perc_coupling_errors_off_RP/round_1/109_bessy3_56m_PGM_2Perc_coupling_errors_off_RP.rml
2025-02-08 01:29:47,126 - INFO - Prepared sim number: 110: RAYPy_Simulation_bessy3_56m_PGM_2Perc_coupling_errors_off_RP/round_1/110_bessy3_56m_PGM_2Perc_coupling_errors_off_RP.rml
2025-02-08 01:29:47,131 - INFO - Prepared sim number: 111: RAYPy_Simulation_bessy3_56m_PGM_2Perc_coupling_errors_off_RP/round_1/111_bessy3_56m_PGM_2Perc_coupling_errors_off_RP.rml
2025-02-08 01:29:47,136 - INFO - Prepared sim number: 112: RAYPy_Simulation_bessy3_56m_PGM_2Perc_coupling_errors_off_RP/round_1/112_bessy3_56m_PGM_2Perc_coupling_errors_off_RP.rml
2025-02-08 01:29:47,140 - INFO - Prepared sim number: 113: RAYPy_Simulation_bessy3_56m_PGM_2Perc_coupling_errors_off_RP/round_1/113_bessy3_56m_PGM_2Perc_coupling_errors_off_RP.rml
2025-02-08 01:29:47,145 - INFO - Prepared sim number: 114: RAYPy_Simulation_bessy3_56m_PGM_2Perc_coupling_errors_off_RP/round_1/114_bessy3_56m_PGM_2Perc_coupling_errors_off_RP.rml
2025-02-08 01:29:47,150 - INFO - Prepared sim number: 115: RAYPy_Simulation_bessy3_56m_PGM_2Perc_coupling_errors_off_RP/round_1/115_bessy3_56m_PGM_2Perc_coupling_errors_off_RP.rml
2025-02-08 01:29:47,155 - INFO - Prepared sim number: 116: RAYPy_Simulation_bessy3_56m_PGM_2Perc_coupling_errors_off_RP/round_1/116_bessy3_56m_PGM_2Perc_coupling_errors_off_RP.rml
2025-02-08 01:29:47,155 - INFO - Waiting for batch number: 3, timeout: 21.540431372324623s
2025-02-08 01:29:50,192 - INFO - Completed: 1, remaining: 59, RAYPy_Simulation_bessy3_56m_PGM_2Perc_coupling_errors_off_RP/round_1/62_bessy3_56m_PGM_2Perc_coupling_errors_off_RP.rml
2025-02-08 01:29:50,311 - INFO - Completed: 2, remaining: 58, RAYPy_Simulation_bessy3_56m_PGM_2Perc_coupling_errors_off_RP/round_1/57_bessy3_56m_PGM_2Perc_coupling_errors_off_RP.rml
2025-02-08 01:29:50,427 - INFO - Completed: 3, remaining: 57, RAYPy_Simulation_bessy3_56m_PGM_2Perc_coupling_errors_off_RP/round_1/66_bessy3_56m_PGM_2Perc_coupling_errors_off_RP.rml
2025-02-08 01:29:50,509 - INFO - Completed: 4, remaining: 56, RAYPy_Simulation_bessy3_56m_PGM_2Perc_coupling_errors_off_RP/round_1/58_bessy3_56m_PGM_2Perc_coupling_errors_off_RP.rml
2025-02-08 01:29:50,532 - INFO - Completed: 5, remaining: 55, RAYPy_Simulation_bessy3_56m_PGM_2Perc_coupling_errors_off_RP/round_1/67_bessy3_56m_PGM_2Perc_coupling_errors_off_RP.rml
2025-02-08 01:29:50,564 - INFO - Completed: 6, remaining: 54, RAYPy_Simulation_bessy3_56m_PGM_2Perc_coupling_errors_off_RP/round_1/68_bessy3_56m_PGM_2Perc_coupling_errors_off_RP.rml
2025-02-08 01:29:50,585 - INFO - Completed: 7, remaining: 53, RAYPy_Simulation_bessy3_56m_PGM_2Perc_coupling_errors_off_RP/round_1/61_bessy3_56m_PGM_2Perc_coupling_errors_off_RP.rml
2025-02-08 01:29:50,649 - INFO - Completed: 8, remaining: 52, RAYPy_Simulation_bessy3_56m_PGM_2Perc_coupling_errors_off_RP/round_1/59_bessy3_56m_PGM_2Perc_coupling_errors_off_RP.rml
2025-02-08 01:29:50,800 - INFO - Completed: 9, remaining: 51, RAYPy_Simulation_bessy3_56m_PGM_2Perc_coupling_errors_off_RP/round_1/63_bessy3_56m_PGM_2Perc_coupling_errors_off_RP.rml
2025-02-08 01:29:51,195 - INFO - Completed: 10, remaining: 50, RAYPy_Simulation_bessy3_56m_PGM_2Perc_coupling_errors_off_RP/round_1/60_bessy3_56m_PGM_2Perc_coupling_errors_off_RP.rml
2025-02-08 01:29:51,204 - INFO - Completed: 11, remaining: 49, RAYPy_Simulation_bessy3_56m_PGM_2Perc_coupling_errors_off_RP/round_1/65_bessy3_56m_PGM_2Perc_coupling_errors_off_RP.rml
2025-02-08 01:29:51,280 - INFO - Completed: 12, remaining: 48, RAYPy_Simulation_bessy3_56m_PGM_2Perc_coupling_errors_off_RP/round_1/64_bessy3_56m_PGM_2Perc_coupling_errors_off_RP.rml
2025-02-08 01:29:53,643 - INFO - Completed: 13, remaining: 47, RAYPy_Simulation_bessy3_56m_PGM_2Perc_coupling_errors_off_RP/round_1/69_bessy3_56m_PGM_2Perc_coupling_errors_off_RP.rml
2025-02-08 01:29:54,016 - INFO - Completed: 14, remaining: 46, RAYPy_Simulation_bessy3_56m_PGM_2Perc_coupling_errors_off_RP/round_1/70_bessy3_56m_PGM_2Perc_coupling_errors_off_RP.rml
2025-02-08 01:29:54,194 - INFO - Completed: 15, remaining: 45, RAYPy_Simulation_bessy3_56m_PGM_2Perc_coupling_errors_off_RP/round_1/72_bessy3_56m_PGM_2Perc_coupling_errors_off_RP.rml
2025-02-08 01:29:54,224 - INFO - Completed: 16, remaining: 44, RAYPy_Simulation_bessy3_56m_PGM_2Perc_coupling_errors_off_RP/round_1/71_bessy3_56m_PGM_2Perc_coupling_errors_off_RP.rml
2025-02-08 01:29:54,317 - INFO - Completed: 17, remaining: 43, RAYPy_Simulation_bessy3_56m_PGM_2Perc_coupling_errors_off_RP/round_1/74_bessy3_56m_PGM_2Perc_coupling_errors_off_RP.rml
2025-02-08 01:29:54,385 - INFO - Completed: 18, remaining: 42, RAYPy_Simulation_bessy3_56m_PGM_2Perc_coupling_errors_off_RP/round_1/76_bessy3_56m_PGM_2Perc_coupling_errors_off_RP.rml
2025-02-08 01:29:54,430 - INFO - Completed: 19, remaining: 41, RAYPy_Simulation_bessy3_56m_PGM_2Perc_coupling_errors_off_RP/round_1/73_bessy3_56m_PGM_2Perc_coupling_errors_off_RP.rml
2025-02-08 01:29:54,543 - INFO - Completed: 20, remaining: 40, RAYPy_Simulation_bessy3_56m_PGM_2Perc_coupling_errors_off_RP/round_1/75_bessy3_56m_PGM_2Perc_coupling_errors_off_RP.rml
2025-02-08 01:29:54,897 - INFO - Completed: 21, remaining: 39, RAYPy_Simulation_bessy3_56m_PGM_2Perc_coupling_errors_off_RP/round_1/79_bessy3_56m_PGM_2Perc_coupling_errors_off_RP.rml
2025-02-08 01:29:54,939 - INFO - Completed: 22, remaining: 38, RAYPy_Simulation_bessy3_56m_PGM_2Perc_coupling_errors_off_RP/round_1/78_bessy3_56m_PGM_2Perc_coupling_errors_off_RP.rml
2025-02-08 01:29:55,088 - INFO - Completed: 23, remaining: 37, RAYPy_Simulation_bessy3_56m_PGM_2Perc_coupling_errors_off_RP/round_1/80_bessy3_56m_PGM_2Perc_coupling_errors_off_RP.rml
2025-02-08 01:29:55,616 - INFO - Completed: 24, remaining: 36, RAYPy_Simulation_bessy3_56m_PGM_2Perc_coupling_errors_off_RP/round_1/77_bessy3_56m_PGM_2Perc_coupling_errors_off_RP.rml
2025-02-08 01:29:57,107 - INFO - Completed: 25, remaining: 35, RAYPy_Simulation_bessy3_56m_PGM_2Perc_coupling_errors_off_RP/round_1/81_bessy3_56m_PGM_2Perc_coupling_errors_off_RP.rml
2025-02-08 01:29:57,177 - INFO - Completed: 26, remaining: 34, RAYPy_Simulation_bessy3_56m_PGM_2Perc_coupling_errors_off_RP/round_1/82_bessy3_56m_PGM_2Perc_coupling_errors_off_RP.rml
2025-02-08 01:29:57,581 - INFO - Completed: 27, remaining: 33, RAYPy_Simulation_bessy3_56m_PGM_2Perc_coupling_errors_off_RP/round_1/86_bessy3_56m_PGM_2Perc_coupling_errors_off_RP.rml
2025-02-08 01:29:57,631 - INFO - Completed: 28, remaining: 32, RAYPy_Simulation_bessy3_56m_PGM_2Perc_coupling_errors_off_RP/round_1/84_bessy3_56m_PGM_2Perc_coupling_errors_off_RP.rml
2025-02-08 01:29:57,695 - INFO - Completed: 29, remaining: 31, RAYPy_Simulation_bessy3_56m_PGM_2Perc_coupling_errors_off_RP/round_1/83_bessy3_56m_PGM_2Perc_coupling_errors_off_RP.rml
2025-02-08 01:29:57,724 - INFO - Completed: 30, remaining: 30, RAYPy_Simulation_bessy3_56m_PGM_2Perc_coupling_errors_off_RP/round_1/85_bessy3_56m_PGM_2Perc_coupling_errors_off_RP.rml
2025-02-08 01:29:57,954 - INFO - Completed: 31, remaining: 29, RAYPy_Simulation_bessy3_56m_PGM_2Perc_coupling_errors_off_RP/round_1/88_bessy3_56m_PGM_2Perc_coupling_errors_off_RP.rml
2025-02-08 01:29:57,987 - INFO - Completed: 32, remaining: 28, RAYPy_Simulation_bessy3_56m_PGM_2Perc_coupling_errors_off_RP/round_1/87_bessy3_56m_PGM_2Perc_coupling_errors_off_RP.rml
2025-02-08 01:29:58,105 - INFO - Completed: 33, remaining: 27, RAYPy_Simulation_bessy3_56m_PGM_2Perc_coupling_errors_off_RP/round_1/90_bessy3_56m_PGM_2Perc_coupling_errors_off_RP.rml
2025-02-08 01:29:58,371 - INFO - Completed: 34, remaining: 26, RAYPy_Simulation_bessy3_56m_PGM_2Perc_coupling_errors_off_RP/round_1/91_bessy3_56m_PGM_2Perc_coupling_errors_off_RP.rml
2025-02-08 01:29:58,851 - INFO - Completed: 35, remaining: 25, RAYPy_Simulation_bessy3_56m_PGM_2Perc_coupling_errors_off_RP/round_1/89_bessy3_56m_PGM_2Perc_coupling_errors_off_RP.rml
2025-02-08 01:29:58,962 - INFO - Completed: 36, remaining: 24, RAYPy_Simulation_bessy3_56m_PGM_2Perc_coupling_errors_off_RP/round_1/92_bessy3_56m_PGM_2Perc_coupling_errors_off_RP.rml
2025-02-08 01:30:00,477 - INFO - Completed: 37, remaining: 23, RAYPy_Simulation_bessy3_56m_PGM_2Perc_coupling_errors_off_RP/round_1/93_bessy3_56m_PGM_2Perc_coupling_errors_off_RP.rml
2025-02-08 01:30:00,689 - INFO - Completed: 38, remaining: 22, RAYPy_Simulation_bessy3_56m_PGM_2Perc_coupling_errors_off_RP/round_1/94_bessy3_56m_PGM_2Perc_coupling_errors_off_RP.rml
2025-02-08 01:30:00,979 - INFO - Completed: 39, remaining: 21, RAYPy_Simulation_bessy3_56m_PGM_2Perc_coupling_errors_off_RP/round_1/97_bessy3_56m_PGM_2Perc_coupling_errors_off_RP.rml
2025-02-08 01:30:01,090 - INFO - Completed: 40, remaining: 20, RAYPy_Simulation_bessy3_56m_PGM_2Perc_coupling_errors_off_RP/round_1/96_bessy3_56m_PGM_2Perc_coupling_errors_off_RP.rml
2025-02-08 01:30:01,117 - INFO - Completed: 41, remaining: 19, RAYPy_Simulation_bessy3_56m_PGM_2Perc_coupling_errors_off_RP/round_1/95_bessy3_56m_PGM_2Perc_coupling_errors_off_RP.rml
2025-02-08 01:30:01,266 - INFO - Completed: 42, remaining: 18, RAYPy_Simulation_bessy3_56m_PGM_2Perc_coupling_errors_off_RP/round_1/100_bessy3_56m_PGM_2Perc_coupling_errors_off_RP.rml
2025-02-08 01:30:01,272 - INFO - Completed: 43, remaining: 17, RAYPy_Simulation_bessy3_56m_PGM_2Perc_coupling_errors_off_RP/round_1/98_bessy3_56m_PGM_2Perc_coupling_errors_off_RP.rml
2025-02-08 01:30:01,450 - INFO - Completed: 44, remaining: 16, RAYPy_Simulation_bessy3_56m_PGM_2Perc_coupling_errors_off_RP/round_1/99_bessy3_56m_PGM_2Perc_coupling_errors_off_RP.rml
2025-02-08 01:30:01,624 - INFO - Completed: 45, remaining: 15, RAYPy_Simulation_bessy3_56m_PGM_2Perc_coupling_errors_off_RP/round_1/102_bessy3_56m_PGM_2Perc_coupling_errors_off_RP.rml
2025-02-08 01:30:01,985 - INFO - Completed: 46, remaining: 14, RAYPy_Simulation_bessy3_56m_PGM_2Perc_coupling_errors_off_RP/round_1/103_bessy3_56m_PGM_2Perc_coupling_errors_off_RP.rml
2025-02-08 01:30:02,618 - INFO - Completed: 47, remaining: 13, RAYPy_Simulation_bessy3_56m_PGM_2Perc_coupling_errors_off_RP/round_1/101_bessy3_56m_PGM_2Perc_coupling_errors_off_RP.rml
2025-02-08 01:30:02,665 - INFO - Completed: 48, remaining: 12, RAYPy_Simulation_bessy3_56m_PGM_2Perc_coupling_errors_off_RP/round_1/104_bessy3_56m_PGM_2Perc_coupling_errors_off_RP.rml
2025-02-08 01:30:03,849 - INFO - Completed: 49, remaining: 11, RAYPy_Simulation_bessy3_56m_PGM_2Perc_coupling_errors_off_RP/round_1/105_bessy3_56m_PGM_2Perc_coupling_errors_off_RP.rml
2025-02-08 01:30:04,104 - INFO - Completed: 50, remaining: 10, RAYPy_Simulation_bessy3_56m_PGM_2Perc_coupling_errors_off_RP/round_1/106_bessy3_56m_PGM_2Perc_coupling_errors_off_RP.rml
2025-02-08 01:30:04,351 - INFO - Completed: 51, remaining: 9, RAYPy_Simulation_bessy3_56m_PGM_2Perc_coupling_errors_off_RP/round_1/107_bessy3_56m_PGM_2Perc_coupling_errors_off_RP.rml
2025-02-08 01:30:04,405 - INFO - Completed: 52, remaining: 8, RAYPy_Simulation_bessy3_56m_PGM_2Perc_coupling_errors_off_RP/round_1/108_bessy3_56m_PGM_2Perc_coupling_errors_off_RP.rml
2025-02-08 01:30:04,504 - INFO - Completed: 53, remaining: 7, RAYPy_Simulation_bessy3_56m_PGM_2Perc_coupling_errors_off_RP/round_1/109_bessy3_56m_PGM_2Perc_coupling_errors_off_RP.rml
2025-02-08 01:30:04,624 - INFO - Completed: 54, remaining: 6, RAYPy_Simulation_bessy3_56m_PGM_2Perc_coupling_errors_off_RP/round_1/110_bessy3_56m_PGM_2Perc_coupling_errors_off_RP.rml
2025-02-08 01:30:04,715 - INFO - Completed: 55, remaining: 5, RAYPy_Simulation_bessy3_56m_PGM_2Perc_coupling_errors_off_RP/round_1/111_bessy3_56m_PGM_2Perc_coupling_errors_off_RP.rml
2025-02-08 01:30:04,782 - INFO - Completed: 56, remaining: 4, RAYPy_Simulation_bessy3_56m_PGM_2Perc_coupling_errors_off_RP/round_1/112_bessy3_56m_PGM_2Perc_coupling_errors_off_RP.rml
2025-02-08 01:30:04,904 - INFO - Completed: 57, remaining: 3, RAYPy_Simulation_bessy3_56m_PGM_2Perc_coupling_errors_off_RP/round_1/113_bessy3_56m_PGM_2Perc_coupling_errors_off_RP.rml
2025-02-08 01:30:05,099 - INFO - Completed: 58, remaining: 2, RAYPy_Simulation_bessy3_56m_PGM_2Perc_coupling_errors_off_RP/round_1/114_bessy3_56m_PGM_2Perc_coupling_errors_off_RP.rml
2025-02-08 01:30:05,450 - INFO - Completed: 59, remaining: 1, RAYPy_Simulation_bessy3_56m_PGM_2Perc_coupling_errors_off_RP/round_1/116_bessy3_56m_PGM_2Perc_coupling_errors_off_RP.rml
2025-02-08 01:30:06,433 - INFO - Completed: 60, remaining: 0, RAYPy_Simulation_bessy3_56m_PGM_2Perc_coupling_errors_off_RP/round_1/115_bessy3_56m_PGM_2Perc_coupling_errors_off_RP.rml
2025-02-08 01:30:06,433 - INFO - Batch Completed
2025-02-08 01:30:06,434 - INFO - Waiting For batch, 60 simulations to go
2025-02-08 01:30:06,439 - INFO - Prepared sim number: 117: RAYPy_Simulation_bessy3_56m_PGM_2Perc_coupling_errors_off_RP/round_1/117_bessy3_56m_PGM_2Perc_coupling_errors_off_RP.rml
2025-02-08 01:30:06,445 - INFO - Prepared sim number: 118: RAYPy_Simulation_bessy3_56m_PGM_2Perc_coupling_errors_off_RP/round_1/118_bessy3_56m_PGM_2Perc_coupling_errors_off_RP.rml
2025-02-08 01:30:06,457 - INFO - Prepared sim number: 119: RAYPy_Simulation_bessy3_56m_PGM_2Perc_coupling_errors_off_RP/round_1/119_bessy3_56m_PGM_2Perc_coupling_errors_off_RP.rml
2025-02-08 01:30:06,461 - INFO - Prepared sim number: 120: RAYPy_Simulation_bessy3_56m_PGM_2Perc_coupling_errors_off_RP/round_1/120_bessy3_56m_PGM_2Perc_coupling_errors_off_RP.rml
2025-02-08 01:30:06,467 - INFO - Prepared sim number: 121: RAYPy_Simulation_bessy3_56m_PGM_2Perc_coupling_errors_off_RP/round_1/121_bessy3_56m_PGM_2Perc_coupling_errors_off_RP.rml
2025-02-08 01:30:06,472 - INFO - Prepared sim number: 122: RAYPy_Simulation_bessy3_56m_PGM_2Perc_coupling_errors_off_RP/round_1/122_bessy3_56m_PGM_2Perc_coupling_errors_off_RP.rml
2025-02-08 01:30:06,472 - INFO - Start round 2
2025-02-08 01:30:06,477 - INFO - Prepared sim number: 0: RAYPy_Simulation_bessy3_56m_PGM_2Perc_coupling_errors_off_RP/round_2/0_bessy3_56m_PGM_2Perc_coupling_errors_off_RP.rml
2025-02-08 01:30:06,486 - INFO - Prepared sim number: 1: RAYPy_Simulation_bessy3_56m_PGM_2Perc_coupling_errors_off_RP/round_2/1_bessy3_56m_PGM_2Perc_coupling_errors_off_RP.rml
2025-02-08 01:30:06,492 - INFO - Prepared sim number: 2: RAYPy_Simulation_bessy3_56m_PGM_2Perc_coupling_errors_off_RP/round_2/2_bessy3_56m_PGM_2Perc_coupling_errors_off_RP.rml
2025-02-08 01:30:06,499 - INFO - Prepared sim number: 3: RAYPy_Simulation_bessy3_56m_PGM_2Perc_coupling_errors_off_RP/round_2/3_bessy3_56m_PGM_2Perc_coupling_errors_off_RP.rml
2025-02-08 01:30:06,505 - INFO - Prepared sim number: 4: RAYPy_Simulation_bessy3_56m_PGM_2Perc_coupling_errors_off_RP/round_2/4_bessy3_56m_PGM_2Perc_coupling_errors_off_RP.rml
2025-02-08 01:30:06,510 - INFO - Prepared sim number: 5: RAYPy_Simulation_bessy3_56m_PGM_2Perc_coupling_errors_off_RP/round_2/5_bessy3_56m_PGM_2Perc_coupling_errors_off_RP.rml
2025-02-08 01:30:06,516 - INFO - Prepared sim number: 6: RAYPy_Simulation_bessy3_56m_PGM_2Perc_coupling_errors_off_RP/round_2/6_bessy3_56m_PGM_2Perc_coupling_errors_off_RP.rml
2025-02-08 01:30:06,520 - INFO - Prepared sim number: 7: RAYPy_Simulation_bessy3_56m_PGM_2Perc_coupling_errors_off_RP/round_2/7_bessy3_56m_PGM_2Perc_coupling_errors_off_RP.rml
2025-02-08 01:30:06,525 - INFO - Prepared sim number: 8: RAYPy_Simulation_bessy3_56m_PGM_2Perc_coupling_errors_off_RP/round_2/8_bessy3_56m_PGM_2Perc_coupling_errors_off_RP.rml
2025-02-08 01:30:06,529 - INFO - Prepared sim number: 9: RAYPy_Simulation_bessy3_56m_PGM_2Perc_coupling_errors_off_RP/round_2/9_bessy3_56m_PGM_2Perc_coupling_errors_off_RP.rml
2025-02-08 01:30:06,534 - INFO - Prepared sim number: 10: RAYPy_Simulation_bessy3_56m_PGM_2Perc_coupling_errors_off_RP/round_2/10_bessy3_56m_PGM_2Perc_coupling_errors_off_RP.rml
2025-02-08 01:30:06,539 - INFO - Prepared sim number: 11: RAYPy_Simulation_bessy3_56m_PGM_2Perc_coupling_errors_off_RP/round_2/11_bessy3_56m_PGM_2Perc_coupling_errors_off_RP.rml
2025-02-08 01:30:06,545 - INFO - Prepared sim number: 12: RAYPy_Simulation_bessy3_56m_PGM_2Perc_coupling_errors_off_RP/round_2/12_bessy3_56m_PGM_2Perc_coupling_errors_off_RP.rml
2025-02-08 01:30:06,551 - INFO - Prepared sim number: 13: RAYPy_Simulation_bessy3_56m_PGM_2Perc_coupling_errors_off_RP/round_2/13_bessy3_56m_PGM_2Perc_coupling_errors_off_RP.rml
2025-02-08 01:30:06,557 - INFO - Prepared sim number: 14: RAYPy_Simulation_bessy3_56m_PGM_2Perc_coupling_errors_off_RP/round_2/14_bessy3_56m_PGM_2Perc_coupling_errors_off_RP.rml
2025-02-08 01:30:06,563 - INFO - Prepared sim number: 15: RAYPy_Simulation_bessy3_56m_PGM_2Perc_coupling_errors_off_RP/round_2/15_bessy3_56m_PGM_2Perc_coupling_errors_off_RP.rml
2025-02-08 01:30:06,568 - INFO - Prepared sim number: 16: RAYPy_Simulation_bessy3_56m_PGM_2Perc_coupling_errors_off_RP/round_2/16_bessy3_56m_PGM_2Perc_coupling_errors_off_RP.rml
2025-02-08 01:30:06,573 - INFO - Prepared sim number: 17: RAYPy_Simulation_bessy3_56m_PGM_2Perc_coupling_errors_off_RP/round_2/17_bessy3_56m_PGM_2Perc_coupling_errors_off_RP.rml
2025-02-08 01:30:06,577 - INFO - Prepared sim number: 18: RAYPy_Simulation_bessy3_56m_PGM_2Perc_coupling_errors_off_RP/round_2/18_bessy3_56m_PGM_2Perc_coupling_errors_off_RP.rml
2025-02-08 01:30:06,581 - INFO - Prepared sim number: 19: RAYPy_Simulation_bessy3_56m_PGM_2Perc_coupling_errors_off_RP/round_2/19_bessy3_56m_PGM_2Perc_coupling_errors_off_RP.rml
2025-02-08 01:30:06,586 - INFO - Prepared sim number: 20: RAYPy_Simulation_bessy3_56m_PGM_2Perc_coupling_errors_off_RP/round_2/20_bessy3_56m_PGM_2Perc_coupling_errors_off_RP.rml
2025-02-08 01:30:06,591 - INFO - Prepared sim number: 21: RAYPy_Simulation_bessy3_56m_PGM_2Perc_coupling_errors_off_RP/round_2/21_bessy3_56m_PGM_2Perc_coupling_errors_off_RP.rml
2025-02-08 01:30:06,596 - INFO - Prepared sim number: 22: RAYPy_Simulation_bessy3_56m_PGM_2Perc_coupling_errors_off_RP/round_2/22_bessy3_56m_PGM_2Perc_coupling_errors_off_RP.rml
2025-02-08 01:30:06,601 - INFO - Prepared sim number: 23: RAYPy_Simulation_bessy3_56m_PGM_2Perc_coupling_errors_off_RP/round_2/23_bessy3_56m_PGM_2Perc_coupling_errors_off_RP.rml
2025-02-08 01:30:06,605 - INFO - Prepared sim number: 24: RAYPy_Simulation_bessy3_56m_PGM_2Perc_coupling_errors_off_RP/round_2/24_bessy3_56m_PGM_2Perc_coupling_errors_off_RP.rml
2025-02-08 01:30:06,610 - INFO - Prepared sim number: 25: RAYPy_Simulation_bessy3_56m_PGM_2Perc_coupling_errors_off_RP/round_2/25_bessy3_56m_PGM_2Perc_coupling_errors_off_RP.rml
2025-02-08 01:30:06,615 - INFO - Prepared sim number: 26: RAYPy_Simulation_bessy3_56m_PGM_2Perc_coupling_errors_off_RP/round_2/26_bessy3_56m_PGM_2Perc_coupling_errors_off_RP.rml
2025-02-08 01:30:06,619 - INFO - Prepared sim number: 27: RAYPy_Simulation_bessy3_56m_PGM_2Perc_coupling_errors_off_RP/round_2/27_bessy3_56m_PGM_2Perc_coupling_errors_off_RP.rml
2025-02-08 01:30:06,624 - INFO - Prepared sim number: 28: RAYPy_Simulation_bessy3_56m_PGM_2Perc_coupling_errors_off_RP/round_2/28_bessy3_56m_PGM_2Perc_coupling_errors_off_RP.rml
2025-02-08 01:30:06,628 - INFO - Prepared sim number: 29: RAYPy_Simulation_bessy3_56m_PGM_2Perc_coupling_errors_off_RP/round_2/29_bessy3_56m_PGM_2Perc_coupling_errors_off_RP.rml
2025-02-08 01:30:06,633 - INFO - Prepared sim number: 30: RAYPy_Simulation_bessy3_56m_PGM_2Perc_coupling_errors_off_RP/round_2/30_bessy3_56m_PGM_2Perc_coupling_errors_off_RP.rml
2025-02-08 01:30:06,638 - INFO - Prepared sim number: 31: RAYPy_Simulation_bessy3_56m_PGM_2Perc_coupling_errors_off_RP/round_2/31_bessy3_56m_PGM_2Perc_coupling_errors_off_RP.rml
2025-02-08 01:30:06,642 - INFO - Prepared sim number: 32: RAYPy_Simulation_bessy3_56m_PGM_2Perc_coupling_errors_off_RP/round_2/32_bessy3_56m_PGM_2Perc_coupling_errors_off_RP.rml
2025-02-08 01:30:06,647 - INFO - Prepared sim number: 33: RAYPy_Simulation_bessy3_56m_PGM_2Perc_coupling_errors_off_RP/round_2/33_bessy3_56m_PGM_2Perc_coupling_errors_off_RP.rml
2025-02-08 01:30:06,652 - INFO - Prepared sim number: 34: RAYPy_Simulation_bessy3_56m_PGM_2Perc_coupling_errors_off_RP/round_2/34_bessy3_56m_PGM_2Perc_coupling_errors_off_RP.rml
2025-02-08 01:30:06,657 - INFO - Prepared sim number: 35: RAYPy_Simulation_bessy3_56m_PGM_2Perc_coupling_errors_off_RP/round_2/35_bessy3_56m_PGM_2Perc_coupling_errors_off_RP.rml
2025-02-08 01:30:06,661 - INFO - Prepared sim number: 36: RAYPy_Simulation_bessy3_56m_PGM_2Perc_coupling_errors_off_RP/round_2/36_bessy3_56m_PGM_2Perc_coupling_errors_off_RP.rml
2025-02-08 01:30:06,666 - INFO - Prepared sim number: 37: RAYPy_Simulation_bessy3_56m_PGM_2Perc_coupling_errors_off_RP/round_2/37_bessy3_56m_PGM_2Perc_coupling_errors_off_RP.rml
2025-02-08 01:30:06,671 - INFO - Prepared sim number: 38: RAYPy_Simulation_bessy3_56m_PGM_2Perc_coupling_errors_off_RP/round_2/38_bessy3_56m_PGM_2Perc_coupling_errors_off_RP.rml
2025-02-08 01:30:06,675 - INFO - Prepared sim number: 39: RAYPy_Simulation_bessy3_56m_PGM_2Perc_coupling_errors_off_RP/round_2/39_bessy3_56m_PGM_2Perc_coupling_errors_off_RP.rml
2025-02-08 01:30:06,680 - INFO - Prepared sim number: 40: RAYPy_Simulation_bessy3_56m_PGM_2Perc_coupling_errors_off_RP/round_2/40_bessy3_56m_PGM_2Perc_coupling_errors_off_RP.rml
2025-02-08 01:30:06,684 - INFO - Prepared sim number: 41: RAYPy_Simulation_bessy3_56m_PGM_2Perc_coupling_errors_off_RP/round_2/41_bessy3_56m_PGM_2Perc_coupling_errors_off_RP.rml
2025-02-08 01:30:06,689 - INFO - Prepared sim number: 42: RAYPy_Simulation_bessy3_56m_PGM_2Perc_coupling_errors_off_RP/round_2/42_bessy3_56m_PGM_2Perc_coupling_errors_off_RP.rml
2025-02-08 01:30:06,693 - INFO - Prepared sim number: 43: RAYPy_Simulation_bessy3_56m_PGM_2Perc_coupling_errors_off_RP/round_2/43_bessy3_56m_PGM_2Perc_coupling_errors_off_RP.rml
2025-02-08 01:30:06,698 - INFO - Prepared sim number: 44: RAYPy_Simulation_bessy3_56m_PGM_2Perc_coupling_errors_off_RP/round_2/44_bessy3_56m_PGM_2Perc_coupling_errors_off_RP.rml
2025-02-08 01:30:06,702 - INFO - Prepared sim number: 45: RAYPy_Simulation_bessy3_56m_PGM_2Perc_coupling_errors_off_RP/round_2/45_bessy3_56m_PGM_2Perc_coupling_errors_off_RP.rml
2025-02-08 01:30:06,707 - INFO - Prepared sim number: 46: RAYPy_Simulation_bessy3_56m_PGM_2Perc_coupling_errors_off_RP/round_2/46_bessy3_56m_PGM_2Perc_coupling_errors_off_RP.rml
2025-02-08 01:30:06,711 - INFO - Prepared sim number: 47: RAYPy_Simulation_bessy3_56m_PGM_2Perc_coupling_errors_off_RP/round_2/47_bessy3_56m_PGM_2Perc_coupling_errors_off_RP.rml
2025-02-08 01:30:06,716 - INFO - Prepared sim number: 48: RAYPy_Simulation_bessy3_56m_PGM_2Perc_coupling_errors_off_RP/round_2/48_bessy3_56m_PGM_2Perc_coupling_errors_off_RP.rml
2025-02-08 01:30:06,720 - INFO - Prepared sim number: 49: RAYPy_Simulation_bessy3_56m_PGM_2Perc_coupling_errors_off_RP/round_2/49_bessy3_56m_PGM_2Perc_coupling_errors_off_RP.rml
2025-02-08 01:30:06,725 - INFO - Prepared sim number: 50: RAYPy_Simulation_bessy3_56m_PGM_2Perc_coupling_errors_off_RP/round_2/50_bessy3_56m_PGM_2Perc_coupling_errors_off_RP.rml
2025-02-08 01:30:06,729 - INFO - Prepared sim number: 51: RAYPy_Simulation_bessy3_56m_PGM_2Perc_coupling_errors_off_RP/round_2/51_bessy3_56m_PGM_2Perc_coupling_errors_off_RP.rml
2025-02-08 01:30:06,733 - INFO - Prepared sim number: 52: RAYPy_Simulation_bessy3_56m_PGM_2Perc_coupling_errors_off_RP/round_2/52_bessy3_56m_PGM_2Perc_coupling_errors_off_RP.rml
2025-02-08 01:30:06,738 - INFO - Prepared sim number: 53: RAYPy_Simulation_bessy3_56m_PGM_2Perc_coupling_errors_off_RP/round_2/53_bessy3_56m_PGM_2Perc_coupling_errors_off_RP.rml
2025-02-08 01:30:06,739 - INFO - Waiting for batch number: 4, timeout: 21.437745821475982s
2025-02-08 01:30:09,194 - INFO - Completed: 1, remaining: 59, RAYPy_Simulation_bessy3_56m_PGM_2Perc_coupling_errors_off_RP/round_2/2_bessy3_56m_PGM_2Perc_coupling_errors_off_RP.rml
2025-02-08 01:30:09,332 - INFO - Completed: 2, remaining: 58, RAYPy_Simulation_bessy3_56m_PGM_2Perc_coupling_errors_off_RP/round_2/5_bessy3_56m_PGM_2Perc_coupling_errors_off_RP.rml
2025-02-08 01:30:09,363 - INFO - Completed: 3, remaining: 57, RAYPy_Simulation_bessy3_56m_PGM_2Perc_coupling_errors_off_RP/round_2/0_bessy3_56m_PGM_2Perc_coupling_errors_off_RP.rml
2025-02-08 01:30:09,412 - INFO - Completed: 4, remaining: 56, RAYPy_Simulation_bessy3_56m_PGM_2Perc_coupling_errors_off_RP/round_1/122_bessy3_56m_PGM_2Perc_coupling_errors_off_RP.rml
2025-02-08 01:30:09,500 - INFO - Completed: 5, remaining: 55, RAYPy_Simulation_bessy3_56m_PGM_2Perc_coupling_errors_off_RP/round_2/1_bessy3_56m_PGM_2Perc_coupling_errors_off_RP.rml
2025-02-08 01:30:09,602 - INFO - Completed: 6, remaining: 54, RAYPy_Simulation_bessy3_56m_PGM_2Perc_coupling_errors_off_RP/round_1/117_bessy3_56m_PGM_2Perc_coupling_errors_off_RP.rml
2025-02-08 01:30:09,614 - INFO - Completed: 7, remaining: 53, RAYPy_Simulation_bessy3_56m_PGM_2Perc_coupling_errors_off_RP/round_1/118_bessy3_56m_PGM_2Perc_coupling_errors_off_RP.rml
2025-02-08 01:30:09,619 - INFO - Completed: 8, remaining: 52, RAYPy_Simulation_bessy3_56m_PGM_2Perc_coupling_errors_off_RP/round_2/4_bessy3_56m_PGM_2Perc_coupling_errors_off_RP.rml
2025-02-08 01:30:09,703 - INFO - Completed: 9, remaining: 51, RAYPy_Simulation_bessy3_56m_PGM_2Perc_coupling_errors_off_RP/round_2/3_bessy3_56m_PGM_2Perc_coupling_errors_off_RP.rml
2025-02-08 01:30:09,736 - INFO - Completed: 10, remaining: 50, RAYPy_Simulation_bessy3_56m_PGM_2Perc_coupling_errors_off_RP/round_1/121_bessy3_56m_PGM_2Perc_coupling_errors_off_RP.rml
2025-02-08 01:30:11,768 - INFO - Completed: 11, remaining: 49, RAYPy_Simulation_bessy3_56m_PGM_2Perc_coupling_errors_off_RP/round_1/119_bessy3_56m_PGM_2Perc_coupling_errors_off_RP.rml
2025-02-08 01:30:11,976 - INFO - Completed: 12, remaining: 48, RAYPy_Simulation_bessy3_56m_PGM_2Perc_coupling_errors_off_RP/round_1/120_bessy3_56m_PGM_2Perc_coupling_errors_off_RP.rml
2025-02-08 01:30:12,349 - INFO - Completed: 13, remaining: 47, RAYPy_Simulation_bessy3_56m_PGM_2Perc_coupling_errors_off_RP/round_2/6_bessy3_56m_PGM_2Perc_coupling_errors_off_RP.rml
2025-02-08 01:30:12,610 - INFO - Completed: 14, remaining: 46, RAYPy_Simulation_bessy3_56m_PGM_2Perc_coupling_errors_off_RP/round_2/7_bessy3_56m_PGM_2Perc_coupling_errors_off_RP.rml
2025-02-08 01:30:12,746 - INFO - Completed: 15, remaining: 45, RAYPy_Simulation_bessy3_56m_PGM_2Perc_coupling_errors_off_RP/round_2/8_bessy3_56m_PGM_2Perc_coupling_errors_off_RP.rml
2025-02-08 01:30:12,834 - INFO - Completed: 16, remaining: 44, RAYPy_Simulation_bessy3_56m_PGM_2Perc_coupling_errors_off_RP/round_2/9_bessy3_56m_PGM_2Perc_coupling_errors_off_RP.rml
2025-02-08 01:30:12,997 - INFO - Completed: 17, remaining: 43, RAYPy_Simulation_bessy3_56m_PGM_2Perc_coupling_errors_off_RP/round_2/10_bessy3_56m_PGM_2Perc_coupling_errors_off_RP.rml
2025-02-08 01:30:13,027 - INFO - Completed: 18, remaining: 42, RAYPy_Simulation_bessy3_56m_PGM_2Perc_coupling_errors_off_RP/round_2/12_bessy3_56m_PGM_2Perc_coupling_errors_off_RP.rml
2025-02-08 01:30:13,209 - INFO - Completed: 19, remaining: 41, RAYPy_Simulation_bessy3_56m_PGM_2Perc_coupling_errors_off_RP/round_2/15_bessy3_56m_PGM_2Perc_coupling_errors_off_RP.rml
2025-02-08 01:30:13,303 - INFO - Completed: 20, remaining: 40, RAYPy_Simulation_bessy3_56m_PGM_2Perc_coupling_errors_off_RP/round_2/14_bessy3_56m_PGM_2Perc_coupling_errors_off_RP.rml
2025-02-08 01:30:13,343 - INFO - Completed: 21, remaining: 39, RAYPy_Simulation_bessy3_56m_PGM_2Perc_coupling_errors_off_RP/round_2/11_bessy3_56m_PGM_2Perc_coupling_errors_off_RP.rml
2025-02-08 01:30:15,206 - INFO - Completed: 22, remaining: 38, RAYPy_Simulation_bessy3_56m_PGM_2Perc_coupling_errors_off_RP/round_2/16_bessy3_56m_PGM_2Perc_coupling_errors_off_RP.rml
2025-02-08 01:30:15,502 - INFO - Completed: 23, remaining: 37, RAYPy_Simulation_bessy3_56m_PGM_2Perc_coupling_errors_off_RP/round_2/13_bessy3_56m_PGM_2Perc_coupling_errors_off_RP.rml
2025-02-08 01:30:15,541 - INFO - Completed: 24, remaining: 36, RAYPy_Simulation_bessy3_56m_PGM_2Perc_coupling_errors_off_RP/round_2/17_bessy3_56m_PGM_2Perc_coupling_errors_off_RP.rml
2025-02-08 01:30:15,900 - INFO - Completed: 25, remaining: 35, RAYPy_Simulation_bessy3_56m_PGM_2Perc_coupling_errors_off_RP/round_2/19_bessy3_56m_PGM_2Perc_coupling_errors_off_RP.rml
2025-02-08 01:30:15,965 - INFO - Completed: 26, remaining: 34, RAYPy_Simulation_bessy3_56m_PGM_2Perc_coupling_errors_off_RP/round_2/20_bessy3_56m_PGM_2Perc_coupling_errors_off_RP.rml
2025-02-08 01:30:16,427 - INFO - Completed: 27, remaining: 33, RAYPy_Simulation_bessy3_56m_PGM_2Perc_coupling_errors_off_RP/round_2/22_bessy3_56m_PGM_2Perc_coupling_errors_off_RP.rml
2025-02-08 01:30:16,570 - INFO - Completed: 28, remaining: 32, RAYPy_Simulation_bessy3_56m_PGM_2Perc_coupling_errors_off_RP/round_2/21_bessy3_56m_PGM_2Perc_coupling_errors_off_RP.rml
2025-02-08 01:30:16,625 - INFO - Completed: 29, remaining: 31, RAYPy_Simulation_bessy3_56m_PGM_2Perc_coupling_errors_off_RP/round_2/23_bessy3_56m_PGM_2Perc_coupling_errors_off_RP.rml
2025-02-08 01:30:16,853 - INFO - Completed: 30, remaining: 30, RAYPy_Simulation_bessy3_56m_PGM_2Perc_coupling_errors_off_RP/round_2/18_bessy3_56m_PGM_2Perc_coupling_errors_off_RP.rml
2025-02-08 01:30:16,936 - INFO - Completed: 31, remaining: 29, RAYPy_Simulation_bessy3_56m_PGM_2Perc_coupling_errors_off_RP/round_2/26_bessy3_56m_PGM_2Perc_coupling_errors_off_RP.rml
2025-02-08 01:30:16,956 - INFO - Completed: 32, remaining: 28, RAYPy_Simulation_bessy3_56m_PGM_2Perc_coupling_errors_off_RP/round_2/25_bessy3_56m_PGM_2Perc_coupling_errors_off_RP.rml
2025-02-08 01:30:17,193 - INFO - Completed: 33, remaining: 27, RAYPy_Simulation_bessy3_56m_PGM_2Perc_coupling_errors_off_RP/round_2/24_bessy3_56m_PGM_2Perc_coupling_errors_off_RP.rml
2025-02-08 01:30:18,743 - INFO - Completed: 34, remaining: 26, RAYPy_Simulation_bessy3_56m_PGM_2Perc_coupling_errors_off_RP/round_2/27_bessy3_56m_PGM_2Perc_coupling_errors_off_RP.rml
2025-02-08 01:30:19,118 - INFO - Completed: 35, remaining: 25, RAYPy_Simulation_bessy3_56m_PGM_2Perc_coupling_errors_off_RP/round_2/29_bessy3_56m_PGM_2Perc_coupling_errors_off_RP.rml
2025-02-08 01:30:19,248 - INFO - Completed: 36, remaining: 24, RAYPy_Simulation_bessy3_56m_PGM_2Perc_coupling_errors_off_RP/round_2/28_bessy3_56m_PGM_2Perc_coupling_errors_off_RP.rml
2025-02-08 01:30:19,465 - INFO - Completed: 37, remaining: 23, RAYPy_Simulation_bessy3_56m_PGM_2Perc_coupling_errors_off_RP/round_2/30_bessy3_56m_PGM_2Perc_coupling_errors_off_RP.rml
2025-02-08 01:30:19,496 - INFO - Completed: 38, remaining: 22, RAYPy_Simulation_bessy3_56m_PGM_2Perc_coupling_errors_off_RP/round_2/31_bessy3_56m_PGM_2Perc_coupling_errors_off_RP.rml
2025-02-08 01:30:20,003 - INFO - Completed: 39, remaining: 21, RAYPy_Simulation_bessy3_56m_PGM_2Perc_coupling_errors_off_RP/round_2/32_bessy3_56m_PGM_2Perc_coupling_errors_off_RP.rml
2025-02-08 01:30:20,014 - INFO - Completed: 40, remaining: 20, RAYPy_Simulation_bessy3_56m_PGM_2Perc_coupling_errors_off_RP/round_2/34_bessy3_56m_PGM_2Perc_coupling_errors_off_RP.rml
2025-02-08 01:30:20,124 - INFO - Completed: 41, remaining: 19, RAYPy_Simulation_bessy3_56m_PGM_2Perc_coupling_errors_off_RP/round_2/33_bessy3_56m_PGM_2Perc_coupling_errors_off_RP.rml
2025-02-08 01:30:20,448 - INFO - Completed: 42, remaining: 18, RAYPy_Simulation_bessy3_56m_PGM_2Perc_coupling_errors_off_RP/round_2/35_bessy3_56m_PGM_2Perc_coupling_errors_off_RP.rml
2025-02-08 01:30:20,664 - INFO - Completed: 43, remaining: 17, RAYPy_Simulation_bessy3_56m_PGM_2Perc_coupling_errors_off_RP/round_2/36_bessy3_56m_PGM_2Perc_coupling_errors_off_RP.rml
2025-02-08 01:30:20,732 - INFO - Completed: 44, remaining: 16, RAYPy_Simulation_bessy3_56m_PGM_2Perc_coupling_errors_off_RP/round_2/38_bessy3_56m_PGM_2Perc_coupling_errors_off_RP.rml
2025-02-08 01:30:21,024 - INFO - Completed: 45, remaining: 15, RAYPy_Simulation_bessy3_56m_PGM_2Perc_coupling_errors_off_RP/round_2/37_bessy3_56m_PGM_2Perc_coupling_errors_off_RP.rml
2025-02-08 01:30:22,095 - INFO - Completed: 46, remaining: 14, RAYPy_Simulation_bessy3_56m_PGM_2Perc_coupling_errors_off_RP/round_2/39_bessy3_56m_PGM_2Perc_coupling_errors_off_RP.rml
2025-02-08 01:30:22,540 - INFO - Completed: 47, remaining: 13, RAYPy_Simulation_bessy3_56m_PGM_2Perc_coupling_errors_off_RP/round_2/41_bessy3_56m_PGM_2Perc_coupling_errors_off_RP.rml
2025-02-08 01:30:22,616 - INFO - Completed: 48, remaining: 12, RAYPy_Simulation_bessy3_56m_PGM_2Perc_coupling_errors_off_RP/round_2/40_bessy3_56m_PGM_2Perc_coupling_errors_off_RP.rml
2025-02-08 01:30:22,673 - INFO - Completed: 49, remaining: 11, RAYPy_Simulation_bessy3_56m_PGM_2Perc_coupling_errors_off_RP/round_2/42_bessy3_56m_PGM_2Perc_coupling_errors_off_RP.rml
2025-02-08 01:30:22,970 - INFO - Completed: 50, remaining: 10, RAYPy_Simulation_bessy3_56m_PGM_2Perc_coupling_errors_off_RP/round_2/43_bessy3_56m_PGM_2Perc_coupling_errors_off_RP.rml
2025-02-08 01:30:23,039 - INFO - Completed: 51, remaining: 9, RAYPy_Simulation_bessy3_56m_PGM_2Perc_coupling_errors_off_RP/round_2/44_bessy3_56m_PGM_2Perc_coupling_errors_off_RP.rml
2025-02-08 01:30:23,261 - INFO - Completed: 52, remaining: 8, RAYPy_Simulation_bessy3_56m_PGM_2Perc_coupling_errors_off_RP/round_2/45_bessy3_56m_PGM_2Perc_coupling_errors_off_RP.rml
2025-02-08 01:30:23,367 - INFO - Completed: 53, remaining: 7, RAYPy_Simulation_bessy3_56m_PGM_2Perc_coupling_errors_off_RP/round_2/46_bessy3_56m_PGM_2Perc_coupling_errors_off_RP.rml
2025-02-08 01:30:23,507 - INFO - Completed: 54, remaining: 6, RAYPy_Simulation_bessy3_56m_PGM_2Perc_coupling_errors_off_RP/round_2/47_bessy3_56m_PGM_2Perc_coupling_errors_off_RP.rml
2025-02-08 01:30:23,702 - INFO - Completed: 55, remaining: 5, RAYPy_Simulation_bessy3_56m_PGM_2Perc_coupling_errors_off_RP/round_2/49_bessy3_56m_PGM_2Perc_coupling_errors_off_RP.rml
2025-02-08 01:30:23,838 - INFO - Completed: 56, remaining: 4, RAYPy_Simulation_bessy3_56m_PGM_2Perc_coupling_errors_off_RP/round_2/48_bessy3_56m_PGM_2Perc_coupling_errors_off_RP.rml
2025-02-08 01:30:23,901 - INFO - Completed: 57, remaining: 3, RAYPy_Simulation_bessy3_56m_PGM_2Perc_coupling_errors_off_RP/round_2/50_bessy3_56m_PGM_2Perc_coupling_errors_off_RP.rml
2025-02-08 01:30:24,486 - INFO - Completed: 58, remaining: 2, RAYPy_Simulation_bessy3_56m_PGM_2Perc_coupling_errors_off_RP/round_2/51_bessy3_56m_PGM_2Perc_coupling_errors_off_RP.rml
2025-02-08 01:30:24,695 - INFO - Completed: 59, remaining: 1, RAYPy_Simulation_bessy3_56m_PGM_2Perc_coupling_errors_off_RP/round_2/52_bessy3_56m_PGM_2Perc_coupling_errors_off_RP.rml
2025-02-08 01:30:24,803 - INFO - Completed: 60, remaining: 0, RAYPy_Simulation_bessy3_56m_PGM_2Perc_coupling_errors_off_RP/round_2/53_bessy3_56m_PGM_2Perc_coupling_errors_off_RP.rml
2025-02-08 01:30:24,803 - INFO - Batch Completed
2025-02-08 01:30:24,803 - INFO - Waiting For batch, 60 simulations to go
2025-02-08 01:30:24,807 - INFO - Prepared sim number: 54: RAYPy_Simulation_bessy3_56m_PGM_2Perc_coupling_errors_off_RP/round_2/54_bessy3_56m_PGM_2Perc_coupling_errors_off_RP.rml
2025-02-08 01:30:24,811 - INFO - Prepared sim number: 55: RAYPy_Simulation_bessy3_56m_PGM_2Perc_coupling_errors_off_RP/round_2/55_bessy3_56m_PGM_2Perc_coupling_errors_off_RP.rml
2025-02-08 01:30:24,815 - INFO - Prepared sim number: 56: RAYPy_Simulation_bessy3_56m_PGM_2Perc_coupling_errors_off_RP/round_2/56_bessy3_56m_PGM_2Perc_coupling_errors_off_RP.rml
2025-02-08 01:30:24,827 - INFO - Prepared sim number: 57: RAYPy_Simulation_bessy3_56m_PGM_2Perc_coupling_errors_off_RP/round_2/57_bessy3_56m_PGM_2Perc_coupling_errors_off_RP.rml
2025-02-08 01:30:24,833 - INFO - Prepared sim number: 58: RAYPy_Simulation_bessy3_56m_PGM_2Perc_coupling_errors_off_RP/round_2/58_bessy3_56m_PGM_2Perc_coupling_errors_off_RP.rml
2025-02-08 01:30:24,837 - INFO - Prepared sim number: 59: RAYPy_Simulation_bessy3_56m_PGM_2Perc_coupling_errors_off_RP/round_2/59_bessy3_56m_PGM_2Perc_coupling_errors_off_RP.rml
2025-02-08 01:30:24,841 - INFO - Prepared sim number: 60: RAYPy_Simulation_bessy3_56m_PGM_2Perc_coupling_errors_off_RP/round_2/60_bessy3_56m_PGM_2Perc_coupling_errors_off_RP.rml
2025-02-08 01:30:24,845 - INFO - Prepared sim number: 61: RAYPy_Simulation_bessy3_56m_PGM_2Perc_coupling_errors_off_RP/round_2/61_bessy3_56m_PGM_2Perc_coupling_errors_off_RP.rml
2025-02-08 01:30:24,848 - INFO - Prepared sim number: 62: RAYPy_Simulation_bessy3_56m_PGM_2Perc_coupling_errors_off_RP/round_2/62_bessy3_56m_PGM_2Perc_coupling_errors_off_RP.rml
2025-02-08 01:30:24,852 - INFO - Prepared sim number: 63: RAYPy_Simulation_bessy3_56m_PGM_2Perc_coupling_errors_off_RP/round_2/63_bessy3_56m_PGM_2Perc_coupling_errors_off_RP.rml
2025-02-08 01:30:24,858 - INFO - Prepared sim number: 64: RAYPy_Simulation_bessy3_56m_PGM_2Perc_coupling_errors_off_RP/round_2/64_bessy3_56m_PGM_2Perc_coupling_errors_off_RP.rml
2025-02-08 01:30:24,862 - INFO - Prepared sim number: 65: RAYPy_Simulation_bessy3_56m_PGM_2Perc_coupling_errors_off_RP/round_2/65_bessy3_56m_PGM_2Perc_coupling_errors_off_RP.rml
2025-02-08 01:30:24,866 - INFO - Prepared sim number: 66: RAYPy_Simulation_bessy3_56m_PGM_2Perc_coupling_errors_off_RP/round_2/66_bessy3_56m_PGM_2Perc_coupling_errors_off_RP.rml
2025-02-08 01:30:24,871 - INFO - Prepared sim number: 67: RAYPy_Simulation_bessy3_56m_PGM_2Perc_coupling_errors_off_RP/round_2/67_bessy3_56m_PGM_2Perc_coupling_errors_off_RP.rml
2025-02-08 01:30:24,874 - INFO - Prepared sim number: 68: RAYPy_Simulation_bessy3_56m_PGM_2Perc_coupling_errors_off_RP/round_2/68_bessy3_56m_PGM_2Perc_coupling_errors_off_RP.rml
2025-02-08 01:30:24,878 - INFO - Prepared sim number: 69: RAYPy_Simulation_bessy3_56m_PGM_2Perc_coupling_errors_off_RP/round_2/69_bessy3_56m_PGM_2Perc_coupling_errors_off_RP.rml
2025-02-08 01:30:24,882 - INFO - Prepared sim number: 70: RAYPy_Simulation_bessy3_56m_PGM_2Perc_coupling_errors_off_RP/round_2/70_bessy3_56m_PGM_2Perc_coupling_errors_off_RP.rml
2025-02-08 01:30:24,885 - INFO - Prepared sim number: 71: RAYPy_Simulation_bessy3_56m_PGM_2Perc_coupling_errors_off_RP/round_2/71_bessy3_56m_PGM_2Perc_coupling_errors_off_RP.rml
2025-02-08 01:30:24,888 - INFO - Prepared sim number: 72: RAYPy_Simulation_bessy3_56m_PGM_2Perc_coupling_errors_off_RP/round_2/72_bessy3_56m_PGM_2Perc_coupling_errors_off_RP.rml
2025-02-08 01:30:24,892 - INFO - Prepared sim number: 73: RAYPy_Simulation_bessy3_56m_PGM_2Perc_coupling_errors_off_RP/round_2/73_bessy3_56m_PGM_2Perc_coupling_errors_off_RP.rml
2025-02-08 01:30:24,896 - INFO - Prepared sim number: 74: RAYPy_Simulation_bessy3_56m_PGM_2Perc_coupling_errors_off_RP/round_2/74_bessy3_56m_PGM_2Perc_coupling_errors_off_RP.rml
2025-02-08 01:30:24,900 - INFO - Prepared sim number: 75: RAYPy_Simulation_bessy3_56m_PGM_2Perc_coupling_errors_off_RP/round_2/75_bessy3_56m_PGM_2Perc_coupling_errors_off_RP.rml
2025-02-08 01:30:24,903 - INFO - Prepared sim number: 76: RAYPy_Simulation_bessy3_56m_PGM_2Perc_coupling_errors_off_RP/round_2/76_bessy3_56m_PGM_2Perc_coupling_errors_off_RP.rml
2025-02-08 01:30:24,907 - INFO - Prepared sim number: 77: RAYPy_Simulation_bessy3_56m_PGM_2Perc_coupling_errors_off_RP/round_2/77_bessy3_56m_PGM_2Perc_coupling_errors_off_RP.rml
2025-02-08 01:30:24,911 - INFO - Prepared sim number: 78: RAYPy_Simulation_bessy3_56m_PGM_2Perc_coupling_errors_off_RP/round_2/78_bessy3_56m_PGM_2Perc_coupling_errors_off_RP.rml
2025-02-08 01:30:24,913 - INFO - Prepared sim number: 79: RAYPy_Simulation_bessy3_56m_PGM_2Perc_coupling_errors_off_RP/round_2/79_bessy3_56m_PGM_2Perc_coupling_errors_off_RP.rml
2025-02-08 01:30:24,917 - INFO - Prepared sim number: 80: RAYPy_Simulation_bessy3_56m_PGM_2Perc_coupling_errors_off_RP/round_2/80_bessy3_56m_PGM_2Perc_coupling_errors_off_RP.rml
2025-02-08 01:30:24,920 - INFO - Prepared sim number: 81: RAYPy_Simulation_bessy3_56m_PGM_2Perc_coupling_errors_off_RP/round_2/81_bessy3_56m_PGM_2Perc_coupling_errors_off_RP.rml
2025-02-08 01:30:24,923 - INFO - Prepared sim number: 82: RAYPy_Simulation_bessy3_56m_PGM_2Perc_coupling_errors_off_RP/round_2/82_bessy3_56m_PGM_2Perc_coupling_errors_off_RP.rml
2025-02-08 01:30:24,926 - INFO - Prepared sim number: 83: RAYPy_Simulation_bessy3_56m_PGM_2Perc_coupling_errors_off_RP/round_2/83_bessy3_56m_PGM_2Perc_coupling_errors_off_RP.rml
2025-02-08 01:30:24,930 - INFO - Prepared sim number: 84: RAYPy_Simulation_bessy3_56m_PGM_2Perc_coupling_errors_off_RP/round_2/84_bessy3_56m_PGM_2Perc_coupling_errors_off_RP.rml
2025-02-08 01:30:24,933 - INFO - Prepared sim number: 85: RAYPy_Simulation_bessy3_56m_PGM_2Perc_coupling_errors_off_RP/round_2/85_bessy3_56m_PGM_2Perc_coupling_errors_off_RP.rml
2025-02-08 01:30:24,937 - INFO - Prepared sim number: 86: RAYPy_Simulation_bessy3_56m_PGM_2Perc_coupling_errors_off_RP/round_2/86_bessy3_56m_PGM_2Perc_coupling_errors_off_RP.rml
2025-02-08 01:30:24,941 - INFO - Prepared sim number: 87: RAYPy_Simulation_bessy3_56m_PGM_2Perc_coupling_errors_off_RP/round_2/87_bessy3_56m_PGM_2Perc_coupling_errors_off_RP.rml
2025-02-08 01:30:24,944 - INFO - Prepared sim number: 88: RAYPy_Simulation_bessy3_56m_PGM_2Perc_coupling_errors_off_RP/round_2/88_bessy3_56m_PGM_2Perc_coupling_errors_off_RP.rml
2025-02-08 01:30:24,947 - INFO - Prepared sim number: 89: RAYPy_Simulation_bessy3_56m_PGM_2Perc_coupling_errors_off_RP/round_2/89_bessy3_56m_PGM_2Perc_coupling_errors_off_RP.rml
2025-02-08 01:30:24,951 - INFO - Prepared sim number: 90: RAYPy_Simulation_bessy3_56m_PGM_2Perc_coupling_errors_off_RP/round_2/90_bessy3_56m_PGM_2Perc_coupling_errors_off_RP.rml
2025-02-08 01:30:24,954 - INFO - Prepared sim number: 91: RAYPy_Simulation_bessy3_56m_PGM_2Perc_coupling_errors_off_RP/round_2/91_bessy3_56m_PGM_2Perc_coupling_errors_off_RP.rml
2025-02-08 01:30:24,957 - INFO - Prepared sim number: 92: RAYPy_Simulation_bessy3_56m_PGM_2Perc_coupling_errors_off_RP/round_2/92_bessy3_56m_PGM_2Perc_coupling_errors_off_RP.rml
2025-02-08 01:30:24,961 - INFO - Prepared sim number: 93: RAYPy_Simulation_bessy3_56m_PGM_2Perc_coupling_errors_off_RP/round_2/93_bessy3_56m_PGM_2Perc_coupling_errors_off_RP.rml
2025-02-08 01:30:24,968 - INFO - Prepared sim number: 94: RAYPy_Simulation_bessy3_56m_PGM_2Perc_coupling_errors_off_RP/round_2/94_bessy3_56m_PGM_2Perc_coupling_errors_off_RP.rml
2025-02-08 01:30:24,971 - INFO - Prepared sim number: 95: RAYPy_Simulation_bessy3_56m_PGM_2Perc_coupling_errors_off_RP/round_2/95_bessy3_56m_PGM_2Perc_coupling_errors_off_RP.rml
2025-02-08 01:30:24,975 - INFO - Prepared sim number: 96: RAYPy_Simulation_bessy3_56m_PGM_2Perc_coupling_errors_off_RP/round_2/96_bessy3_56m_PGM_2Perc_coupling_errors_off_RP.rml
2025-02-08 01:30:24,978 - INFO - Prepared sim number: 97: RAYPy_Simulation_bessy3_56m_PGM_2Perc_coupling_errors_off_RP/round_2/97_bessy3_56m_PGM_2Perc_coupling_errors_off_RP.rml
2025-02-08 01:30:24,982 - INFO - Prepared sim number: 98: RAYPy_Simulation_bessy3_56m_PGM_2Perc_coupling_errors_off_RP/round_2/98_bessy3_56m_PGM_2Perc_coupling_errors_off_RP.rml
2025-02-08 01:30:24,986 - INFO - Prepared sim number: 99: RAYPy_Simulation_bessy3_56m_PGM_2Perc_coupling_errors_off_RP/round_2/99_bessy3_56m_PGM_2Perc_coupling_errors_off_RP.rml
2025-02-08 01:30:24,990 - INFO - Prepared sim number: 100: RAYPy_Simulation_bessy3_56m_PGM_2Perc_coupling_errors_off_RP/round_2/100_bessy3_56m_PGM_2Perc_coupling_errors_off_RP.rml
2025-02-08 01:30:24,993 - INFO - Prepared sim number: 101: RAYPy_Simulation_bessy3_56m_PGM_2Perc_coupling_errors_off_RP/round_2/101_bessy3_56m_PGM_2Perc_coupling_errors_off_RP.rml
2025-02-08 01:30:24,997 - INFO - Prepared sim number: 102: RAYPy_Simulation_bessy3_56m_PGM_2Perc_coupling_errors_off_RP/round_2/102_bessy3_56m_PGM_2Perc_coupling_errors_off_RP.rml
2025-02-08 01:30:25,000 - INFO - Prepared sim number: 103: RAYPy_Simulation_bessy3_56m_PGM_2Perc_coupling_errors_off_RP/round_2/103_bessy3_56m_PGM_2Perc_coupling_errors_off_RP.rml
2025-02-08 01:30:25,003 - INFO - Prepared sim number: 104: RAYPy_Simulation_bessy3_56m_PGM_2Perc_coupling_errors_off_RP/round_2/104_bessy3_56m_PGM_2Perc_coupling_errors_off_RP.rml
2025-02-08 01:30:25,006 - INFO - Prepared sim number: 105: RAYPy_Simulation_bessy3_56m_PGM_2Perc_coupling_errors_off_RP/round_2/105_bessy3_56m_PGM_2Perc_coupling_errors_off_RP.rml
2025-02-08 01:30:25,010 - INFO - Prepared sim number: 106: RAYPy_Simulation_bessy3_56m_PGM_2Perc_coupling_errors_off_RP/round_2/106_bessy3_56m_PGM_2Perc_coupling_errors_off_RP.rml
2025-02-08 01:30:25,013 - INFO - Prepared sim number: 107: RAYPy_Simulation_bessy3_56m_PGM_2Perc_coupling_errors_off_RP/round_2/107_bessy3_56m_PGM_2Perc_coupling_errors_off_RP.rml
2025-02-08 01:30:25,016 - INFO - Prepared sim number: 108: RAYPy_Simulation_bessy3_56m_PGM_2Perc_coupling_errors_off_RP/round_2/108_bessy3_56m_PGM_2Perc_coupling_errors_off_RP.rml
2025-02-08 01:30:25,020 - INFO - Prepared sim number: 109: RAYPy_Simulation_bessy3_56m_PGM_2Perc_coupling_errors_off_RP/round_2/109_bessy3_56m_PGM_2Perc_coupling_errors_off_RP.rml
2025-02-08 01:30:25,023 - INFO - Prepared sim number: 110: RAYPy_Simulation_bessy3_56m_PGM_2Perc_coupling_errors_off_RP/round_2/110_bessy3_56m_PGM_2Perc_coupling_errors_off_RP.rml
2025-02-08 01:30:25,027 - INFO - Prepared sim number: 111: RAYPy_Simulation_bessy3_56m_PGM_2Perc_coupling_errors_off_RP/round_2/111_bessy3_56m_PGM_2Perc_coupling_errors_off_RP.rml
2025-02-08 01:30:25,030 - INFO - Prepared sim number: 112: RAYPy_Simulation_bessy3_56m_PGM_2Perc_coupling_errors_off_RP/round_2/112_bessy3_56m_PGM_2Perc_coupling_errors_off_RP.rml
2025-02-08 01:30:25,033 - INFO - Prepared sim number: 113: RAYPy_Simulation_bessy3_56m_PGM_2Perc_coupling_errors_off_RP/round_2/113_bessy3_56m_PGM_2Perc_coupling_errors_off_RP.rml
2025-02-08 01:30:25,034 - INFO - Waiting for batch number: 5, timeout: 21.21691761493683s
2025-02-08 01:30:27,847 - INFO - Completed: 1, remaining: 59, RAYPy_Simulation_bessy3_56m_PGM_2Perc_coupling_errors_off_RP/round_2/65_bessy3_56m_PGM_2Perc_coupling_errors_off_RP.rml
2025-02-08 01:30:27,984 - INFO - Completed: 2, remaining: 58, RAYPy_Simulation_bessy3_56m_PGM_2Perc_coupling_errors_off_RP/round_2/62_bessy3_56m_PGM_2Perc_coupling_errors_off_RP.rml
2025-02-08 01:30:28,006 - INFO - Completed: 3, remaining: 57, RAYPy_Simulation_bessy3_56m_PGM_2Perc_coupling_errors_off_RP/round_2/55_bessy3_56m_PGM_2Perc_coupling_errors_off_RP.rml
2025-02-08 01:30:28,012 - INFO - Completed: 4, remaining: 56, RAYPy_Simulation_bessy3_56m_PGM_2Perc_coupling_errors_off_RP/round_2/61_bessy3_56m_PGM_2Perc_coupling_errors_off_RP.rml
2025-02-08 01:30:28,042 - INFO - Completed: 5, remaining: 55, RAYPy_Simulation_bessy3_56m_PGM_2Perc_coupling_errors_off_RP/round_2/58_bessy3_56m_PGM_2Perc_coupling_errors_off_RP.rml
2025-02-08 01:30:28,117 - INFO - Completed: 6, remaining: 54, RAYPy_Simulation_bessy3_56m_PGM_2Perc_coupling_errors_off_RP/round_2/63_bessy3_56m_PGM_2Perc_coupling_errors_off_RP.rml
2025-02-08 01:30:28,232 - INFO - Completed: 7, remaining: 53, RAYPy_Simulation_bessy3_56m_PGM_2Perc_coupling_errors_off_RP/round_2/54_bessy3_56m_PGM_2Perc_coupling_errors_off_RP.rml
2025-02-08 01:30:28,263 - INFO - Completed: 8, remaining: 52, RAYPy_Simulation_bessy3_56m_PGM_2Perc_coupling_errors_off_RP/round_2/57_bessy3_56m_PGM_2Perc_coupling_errors_off_RP.rml
2025-02-08 01:30:28,323 - INFO - Completed: 9, remaining: 51, RAYPy_Simulation_bessy3_56m_PGM_2Perc_coupling_errors_off_RP/round_2/60_bessy3_56m_PGM_2Perc_coupling_errors_off_RP.rml
2025-02-08 01:30:28,436 - INFO - Completed: 10, remaining: 50, RAYPy_Simulation_bessy3_56m_PGM_2Perc_coupling_errors_off_RP/round_2/64_bessy3_56m_PGM_2Perc_coupling_errors_off_RP.rml
2025-02-08 01:30:30,223 - INFO - Completed: 11, remaining: 49, RAYPy_Simulation_bessy3_56m_PGM_2Perc_coupling_errors_off_RP/round_2/59_bessy3_56m_PGM_2Perc_coupling_errors_off_RP.rml
2025-02-08 01:30:30,476 - INFO - Completed: 12, remaining: 48, RAYPy_Simulation_bessy3_56m_PGM_2Perc_coupling_errors_off_RP/round_2/56_bessy3_56m_PGM_2Perc_coupling_errors_off_RP.rml
2025-02-08 01:30:31,258 - INFO - Completed: 13, remaining: 47, RAYPy_Simulation_bessy3_56m_PGM_2Perc_coupling_errors_off_RP/round_2/67_bessy3_56m_PGM_2Perc_coupling_errors_off_RP.rml
2025-02-08 01:30:31,321 - INFO - Completed: 14, remaining: 46, RAYPy_Simulation_bessy3_56m_PGM_2Perc_coupling_errors_off_RP/round_2/69_bessy3_56m_PGM_2Perc_coupling_errors_off_RP.rml
2025-02-08 01:30:31,515 - INFO - Completed: 15, remaining: 45, RAYPy_Simulation_bessy3_56m_PGM_2Perc_coupling_errors_off_RP/round_2/70_bessy3_56m_PGM_2Perc_coupling_errors_off_RP.rml
2025-02-08 01:30:31,529 - INFO - Completed: 16, remaining: 44, RAYPy_Simulation_bessy3_56m_PGM_2Perc_coupling_errors_off_RP/round_2/66_bessy3_56m_PGM_2Perc_coupling_errors_off_RP.rml
2025-02-08 01:30:31,726 - INFO - Completed: 17, remaining: 43, RAYPy_Simulation_bessy3_56m_PGM_2Perc_coupling_errors_off_RP/round_2/73_bessy3_56m_PGM_2Perc_coupling_errors_off_RP.rml
2025-02-08 01:30:31,739 - INFO - Completed: 18, remaining: 42, RAYPy_Simulation_bessy3_56m_PGM_2Perc_coupling_errors_off_RP/round_2/71_bessy3_56m_PGM_2Perc_coupling_errors_off_RP.rml
2025-02-08 01:30:31,809 - INFO - Completed: 19, remaining: 41, RAYPy_Simulation_bessy3_56m_PGM_2Perc_coupling_errors_off_RP/round_2/72_bessy3_56m_PGM_2Perc_coupling_errors_off_RP.rml
2025-02-08 01:30:31,906 - INFO - Completed: 20, remaining: 40, RAYPy_Simulation_bessy3_56m_PGM_2Perc_coupling_errors_off_RP/round_2/74_bessy3_56m_PGM_2Perc_coupling_errors_off_RP.rml
2025-02-08 01:30:31,969 - INFO - Completed: 21, remaining: 39, RAYPy_Simulation_bessy3_56m_PGM_2Perc_coupling_errors_off_RP/round_2/68_bessy3_56m_PGM_2Perc_coupling_errors_off_RP.rml
2025-02-08 01:30:32,821 - INFO - Completed: 22, remaining: 38, RAYPy_Simulation_bessy3_56m_PGM_2Perc_coupling_errors_off_RP/round_2/75_bessy3_56m_PGM_2Perc_coupling_errors_off_RP.rml
2025-02-08 01:30:33,548 - INFO - Completed: 23, remaining: 37, RAYPy_Simulation_bessy3_56m_PGM_2Perc_coupling_errors_off_RP/round_2/76_bessy3_56m_PGM_2Perc_coupling_errors_off_RP.rml
2025-02-08 01:30:33,812 - INFO - Completed: 24, remaining: 36, RAYPy_Simulation_bessy3_56m_PGM_2Perc_coupling_errors_off_RP/round_2/77_bessy3_56m_PGM_2Perc_coupling_errors_off_RP.rml
2025-02-08 01:30:34,485 - INFO - Completed: 25, remaining: 35, RAYPy_Simulation_bessy3_56m_PGM_2Perc_coupling_errors_off_RP/round_2/79_bessy3_56m_PGM_2Perc_coupling_errors_off_RP.rml
2025-02-08 01:30:34,571 - INFO - Completed: 26, remaining: 34, RAYPy_Simulation_bessy3_56m_PGM_2Perc_coupling_errors_off_RP/round_2/78_bessy3_56m_PGM_2Perc_coupling_errors_off_RP.rml
2025-02-08 01:30:34,871 - INFO - Completed: 27, remaining: 33, RAYPy_Simulation_bessy3_56m_PGM_2Perc_coupling_errors_off_RP/round_2/84_bessy3_56m_PGM_2Perc_coupling_errors_off_RP.rml
2025-02-08 01:30:34,953 - INFO - Completed: 28, remaining: 32, RAYPy_Simulation_bessy3_56m_PGM_2Perc_coupling_errors_off_RP/round_2/80_bessy3_56m_PGM_2Perc_coupling_errors_off_RP.rml
2025-02-08 01:30:35,014 - INFO - Completed: 29, remaining: 31, RAYPy_Simulation_bessy3_56m_PGM_2Perc_coupling_errors_off_RP/round_2/85_bessy3_56m_PGM_2Perc_coupling_errors_off_RP.rml
2025-02-08 01:30:35,051 - INFO - Completed: 30, remaining: 30, RAYPy_Simulation_bessy3_56m_PGM_2Perc_coupling_errors_off_RP/round_2/81_bessy3_56m_PGM_2Perc_coupling_errors_off_RP.rml
2025-02-08 01:30:35,121 - INFO - Completed: 31, remaining: 29, RAYPy_Simulation_bessy3_56m_PGM_2Perc_coupling_errors_off_RP/round_2/83_bessy3_56m_PGM_2Perc_coupling_errors_off_RP.rml
2025-02-08 01:30:35,364 - INFO - Completed: 32, remaining: 28, RAYPy_Simulation_bessy3_56m_PGM_2Perc_coupling_errors_off_RP/round_2/86_bessy3_56m_PGM_2Perc_coupling_errors_off_RP.rml
2025-02-08 01:30:35,420 - INFO - Completed: 33, remaining: 27, RAYPy_Simulation_bessy3_56m_PGM_2Perc_coupling_errors_off_RP/round_2/82_bessy3_56m_PGM_2Perc_coupling_errors_off_RP.rml
2025-02-08 01:30:35,985 - INFO - Completed: 34, remaining: 26, RAYPy_Simulation_bessy3_56m_PGM_2Perc_coupling_errors_off_RP/round_2/87_bessy3_56m_PGM_2Perc_coupling_errors_off_RP.rml
2025-02-08 01:30:36,690 - INFO - Completed: 35, remaining: 25, RAYPy_Simulation_bessy3_56m_PGM_2Perc_coupling_errors_off_RP/round_2/88_bessy3_56m_PGM_2Perc_coupling_errors_off_RP.rml
2025-02-08 01:30:36,986 - INFO - Completed: 36, remaining: 24, RAYPy_Simulation_bessy3_56m_PGM_2Perc_coupling_errors_off_RP/round_2/89_bessy3_56m_PGM_2Perc_coupling_errors_off_RP.rml
2025-02-08 01:30:37,441 - INFO - Completed: 37, remaining: 23, RAYPy_Simulation_bessy3_56m_PGM_2Perc_coupling_errors_off_RP/round_2/90_bessy3_56m_PGM_2Perc_coupling_errors_off_RP.rml
2025-02-08 01:30:37,699 - INFO - Completed: 38, remaining: 22, RAYPy_Simulation_bessy3_56m_PGM_2Perc_coupling_errors_off_RP/round_2/91_bessy3_56m_PGM_2Perc_coupling_errors_off_RP.rml
2025-02-08 01:30:37,982 - INFO - Completed: 39, remaining: 21, RAYPy_Simulation_bessy3_56m_PGM_2Perc_coupling_errors_off_RP/round_2/93_bessy3_56m_PGM_2Perc_coupling_errors_off_RP.rml
2025-02-08 01:30:38,005 - INFO - Completed: 40, remaining: 20, RAYPy_Simulation_bessy3_56m_PGM_2Perc_coupling_errors_off_RP/round_2/92_bessy3_56m_PGM_2Perc_coupling_errors_off_RP.rml
2025-02-08 01:30:38,144 - INFO - Completed: 41, remaining: 19, RAYPy_Simulation_bessy3_56m_PGM_2Perc_coupling_errors_off_RP/round_2/96_bessy3_56m_PGM_2Perc_coupling_errors_off_RP.rml
2025-02-08 01:30:38,419 - INFO - Completed: 42, remaining: 18, RAYPy_Simulation_bessy3_56m_PGM_2Perc_coupling_errors_off_RP/round_2/97_bessy3_56m_PGM_2Perc_coupling_errors_off_RP.rml
2025-02-08 01:30:38,457 - INFO - Completed: 43, remaining: 17, RAYPy_Simulation_bessy3_56m_PGM_2Perc_coupling_errors_off_RP/round_2/98_bessy3_56m_PGM_2Perc_coupling_errors_off_RP.rml
2025-02-08 01:30:38,498 - INFO - Completed: 44, remaining: 16, RAYPy_Simulation_bessy3_56m_PGM_2Perc_coupling_errors_off_RP/round_2/95_bessy3_56m_PGM_2Perc_coupling_errors_off_RP.rml
2025-02-08 01:30:38,523 - INFO - Completed: 45, remaining: 15, RAYPy_Simulation_bessy3_56m_PGM_2Perc_coupling_errors_off_RP/round_2/94_bessy3_56m_PGM_2Perc_coupling_errors_off_RP.rml
2025-02-08 01:30:39,311 - INFO - Completed: 46, remaining: 14, RAYPy_Simulation_bessy3_56m_PGM_2Perc_coupling_errors_off_RP/round_2/99_bessy3_56m_PGM_2Perc_coupling_errors_off_RP.rml
2025-02-08 01:30:40,135 - INFO - Completed: 47, remaining: 13, RAYPy_Simulation_bessy3_56m_PGM_2Perc_coupling_errors_off_RP/round_2/100_bessy3_56m_PGM_2Perc_coupling_errors_off_RP.rml
2025-02-08 01:30:40,221 - INFO - Completed: 48, remaining: 12, RAYPy_Simulation_bessy3_56m_PGM_2Perc_coupling_errors_off_RP/round_2/101_bessy3_56m_PGM_2Perc_coupling_errors_off_RP.rml
2025-02-08 01:30:40,671 - INFO - Completed: 49, remaining: 11, RAYPy_Simulation_bessy3_56m_PGM_2Perc_coupling_errors_off_RP/round_2/102_bessy3_56m_PGM_2Perc_coupling_errors_off_RP.rml
2025-02-08 01:30:40,947 - INFO - Completed: 50, remaining: 10, RAYPy_Simulation_bessy3_56m_PGM_2Perc_coupling_errors_off_RP/round_2/103_bessy3_56m_PGM_2Perc_coupling_errors_off_RP.rml
2025-02-08 01:30:41,290 - INFO - Completed: 51, remaining: 9, RAYPy_Simulation_bessy3_56m_PGM_2Perc_coupling_errors_off_RP/round_2/105_bessy3_56m_PGM_2Perc_coupling_errors_off_RP.rml
2025-02-08 01:30:41,314 - INFO - Completed: 52, remaining: 8, RAYPy_Simulation_bessy3_56m_PGM_2Perc_coupling_errors_off_RP/round_2/104_bessy3_56m_PGM_2Perc_coupling_errors_off_RP.rml
2025-02-08 01:30:41,481 - INFO - Completed: 53, remaining: 7, RAYPy_Simulation_bessy3_56m_PGM_2Perc_coupling_errors_off_RP/round_2/106_bessy3_56m_PGM_2Perc_coupling_errors_off_RP.rml
2025-02-08 01:30:41,663 - INFO - Completed: 54, remaining: 6, RAYPy_Simulation_bessy3_56m_PGM_2Perc_coupling_errors_off_RP/round_2/109_bessy3_56m_PGM_2Perc_coupling_errors_off_RP.rml
2025-02-08 01:30:41,685 - INFO - Completed: 55, remaining: 5, RAYPy_Simulation_bessy3_56m_PGM_2Perc_coupling_errors_off_RP/round_2/110_bessy3_56m_PGM_2Perc_coupling_errors_off_RP.rml
2025-02-08 01:30:41,803 - INFO - Completed: 56, remaining: 4, RAYPy_Simulation_bessy3_56m_PGM_2Perc_coupling_errors_off_RP/round_2/107_bessy3_56m_PGM_2Perc_coupling_errors_off_RP.rml
2025-02-08 01:30:42,153 - INFO - Completed: 57, remaining: 3, RAYPy_Simulation_bessy3_56m_PGM_2Perc_coupling_errors_off_RP/round_2/108_bessy3_56m_PGM_2Perc_coupling_errors_off_RP.rml
2025-02-08 01:30:42,296 - INFO - Completed: 58, remaining: 2, RAYPy_Simulation_bessy3_56m_PGM_2Perc_coupling_errors_off_RP/round_2/111_bessy3_56m_PGM_2Perc_coupling_errors_off_RP.rml
2025-02-08 01:30:42,749 - INFO - Completed: 59, remaining: 1, RAYPy_Simulation_bessy3_56m_PGM_2Perc_coupling_errors_off_RP/round_2/112_bessy3_56m_PGM_2Perc_coupling_errors_off_RP.rml
2025-02-08 01:30:42,872 - INFO - Completed: 60, remaining: 0, RAYPy_Simulation_bessy3_56m_PGM_2Perc_coupling_errors_off_RP/round_2/113_bessy3_56m_PGM_2Perc_coupling_errors_off_RP.rml
2025-02-08 01:30:42,872 - INFO - Batch Completed
2025-02-08 01:30:42,872 - INFO - Waiting For batch, 60 simulations to go
2025-02-08 01:30:42,879 - INFO - Prepared sim number: 114: RAYPy_Simulation_bessy3_56m_PGM_2Perc_coupling_errors_off_RP/round_2/114_bessy3_56m_PGM_2Perc_coupling_errors_off_RP.rml
2025-02-08 01:30:42,891 - INFO - Prepared sim number: 115: RAYPy_Simulation_bessy3_56m_PGM_2Perc_coupling_errors_off_RP/round_2/115_bessy3_56m_PGM_2Perc_coupling_errors_off_RP.rml
2025-02-08 01:30:42,897 - INFO - Prepared sim number: 116: RAYPy_Simulation_bessy3_56m_PGM_2Perc_coupling_errors_off_RP/round_2/116_bessy3_56m_PGM_2Perc_coupling_errors_off_RP.rml
2025-02-08 01:30:42,902 - INFO - Prepared sim number: 117: RAYPy_Simulation_bessy3_56m_PGM_2Perc_coupling_errors_off_RP/round_2/117_bessy3_56m_PGM_2Perc_coupling_errors_off_RP.rml
2025-02-08 01:30:42,908 - INFO - Prepared sim number: 118: RAYPy_Simulation_bessy3_56m_PGM_2Perc_coupling_errors_off_RP/round_2/118_bessy3_56m_PGM_2Perc_coupling_errors_off_RP.rml
2025-02-08 01:30:42,914 - INFO - Prepared sim number: 119: RAYPy_Simulation_bessy3_56m_PGM_2Perc_coupling_errors_off_RP/round_2/119_bessy3_56m_PGM_2Perc_coupling_errors_off_RP.rml
2025-02-08 01:30:42,923 - INFO - Prepared sim number: 120: RAYPy_Simulation_bessy3_56m_PGM_2Perc_coupling_errors_off_RP/round_2/120_bessy3_56m_PGM_2Perc_coupling_errors_off_RP.rml
2025-02-08 01:30:42,931 - INFO - Prepared sim number: 121: RAYPy_Simulation_bessy3_56m_PGM_2Perc_coupling_errors_off_RP/round_2/121_bessy3_56m_PGM_2Perc_coupling_errors_off_RP.rml
2025-02-08 01:30:42,937 - INFO - Prepared sim number: 122: RAYPy_Simulation_bessy3_56m_PGM_2Perc_coupling_errors_off_RP/round_2/122_bessy3_56m_PGM_2Perc_coupling_errors_off_RP.rml
2025-02-08 01:30:42,937 - INFO - Start round 3
2025-02-08 01:30:42,943 - INFO - Prepared sim number: 0: RAYPy_Simulation_bessy3_56m_PGM_2Perc_coupling_errors_off_RP/round_3/0_bessy3_56m_PGM_2Perc_coupling_errors_off_RP.rml
2025-02-08 01:30:42,949 - INFO - Prepared sim number: 1: RAYPy_Simulation_bessy3_56m_PGM_2Perc_coupling_errors_off_RP/round_3/1_bessy3_56m_PGM_2Perc_coupling_errors_off_RP.rml
2025-02-08 01:30:42,956 - INFO - Prepared sim number: 2: RAYPy_Simulation_bessy3_56m_PGM_2Perc_coupling_errors_off_RP/round_3/2_bessy3_56m_PGM_2Perc_coupling_errors_off_RP.rml
2025-02-08 01:30:42,962 - INFO - Prepared sim number: 3: RAYPy_Simulation_bessy3_56m_PGM_2Perc_coupling_errors_off_RP/round_3/3_bessy3_56m_PGM_2Perc_coupling_errors_off_RP.rml
2025-02-08 01:30:42,967 - INFO - Prepared sim number: 4: RAYPy_Simulation_bessy3_56m_PGM_2Perc_coupling_errors_off_RP/round_3/4_bessy3_56m_PGM_2Perc_coupling_errors_off_RP.rml
2025-02-08 01:30:42,972 - INFO - Prepared sim number: 5: RAYPy_Simulation_bessy3_56m_PGM_2Perc_coupling_errors_off_RP/round_3/5_bessy3_56m_PGM_2Perc_coupling_errors_off_RP.rml
2025-02-08 01:30:42,978 - INFO - Prepared sim number: 6: RAYPy_Simulation_bessy3_56m_PGM_2Perc_coupling_errors_off_RP/round_3/6_bessy3_56m_PGM_2Perc_coupling_errors_off_RP.rml
2025-02-08 01:30:42,983 - INFO - Prepared sim number: 7: RAYPy_Simulation_bessy3_56m_PGM_2Perc_coupling_errors_off_RP/round_3/7_bessy3_56m_PGM_2Perc_coupling_errors_off_RP.rml
2025-02-08 01:30:42,988 - INFO - Prepared sim number: 8: RAYPy_Simulation_bessy3_56m_PGM_2Perc_coupling_errors_off_RP/round_3/8_bessy3_56m_PGM_2Perc_coupling_errors_off_RP.rml
2025-02-08 01:30:42,993 - INFO - Prepared sim number: 9: RAYPy_Simulation_bessy3_56m_PGM_2Perc_coupling_errors_off_RP/round_3/9_bessy3_56m_PGM_2Perc_coupling_errors_off_RP.rml
2025-02-08 01:30:42,998 - INFO - Prepared sim number: 10: RAYPy_Simulation_bessy3_56m_PGM_2Perc_coupling_errors_off_RP/round_3/10_bessy3_56m_PGM_2Perc_coupling_errors_off_RP.rml
2025-02-08 01:30:43,004 - INFO - Prepared sim number: 11: RAYPy_Simulation_bessy3_56m_PGM_2Perc_coupling_errors_off_RP/round_3/11_bessy3_56m_PGM_2Perc_coupling_errors_off_RP.rml
2025-02-08 01:30:43,009 - INFO - Prepared sim number: 12: RAYPy_Simulation_bessy3_56m_PGM_2Perc_coupling_errors_off_RP/round_3/12_bessy3_56m_PGM_2Perc_coupling_errors_off_RP.rml
2025-02-08 01:30:43,014 - INFO - Prepared sim number: 13: RAYPy_Simulation_bessy3_56m_PGM_2Perc_coupling_errors_off_RP/round_3/13_bessy3_56m_PGM_2Perc_coupling_errors_off_RP.rml
2025-02-08 01:30:43,019 - INFO - Prepared sim number: 14: RAYPy_Simulation_bessy3_56m_PGM_2Perc_coupling_errors_off_RP/round_3/14_bessy3_56m_PGM_2Perc_coupling_errors_off_RP.rml
2025-02-08 01:30:43,024 - INFO - Prepared sim number: 15: RAYPy_Simulation_bessy3_56m_PGM_2Perc_coupling_errors_off_RP/round_3/15_bessy3_56m_PGM_2Perc_coupling_errors_off_RP.rml
2025-02-08 01:30:43,029 - INFO - Prepared sim number: 16: RAYPy_Simulation_bessy3_56m_PGM_2Perc_coupling_errors_off_RP/round_3/16_bessy3_56m_PGM_2Perc_coupling_errors_off_RP.rml
2025-02-08 01:30:43,034 - INFO - Prepared sim number: 17: RAYPy_Simulation_bessy3_56m_PGM_2Perc_coupling_errors_off_RP/round_3/17_bessy3_56m_PGM_2Perc_coupling_errors_off_RP.rml
2025-02-08 01:30:43,039 - INFO - Prepared sim number: 18: RAYPy_Simulation_bessy3_56m_PGM_2Perc_coupling_errors_off_RP/round_3/18_bessy3_56m_PGM_2Perc_coupling_errors_off_RP.rml
2025-02-08 01:30:43,044 - INFO - Prepared sim number: 19: RAYPy_Simulation_bessy3_56m_PGM_2Perc_coupling_errors_off_RP/round_3/19_bessy3_56m_PGM_2Perc_coupling_errors_off_RP.rml
2025-02-08 01:30:43,049 - INFO - Prepared sim number: 20: RAYPy_Simulation_bessy3_56m_PGM_2Perc_coupling_errors_off_RP/round_3/20_bessy3_56m_PGM_2Perc_coupling_errors_off_RP.rml
2025-02-08 01:30:43,053 - INFO - Prepared sim number: 21: RAYPy_Simulation_bessy3_56m_PGM_2Perc_coupling_errors_off_RP/round_3/21_bessy3_56m_PGM_2Perc_coupling_errors_off_RP.rml
2025-02-08 01:30:43,059 - INFO - Prepared sim number: 22: RAYPy_Simulation_bessy3_56m_PGM_2Perc_coupling_errors_off_RP/round_3/22_bessy3_56m_PGM_2Perc_coupling_errors_off_RP.rml
2025-02-08 01:30:43,064 - INFO - Prepared sim number: 23: RAYPy_Simulation_bessy3_56m_PGM_2Perc_coupling_errors_off_RP/round_3/23_bessy3_56m_PGM_2Perc_coupling_errors_off_RP.rml
2025-02-08 01:30:43,069 - INFO - Prepared sim number: 24: RAYPy_Simulation_bessy3_56m_PGM_2Perc_coupling_errors_off_RP/round_3/24_bessy3_56m_PGM_2Perc_coupling_errors_off_RP.rml
2025-02-08 01:30:43,074 - INFO - Prepared sim number: 25: RAYPy_Simulation_bessy3_56m_PGM_2Perc_coupling_errors_off_RP/round_3/25_bessy3_56m_PGM_2Perc_coupling_errors_off_RP.rml
2025-02-08 01:30:43,078 - INFO - Prepared sim number: 26: RAYPy_Simulation_bessy3_56m_PGM_2Perc_coupling_errors_off_RP/round_3/26_bessy3_56m_PGM_2Perc_coupling_errors_off_RP.rml
2025-02-08 01:30:43,083 - INFO - Prepared sim number: 27: RAYPy_Simulation_bessy3_56m_PGM_2Perc_coupling_errors_off_RP/round_3/27_bessy3_56m_PGM_2Perc_coupling_errors_off_RP.rml
2025-02-08 01:30:43,088 - INFO - Prepared sim number: 28: RAYPy_Simulation_bessy3_56m_PGM_2Perc_coupling_errors_off_RP/round_3/28_bessy3_56m_PGM_2Perc_coupling_errors_off_RP.rml
2025-02-08 01:30:43,093 - INFO - Prepared sim number: 29: RAYPy_Simulation_bessy3_56m_PGM_2Perc_coupling_errors_off_RP/round_3/29_bessy3_56m_PGM_2Perc_coupling_errors_off_RP.rml
2025-02-08 01:30:43,098 - INFO - Prepared sim number: 30: RAYPy_Simulation_bessy3_56m_PGM_2Perc_coupling_errors_off_RP/round_3/30_bessy3_56m_PGM_2Perc_coupling_errors_off_RP.rml
2025-02-08 01:30:43,103 - INFO - Prepared sim number: 31: RAYPy_Simulation_bessy3_56m_PGM_2Perc_coupling_errors_off_RP/round_3/31_bessy3_56m_PGM_2Perc_coupling_errors_off_RP.rml
2025-02-08 01:30:43,108 - INFO - Prepared sim number: 32: RAYPy_Simulation_bessy3_56m_PGM_2Perc_coupling_errors_off_RP/round_3/32_bessy3_56m_PGM_2Perc_coupling_errors_off_RP.rml
2025-02-08 01:30:43,113 - INFO - Prepared sim number: 33: RAYPy_Simulation_bessy3_56m_PGM_2Perc_coupling_errors_off_RP/round_3/33_bessy3_56m_PGM_2Perc_coupling_errors_off_RP.rml
2025-02-08 01:30:43,117 - INFO - Prepared sim number: 34: RAYPy_Simulation_bessy3_56m_PGM_2Perc_coupling_errors_off_RP/round_3/34_bessy3_56m_PGM_2Perc_coupling_errors_off_RP.rml
2025-02-08 01:30:43,122 - INFO - Prepared sim number: 35: RAYPy_Simulation_bessy3_56m_PGM_2Perc_coupling_errors_off_RP/round_3/35_bessy3_56m_PGM_2Perc_coupling_errors_off_RP.rml
2025-02-08 01:30:43,128 - INFO - Prepared sim number: 36: RAYPy_Simulation_bessy3_56m_PGM_2Perc_coupling_errors_off_RP/round_3/36_bessy3_56m_PGM_2Perc_coupling_errors_off_RP.rml
2025-02-08 01:30:43,134 - INFO - Prepared sim number: 37: RAYPy_Simulation_bessy3_56m_PGM_2Perc_coupling_errors_off_RP/round_3/37_bessy3_56m_PGM_2Perc_coupling_errors_off_RP.rml
2025-02-08 01:30:43,141 - INFO - Prepared sim number: 38: RAYPy_Simulation_bessy3_56m_PGM_2Perc_coupling_errors_off_RP/round_3/38_bessy3_56m_PGM_2Perc_coupling_errors_off_RP.rml
2025-02-08 01:30:43,148 - INFO - Prepared sim number: 39: RAYPy_Simulation_bessy3_56m_PGM_2Perc_coupling_errors_off_RP/round_3/39_bessy3_56m_PGM_2Perc_coupling_errors_off_RP.rml
2025-02-08 01:30:43,153 - INFO - Prepared sim number: 40: RAYPy_Simulation_bessy3_56m_PGM_2Perc_coupling_errors_off_RP/round_3/40_bessy3_56m_PGM_2Perc_coupling_errors_off_RP.rml
2025-02-08 01:30:43,158 - INFO - Prepared sim number: 41: RAYPy_Simulation_bessy3_56m_PGM_2Perc_coupling_errors_off_RP/round_3/41_bessy3_56m_PGM_2Perc_coupling_errors_off_RP.rml
2025-02-08 01:30:43,163 - INFO - Prepared sim number: 42: RAYPy_Simulation_bessy3_56m_PGM_2Perc_coupling_errors_off_RP/round_3/42_bessy3_56m_PGM_2Perc_coupling_errors_off_RP.rml
2025-02-08 01:30:43,170 - INFO - Prepared sim number: 43: RAYPy_Simulation_bessy3_56m_PGM_2Perc_coupling_errors_off_RP/round_3/43_bessy3_56m_PGM_2Perc_coupling_errors_off_RP.rml
2025-02-08 01:30:43,175 - INFO - Prepared sim number: 44: RAYPy_Simulation_bessy3_56m_PGM_2Perc_coupling_errors_off_RP/round_3/44_bessy3_56m_PGM_2Perc_coupling_errors_off_RP.rml
2025-02-08 01:30:43,180 - INFO - Prepared sim number: 45: RAYPy_Simulation_bessy3_56m_PGM_2Perc_coupling_errors_off_RP/round_3/45_bessy3_56m_PGM_2Perc_coupling_errors_off_RP.rml
2025-02-08 01:30:43,187 - INFO - Prepared sim number: 46: RAYPy_Simulation_bessy3_56m_PGM_2Perc_coupling_errors_off_RP/round_3/46_bessy3_56m_PGM_2Perc_coupling_errors_off_RP.rml
2025-02-08 01:30:43,192 - INFO - Prepared sim number: 47: RAYPy_Simulation_bessy3_56m_PGM_2Perc_coupling_errors_off_RP/round_3/47_bessy3_56m_PGM_2Perc_coupling_errors_off_RP.rml
2025-02-08 01:30:43,196 - INFO - Prepared sim number: 48: RAYPy_Simulation_bessy3_56m_PGM_2Perc_coupling_errors_off_RP/round_3/48_bessy3_56m_PGM_2Perc_coupling_errors_off_RP.rml
2025-02-08 01:30:43,201 - INFO - Prepared sim number: 49: RAYPy_Simulation_bessy3_56m_PGM_2Perc_coupling_errors_off_RP/round_3/49_bessy3_56m_PGM_2Perc_coupling_errors_off_RP.rml
2025-02-08 01:30:43,206 - INFO - Prepared sim number: 50: RAYPy_Simulation_bessy3_56m_PGM_2Perc_coupling_errors_off_RP/round_3/50_bessy3_56m_PGM_2Perc_coupling_errors_off_RP.rml
2025-02-08 01:30:43,207 - INFO - Waiting for batch number: 6, timeout: 21.02188149690628s
2025-02-08 01:30:45,613 - INFO - Completed: 1, remaining: 59, RAYPy_Simulation_bessy3_56m_PGM_2Perc_coupling_errors_off_RP/round_3/2_bessy3_56m_PGM_2Perc_coupling_errors_off_RP.rml
2025-02-08 01:30:45,688 - INFO - Completed: 2, remaining: 58, RAYPy_Simulation_bessy3_56m_PGM_2Perc_coupling_errors_off_RP/round_3/1_bessy3_56m_PGM_2Perc_coupling_errors_off_RP.rml
2025-02-08 01:30:45,711 - INFO - Completed: 3, remaining: 57, RAYPy_Simulation_bessy3_56m_PGM_2Perc_coupling_errors_off_RP/round_2/115_bessy3_56m_PGM_2Perc_coupling_errors_off_RP.rml
2025-02-08 01:30:45,781 - INFO - Completed: 4, remaining: 56, RAYPy_Simulation_bessy3_56m_PGM_2Perc_coupling_errors_off_RP/round_2/122_bessy3_56m_PGM_2Perc_coupling_errors_off_RP.rml
2025-02-08 01:30:45,798 - INFO - Completed: 5, remaining: 55, RAYPy_Simulation_bessy3_56m_PGM_2Perc_coupling_errors_off_RP/round_2/114_bessy3_56m_PGM_2Perc_coupling_errors_off_RP.rml
2025-02-08 01:30:45,875 - INFO - Completed: 6, remaining: 54, RAYPy_Simulation_bessy3_56m_PGM_2Perc_coupling_errors_off_RP/round_2/119_bessy3_56m_PGM_2Perc_coupling_errors_off_RP.rml
2025-02-08 01:30:45,904 - INFO - Completed: 7, remaining: 53, RAYPy_Simulation_bessy3_56m_PGM_2Perc_coupling_errors_off_RP/round_2/120_bessy3_56m_PGM_2Perc_coupling_errors_off_RP.rml
2025-02-08 01:30:46,019 - INFO - Completed: 8, remaining: 52, RAYPy_Simulation_bessy3_56m_PGM_2Perc_coupling_errors_off_RP/round_2/117_bessy3_56m_PGM_2Perc_coupling_errors_off_RP.rml
2025-02-08 01:30:47,779 - INFO - Completed: 9, remaining: 51, RAYPy_Simulation_bessy3_56m_PGM_2Perc_coupling_errors_off_RP/round_3/0_bessy3_56m_PGM_2Perc_coupling_errors_off_RP.rml
2025-02-08 01:30:47,996 - INFO - Completed: 10, remaining: 50, RAYPy_Simulation_bessy3_56m_PGM_2Perc_coupling_errors_off_RP/round_2/121_bessy3_56m_PGM_2Perc_coupling_errors_off_RP.rml
2025-02-08 01:30:48,027 - INFO - Completed: 11, remaining: 49, RAYPy_Simulation_bessy3_56m_PGM_2Perc_coupling_errors_off_RP/round_2/116_bessy3_56m_PGM_2Perc_coupling_errors_off_RP.rml
2025-02-08 01:30:48,401 - INFO - Completed: 12, remaining: 48, RAYPy_Simulation_bessy3_56m_PGM_2Perc_coupling_errors_off_RP/round_3/3_bessy3_56m_PGM_2Perc_coupling_errors_off_RP.rml
2025-02-08 01:30:48,791 - INFO - Completed: 13, remaining: 47, RAYPy_Simulation_bessy3_56m_PGM_2Perc_coupling_errors_off_RP/round_3/7_bessy3_56m_PGM_2Perc_coupling_errors_off_RP.rml
2025-02-08 01:30:48,826 - INFO - Completed: 14, remaining: 46, RAYPy_Simulation_bessy3_56m_PGM_2Perc_coupling_errors_off_RP/round_3/9_bessy3_56m_PGM_2Perc_coupling_errors_off_RP.rml
2025-02-08 01:30:48,868 - INFO - Completed: 15, remaining: 45, RAYPy_Simulation_bessy3_56m_PGM_2Perc_coupling_errors_off_RP/round_3/5_bessy3_56m_PGM_2Perc_coupling_errors_off_RP.rml
2025-02-08 01:30:48,887 - INFO - Completed: 16, remaining: 44, RAYPy_Simulation_bessy3_56m_PGM_2Perc_coupling_errors_off_RP/round_3/4_bessy3_56m_PGM_2Perc_coupling_errors_off_RP.rml
2025-02-08 01:30:49,080 - INFO - Completed: 17, remaining: 43, RAYPy_Simulation_bessy3_56m_PGM_2Perc_coupling_errors_off_RP/round_3/10_bessy3_56m_PGM_2Perc_coupling_errors_off_RP.rml
2025-02-08 01:30:49,097 - INFO - Completed: 18, remaining: 42, RAYPy_Simulation_bessy3_56m_PGM_2Perc_coupling_errors_off_RP/round_3/6_bessy3_56m_PGM_2Perc_coupling_errors_off_RP.rml
2025-02-08 01:30:49,201 - INFO - Completed: 19, remaining: 41, RAYPy_Simulation_bessy3_56m_PGM_2Perc_coupling_errors_off_RP/round_3/8_bessy3_56m_PGM_2Perc_coupling_errors_off_RP.rml
2025-02-08 01:30:50,492 - INFO - Completed: 20, remaining: 40, RAYPy_Simulation_bessy3_56m_PGM_2Perc_coupling_errors_off_RP/round_2/118_bessy3_56m_PGM_2Perc_coupling_errors_off_RP.rml
2025-02-08 01:30:51,222 - INFO - Completed: 21, remaining: 39, RAYPy_Simulation_bessy3_56m_PGM_2Perc_coupling_errors_off_RP/round_3/11_bessy3_56m_PGM_2Perc_coupling_errors_off_RP.rml
2025-02-08 01:30:51,368 - INFO - Completed: 22, remaining: 38, RAYPy_Simulation_bessy3_56m_PGM_2Perc_coupling_errors_off_RP/round_3/12_bessy3_56m_PGM_2Perc_coupling_errors_off_RP.rml
2025-02-08 01:30:51,492 - INFO - Completed: 23, remaining: 37, RAYPy_Simulation_bessy3_56m_PGM_2Perc_coupling_errors_off_RP/round_3/13_bessy3_56m_PGM_2Perc_coupling_errors_off_RP.rml
2025-02-08 01:30:51,720 - INFO - Completed: 24, remaining: 36, RAYPy_Simulation_bessy3_56m_PGM_2Perc_coupling_errors_off_RP/round_3/14_bessy3_56m_PGM_2Perc_coupling_errors_off_RP.rml
2025-02-08 01:30:52,186 - INFO - Completed: 25, remaining: 35, RAYPy_Simulation_bessy3_56m_PGM_2Perc_coupling_errors_off_RP/round_3/15_bessy3_56m_PGM_2Perc_coupling_errors_off_RP.rml
2025-02-08 01:30:52,374 - INFO - Completed: 26, remaining: 34, RAYPy_Simulation_bessy3_56m_PGM_2Perc_coupling_errors_off_RP/round_3/16_bessy3_56m_PGM_2Perc_coupling_errors_off_RP.rml
2025-02-08 01:30:52,455 - INFO - Completed: 27, remaining: 33, RAYPy_Simulation_bessy3_56m_PGM_2Perc_coupling_errors_off_RP/round_3/17_bessy3_56m_PGM_2Perc_coupling_errors_off_RP.rml
2025-02-08 01:30:52,757 - INFO - Completed: 28, remaining: 32, RAYPy_Simulation_bessy3_56m_PGM_2Perc_coupling_errors_off_RP/round_3/20_bessy3_56m_PGM_2Perc_coupling_errors_off_RP.rml
2025-02-08 01:30:52,759 - INFO - Completed: 29, remaining: 31, RAYPy_Simulation_bessy3_56m_PGM_2Perc_coupling_errors_off_RP/round_3/18_bessy3_56m_PGM_2Perc_coupling_errors_off_RP.rml
2025-02-08 01:30:52,844 - INFO - Completed: 30, remaining: 30, RAYPy_Simulation_bessy3_56m_PGM_2Perc_coupling_errors_off_RP/round_3/19_bessy3_56m_PGM_2Perc_coupling_errors_off_RP.rml
2025-02-08 01:30:52,904 - INFO - Completed: 31, remaining: 29, RAYPy_Simulation_bessy3_56m_PGM_2Perc_coupling_errors_off_RP/round_3/21_bessy3_56m_PGM_2Perc_coupling_errors_off_RP.rml
2025-02-08 01:30:53,926 - INFO - Completed: 32, remaining: 28, RAYPy_Simulation_bessy3_56m_PGM_2Perc_coupling_errors_off_RP/round_3/22_bessy3_56m_PGM_2Perc_coupling_errors_off_RP.rml
2025-02-08 01:30:54,667 - INFO - Completed: 33, remaining: 27, RAYPy_Simulation_bessy3_56m_PGM_2Perc_coupling_errors_off_RP/round_3/23_bessy3_56m_PGM_2Perc_coupling_errors_off_RP.rml
2025-02-08 01:30:54,908 - INFO - Completed: 34, remaining: 26, RAYPy_Simulation_bessy3_56m_PGM_2Perc_coupling_errors_off_RP/round_3/24_bessy3_56m_PGM_2Perc_coupling_errors_off_RP.rml
2025-02-08 01:30:55,054 - INFO - Completed: 35, remaining: 25, RAYPy_Simulation_bessy3_56m_PGM_2Perc_coupling_errors_off_RP/round_3/25_bessy3_56m_PGM_2Perc_coupling_errors_off_RP.rml
2025-02-08 01:30:55,204 - INFO - Completed: 36, remaining: 24, RAYPy_Simulation_bessy3_56m_PGM_2Perc_coupling_errors_off_RP/round_3/26_bessy3_56m_PGM_2Perc_coupling_errors_off_RP.rml
2025-02-08 01:30:55,759 - INFO - Completed: 37, remaining: 23, RAYPy_Simulation_bessy3_56m_PGM_2Perc_coupling_errors_off_RP/round_3/28_bessy3_56m_PGM_2Perc_coupling_errors_off_RP.rml
2025-02-08 01:30:55,925 - INFO - Completed: 38, remaining: 22, RAYPy_Simulation_bessy3_56m_PGM_2Perc_coupling_errors_off_RP/round_3/29_bessy3_56m_PGM_2Perc_coupling_errors_off_RP.rml
2025-02-08 01:30:56,397 - INFO - Completed: 39, remaining: 21, RAYPy_Simulation_bessy3_56m_PGM_2Perc_coupling_errors_off_RP/round_3/30_bessy3_56m_PGM_2Perc_coupling_errors_off_RP.rml
2025-02-08 01:30:56,553 - INFO - Completed: 40, remaining: 20, RAYPy_Simulation_bessy3_56m_PGM_2Perc_coupling_errors_off_RP/round_3/32_bessy3_56m_PGM_2Perc_coupling_errors_off_RP.rml
2025-02-08 01:30:56,649 - INFO - Completed: 41, remaining: 19, RAYPy_Simulation_bessy3_56m_PGM_2Perc_coupling_errors_off_RP/round_3/33_bessy3_56m_PGM_2Perc_coupling_errors_off_RP.rml
2025-02-08 01:30:56,717 - INFO - Completed: 42, remaining: 18, RAYPy_Simulation_bessy3_56m_PGM_2Perc_coupling_errors_off_RP/round_3/27_bessy3_56m_PGM_2Perc_coupling_errors_off_RP.rml
2025-02-08 01:30:56,805 - INFO - Completed: 43, remaining: 17, RAYPy_Simulation_bessy3_56m_PGM_2Perc_coupling_errors_off_RP/round_3/31_bessy3_56m_PGM_2Perc_coupling_errors_off_RP.rml
2025-02-08 01:30:57,326 - INFO - Completed: 44, remaining: 16, RAYPy_Simulation_bessy3_56m_PGM_2Perc_coupling_errors_off_RP/round_3/34_bessy3_56m_PGM_2Perc_coupling_errors_off_RP.rml
2025-02-08 01:30:58,144 - INFO - Completed: 45, remaining: 15, RAYPy_Simulation_bessy3_56m_PGM_2Perc_coupling_errors_off_RP/round_3/35_bessy3_56m_PGM_2Perc_coupling_errors_off_RP.rml
2025-02-08 01:30:58,770 - INFO - Completed: 46, remaining: 14, RAYPy_Simulation_bessy3_56m_PGM_2Perc_coupling_errors_off_RP/round_3/36_bessy3_56m_PGM_2Perc_coupling_errors_off_RP.rml
2025-02-08 01:30:58,872 - INFO - Completed: 47, remaining: 13, RAYPy_Simulation_bessy3_56m_PGM_2Perc_coupling_errors_off_RP/round_3/38_bessy3_56m_PGM_2Perc_coupling_errors_off_RP.rml
2025-02-08 01:30:59,270 - INFO - Completed: 48, remaining: 12, RAYPy_Simulation_bessy3_56m_PGM_2Perc_coupling_errors_off_RP/round_3/37_bessy3_56m_PGM_2Perc_coupling_errors_off_RP.rml
2025-02-08 01:30:59,292 - INFO - Completed: 49, remaining: 11, RAYPy_Simulation_bessy3_56m_PGM_2Perc_coupling_errors_off_RP/round_3/39_bessy3_56m_PGM_2Perc_coupling_errors_off_RP.rml
2025-02-08 01:30:59,440 - INFO - Completed: 50, remaining: 10, RAYPy_Simulation_bessy3_56m_PGM_2Perc_coupling_errors_off_RP/round_3/40_bessy3_56m_PGM_2Perc_coupling_errors_off_RP.rml
2025-02-08 01:30:59,614 - INFO - Completed: 51, remaining: 9, RAYPy_Simulation_bessy3_56m_PGM_2Perc_coupling_errors_off_RP/round_3/41_bessy3_56m_PGM_2Perc_coupling_errors_off_RP.rml
2025-02-08 01:30:59,769 - INFO - Completed: 52, remaining: 8, RAYPy_Simulation_bessy3_56m_PGM_2Perc_coupling_errors_off_RP/round_3/42_bessy3_56m_PGM_2Perc_coupling_errors_off_RP.rml
2025-02-08 01:30:59,881 - INFO - Completed: 53, remaining: 7, RAYPy_Simulation_bessy3_56m_PGM_2Perc_coupling_errors_off_RP/round_3/44_bessy3_56m_PGM_2Perc_coupling_errors_off_RP.rml
2025-02-08 01:30:59,987 - INFO - Completed: 54, remaining: 6, RAYPy_Simulation_bessy3_56m_PGM_2Perc_coupling_errors_off_RP/round_3/43_bessy3_56m_PGM_2Perc_coupling_errors_off_RP.rml
2025-02-08 01:31:00,014 - INFO - Completed: 55, remaining: 5, RAYPy_Simulation_bessy3_56m_PGM_2Perc_coupling_errors_off_RP/round_3/45_bessy3_56m_PGM_2Perc_coupling_errors_off_RP.rml
2025-02-08 01:31:00,369 - INFO - Completed: 56, remaining: 4, RAYPy_Simulation_bessy3_56m_PGM_2Perc_coupling_errors_off_RP/round_3/46_bessy3_56m_PGM_2Perc_coupling_errors_off_RP.rml
2025-02-08 01:31:01,218 - INFO - Completed: 57, remaining: 3, RAYPy_Simulation_bessy3_56m_PGM_2Perc_coupling_errors_off_RP/round_3/49_bessy3_56m_PGM_2Perc_coupling_errors_off_RP.rml
2025-02-08 01:31:01,257 - INFO - Completed: 58, remaining: 2, RAYPy_Simulation_bessy3_56m_PGM_2Perc_coupling_errors_off_RP/round_3/47_bessy3_56m_PGM_2Perc_coupling_errors_off_RP.rml
2025-02-08 01:31:01,317 - INFO - Completed: 59, remaining: 1, RAYPy_Simulation_bessy3_56m_PGM_2Perc_coupling_errors_off_RP/round_3/48_bessy3_56m_PGM_2Perc_coupling_errors_off_RP.rml
2025-02-08 01:31:01,418 - INFO - Completed: 60, remaining: 0, RAYPy_Simulation_bessy3_56m_PGM_2Perc_coupling_errors_off_RP/round_3/50_bessy3_56m_PGM_2Perc_coupling_errors_off_RP.rml
2025-02-08 01:31:01,419 - INFO - Batch Completed
2025-02-08 01:31:01,419 - INFO - Waiting For batch, 60 simulations to go
2025-02-08 01:31:01,424 - INFO - Prepared sim number: 51: RAYPy_Simulation_bessy3_56m_PGM_2Perc_coupling_errors_off_RP/round_3/51_bessy3_56m_PGM_2Perc_coupling_errors_off_RP.rml
2025-02-08 01:31:01,429 - INFO - Prepared sim number: 52: RAYPy_Simulation_bessy3_56m_PGM_2Perc_coupling_errors_off_RP/round_3/52_bessy3_56m_PGM_2Perc_coupling_errors_off_RP.rml
2025-02-08 01:31:01,438 - INFO - Prepared sim number: 53: RAYPy_Simulation_bessy3_56m_PGM_2Perc_coupling_errors_off_RP/round_3/53_bessy3_56m_PGM_2Perc_coupling_errors_off_RP.rml
2025-02-08 01:31:01,443 - INFO - Prepared sim number: 54: RAYPy_Simulation_bessy3_56m_PGM_2Perc_coupling_errors_off_RP/round_3/54_bessy3_56m_PGM_2Perc_coupling_errors_off_RP.rml
2025-02-08 01:31:01,447 - INFO - Prepared sim number: 55: RAYPy_Simulation_bessy3_56m_PGM_2Perc_coupling_errors_off_RP/round_3/55_bessy3_56m_PGM_2Perc_coupling_errors_off_RP.rml
2025-02-08 01:31:01,452 - INFO - Prepared sim number: 56: RAYPy_Simulation_bessy3_56m_PGM_2Perc_coupling_errors_off_RP/round_3/56_bessy3_56m_PGM_2Perc_coupling_errors_off_RP.rml
2025-02-08 01:31:01,456 - INFO - Prepared sim number: 57: RAYPy_Simulation_bessy3_56m_PGM_2Perc_coupling_errors_off_RP/round_3/57_bessy3_56m_PGM_2Perc_coupling_errors_off_RP.rml
2025-02-08 01:31:01,459 - INFO - Prepared sim number: 58: RAYPy_Simulation_bessy3_56m_PGM_2Perc_coupling_errors_off_RP/round_3/58_bessy3_56m_PGM_2Perc_coupling_errors_off_RP.rml
2025-02-08 01:31:01,463 - INFO - Prepared sim number: 59: RAYPy_Simulation_bessy3_56m_PGM_2Perc_coupling_errors_off_RP/round_3/59_bessy3_56m_PGM_2Perc_coupling_errors_off_RP.rml
2025-02-08 01:31:01,470 - INFO - Prepared sim number: 60: RAYPy_Simulation_bessy3_56m_PGM_2Perc_coupling_errors_off_RP/round_3/60_bessy3_56m_PGM_2Perc_coupling_errors_off_RP.rml
2025-02-08 01:31:01,475 - INFO - Prepared sim number: 61: RAYPy_Simulation_bessy3_56m_PGM_2Perc_coupling_errors_off_RP/round_3/61_bessy3_56m_PGM_2Perc_coupling_errors_off_RP.rml
2025-02-08 01:31:01,479 - INFO - Prepared sim number: 62: RAYPy_Simulation_bessy3_56m_PGM_2Perc_coupling_errors_off_RP/round_3/62_bessy3_56m_PGM_2Perc_coupling_errors_off_RP.rml
2025-02-08 01:31:01,483 - INFO - Prepared sim number: 63: RAYPy_Simulation_bessy3_56m_PGM_2Perc_coupling_errors_off_RP/round_3/63_bessy3_56m_PGM_2Perc_coupling_errors_off_RP.rml
2025-02-08 01:31:01,488 - INFO - Prepared sim number: 64: RAYPy_Simulation_bessy3_56m_PGM_2Perc_coupling_errors_off_RP/round_3/64_bessy3_56m_PGM_2Perc_coupling_errors_off_RP.rml
2025-02-08 01:31:01,492 - INFO - Prepared sim number: 65: RAYPy_Simulation_bessy3_56m_PGM_2Perc_coupling_errors_off_RP/round_3/65_bessy3_56m_PGM_2Perc_coupling_errors_off_RP.rml
2025-02-08 01:31:01,496 - INFO - Prepared sim number: 66: RAYPy_Simulation_bessy3_56m_PGM_2Perc_coupling_errors_off_RP/round_3/66_bessy3_56m_PGM_2Perc_coupling_errors_off_RP.rml
2025-02-08 01:31:01,501 - INFO - Prepared sim number: 67: RAYPy_Simulation_bessy3_56m_PGM_2Perc_coupling_errors_off_RP/round_3/67_bessy3_56m_PGM_2Perc_coupling_errors_off_RP.rml
2025-02-08 01:31:01,505 - INFO - Prepared sim number: 68: RAYPy_Simulation_bessy3_56m_PGM_2Perc_coupling_errors_off_RP/round_3/68_bessy3_56m_PGM_2Perc_coupling_errors_off_RP.rml
2025-02-08 01:31:01,509 - INFO - Prepared sim number: 69: RAYPy_Simulation_bessy3_56m_PGM_2Perc_coupling_errors_off_RP/round_3/69_bessy3_56m_PGM_2Perc_coupling_errors_off_RP.rml
2025-02-08 01:31:01,512 - INFO - Prepared sim number: 70: RAYPy_Simulation_bessy3_56m_PGM_2Perc_coupling_errors_off_RP/round_3/70_bessy3_56m_PGM_2Perc_coupling_errors_off_RP.rml
2025-02-08 01:31:01,516 - INFO - Prepared sim number: 71: RAYPy_Simulation_bessy3_56m_PGM_2Perc_coupling_errors_off_RP/round_3/71_bessy3_56m_PGM_2Perc_coupling_errors_off_RP.rml
2025-02-08 01:31:01,519 - INFO - Prepared sim number: 72: RAYPy_Simulation_bessy3_56m_PGM_2Perc_coupling_errors_off_RP/round_3/72_bessy3_56m_PGM_2Perc_coupling_errors_off_RP.rml
2025-02-08 01:31:01,523 - INFO - Prepared sim number: 73: RAYPy_Simulation_bessy3_56m_PGM_2Perc_coupling_errors_off_RP/round_3/73_bessy3_56m_PGM_2Perc_coupling_errors_off_RP.rml
2025-02-08 01:31:01,526 - INFO - Prepared sim number: 74: RAYPy_Simulation_bessy3_56m_PGM_2Perc_coupling_errors_off_RP/round_3/74_bessy3_56m_PGM_2Perc_coupling_errors_off_RP.rml
2025-02-08 01:31:01,531 - INFO - Prepared sim number: 75: RAYPy_Simulation_bessy3_56m_PGM_2Perc_coupling_errors_off_RP/round_3/75_bessy3_56m_PGM_2Perc_coupling_errors_off_RP.rml
2025-02-08 01:31:01,535 - INFO - Prepared sim number: 76: RAYPy_Simulation_bessy3_56m_PGM_2Perc_coupling_errors_off_RP/round_3/76_bessy3_56m_PGM_2Perc_coupling_errors_off_RP.rml
2025-02-08 01:31:01,539 - INFO - Prepared sim number: 77: RAYPy_Simulation_bessy3_56m_PGM_2Perc_coupling_errors_off_RP/round_3/77_bessy3_56m_PGM_2Perc_coupling_errors_off_RP.rml
2025-02-08 01:31:01,544 - INFO - Prepared sim number: 78: RAYPy_Simulation_bessy3_56m_PGM_2Perc_coupling_errors_off_RP/round_3/78_bessy3_56m_PGM_2Perc_coupling_errors_off_RP.rml
2025-02-08 01:31:01,548 - INFO - Prepared sim number: 79: RAYPy_Simulation_bessy3_56m_PGM_2Perc_coupling_errors_off_RP/round_3/79_bessy3_56m_PGM_2Perc_coupling_errors_off_RP.rml
2025-02-08 01:31:01,552 - INFO - Prepared sim number: 80: RAYPy_Simulation_bessy3_56m_PGM_2Perc_coupling_errors_off_RP/round_3/80_bessy3_56m_PGM_2Perc_coupling_errors_off_RP.rml
2025-02-08 01:31:01,556 - INFO - Prepared sim number: 81: RAYPy_Simulation_bessy3_56m_PGM_2Perc_coupling_errors_off_RP/round_3/81_bessy3_56m_PGM_2Perc_coupling_errors_off_RP.rml
2025-02-08 01:31:01,559 - INFO - Prepared sim number: 82: RAYPy_Simulation_bessy3_56m_PGM_2Perc_coupling_errors_off_RP/round_3/82_bessy3_56m_PGM_2Perc_coupling_errors_off_RP.rml
2025-02-08 01:31:01,562 - INFO - Prepared sim number: 83: RAYPy_Simulation_bessy3_56m_PGM_2Perc_coupling_errors_off_RP/round_3/83_bessy3_56m_PGM_2Perc_coupling_errors_off_RP.rml
2025-02-08 01:31:01,566 - INFO - Prepared sim number: 84: RAYPy_Simulation_bessy3_56m_PGM_2Perc_coupling_errors_off_RP/round_3/84_bessy3_56m_PGM_2Perc_coupling_errors_off_RP.rml
2025-02-08 01:31:01,569 - INFO - Prepared sim number: 85: RAYPy_Simulation_bessy3_56m_PGM_2Perc_coupling_errors_off_RP/round_3/85_bessy3_56m_PGM_2Perc_coupling_errors_off_RP.rml
2025-02-08 01:31:01,572 - INFO - Prepared sim number: 86: RAYPy_Simulation_bessy3_56m_PGM_2Perc_coupling_errors_off_RP/round_3/86_bessy3_56m_PGM_2Perc_coupling_errors_off_RP.rml
2025-02-08 01:31:01,575 - INFO - Prepared sim number: 87: RAYPy_Simulation_bessy3_56m_PGM_2Perc_coupling_errors_off_RP/round_3/87_bessy3_56m_PGM_2Perc_coupling_errors_off_RP.rml
2025-02-08 01:31:01,578 - INFO - Prepared sim number: 88: RAYPy_Simulation_bessy3_56m_PGM_2Perc_coupling_errors_off_RP/round_3/88_bessy3_56m_PGM_2Perc_coupling_errors_off_RP.rml
2025-02-08 01:31:01,582 - INFO - Prepared sim number: 89: RAYPy_Simulation_bessy3_56m_PGM_2Perc_coupling_errors_off_RP/round_3/89_bessy3_56m_PGM_2Perc_coupling_errors_off_RP.rml
2025-02-08 01:31:01,585 - INFO - Prepared sim number: 90: RAYPy_Simulation_bessy3_56m_PGM_2Perc_coupling_errors_off_RP/round_3/90_bessy3_56m_PGM_2Perc_coupling_errors_off_RP.rml
2025-02-08 01:31:01,588 - INFO - Prepared sim number: 91: RAYPy_Simulation_bessy3_56m_PGM_2Perc_coupling_errors_off_RP/round_3/91_bessy3_56m_PGM_2Perc_coupling_errors_off_RP.rml
2025-02-08 01:31:01,591 - INFO - Prepared sim number: 92: RAYPy_Simulation_bessy3_56m_PGM_2Perc_coupling_errors_off_RP/round_3/92_bessy3_56m_PGM_2Perc_coupling_errors_off_RP.rml
2025-02-08 01:31:01,594 - INFO - Prepared sim number: 93: RAYPy_Simulation_bessy3_56m_PGM_2Perc_coupling_errors_off_RP/round_3/93_bessy3_56m_PGM_2Perc_coupling_errors_off_RP.rml
2025-02-08 01:31:01,598 - INFO - Prepared sim number: 94: RAYPy_Simulation_bessy3_56m_PGM_2Perc_coupling_errors_off_RP/round_3/94_bessy3_56m_PGM_2Perc_coupling_errors_off_RP.rml
2025-02-08 01:31:01,601 - INFO - Prepared sim number: 95: RAYPy_Simulation_bessy3_56m_PGM_2Perc_coupling_errors_off_RP/round_3/95_bessy3_56m_PGM_2Perc_coupling_errors_off_RP.rml
2025-02-08 01:31:01,604 - INFO - Prepared sim number: 96: RAYPy_Simulation_bessy3_56m_PGM_2Perc_coupling_errors_off_RP/round_3/96_bessy3_56m_PGM_2Perc_coupling_errors_off_RP.rml
2025-02-08 01:31:01,607 - INFO - Prepared sim number: 97: RAYPy_Simulation_bessy3_56m_PGM_2Perc_coupling_errors_off_RP/round_3/97_bessy3_56m_PGM_2Perc_coupling_errors_off_RP.rml
2025-02-08 01:31:01,609 - INFO - Prepared sim number: 98: RAYPy_Simulation_bessy3_56m_PGM_2Perc_coupling_errors_off_RP/round_3/98_bessy3_56m_PGM_2Perc_coupling_errors_off_RP.rml
2025-02-08 01:31:01,612 - INFO - Prepared sim number: 99: RAYPy_Simulation_bessy3_56m_PGM_2Perc_coupling_errors_off_RP/round_3/99_bessy3_56m_PGM_2Perc_coupling_errors_off_RP.rml
2025-02-08 01:31:01,615 - INFO - Prepared sim number: 100: RAYPy_Simulation_bessy3_56m_PGM_2Perc_coupling_errors_off_RP/round_3/100_bessy3_56m_PGM_2Perc_coupling_errors_off_RP.rml
2025-02-08 01:31:01,618 - INFO - Prepared sim number: 101: RAYPy_Simulation_bessy3_56m_PGM_2Perc_coupling_errors_off_RP/round_3/101_bessy3_56m_PGM_2Perc_coupling_errors_off_RP.rml
2025-02-08 01:31:01,621 - INFO - Prepared sim number: 102: RAYPy_Simulation_bessy3_56m_PGM_2Perc_coupling_errors_off_RP/round_3/102_bessy3_56m_PGM_2Perc_coupling_errors_off_RP.rml
2025-02-08 01:31:01,624 - INFO - Prepared sim number: 103: RAYPy_Simulation_bessy3_56m_PGM_2Perc_coupling_errors_off_RP/round_3/103_bessy3_56m_PGM_2Perc_coupling_errors_off_RP.rml
2025-02-08 01:31:01,627 - INFO - Prepared sim number: 104: RAYPy_Simulation_bessy3_56m_PGM_2Perc_coupling_errors_off_RP/round_3/104_bessy3_56m_PGM_2Perc_coupling_errors_off_RP.rml
2025-02-08 01:31:01,630 - INFO - Prepared sim number: 105: RAYPy_Simulation_bessy3_56m_PGM_2Perc_coupling_errors_off_RP/round_3/105_bessy3_56m_PGM_2Perc_coupling_errors_off_RP.rml
2025-02-08 01:31:01,633 - INFO - Prepared sim number: 106: RAYPy_Simulation_bessy3_56m_PGM_2Perc_coupling_errors_off_RP/round_3/106_bessy3_56m_PGM_2Perc_coupling_errors_off_RP.rml
2025-02-08 01:31:01,636 - INFO - Prepared sim number: 107: RAYPy_Simulation_bessy3_56m_PGM_2Perc_coupling_errors_off_RP/round_3/107_bessy3_56m_PGM_2Perc_coupling_errors_off_RP.rml
2025-02-08 01:31:01,640 - INFO - Prepared sim number: 108: RAYPy_Simulation_bessy3_56m_PGM_2Perc_coupling_errors_off_RP/round_3/108_bessy3_56m_PGM_2Perc_coupling_errors_off_RP.rml
2025-02-08 01:31:01,644 - INFO - Prepared sim number: 109: RAYPy_Simulation_bessy3_56m_PGM_2Perc_coupling_errors_off_RP/round_3/109_bessy3_56m_PGM_2Perc_coupling_errors_off_RP.rml
2025-02-08 01:31:01,649 - INFO - Prepared sim number: 110: RAYPy_Simulation_bessy3_56m_PGM_2Perc_coupling_errors_off_RP/round_3/110_bessy3_56m_PGM_2Perc_coupling_errors_off_RP.rml
2025-02-08 01:31:01,649 - INFO - Waiting for batch number: 7, timeout: 20.948114350863865s
2025-02-08 01:31:03,871 - INFO - Completed: 1, remaining: 59, RAYPy_Simulation_bessy3_56m_PGM_2Perc_coupling_errors_off_RP/round_3/60_bessy3_56m_PGM_2Perc_coupling_errors_off_RP.rml
2025-02-08 01:31:03,993 - INFO - Completed: 2, remaining: 58, RAYPy_Simulation_bessy3_56m_PGM_2Perc_coupling_errors_off_RP/round_3/53_bessy3_56m_PGM_2Perc_coupling_errors_off_RP.rml
2025-02-08 01:31:04,009 - INFO - Completed: 3, remaining: 57, RAYPy_Simulation_bessy3_56m_PGM_2Perc_coupling_errors_off_RP/round_3/59_bessy3_56m_PGM_2Perc_coupling_errors_off_RP.rml
2025-02-08 01:31:04,038 - INFO - Completed: 4, remaining: 56, RAYPy_Simulation_bessy3_56m_PGM_2Perc_coupling_errors_off_RP/round_3/51_bessy3_56m_PGM_2Perc_coupling_errors_off_RP.rml
2025-02-08 01:31:04,133 - INFO - Completed: 5, remaining: 55, RAYPy_Simulation_bessy3_56m_PGM_2Perc_coupling_errors_off_RP/round_3/62_bessy3_56m_PGM_2Perc_coupling_errors_off_RP.rml
2025-02-08 01:31:04,198 - INFO - Completed: 6, remaining: 54, RAYPy_Simulation_bessy3_56m_PGM_2Perc_coupling_errors_off_RP/round_3/56_bessy3_56m_PGM_2Perc_coupling_errors_off_RP.rml
2025-02-08 01:31:04,304 - INFO - Completed: 7, remaining: 53, RAYPy_Simulation_bessy3_56m_PGM_2Perc_coupling_errors_off_RP/round_3/61_bessy3_56m_PGM_2Perc_coupling_errors_off_RP.rml
2025-02-08 01:31:04,305 - INFO - Completed: 8, remaining: 52, RAYPy_Simulation_bessy3_56m_PGM_2Perc_coupling_errors_off_RP/round_3/55_bessy3_56m_PGM_2Perc_coupling_errors_off_RP.rml
2025-02-08 01:31:06,618 - INFO - Completed: 9, remaining: 51, RAYPy_Simulation_bessy3_56m_PGM_2Perc_coupling_errors_off_RP/round_3/57_bessy3_56m_PGM_2Perc_coupling_errors_off_RP.rml
2025-02-08 01:31:06,766 - INFO - Completed: 10, remaining: 50, RAYPy_Simulation_bessy3_56m_PGM_2Perc_coupling_errors_off_RP/round_3/54_bessy3_56m_PGM_2Perc_coupling_errors_off_RP.rml
2025-02-08 01:31:06,877 - INFO - Completed: 11, remaining: 49, RAYPy_Simulation_bessy3_56m_PGM_2Perc_coupling_errors_off_RP/round_3/58_bessy3_56m_PGM_2Perc_coupling_errors_off_RP.rml
2025-02-08 01:31:07,105 - INFO - Completed: 12, remaining: 48, RAYPy_Simulation_bessy3_56m_PGM_2Perc_coupling_errors_off_RP/round_3/63_bessy3_56m_PGM_2Perc_coupling_errors_off_RP.rml
2025-02-08 01:31:07,353 - INFO - Completed: 13, remaining: 47, RAYPy_Simulation_bessy3_56m_PGM_2Perc_coupling_errors_off_RP/round_3/64_bessy3_56m_PGM_2Perc_coupling_errors_off_RP.rml
2025-02-08 01:31:07,477 - INFO - Completed: 14, remaining: 46, RAYPy_Simulation_bessy3_56m_PGM_2Perc_coupling_errors_off_RP/round_3/65_bessy3_56m_PGM_2Perc_coupling_errors_off_RP.rml
2025-02-08 01:31:07,746 - INFO - Completed: 15, remaining: 45, RAYPy_Simulation_bessy3_56m_PGM_2Perc_coupling_errors_off_RP/round_3/68_bessy3_56m_PGM_2Perc_coupling_errors_off_RP.rml
2025-02-08 01:31:07,766 - INFO - Completed: 16, remaining: 44, RAYPy_Simulation_bessy3_56m_PGM_2Perc_coupling_errors_off_RP/round_3/66_bessy3_56m_PGM_2Perc_coupling_errors_off_RP.rml
2025-02-08 01:31:07,767 - INFO - Completed: 17, remaining: 43, RAYPy_Simulation_bessy3_56m_PGM_2Perc_coupling_errors_off_RP/round_3/67_bessy3_56m_PGM_2Perc_coupling_errors_off_RP.rml
2025-02-08 01:31:07,807 - INFO - Completed: 18, remaining: 42, RAYPy_Simulation_bessy3_56m_PGM_2Perc_coupling_errors_off_RP/round_3/70_bessy3_56m_PGM_2Perc_coupling_errors_off_RP.rml
2025-02-08 01:31:07,957 - INFO - Completed: 19, remaining: 41, RAYPy_Simulation_bessy3_56m_PGM_2Perc_coupling_errors_off_RP/round_3/69_bessy3_56m_PGM_2Perc_coupling_errors_off_RP.rml
2025-02-08 01:31:09,956 - INFO - Completed: 20, remaining: 40, RAYPy_Simulation_bessy3_56m_PGM_2Perc_coupling_errors_off_RP/round_3/71_bessy3_56m_PGM_2Perc_coupling_errors_off_RP.rml
2025-02-08 01:31:09,998 - INFO - Completed: 21, remaining: 39, RAYPy_Simulation_bessy3_56m_PGM_2Perc_coupling_errors_off_RP/round_3/72_bessy3_56m_PGM_2Perc_coupling_errors_off_RP.rml
2025-02-08 01:31:10,118 - INFO - Completed: 22, remaining: 38, RAYPy_Simulation_bessy3_56m_PGM_2Perc_coupling_errors_off_RP/round_3/52_bessy3_56m_PGM_2Perc_coupling_errors_off_RP.rml
2025-02-08 01:31:10,233 - INFO - Completed: 23, remaining: 37, RAYPy_Simulation_bessy3_56m_PGM_2Perc_coupling_errors_off_RP/round_3/73_bessy3_56m_PGM_2Perc_coupling_errors_off_RP.rml
2025-02-08 01:31:10,471 - INFO - Completed: 24, remaining: 36, RAYPy_Simulation_bessy3_56m_PGM_2Perc_coupling_errors_off_RP/round_3/74_bessy3_56m_PGM_2Perc_coupling_errors_off_RP.rml
2025-02-08 01:31:10,575 - INFO - Completed: 25, remaining: 35, RAYPy_Simulation_bessy3_56m_PGM_2Perc_coupling_errors_off_RP/round_3/75_bessy3_56m_PGM_2Perc_coupling_errors_off_RP.rml
2025-02-08 01:31:11,163 - INFO - Completed: 26, remaining: 34, RAYPy_Simulation_bessy3_56m_PGM_2Perc_coupling_errors_off_RP/round_3/76_bessy3_56m_PGM_2Perc_coupling_errors_off_RP.rml
2025-02-08 01:31:11,237 - INFO - Completed: 27, remaining: 33, RAYPy_Simulation_bessy3_56m_PGM_2Perc_coupling_errors_off_RP/round_3/79_bessy3_56m_PGM_2Perc_coupling_errors_off_RP.rml
2025-02-08 01:31:11,274 - INFO - Completed: 28, remaining: 32, RAYPy_Simulation_bessy3_56m_PGM_2Perc_coupling_errors_off_RP/round_3/77_bessy3_56m_PGM_2Perc_coupling_errors_off_RP.rml
2025-02-08 01:31:11,308 - INFO - Completed: 29, remaining: 31, RAYPy_Simulation_bessy3_56m_PGM_2Perc_coupling_errors_off_RP/round_3/78_bessy3_56m_PGM_2Perc_coupling_errors_off_RP.rml
2025-02-08 01:31:11,417 - INFO - Completed: 30, remaining: 30, RAYPy_Simulation_bessy3_56m_PGM_2Perc_coupling_errors_off_RP/round_3/80_bessy3_56m_PGM_2Perc_coupling_errors_off_RP.rml
2025-02-08 01:31:11,528 - INFO - Completed: 31, remaining: 29, RAYPy_Simulation_bessy3_56m_PGM_2Perc_coupling_errors_off_RP/round_3/81_bessy3_56m_PGM_2Perc_coupling_errors_off_RP.rml
2025-02-08 01:31:13,307 - INFO - Completed: 32, remaining: 28, RAYPy_Simulation_bessy3_56m_PGM_2Perc_coupling_errors_off_RP/round_3/85_bessy3_56m_PGM_2Perc_coupling_errors_off_RP.rml
2025-02-08 01:31:13,466 - INFO - Completed: 33, remaining: 27, RAYPy_Simulation_bessy3_56m_PGM_2Perc_coupling_errors_off_RP/round_3/84_bessy3_56m_PGM_2Perc_coupling_errors_off_RP.rml
2025-02-08 01:31:13,502 - INFO - Completed: 34, remaining: 26, RAYPy_Simulation_bessy3_56m_PGM_2Perc_coupling_errors_off_RP/round_3/82_bessy3_56m_PGM_2Perc_coupling_errors_off_RP.rml
2025-02-08 01:31:13,613 - INFO - Completed: 35, remaining: 25, RAYPy_Simulation_bessy3_56m_PGM_2Perc_coupling_errors_off_RP/round_3/86_bessy3_56m_PGM_2Perc_coupling_errors_off_RP.rml
2025-02-08 01:31:13,797 - INFO - Completed: 36, remaining: 24, RAYPy_Simulation_bessy3_56m_PGM_2Perc_coupling_errors_off_RP/round_3/83_bessy3_56m_PGM_2Perc_coupling_errors_off_RP.rml
2025-02-08 01:31:14,213 - INFO - Completed: 37, remaining: 23, RAYPy_Simulation_bessy3_56m_PGM_2Perc_coupling_errors_off_RP/round_3/88_bessy3_56m_PGM_2Perc_coupling_errors_off_RP.rml
2025-02-08 01:31:14,351 - INFO - Completed: 38, remaining: 22, RAYPy_Simulation_bessy3_56m_PGM_2Perc_coupling_errors_off_RP/round_3/89_bessy3_56m_PGM_2Perc_coupling_errors_off_RP.rml
2025-02-08 01:31:14,597 - INFO - Completed: 39, remaining: 21, RAYPy_Simulation_bessy3_56m_PGM_2Perc_coupling_errors_off_RP/round_3/92_bessy3_56m_PGM_2Perc_coupling_errors_off_RP.rml
2025-02-08 01:31:14,602 - INFO - Completed: 40, remaining: 20, RAYPy_Simulation_bessy3_56m_PGM_2Perc_coupling_errors_off_RP/round_3/90_bessy3_56m_PGM_2Perc_coupling_errors_off_RP.rml
2025-02-08 01:31:14,658 - INFO - Completed: 41, remaining: 19, RAYPy_Simulation_bessy3_56m_PGM_2Perc_coupling_errors_off_RP/round_3/93_bessy3_56m_PGM_2Perc_coupling_errors_off_RP.rml
2025-02-08 01:31:14,668 - INFO - Completed: 42, remaining: 18, RAYPy_Simulation_bessy3_56m_PGM_2Perc_coupling_errors_off_RP/round_3/87_bessy3_56m_PGM_2Perc_coupling_errors_off_RP.rml
2025-02-08 01:31:14,713 - INFO - Completed: 43, remaining: 17, RAYPy_Simulation_bessy3_56m_PGM_2Perc_coupling_errors_off_RP/round_3/91_bessy3_56m_PGM_2Perc_coupling_errors_off_RP.rml
2025-02-08 01:31:16,351 - INFO - Completed: 44, remaining: 16, RAYPy_Simulation_bessy3_56m_PGM_2Perc_coupling_errors_off_RP/round_3/94_bessy3_56m_PGM_2Perc_coupling_errors_off_RP.rml
2025-02-08 01:31:16,561 - INFO - Completed: 45, remaining: 15, RAYPy_Simulation_bessy3_56m_PGM_2Perc_coupling_errors_off_RP/round_3/95_bessy3_56m_PGM_2Perc_coupling_errors_off_RP.rml
2025-02-08 01:31:16,642 - INFO - Completed: 46, remaining: 14, RAYPy_Simulation_bessy3_56m_PGM_2Perc_coupling_errors_off_RP/round_3/98_bessy3_56m_PGM_2Perc_coupling_errors_off_RP.rml
2025-02-08 01:31:16,766 - INFO - Completed: 47, remaining: 13, RAYPy_Simulation_bessy3_56m_PGM_2Perc_coupling_errors_off_RP/round_3/97_bessy3_56m_PGM_2Perc_coupling_errors_off_RP.rml
2025-02-08 01:31:17,023 - INFO - Completed: 48, remaining: 12, RAYPy_Simulation_bessy3_56m_PGM_2Perc_coupling_errors_off_RP/round_3/96_bessy3_56m_PGM_2Perc_coupling_errors_off_RP.rml
2025-02-08 01:31:17,463 - INFO - Completed: 49, remaining: 11, RAYPy_Simulation_bessy3_56m_PGM_2Perc_coupling_errors_off_RP/round_3/100_bessy3_56m_PGM_2Perc_coupling_errors_off_RP.rml
2025-02-08 01:31:17,606 - INFO - Completed: 50, remaining: 10, RAYPy_Simulation_bessy3_56m_PGM_2Perc_coupling_errors_off_RP/round_3/101_bessy3_56m_PGM_2Perc_coupling_errors_off_RP.rml
2025-02-08 01:31:17,630 - INFO - Completed: 51, remaining: 9, RAYPy_Simulation_bessy3_56m_PGM_2Perc_coupling_errors_off_RP/round_3/104_bessy3_56m_PGM_2Perc_coupling_errors_off_RP.rml
2025-02-08 01:31:17,741 - INFO - Completed: 52, remaining: 8, RAYPy_Simulation_bessy3_56m_PGM_2Perc_coupling_errors_off_RP/round_3/99_bessy3_56m_PGM_2Perc_coupling_errors_off_RP.rml
2025-02-08 01:31:17,778 - INFO - Completed: 53, remaining: 7, RAYPy_Simulation_bessy3_56m_PGM_2Perc_coupling_errors_off_RP/round_3/105_bessy3_56m_PGM_2Perc_coupling_errors_off_RP.rml
2025-02-08 01:31:17,885 - INFO - Completed: 54, remaining: 6, RAYPy_Simulation_bessy3_56m_PGM_2Perc_coupling_errors_off_RP/round_3/102_bessy3_56m_PGM_2Perc_coupling_errors_off_RP.rml
2025-02-08 01:31:17,891 - INFO - Completed: 55, remaining: 5, RAYPy_Simulation_bessy3_56m_PGM_2Perc_coupling_errors_off_RP/round_3/103_bessy3_56m_PGM_2Perc_coupling_errors_off_RP.rml
2025-02-08 01:31:18,843 - INFO - Completed: 56, remaining: 4, RAYPy_Simulation_bessy3_56m_PGM_2Perc_coupling_errors_off_RP/round_3/106_bessy3_56m_PGM_2Perc_coupling_errors_off_RP.rml
2025-02-08 01:31:18,967 - INFO - Completed: 57, remaining: 3, RAYPy_Simulation_bessy3_56m_PGM_2Perc_coupling_errors_off_RP/round_3/107_bessy3_56m_PGM_2Perc_coupling_errors_off_RP.rml
2025-02-08 01:31:19,018 - INFO - Completed: 58, remaining: 2, RAYPy_Simulation_bessy3_56m_PGM_2Perc_coupling_errors_off_RP/round_3/108_bessy3_56m_PGM_2Perc_coupling_errors_off_RP.rml
2025-02-08 01:31:19,221 - INFO - Completed: 59, remaining: 1, RAYPy_Simulation_bessy3_56m_PGM_2Perc_coupling_errors_off_RP/round_3/110_bessy3_56m_PGM_2Perc_coupling_errors_off_RP.rml
2025-02-08 01:31:19,366 - INFO - Completed: 60, remaining: 0, RAYPy_Simulation_bessy3_56m_PGM_2Perc_coupling_errors_off_RP/round_3/109_bessy3_56m_PGM_2Perc_coupling_errors_off_RP.rml
2025-02-08 01:31:19,367 - INFO - Batch Completed
2025-02-08 01:31:19,368 - INFO - Waiting For batch, 60 simulations to go
2025-02-08 01:31:19,380 - INFO - Prepared sim number: 111: RAYPy_Simulation_bessy3_56m_PGM_2Perc_coupling_errors_off_RP/round_3/111_bessy3_56m_PGM_2Perc_coupling_errors_off_RP.rml
2025-02-08 01:31:19,400 - INFO - Prepared sim number: 112: RAYPy_Simulation_bessy3_56m_PGM_2Perc_coupling_errors_off_RP/round_3/112_bessy3_56m_PGM_2Perc_coupling_errors_off_RP.rml
2025-02-08 01:31:19,412 - INFO - Prepared sim number: 113: RAYPy_Simulation_bessy3_56m_PGM_2Perc_coupling_errors_off_RP/round_3/113_bessy3_56m_PGM_2Perc_coupling_errors_off_RP.rml
2025-02-08 01:31:19,424 - INFO - Prepared sim number: 114: RAYPy_Simulation_bessy3_56m_PGM_2Perc_coupling_errors_off_RP/round_3/114_bessy3_56m_PGM_2Perc_coupling_errors_off_RP.rml
2025-02-08 01:31:19,433 - INFO - Prepared sim number: 115: RAYPy_Simulation_bessy3_56m_PGM_2Perc_coupling_errors_off_RP/round_3/115_bessy3_56m_PGM_2Perc_coupling_errors_off_RP.rml
2025-02-08 01:31:19,442 - INFO - Prepared sim number: 116: RAYPy_Simulation_bessy3_56m_PGM_2Perc_coupling_errors_off_RP/round_3/116_bessy3_56m_PGM_2Perc_coupling_errors_off_RP.rml
2025-02-08 01:31:19,453 - INFO - Prepared sim number: 117: RAYPy_Simulation_bessy3_56m_PGM_2Perc_coupling_errors_off_RP/round_3/117_bessy3_56m_PGM_2Perc_coupling_errors_off_RP.rml
2025-02-08 01:31:19,462 - INFO - Prepared sim number: 118: RAYPy_Simulation_bessy3_56m_PGM_2Perc_coupling_errors_off_RP/round_3/118_bessy3_56m_PGM_2Perc_coupling_errors_off_RP.rml
2025-02-08 01:31:19,471 - INFO - Prepared sim number: 119: RAYPy_Simulation_bessy3_56m_PGM_2Perc_coupling_errors_off_RP/round_3/119_bessy3_56m_PGM_2Perc_coupling_errors_off_RP.rml
2025-02-08 01:31:19,480 - INFO - Prepared sim number: 120: RAYPy_Simulation_bessy3_56m_PGM_2Perc_coupling_errors_off_RP/round_3/120_bessy3_56m_PGM_2Perc_coupling_errors_off_RP.rml
2025-02-08 01:31:19,490 - INFO - Prepared sim number: 121: RAYPy_Simulation_bessy3_56m_PGM_2Perc_coupling_errors_off_RP/round_3/121_bessy3_56m_PGM_2Perc_coupling_errors_off_RP.rml
2025-02-08 01:31:19,497 - INFO - Prepared sim number: 122: RAYPy_Simulation_bessy3_56m_PGM_2Perc_coupling_errors_off_RP/round_3/122_bessy3_56m_PGM_2Perc_coupling_errors_off_RP.rml
2025-02-08 01:31:19,498 - INFO - Start round 4
2025-02-08 01:31:19,506 - INFO - Prepared sim number: 0: RAYPy_Simulation_bessy3_56m_PGM_2Perc_coupling_errors_off_RP/round_4/0_bessy3_56m_PGM_2Perc_coupling_errors_off_RP.rml
2025-02-08 01:31:19,515 - INFO - Prepared sim number: 1: RAYPy_Simulation_bessy3_56m_PGM_2Perc_coupling_errors_off_RP/round_4/1_bessy3_56m_PGM_2Perc_coupling_errors_off_RP.rml
2025-02-08 01:31:19,524 - INFO - Prepared sim number: 2: RAYPy_Simulation_bessy3_56m_PGM_2Perc_coupling_errors_off_RP/round_4/2_bessy3_56m_PGM_2Perc_coupling_errors_off_RP.rml
2025-02-08 01:31:19,533 - INFO - Prepared sim number: 3: RAYPy_Simulation_bessy3_56m_PGM_2Perc_coupling_errors_off_RP/round_4/3_bessy3_56m_PGM_2Perc_coupling_errors_off_RP.rml
2025-02-08 01:31:19,542 - INFO - Prepared sim number: 4: RAYPy_Simulation_bessy3_56m_PGM_2Perc_coupling_errors_off_RP/round_4/4_bessy3_56m_PGM_2Perc_coupling_errors_off_RP.rml
2025-02-08 01:31:19,551 - INFO - Prepared sim number: 5: RAYPy_Simulation_bessy3_56m_PGM_2Perc_coupling_errors_off_RP/round_4/5_bessy3_56m_PGM_2Perc_coupling_errors_off_RP.rml
2025-02-08 01:31:19,559 - INFO - Prepared sim number: 6: RAYPy_Simulation_bessy3_56m_PGM_2Perc_coupling_errors_off_RP/round_4/6_bessy3_56m_PGM_2Perc_coupling_errors_off_RP.rml
2025-02-08 01:31:19,568 - INFO - Prepared sim number: 7: RAYPy_Simulation_bessy3_56m_PGM_2Perc_coupling_errors_off_RP/round_4/7_bessy3_56m_PGM_2Perc_coupling_errors_off_RP.rml
2025-02-08 01:31:19,577 - INFO - Prepared sim number: 8: RAYPy_Simulation_bessy3_56m_PGM_2Perc_coupling_errors_off_RP/round_4/8_bessy3_56m_PGM_2Perc_coupling_errors_off_RP.rml
2025-02-08 01:31:19,586 - INFO - Prepared sim number: 9: RAYPy_Simulation_bessy3_56m_PGM_2Perc_coupling_errors_off_RP/round_4/9_bessy3_56m_PGM_2Perc_coupling_errors_off_RP.rml
2025-02-08 01:31:19,593 - INFO - Prepared sim number: 10: RAYPy_Simulation_bessy3_56m_PGM_2Perc_coupling_errors_off_RP/round_4/10_bessy3_56m_PGM_2Perc_coupling_errors_off_RP.rml
2025-02-08 01:31:19,601 - INFO - Prepared sim number: 11: RAYPy_Simulation_bessy3_56m_PGM_2Perc_coupling_errors_off_RP/round_4/11_bessy3_56m_PGM_2Perc_coupling_errors_off_RP.rml
2025-02-08 01:31:19,611 - INFO - Prepared sim number: 12: RAYPy_Simulation_bessy3_56m_PGM_2Perc_coupling_errors_off_RP/round_4/12_bessy3_56m_PGM_2Perc_coupling_errors_off_RP.rml
2025-02-08 01:31:19,619 - INFO - Prepared sim number: 13: RAYPy_Simulation_bessy3_56m_PGM_2Perc_coupling_errors_off_RP/round_4/13_bessy3_56m_PGM_2Perc_coupling_errors_off_RP.rml
2025-02-08 01:31:19,629 - INFO - Prepared sim number: 14: RAYPy_Simulation_bessy3_56m_PGM_2Perc_coupling_errors_off_RP/round_4/14_bessy3_56m_PGM_2Perc_coupling_errors_off_RP.rml
2025-02-08 01:31:19,639 - INFO - Prepared sim number: 15: RAYPy_Simulation_bessy3_56m_PGM_2Perc_coupling_errors_off_RP/round_4/15_bessy3_56m_PGM_2Perc_coupling_errors_off_RP.rml
2025-02-08 01:31:19,648 - INFO - Prepared sim number: 16: RAYPy_Simulation_bessy3_56m_PGM_2Perc_coupling_errors_off_RP/round_4/16_bessy3_56m_PGM_2Perc_coupling_errors_off_RP.rml
2025-02-08 01:31:19,657 - INFO - Prepared sim number: 17: RAYPy_Simulation_bessy3_56m_PGM_2Perc_coupling_errors_off_RP/round_4/17_bessy3_56m_PGM_2Perc_coupling_errors_off_RP.rml
2025-02-08 01:31:19,665 - INFO - Prepared sim number: 18: RAYPy_Simulation_bessy3_56m_PGM_2Perc_coupling_errors_off_RP/round_4/18_bessy3_56m_PGM_2Perc_coupling_errors_off_RP.rml
2025-02-08 01:31:19,673 - INFO - Prepared sim number: 19: RAYPy_Simulation_bessy3_56m_PGM_2Perc_coupling_errors_off_RP/round_4/19_bessy3_56m_PGM_2Perc_coupling_errors_off_RP.rml
2025-02-08 01:31:19,682 - INFO - Prepared sim number: 20: RAYPy_Simulation_bessy3_56m_PGM_2Perc_coupling_errors_off_RP/round_4/20_bessy3_56m_PGM_2Perc_coupling_errors_off_RP.rml
2025-02-08 01:31:19,691 - INFO - Prepared sim number: 21: RAYPy_Simulation_bessy3_56m_PGM_2Perc_coupling_errors_off_RP/round_4/21_bessy3_56m_PGM_2Perc_coupling_errors_off_RP.rml
2025-02-08 01:31:19,700 - INFO - Prepared sim number: 22: RAYPy_Simulation_bessy3_56m_PGM_2Perc_coupling_errors_off_RP/round_4/22_bessy3_56m_PGM_2Perc_coupling_errors_off_RP.rml
2025-02-08 01:31:19,709 - INFO - Prepared sim number: 23: RAYPy_Simulation_bessy3_56m_PGM_2Perc_coupling_errors_off_RP/round_4/23_bessy3_56m_PGM_2Perc_coupling_errors_off_RP.rml
2025-02-08 01:31:19,717 - INFO - Prepared sim number: 24: RAYPy_Simulation_bessy3_56m_PGM_2Perc_coupling_errors_off_RP/round_4/24_bessy3_56m_PGM_2Perc_coupling_errors_off_RP.rml
2025-02-08 01:31:19,726 - INFO - Prepared sim number: 25: RAYPy_Simulation_bessy3_56m_PGM_2Perc_coupling_errors_off_RP/round_4/25_bessy3_56m_PGM_2Perc_coupling_errors_off_RP.rml
2025-02-08 01:31:19,735 - INFO - Prepared sim number: 26: RAYPy_Simulation_bessy3_56m_PGM_2Perc_coupling_errors_off_RP/round_4/26_bessy3_56m_PGM_2Perc_coupling_errors_off_RP.rml
2025-02-08 01:31:19,744 - INFO - Prepared sim number: 27: RAYPy_Simulation_bessy3_56m_PGM_2Perc_coupling_errors_off_RP/round_4/27_bessy3_56m_PGM_2Perc_coupling_errors_off_RP.rml
2025-02-08 01:31:19,753 - INFO - Prepared sim number: 28: RAYPy_Simulation_bessy3_56m_PGM_2Perc_coupling_errors_off_RP/round_4/28_bessy3_56m_PGM_2Perc_coupling_errors_off_RP.rml
2025-02-08 01:31:19,762 - INFO - Prepared sim number: 29: RAYPy_Simulation_bessy3_56m_PGM_2Perc_coupling_errors_off_RP/round_4/29_bessy3_56m_PGM_2Perc_coupling_errors_off_RP.rml
2025-02-08 01:31:19,770 - INFO - Prepared sim number: 30: RAYPy_Simulation_bessy3_56m_PGM_2Perc_coupling_errors_off_RP/round_4/30_bessy3_56m_PGM_2Perc_coupling_errors_off_RP.rml
2025-02-08 01:31:19,779 - INFO - Prepared sim number: 31: RAYPy_Simulation_bessy3_56m_PGM_2Perc_coupling_errors_off_RP/round_4/31_bessy3_56m_PGM_2Perc_coupling_errors_off_RP.rml
2025-02-08 01:31:19,788 - INFO - Prepared sim number: 32: RAYPy_Simulation_bessy3_56m_PGM_2Perc_coupling_errors_off_RP/round_4/32_bessy3_56m_PGM_2Perc_coupling_errors_off_RP.rml
2025-02-08 01:31:19,796 - INFO - Prepared sim number: 33: RAYPy_Simulation_bessy3_56m_PGM_2Perc_coupling_errors_off_RP/round_4/33_bessy3_56m_PGM_2Perc_coupling_errors_off_RP.rml
2025-02-08 01:31:19,805 - INFO - Prepared sim number: 34: RAYPy_Simulation_bessy3_56m_PGM_2Perc_coupling_errors_off_RP/round_4/34_bessy3_56m_PGM_2Perc_coupling_errors_off_RP.rml
2025-02-08 01:31:19,814 - INFO - Prepared sim number: 35: RAYPy_Simulation_bessy3_56m_PGM_2Perc_coupling_errors_off_RP/round_4/35_bessy3_56m_PGM_2Perc_coupling_errors_off_RP.rml
2025-02-08 01:31:19,823 - INFO - Prepared sim number: 36: RAYPy_Simulation_bessy3_56m_PGM_2Perc_coupling_errors_off_RP/round_4/36_bessy3_56m_PGM_2Perc_coupling_errors_off_RP.rml
2025-02-08 01:31:19,832 - INFO - Prepared sim number: 37: RAYPy_Simulation_bessy3_56m_PGM_2Perc_coupling_errors_off_RP/round_4/37_bessy3_56m_PGM_2Perc_coupling_errors_off_RP.rml
2025-02-08 01:31:19,842 - INFO - Prepared sim number: 38: RAYPy_Simulation_bessy3_56m_PGM_2Perc_coupling_errors_off_RP/round_4/38_bessy3_56m_PGM_2Perc_coupling_errors_off_RP.rml
2025-02-08 01:31:19,851 - INFO - Prepared sim number: 39: RAYPy_Simulation_bessy3_56m_PGM_2Perc_coupling_errors_off_RP/round_4/39_bessy3_56m_PGM_2Perc_coupling_errors_off_RP.rml
2025-02-08 01:31:19,859 - INFO - Prepared sim number: 40: RAYPy_Simulation_bessy3_56m_PGM_2Perc_coupling_errors_off_RP/round_4/40_bessy3_56m_PGM_2Perc_coupling_errors_off_RP.rml
2025-02-08 01:31:19,867 - INFO - Prepared sim number: 41: RAYPy_Simulation_bessy3_56m_PGM_2Perc_coupling_errors_off_RP/round_4/41_bessy3_56m_PGM_2Perc_coupling_errors_off_RP.rml
2025-02-08 01:31:19,876 - INFO - Prepared sim number: 42: RAYPy_Simulation_bessy3_56m_PGM_2Perc_coupling_errors_off_RP/round_4/42_bessy3_56m_PGM_2Perc_coupling_errors_off_RP.rml
2025-02-08 01:31:19,885 - INFO - Prepared sim number: 43: RAYPy_Simulation_bessy3_56m_PGM_2Perc_coupling_errors_off_RP/round_4/43_bessy3_56m_PGM_2Perc_coupling_errors_off_RP.rml
2025-02-08 01:31:19,894 - INFO - Prepared sim number: 44: RAYPy_Simulation_bessy3_56m_PGM_2Perc_coupling_errors_off_RP/round_4/44_bessy3_56m_PGM_2Perc_coupling_errors_off_RP.rml
2025-02-08 01:31:19,903 - INFO - Prepared sim number: 45: RAYPy_Simulation_bessy3_56m_PGM_2Perc_coupling_errors_off_RP/round_4/45_bessy3_56m_PGM_2Perc_coupling_errors_off_RP.rml
2025-02-08 01:31:19,912 - INFO - Prepared sim number: 46: RAYPy_Simulation_bessy3_56m_PGM_2Perc_coupling_errors_off_RP/round_4/46_bessy3_56m_PGM_2Perc_coupling_errors_off_RP.rml
2025-02-08 01:31:19,921 - INFO - Prepared sim number: 47: RAYPy_Simulation_bessy3_56m_PGM_2Perc_coupling_errors_off_RP/round_4/47_bessy3_56m_PGM_2Perc_coupling_errors_off_RP.rml
2025-02-08 01:31:19,922 - INFO - Waiting for batch number: 8, timeout: 20.824152600765228s
2025-02-08 01:31:22,563 - INFO - Completed: 1, remaining: 59, RAYPy_Simulation_bessy3_56m_PGM_2Perc_coupling_errors_off_RP/round_3/120_bessy3_56m_PGM_2Perc_coupling_errors_off_RP.rml
2025-02-08 01:31:22,679 - INFO - Completed: 2, remaining: 58, RAYPy_Simulation_bessy3_56m_PGM_2Perc_coupling_errors_off_RP/round_3/121_bessy3_56m_PGM_2Perc_coupling_errors_off_RP.rml
2025-02-08 01:31:22,706 - INFO - Completed: 3, remaining: 57, RAYPy_Simulation_bessy3_56m_PGM_2Perc_coupling_errors_off_RP/round_3/118_bessy3_56m_PGM_2Perc_coupling_errors_off_RP.rml
2025-02-08 01:31:22,764 - INFO - Completed: 4, remaining: 56, RAYPy_Simulation_bessy3_56m_PGM_2Perc_coupling_errors_off_RP/round_3/114_bessy3_56m_PGM_2Perc_coupling_errors_off_RP.rml
2025-02-08 01:31:22,854 - INFO - Completed: 5, remaining: 55, RAYPy_Simulation_bessy3_56m_PGM_2Perc_coupling_errors_off_RP/round_3/113_bessy3_56m_PGM_2Perc_coupling_errors_off_RP.rml
2025-02-08 01:31:22,945 - INFO - Completed: 6, remaining: 54, RAYPy_Simulation_bessy3_56m_PGM_2Perc_coupling_errors_off_RP/round_3/116_bessy3_56m_PGM_2Perc_coupling_errors_off_RP.rml
2025-02-08 01:31:23,082 - INFO - Completed: 7, remaining: 53, RAYPy_Simulation_bessy3_56m_PGM_2Perc_coupling_errors_off_RP/round_3/111_bessy3_56m_PGM_2Perc_coupling_errors_off_RP.rml
2025-02-08 01:31:23,196 - INFO - Completed: 8, remaining: 52, RAYPy_Simulation_bessy3_56m_PGM_2Perc_coupling_errors_off_RP/round_3/115_bessy3_56m_PGM_2Perc_coupling_errors_off_RP.rml
2025-02-08 01:31:23,386 - INFO - Completed: 9, remaining: 51, RAYPy_Simulation_bessy3_56m_PGM_2Perc_coupling_errors_off_RP/round_3/112_bessy3_56m_PGM_2Perc_coupling_errors_off_RP.rml
2025-02-08 01:31:25,136 - INFO - Completed: 10, remaining: 50, RAYPy_Simulation_bessy3_56m_PGM_2Perc_coupling_errors_off_RP/round_3/117_bessy3_56m_PGM_2Perc_coupling_errors_off_RP.rml
2025-02-08 01:31:25,159 - INFO - Completed: 11, remaining: 49, RAYPy_Simulation_bessy3_56m_PGM_2Perc_coupling_errors_off_RP/round_3/119_bessy3_56m_PGM_2Perc_coupling_errors_off_RP.rml
2025-02-08 01:31:25,324 - INFO - Completed: 12, remaining: 48, RAYPy_Simulation_bessy3_56m_PGM_2Perc_coupling_errors_off_RP/round_3/122_bessy3_56m_PGM_2Perc_coupling_errors_off_RP.rml
2025-02-08 01:31:25,776 - INFO - Completed: 13, remaining: 47, RAYPy_Simulation_bessy3_56m_PGM_2Perc_coupling_errors_off_RP/round_4/0_bessy3_56m_PGM_2Perc_coupling_errors_off_RP.rml
2025-02-08 01:31:25,967 - INFO - Completed: 14, remaining: 46, RAYPy_Simulation_bessy3_56m_PGM_2Perc_coupling_errors_off_RP/round_4/1_bessy3_56m_PGM_2Perc_coupling_errors_off_RP.rml
2025-02-08 01:31:26,039 - INFO - Completed: 15, remaining: 45, RAYPy_Simulation_bessy3_56m_PGM_2Perc_coupling_errors_off_RP/round_4/2_bessy3_56m_PGM_2Perc_coupling_errors_off_RP.rml
2025-02-08 01:31:26,071 - INFO - Completed: 16, remaining: 44, RAYPy_Simulation_bessy3_56m_PGM_2Perc_coupling_errors_off_RP/round_4/3_bessy3_56m_PGM_2Perc_coupling_errors_off_RP.rml
2025-02-08 01:31:26,177 - INFO - Completed: 17, remaining: 43, RAYPy_Simulation_bessy3_56m_PGM_2Perc_coupling_errors_off_RP/round_4/5_bessy3_56m_PGM_2Perc_coupling_errors_off_RP.rml
2025-02-08 01:31:26,389 - INFO - Completed: 18, remaining: 42, RAYPy_Simulation_bessy3_56m_PGM_2Perc_coupling_errors_off_RP/round_4/4_bessy3_56m_PGM_2Perc_coupling_errors_off_RP.rml
2025-02-08 01:31:26,454 - INFO - Completed: 19, remaining: 41, RAYPy_Simulation_bessy3_56m_PGM_2Perc_coupling_errors_off_RP/round_4/6_bessy3_56m_PGM_2Perc_coupling_errors_off_RP.rml
2025-02-08 01:31:26,583 - INFO - Completed: 20, remaining: 40, RAYPy_Simulation_bessy3_56m_PGM_2Perc_coupling_errors_off_RP/round_4/8_bessy3_56m_PGM_2Perc_coupling_errors_off_RP.rml
2025-02-08 01:31:27,304 - INFO - Completed: 21, remaining: 39, RAYPy_Simulation_bessy3_56m_PGM_2Perc_coupling_errors_off_RP/round_4/7_bessy3_56m_PGM_2Perc_coupling_errors_off_RP.rml
2025-02-08 01:31:28,200 - INFO - Completed: 22, remaining: 38, RAYPy_Simulation_bessy3_56m_PGM_2Perc_coupling_errors_off_RP/round_4/9_bessy3_56m_PGM_2Perc_coupling_errors_off_RP.rml
2025-02-08 01:31:28,413 - INFO - Completed: 23, remaining: 37, RAYPy_Simulation_bessy3_56m_PGM_2Perc_coupling_errors_off_RP/round_4/10_bessy3_56m_PGM_2Perc_coupling_errors_off_RP.rml
2025-02-08 01:31:28,490 - INFO - Completed: 24, remaining: 36, RAYPy_Simulation_bessy3_56m_PGM_2Perc_coupling_errors_off_RP/round_4/11_bessy3_56m_PGM_2Perc_coupling_errors_off_RP.rml
2025-02-08 01:31:28,927 - INFO - Completed: 25, remaining: 35, RAYPy_Simulation_bessy3_56m_PGM_2Perc_coupling_errors_off_RP/round_4/12_bessy3_56m_PGM_2Perc_coupling_errors_off_RP.rml
2025-02-08 01:31:29,094 - INFO - Completed: 26, remaining: 34, RAYPy_Simulation_bessy3_56m_PGM_2Perc_coupling_errors_off_RP/round_4/13_bessy3_56m_PGM_2Perc_coupling_errors_off_RP.rml
2025-02-08 01:31:29,120 - INFO - Completed: 27, remaining: 33, RAYPy_Simulation_bessy3_56m_PGM_2Perc_coupling_errors_off_RP/round_4/14_bessy3_56m_PGM_2Perc_coupling_errors_off_RP.rml
2025-02-08 01:31:29,495 - INFO - Completed: 28, remaining: 32, RAYPy_Simulation_bessy3_56m_PGM_2Perc_coupling_errors_off_RP/round_4/17_bessy3_56m_PGM_2Perc_coupling_errors_off_RP.rml
2025-02-08 01:31:29,522 - INFO - Completed: 29, remaining: 31, RAYPy_Simulation_bessy3_56m_PGM_2Perc_coupling_errors_off_RP/round_4/16_bessy3_56m_PGM_2Perc_coupling_errors_off_RP.rml
2025-02-08 01:31:29,781 - INFO - Completed: 30, remaining: 30, RAYPy_Simulation_bessy3_56m_PGM_2Perc_coupling_errors_off_RP/round_4/15_bessy3_56m_PGM_2Perc_coupling_errors_off_RP.rml
2025-02-08 01:31:29,824 - INFO - Completed: 31, remaining: 29, RAYPy_Simulation_bessy3_56m_PGM_2Perc_coupling_errors_off_RP/round_4/19_bessy3_56m_PGM_2Perc_coupling_errors_off_RP.rml
2025-02-08 01:31:29,877 - INFO - Completed: 32, remaining: 28, RAYPy_Simulation_bessy3_56m_PGM_2Perc_coupling_errors_off_RP/round_4/18_bessy3_56m_PGM_2Perc_coupling_errors_off_RP.rml
2025-02-08 01:31:30,588 - INFO - Completed: 33, remaining: 27, RAYPy_Simulation_bessy3_56m_PGM_2Perc_coupling_errors_off_RP/round_4/20_bessy3_56m_PGM_2Perc_coupling_errors_off_RP.rml
2025-02-08 01:31:31,683 - INFO - Completed: 34, remaining: 26, RAYPy_Simulation_bessy3_56m_PGM_2Perc_coupling_errors_off_RP/round_4/21_bessy3_56m_PGM_2Perc_coupling_errors_off_RP.rml
2025-02-08 01:31:32,067 - INFO - Completed: 35, remaining: 25, RAYPy_Simulation_bessy3_56m_PGM_2Perc_coupling_errors_off_RP/round_4/22_bessy3_56m_PGM_2Perc_coupling_errors_off_RP.rml
2025-02-08 01:31:32,219 - INFO - Completed: 36, remaining: 24, RAYPy_Simulation_bessy3_56m_PGM_2Perc_coupling_errors_off_RP/round_4/23_bessy3_56m_PGM_2Perc_coupling_errors_off_RP.rml
2025-02-08 01:31:32,725 - INFO - Completed: 37, remaining: 23, RAYPy_Simulation_bessy3_56m_PGM_2Perc_coupling_errors_off_RP/round_4/24_bessy3_56m_PGM_2Perc_coupling_errors_off_RP.rml
2025-02-08 01:31:32,880 - INFO - Completed: 38, remaining: 22, RAYPy_Simulation_bessy3_56m_PGM_2Perc_coupling_errors_off_RP/round_4/25_bessy3_56m_PGM_2Perc_coupling_errors_off_RP.rml
2025-02-08 01:31:33,002 - INFO - Completed: 39, remaining: 21, RAYPy_Simulation_bessy3_56m_PGM_2Perc_coupling_errors_off_RP/round_4/26_bessy3_56m_PGM_2Perc_coupling_errors_off_RP.rml
2025-02-08 01:31:33,348 - INFO - Completed: 40, remaining: 20, RAYPy_Simulation_bessy3_56m_PGM_2Perc_coupling_errors_off_RP/round_4/27_bessy3_56m_PGM_2Perc_coupling_errors_off_RP.rml
2025-02-08 01:31:33,410 - INFO - Completed: 41, remaining: 19, RAYPy_Simulation_bessy3_56m_PGM_2Perc_coupling_errors_off_RP/round_4/31_bessy3_56m_PGM_2Perc_coupling_errors_off_RP.rml
2025-02-08 01:31:33,552 - INFO - Completed: 42, remaining: 18, RAYPy_Simulation_bessy3_56m_PGM_2Perc_coupling_errors_off_RP/round_4/30_bessy3_56m_PGM_2Perc_coupling_errors_off_RP.rml
2025-02-08 01:31:33,559 - INFO - Completed: 43, remaining: 17, RAYPy_Simulation_bessy3_56m_PGM_2Perc_coupling_errors_off_RP/round_4/29_bessy3_56m_PGM_2Perc_coupling_errors_off_RP.rml
2025-02-08 01:31:33,818 - INFO - Completed: 44, remaining: 16, RAYPy_Simulation_bessy3_56m_PGM_2Perc_coupling_errors_off_RP/round_4/28_bessy3_56m_PGM_2Perc_coupling_errors_off_RP.rml
2025-02-08 01:31:34,200 - INFO - Completed: 45, remaining: 15, RAYPy_Simulation_bessy3_56m_PGM_2Perc_coupling_errors_off_RP/round_4/32_bessy3_56m_PGM_2Perc_coupling_errors_off_RP.rml
2025-02-08 01:31:35,411 - INFO - Completed: 46, remaining: 14, RAYPy_Simulation_bessy3_56m_PGM_2Perc_coupling_errors_off_RP/round_4/33_bessy3_56m_PGM_2Perc_coupling_errors_off_RP.rml
2025-02-08 01:31:35,689 - INFO - Completed: 47, remaining: 13, RAYPy_Simulation_bessy3_56m_PGM_2Perc_coupling_errors_off_RP/round_4/35_bessy3_56m_PGM_2Perc_coupling_errors_off_RP.rml
2025-02-08 01:31:35,735 - INFO - Completed: 48, remaining: 12, RAYPy_Simulation_bessy3_56m_PGM_2Perc_coupling_errors_off_RP/round_4/34_bessy3_56m_PGM_2Perc_coupling_errors_off_RP.rml
2025-02-08 01:31:36,263 - INFO - Completed: 49, remaining: 11, RAYPy_Simulation_bessy3_56m_PGM_2Perc_coupling_errors_off_RP/round_4/37_bessy3_56m_PGM_2Perc_coupling_errors_off_RP.rml
2025-02-08 01:31:36,415 - INFO - Completed: 50, remaining: 10, RAYPy_Simulation_bessy3_56m_PGM_2Perc_coupling_errors_off_RP/round_4/38_bessy3_56m_PGM_2Perc_coupling_errors_off_RP.rml
2025-02-08 01:31:36,613 - INFO - Completed: 51, remaining: 9, RAYPy_Simulation_bessy3_56m_PGM_2Perc_coupling_errors_off_RP/round_4/36_bessy3_56m_PGM_2Perc_coupling_errors_off_RP.rml
2025-02-08 01:31:36,712 - INFO - Completed: 52, remaining: 8, RAYPy_Simulation_bessy3_56m_PGM_2Perc_coupling_errors_off_RP/round_4/42_bessy3_56m_PGM_2Perc_coupling_errors_off_RP.rml
2025-02-08 01:31:36,766 - INFO - Completed: 53, remaining: 7, RAYPy_Simulation_bessy3_56m_PGM_2Perc_coupling_errors_off_RP/round_4/41_bessy3_56m_PGM_2Perc_coupling_errors_off_RP.rml
2025-02-08 01:31:36,921 - INFO - Completed: 54, remaining: 6, RAYPy_Simulation_bessy3_56m_PGM_2Perc_coupling_errors_off_RP/round_4/39_bessy3_56m_PGM_2Perc_coupling_errors_off_RP.rml
2025-02-08 01:31:36,977 - INFO - Completed: 55, remaining: 5, RAYPy_Simulation_bessy3_56m_PGM_2Perc_coupling_errors_off_RP/round_4/40_bessy3_56m_PGM_2Perc_coupling_errors_off_RP.rml
2025-02-08 01:31:37,037 - INFO - Completed: 56, remaining: 4, RAYPy_Simulation_bessy3_56m_PGM_2Perc_coupling_errors_off_RP/round_4/43_bessy3_56m_PGM_2Perc_coupling_errors_off_RP.rml
2025-02-08 01:31:37,931 - INFO - Completed: 57, remaining: 3, RAYPy_Simulation_bessy3_56m_PGM_2Perc_coupling_errors_off_RP/round_4/45_bessy3_56m_PGM_2Perc_coupling_errors_off_RP.rml
2025-02-08 01:31:37,953 - INFO - Completed: 58, remaining: 2, RAYPy_Simulation_bessy3_56m_PGM_2Perc_coupling_errors_off_RP/round_4/44_bessy3_56m_PGM_2Perc_coupling_errors_off_RP.rml
2025-02-08 01:31:38,100 - INFO - Completed: 59, remaining: 1, RAYPy_Simulation_bessy3_56m_PGM_2Perc_coupling_errors_off_RP/round_4/46_bessy3_56m_PGM_2Perc_coupling_errors_off_RP.rml
2025-02-08 01:31:38,126 - INFO - Completed: 60, remaining: 0, RAYPy_Simulation_bessy3_56m_PGM_2Perc_coupling_errors_off_RP/round_4/47_bessy3_56m_PGM_2Perc_coupling_errors_off_RP.rml
2025-02-08 01:31:38,126 - INFO - Batch Completed
2025-02-08 01:31:38,126 - INFO - Waiting For batch, 60 simulations to go
2025-02-08 01:31:38,134 - INFO - Prepared sim number: 48: RAYPy_Simulation_bessy3_56m_PGM_2Perc_coupling_errors_off_RP/round_4/48_bessy3_56m_PGM_2Perc_coupling_errors_off_RP.rml
2025-02-08 01:31:38,140 - INFO - Prepared sim number: 49: RAYPy_Simulation_bessy3_56m_PGM_2Perc_coupling_errors_off_RP/round_4/49_bessy3_56m_PGM_2Perc_coupling_errors_off_RP.rml
2025-02-08 01:31:38,148 - INFO - Prepared sim number: 50: RAYPy_Simulation_bessy3_56m_PGM_2Perc_coupling_errors_off_RP/round_4/50_bessy3_56m_PGM_2Perc_coupling_errors_off_RP.rml
2025-02-08 01:31:38,157 - INFO - Prepared sim number: 51: RAYPy_Simulation_bessy3_56m_PGM_2Perc_coupling_errors_off_RP/round_4/51_bessy3_56m_PGM_2Perc_coupling_errors_off_RP.rml
2025-02-08 01:31:38,163 - INFO - Prepared sim number: 52: RAYPy_Simulation_bessy3_56m_PGM_2Perc_coupling_errors_off_RP/round_4/52_bessy3_56m_PGM_2Perc_coupling_errors_off_RP.rml
2025-02-08 01:31:38,169 - INFO - Prepared sim number: 53: RAYPy_Simulation_bessy3_56m_PGM_2Perc_coupling_errors_off_RP/round_4/53_bessy3_56m_PGM_2Perc_coupling_errors_off_RP.rml
2025-02-08 01:31:38,175 - INFO - Prepared sim number: 54: RAYPy_Simulation_bessy3_56m_PGM_2Perc_coupling_errors_off_RP/round_4/54_bessy3_56m_PGM_2Perc_coupling_errors_off_RP.rml
2025-02-08 01:31:38,181 - INFO - Prepared sim number: 55: RAYPy_Simulation_bessy3_56m_PGM_2Perc_coupling_errors_off_RP/round_4/55_bessy3_56m_PGM_2Perc_coupling_errors_off_RP.rml
2025-02-08 01:31:38,187 - INFO - Prepared sim number: 56: RAYPy_Simulation_bessy3_56m_PGM_2Perc_coupling_errors_off_RP/round_4/56_bessy3_56m_PGM_2Perc_coupling_errors_off_RP.rml
2025-02-08 01:31:38,195 - INFO - Prepared sim number: 57: RAYPy_Simulation_bessy3_56m_PGM_2Perc_coupling_errors_off_RP/round_4/57_bessy3_56m_PGM_2Perc_coupling_errors_off_RP.rml
2025-02-08 01:31:38,201 - INFO - Prepared sim number: 58: RAYPy_Simulation_bessy3_56m_PGM_2Perc_coupling_errors_off_RP/round_4/58_bessy3_56m_PGM_2Perc_coupling_errors_off_RP.rml
2025-02-08 01:31:38,207 - INFO - Prepared sim number: 59: RAYPy_Simulation_bessy3_56m_PGM_2Perc_coupling_errors_off_RP/round_4/59_bessy3_56m_PGM_2Perc_coupling_errors_off_RP.rml
2025-02-08 01:31:38,213 - INFO - Prepared sim number: 60: RAYPy_Simulation_bessy3_56m_PGM_2Perc_coupling_errors_off_RP/round_4/60_bessy3_56m_PGM_2Perc_coupling_errors_off_RP.rml
2025-02-08 01:31:38,219 - INFO - Prepared sim number: 61: RAYPy_Simulation_bessy3_56m_PGM_2Perc_coupling_errors_off_RP/round_4/61_bessy3_56m_PGM_2Perc_coupling_errors_off_RP.rml
2025-02-08 01:31:38,225 - INFO - Prepared sim number: 62: RAYPy_Simulation_bessy3_56m_PGM_2Perc_coupling_errors_off_RP/round_4/62_bessy3_56m_PGM_2Perc_coupling_errors_off_RP.rml
2025-02-08 01:31:38,231 - INFO - Prepared sim number: 63: RAYPy_Simulation_bessy3_56m_PGM_2Perc_coupling_errors_off_RP/round_4/63_bessy3_56m_PGM_2Perc_coupling_errors_off_RP.rml
2025-02-08 01:31:38,237 - INFO - Prepared sim number: 64: RAYPy_Simulation_bessy3_56m_PGM_2Perc_coupling_errors_off_RP/round_4/64_bessy3_56m_PGM_2Perc_coupling_errors_off_RP.rml
2025-02-08 01:31:38,244 - INFO - Prepared sim number: 65: RAYPy_Simulation_bessy3_56m_PGM_2Perc_coupling_errors_off_RP/round_4/65_bessy3_56m_PGM_2Perc_coupling_errors_off_RP.rml
2025-02-08 01:31:38,249 - INFO - Prepared sim number: 66: RAYPy_Simulation_bessy3_56m_PGM_2Perc_coupling_errors_off_RP/round_4/66_bessy3_56m_PGM_2Perc_coupling_errors_off_RP.rml
2025-02-08 01:31:38,255 - INFO - Prepared sim number: 67: RAYPy_Simulation_bessy3_56m_PGM_2Perc_coupling_errors_off_RP/round_4/67_bessy3_56m_PGM_2Perc_coupling_errors_off_RP.rml
2025-02-08 01:31:38,260 - INFO - Prepared sim number: 68: RAYPy_Simulation_bessy3_56m_PGM_2Perc_coupling_errors_off_RP/round_4/68_bessy3_56m_PGM_2Perc_coupling_errors_off_RP.rml
2025-02-08 01:31:38,267 - INFO - Prepared sim number: 69: RAYPy_Simulation_bessy3_56m_PGM_2Perc_coupling_errors_off_RP/round_4/69_bessy3_56m_PGM_2Perc_coupling_errors_off_RP.rml
2025-02-08 01:31:38,274 - INFO - Prepared sim number: 70: RAYPy_Simulation_bessy3_56m_PGM_2Perc_coupling_errors_off_RP/round_4/70_bessy3_56m_PGM_2Perc_coupling_errors_off_RP.rml
2025-02-08 01:31:38,280 - INFO - Prepared sim number: 71: RAYPy_Simulation_bessy3_56m_PGM_2Perc_coupling_errors_off_RP/round_4/71_bessy3_56m_PGM_2Perc_coupling_errors_off_RP.rml
2025-02-08 01:31:38,286 - INFO - Prepared sim number: 72: RAYPy_Simulation_bessy3_56m_PGM_2Perc_coupling_errors_off_RP/round_4/72_bessy3_56m_PGM_2Perc_coupling_errors_off_RP.rml
2025-02-08 01:31:38,291 - INFO - Prepared sim number: 73: RAYPy_Simulation_bessy3_56m_PGM_2Perc_coupling_errors_off_RP/round_4/73_bessy3_56m_PGM_2Perc_coupling_errors_off_RP.rml
2025-02-08 01:31:38,296 - INFO - Prepared sim number: 74: RAYPy_Simulation_bessy3_56m_PGM_2Perc_coupling_errors_off_RP/round_4/74_bessy3_56m_PGM_2Perc_coupling_errors_off_RP.rml
2025-02-08 01:31:38,300 - INFO - Prepared sim number: 75: RAYPy_Simulation_bessy3_56m_PGM_2Perc_coupling_errors_off_RP/round_4/75_bessy3_56m_PGM_2Perc_coupling_errors_off_RP.rml
2025-02-08 01:31:38,305 - INFO - Prepared sim number: 76: RAYPy_Simulation_bessy3_56m_PGM_2Perc_coupling_errors_off_RP/round_4/76_bessy3_56m_PGM_2Perc_coupling_errors_off_RP.rml
2025-02-08 01:31:38,310 - INFO - Prepared sim number: 77: RAYPy_Simulation_bessy3_56m_PGM_2Perc_coupling_errors_off_RP/round_4/77_bessy3_56m_PGM_2Perc_coupling_errors_off_RP.rml
2025-02-08 01:31:38,316 - INFO - Prepared sim number: 78: RAYPy_Simulation_bessy3_56m_PGM_2Perc_coupling_errors_off_RP/round_4/78_bessy3_56m_PGM_2Perc_coupling_errors_off_RP.rml
2025-02-08 01:31:38,321 - INFO - Prepared sim number: 79: RAYPy_Simulation_bessy3_56m_PGM_2Perc_coupling_errors_off_RP/round_4/79_bessy3_56m_PGM_2Perc_coupling_errors_off_RP.rml
2025-02-08 01:31:38,326 - INFO - Prepared sim number: 80: RAYPy_Simulation_bessy3_56m_PGM_2Perc_coupling_errors_off_RP/round_4/80_bessy3_56m_PGM_2Perc_coupling_errors_off_RP.rml
2025-02-08 01:31:38,330 - INFO - Prepared sim number: 81: RAYPy_Simulation_bessy3_56m_PGM_2Perc_coupling_errors_off_RP/round_4/81_bessy3_56m_PGM_2Perc_coupling_errors_off_RP.rml
2025-02-08 01:31:38,336 - INFO - Prepared sim number: 82: RAYPy_Simulation_bessy3_56m_PGM_2Perc_coupling_errors_off_RP/round_4/82_bessy3_56m_PGM_2Perc_coupling_errors_off_RP.rml
2025-02-08 01:31:38,341 - INFO - Prepared sim number: 83: RAYPy_Simulation_bessy3_56m_PGM_2Perc_coupling_errors_off_RP/round_4/83_bessy3_56m_PGM_2Perc_coupling_errors_off_RP.rml
2025-02-08 01:31:38,346 - INFO - Prepared sim number: 84: RAYPy_Simulation_bessy3_56m_PGM_2Perc_coupling_errors_off_RP/round_4/84_bessy3_56m_PGM_2Perc_coupling_errors_off_RP.rml
2025-02-08 01:31:38,351 - INFO - Prepared sim number: 85: RAYPy_Simulation_bessy3_56m_PGM_2Perc_coupling_errors_off_RP/round_4/85_bessy3_56m_PGM_2Perc_coupling_errors_off_RP.rml
2025-02-08 01:31:38,356 - INFO - Prepared sim number: 86: RAYPy_Simulation_bessy3_56m_PGM_2Perc_coupling_errors_off_RP/round_4/86_bessy3_56m_PGM_2Perc_coupling_errors_off_RP.rml
2025-02-08 01:31:38,361 - INFO - Prepared sim number: 87: RAYPy_Simulation_bessy3_56m_PGM_2Perc_coupling_errors_off_RP/round_4/87_bessy3_56m_PGM_2Perc_coupling_errors_off_RP.rml
2025-02-08 01:31:38,366 - INFO - Prepared sim number: 88: RAYPy_Simulation_bessy3_56m_PGM_2Perc_coupling_errors_off_RP/round_4/88_bessy3_56m_PGM_2Perc_coupling_errors_off_RP.rml
2025-02-08 01:31:38,371 - INFO - Prepared sim number: 89: RAYPy_Simulation_bessy3_56m_PGM_2Perc_coupling_errors_off_RP/round_4/89_bessy3_56m_PGM_2Perc_coupling_errors_off_RP.rml
2025-02-08 01:31:38,376 - INFO - Prepared sim number: 90: RAYPy_Simulation_bessy3_56m_PGM_2Perc_coupling_errors_off_RP/round_4/90_bessy3_56m_PGM_2Perc_coupling_errors_off_RP.rml
2025-02-08 01:31:38,381 - INFO - Prepared sim number: 91: RAYPy_Simulation_bessy3_56m_PGM_2Perc_coupling_errors_off_RP/round_4/91_bessy3_56m_PGM_2Perc_coupling_errors_off_RP.rml
2025-02-08 01:31:38,386 - INFO - Prepared sim number: 92: RAYPy_Simulation_bessy3_56m_PGM_2Perc_coupling_errors_off_RP/round_4/92_bessy3_56m_PGM_2Perc_coupling_errors_off_RP.rml
2025-02-08 01:31:38,391 - INFO - Prepared sim number: 93: RAYPy_Simulation_bessy3_56m_PGM_2Perc_coupling_errors_off_RP/round_4/93_bessy3_56m_PGM_2Perc_coupling_errors_off_RP.rml
2025-02-08 01:31:38,396 - INFO - Prepared sim number: 94: RAYPy_Simulation_bessy3_56m_PGM_2Perc_coupling_errors_off_RP/round_4/94_bessy3_56m_PGM_2Perc_coupling_errors_off_RP.rml
2025-02-08 01:31:38,402 - INFO - Prepared sim number: 95: RAYPy_Simulation_bessy3_56m_PGM_2Perc_coupling_errors_off_RP/round_4/95_bessy3_56m_PGM_2Perc_coupling_errors_off_RP.rml
2025-02-08 01:31:38,407 - INFO - Prepared sim number: 96: RAYPy_Simulation_bessy3_56m_PGM_2Perc_coupling_errors_off_RP/round_4/96_bessy3_56m_PGM_2Perc_coupling_errors_off_RP.rml
2025-02-08 01:31:38,411 - INFO - Prepared sim number: 97: RAYPy_Simulation_bessy3_56m_PGM_2Perc_coupling_errors_off_RP/round_4/97_bessy3_56m_PGM_2Perc_coupling_errors_off_RP.rml
2025-02-08 01:31:38,416 - INFO - Prepared sim number: 98: RAYPy_Simulation_bessy3_56m_PGM_2Perc_coupling_errors_off_RP/round_4/98_bessy3_56m_PGM_2Perc_coupling_errors_off_RP.rml
2025-02-08 01:31:38,421 - INFO - Prepared sim number: 99: RAYPy_Simulation_bessy3_56m_PGM_2Perc_coupling_errors_off_RP/round_4/99_bessy3_56m_PGM_2Perc_coupling_errors_off_RP.rml
2025-02-08 01:31:38,426 - INFO - Prepared sim number: 100: RAYPy_Simulation_bessy3_56m_PGM_2Perc_coupling_errors_off_RP/round_4/100_bessy3_56m_PGM_2Perc_coupling_errors_off_RP.rml
2025-02-08 01:31:38,431 - INFO - Prepared sim number: 101: RAYPy_Simulation_bessy3_56m_PGM_2Perc_coupling_errors_off_RP/round_4/101_bessy3_56m_PGM_2Perc_coupling_errors_off_RP.rml
2025-02-08 01:31:38,436 - INFO - Prepared sim number: 102: RAYPy_Simulation_bessy3_56m_PGM_2Perc_coupling_errors_off_RP/round_4/102_bessy3_56m_PGM_2Perc_coupling_errors_off_RP.rml
2025-02-08 01:31:38,441 - INFO - Prepared sim number: 103: RAYPy_Simulation_bessy3_56m_PGM_2Perc_coupling_errors_off_RP/round_4/103_bessy3_56m_PGM_2Perc_coupling_errors_off_RP.rml
2025-02-08 01:31:38,446 - INFO - Prepared sim number: 104: RAYPy_Simulation_bessy3_56m_PGM_2Perc_coupling_errors_off_RP/round_4/104_bessy3_56m_PGM_2Perc_coupling_errors_off_RP.rml
2025-02-08 01:31:38,451 - INFO - Prepared sim number: 105: RAYPy_Simulation_bessy3_56m_PGM_2Perc_coupling_errors_off_RP/round_4/105_bessy3_56m_PGM_2Perc_coupling_errors_off_RP.rml
2025-02-08 01:31:38,456 - INFO - Prepared sim number: 106: RAYPy_Simulation_bessy3_56m_PGM_2Perc_coupling_errors_off_RP/round_4/106_bessy3_56m_PGM_2Perc_coupling_errors_off_RP.rml
2025-02-08 01:31:38,461 - INFO - Prepared sim number: 107: RAYPy_Simulation_bessy3_56m_PGM_2Perc_coupling_errors_off_RP/round_4/107_bessy3_56m_PGM_2Perc_coupling_errors_off_RP.rml
2025-02-08 01:31:38,462 - INFO - Waiting for batch number: 9, timeout: 20.806945967674256s
2025-02-08 01:31:40,607 - INFO - Completed: 1, remaining: 59, RAYPy_Simulation_bessy3_56m_PGM_2Perc_coupling_errors_off_RP/round_4/49_bessy3_56m_PGM_2Perc_coupling_errors_off_RP.rml
2025-02-08 01:31:40,736 - INFO - Completed: 2, remaining: 58, RAYPy_Simulation_bessy3_56m_PGM_2Perc_coupling_errors_off_RP/round_4/56_bessy3_56m_PGM_2Perc_coupling_errors_off_RP.rml
2025-02-08 01:31:40,831 - INFO - Completed: 3, remaining: 57, RAYPy_Simulation_bessy3_56m_PGM_2Perc_coupling_errors_off_RP/round_4/51_bessy3_56m_PGM_2Perc_coupling_errors_off_RP.rml
2025-02-08 01:31:40,891 - INFO - Completed: 4, remaining: 56, RAYPy_Simulation_bessy3_56m_PGM_2Perc_coupling_errors_off_RP/round_4/52_bessy3_56m_PGM_2Perc_coupling_errors_off_RP.rml
2025-02-08 01:31:40,980 - INFO - Completed: 5, remaining: 55, RAYPy_Simulation_bessy3_56m_PGM_2Perc_coupling_errors_off_RP/round_4/57_bessy3_56m_PGM_2Perc_coupling_errors_off_RP.rml
2025-02-08 01:31:41,003 - INFO - Completed: 6, remaining: 54, RAYPy_Simulation_bessy3_56m_PGM_2Perc_coupling_errors_off_RP/round_4/59_bessy3_56m_PGM_2Perc_coupling_errors_off_RP.rml
2025-02-08 01:31:41,086 - INFO - Completed: 7, remaining: 53, RAYPy_Simulation_bessy3_56m_PGM_2Perc_coupling_errors_off_RP/round_4/50_bessy3_56m_PGM_2Perc_coupling_errors_off_RP.rml
2025-02-08 01:31:41,099 - INFO - Completed: 8, remaining: 52, RAYPy_Simulation_bessy3_56m_PGM_2Perc_coupling_errors_off_RP/round_4/53_bessy3_56m_PGM_2Perc_coupling_errors_off_RP.rml
2025-02-08 01:31:43,232 - INFO - Completed: 9, remaining: 51, RAYPy_Simulation_bessy3_56m_PGM_2Perc_coupling_errors_off_RP/round_4/58_bessy3_56m_PGM_2Perc_coupling_errors_off_RP.rml
2025-02-08 01:31:43,356 - INFO - Completed: 10, remaining: 50, RAYPy_Simulation_bessy3_56m_PGM_2Perc_coupling_errors_off_RP/round_4/48_bessy3_56m_PGM_2Perc_coupling_errors_off_RP.rml
2025-02-08 01:31:43,466 - INFO - Completed: 11, remaining: 49, RAYPy_Simulation_bessy3_56m_PGM_2Perc_coupling_errors_off_RP/round_4/60_bessy3_56m_PGM_2Perc_coupling_errors_off_RP.rml
2025-02-08 01:31:43,681 - INFO - Completed: 12, remaining: 48, RAYPy_Simulation_bessy3_56m_PGM_2Perc_coupling_errors_off_RP/round_4/61_bessy3_56m_PGM_2Perc_coupling_errors_off_RP.rml
2025-02-08 01:31:43,696 - INFO - Completed: 13, remaining: 47, RAYPy_Simulation_bessy3_56m_PGM_2Perc_coupling_errors_off_RP/round_4/54_bessy3_56m_PGM_2Perc_coupling_errors_off_RP.rml
2025-02-08 01:31:43,803 - INFO - Completed: 14, remaining: 46, RAYPy_Simulation_bessy3_56m_PGM_2Perc_coupling_errors_off_RP/round_4/62_bessy3_56m_PGM_2Perc_coupling_errors_off_RP.rml
2025-02-08 01:31:43,996 - INFO - Completed: 15, remaining: 45, RAYPy_Simulation_bessy3_56m_PGM_2Perc_coupling_errors_off_RP/round_4/63_bessy3_56m_PGM_2Perc_coupling_errors_off_RP.rml
2025-02-08 01:31:44,050 - INFO - Completed: 16, remaining: 44, RAYPy_Simulation_bessy3_56m_PGM_2Perc_coupling_errors_off_RP/round_4/64_bessy3_56m_PGM_2Perc_coupling_errors_off_RP.rml
2025-02-08 01:31:44,233 - INFO - Completed: 17, remaining: 43, RAYPy_Simulation_bessy3_56m_PGM_2Perc_coupling_errors_off_RP/round_4/65_bessy3_56m_PGM_2Perc_coupling_errors_off_RP.rml
2025-02-08 01:31:44,743 - INFO - Completed: 18, remaining: 42, RAYPy_Simulation_bessy3_56m_PGM_2Perc_coupling_errors_off_RP/round_4/66_bessy3_56m_PGM_2Perc_coupling_errors_off_RP.rml
2025-02-08 01:31:44,906 - INFO - Completed: 19, remaining: 41, RAYPy_Simulation_bessy3_56m_PGM_2Perc_coupling_errors_off_RP/round_4/67_bessy3_56m_PGM_2Perc_coupling_errors_off_RP.rml
2025-02-08 01:31:45,995 - INFO - Completed: 20, remaining: 40, RAYPy_Simulation_bessy3_56m_PGM_2Perc_coupling_errors_off_RP/round_4/55_bessy3_56m_PGM_2Perc_coupling_errors_off_RP.rml
2025-02-08 01:31:46,727 - INFO - Completed: 21, remaining: 39, RAYPy_Simulation_bessy3_56m_PGM_2Perc_coupling_errors_off_RP/round_4/68_bessy3_56m_PGM_2Perc_coupling_errors_off_RP.rml
2025-02-08 01:31:47,065 - INFO - Completed: 22, remaining: 38, RAYPy_Simulation_bessy3_56m_PGM_2Perc_coupling_errors_off_RP/round_4/70_bessy3_56m_PGM_2Perc_coupling_errors_off_RP.rml
2025-02-08 01:31:47,227 - INFO - Completed: 23, remaining: 37, RAYPy_Simulation_bessy3_56m_PGM_2Perc_coupling_errors_off_RP/round_4/71_bessy3_56m_PGM_2Perc_coupling_errors_off_RP.rml
2025-02-08 01:31:47,264 - INFO - Completed: 24, remaining: 36, RAYPy_Simulation_bessy3_56m_PGM_2Perc_coupling_errors_off_RP/round_4/72_bessy3_56m_PGM_2Perc_coupling_errors_off_RP.rml
2025-02-08 01:31:47,354 - INFO - Completed: 25, remaining: 35, RAYPy_Simulation_bessy3_56m_PGM_2Perc_coupling_errors_off_RP/round_4/69_bessy3_56m_PGM_2Perc_coupling_errors_off_RP.rml
2025-02-08 01:31:47,632 - INFO - Completed: 26, remaining: 34, RAYPy_Simulation_bessy3_56m_PGM_2Perc_coupling_errors_off_RP/round_4/73_bessy3_56m_PGM_2Perc_coupling_errors_off_RP.rml
2025-02-08 01:31:47,731 - INFO - Completed: 27, remaining: 33, RAYPy_Simulation_bessy3_56m_PGM_2Perc_coupling_errors_off_RP/round_4/75_bessy3_56m_PGM_2Perc_coupling_errors_off_RP.rml
2025-02-08 01:31:47,865 - INFO - Completed: 28, remaining: 32, RAYPy_Simulation_bessy3_56m_PGM_2Perc_coupling_errors_off_RP/round_4/76_bessy3_56m_PGM_2Perc_coupling_errors_off_RP.rml
2025-02-08 01:31:47,894 - INFO - Completed: 29, remaining: 31, RAYPy_Simulation_bessy3_56m_PGM_2Perc_coupling_errors_off_RP/round_4/74_bessy3_56m_PGM_2Perc_coupling_errors_off_RP.rml
2025-02-08 01:31:48,200 - INFO - Completed: 30, remaining: 30, RAYPy_Simulation_bessy3_56m_PGM_2Perc_coupling_errors_off_RP/round_4/77_bessy3_56m_PGM_2Perc_coupling_errors_off_RP.rml
2025-02-08 01:31:48,342 - INFO - Completed: 31, remaining: 29, RAYPy_Simulation_bessy3_56m_PGM_2Perc_coupling_errors_off_RP/round_4/78_bessy3_56m_PGM_2Perc_coupling_errors_off_RP.rml
2025-02-08 01:31:49,514 - INFO - Completed: 32, remaining: 28, RAYPy_Simulation_bessy3_56m_PGM_2Perc_coupling_errors_off_RP/round_4/79_bessy3_56m_PGM_2Perc_coupling_errors_off_RP.rml
2025-02-08 01:31:50,386 - INFO - Completed: 33, remaining: 27, RAYPy_Simulation_bessy3_56m_PGM_2Perc_coupling_errors_off_RP/round_4/82_bessy3_56m_PGM_2Perc_coupling_errors_off_RP.rml
2025-02-08 01:31:50,482 - INFO - Completed: 34, remaining: 26, RAYPy_Simulation_bessy3_56m_PGM_2Perc_coupling_errors_off_RP/round_4/84_bessy3_56m_PGM_2Perc_coupling_errors_off_RP.rml
2025-02-08 01:31:50,643 - INFO - Completed: 35, remaining: 25, RAYPy_Simulation_bessy3_56m_PGM_2Perc_coupling_errors_off_RP/round_4/81_bessy3_56m_PGM_2Perc_coupling_errors_off_RP.rml
2025-02-08 01:31:50,895 - INFO - Completed: 36, remaining: 24, RAYPy_Simulation_bessy3_56m_PGM_2Perc_coupling_errors_off_RP/round_4/86_bessy3_56m_PGM_2Perc_coupling_errors_off_RP.rml
2025-02-08 01:31:50,901 - INFO - Completed: 37, remaining: 23, RAYPy_Simulation_bessy3_56m_PGM_2Perc_coupling_errors_off_RP/round_4/85_bessy3_56m_PGM_2Perc_coupling_errors_off_RP.rml
2025-02-08 01:31:51,079 - INFO - Completed: 38, remaining: 22, RAYPy_Simulation_bessy3_56m_PGM_2Perc_coupling_errors_off_RP/round_4/83_bessy3_56m_PGM_2Perc_coupling_errors_off_RP.rml
2025-02-08 01:31:51,102 - INFO - Completed: 39, remaining: 21, RAYPy_Simulation_bessy3_56m_PGM_2Perc_coupling_errors_off_RP/round_4/87_bessy3_56m_PGM_2Perc_coupling_errors_off_RP.rml
2025-02-08 01:31:51,360 - INFO - Completed: 40, remaining: 20, RAYPy_Simulation_bessy3_56m_PGM_2Perc_coupling_errors_off_RP/round_4/88_bessy3_56m_PGM_2Perc_coupling_errors_off_RP.rml
2025-02-08 01:31:51,382 - INFO - Completed: 41, remaining: 19, RAYPy_Simulation_bessy3_56m_PGM_2Perc_coupling_errors_off_RP/round_4/80_bessy3_56m_PGM_2Perc_coupling_errors_off_RP.rml
2025-02-08 01:31:51,488 - INFO - Completed: 42, remaining: 18, RAYPy_Simulation_bessy3_56m_PGM_2Perc_coupling_errors_off_RP/round_4/89_bessy3_56m_PGM_2Perc_coupling_errors_off_RP.rml
2025-02-08 01:31:51,593 - INFO - Completed: 43, remaining: 17, RAYPy_Simulation_bessy3_56m_PGM_2Perc_coupling_errors_off_RP/round_4/90_bessy3_56m_PGM_2Perc_coupling_errors_off_RP.rml
2025-02-08 01:31:52,781 - INFO - Completed: 44, remaining: 16, RAYPy_Simulation_bessy3_56m_PGM_2Perc_coupling_errors_off_RP/round_4/91_bessy3_56m_PGM_2Perc_coupling_errors_off_RP.rml
2025-02-08 01:31:53,501 - INFO - Completed: 45, remaining: 15, RAYPy_Simulation_bessy3_56m_PGM_2Perc_coupling_errors_off_RP/round_4/93_bessy3_56m_PGM_2Perc_coupling_errors_off_RP.rml
2025-02-08 01:31:53,718 - INFO - Completed: 46, remaining: 14, RAYPy_Simulation_bessy3_56m_PGM_2Perc_coupling_errors_off_RP/round_4/92_bessy3_56m_PGM_2Perc_coupling_errors_off_RP.rml
2025-02-08 01:31:53,791 - INFO - Completed: 47, remaining: 13, RAYPy_Simulation_bessy3_56m_PGM_2Perc_coupling_errors_off_RP/round_4/94_bessy3_56m_PGM_2Perc_coupling_errors_off_RP.rml
2025-02-08 01:31:54,031 - INFO - Completed: 48, remaining: 12, RAYPy_Simulation_bessy3_56m_PGM_2Perc_coupling_errors_off_RP/round_4/96_bessy3_56m_PGM_2Perc_coupling_errors_off_RP.rml
2025-02-08 01:31:54,148 - INFO - Completed: 49, remaining: 11, RAYPy_Simulation_bessy3_56m_PGM_2Perc_coupling_errors_off_RP/round_4/97_bessy3_56m_PGM_2Perc_coupling_errors_off_RP.rml
2025-02-08 01:31:54,327 - INFO - Completed: 50, remaining: 10, RAYPy_Simulation_bessy3_56m_PGM_2Perc_coupling_errors_off_RP/round_4/95_bessy3_56m_PGM_2Perc_coupling_errors_off_RP.rml
2025-02-08 01:31:54,465 - INFO - Completed: 51, remaining: 9, RAYPy_Simulation_bessy3_56m_PGM_2Perc_coupling_errors_off_RP/round_4/100_bessy3_56m_PGM_2Perc_coupling_errors_off_RP.rml
2025-02-08 01:31:54,500 - INFO - Completed: 52, remaining: 8, RAYPy_Simulation_bessy3_56m_PGM_2Perc_coupling_errors_off_RP/round_4/99_bessy3_56m_PGM_2Perc_coupling_errors_off_RP.rml
2025-02-08 01:31:54,624 - INFO - Completed: 53, remaining: 7, RAYPy_Simulation_bessy3_56m_PGM_2Perc_coupling_errors_off_RP/round_4/101_bessy3_56m_PGM_2Perc_coupling_errors_off_RP.rml
2025-02-08 01:31:54,692 - INFO - Completed: 54, remaining: 6, RAYPy_Simulation_bessy3_56m_PGM_2Perc_coupling_errors_off_RP/round_4/102_bessy3_56m_PGM_2Perc_coupling_errors_off_RP.rml
2025-02-08 01:31:54,933 - INFO - Completed: 55, remaining: 5, RAYPy_Simulation_bessy3_56m_PGM_2Perc_coupling_errors_off_RP/round_4/98_bessy3_56m_PGM_2Perc_coupling_errors_off_RP.rml
2025-02-08 01:31:55,591 - INFO - Completed: 56, remaining: 4, RAYPy_Simulation_bessy3_56m_PGM_2Perc_coupling_errors_off_RP/round_4/103_bessy3_56m_PGM_2Perc_coupling_errors_off_RP.rml
2025-02-08 01:31:55,938 - INFO - Completed: 57, remaining: 3, RAYPy_Simulation_bessy3_56m_PGM_2Perc_coupling_errors_off_RP/round_4/104_bessy3_56m_PGM_2Perc_coupling_errors_off_RP.rml
2025-02-08 01:31:56,027 - INFO - Completed: 58, remaining: 2, RAYPy_Simulation_bessy3_56m_PGM_2Perc_coupling_errors_off_RP/round_4/105_bessy3_56m_PGM_2Perc_coupling_errors_off_RP.rml
2025-02-08 01:31:56,048 - INFO - Completed: 59, remaining: 1, RAYPy_Simulation_bessy3_56m_PGM_2Perc_coupling_errors_off_RP/round_4/106_bessy3_56m_PGM_2Perc_coupling_errors_off_RP.rml
2025-02-08 01:31:56,224 - INFO - Completed: 60, remaining: 0, RAYPy_Simulation_bessy3_56m_PGM_2Perc_coupling_errors_off_RP/round_4/107_bessy3_56m_PGM_2Perc_coupling_errors_off_RP.rml
2025-02-08 01:31:56,224 - INFO - Batch Completed
2025-02-08 01:31:56,224 - INFO - Waiting For batch, 60 simulations to go
2025-02-08 01:31:56,228 - INFO - Prepared sim number: 108: RAYPy_Simulation_bessy3_56m_PGM_2Perc_coupling_errors_off_RP/round_4/108_bessy3_56m_PGM_2Perc_coupling_errors_off_RP.rml
2025-02-08 01:31:56,233 - INFO - Prepared sim number: 109: RAYPy_Simulation_bessy3_56m_PGM_2Perc_coupling_errors_off_RP/round_4/109_bessy3_56m_PGM_2Perc_coupling_errors_off_RP.rml
2025-02-08 01:31:56,244 - INFO - Prepared sim number: 110: RAYPy_Simulation_bessy3_56m_PGM_2Perc_coupling_errors_off_RP/round_4/110_bessy3_56m_PGM_2Perc_coupling_errors_off_RP.rml
2025-02-08 01:31:56,249 - INFO - Prepared sim number: 111: RAYPy_Simulation_bessy3_56m_PGM_2Perc_coupling_errors_off_RP/round_4/111_bessy3_56m_PGM_2Perc_coupling_errors_off_RP.rml
2025-02-08 01:31:56,253 - INFO - Prepared sim number: 112: RAYPy_Simulation_bessy3_56m_PGM_2Perc_coupling_errors_off_RP/round_4/112_bessy3_56m_PGM_2Perc_coupling_errors_off_RP.rml
2025-02-08 01:31:56,258 - INFO - Prepared sim number: 113: RAYPy_Simulation_bessy3_56m_PGM_2Perc_coupling_errors_off_RP/round_4/113_bessy3_56m_PGM_2Perc_coupling_errors_off_RP.rml
2025-02-08 01:31:56,261 - INFO - Prepared sim number: 114: RAYPy_Simulation_bessy3_56m_PGM_2Perc_coupling_errors_off_RP/round_4/114_bessy3_56m_PGM_2Perc_coupling_errors_off_RP.rml
2025-02-08 01:31:56,265 - INFO - Prepared sim number: 115: RAYPy_Simulation_bessy3_56m_PGM_2Perc_coupling_errors_off_RP/round_4/115_bessy3_56m_PGM_2Perc_coupling_errors_off_RP.rml
2025-02-08 01:31:56,268 - INFO - Prepared sim number: 116: RAYPy_Simulation_bessy3_56m_PGM_2Perc_coupling_errors_off_RP/round_4/116_bessy3_56m_PGM_2Perc_coupling_errors_off_RP.rml
2025-02-08 01:31:56,276 - INFO - Prepared sim number: 117: RAYPy_Simulation_bessy3_56m_PGM_2Perc_coupling_errors_off_RP/round_4/117_bessy3_56m_PGM_2Perc_coupling_errors_off_RP.rml
2025-02-08 01:31:56,281 - INFO - Prepared sim number: 118: RAYPy_Simulation_bessy3_56m_PGM_2Perc_coupling_errors_off_RP/round_4/118_bessy3_56m_PGM_2Perc_coupling_errors_off_RP.rml
2025-02-08 01:31:56,285 - INFO - Prepared sim number: 119: RAYPy_Simulation_bessy3_56m_PGM_2Perc_coupling_errors_off_RP/round_4/119_bessy3_56m_PGM_2Perc_coupling_errors_off_RP.rml
2025-02-08 01:31:56,288 - INFO - Prepared sim number: 120: RAYPy_Simulation_bessy3_56m_PGM_2Perc_coupling_errors_off_RP/round_4/120_bessy3_56m_PGM_2Perc_coupling_errors_off_RP.rml
2025-02-08 01:31:56,292 - INFO - Prepared sim number: 121: RAYPy_Simulation_bessy3_56m_PGM_2Perc_coupling_errors_off_RP/round_4/121_bessy3_56m_PGM_2Perc_coupling_errors_off_RP.rml
2025-02-08 01:31:56,295 - INFO - Prepared sim number: 122: RAYPy_Simulation_bessy3_56m_PGM_2Perc_coupling_errors_off_RP/round_4/122_bessy3_56m_PGM_2Perc_coupling_errors_off_RP.rml
2025-02-08 01:31:56,296 - INFO - Start round 5
2025-02-08 01:31:56,299 - INFO - Prepared sim number: 0: RAYPy_Simulation_bessy3_56m_PGM_2Perc_coupling_errors_off_RP/round_5/0_bessy3_56m_PGM_2Perc_coupling_errors_off_RP.rml
2025-02-08 01:31:56,303 - INFO - Prepared sim number: 1: RAYPy_Simulation_bessy3_56m_PGM_2Perc_coupling_errors_off_RP/round_5/1_bessy3_56m_PGM_2Perc_coupling_errors_off_RP.rml
2025-02-08 01:31:56,307 - INFO - Prepared sim number: 2: RAYPy_Simulation_bessy3_56m_PGM_2Perc_coupling_errors_off_RP/round_5/2_bessy3_56m_PGM_2Perc_coupling_errors_off_RP.rml
2025-02-08 01:31:56,311 - INFO - Prepared sim number: 3: RAYPy_Simulation_bessy3_56m_PGM_2Perc_coupling_errors_off_RP/round_5/3_bessy3_56m_PGM_2Perc_coupling_errors_off_RP.rml
2025-02-08 01:31:56,314 - INFO - Prepared sim number: 4: RAYPy_Simulation_bessy3_56m_PGM_2Perc_coupling_errors_off_RP/round_5/4_bessy3_56m_PGM_2Perc_coupling_errors_off_RP.rml
2025-02-08 01:31:56,318 - INFO - Prepared sim number: 5: RAYPy_Simulation_bessy3_56m_PGM_2Perc_coupling_errors_off_RP/round_5/5_bessy3_56m_PGM_2Perc_coupling_errors_off_RP.rml
2025-02-08 01:31:56,321 - INFO - Prepared sim number: 6: RAYPy_Simulation_bessy3_56m_PGM_2Perc_coupling_errors_off_RP/round_5/6_bessy3_56m_PGM_2Perc_coupling_errors_off_RP.rml
2025-02-08 01:31:56,324 - INFO - Prepared sim number: 7: RAYPy_Simulation_bessy3_56m_PGM_2Perc_coupling_errors_off_RP/round_5/7_bessy3_56m_PGM_2Perc_coupling_errors_off_RP.rml
2025-02-08 01:31:56,328 - INFO - Prepared sim number: 8: RAYPy_Simulation_bessy3_56m_PGM_2Perc_coupling_errors_off_RP/round_5/8_bessy3_56m_PGM_2Perc_coupling_errors_off_RP.rml
2025-02-08 01:31:56,331 - INFO - Prepared sim number: 9: RAYPy_Simulation_bessy3_56m_PGM_2Perc_coupling_errors_off_RP/round_5/9_bessy3_56m_PGM_2Perc_coupling_errors_off_RP.rml
2025-02-08 01:31:56,335 - INFO - Prepared sim number: 10: RAYPy_Simulation_bessy3_56m_PGM_2Perc_coupling_errors_off_RP/round_5/10_bessy3_56m_PGM_2Perc_coupling_errors_off_RP.rml
2025-02-08 01:31:56,338 - INFO - Prepared sim number: 11: RAYPy_Simulation_bessy3_56m_PGM_2Perc_coupling_errors_off_RP/round_5/11_bessy3_56m_PGM_2Perc_coupling_errors_off_RP.rml
2025-02-08 01:31:56,342 - INFO - Prepared sim number: 12: RAYPy_Simulation_bessy3_56m_PGM_2Perc_coupling_errors_off_RP/round_5/12_bessy3_56m_PGM_2Perc_coupling_errors_off_RP.rml
2025-02-08 01:31:56,346 - INFO - Prepared sim number: 13: RAYPy_Simulation_bessy3_56m_PGM_2Perc_coupling_errors_off_RP/round_5/13_bessy3_56m_PGM_2Perc_coupling_errors_off_RP.rml
2025-02-08 01:31:56,350 - INFO - Prepared sim number: 14: RAYPy_Simulation_bessy3_56m_PGM_2Perc_coupling_errors_off_RP/round_5/14_bessy3_56m_PGM_2Perc_coupling_errors_off_RP.rml
2025-02-08 01:31:56,354 - INFO - Prepared sim number: 15: RAYPy_Simulation_bessy3_56m_PGM_2Perc_coupling_errors_off_RP/round_5/15_bessy3_56m_PGM_2Perc_coupling_errors_off_RP.rml
2025-02-08 01:31:56,357 - INFO - Prepared sim number: 16: RAYPy_Simulation_bessy3_56m_PGM_2Perc_coupling_errors_off_RP/round_5/16_bessy3_56m_PGM_2Perc_coupling_errors_off_RP.rml
2025-02-08 01:31:56,361 - INFO - Prepared sim number: 17: RAYPy_Simulation_bessy3_56m_PGM_2Perc_coupling_errors_off_RP/round_5/17_bessy3_56m_PGM_2Perc_coupling_errors_off_RP.rml
2025-02-08 01:31:56,364 - INFO - Prepared sim number: 18: RAYPy_Simulation_bessy3_56m_PGM_2Perc_coupling_errors_off_RP/round_5/18_bessy3_56m_PGM_2Perc_coupling_errors_off_RP.rml
2025-02-08 01:31:56,367 - INFO - Prepared sim number: 19: RAYPy_Simulation_bessy3_56m_PGM_2Perc_coupling_errors_off_RP/round_5/19_bessy3_56m_PGM_2Perc_coupling_errors_off_RP.rml
2025-02-08 01:31:56,371 - INFO - Prepared sim number: 20: RAYPy_Simulation_bessy3_56m_PGM_2Perc_coupling_errors_off_RP/round_5/20_bessy3_56m_PGM_2Perc_coupling_errors_off_RP.rml
2025-02-08 01:31:56,375 - INFO - Prepared sim number: 21: RAYPy_Simulation_bessy3_56m_PGM_2Perc_coupling_errors_off_RP/round_5/21_bessy3_56m_PGM_2Perc_coupling_errors_off_RP.rml
2025-02-08 01:31:56,378 - INFO - Prepared sim number: 22: RAYPy_Simulation_bessy3_56m_PGM_2Perc_coupling_errors_off_RP/round_5/22_bessy3_56m_PGM_2Perc_coupling_errors_off_RP.rml
2025-02-08 01:31:56,381 - INFO - Prepared sim number: 23: RAYPy_Simulation_bessy3_56m_PGM_2Perc_coupling_errors_off_RP/round_5/23_bessy3_56m_PGM_2Perc_coupling_errors_off_RP.rml
2025-02-08 01:31:56,384 - INFO - Prepared sim number: 24: RAYPy_Simulation_bessy3_56m_PGM_2Perc_coupling_errors_off_RP/round_5/24_bessy3_56m_PGM_2Perc_coupling_errors_off_RP.rml
2025-02-08 01:31:56,387 - INFO - Prepared sim number: 25: RAYPy_Simulation_bessy3_56m_PGM_2Perc_coupling_errors_off_RP/round_5/25_bessy3_56m_PGM_2Perc_coupling_errors_off_RP.rml
2025-02-08 01:31:56,391 - INFO - Prepared sim number: 26: RAYPy_Simulation_bessy3_56m_PGM_2Perc_coupling_errors_off_RP/round_5/26_bessy3_56m_PGM_2Perc_coupling_errors_off_RP.rml
2025-02-08 01:31:56,395 - INFO - Prepared sim number: 27: RAYPy_Simulation_bessy3_56m_PGM_2Perc_coupling_errors_off_RP/round_5/27_bessy3_56m_PGM_2Perc_coupling_errors_off_RP.rml
2025-02-08 01:31:56,398 - INFO - Prepared sim number: 28: RAYPy_Simulation_bessy3_56m_PGM_2Perc_coupling_errors_off_RP/round_5/28_bessy3_56m_PGM_2Perc_coupling_errors_off_RP.rml
2025-02-08 01:31:56,402 - INFO - Prepared sim number: 29: RAYPy_Simulation_bessy3_56m_PGM_2Perc_coupling_errors_off_RP/round_5/29_bessy3_56m_PGM_2Perc_coupling_errors_off_RP.rml
2025-02-08 01:31:56,405 - INFO - Prepared sim number: 30: RAYPy_Simulation_bessy3_56m_PGM_2Perc_coupling_errors_off_RP/round_5/30_bessy3_56m_PGM_2Perc_coupling_errors_off_RP.rml
2025-02-08 01:31:56,409 - INFO - Prepared sim number: 31: RAYPy_Simulation_bessy3_56m_PGM_2Perc_coupling_errors_off_RP/round_5/31_bessy3_56m_PGM_2Perc_coupling_errors_off_RP.rml
2025-02-08 01:31:56,412 - INFO - Prepared sim number: 32: RAYPy_Simulation_bessy3_56m_PGM_2Perc_coupling_errors_off_RP/round_5/32_bessy3_56m_PGM_2Perc_coupling_errors_off_RP.rml
2025-02-08 01:31:56,415 - INFO - Prepared sim number: 33: RAYPy_Simulation_bessy3_56m_PGM_2Perc_coupling_errors_off_RP/round_5/33_bessy3_56m_PGM_2Perc_coupling_errors_off_RP.rml
2025-02-08 01:31:56,419 - INFO - Prepared sim number: 34: RAYPy_Simulation_bessy3_56m_PGM_2Perc_coupling_errors_off_RP/round_5/34_bessy3_56m_PGM_2Perc_coupling_errors_off_RP.rml
2025-02-08 01:31:56,422 - INFO - Prepared sim number: 35: RAYPy_Simulation_bessy3_56m_PGM_2Perc_coupling_errors_off_RP/round_5/35_bessy3_56m_PGM_2Perc_coupling_errors_off_RP.rml
2025-02-08 01:31:56,425 - INFO - Prepared sim number: 36: RAYPy_Simulation_bessy3_56m_PGM_2Perc_coupling_errors_off_RP/round_5/36_bessy3_56m_PGM_2Perc_coupling_errors_off_RP.rml
2025-02-08 01:31:56,428 - INFO - Prepared sim number: 37: RAYPy_Simulation_bessy3_56m_PGM_2Perc_coupling_errors_off_RP/round_5/37_bessy3_56m_PGM_2Perc_coupling_errors_off_RP.rml
2025-02-08 01:31:56,433 - INFO - Prepared sim number: 38: RAYPy_Simulation_bessy3_56m_PGM_2Perc_coupling_errors_off_RP/round_5/38_bessy3_56m_PGM_2Perc_coupling_errors_off_RP.rml
2025-02-08 01:31:56,437 - INFO - Prepared sim number: 39: RAYPy_Simulation_bessy3_56m_PGM_2Perc_coupling_errors_off_RP/round_5/39_bessy3_56m_PGM_2Perc_coupling_errors_off_RP.rml
2025-02-08 01:31:56,441 - INFO - Prepared sim number: 40: RAYPy_Simulation_bessy3_56m_PGM_2Perc_coupling_errors_off_RP/round_5/40_bessy3_56m_PGM_2Perc_coupling_errors_off_RP.rml
2025-02-08 01:31:56,446 - INFO - Prepared sim number: 41: RAYPy_Simulation_bessy3_56m_PGM_2Perc_coupling_errors_off_RP/round_5/41_bessy3_56m_PGM_2Perc_coupling_errors_off_RP.rml
2025-02-08 01:31:56,451 - INFO - Prepared sim number: 42: RAYPy_Simulation_bessy3_56m_PGM_2Perc_coupling_errors_off_RP/round_5/42_bessy3_56m_PGM_2Perc_coupling_errors_off_RP.rml
2025-02-08 01:31:56,455 - INFO - Prepared sim number: 43: RAYPy_Simulation_bessy3_56m_PGM_2Perc_coupling_errors_off_RP/round_5/43_bessy3_56m_PGM_2Perc_coupling_errors_off_RP.rml
2025-02-08 01:31:56,458 - INFO - Prepared sim number: 44: RAYPy_Simulation_bessy3_56m_PGM_2Perc_coupling_errors_off_RP/round_5/44_bessy3_56m_PGM_2Perc_coupling_errors_off_RP.rml
2025-02-08 01:31:56,459 - INFO - Waiting for batch number: 10, timeout: 20.725423150062557s
2025-02-08 01:31:58,991 - INFO - Completed: 1, remaining: 59, RAYPy_Simulation_bessy3_56m_PGM_2Perc_coupling_errors_off_RP/round_4/118_bessy3_56m_PGM_2Perc_coupling_errors_off_RP.rml
2025-02-08 01:31:59,041 - INFO - Completed: 2, remaining: 58, RAYPy_Simulation_bessy3_56m_PGM_2Perc_coupling_errors_off_RP/round_4/116_bessy3_56m_PGM_2Perc_coupling_errors_off_RP.rml
2025-02-08 01:31:59,063 - INFO - Completed: 3, remaining: 57, RAYPy_Simulation_bessy3_56m_PGM_2Perc_coupling_errors_off_RP/round_4/108_bessy3_56m_PGM_2Perc_coupling_errors_off_RP.rml
2025-02-08 01:31:59,129 - INFO - Completed: 4, remaining: 56, RAYPy_Simulation_bessy3_56m_PGM_2Perc_coupling_errors_off_RP/round_4/111_bessy3_56m_PGM_2Perc_coupling_errors_off_RP.rml
2025-02-08 01:31:59,201 - INFO - Completed: 5, remaining: 55, RAYPy_Simulation_bessy3_56m_PGM_2Perc_coupling_errors_off_RP/round_4/112_bessy3_56m_PGM_2Perc_coupling_errors_off_RP.rml
2025-02-08 01:31:59,325 - INFO - Completed: 6, remaining: 54, RAYPy_Simulation_bessy3_56m_PGM_2Perc_coupling_errors_off_RP/round_4/109_bessy3_56m_PGM_2Perc_coupling_errors_off_RP.rml
2025-02-08 01:31:59,397 - INFO - Completed: 7, remaining: 53, RAYPy_Simulation_bessy3_56m_PGM_2Perc_coupling_errors_off_RP/round_4/117_bessy3_56m_PGM_2Perc_coupling_errors_off_RP.rml
2025-02-08 01:31:59,597 - INFO - Completed: 8, remaining: 52, RAYPy_Simulation_bessy3_56m_PGM_2Perc_coupling_errors_off_RP/round_4/113_bessy3_56m_PGM_2Perc_coupling_errors_off_RP.rml
2025-02-08 01:31:59,741 - INFO - Completed: 9, remaining: 51, RAYPy_Simulation_bessy3_56m_PGM_2Perc_coupling_errors_off_RP/round_4/110_bessy3_56m_PGM_2Perc_coupling_errors_off_RP.rml
2025-02-08 01:32:01,730 - INFO - Completed: 10, remaining: 50, RAYPy_Simulation_bessy3_56m_PGM_2Perc_coupling_errors_off_RP/round_4/114_bessy3_56m_PGM_2Perc_coupling_errors_off_RP.rml
2025-02-08 01:32:01,884 - INFO - Completed: 11, remaining: 49, RAYPy_Simulation_bessy3_56m_PGM_2Perc_coupling_errors_off_RP/round_4/115_bessy3_56m_PGM_2Perc_coupling_errors_off_RP.rml
2025-02-08 01:32:01,947 - INFO - Completed: 12, remaining: 48, RAYPy_Simulation_bessy3_56m_PGM_2Perc_coupling_errors_off_RP/round_4/119_bessy3_56m_PGM_2Perc_coupling_errors_off_RP.rml
2025-02-08 01:32:02,327 - INFO - Completed: 13, remaining: 47, RAYPy_Simulation_bessy3_56m_PGM_2Perc_coupling_errors_off_RP/round_4/122_bessy3_56m_PGM_2Perc_coupling_errors_off_RP.rml
2025-02-08 01:32:02,436 - INFO - Completed: 14, remaining: 46, RAYPy_Simulation_bessy3_56m_PGM_2Perc_coupling_errors_off_RP/round_4/120_bessy3_56m_PGM_2Perc_coupling_errors_off_RP.rml
2025-02-08 01:32:02,557 - INFO - Completed: 15, remaining: 45, RAYPy_Simulation_bessy3_56m_PGM_2Perc_coupling_errors_off_RP/round_5/0_bessy3_56m_PGM_2Perc_coupling_errors_off_RP.rml
2025-02-08 01:32:02,675 - INFO - Completed: 16, remaining: 44, RAYPy_Simulation_bessy3_56m_PGM_2Perc_coupling_errors_off_RP/round_4/121_bessy3_56m_PGM_2Perc_coupling_errors_off_RP.rml
2025-02-08 01:32:02,796 - INFO - Completed: 17, remaining: 43, RAYPy_Simulation_bessy3_56m_PGM_2Perc_coupling_errors_off_RP/round_5/2_bessy3_56m_PGM_2Perc_coupling_errors_off_RP.rml
2025-02-08 01:32:02,888 - INFO - Completed: 18, remaining: 42, RAYPy_Simulation_bessy3_56m_PGM_2Perc_coupling_errors_off_RP/round_5/3_bessy3_56m_PGM_2Perc_coupling_errors_off_RP.rml
2025-02-08 01:32:02,956 - INFO - Completed: 19, remaining: 41, RAYPy_Simulation_bessy3_56m_PGM_2Perc_coupling_errors_off_RP/round_5/1_bessy3_56m_PGM_2Perc_coupling_errors_off_RP.rml
2025-02-08 01:32:03,149 - INFO - Completed: 20, remaining: 40, RAYPy_Simulation_bessy3_56m_PGM_2Perc_coupling_errors_off_RP/round_5/4_bessy3_56m_PGM_2Perc_coupling_errors_off_RP.rml
2025-02-08 01:32:03,154 - INFO - Completed: 21, remaining: 39, RAYPy_Simulation_bessy3_56m_PGM_2Perc_coupling_errors_off_RP/round_5/5_bessy3_56m_PGM_2Perc_coupling_errors_off_RP.rml
2025-02-08 01:32:05,288 - INFO - Completed: 22, remaining: 38, RAYPy_Simulation_bessy3_56m_PGM_2Perc_coupling_errors_off_RP/round_5/6_bessy3_56m_PGM_2Perc_coupling_errors_off_RP.rml
2025-02-08 01:32:05,397 - INFO - Completed: 23, remaining: 37, RAYPy_Simulation_bessy3_56m_PGM_2Perc_coupling_errors_off_RP/round_5/8_bessy3_56m_PGM_2Perc_coupling_errors_off_RP.rml
2025-02-08 01:32:05,506 - INFO - Completed: 24, remaining: 36, RAYPy_Simulation_bessy3_56m_PGM_2Perc_coupling_errors_off_RP/round_5/7_bessy3_56m_PGM_2Perc_coupling_errors_off_RP.rml
2025-02-08 01:32:05,873 - INFO - Completed: 25, remaining: 35, RAYPy_Simulation_bessy3_56m_PGM_2Perc_coupling_errors_off_RP/round_5/9_bessy3_56m_PGM_2Perc_coupling_errors_off_RP.rml
2025-02-08 01:32:05,898 - INFO - Completed: 26, remaining: 34, RAYPy_Simulation_bessy3_56m_PGM_2Perc_coupling_errors_off_RP/round_5/11_bessy3_56m_PGM_2Perc_coupling_errors_off_RP.rml
2025-02-08 01:32:06,151 - INFO - Completed: 27, remaining: 33, RAYPy_Simulation_bessy3_56m_PGM_2Perc_coupling_errors_off_RP/round_5/10_bessy3_56m_PGM_2Perc_coupling_errors_off_RP.rml
2025-02-08 01:32:06,208 - INFO - Completed: 28, remaining: 32, RAYPy_Simulation_bessy3_56m_PGM_2Perc_coupling_errors_off_RP/round_5/12_bessy3_56m_PGM_2Perc_coupling_errors_off_RP.rml
2025-02-08 01:32:06,465 - INFO - Completed: 29, remaining: 31, RAYPy_Simulation_bessy3_56m_PGM_2Perc_coupling_errors_off_RP/round_5/14_bessy3_56m_PGM_2Perc_coupling_errors_off_RP.rml
2025-02-08 01:32:06,646 - INFO - Completed: 30, remaining: 30, RAYPy_Simulation_bessy3_56m_PGM_2Perc_coupling_errors_off_RP/round_5/15_bessy3_56m_PGM_2Perc_coupling_errors_off_RP.rml
2025-02-08 01:32:06,791 - INFO - Completed: 31, remaining: 29, RAYPy_Simulation_bessy3_56m_PGM_2Perc_coupling_errors_off_RP/round_5/17_bessy3_56m_PGM_2Perc_coupling_errors_off_RP.rml
2025-02-08 01:32:06,817 - INFO - Completed: 32, remaining: 28, RAYPy_Simulation_bessy3_56m_PGM_2Perc_coupling_errors_off_RP/round_5/13_bessy3_56m_PGM_2Perc_coupling_errors_off_RP.rml
2025-02-08 01:32:06,849 - INFO - Completed: 33, remaining: 27, RAYPy_Simulation_bessy3_56m_PGM_2Perc_coupling_errors_off_RP/round_5/16_bessy3_56m_PGM_2Perc_coupling_errors_off_RP.rml
2025-02-08 01:32:08,755 - INFO - Completed: 34, remaining: 26, RAYPy_Simulation_bessy3_56m_PGM_2Perc_coupling_errors_off_RP/round_5/20_bessy3_56m_PGM_2Perc_coupling_errors_off_RP.rml
2025-02-08 01:32:08,979 - INFO - Completed: 35, remaining: 25, RAYPy_Simulation_bessy3_56m_PGM_2Perc_coupling_errors_off_RP/round_5/18_bessy3_56m_PGM_2Perc_coupling_errors_off_RP.rml
2025-02-08 01:32:09,027 - INFO - Completed: 36, remaining: 24, RAYPy_Simulation_bessy3_56m_PGM_2Perc_coupling_errors_off_RP/round_5/19_bessy3_56m_PGM_2Perc_coupling_errors_off_RP.rml
2025-02-08 01:32:09,173 - INFO - Completed: 37, remaining: 23, RAYPy_Simulation_bessy3_56m_PGM_2Perc_coupling_errors_off_RP/round_5/21_bessy3_56m_PGM_2Perc_coupling_errors_off_RP.rml
2025-02-08 01:32:09,410 - INFO - Completed: 38, remaining: 22, RAYPy_Simulation_bessy3_56m_PGM_2Perc_coupling_errors_off_RP/round_5/22_bessy3_56m_PGM_2Perc_coupling_errors_off_RP.rml
2025-02-08 01:32:09,467 - INFO - Completed: 39, remaining: 21, RAYPy_Simulation_bessy3_56m_PGM_2Perc_coupling_errors_off_RP/round_5/23_bessy3_56m_PGM_2Perc_coupling_errors_off_RP.rml
2025-02-08 01:32:09,521 - INFO - Completed: 40, remaining: 20, RAYPy_Simulation_bessy3_56m_PGM_2Perc_coupling_errors_off_RP/round_5/24_bessy3_56m_PGM_2Perc_coupling_errors_off_RP.rml
2025-02-08 01:32:09,754 - INFO - Completed: 41, remaining: 19, RAYPy_Simulation_bessy3_56m_PGM_2Perc_coupling_errors_off_RP/round_5/25_bessy3_56m_PGM_2Perc_coupling_errors_off_RP.rml
2025-02-08 01:32:09,963 - INFO - Completed: 42, remaining: 18, RAYPy_Simulation_bessy3_56m_PGM_2Perc_coupling_errors_off_RP/round_5/26_bessy3_56m_PGM_2Perc_coupling_errors_off_RP.rml
2025-02-08 01:32:10,092 - INFO - Completed: 43, remaining: 17, RAYPy_Simulation_bessy3_56m_PGM_2Perc_coupling_errors_off_RP/round_5/28_bessy3_56m_PGM_2Perc_coupling_errors_off_RP.rml
2025-02-08 01:32:10,203 - INFO - Completed: 44, remaining: 16, RAYPy_Simulation_bessy3_56m_PGM_2Perc_coupling_errors_off_RP/round_5/29_bessy3_56m_PGM_2Perc_coupling_errors_off_RP.rml
2025-02-08 01:32:10,597 - INFO - Completed: 45, remaining: 15, RAYPy_Simulation_bessy3_56m_PGM_2Perc_coupling_errors_off_RP/round_5/27_bessy3_56m_PGM_2Perc_coupling_errors_off_RP.rml
2025-02-08 01:32:12,334 - INFO - Completed: 46, remaining: 14, RAYPy_Simulation_bessy3_56m_PGM_2Perc_coupling_errors_off_RP/round_5/30_bessy3_56m_PGM_2Perc_coupling_errors_off_RP.rml
2025-02-08 01:32:12,813 - INFO - Completed: 47, remaining: 13, RAYPy_Simulation_bessy3_56m_PGM_2Perc_coupling_errors_off_RP/round_5/32_bessy3_56m_PGM_2Perc_coupling_errors_off_RP.rml
2025-02-08 01:32:12,903 - INFO - Completed: 48, remaining: 12, RAYPy_Simulation_bessy3_56m_PGM_2Perc_coupling_errors_off_RP/round_5/33_bessy3_56m_PGM_2Perc_coupling_errors_off_RP.rml
2025-02-08 01:32:12,925 - INFO - Completed: 49, remaining: 11, RAYPy_Simulation_bessy3_56m_PGM_2Perc_coupling_errors_off_RP/round_5/31_bessy3_56m_PGM_2Perc_coupling_errors_off_RP.rml
2025-02-08 01:32:13,010 - INFO - Completed: 50, remaining: 10, RAYPy_Simulation_bessy3_56m_PGM_2Perc_coupling_errors_off_RP/round_5/34_bessy3_56m_PGM_2Perc_coupling_errors_off_RP.rml
2025-02-08 01:32:13,150 - INFO - Completed: 51, remaining: 9, RAYPy_Simulation_bessy3_56m_PGM_2Perc_coupling_errors_off_RP/round_5/36_bessy3_56m_PGM_2Perc_coupling_errors_off_RP.rml
2025-02-08 01:32:13,294 - INFO - Completed: 52, remaining: 8, RAYPy_Simulation_bessy3_56m_PGM_2Perc_coupling_errors_off_RP/round_5/35_bessy3_56m_PGM_2Perc_coupling_errors_off_RP.rml
2025-02-08 01:32:13,468 - INFO - Completed: 53, remaining: 7, RAYPy_Simulation_bessy3_56m_PGM_2Perc_coupling_errors_off_RP/round_5/37_bessy3_56m_PGM_2Perc_coupling_errors_off_RP.rml
2025-02-08 01:32:13,641 - INFO - Completed: 54, remaining: 6, RAYPy_Simulation_bessy3_56m_PGM_2Perc_coupling_errors_off_RP/round_5/39_bessy3_56m_PGM_2Perc_coupling_errors_off_RP.rml
2025-02-08 01:32:13,750 - INFO - Completed: 55, remaining: 5, RAYPy_Simulation_bessy3_56m_PGM_2Perc_coupling_errors_off_RP/round_5/40_bessy3_56m_PGM_2Perc_coupling_errors_off_RP.rml
2025-02-08 01:32:13,790 - INFO - Completed: 56, remaining: 4, RAYPy_Simulation_bessy3_56m_PGM_2Perc_coupling_errors_off_RP/round_5/38_bessy3_56m_PGM_2Perc_coupling_errors_off_RP.rml
2025-02-08 01:32:14,122 - INFO - Completed: 57, remaining: 3, RAYPy_Simulation_bessy3_56m_PGM_2Perc_coupling_errors_off_RP/round_5/41_bessy3_56m_PGM_2Perc_coupling_errors_off_RP.rml
2025-02-08 01:32:14,717 - INFO - Completed: 58, remaining: 2, RAYPy_Simulation_bessy3_56m_PGM_2Perc_coupling_errors_off_RP/round_5/42_bessy3_56m_PGM_2Perc_coupling_errors_off_RP.rml
2025-02-08 01:32:14,936 - INFO - Completed: 59, remaining: 1, RAYPy_Simulation_bessy3_56m_PGM_2Perc_coupling_errors_off_RP/round_5/43_bessy3_56m_PGM_2Perc_coupling_errors_off_RP.rml
2025-02-08 01:32:15,062 - INFO - Completed: 60, remaining: 0, RAYPy_Simulation_bessy3_56m_PGM_2Perc_coupling_errors_off_RP/round_5/44_bessy3_56m_PGM_2Perc_coupling_errors_off_RP.rml
2025-02-08 01:32:15,063 - INFO - Batch Completed
2025-02-08 01:32:15,063 - INFO - Waiting For batch, 60 simulations to go
2025-02-08 01:32:15,069 - INFO - Prepared sim number: 45: RAYPy_Simulation_bessy3_56m_PGM_2Perc_coupling_errors_off_RP/round_5/45_bessy3_56m_PGM_2Perc_coupling_errors_off_RP.rml
2025-02-08 01:32:15,079 - INFO - Prepared sim number: 46: RAYPy_Simulation_bessy3_56m_PGM_2Perc_coupling_errors_off_RP/round_5/46_bessy3_56m_PGM_2Perc_coupling_errors_off_RP.rml
2025-02-08 01:32:15,085 - INFO - Prepared sim number: 47: RAYPy_Simulation_bessy3_56m_PGM_2Perc_coupling_errors_off_RP/round_5/47_bessy3_56m_PGM_2Perc_coupling_errors_off_RP.rml
2025-02-08 01:32:15,091 - INFO - Prepared sim number: 48: RAYPy_Simulation_bessy3_56m_PGM_2Perc_coupling_errors_off_RP/round_5/48_bessy3_56m_PGM_2Perc_coupling_errors_off_RP.rml
2025-02-08 01:32:15,096 - INFO - Prepared sim number: 49: RAYPy_Simulation_bessy3_56m_PGM_2Perc_coupling_errors_off_RP/round_5/49_bessy3_56m_PGM_2Perc_coupling_errors_off_RP.rml
2025-02-08 01:32:15,102 - INFO - Prepared sim number: 50: RAYPy_Simulation_bessy3_56m_PGM_2Perc_coupling_errors_off_RP/round_5/50_bessy3_56m_PGM_2Perc_coupling_errors_off_RP.rml
2025-02-08 01:32:15,108 - INFO - Prepared sim number: 51: RAYPy_Simulation_bessy3_56m_PGM_2Perc_coupling_errors_off_RP/round_5/51_bessy3_56m_PGM_2Perc_coupling_errors_off_RP.rml
2025-02-08 01:32:15,116 - INFO - Prepared sim number: 52: RAYPy_Simulation_bessy3_56m_PGM_2Perc_coupling_errors_off_RP/round_5/52_bessy3_56m_PGM_2Perc_coupling_errors_off_RP.rml
2025-02-08 01:32:15,121 - INFO - Prepared sim number: 53: RAYPy_Simulation_bessy3_56m_PGM_2Perc_coupling_errors_off_RP/round_5/53_bessy3_56m_PGM_2Perc_coupling_errors_off_RP.rml
2025-02-08 01:32:15,127 - INFO - Prepared sim number: 54: RAYPy_Simulation_bessy3_56m_PGM_2Perc_coupling_errors_off_RP/round_5/54_bessy3_56m_PGM_2Perc_coupling_errors_off_RP.rml
2025-02-08 01:32:15,132 - INFO - Prepared sim number: 55: RAYPy_Simulation_bessy3_56m_PGM_2Perc_coupling_errors_off_RP/round_5/55_bessy3_56m_PGM_2Perc_coupling_errors_off_RP.rml
2025-02-08 01:32:15,138 - INFO - Prepared sim number: 56: RAYPy_Simulation_bessy3_56m_PGM_2Perc_coupling_errors_off_RP/round_5/56_bessy3_56m_PGM_2Perc_coupling_errors_off_RP.rml
2025-02-08 01:32:15,143 - INFO - Prepared sim number: 57: RAYPy_Simulation_bessy3_56m_PGM_2Perc_coupling_errors_off_RP/round_5/57_bessy3_56m_PGM_2Perc_coupling_errors_off_RP.rml
2025-02-08 01:32:15,149 - INFO - Prepared sim number: 58: RAYPy_Simulation_bessy3_56m_PGM_2Perc_coupling_errors_off_RP/round_5/58_bessy3_56m_PGM_2Perc_coupling_errors_off_RP.rml
2025-02-08 01:32:15,153 - INFO - Prepared sim number: 59: RAYPy_Simulation_bessy3_56m_PGM_2Perc_coupling_errors_off_RP/round_5/59_bessy3_56m_PGM_2Perc_coupling_errors_off_RP.rml
2025-02-08 01:32:15,159 - INFO - Prepared sim number: 60: RAYPy_Simulation_bessy3_56m_PGM_2Perc_coupling_errors_off_RP/round_5/60_bessy3_56m_PGM_2Perc_coupling_errors_off_RP.rml
2025-02-08 01:32:15,164 - INFO - Prepared sim number: 61: RAYPy_Simulation_bessy3_56m_PGM_2Perc_coupling_errors_off_RP/round_5/61_bessy3_56m_PGM_2Perc_coupling_errors_off_RP.rml
2025-02-08 01:32:15,169 - INFO - Prepared sim number: 62: RAYPy_Simulation_bessy3_56m_PGM_2Perc_coupling_errors_off_RP/round_5/62_bessy3_56m_PGM_2Perc_coupling_errors_off_RP.rml
2025-02-08 01:32:15,174 - INFO - Prepared sim number: 63: RAYPy_Simulation_bessy3_56m_PGM_2Perc_coupling_errors_off_RP/round_5/63_bessy3_56m_PGM_2Perc_coupling_errors_off_RP.rml
2025-02-08 01:32:15,179 - INFO - Prepared sim number: 64: RAYPy_Simulation_bessy3_56m_PGM_2Perc_coupling_errors_off_RP/round_5/64_bessy3_56m_PGM_2Perc_coupling_errors_off_RP.rml
2025-02-08 01:32:15,184 - INFO - Prepared sim number: 65: RAYPy_Simulation_bessy3_56m_PGM_2Perc_coupling_errors_off_RP/round_5/65_bessy3_56m_PGM_2Perc_coupling_errors_off_RP.rml
2025-02-08 01:32:15,189 - INFO - Prepared sim number: 66: RAYPy_Simulation_bessy3_56m_PGM_2Perc_coupling_errors_off_RP/round_5/66_bessy3_56m_PGM_2Perc_coupling_errors_off_RP.rml
2025-02-08 01:32:15,193 - INFO - Prepared sim number: 67: RAYPy_Simulation_bessy3_56m_PGM_2Perc_coupling_errors_off_RP/round_5/67_bessy3_56m_PGM_2Perc_coupling_errors_off_RP.rml
2025-02-08 01:32:15,199 - INFO - Prepared sim number: 68: RAYPy_Simulation_bessy3_56m_PGM_2Perc_coupling_errors_off_RP/round_5/68_bessy3_56m_PGM_2Perc_coupling_errors_off_RP.rml
2025-02-08 01:32:15,204 - INFO - Prepared sim number: 69: RAYPy_Simulation_bessy3_56m_PGM_2Perc_coupling_errors_off_RP/round_5/69_bessy3_56m_PGM_2Perc_coupling_errors_off_RP.rml
2025-02-08 01:32:15,209 - INFO - Prepared sim number: 70: RAYPy_Simulation_bessy3_56m_PGM_2Perc_coupling_errors_off_RP/round_5/70_bessy3_56m_PGM_2Perc_coupling_errors_off_RP.rml
2025-02-08 01:32:15,214 - INFO - Prepared sim number: 71: RAYPy_Simulation_bessy3_56m_PGM_2Perc_coupling_errors_off_RP/round_5/71_bessy3_56m_PGM_2Perc_coupling_errors_off_RP.rml
2025-02-08 01:32:15,219 - INFO - Prepared sim number: 72: RAYPy_Simulation_bessy3_56m_PGM_2Perc_coupling_errors_off_RP/round_5/72_bessy3_56m_PGM_2Perc_coupling_errors_off_RP.rml
2025-02-08 01:32:15,224 - INFO - Prepared sim number: 73: RAYPy_Simulation_bessy3_56m_PGM_2Perc_coupling_errors_off_RP/round_5/73_bessy3_56m_PGM_2Perc_coupling_errors_off_RP.rml
2025-02-08 01:32:15,229 - INFO - Prepared sim number: 74: RAYPy_Simulation_bessy3_56m_PGM_2Perc_coupling_errors_off_RP/round_5/74_bessy3_56m_PGM_2Perc_coupling_errors_off_RP.rml
2025-02-08 01:32:15,234 - INFO - Prepared sim number: 75: RAYPy_Simulation_bessy3_56m_PGM_2Perc_coupling_errors_off_RP/round_5/75_bessy3_56m_PGM_2Perc_coupling_errors_off_RP.rml
2025-02-08 01:32:15,240 - INFO - Prepared sim number: 76: RAYPy_Simulation_bessy3_56m_PGM_2Perc_coupling_errors_off_RP/round_5/76_bessy3_56m_PGM_2Perc_coupling_errors_off_RP.rml
2025-02-08 01:32:15,245 - INFO - Prepared sim number: 77: RAYPy_Simulation_bessy3_56m_PGM_2Perc_coupling_errors_off_RP/round_5/77_bessy3_56m_PGM_2Perc_coupling_errors_off_RP.rml
2025-02-08 01:32:15,249 - INFO - Prepared sim number: 78: RAYPy_Simulation_bessy3_56m_PGM_2Perc_coupling_errors_off_RP/round_5/78_bessy3_56m_PGM_2Perc_coupling_errors_off_RP.rml
2025-02-08 01:32:15,254 - INFO - Prepared sim number: 79: RAYPy_Simulation_bessy3_56m_PGM_2Perc_coupling_errors_off_RP/round_5/79_bessy3_56m_PGM_2Perc_coupling_errors_off_RP.rml
2025-02-08 01:32:15,260 - INFO - Prepared sim number: 80: RAYPy_Simulation_bessy3_56m_PGM_2Perc_coupling_errors_off_RP/round_5/80_bessy3_56m_PGM_2Perc_coupling_errors_off_RP.rml
2025-02-08 01:32:15,265 - INFO - Prepared sim number: 81: RAYPy_Simulation_bessy3_56m_PGM_2Perc_coupling_errors_off_RP/round_5/81_bessy3_56m_PGM_2Perc_coupling_errors_off_RP.rml
2025-02-08 01:32:15,272 - INFO - Prepared sim number: 82: RAYPy_Simulation_bessy3_56m_PGM_2Perc_coupling_errors_off_RP/round_5/82_bessy3_56m_PGM_2Perc_coupling_errors_off_RP.rml
2025-02-08 01:32:15,281 - INFO - Prepared sim number: 83: RAYPy_Simulation_bessy3_56m_PGM_2Perc_coupling_errors_off_RP/round_5/83_bessy3_56m_PGM_2Perc_coupling_errors_off_RP.rml
2025-02-08 01:32:15,287 - INFO - Prepared sim number: 84: RAYPy_Simulation_bessy3_56m_PGM_2Perc_coupling_errors_off_RP/round_5/84_bessy3_56m_PGM_2Perc_coupling_errors_off_RP.rml
2025-02-08 01:32:15,292 - INFO - Prepared sim number: 85: RAYPy_Simulation_bessy3_56m_PGM_2Perc_coupling_errors_off_RP/round_5/85_bessy3_56m_PGM_2Perc_coupling_errors_off_RP.rml
2025-02-08 01:32:15,297 - INFO - Prepared sim number: 86: RAYPy_Simulation_bessy3_56m_PGM_2Perc_coupling_errors_off_RP/round_5/86_bessy3_56m_PGM_2Perc_coupling_errors_off_RP.rml
2025-02-08 01:32:15,302 - INFO - Prepared sim number: 87: RAYPy_Simulation_bessy3_56m_PGM_2Perc_coupling_errors_off_RP/round_5/87_bessy3_56m_PGM_2Perc_coupling_errors_off_RP.rml
2025-02-08 01:32:15,307 - INFO - Prepared sim number: 88: RAYPy_Simulation_bessy3_56m_PGM_2Perc_coupling_errors_off_RP/round_5/88_bessy3_56m_PGM_2Perc_coupling_errors_off_RP.rml
2025-02-08 01:32:15,313 - INFO - Prepared sim number: 89: RAYPy_Simulation_bessy3_56m_PGM_2Perc_coupling_errors_off_RP/round_5/89_bessy3_56m_PGM_2Perc_coupling_errors_off_RP.rml
2025-02-08 01:32:15,318 - INFO - Prepared sim number: 90: RAYPy_Simulation_bessy3_56m_PGM_2Perc_coupling_errors_off_RP/round_5/90_bessy3_56m_PGM_2Perc_coupling_errors_off_RP.rml
2025-02-08 01:32:15,324 - INFO - Prepared sim number: 91: RAYPy_Simulation_bessy3_56m_PGM_2Perc_coupling_errors_off_RP/round_5/91_bessy3_56m_PGM_2Perc_coupling_errors_off_RP.rml
2025-02-08 01:32:15,331 - INFO - Prepared sim number: 92: RAYPy_Simulation_bessy3_56m_PGM_2Perc_coupling_errors_off_RP/round_5/92_bessy3_56m_PGM_2Perc_coupling_errors_off_RP.rml
2025-02-08 01:32:15,336 - INFO - Prepared sim number: 93: RAYPy_Simulation_bessy3_56m_PGM_2Perc_coupling_errors_off_RP/round_5/93_bessy3_56m_PGM_2Perc_coupling_errors_off_RP.rml
2025-02-08 01:32:15,341 - INFO - Prepared sim number: 94: RAYPy_Simulation_bessy3_56m_PGM_2Perc_coupling_errors_off_RP/round_5/94_bessy3_56m_PGM_2Perc_coupling_errors_off_RP.rml
2025-02-08 01:32:15,347 - INFO - Prepared sim number: 95: RAYPy_Simulation_bessy3_56m_PGM_2Perc_coupling_errors_off_RP/round_5/95_bessy3_56m_PGM_2Perc_coupling_errors_off_RP.rml
2025-02-08 01:32:15,351 - INFO - Prepared sim number: 96: RAYPy_Simulation_bessy3_56m_PGM_2Perc_coupling_errors_off_RP/round_5/96_bessy3_56m_PGM_2Perc_coupling_errors_off_RP.rml
2025-02-08 01:32:15,356 - INFO - Prepared sim number: 97: RAYPy_Simulation_bessy3_56m_PGM_2Perc_coupling_errors_off_RP/round_5/97_bessy3_56m_PGM_2Perc_coupling_errors_off_RP.rml
2025-02-08 01:32:15,362 - INFO - Prepared sim number: 98: RAYPy_Simulation_bessy3_56m_PGM_2Perc_coupling_errors_off_RP/round_5/98_bessy3_56m_PGM_2Perc_coupling_errors_off_RP.rml
2025-02-08 01:32:15,367 - INFO - Prepared sim number: 99: RAYPy_Simulation_bessy3_56m_PGM_2Perc_coupling_errors_off_RP/round_5/99_bessy3_56m_PGM_2Perc_coupling_errors_off_RP.rml
2025-02-08 01:32:15,372 - INFO - Prepared sim number: 100: RAYPy_Simulation_bessy3_56m_PGM_2Perc_coupling_errors_off_RP/round_5/100_bessy3_56m_PGM_2Perc_coupling_errors_off_RP.rml
2025-02-08 01:32:15,377 - INFO - Prepared sim number: 101: RAYPy_Simulation_bessy3_56m_PGM_2Perc_coupling_errors_off_RP/round_5/101_bessy3_56m_PGM_2Perc_coupling_errors_off_RP.rml
2025-02-08 01:32:15,382 - INFO - Prepared sim number: 102: RAYPy_Simulation_bessy3_56m_PGM_2Perc_coupling_errors_off_RP/round_5/102_bessy3_56m_PGM_2Perc_coupling_errors_off_RP.rml
2025-02-08 01:32:15,388 - INFO - Prepared sim number: 103: RAYPy_Simulation_bessy3_56m_PGM_2Perc_coupling_errors_off_RP/round_5/103_bessy3_56m_PGM_2Perc_coupling_errors_off_RP.rml
2025-02-08 01:32:15,392 - INFO - Prepared sim number: 104: RAYPy_Simulation_bessy3_56m_PGM_2Perc_coupling_errors_off_RP/round_5/104_bessy3_56m_PGM_2Perc_coupling_errors_off_RP.rml
2025-02-08 01:32:15,393 - INFO - Waiting for batch number: 11, timeout: 20.73488981290297s
2025-02-08 01:32:17,747 - INFO - Completed: 1, remaining: 59, RAYPy_Simulation_bessy3_56m_PGM_2Perc_coupling_errors_off_RP/round_5/49_bessy3_56m_PGM_2Perc_coupling_errors_off_RP.rml
2025-02-08 01:32:17,814 - INFO - Completed: 2, remaining: 58, RAYPy_Simulation_bessy3_56m_PGM_2Perc_coupling_errors_off_RP/round_5/50_bessy3_56m_PGM_2Perc_coupling_errors_off_RP.rml
2025-02-08 01:32:18,008 - INFO - Completed: 3, remaining: 57, RAYPy_Simulation_bessy3_56m_PGM_2Perc_coupling_errors_off_RP/round_5/46_bessy3_56m_PGM_2Perc_coupling_errors_off_RP.rml
2025-02-08 01:32:18,030 - INFO - Completed: 4, remaining: 56, RAYPy_Simulation_bessy3_56m_PGM_2Perc_coupling_errors_off_RP/round_5/56_bessy3_56m_PGM_2Perc_coupling_errors_off_RP.rml
2025-02-08 01:32:18,123 - INFO - Completed: 5, remaining: 55, RAYPy_Simulation_bessy3_56m_PGM_2Perc_coupling_errors_off_RP/round_5/48_bessy3_56m_PGM_2Perc_coupling_errors_off_RP.rml
2025-02-08 01:32:18,152 - INFO - Completed: 6, remaining: 54, RAYPy_Simulation_bessy3_56m_PGM_2Perc_coupling_errors_off_RP/round_5/47_bessy3_56m_PGM_2Perc_coupling_errors_off_RP.rml
2025-02-08 01:32:18,345 - INFO - Completed: 7, remaining: 53, RAYPy_Simulation_bessy3_56m_PGM_2Perc_coupling_errors_off_RP/round_5/51_bessy3_56m_PGM_2Perc_coupling_errors_off_RP.rml
2025-02-08 01:32:18,833 - INFO - Completed: 8, remaining: 52, RAYPy_Simulation_bessy3_56m_PGM_2Perc_coupling_errors_off_RP/round_5/55_bessy3_56m_PGM_2Perc_coupling_errors_off_RP.rml
2025-02-08 01:32:20,278 - INFO - Completed: 9, remaining: 51, RAYPy_Simulation_bessy3_56m_PGM_2Perc_coupling_errors_off_RP/round_5/53_bessy3_56m_PGM_2Perc_coupling_errors_off_RP.rml
2025-02-08 01:32:20,335 - INFO - Completed: 10, remaining: 50, RAYPy_Simulation_bessy3_56m_PGM_2Perc_coupling_errors_off_RP/round_5/45_bessy3_56m_PGM_2Perc_coupling_errors_off_RP.rml
2025-02-08 01:32:20,459 - INFO - Completed: 11, remaining: 49, RAYPy_Simulation_bessy3_56m_PGM_2Perc_coupling_errors_off_RP/round_5/54_bessy3_56m_PGM_2Perc_coupling_errors_off_RP.rml
2025-02-08 01:32:20,546 - INFO - Completed: 12, remaining: 48, RAYPy_Simulation_bessy3_56m_PGM_2Perc_coupling_errors_off_RP/round_5/52_bessy3_56m_PGM_2Perc_coupling_errors_off_RP.rml
2025-02-08 01:32:20,801 - INFO - Completed: 13, remaining: 47, RAYPy_Simulation_bessy3_56m_PGM_2Perc_coupling_errors_off_RP/round_5/57_bessy3_56m_PGM_2Perc_coupling_errors_off_RP.rml
2025-02-08 01:32:20,805 - INFO - Completed: 14, remaining: 46, RAYPy_Simulation_bessy3_56m_PGM_2Perc_coupling_errors_off_RP/round_5/58_bessy3_56m_PGM_2Perc_coupling_errors_off_RP.rml
2025-02-08 01:32:21,102 - INFO - Completed: 15, remaining: 45, RAYPy_Simulation_bessy3_56m_PGM_2Perc_coupling_errors_off_RP/round_5/61_bessy3_56m_PGM_2Perc_coupling_errors_off_RP.rml
2025-02-08 01:32:21,313 - INFO - Completed: 16, remaining: 44, RAYPy_Simulation_bessy3_56m_PGM_2Perc_coupling_errors_off_RP/round_5/59_bessy3_56m_PGM_2Perc_coupling_errors_off_RP.rml
2025-02-08 01:32:21,341 - INFO - Completed: 17, remaining: 43, RAYPy_Simulation_bessy3_56m_PGM_2Perc_coupling_errors_off_RP/round_5/63_bessy3_56m_PGM_2Perc_coupling_errors_off_RP.rml
2025-02-08 01:32:21,428 - INFO - Completed: 18, remaining: 42, RAYPy_Simulation_bessy3_56m_PGM_2Perc_coupling_errors_off_RP/round_5/60_bessy3_56m_PGM_2Perc_coupling_errors_off_RP.rml
2025-02-08 01:32:21,550 - INFO - Completed: 19, remaining: 41, RAYPy_Simulation_bessy3_56m_PGM_2Perc_coupling_errors_off_RP/round_5/62_bessy3_56m_PGM_2Perc_coupling_errors_off_RP.rml
2025-02-08 01:32:21,887 - INFO - Completed: 20, remaining: 40, RAYPy_Simulation_bessy3_56m_PGM_2Perc_coupling_errors_off_RP/round_5/64_bessy3_56m_PGM_2Perc_coupling_errors_off_RP.rml
2025-02-08 01:32:23,765 - INFO - Completed: 21, remaining: 39, RAYPy_Simulation_bessy3_56m_PGM_2Perc_coupling_errors_off_RP/round_5/67_bessy3_56m_PGM_2Perc_coupling_errors_off_RP.rml
2025-02-08 01:32:23,852 - INFO - Completed: 22, remaining: 38, RAYPy_Simulation_bessy3_56m_PGM_2Perc_coupling_errors_off_RP/round_5/65_bessy3_56m_PGM_2Perc_coupling_errors_off_RP.rml
2025-02-08 01:32:24,202 - INFO - Completed: 23, remaining: 37, RAYPy_Simulation_bessy3_56m_PGM_2Perc_coupling_errors_off_RP/round_5/69_bessy3_56m_PGM_2Perc_coupling_errors_off_RP.rml
2025-02-08 01:32:24,251 - INFO - Completed: 24, remaining: 36, RAYPy_Simulation_bessy3_56m_PGM_2Perc_coupling_errors_off_RP/round_5/68_bessy3_56m_PGM_2Perc_coupling_errors_off_RP.rml
2025-02-08 01:32:24,289 - INFO - Completed: 25, remaining: 35, RAYPy_Simulation_bessy3_56m_PGM_2Perc_coupling_errors_off_RP/round_5/70_bessy3_56m_PGM_2Perc_coupling_errors_off_RP.rml
2025-02-08 01:32:24,706 - INFO - Completed: 26, remaining: 34, RAYPy_Simulation_bessy3_56m_PGM_2Perc_coupling_errors_off_RP/round_5/66_bessy3_56m_PGM_2Perc_coupling_errors_off_RP.rml
2025-02-08 01:32:24,716 - INFO - Completed: 27, remaining: 33, RAYPy_Simulation_bessy3_56m_PGM_2Perc_coupling_errors_off_RP/round_5/71_bessy3_56m_PGM_2Perc_coupling_errors_off_RP.rml
2025-02-08 01:32:24,817 - INFO - Completed: 28, remaining: 32, RAYPy_Simulation_bessy3_56m_PGM_2Perc_coupling_errors_off_RP/round_5/72_bessy3_56m_PGM_2Perc_coupling_errors_off_RP.rml
2025-02-08 01:32:24,942 - INFO - Completed: 29, remaining: 31, RAYPy_Simulation_bessy3_56m_PGM_2Perc_coupling_errors_off_RP/round_5/74_bessy3_56m_PGM_2Perc_coupling_errors_off_RP.rml
2025-02-08 01:32:24,996 - INFO - Completed: 30, remaining: 30, RAYPy_Simulation_bessy3_56m_PGM_2Perc_coupling_errors_off_RP/round_5/73_bessy3_56m_PGM_2Perc_coupling_errors_off_RP.rml
2025-02-08 01:32:25,101 - INFO - Completed: 31, remaining: 29, RAYPy_Simulation_bessy3_56m_PGM_2Perc_coupling_errors_off_RP/round_5/75_bessy3_56m_PGM_2Perc_coupling_errors_off_RP.rml
2025-02-08 01:32:25,324 - INFO - Completed: 32, remaining: 28, RAYPy_Simulation_bessy3_56m_PGM_2Perc_coupling_errors_off_RP/round_5/76_bessy3_56m_PGM_2Perc_coupling_errors_off_RP.rml
2025-02-08 01:32:27,077 - INFO - Completed: 33, remaining: 27, RAYPy_Simulation_bessy3_56m_PGM_2Perc_coupling_errors_off_RP/round_5/77_bessy3_56m_PGM_2Perc_coupling_errors_off_RP.rml
2025-02-08 01:32:27,260 - INFO - Completed: 34, remaining: 26, RAYPy_Simulation_bessy3_56m_PGM_2Perc_coupling_errors_off_RP/round_5/78_bessy3_56m_PGM_2Perc_coupling_errors_off_RP.rml
2025-02-08 01:32:27,486 - INFO - Completed: 35, remaining: 25, RAYPy_Simulation_bessy3_56m_PGM_2Perc_coupling_errors_off_RP/round_5/79_bessy3_56m_PGM_2Perc_coupling_errors_off_RP.rml
2025-02-08 01:32:27,751 - INFO - Completed: 36, remaining: 24, RAYPy_Simulation_bessy3_56m_PGM_2Perc_coupling_errors_off_RP/round_5/81_bessy3_56m_PGM_2Perc_coupling_errors_off_RP.rml
2025-02-08 01:32:27,887 - INFO - Completed: 37, remaining: 23, RAYPy_Simulation_bessy3_56m_PGM_2Perc_coupling_errors_off_RP/round_5/82_bessy3_56m_PGM_2Perc_coupling_errors_off_RP.rml
2025-02-08 01:32:27,969 - INFO - Completed: 38, remaining: 22, RAYPy_Simulation_bessy3_56m_PGM_2Perc_coupling_errors_off_RP/round_5/84_bessy3_56m_PGM_2Perc_coupling_errors_off_RP.rml
2025-02-08 01:32:28,216 - INFO - Completed: 39, remaining: 21, RAYPy_Simulation_bessy3_56m_PGM_2Perc_coupling_errors_off_RP/round_5/85_bessy3_56m_PGM_2Perc_coupling_errors_off_RP.rml
2025-02-08 01:32:28,243 - INFO - Completed: 40, remaining: 20, RAYPy_Simulation_bessy3_56m_PGM_2Perc_coupling_errors_off_RP/round_5/86_bessy3_56m_PGM_2Perc_coupling_errors_off_RP.rml
2025-02-08 01:32:28,334 - INFO - Completed: 41, remaining: 19, RAYPy_Simulation_bessy3_56m_PGM_2Perc_coupling_errors_off_RP/round_5/87_bessy3_56m_PGM_2Perc_coupling_errors_off_RP.rml
2025-02-08 01:32:28,527 - INFO - Completed: 42, remaining: 18, RAYPy_Simulation_bessy3_56m_PGM_2Perc_coupling_errors_off_RP/round_5/83_bessy3_56m_PGM_2Perc_coupling_errors_off_RP.rml
2025-02-08 01:32:28,714 - INFO - Completed: 43, remaining: 17, RAYPy_Simulation_bessy3_56m_PGM_2Perc_coupling_errors_off_RP/round_5/80_bessy3_56m_PGM_2Perc_coupling_errors_off_RP.rml
2025-02-08 01:32:28,729 - INFO - Completed: 44, remaining: 16, RAYPy_Simulation_bessy3_56m_PGM_2Perc_coupling_errors_off_RP/round_5/88_bessy3_56m_PGM_2Perc_coupling_errors_off_RP.rml
2025-02-08 01:32:30,327 - INFO - Completed: 45, remaining: 15, RAYPy_Simulation_bessy3_56m_PGM_2Perc_coupling_errors_off_RP/round_5/89_bessy3_56m_PGM_2Perc_coupling_errors_off_RP.rml
2025-02-08 01:32:30,573 - INFO - Completed: 46, remaining: 14, RAYPy_Simulation_bessy3_56m_PGM_2Perc_coupling_errors_off_RP/round_5/90_bessy3_56m_PGM_2Perc_coupling_errors_off_RP.rml
2025-02-08 01:32:30,787 - INFO - Completed: 47, remaining: 13, RAYPy_Simulation_bessy3_56m_PGM_2Perc_coupling_errors_off_RP/round_5/91_bessy3_56m_PGM_2Perc_coupling_errors_off_RP.rml
2025-02-08 01:32:30,902 - INFO - Completed: 48, remaining: 12, RAYPy_Simulation_bessy3_56m_PGM_2Perc_coupling_errors_off_RP/round_5/92_bessy3_56m_PGM_2Perc_coupling_errors_off_RP.rml
2025-02-08 01:32:31,051 - INFO - Completed: 49, remaining: 11, RAYPy_Simulation_bessy3_56m_PGM_2Perc_coupling_errors_off_RP/round_5/93_bessy3_56m_PGM_2Perc_coupling_errors_off_RP.rml
2025-02-08 01:32:31,166 - INFO - Completed: 50, remaining: 10, RAYPy_Simulation_bessy3_56m_PGM_2Perc_coupling_errors_off_RP/round_5/94_bessy3_56m_PGM_2Perc_coupling_errors_off_RP.rml
2025-02-08 01:32:31,336 - INFO - Completed: 51, remaining: 9, RAYPy_Simulation_bessy3_56m_PGM_2Perc_coupling_errors_off_RP/round_5/96_bessy3_56m_PGM_2Perc_coupling_errors_off_RP.rml
2025-02-08 01:32:31,510 - INFO - Completed: 52, remaining: 8, RAYPy_Simulation_bessy3_56m_PGM_2Perc_coupling_errors_off_RP/round_5/95_bessy3_56m_PGM_2Perc_coupling_errors_off_RP.rml
2025-02-08 01:32:31,595 - INFO - Completed: 53, remaining: 7, RAYPy_Simulation_bessy3_56m_PGM_2Perc_coupling_errors_off_RP/round_5/98_bessy3_56m_PGM_2Perc_coupling_errors_off_RP.rml
2025-02-08 01:32:31,621 - INFO - Completed: 54, remaining: 6, RAYPy_Simulation_bessy3_56m_PGM_2Perc_coupling_errors_off_RP/round_5/97_bessy3_56m_PGM_2Perc_coupling_errors_off_RP.rml
2025-02-08 01:32:31,734 - INFO - Completed: 55, remaining: 5, RAYPy_Simulation_bessy3_56m_PGM_2Perc_coupling_errors_off_RP/round_5/100_bessy3_56m_PGM_2Perc_coupling_errors_off_RP.rml
2025-02-08 01:32:31,959 - INFO - Completed: 56, remaining: 4, RAYPy_Simulation_bessy3_56m_PGM_2Perc_coupling_errors_off_RP/round_5/99_bessy3_56m_PGM_2Perc_coupling_errors_off_RP.rml
2025-02-08 01:32:32,733 - INFO - Completed: 57, remaining: 3, RAYPy_Simulation_bessy3_56m_PGM_2Perc_coupling_errors_off_RP/round_5/101_bessy3_56m_PGM_2Perc_coupling_errors_off_RP.rml
2025-02-08 01:32:32,892 - INFO - Completed: 58, remaining: 2, RAYPy_Simulation_bessy3_56m_PGM_2Perc_coupling_errors_off_RP/round_5/102_bessy3_56m_PGM_2Perc_coupling_errors_off_RP.rml
2025-02-08 01:32:33,001 - INFO - Completed: 59, remaining: 1, RAYPy_Simulation_bessy3_56m_PGM_2Perc_coupling_errors_off_RP/round_5/103_bessy3_56m_PGM_2Perc_coupling_errors_off_RP.rml
2025-02-08 01:32:33,139 - INFO - Completed: 60, remaining: 0, RAYPy_Simulation_bessy3_56m_PGM_2Perc_coupling_errors_off_RP/round_5/104_bessy3_56m_PGM_2Perc_coupling_errors_off_RP.rml
2025-02-08 01:32:33,139 - INFO - Batch Completed
2025-02-08 01:32:33,140 - INFO - Waiting For batch, 60 simulations to go
2025-02-08 01:32:33,148 - INFO - Prepared sim number: 105: RAYPy_Simulation_bessy3_56m_PGM_2Perc_coupling_errors_off_RP/round_5/105_bessy3_56m_PGM_2Perc_coupling_errors_off_RP.rml
2025-02-08 01:32:33,162 - INFO - Prepared sim number: 106: RAYPy_Simulation_bessy3_56m_PGM_2Perc_coupling_errors_off_RP/round_5/106_bessy3_56m_PGM_2Perc_coupling_errors_off_RP.rml
2025-02-08 01:32:33,167 - INFO - Prepared sim number: 107: RAYPy_Simulation_bessy3_56m_PGM_2Perc_coupling_errors_off_RP/round_5/107_bessy3_56m_PGM_2Perc_coupling_errors_off_RP.rml
2025-02-08 01:32:33,171 - INFO - Prepared sim number: 108: RAYPy_Simulation_bessy3_56m_PGM_2Perc_coupling_errors_off_RP/round_5/108_bessy3_56m_PGM_2Perc_coupling_errors_off_RP.rml
2025-02-08 01:32:33,174 - INFO - Prepared sim number: 109: RAYPy_Simulation_bessy3_56m_PGM_2Perc_coupling_errors_off_RP/round_5/109_bessy3_56m_PGM_2Perc_coupling_errors_off_RP.rml
2025-02-08 01:32:33,177 - INFO - Prepared sim number: 110: RAYPy_Simulation_bessy3_56m_PGM_2Perc_coupling_errors_off_RP/round_5/110_bessy3_56m_PGM_2Perc_coupling_errors_off_RP.rml
2025-02-08 01:32:33,182 - INFO - Prepared sim number: 111: RAYPy_Simulation_bessy3_56m_PGM_2Perc_coupling_errors_off_RP/round_5/111_bessy3_56m_PGM_2Perc_coupling_errors_off_RP.rml
2025-02-08 01:32:33,186 - INFO - Prepared sim number: 112: RAYPy_Simulation_bessy3_56m_PGM_2Perc_coupling_errors_off_RP/round_5/112_bessy3_56m_PGM_2Perc_coupling_errors_off_RP.rml
2025-02-08 01:32:33,189 - INFO - Prepared sim number: 113: RAYPy_Simulation_bessy3_56m_PGM_2Perc_coupling_errors_off_RP/round_5/113_bessy3_56m_PGM_2Perc_coupling_errors_off_RP.rml
2025-02-08 01:32:33,196 - INFO - Prepared sim number: 114: RAYPy_Simulation_bessy3_56m_PGM_2Perc_coupling_errors_off_RP/round_5/114_bessy3_56m_PGM_2Perc_coupling_errors_off_RP.rml
2025-02-08 01:32:33,201 - INFO - Prepared sim number: 115: RAYPy_Simulation_bessy3_56m_PGM_2Perc_coupling_errors_off_RP/round_5/115_bessy3_56m_PGM_2Perc_coupling_errors_off_RP.rml
2025-02-08 01:32:33,205 - INFO - Prepared sim number: 116: RAYPy_Simulation_bessy3_56m_PGM_2Perc_coupling_errors_off_RP/round_5/116_bessy3_56m_PGM_2Perc_coupling_errors_off_RP.rml
2025-02-08 01:32:33,209 - INFO - Prepared sim number: 117: RAYPy_Simulation_bessy3_56m_PGM_2Perc_coupling_errors_off_RP/round_5/117_bessy3_56m_PGM_2Perc_coupling_errors_off_RP.rml
2025-02-08 01:32:33,213 - INFO - Prepared sim number: 118: RAYPy_Simulation_bessy3_56m_PGM_2Perc_coupling_errors_off_RP/round_5/118_bessy3_56m_PGM_2Perc_coupling_errors_off_RP.rml
2025-02-08 01:32:33,216 - INFO - Prepared sim number: 119: RAYPy_Simulation_bessy3_56m_PGM_2Perc_coupling_errors_off_RP/round_5/119_bessy3_56m_PGM_2Perc_coupling_errors_off_RP.rml
2025-02-08 01:32:33,220 - INFO - Prepared sim number: 120: RAYPy_Simulation_bessy3_56m_PGM_2Perc_coupling_errors_off_RP/round_5/120_bessy3_56m_PGM_2Perc_coupling_errors_off_RP.rml
2025-02-08 01:32:33,223 - INFO - Prepared sim number: 121: RAYPy_Simulation_bessy3_56m_PGM_2Perc_coupling_errors_off_RP/round_5/121_bessy3_56m_PGM_2Perc_coupling_errors_off_RP.rml
2025-02-08 01:32:33,226 - INFO - Prepared sim number: 122: RAYPy_Simulation_bessy3_56m_PGM_2Perc_coupling_errors_off_RP/round_5/122_bessy3_56m_PGM_2Perc_coupling_errors_off_RP.rml
2025-02-08 01:32:33,226 - INFO - Start round 6
2025-02-08 01:32:33,230 - INFO - Prepared sim number: 0: RAYPy_Simulation_bessy3_56m_PGM_2Perc_coupling_errors_off_RP/round_6/0_bessy3_56m_PGM_2Perc_coupling_errors_off_RP.rml
2025-02-08 01:32:33,233 - INFO - Prepared sim number: 1: RAYPy_Simulation_bessy3_56m_PGM_2Perc_coupling_errors_off_RP/round_6/1_bessy3_56m_PGM_2Perc_coupling_errors_off_RP.rml
2025-02-08 01:32:33,237 - INFO - Prepared sim number: 2: RAYPy_Simulation_bessy3_56m_PGM_2Perc_coupling_errors_off_RP/round_6/2_bessy3_56m_PGM_2Perc_coupling_errors_off_RP.rml
2025-02-08 01:32:33,241 - INFO - Prepared sim number: 3: RAYPy_Simulation_bessy3_56m_PGM_2Perc_coupling_errors_off_RP/round_6/3_bessy3_56m_PGM_2Perc_coupling_errors_off_RP.rml
2025-02-08 01:32:33,245 - INFO - Prepared sim number: 4: RAYPy_Simulation_bessy3_56m_PGM_2Perc_coupling_errors_off_RP/round_6/4_bessy3_56m_PGM_2Perc_coupling_errors_off_RP.rml
2025-02-08 01:32:33,249 - INFO - Prepared sim number: 5: RAYPy_Simulation_bessy3_56m_PGM_2Perc_coupling_errors_off_RP/round_6/5_bessy3_56m_PGM_2Perc_coupling_errors_off_RP.rml
2025-02-08 01:32:33,253 - INFO - Prepared sim number: 6: RAYPy_Simulation_bessy3_56m_PGM_2Perc_coupling_errors_off_RP/round_6/6_bessy3_56m_PGM_2Perc_coupling_errors_off_RP.rml
2025-02-08 01:32:33,257 - INFO - Prepared sim number: 7: RAYPy_Simulation_bessy3_56m_PGM_2Perc_coupling_errors_off_RP/round_6/7_bessy3_56m_PGM_2Perc_coupling_errors_off_RP.rml
2025-02-08 01:32:33,261 - INFO - Prepared sim number: 8: RAYPy_Simulation_bessy3_56m_PGM_2Perc_coupling_errors_off_RP/round_6/8_bessy3_56m_PGM_2Perc_coupling_errors_off_RP.rml
2025-02-08 01:32:33,266 - INFO - Prepared sim number: 9: RAYPy_Simulation_bessy3_56m_PGM_2Perc_coupling_errors_off_RP/round_6/9_bessy3_56m_PGM_2Perc_coupling_errors_off_RP.rml
2025-02-08 01:32:33,269 - INFO - Prepared sim number: 10: RAYPy_Simulation_bessy3_56m_PGM_2Perc_coupling_errors_off_RP/round_6/10_bessy3_56m_PGM_2Perc_coupling_errors_off_RP.rml
2025-02-08 01:32:33,273 - INFO - Prepared sim number: 11: RAYPy_Simulation_bessy3_56m_PGM_2Perc_coupling_errors_off_RP/round_6/11_bessy3_56m_PGM_2Perc_coupling_errors_off_RP.rml
2025-02-08 01:32:33,276 - INFO - Prepared sim number: 12: RAYPy_Simulation_bessy3_56m_PGM_2Perc_coupling_errors_off_RP/round_6/12_bessy3_56m_PGM_2Perc_coupling_errors_off_RP.rml
2025-02-08 01:32:33,279 - INFO - Prepared sim number: 13: RAYPy_Simulation_bessy3_56m_PGM_2Perc_coupling_errors_off_RP/round_6/13_bessy3_56m_PGM_2Perc_coupling_errors_off_RP.rml
2025-02-08 01:32:33,282 - INFO - Prepared sim number: 14: RAYPy_Simulation_bessy3_56m_PGM_2Perc_coupling_errors_off_RP/round_6/14_bessy3_56m_PGM_2Perc_coupling_errors_off_RP.rml
2025-02-08 01:32:33,287 - INFO - Prepared sim number: 15: RAYPy_Simulation_bessy3_56m_PGM_2Perc_coupling_errors_off_RP/round_6/15_bessy3_56m_PGM_2Perc_coupling_errors_off_RP.rml
2025-02-08 01:32:33,292 - INFO - Prepared sim number: 16: RAYPy_Simulation_bessy3_56m_PGM_2Perc_coupling_errors_off_RP/round_6/16_bessy3_56m_PGM_2Perc_coupling_errors_off_RP.rml
2025-02-08 01:32:33,297 - INFO - Prepared sim number: 17: RAYPy_Simulation_bessy3_56m_PGM_2Perc_coupling_errors_off_RP/round_6/17_bessy3_56m_PGM_2Perc_coupling_errors_off_RP.rml
2025-02-08 01:32:33,300 - INFO - Prepared sim number: 18: RAYPy_Simulation_bessy3_56m_PGM_2Perc_coupling_errors_off_RP/round_6/18_bessy3_56m_PGM_2Perc_coupling_errors_off_RP.rml
2025-02-08 01:32:33,304 - INFO - Prepared sim number: 19: RAYPy_Simulation_bessy3_56m_PGM_2Perc_coupling_errors_off_RP/round_6/19_bessy3_56m_PGM_2Perc_coupling_errors_off_RP.rml
2025-02-08 01:32:33,307 - INFO - Prepared sim number: 20: RAYPy_Simulation_bessy3_56m_PGM_2Perc_coupling_errors_off_RP/round_6/20_bessy3_56m_PGM_2Perc_coupling_errors_off_RP.rml
2025-02-08 01:32:33,311 - INFO - Prepared sim number: 21: RAYPy_Simulation_bessy3_56m_PGM_2Perc_coupling_errors_off_RP/round_6/21_bessy3_56m_PGM_2Perc_coupling_errors_off_RP.rml
2025-02-08 01:32:33,314 - INFO - Prepared sim number: 22: RAYPy_Simulation_bessy3_56m_PGM_2Perc_coupling_errors_off_RP/round_6/22_bessy3_56m_PGM_2Perc_coupling_errors_off_RP.rml
2025-02-08 01:32:33,319 - INFO - Prepared sim number: 23: RAYPy_Simulation_bessy3_56m_PGM_2Perc_coupling_errors_off_RP/round_6/23_bessy3_56m_PGM_2Perc_coupling_errors_off_RP.rml
2025-02-08 01:32:33,322 - INFO - Prepared sim number: 24: RAYPy_Simulation_bessy3_56m_PGM_2Perc_coupling_errors_off_RP/round_6/24_bessy3_56m_PGM_2Perc_coupling_errors_off_RP.rml
2025-02-08 01:32:33,326 - INFO - Prepared sim number: 25: RAYPy_Simulation_bessy3_56m_PGM_2Perc_coupling_errors_off_RP/round_6/25_bessy3_56m_PGM_2Perc_coupling_errors_off_RP.rml
2025-02-08 01:32:33,330 - INFO - Prepared sim number: 26: RAYPy_Simulation_bessy3_56m_PGM_2Perc_coupling_errors_off_RP/round_6/26_bessy3_56m_PGM_2Perc_coupling_errors_off_RP.rml
2025-02-08 01:32:33,333 - INFO - Prepared sim number: 27: RAYPy_Simulation_bessy3_56m_PGM_2Perc_coupling_errors_off_RP/round_6/27_bessy3_56m_PGM_2Perc_coupling_errors_off_RP.rml
2025-02-08 01:32:33,337 - INFO - Prepared sim number: 28: RAYPy_Simulation_bessy3_56m_PGM_2Perc_coupling_errors_off_RP/round_6/28_bessy3_56m_PGM_2Perc_coupling_errors_off_RP.rml
2025-02-08 01:32:33,340 - INFO - Prepared sim number: 29: RAYPy_Simulation_bessy3_56m_PGM_2Perc_coupling_errors_off_RP/round_6/29_bessy3_56m_PGM_2Perc_coupling_errors_off_RP.rml
2025-02-08 01:32:33,343 - INFO - Prepared sim number: 30: RAYPy_Simulation_bessy3_56m_PGM_2Perc_coupling_errors_off_RP/round_6/30_bessy3_56m_PGM_2Perc_coupling_errors_off_RP.rml
2025-02-08 01:32:33,347 - INFO - Prepared sim number: 31: RAYPy_Simulation_bessy3_56m_PGM_2Perc_coupling_errors_off_RP/round_6/31_bessy3_56m_PGM_2Perc_coupling_errors_off_RP.rml
2025-02-08 01:32:33,350 - INFO - Prepared sim number: 32: RAYPy_Simulation_bessy3_56m_PGM_2Perc_coupling_errors_off_RP/round_6/32_bessy3_56m_PGM_2Perc_coupling_errors_off_RP.rml
2025-02-08 01:32:33,353 - INFO - Prepared sim number: 33: RAYPy_Simulation_bessy3_56m_PGM_2Perc_coupling_errors_off_RP/round_6/33_bessy3_56m_PGM_2Perc_coupling_errors_off_RP.rml
2025-02-08 01:32:33,357 - INFO - Prepared sim number: 34: RAYPy_Simulation_bessy3_56m_PGM_2Perc_coupling_errors_off_RP/round_6/34_bessy3_56m_PGM_2Perc_coupling_errors_off_RP.rml
2025-02-08 01:32:33,361 - INFO - Prepared sim number: 35: RAYPy_Simulation_bessy3_56m_PGM_2Perc_coupling_errors_off_RP/round_6/35_bessy3_56m_PGM_2Perc_coupling_errors_off_RP.rml
2025-02-08 01:32:33,365 - INFO - Prepared sim number: 36: RAYPy_Simulation_bessy3_56m_PGM_2Perc_coupling_errors_off_RP/round_6/36_bessy3_56m_PGM_2Perc_coupling_errors_off_RP.rml
2025-02-08 01:32:33,367 - INFO - Prepared sim number: 37: RAYPy_Simulation_bessy3_56m_PGM_2Perc_coupling_errors_off_RP/round_6/37_bessy3_56m_PGM_2Perc_coupling_errors_off_RP.rml
2025-02-08 01:32:33,371 - INFO - Prepared sim number: 38: RAYPy_Simulation_bessy3_56m_PGM_2Perc_coupling_errors_off_RP/round_6/38_bessy3_56m_PGM_2Perc_coupling_errors_off_RP.rml
2025-02-08 01:32:33,374 - INFO - Prepared sim number: 39: RAYPy_Simulation_bessy3_56m_PGM_2Perc_coupling_errors_off_RP/round_6/39_bessy3_56m_PGM_2Perc_coupling_errors_off_RP.rml
2025-02-08 01:32:33,377 - INFO - Prepared sim number: 40: RAYPy_Simulation_bessy3_56m_PGM_2Perc_coupling_errors_off_RP/round_6/40_bessy3_56m_PGM_2Perc_coupling_errors_off_RP.rml
2025-02-08 01:32:33,381 - INFO - Prepared sim number: 41: RAYPy_Simulation_bessy3_56m_PGM_2Perc_coupling_errors_off_RP/round_6/41_bessy3_56m_PGM_2Perc_coupling_errors_off_RP.rml
2025-02-08 01:32:33,382 - INFO - Waiting for batch number: 12, timeout: 20.66497527360916s
2025-02-08 01:32:35,683 - INFO - Completed: 1, remaining: 59, RAYPy_Simulation_bessy3_56m_PGM_2Perc_coupling_errors_off_RP/round_5/114_bessy3_56m_PGM_2Perc_coupling_errors_off_RP.rml
2025-02-08 01:32:35,792 - INFO - Completed: 2, remaining: 58, RAYPy_Simulation_bessy3_56m_PGM_2Perc_coupling_errors_off_RP/round_5/111_bessy3_56m_PGM_2Perc_coupling_errors_off_RP.rml
2025-02-08 01:32:35,802 - INFO - Completed: 3, remaining: 57, RAYPy_Simulation_bessy3_56m_PGM_2Perc_coupling_errors_off_RP/round_5/108_bessy3_56m_PGM_2Perc_coupling_errors_off_RP.rml
2025-02-08 01:32:35,935 - INFO - Completed: 4, remaining: 56, RAYPy_Simulation_bessy3_56m_PGM_2Perc_coupling_errors_off_RP/round_5/106_bessy3_56m_PGM_2Perc_coupling_errors_off_RP.rml
2025-02-08 01:32:35,957 - INFO - Completed: 5, remaining: 55, RAYPy_Simulation_bessy3_56m_PGM_2Perc_coupling_errors_off_RP/round_5/116_bessy3_56m_PGM_2Perc_coupling_errors_off_RP.rml
2025-02-08 01:32:36,024 - INFO - Completed: 6, remaining: 54, RAYPy_Simulation_bessy3_56m_PGM_2Perc_coupling_errors_off_RP/round_5/110_bessy3_56m_PGM_2Perc_coupling_errors_off_RP.rml
2025-02-08 01:32:36,055 - INFO - Completed: 7, remaining: 53, RAYPy_Simulation_bessy3_56m_PGM_2Perc_coupling_errors_off_RP/round_5/112_bessy3_56m_PGM_2Perc_coupling_errors_off_RP.rml
2025-02-08 01:32:36,196 - INFO - Completed: 8, remaining: 52, RAYPy_Simulation_bessy3_56m_PGM_2Perc_coupling_errors_off_RP/round_5/105_bessy3_56m_PGM_2Perc_coupling_errors_off_RP.rml
2025-02-08 01:32:36,224 - INFO - Completed: 9, remaining: 51, RAYPy_Simulation_bessy3_56m_PGM_2Perc_coupling_errors_off_RP/round_5/107_bessy3_56m_PGM_2Perc_coupling_errors_off_RP.rml
2025-02-08 01:32:38,609 - INFO - Completed: 10, remaining: 50, RAYPy_Simulation_bessy3_56m_PGM_2Perc_coupling_errors_off_RP/round_5/109_bessy3_56m_PGM_2Perc_coupling_errors_off_RP.rml
2025-02-08 01:32:38,789 - INFO - Completed: 11, remaining: 49, RAYPy_Simulation_bessy3_56m_PGM_2Perc_coupling_errors_off_RP/round_5/115_bessy3_56m_PGM_2Perc_coupling_errors_off_RP.rml
2025-02-08 01:32:38,837 - INFO - Completed: 12, remaining: 48, RAYPy_Simulation_bessy3_56m_PGM_2Perc_coupling_errors_off_RP/round_5/113_bessy3_56m_PGM_2Perc_coupling_errors_off_RP.rml
2025-02-08 01:32:39,105 - INFO - Completed: 13, remaining: 47, RAYPy_Simulation_bessy3_56m_PGM_2Perc_coupling_errors_off_RP/round_5/117_bessy3_56m_PGM_2Perc_coupling_errors_off_RP.rml
2025-02-08 01:32:39,228 - INFO - Completed: 14, remaining: 46, RAYPy_Simulation_bessy3_56m_PGM_2Perc_coupling_errors_off_RP/round_5/118_bessy3_56m_PGM_2Perc_coupling_errors_off_RP.rml
2025-02-08 01:32:39,382 - INFO - Completed: 15, remaining: 45, RAYPy_Simulation_bessy3_56m_PGM_2Perc_coupling_errors_off_RP/round_5/119_bessy3_56m_PGM_2Perc_coupling_errors_off_RP.rml
2025-02-08 01:32:39,455 - INFO - Completed: 16, remaining: 44, RAYPy_Simulation_bessy3_56m_PGM_2Perc_coupling_errors_off_RP/round_5/120_bessy3_56m_PGM_2Perc_coupling_errors_off_RP.rml
2025-02-08 01:32:39,545 - INFO - Completed: 17, remaining: 43, RAYPy_Simulation_bessy3_56m_PGM_2Perc_coupling_errors_off_RP/round_5/121_bessy3_56m_PGM_2Perc_coupling_errors_off_RP.rml
2025-02-08 01:32:39,627 - INFO - Completed: 18, remaining: 42, RAYPy_Simulation_bessy3_56m_PGM_2Perc_coupling_errors_off_RP/round_5/122_bessy3_56m_PGM_2Perc_coupling_errors_off_RP.rml
2025-02-08 01:32:39,683 - INFO - Completed: 19, remaining: 41, RAYPy_Simulation_bessy3_56m_PGM_2Perc_coupling_errors_off_RP/round_6/1_bessy3_56m_PGM_2Perc_coupling_errors_off_RP.rml
2025-02-08 01:32:39,790 - INFO - Completed: 20, remaining: 40, RAYPy_Simulation_bessy3_56m_PGM_2Perc_coupling_errors_off_RP/round_6/0_bessy3_56m_PGM_2Perc_coupling_errors_off_RP.rml
2025-02-08 01:32:39,947 - INFO - Completed: 21, remaining: 39, RAYPy_Simulation_bessy3_56m_PGM_2Perc_coupling_errors_off_RP/round_6/2_bessy3_56m_PGM_2Perc_coupling_errors_off_RP.rml
2025-02-08 01:32:41,839 - INFO - Completed: 22, remaining: 38, RAYPy_Simulation_bessy3_56m_PGM_2Perc_coupling_errors_off_RP/round_6/3_bessy3_56m_PGM_2Perc_coupling_errors_off_RP.rml
2025-02-08 01:32:42,164 - INFO - Completed: 23, remaining: 37, RAYPy_Simulation_bessy3_56m_PGM_2Perc_coupling_errors_off_RP/round_6/4_bessy3_56m_PGM_2Perc_coupling_errors_off_RP.rml
2025-02-08 01:32:42,188 - INFO - Completed: 24, remaining: 36, RAYPy_Simulation_bessy3_56m_PGM_2Perc_coupling_errors_off_RP/round_6/5_bessy3_56m_PGM_2Perc_coupling_errors_off_RP.rml
2025-02-08 01:32:42,455 - INFO - Completed: 25, remaining: 35, RAYPy_Simulation_bessy3_56m_PGM_2Perc_coupling_errors_off_RP/round_6/6_bessy3_56m_PGM_2Perc_coupling_errors_off_RP.rml
2025-02-08 01:32:42,594 - INFO - Completed: 26, remaining: 34, RAYPy_Simulation_bessy3_56m_PGM_2Perc_coupling_errors_off_RP/round_6/7_bessy3_56m_PGM_2Perc_coupling_errors_off_RP.rml
2025-02-08 01:32:42,686 - INFO - Completed: 27, remaining: 33, RAYPy_Simulation_bessy3_56m_PGM_2Perc_coupling_errors_off_RP/round_6/8_bessy3_56m_PGM_2Perc_coupling_errors_off_RP.rml
2025-02-08 01:32:43,002 - INFO - Completed: 28, remaining: 32, RAYPy_Simulation_bessy3_56m_PGM_2Perc_coupling_errors_off_RP/round_6/9_bessy3_56m_PGM_2Perc_coupling_errors_off_RP.rml
2025-02-08 01:32:43,059 - INFO - Completed: 29, remaining: 31, RAYPy_Simulation_bessy3_56m_PGM_2Perc_coupling_errors_off_RP/round_6/10_bessy3_56m_PGM_2Perc_coupling_errors_off_RP.rml
2025-02-08 01:32:43,231 - INFO - Completed: 30, remaining: 30, RAYPy_Simulation_bessy3_56m_PGM_2Perc_coupling_errors_off_RP/round_6/11_bessy3_56m_PGM_2Perc_coupling_errors_off_RP.rml
2025-02-08 01:32:43,263 - INFO - Completed: 31, remaining: 29, RAYPy_Simulation_bessy3_56m_PGM_2Perc_coupling_errors_off_RP/round_6/12_bessy3_56m_PGM_2Perc_coupling_errors_off_RP.rml
2025-02-08 01:32:43,299 - INFO - Completed: 32, remaining: 28, RAYPy_Simulation_bessy3_56m_PGM_2Perc_coupling_errors_off_RP/round_6/14_bessy3_56m_PGM_2Perc_coupling_errors_off_RP.rml
2025-02-08 01:32:43,625 - INFO - Completed: 33, remaining: 27, RAYPy_Simulation_bessy3_56m_PGM_2Perc_coupling_errors_off_RP/round_6/13_bessy3_56m_PGM_2Perc_coupling_errors_off_RP.rml
2025-02-08 01:32:45,429 - INFO - Completed: 34, remaining: 26, RAYPy_Simulation_bessy3_56m_PGM_2Perc_coupling_errors_off_RP/round_6/17_bessy3_56m_PGM_2Perc_coupling_errors_off_RP.rml
2025-02-08 01:32:45,638 - INFO - Completed: 35, remaining: 25, RAYPy_Simulation_bessy3_56m_PGM_2Perc_coupling_errors_off_RP/round_6/18_bessy3_56m_PGM_2Perc_coupling_errors_off_RP.rml
2025-02-08 01:32:45,719 - INFO - Completed: 36, remaining: 24, RAYPy_Simulation_bessy3_56m_PGM_2Perc_coupling_errors_off_RP/round_6/16_bessy3_56m_PGM_2Perc_coupling_errors_off_RP.rml
2025-02-08 01:32:45,954 - INFO - Completed: 37, remaining: 23, RAYPy_Simulation_bessy3_56m_PGM_2Perc_coupling_errors_off_RP/round_6/19_bessy3_56m_PGM_2Perc_coupling_errors_off_RP.rml
2025-02-08 01:32:46,042 - INFO - Completed: 38, remaining: 22, RAYPy_Simulation_bessy3_56m_PGM_2Perc_coupling_errors_off_RP/round_6/20_bessy3_56m_PGM_2Perc_coupling_errors_off_RP.rml
2025-02-08 01:32:46,156 - INFO - Completed: 39, remaining: 21, RAYPy_Simulation_bessy3_56m_PGM_2Perc_coupling_errors_off_RP/round_6/15_bessy3_56m_PGM_2Perc_coupling_errors_off_RP.rml
2025-02-08 01:32:46,338 - INFO - Completed: 40, remaining: 20, RAYPy_Simulation_bessy3_56m_PGM_2Perc_coupling_errors_off_RP/round_6/22_bessy3_56m_PGM_2Perc_coupling_errors_off_RP.rml
2025-02-08 01:32:46,498 - INFO - Completed: 41, remaining: 19, RAYPy_Simulation_bessy3_56m_PGM_2Perc_coupling_errors_off_RP/round_6/21_bessy3_56m_PGM_2Perc_coupling_errors_off_RP.rml
2025-02-08 01:32:46,553 - INFO - Completed: 42, remaining: 18, RAYPy_Simulation_bessy3_56m_PGM_2Perc_coupling_errors_off_RP/round_6/24_bessy3_56m_PGM_2Perc_coupling_errors_off_RP.rml
2025-02-08 01:32:46,652 - INFO - Completed: 43, remaining: 17, RAYPy_Simulation_bessy3_56m_PGM_2Perc_coupling_errors_off_RP/round_6/23_bessy3_56m_PGM_2Perc_coupling_errors_off_RP.rml
2025-02-08 01:32:46,806 - INFO - Completed: 44, remaining: 16, RAYPy_Simulation_bessy3_56m_PGM_2Perc_coupling_errors_off_RP/round_6/25_bessy3_56m_PGM_2Perc_coupling_errors_off_RP.rml
2025-02-08 01:32:46,930 - INFO - Completed: 45, remaining: 15, RAYPy_Simulation_bessy3_56m_PGM_2Perc_coupling_errors_off_RP/round_6/26_bessy3_56m_PGM_2Perc_coupling_errors_off_RP.rml
2025-02-08 01:32:48,575 - INFO - Completed: 46, remaining: 14, RAYPy_Simulation_bessy3_56m_PGM_2Perc_coupling_errors_off_RP/round_6/27_bessy3_56m_PGM_2Perc_coupling_errors_off_RP.rml
2025-02-08 01:32:49,095 - INFO - Completed: 47, remaining: 13, RAYPy_Simulation_bessy3_56m_PGM_2Perc_coupling_errors_off_RP/round_6/29_bessy3_56m_PGM_2Perc_coupling_errors_off_RP.rml
2025-02-08 01:32:49,122 - INFO - Completed: 48, remaining: 12, RAYPy_Simulation_bessy3_56m_PGM_2Perc_coupling_errors_off_RP/round_6/30_bessy3_56m_PGM_2Perc_coupling_errors_off_RP.rml
2025-02-08 01:32:49,371 - INFO - Completed: 49, remaining: 11, RAYPy_Simulation_bessy3_56m_PGM_2Perc_coupling_errors_off_RP/round_6/31_bessy3_56m_PGM_2Perc_coupling_errors_off_RP.rml
2025-02-08 01:32:49,538 - INFO - Completed: 50, remaining: 10, RAYPy_Simulation_bessy3_56m_PGM_2Perc_coupling_errors_off_RP/round_6/28_bessy3_56m_PGM_2Perc_coupling_errors_off_RP.rml
2025-02-08 01:32:49,568 - INFO - Completed: 51, remaining: 9, RAYPy_Simulation_bessy3_56m_PGM_2Perc_coupling_errors_off_RP/round_6/32_bessy3_56m_PGM_2Perc_coupling_errors_off_RP.rml
2025-02-08 01:32:49,618 - INFO - Completed: 52, remaining: 8, RAYPy_Simulation_bessy3_56m_PGM_2Perc_coupling_errors_off_RP/round_6/33_bessy3_56m_PGM_2Perc_coupling_errors_off_RP.rml
2025-02-08 01:32:49,761 - INFO - Completed: 53, remaining: 7, RAYPy_Simulation_bessy3_56m_PGM_2Perc_coupling_errors_off_RP/round_6/34_bessy3_56m_PGM_2Perc_coupling_errors_off_RP.rml
2025-02-08 01:32:49,884 - INFO - Completed: 54, remaining: 6, RAYPy_Simulation_bessy3_56m_PGM_2Perc_coupling_errors_off_RP/round_6/37_bessy3_56m_PGM_2Perc_coupling_errors_off_RP.rml
2025-02-08 01:32:50,112 - INFO - Completed: 55, remaining: 5, RAYPy_Simulation_bessy3_56m_PGM_2Perc_coupling_errors_off_RP/round_6/36_bessy3_56m_PGM_2Perc_coupling_errors_off_RP.rml
2025-02-08 01:32:50,235 - INFO - Completed: 56, remaining: 4, RAYPy_Simulation_bessy3_56m_PGM_2Perc_coupling_errors_off_RP/round_6/38_bessy3_56m_PGM_2Perc_coupling_errors_off_RP.rml
2025-02-08 01:32:50,367 - INFO - Completed: 57, remaining: 3, RAYPy_Simulation_bessy3_56m_PGM_2Perc_coupling_errors_off_RP/round_6/35_bessy3_56m_PGM_2Perc_coupling_errors_off_RP.rml
2025-02-08 01:32:51,223 - INFO - Completed: 58, remaining: 2, RAYPy_Simulation_bessy3_56m_PGM_2Perc_coupling_errors_off_RP/round_6/39_bessy3_56m_PGM_2Perc_coupling_errors_off_RP.rml
2025-02-08 01:32:51,390 - INFO - Completed: 59, remaining: 1, RAYPy_Simulation_bessy3_56m_PGM_2Perc_coupling_errors_off_RP/round_6/41_bessy3_56m_PGM_2Perc_coupling_errors_off_RP.rml
2025-02-08 01:32:51,495 - INFO - Completed: 60, remaining: 0, RAYPy_Simulation_bessy3_56m_PGM_2Perc_coupling_errors_off_RP/round_6/40_bessy3_56m_PGM_2Perc_coupling_errors_off_RP.rml
2025-02-08 01:32:51,495 - INFO - Batch Completed
2025-02-08 01:32:51,496 - INFO - Waiting For batch, 60 simulations to go
2025-02-08 01:32:51,502 - INFO - Prepared sim number: 42: RAYPy_Simulation_bessy3_56m_PGM_2Perc_coupling_errors_off_RP/round_6/42_bessy3_56m_PGM_2Perc_coupling_errors_off_RP.rml
2025-02-08 01:32:51,514 - INFO - Prepared sim number: 43: RAYPy_Simulation_bessy3_56m_PGM_2Perc_coupling_errors_off_RP/round_6/43_bessy3_56m_PGM_2Perc_coupling_errors_off_RP.rml
2025-02-08 01:32:51,519 - INFO - Prepared sim number: 44: RAYPy_Simulation_bessy3_56m_PGM_2Perc_coupling_errors_off_RP/round_6/44_bessy3_56m_PGM_2Perc_coupling_errors_off_RP.rml
2025-02-08 01:32:51,525 - INFO - Prepared sim number: 45: RAYPy_Simulation_bessy3_56m_PGM_2Perc_coupling_errors_off_RP/round_6/45_bessy3_56m_PGM_2Perc_coupling_errors_off_RP.rml
2025-02-08 01:32:51,529 - INFO - Prepared sim number: 46: RAYPy_Simulation_bessy3_56m_PGM_2Perc_coupling_errors_off_RP/round_6/46_bessy3_56m_PGM_2Perc_coupling_errors_off_RP.rml
2025-02-08 01:32:51,534 - INFO - Prepared sim number: 47: RAYPy_Simulation_bessy3_56m_PGM_2Perc_coupling_errors_off_RP/round_6/47_bessy3_56m_PGM_2Perc_coupling_errors_off_RP.rml
2025-02-08 01:32:51,539 - INFO - Prepared sim number: 48: RAYPy_Simulation_bessy3_56m_PGM_2Perc_coupling_errors_off_RP/round_6/48_bessy3_56m_PGM_2Perc_coupling_errors_off_RP.rml
2025-02-08 01:32:51,544 - INFO - Prepared sim number: 49: RAYPy_Simulation_bessy3_56m_PGM_2Perc_coupling_errors_off_RP/round_6/49_bessy3_56m_PGM_2Perc_coupling_errors_off_RP.rml
2025-02-08 01:32:51,555 - INFO - Prepared sim number: 50: RAYPy_Simulation_bessy3_56m_PGM_2Perc_coupling_errors_off_RP/round_6/50_bessy3_56m_PGM_2Perc_coupling_errors_off_RP.rml
2025-02-08 01:32:51,560 - INFO - Prepared sim number: 51: RAYPy_Simulation_bessy3_56m_PGM_2Perc_coupling_errors_off_RP/round_6/51_bessy3_56m_PGM_2Perc_coupling_errors_off_RP.rml
2025-02-08 01:32:51,565 - INFO - Prepared sim number: 52: RAYPy_Simulation_bessy3_56m_PGM_2Perc_coupling_errors_off_RP/round_6/52_bessy3_56m_PGM_2Perc_coupling_errors_off_RP.rml
2025-02-08 01:32:51,569 - INFO - Prepared sim number: 53: RAYPy_Simulation_bessy3_56m_PGM_2Perc_coupling_errors_off_RP/round_6/53_bessy3_56m_PGM_2Perc_coupling_errors_off_RP.rml
2025-02-08 01:32:51,574 - INFO - Prepared sim number: 54: RAYPy_Simulation_bessy3_56m_PGM_2Perc_coupling_errors_off_RP/round_6/54_bessy3_56m_PGM_2Perc_coupling_errors_off_RP.rml
2025-02-08 01:32:51,579 - INFO - Prepared sim number: 55: RAYPy_Simulation_bessy3_56m_PGM_2Perc_coupling_errors_off_RP/round_6/55_bessy3_56m_PGM_2Perc_coupling_errors_off_RP.rml
2025-02-08 01:32:51,584 - INFO - Prepared sim number: 56: RAYPy_Simulation_bessy3_56m_PGM_2Perc_coupling_errors_off_RP/round_6/56_bessy3_56m_PGM_2Perc_coupling_errors_off_RP.rml
2025-02-08 01:32:51,589 - INFO - Prepared sim number: 57: RAYPy_Simulation_bessy3_56m_PGM_2Perc_coupling_errors_off_RP/round_6/57_bessy3_56m_PGM_2Perc_coupling_errors_off_RP.rml
2025-02-08 01:32:51,594 - INFO - Prepared sim number: 58: RAYPy_Simulation_bessy3_56m_PGM_2Perc_coupling_errors_off_RP/round_6/58_bessy3_56m_PGM_2Perc_coupling_errors_off_RP.rml
2025-02-08 01:32:51,598 - INFO - Prepared sim number: 59: RAYPy_Simulation_bessy3_56m_PGM_2Perc_coupling_errors_off_RP/round_6/59_bessy3_56m_PGM_2Perc_coupling_errors_off_RP.rml
2025-02-08 01:32:51,603 - INFO - Prepared sim number: 60: RAYPy_Simulation_bessy3_56m_PGM_2Perc_coupling_errors_off_RP/round_6/60_bessy3_56m_PGM_2Perc_coupling_errors_off_RP.rml
2025-02-08 01:32:51,608 - INFO - Prepared sim number: 61: RAYPy_Simulation_bessy3_56m_PGM_2Perc_coupling_errors_off_RP/round_6/61_bessy3_56m_PGM_2Perc_coupling_errors_off_RP.rml
2025-02-08 01:32:51,612 - INFO - Prepared sim number: 62: RAYPy_Simulation_bessy3_56m_PGM_2Perc_coupling_errors_off_RP/round_6/62_bessy3_56m_PGM_2Perc_coupling_errors_off_RP.rml
2025-02-08 01:32:51,616 - INFO - Prepared sim number: 63: RAYPy_Simulation_bessy3_56m_PGM_2Perc_coupling_errors_off_RP/round_6/63_bessy3_56m_PGM_2Perc_coupling_errors_off_RP.rml
2025-02-08 01:32:51,620 - INFO - Prepared sim number: 64: RAYPy_Simulation_bessy3_56m_PGM_2Perc_coupling_errors_off_RP/round_6/64_bessy3_56m_PGM_2Perc_coupling_errors_off_RP.rml
2025-02-08 01:32:51,624 - INFO - Prepared sim number: 65: RAYPy_Simulation_bessy3_56m_PGM_2Perc_coupling_errors_off_RP/round_6/65_bessy3_56m_PGM_2Perc_coupling_errors_off_RP.rml
2025-02-08 01:32:51,628 - INFO - Prepared sim number: 66: RAYPy_Simulation_bessy3_56m_PGM_2Perc_coupling_errors_off_RP/round_6/66_bessy3_56m_PGM_2Perc_coupling_errors_off_RP.rml
2025-02-08 01:32:51,632 - INFO - Prepared sim number: 67: RAYPy_Simulation_bessy3_56m_PGM_2Perc_coupling_errors_off_RP/round_6/67_bessy3_56m_PGM_2Perc_coupling_errors_off_RP.rml
2025-02-08 01:32:51,636 - INFO - Prepared sim number: 68: RAYPy_Simulation_bessy3_56m_PGM_2Perc_coupling_errors_off_RP/round_6/68_bessy3_56m_PGM_2Perc_coupling_errors_off_RP.rml
2025-02-08 01:32:51,641 - INFO - Prepared sim number: 69: RAYPy_Simulation_bessy3_56m_PGM_2Perc_coupling_errors_off_RP/round_6/69_bessy3_56m_PGM_2Perc_coupling_errors_off_RP.rml
2025-02-08 01:32:51,645 - INFO - Prepared sim number: 70: RAYPy_Simulation_bessy3_56m_PGM_2Perc_coupling_errors_off_RP/round_6/70_bessy3_56m_PGM_2Perc_coupling_errors_off_RP.rml
2025-02-08 01:32:51,651 - INFO - Prepared sim number: 71: RAYPy_Simulation_bessy3_56m_PGM_2Perc_coupling_errors_off_RP/round_6/71_bessy3_56m_PGM_2Perc_coupling_errors_off_RP.rml
2025-02-08 01:32:51,656 - INFO - Prepared sim number: 72: RAYPy_Simulation_bessy3_56m_PGM_2Perc_coupling_errors_off_RP/round_6/72_bessy3_56m_PGM_2Perc_coupling_errors_off_RP.rml
2025-02-08 01:32:51,661 - INFO - Prepared sim number: 73: RAYPy_Simulation_bessy3_56m_PGM_2Perc_coupling_errors_off_RP/round_6/73_bessy3_56m_PGM_2Perc_coupling_errors_off_RP.rml
2025-02-08 01:32:51,666 - INFO - Prepared sim number: 74: RAYPy_Simulation_bessy3_56m_PGM_2Perc_coupling_errors_off_RP/round_6/74_bessy3_56m_PGM_2Perc_coupling_errors_off_RP.rml
2025-02-08 01:32:51,672 - INFO - Prepared sim number: 75: RAYPy_Simulation_bessy3_56m_PGM_2Perc_coupling_errors_off_RP/round_6/75_bessy3_56m_PGM_2Perc_coupling_errors_off_RP.rml
2025-02-08 01:32:51,676 - INFO - Prepared sim number: 76: RAYPy_Simulation_bessy3_56m_PGM_2Perc_coupling_errors_off_RP/round_6/76_bessy3_56m_PGM_2Perc_coupling_errors_off_RP.rml
2025-02-08 01:32:51,681 - INFO - Prepared sim number: 77: RAYPy_Simulation_bessy3_56m_PGM_2Perc_coupling_errors_off_RP/round_6/77_bessy3_56m_PGM_2Perc_coupling_errors_off_RP.rml
2025-02-08 01:32:51,686 - INFO - Prepared sim number: 78: RAYPy_Simulation_bessy3_56m_PGM_2Perc_coupling_errors_off_RP/round_6/78_bessy3_56m_PGM_2Perc_coupling_errors_off_RP.rml
2025-02-08 01:32:51,691 - INFO - Prepared sim number: 79: RAYPy_Simulation_bessy3_56m_PGM_2Perc_coupling_errors_off_RP/round_6/79_bessy3_56m_PGM_2Perc_coupling_errors_off_RP.rml
2025-02-08 01:32:51,695 - INFO - Prepared sim number: 80: RAYPy_Simulation_bessy3_56m_PGM_2Perc_coupling_errors_off_RP/round_6/80_bessy3_56m_PGM_2Perc_coupling_errors_off_RP.rml
2025-02-08 01:32:51,700 - INFO - Prepared sim number: 81: RAYPy_Simulation_bessy3_56m_PGM_2Perc_coupling_errors_off_RP/round_6/81_bessy3_56m_PGM_2Perc_coupling_errors_off_RP.rml
2025-02-08 01:32:51,705 - INFO - Prepared sim number: 82: RAYPy_Simulation_bessy3_56m_PGM_2Perc_coupling_errors_off_RP/round_6/82_bessy3_56m_PGM_2Perc_coupling_errors_off_RP.rml
2025-02-08 01:32:51,709 - INFO - Prepared sim number: 83: RAYPy_Simulation_bessy3_56m_PGM_2Perc_coupling_errors_off_RP/round_6/83_bessy3_56m_PGM_2Perc_coupling_errors_off_RP.rml
2025-02-08 01:32:51,713 - INFO - Prepared sim number: 84: RAYPy_Simulation_bessy3_56m_PGM_2Perc_coupling_errors_off_RP/round_6/84_bessy3_56m_PGM_2Perc_coupling_errors_off_RP.rml
2025-02-08 01:32:51,718 - INFO - Prepared sim number: 85: RAYPy_Simulation_bessy3_56m_PGM_2Perc_coupling_errors_off_RP/round_6/85_bessy3_56m_PGM_2Perc_coupling_errors_off_RP.rml
2025-02-08 01:32:51,722 - INFO - Prepared sim number: 86: RAYPy_Simulation_bessy3_56m_PGM_2Perc_coupling_errors_off_RP/round_6/86_bessy3_56m_PGM_2Perc_coupling_errors_off_RP.rml
2025-02-08 01:32:51,727 - INFO - Prepared sim number: 87: RAYPy_Simulation_bessy3_56m_PGM_2Perc_coupling_errors_off_RP/round_6/87_bessy3_56m_PGM_2Perc_coupling_errors_off_RP.rml
2025-02-08 01:32:51,731 - INFO - Prepared sim number: 88: RAYPy_Simulation_bessy3_56m_PGM_2Perc_coupling_errors_off_RP/round_6/88_bessy3_56m_PGM_2Perc_coupling_errors_off_RP.rml
2025-02-08 01:32:51,736 - INFO - Prepared sim number: 89: RAYPy_Simulation_bessy3_56m_PGM_2Perc_coupling_errors_off_RP/round_6/89_bessy3_56m_PGM_2Perc_coupling_errors_off_RP.rml
2025-02-08 01:32:51,741 - INFO - Prepared sim number: 90: RAYPy_Simulation_bessy3_56m_PGM_2Perc_coupling_errors_off_RP/round_6/90_bessy3_56m_PGM_2Perc_coupling_errors_off_RP.rml
2025-02-08 01:32:51,745 - INFO - Prepared sim number: 91: RAYPy_Simulation_bessy3_56m_PGM_2Perc_coupling_errors_off_RP/round_6/91_bessy3_56m_PGM_2Perc_coupling_errors_off_RP.rml
2025-02-08 01:32:51,750 - INFO - Prepared sim number: 92: RAYPy_Simulation_bessy3_56m_PGM_2Perc_coupling_errors_off_RP/round_6/92_bessy3_56m_PGM_2Perc_coupling_errors_off_RP.rml
2025-02-08 01:32:51,755 - INFO - Prepared sim number: 93: RAYPy_Simulation_bessy3_56m_PGM_2Perc_coupling_errors_off_RP/round_6/93_bessy3_56m_PGM_2Perc_coupling_errors_off_RP.rml
2025-02-08 01:32:51,759 - INFO - Prepared sim number: 94: RAYPy_Simulation_bessy3_56m_PGM_2Perc_coupling_errors_off_RP/round_6/94_bessy3_56m_PGM_2Perc_coupling_errors_off_RP.rml
2025-02-08 01:32:51,765 - INFO - Prepared sim number: 95: RAYPy_Simulation_bessy3_56m_PGM_2Perc_coupling_errors_off_RP/round_6/95_bessy3_56m_PGM_2Perc_coupling_errors_off_RP.rml
2025-02-08 01:32:51,770 - INFO - Prepared sim number: 96: RAYPy_Simulation_bessy3_56m_PGM_2Perc_coupling_errors_off_RP/round_6/96_bessy3_56m_PGM_2Perc_coupling_errors_off_RP.rml
2025-02-08 01:32:51,775 - INFO - Prepared sim number: 97: RAYPy_Simulation_bessy3_56m_PGM_2Perc_coupling_errors_off_RP/round_6/97_bessy3_56m_PGM_2Perc_coupling_errors_off_RP.rml
2025-02-08 01:32:51,781 - INFO - Prepared sim number: 98: RAYPy_Simulation_bessy3_56m_PGM_2Perc_coupling_errors_off_RP/round_6/98_bessy3_56m_PGM_2Perc_coupling_errors_off_RP.rml
2025-02-08 01:32:51,787 - INFO - Prepared sim number: 99: RAYPy_Simulation_bessy3_56m_PGM_2Perc_coupling_errors_off_RP/round_6/99_bessy3_56m_PGM_2Perc_coupling_errors_off_RP.rml
2025-02-08 01:32:51,793 - INFO - Prepared sim number: 100: RAYPy_Simulation_bessy3_56m_PGM_2Perc_coupling_errors_off_RP/round_6/100_bessy3_56m_PGM_2Perc_coupling_errors_off_RP.rml
2025-02-08 01:32:51,799 - INFO - Prepared sim number: 101: RAYPy_Simulation_bessy3_56m_PGM_2Perc_coupling_errors_off_RP/round_6/101_bessy3_56m_PGM_2Perc_coupling_errors_off_RP.rml
2025-02-08 01:32:51,799 - INFO - Waiting for batch number: 13, timeout: 20.628688889283403s
2025-02-08 01:32:54,286 - INFO - Completed: 1, remaining: 59, RAYPy_Simulation_bessy3_56m_PGM_2Perc_coupling_errors_off_RP/round_6/47_bessy3_56m_PGM_2Perc_coupling_errors_off_RP.rml
2025-02-08 01:32:54,423 - INFO - Completed: 2, remaining: 58, RAYPy_Simulation_bessy3_56m_PGM_2Perc_coupling_errors_off_RP/round_6/42_bessy3_56m_PGM_2Perc_coupling_errors_off_RP.rml
2025-02-08 01:32:54,450 - INFO - Completed: 3, remaining: 57, RAYPy_Simulation_bessy3_56m_PGM_2Perc_coupling_errors_off_RP/round_6/52_bessy3_56m_PGM_2Perc_coupling_errors_off_RP.rml
2025-02-08 01:32:54,546 - INFO - Completed: 4, remaining: 56, RAYPy_Simulation_bessy3_56m_PGM_2Perc_coupling_errors_off_RP/round_6/49_bessy3_56m_PGM_2Perc_coupling_errors_off_RP.rml
2025-02-08 01:32:54,554 - INFO - Completed: 5, remaining: 55, RAYPy_Simulation_bessy3_56m_PGM_2Perc_coupling_errors_off_RP/round_6/44_bessy3_56m_PGM_2Perc_coupling_errors_off_RP.rml
2025-02-08 01:32:54,575 - INFO - Completed: 6, remaining: 54, RAYPy_Simulation_bessy3_56m_PGM_2Perc_coupling_errors_off_RP/round_6/43_bessy3_56m_PGM_2Perc_coupling_errors_off_RP.rml
2025-02-08 01:32:54,723 - INFO - Completed: 7, remaining: 53, RAYPy_Simulation_bessy3_56m_PGM_2Perc_coupling_errors_off_RP/round_6/48_bessy3_56m_PGM_2Perc_coupling_errors_off_RP.rml
2025-02-08 01:32:55,342 - INFO - Completed: 8, remaining: 52, RAYPy_Simulation_bessy3_56m_PGM_2Perc_coupling_errors_off_RP/round_6/50_bessy3_56m_PGM_2Perc_coupling_errors_off_RP.rml
2025-02-08 01:32:56,653 - INFO - Completed: 9, remaining: 51, RAYPy_Simulation_bessy3_56m_PGM_2Perc_coupling_errors_off_RP/round_6/45_bessy3_56m_PGM_2Perc_coupling_errors_off_RP.rml
2025-02-08 01:32:56,868 - INFO - Completed: 10, remaining: 50, RAYPy_Simulation_bessy3_56m_PGM_2Perc_coupling_errors_off_RP/round_6/51_bessy3_56m_PGM_2Perc_coupling_errors_off_RP.rml
2025-02-08 01:32:56,974 - INFO - Completed: 11, remaining: 49, RAYPy_Simulation_bessy3_56m_PGM_2Perc_coupling_errors_off_RP/round_6/46_bessy3_56m_PGM_2Perc_coupling_errors_off_RP.rml
2025-02-08 01:32:57,185 - INFO - Completed: 12, remaining: 48, RAYPy_Simulation_bessy3_56m_PGM_2Perc_coupling_errors_off_RP/round_6/53_bessy3_56m_PGM_2Perc_coupling_errors_off_RP.rml
2025-02-08 01:32:57,463 - INFO - Completed: 13, remaining: 47, RAYPy_Simulation_bessy3_56m_PGM_2Perc_coupling_errors_off_RP/round_6/54_bessy3_56m_PGM_2Perc_coupling_errors_off_RP.rml
2025-02-08 01:32:57,512 - INFO - Completed: 14, remaining: 46, RAYPy_Simulation_bessy3_56m_PGM_2Perc_coupling_errors_off_RP/round_6/57_bessy3_56m_PGM_2Perc_coupling_errors_off_RP.rml
2025-02-08 01:32:57,531 - INFO - Completed: 15, remaining: 45, RAYPy_Simulation_bessy3_56m_PGM_2Perc_coupling_errors_off_RP/round_6/55_bessy3_56m_PGM_2Perc_coupling_errors_off_RP.rml
2025-02-08 01:32:57,651 - INFO - Completed: 16, remaining: 44, RAYPy_Simulation_bessy3_56m_PGM_2Perc_coupling_errors_off_RP/round_6/56_bessy3_56m_PGM_2Perc_coupling_errors_off_RP.rml
2025-02-08 01:32:57,782 - INFO - Completed: 17, remaining: 43, RAYPy_Simulation_bessy3_56m_PGM_2Perc_coupling_errors_off_RP/round_6/58_bessy3_56m_PGM_2Perc_coupling_errors_off_RP.rml
2025-02-08 01:32:57,947 - INFO - Completed: 18, remaining: 42, RAYPy_Simulation_bessy3_56m_PGM_2Perc_coupling_errors_off_RP/round_6/59_bessy3_56m_PGM_2Perc_coupling_errors_off_RP.rml
2025-02-08 01:32:57,971 - INFO - Completed: 19, remaining: 41, RAYPy_Simulation_bessy3_56m_PGM_2Perc_coupling_errors_off_RP/round_6/60_bessy3_56m_PGM_2Perc_coupling_errors_off_RP.rml
2025-02-08 01:32:58,408 - INFO - Completed: 20, remaining: 40, RAYPy_Simulation_bessy3_56m_PGM_2Perc_coupling_errors_off_RP/round_6/61_bessy3_56m_PGM_2Perc_coupling_errors_off_RP.rml
2025-02-08 01:33:00,064 - INFO - Completed: 21, remaining: 39, RAYPy_Simulation_bessy3_56m_PGM_2Perc_coupling_errors_off_RP/round_6/64_bessy3_56m_PGM_2Perc_coupling_errors_off_RP.rml
2025-02-08 01:33:00,731 - INFO - Completed: 22, remaining: 38, RAYPy_Simulation_bessy3_56m_PGM_2Perc_coupling_errors_off_RP/round_6/63_bessy3_56m_PGM_2Perc_coupling_errors_off_RP.rml
2025-02-08 01:33:00,752 - INFO - Completed: 23, remaining: 37, RAYPy_Simulation_bessy3_56m_PGM_2Perc_coupling_errors_off_RP/round_6/62_bessy3_56m_PGM_2Perc_coupling_errors_off_RP.rml
2025-02-08 01:33:01,024 - INFO - Completed: 24, remaining: 36, RAYPy_Simulation_bessy3_56m_PGM_2Perc_coupling_errors_off_RP/round_6/65_bessy3_56m_PGM_2Perc_coupling_errors_off_RP.rml
2025-02-08 01:33:01,129 - INFO - Completed: 25, remaining: 35, RAYPy_Simulation_bessy3_56m_PGM_2Perc_coupling_errors_off_RP/round_6/66_bessy3_56m_PGM_2Perc_coupling_errors_off_RP.rml
2025-02-08 01:33:01,153 - INFO - Completed: 26, remaining: 34, RAYPy_Simulation_bessy3_56m_PGM_2Perc_coupling_errors_off_RP/round_6/67_bessy3_56m_PGM_2Perc_coupling_errors_off_RP.rml
2025-02-08 01:33:01,222 - INFO - Completed: 27, remaining: 33, RAYPy_Simulation_bessy3_56m_PGM_2Perc_coupling_errors_off_RP/round_6/69_bessy3_56m_PGM_2Perc_coupling_errors_off_RP.rml
2025-02-08 01:33:01,256 - INFO - Completed: 28, remaining: 32, RAYPy_Simulation_bessy3_56m_PGM_2Perc_coupling_errors_off_RP/round_6/68_bessy3_56m_PGM_2Perc_coupling_errors_off_RP.rml
2025-02-08 01:33:01,282 - INFO - Completed: 29, remaining: 31, RAYPy_Simulation_bessy3_56m_PGM_2Perc_coupling_errors_off_RP/round_6/70_bessy3_56m_PGM_2Perc_coupling_errors_off_RP.rml
2025-02-08 01:33:01,457 - INFO - Completed: 30, remaining: 30, RAYPy_Simulation_bessy3_56m_PGM_2Perc_coupling_errors_off_RP/round_6/71_bessy3_56m_PGM_2Perc_coupling_errors_off_RP.rml
2025-02-08 01:33:01,634 - INFO - Completed: 31, remaining: 29, RAYPy_Simulation_bessy3_56m_PGM_2Perc_coupling_errors_off_RP/round_6/72_bessy3_56m_PGM_2Perc_coupling_errors_off_RP.rml
2025-02-08 01:33:01,969 - INFO - Completed: 32, remaining: 28, RAYPy_Simulation_bessy3_56m_PGM_2Perc_coupling_errors_off_RP/round_6/73_bessy3_56m_PGM_2Perc_coupling_errors_off_RP.rml
2025-02-08 01:33:03,494 - INFO - Completed: 33, remaining: 27, RAYPy_Simulation_bessy3_56m_PGM_2Perc_coupling_errors_off_RP/round_6/74_bessy3_56m_PGM_2Perc_coupling_errors_off_RP.rml
2025-02-08 01:33:04,148 - INFO - Completed: 34, remaining: 26, RAYPy_Simulation_bessy3_56m_PGM_2Perc_coupling_errors_off_RP/round_6/75_bessy3_56m_PGM_2Perc_coupling_errors_off_RP.rml
2025-02-08 01:33:04,585 - INFO - Completed: 35, remaining: 25, RAYPy_Simulation_bessy3_56m_PGM_2Perc_coupling_errors_off_RP/round_6/77_bessy3_56m_PGM_2Perc_coupling_errors_off_RP.rml
2025-02-08 01:33:04,647 - INFO - Completed: 36, remaining: 24, RAYPy_Simulation_bessy3_56m_PGM_2Perc_coupling_errors_off_RP/round_6/78_bessy3_56m_PGM_2Perc_coupling_errors_off_RP.rml
2025-02-08 01:33:04,707 - INFO - Completed: 37, remaining: 23, RAYPy_Simulation_bessy3_56m_PGM_2Perc_coupling_errors_off_RP/round_6/82_bessy3_56m_PGM_2Perc_coupling_errors_off_RP.rml
2025-02-08 01:33:04,744 - INFO - Completed: 38, remaining: 22, RAYPy_Simulation_bessy3_56m_PGM_2Perc_coupling_errors_off_RP/round_6/79_bessy3_56m_PGM_2Perc_coupling_errors_off_RP.rml
2025-02-08 01:33:04,831 - INFO - Completed: 39, remaining: 21, RAYPy_Simulation_bessy3_56m_PGM_2Perc_coupling_errors_off_RP/round_6/83_bessy3_56m_PGM_2Perc_coupling_errors_off_RP.rml
2025-02-08 01:33:04,876 - INFO - Completed: 40, remaining: 20, RAYPy_Simulation_bessy3_56m_PGM_2Perc_coupling_errors_off_RP/round_6/84_bessy3_56m_PGM_2Perc_coupling_errors_off_RP.rml
2025-02-08 01:33:05,061 - INFO - Completed: 41, remaining: 19, RAYPy_Simulation_bessy3_56m_PGM_2Perc_coupling_errors_off_RP/round_6/80_bessy3_56m_PGM_2Perc_coupling_errors_off_RP.rml
2025-02-08 01:33:05,111 - INFO - Completed: 42, remaining: 18, RAYPy_Simulation_bessy3_56m_PGM_2Perc_coupling_errors_off_RP/round_6/81_bessy3_56m_PGM_2Perc_coupling_errors_off_RP.rml
2025-02-08 01:33:05,168 - INFO - Completed: 43, remaining: 17, RAYPy_Simulation_bessy3_56m_PGM_2Perc_coupling_errors_off_RP/round_6/85_bessy3_56m_PGM_2Perc_coupling_errors_off_RP.rml
2025-02-08 01:33:05,196 - INFO - Completed: 44, remaining: 16, RAYPy_Simulation_bessy3_56m_PGM_2Perc_coupling_errors_off_RP/round_6/76_bessy3_56m_PGM_2Perc_coupling_errors_off_RP.rml
2025-02-08 01:33:06,740 - INFO - Completed: 45, remaining: 15, RAYPy_Simulation_bessy3_56m_PGM_2Perc_coupling_errors_off_RP/round_6/86_bessy3_56m_PGM_2Perc_coupling_errors_off_RP.rml
2025-02-08 01:33:07,253 - INFO - Completed: 46, remaining: 14, RAYPy_Simulation_bessy3_56m_PGM_2Perc_coupling_errors_off_RP/round_6/87_bessy3_56m_PGM_2Perc_coupling_errors_off_RP.rml
2025-02-08 01:33:07,612 - INFO - Completed: 47, remaining: 13, RAYPy_Simulation_bessy3_56m_PGM_2Perc_coupling_errors_off_RP/round_6/88_bessy3_56m_PGM_2Perc_coupling_errors_off_RP.rml
2025-02-08 01:33:07,737 - INFO - Completed: 48, remaining: 12, RAYPy_Simulation_bessy3_56m_PGM_2Perc_coupling_errors_off_RP/round_6/89_bessy3_56m_PGM_2Perc_coupling_errors_off_RP.rml
2025-02-08 01:33:07,973 - INFO - Completed: 49, remaining: 11, RAYPy_Simulation_bessy3_56m_PGM_2Perc_coupling_errors_off_RP/round_6/92_bessy3_56m_PGM_2Perc_coupling_errors_off_RP.rml
2025-02-08 01:33:08,012 - INFO - Completed: 50, remaining: 10, RAYPy_Simulation_bessy3_56m_PGM_2Perc_coupling_errors_off_RP/round_6/90_bessy3_56m_PGM_2Perc_coupling_errors_off_RP.rml
2025-02-08 01:33:08,097 - INFO - Completed: 51, remaining: 9, RAYPy_Simulation_bessy3_56m_PGM_2Perc_coupling_errors_off_RP/round_6/93_bessy3_56m_PGM_2Perc_coupling_errors_off_RP.rml
2025-02-08 01:33:08,235 - INFO - Completed: 52, remaining: 8, RAYPy_Simulation_bessy3_56m_PGM_2Perc_coupling_errors_off_RP/round_6/95_bessy3_56m_PGM_2Perc_coupling_errors_off_RP.rml
2025-02-08 01:33:08,308 - INFO - Completed: 53, remaining: 7, RAYPy_Simulation_bessy3_56m_PGM_2Perc_coupling_errors_off_RP/round_6/96_bessy3_56m_PGM_2Perc_coupling_errors_off_RP.rml
2025-02-08 01:33:08,342 - INFO - Completed: 54, remaining: 6, RAYPy_Simulation_bessy3_56m_PGM_2Perc_coupling_errors_off_RP/round_6/97_bessy3_56m_PGM_2Perc_coupling_errors_off_RP.rml
2025-02-08 01:33:08,607 - INFO - Completed: 55, remaining: 5, RAYPy_Simulation_bessy3_56m_PGM_2Perc_coupling_errors_off_RP/round_6/94_bessy3_56m_PGM_2Perc_coupling_errors_off_RP.rml
2025-02-08 01:33:08,826 - INFO - Completed: 56, remaining: 4, RAYPy_Simulation_bessy3_56m_PGM_2Perc_coupling_errors_off_RP/round_6/91_bessy3_56m_PGM_2Perc_coupling_errors_off_RP.rml
2025-02-08 01:33:09,403 - INFO - Completed: 57, remaining: 3, RAYPy_Simulation_bessy3_56m_PGM_2Perc_coupling_errors_off_RP/round_6/98_bessy3_56m_PGM_2Perc_coupling_errors_off_RP.rml
2025-02-08 01:33:09,664 - INFO - Completed: 58, remaining: 2, RAYPy_Simulation_bessy3_56m_PGM_2Perc_coupling_errors_off_RP/round_6/99_bessy3_56m_PGM_2Perc_coupling_errors_off_RP.rml
2025-02-08 01:33:09,841 - INFO - Completed: 59, remaining: 1, RAYPy_Simulation_bessy3_56m_PGM_2Perc_coupling_errors_off_RP/round_6/100_bessy3_56m_PGM_2Perc_coupling_errors_off_RP.rml
2025-02-08 01:33:09,905 - INFO - Completed: 60, remaining: 0, RAYPy_Simulation_bessy3_56m_PGM_2Perc_coupling_errors_off_RP/round_6/101_bessy3_56m_PGM_2Perc_coupling_errors_off_RP.rml
2025-02-08 01:33:09,905 - INFO - Batch Completed
2025-02-08 01:33:09,905 - INFO - Waiting For batch, 60 simulations to go
2025-02-08 01:33:09,911 - INFO - Prepared sim number: 102: RAYPy_Simulation_bessy3_56m_PGM_2Perc_coupling_errors_off_RP/round_6/102_bessy3_56m_PGM_2Perc_coupling_errors_off_RP.rml
2025-02-08 01:33:09,915 - INFO - Prepared sim number: 103: RAYPy_Simulation_bessy3_56m_PGM_2Perc_coupling_errors_off_RP/round_6/103_bessy3_56m_PGM_2Perc_coupling_errors_off_RP.rml
2025-02-08 01:33:09,920 - INFO - Prepared sim number: 104: RAYPy_Simulation_bessy3_56m_PGM_2Perc_coupling_errors_off_RP/round_6/104_bessy3_56m_PGM_2Perc_coupling_errors_off_RP.rml
2025-02-08 01:33:09,929 - INFO - Prepared sim number: 105: RAYPy_Simulation_bessy3_56m_PGM_2Perc_coupling_errors_off_RP/round_6/105_bessy3_56m_PGM_2Perc_coupling_errors_off_RP.rml
2025-02-08 01:33:09,934 - INFO - Prepared sim number: 106: RAYPy_Simulation_bessy3_56m_PGM_2Perc_coupling_errors_off_RP/round_6/106_bessy3_56m_PGM_2Perc_coupling_errors_off_RP.rml
2025-02-08 01:33:09,938 - INFO - Prepared sim number: 107: RAYPy_Simulation_bessy3_56m_PGM_2Perc_coupling_errors_off_RP/round_6/107_bessy3_56m_PGM_2Perc_coupling_errors_off_RP.rml
2025-02-08 01:33:09,942 - INFO - Prepared sim number: 108: RAYPy_Simulation_bessy3_56m_PGM_2Perc_coupling_errors_off_RP/round_6/108_bessy3_56m_PGM_2Perc_coupling_errors_off_RP.rml
2025-02-08 01:33:09,946 - INFO - Prepared sim number: 109: RAYPy_Simulation_bessy3_56m_PGM_2Perc_coupling_errors_off_RP/round_6/109_bessy3_56m_PGM_2Perc_coupling_errors_off_RP.rml
2025-02-08 01:33:09,949 - INFO - Prepared sim number: 110: RAYPy_Simulation_bessy3_56m_PGM_2Perc_coupling_errors_off_RP/round_6/110_bessy3_56m_PGM_2Perc_coupling_errors_off_RP.rml
2025-02-08 01:33:09,953 - INFO - Prepared sim number: 111: RAYPy_Simulation_bessy3_56m_PGM_2Perc_coupling_errors_off_RP/round_6/111_bessy3_56m_PGM_2Perc_coupling_errors_off_RP.rml
2025-02-08 01:33:09,957 - INFO - Prepared sim number: 112: RAYPy_Simulation_bessy3_56m_PGM_2Perc_coupling_errors_off_RP/round_6/112_bessy3_56m_PGM_2Perc_coupling_errors_off_RP.rml
2025-02-08 01:33:09,964 - INFO - Prepared sim number: 113: RAYPy_Simulation_bessy3_56m_PGM_2Perc_coupling_errors_off_RP/round_6/113_bessy3_56m_PGM_2Perc_coupling_errors_off_RP.rml
2025-02-08 01:33:09,968 - INFO - Prepared sim number: 114: RAYPy_Simulation_bessy3_56m_PGM_2Perc_coupling_errors_off_RP/round_6/114_bessy3_56m_PGM_2Perc_coupling_errors_off_RP.rml
2025-02-08 01:33:09,972 - INFO - Prepared sim number: 115: RAYPy_Simulation_bessy3_56m_PGM_2Perc_coupling_errors_off_RP/round_6/115_bessy3_56m_PGM_2Perc_coupling_errors_off_RP.rml
2025-02-08 01:33:09,975 - INFO - Prepared sim number: 116: RAYPy_Simulation_bessy3_56m_PGM_2Perc_coupling_errors_off_RP/round_6/116_bessy3_56m_PGM_2Perc_coupling_errors_off_RP.rml
2025-02-08 01:33:09,978 - INFO - Prepared sim number: 117: RAYPy_Simulation_bessy3_56m_PGM_2Perc_coupling_errors_off_RP/round_6/117_bessy3_56m_PGM_2Perc_coupling_errors_off_RP.rml
2025-02-08 01:33:09,981 - INFO - Prepared sim number: 118: RAYPy_Simulation_bessy3_56m_PGM_2Perc_coupling_errors_off_RP/round_6/118_bessy3_56m_PGM_2Perc_coupling_errors_off_RP.rml
2025-02-08 01:33:09,985 - INFO - Prepared sim number: 119: RAYPy_Simulation_bessy3_56m_PGM_2Perc_coupling_errors_off_RP/round_6/119_bessy3_56m_PGM_2Perc_coupling_errors_off_RP.rml
2025-02-08 01:33:09,988 - INFO - Prepared sim number: 120: RAYPy_Simulation_bessy3_56m_PGM_2Perc_coupling_errors_off_RP/round_6/120_bessy3_56m_PGM_2Perc_coupling_errors_off_RP.rml
2025-02-08 01:33:09,991 - INFO - Prepared sim number: 121: RAYPy_Simulation_bessy3_56m_PGM_2Perc_coupling_errors_off_RP/round_6/121_bessy3_56m_PGM_2Perc_coupling_errors_off_RP.rml
2025-02-08 01:33:09,995 - INFO - Prepared sim number: 122: RAYPy_Simulation_bessy3_56m_PGM_2Perc_coupling_errors_off_RP/round_6/122_bessy3_56m_PGM_2Perc_coupling_errors_off_RP.rml
2025-02-08 01:33:09,995 - INFO - Start round 7
2025-02-08 01:33:09,998 - INFO - Prepared sim number: 0: RAYPy_Simulation_bessy3_56m_PGM_2Perc_coupling_errors_off_RP/round_7/0_bessy3_56m_PGM_2Perc_coupling_errors_off_RP.rml
2025-02-08 01:33:10,001 - INFO - Prepared sim number: 1: RAYPy_Simulation_bessy3_56m_PGM_2Perc_coupling_errors_off_RP/round_7/1_bessy3_56m_PGM_2Perc_coupling_errors_off_RP.rml
2025-02-08 01:33:10,004 - INFO - Prepared sim number: 2: RAYPy_Simulation_bessy3_56m_PGM_2Perc_coupling_errors_off_RP/round_7/2_bessy3_56m_PGM_2Perc_coupling_errors_off_RP.rml
2025-02-08 01:33:10,008 - INFO - Prepared sim number: 3: RAYPy_Simulation_bessy3_56m_PGM_2Perc_coupling_errors_off_RP/round_7/3_bessy3_56m_PGM_2Perc_coupling_errors_off_RP.rml
2025-02-08 01:33:10,011 - INFO - Prepared sim number: 4: RAYPy_Simulation_bessy3_56m_PGM_2Perc_coupling_errors_off_RP/round_7/4_bessy3_56m_PGM_2Perc_coupling_errors_off_RP.rml
2025-02-08 01:33:10,014 - INFO - Prepared sim number: 5: RAYPy_Simulation_bessy3_56m_PGM_2Perc_coupling_errors_off_RP/round_7/5_bessy3_56m_PGM_2Perc_coupling_errors_off_RP.rml
2025-02-08 01:33:10,018 - INFO - Prepared sim number: 6: RAYPy_Simulation_bessy3_56m_PGM_2Perc_coupling_errors_off_RP/round_7/6_bessy3_56m_PGM_2Perc_coupling_errors_off_RP.rml
2025-02-08 01:33:10,021 - INFO - Prepared sim number: 7: RAYPy_Simulation_bessy3_56m_PGM_2Perc_coupling_errors_off_RP/round_7/7_bessy3_56m_PGM_2Perc_coupling_errors_off_RP.rml
2025-02-08 01:33:10,024 - INFO - Prepared sim number: 8: RAYPy_Simulation_bessy3_56m_PGM_2Perc_coupling_errors_off_RP/round_7/8_bessy3_56m_PGM_2Perc_coupling_errors_off_RP.rml
2025-02-08 01:33:10,028 - INFO - Prepared sim number: 9: RAYPy_Simulation_bessy3_56m_PGM_2Perc_coupling_errors_off_RP/round_7/9_bessy3_56m_PGM_2Perc_coupling_errors_off_RP.rml
2025-02-08 01:33:10,031 - INFO - Prepared sim number: 10: RAYPy_Simulation_bessy3_56m_PGM_2Perc_coupling_errors_off_RP/round_7/10_bessy3_56m_PGM_2Perc_coupling_errors_off_RP.rml
2025-02-08 01:33:10,035 - INFO - Prepared sim number: 11: RAYPy_Simulation_bessy3_56m_PGM_2Perc_coupling_errors_off_RP/round_7/11_bessy3_56m_PGM_2Perc_coupling_errors_off_RP.rml
2025-02-08 01:33:10,038 - INFO - Prepared sim number: 12: RAYPy_Simulation_bessy3_56m_PGM_2Perc_coupling_errors_off_RP/round_7/12_bessy3_56m_PGM_2Perc_coupling_errors_off_RP.rml
2025-02-08 01:33:10,042 - INFO - Prepared sim number: 13: RAYPy_Simulation_bessy3_56m_PGM_2Perc_coupling_errors_off_RP/round_7/13_bessy3_56m_PGM_2Perc_coupling_errors_off_RP.rml
2025-02-08 01:33:10,046 - INFO - Prepared sim number: 14: RAYPy_Simulation_bessy3_56m_PGM_2Perc_coupling_errors_off_RP/round_7/14_bessy3_56m_PGM_2Perc_coupling_errors_off_RP.rml
2025-02-08 01:33:10,049 - INFO - Prepared sim number: 15: RAYPy_Simulation_bessy3_56m_PGM_2Perc_coupling_errors_off_RP/round_7/15_bessy3_56m_PGM_2Perc_coupling_errors_off_RP.rml
2025-02-08 01:33:10,052 - INFO - Prepared sim number: 16: RAYPy_Simulation_bessy3_56m_PGM_2Perc_coupling_errors_off_RP/round_7/16_bessy3_56m_PGM_2Perc_coupling_errors_off_RP.rml
2025-02-08 01:33:10,056 - INFO - Prepared sim number: 17: RAYPy_Simulation_bessy3_56m_PGM_2Perc_coupling_errors_off_RP/round_7/17_bessy3_56m_PGM_2Perc_coupling_errors_off_RP.rml
2025-02-08 01:33:10,059 - INFO - Prepared sim number: 18: RAYPy_Simulation_bessy3_56m_PGM_2Perc_coupling_errors_off_RP/round_7/18_bessy3_56m_PGM_2Perc_coupling_errors_off_RP.rml
2025-02-08 01:33:10,063 - INFO - Prepared sim number: 19: RAYPy_Simulation_bessy3_56m_PGM_2Perc_coupling_errors_off_RP/round_7/19_bessy3_56m_PGM_2Perc_coupling_errors_off_RP.rml
2025-02-08 01:33:10,066 - INFO - Prepared sim number: 20: RAYPy_Simulation_bessy3_56m_PGM_2Perc_coupling_errors_off_RP/round_7/20_bessy3_56m_PGM_2Perc_coupling_errors_off_RP.rml
2025-02-08 01:33:10,070 - INFO - Prepared sim number: 21: RAYPy_Simulation_bessy3_56m_PGM_2Perc_coupling_errors_off_RP/round_7/21_bessy3_56m_PGM_2Perc_coupling_errors_off_RP.rml
2025-02-08 01:33:10,073 - INFO - Prepared sim number: 22: RAYPy_Simulation_bessy3_56m_PGM_2Perc_coupling_errors_off_RP/round_7/22_bessy3_56m_PGM_2Perc_coupling_errors_off_RP.rml
2025-02-08 01:33:10,077 - INFO - Prepared sim number: 23: RAYPy_Simulation_bessy3_56m_PGM_2Perc_coupling_errors_off_RP/round_7/23_bessy3_56m_PGM_2Perc_coupling_errors_off_RP.rml
2025-02-08 01:33:10,081 - INFO - Prepared sim number: 24: RAYPy_Simulation_bessy3_56m_PGM_2Perc_coupling_errors_off_RP/round_7/24_bessy3_56m_PGM_2Perc_coupling_errors_off_RP.rml
2025-02-08 01:33:10,084 - INFO - Prepared sim number: 25: RAYPy_Simulation_bessy3_56m_PGM_2Perc_coupling_errors_off_RP/round_7/25_bessy3_56m_PGM_2Perc_coupling_errors_off_RP.rml
2025-02-08 01:33:10,088 - INFO - Prepared sim number: 26: RAYPy_Simulation_bessy3_56m_PGM_2Perc_coupling_errors_off_RP/round_7/26_bessy3_56m_PGM_2Perc_coupling_errors_off_RP.rml
2025-02-08 01:33:10,091 - INFO - Prepared sim number: 27: RAYPy_Simulation_bessy3_56m_PGM_2Perc_coupling_errors_off_RP/round_7/27_bessy3_56m_PGM_2Perc_coupling_errors_off_RP.rml
2025-02-08 01:33:10,095 - INFO - Prepared sim number: 28: RAYPy_Simulation_bessy3_56m_PGM_2Perc_coupling_errors_off_RP/round_7/28_bessy3_56m_PGM_2Perc_coupling_errors_off_RP.rml
2025-02-08 01:33:10,098 - INFO - Prepared sim number: 29: RAYPy_Simulation_bessy3_56m_PGM_2Perc_coupling_errors_off_RP/round_7/29_bessy3_56m_PGM_2Perc_coupling_errors_off_RP.rml
2025-02-08 01:33:10,102 - INFO - Prepared sim number: 30: RAYPy_Simulation_bessy3_56m_PGM_2Perc_coupling_errors_off_RP/round_7/30_bessy3_56m_PGM_2Perc_coupling_errors_off_RP.rml
2025-02-08 01:33:10,105 - INFO - Prepared sim number: 31: RAYPy_Simulation_bessy3_56m_PGM_2Perc_coupling_errors_off_RP/round_7/31_bessy3_56m_PGM_2Perc_coupling_errors_off_RP.rml
2025-02-08 01:33:10,108 - INFO - Prepared sim number: 32: RAYPy_Simulation_bessy3_56m_PGM_2Perc_coupling_errors_off_RP/round_7/32_bessy3_56m_PGM_2Perc_coupling_errors_off_RP.rml
2025-02-08 01:33:10,112 - INFO - Prepared sim number: 33: RAYPy_Simulation_bessy3_56m_PGM_2Perc_coupling_errors_off_RP/round_7/33_bessy3_56m_PGM_2Perc_coupling_errors_off_RP.rml
2025-02-08 01:33:10,115 - INFO - Prepared sim number: 34: RAYPy_Simulation_bessy3_56m_PGM_2Perc_coupling_errors_off_RP/round_7/34_bessy3_56m_PGM_2Perc_coupling_errors_off_RP.rml
2025-02-08 01:33:10,119 - INFO - Prepared sim number: 35: RAYPy_Simulation_bessy3_56m_PGM_2Perc_coupling_errors_off_RP/round_7/35_bessy3_56m_PGM_2Perc_coupling_errors_off_RP.rml
2025-02-08 01:33:10,122 - INFO - Prepared sim number: 36: RAYPy_Simulation_bessy3_56m_PGM_2Perc_coupling_errors_off_RP/round_7/36_bessy3_56m_PGM_2Perc_coupling_errors_off_RP.rml
2025-02-08 01:33:10,125 - INFO - Prepared sim number: 37: RAYPy_Simulation_bessy3_56m_PGM_2Perc_coupling_errors_off_RP/round_7/37_bessy3_56m_PGM_2Perc_coupling_errors_off_RP.rml
2025-02-08 01:33:10,129 - INFO - Prepared sim number: 38: RAYPy_Simulation_bessy3_56m_PGM_2Perc_coupling_errors_off_RP/round_7/38_bessy3_56m_PGM_2Perc_coupling_errors_off_RP.rml
2025-02-08 01:33:10,129 - INFO - Waiting for batch number: 14, timeout: 20.609318656580786s
2025-02-08 01:33:12,106 - INFO - Completed: 1, remaining: 59, RAYPy_Simulation_bessy3_56m_PGM_2Perc_coupling_errors_off_RP/round_6/103_bessy3_56m_PGM_2Perc_coupling_errors_off_RP.rml
2025-02-08 01:33:12,107 - INFO - Completed: 2, remaining: 58, RAYPy_Simulation_bessy3_56m_PGM_2Perc_coupling_errors_off_RP/round_6/111_bessy3_56m_PGM_2Perc_coupling_errors_off_RP.rml
2025-02-08 01:33:12,114 - INFO - Completed: 3, remaining: 57, RAYPy_Simulation_bessy3_56m_PGM_2Perc_coupling_errors_off_RP/round_6/109_bessy3_56m_PGM_2Perc_coupling_errors_off_RP.rml
2025-02-08 01:33:12,215 - INFO - Completed: 4, remaining: 56, RAYPy_Simulation_bessy3_56m_PGM_2Perc_coupling_errors_off_RP/round_6/107_bessy3_56m_PGM_2Perc_coupling_errors_off_RP.rml
2025-02-08 01:33:12,324 - INFO - Completed: 5, remaining: 55, RAYPy_Simulation_bessy3_56m_PGM_2Perc_coupling_errors_off_RP/round_6/110_bessy3_56m_PGM_2Perc_coupling_errors_off_RP.rml
2025-02-08 01:33:12,378 - INFO - Completed: 6, remaining: 54, RAYPy_Simulation_bessy3_56m_PGM_2Perc_coupling_errors_off_RP/round_6/102_bessy3_56m_PGM_2Perc_coupling_errors_off_RP.rml
2025-02-08 01:33:12,426 - INFO - Completed: 7, remaining: 53, RAYPy_Simulation_bessy3_56m_PGM_2Perc_coupling_errors_off_RP/round_6/106_bessy3_56m_PGM_2Perc_coupling_errors_off_RP.rml
2025-02-08 01:33:15,211 - INFO - Completed: 8, remaining: 52, RAYPy_Simulation_bessy3_56m_PGM_2Perc_coupling_errors_off_RP/round_6/113_bessy3_56m_PGM_2Perc_coupling_errors_off_RP.rml
2025-02-08 01:33:15,349 - INFO - Completed: 9, remaining: 51, RAYPy_Simulation_bessy3_56m_PGM_2Perc_coupling_errors_off_RP/round_6/112_bessy3_56m_PGM_2Perc_coupling_errors_off_RP.rml
2025-02-08 01:33:15,398 - INFO - Completed: 10, remaining: 50, RAYPy_Simulation_bessy3_56m_PGM_2Perc_coupling_errors_off_RP/round_6/114_bessy3_56m_PGM_2Perc_coupling_errors_off_RP.rml
2025-02-08 01:33:15,419 - INFO - Completed: 11, remaining: 49, RAYPy_Simulation_bessy3_56m_PGM_2Perc_coupling_errors_off_RP/round_6/116_bessy3_56m_PGM_2Perc_coupling_errors_off_RP.rml
2025-02-08 01:33:15,465 - INFO - Completed: 12, remaining: 48, RAYPy_Simulation_bessy3_56m_PGM_2Perc_coupling_errors_off_RP/round_6/105_bessy3_56m_PGM_2Perc_coupling_errors_off_RP.rml
2025-02-08 01:33:15,594 - INFO - Completed: 13, remaining: 47, RAYPy_Simulation_bessy3_56m_PGM_2Perc_coupling_errors_off_RP/round_6/115_bessy3_56m_PGM_2Perc_coupling_errors_off_RP.rml
2025-02-08 01:33:15,628 - INFO - Completed: 14, remaining: 46, RAYPy_Simulation_bessy3_56m_PGM_2Perc_coupling_errors_off_RP/round_6/108_bessy3_56m_PGM_2Perc_coupling_errors_off_RP.rml
2025-02-08 01:33:15,742 - INFO - Completed: 15, remaining: 45, RAYPy_Simulation_bessy3_56m_PGM_2Perc_coupling_errors_off_RP/round_6/117_bessy3_56m_PGM_2Perc_coupling_errors_off_RP.rml
2025-02-08 01:33:15,855 - INFO - Completed: 16, remaining: 44, RAYPy_Simulation_bessy3_56m_PGM_2Perc_coupling_errors_off_RP/round_6/120_bessy3_56m_PGM_2Perc_coupling_errors_off_RP.rml
2025-02-08 01:33:15,931 - INFO - Completed: 17, remaining: 43, RAYPy_Simulation_bessy3_56m_PGM_2Perc_coupling_errors_off_RP/round_6/119_bessy3_56m_PGM_2Perc_coupling_errors_off_RP.rml
2025-02-08 01:33:16,026 - INFO - Completed: 18, remaining: 42, RAYPy_Simulation_bessy3_56m_PGM_2Perc_coupling_errors_off_RP/round_6/118_bessy3_56m_PGM_2Perc_coupling_errors_off_RP.rml
2025-02-08 01:33:16,070 - INFO - Completed: 19, remaining: 41, RAYPy_Simulation_bessy3_56m_PGM_2Perc_coupling_errors_off_RP/round_6/104_bessy3_56m_PGM_2Perc_coupling_errors_off_RP.rml
2025-02-08 01:33:18,382 - INFO - Completed: 20, remaining: 40, RAYPy_Simulation_bessy3_56m_PGM_2Perc_coupling_errors_off_RP/round_6/121_bessy3_56m_PGM_2Perc_coupling_errors_off_RP.rml
2025-02-08 01:33:18,626 - INFO - Completed: 21, remaining: 39, RAYPy_Simulation_bessy3_56m_PGM_2Perc_coupling_errors_off_RP/round_7/0_bessy3_56m_PGM_2Perc_coupling_errors_off_RP.rml
2025-02-08 01:33:18,651 - INFO - Completed: 22, remaining: 38, RAYPy_Simulation_bessy3_56m_PGM_2Perc_coupling_errors_off_RP/round_7/1_bessy3_56m_PGM_2Perc_coupling_errors_off_RP.rml
2025-02-08 01:33:18,936 - INFO - Completed: 23, remaining: 37, RAYPy_Simulation_bessy3_56m_PGM_2Perc_coupling_errors_off_RP/round_7/2_bessy3_56m_PGM_2Perc_coupling_errors_off_RP.rml
2025-02-08 01:33:19,019 - INFO - Completed: 24, remaining: 36, RAYPy_Simulation_bessy3_56m_PGM_2Perc_coupling_errors_off_RP/round_7/3_bessy3_56m_PGM_2Perc_coupling_errors_off_RP.rml
2025-02-08 01:33:19,039 - INFO - Completed: 25, remaining: 35, RAYPy_Simulation_bessy3_56m_PGM_2Perc_coupling_errors_off_RP/round_7/4_bessy3_56m_PGM_2Perc_coupling_errors_off_RP.rml
2025-02-08 01:33:19,154 - INFO - Completed: 26, remaining: 34, RAYPy_Simulation_bessy3_56m_PGM_2Perc_coupling_errors_off_RP/round_7/5_bessy3_56m_PGM_2Perc_coupling_errors_off_RP.rml
2025-02-08 01:33:19,274 - INFO - Completed: 27, remaining: 33, RAYPy_Simulation_bessy3_56m_PGM_2Perc_coupling_errors_off_RP/round_7/7_bessy3_56m_PGM_2Perc_coupling_errors_off_RP.rml
2025-02-08 01:33:19,280 - INFO - Completed: 28, remaining: 32, RAYPy_Simulation_bessy3_56m_PGM_2Perc_coupling_errors_off_RP/round_6/122_bessy3_56m_PGM_2Perc_coupling_errors_off_RP.rml
2025-02-08 01:33:19,387 - INFO - Completed: 29, remaining: 31, RAYPy_Simulation_bessy3_56m_PGM_2Perc_coupling_errors_off_RP/round_7/8_bessy3_56m_PGM_2Perc_coupling_errors_off_RP.rml
2025-02-08 01:33:19,517 - INFO - Completed: 30, remaining: 30, RAYPy_Simulation_bessy3_56m_PGM_2Perc_coupling_errors_off_RP/round_7/6_bessy3_56m_PGM_2Perc_coupling_errors_off_RP.rml
2025-02-08 01:33:20,350 - INFO - Completed: 31, remaining: 29, RAYPy_Simulation_bessy3_56m_PGM_2Perc_coupling_errors_off_RP/round_7/9_bessy3_56m_PGM_2Perc_coupling_errors_off_RP.rml
2025-02-08 01:33:21,579 - INFO - Completed: 32, remaining: 28, RAYPy_Simulation_bessy3_56m_PGM_2Perc_coupling_errors_off_RP/round_7/10_bessy3_56m_PGM_2Perc_coupling_errors_off_RP.rml
2025-02-08 01:33:21,823 - INFO - Completed: 33, remaining: 27, RAYPy_Simulation_bessy3_56m_PGM_2Perc_coupling_errors_off_RP/round_7/11_bessy3_56m_PGM_2Perc_coupling_errors_off_RP.rml
2025-02-08 01:33:21,973 - INFO - Completed: 34, remaining: 26, RAYPy_Simulation_bessy3_56m_PGM_2Perc_coupling_errors_off_RP/round_7/12_bessy3_56m_PGM_2Perc_coupling_errors_off_RP.rml
2025-02-08 01:33:22,286 - INFO - Completed: 35, remaining: 25, RAYPy_Simulation_bessy3_56m_PGM_2Perc_coupling_errors_off_RP/round_7/14_bessy3_56m_PGM_2Perc_coupling_errors_off_RP.rml
2025-02-08 01:33:22,517 - INFO - Completed: 36, remaining: 24, RAYPy_Simulation_bessy3_56m_PGM_2Perc_coupling_errors_off_RP/round_7/13_bessy3_56m_PGM_2Perc_coupling_errors_off_RP.rml
2025-02-08 01:33:22,775 - INFO - Completed: 37, remaining: 23, RAYPy_Simulation_bessy3_56m_PGM_2Perc_coupling_errors_off_RP/round_7/16_bessy3_56m_PGM_2Perc_coupling_errors_off_RP.rml
2025-02-08 01:33:22,861 - INFO - Completed: 38, remaining: 22, RAYPy_Simulation_bessy3_56m_PGM_2Perc_coupling_errors_off_RP/round_7/18_bessy3_56m_PGM_2Perc_coupling_errors_off_RP.rml
2025-02-08 01:33:22,977 - INFO - Completed: 39, remaining: 21, RAYPy_Simulation_bessy3_56m_PGM_2Perc_coupling_errors_off_RP/round_7/17_bessy3_56m_PGM_2Perc_coupling_errors_off_RP.rml
2025-02-08 01:33:22,989 - INFO - Completed: 40, remaining: 20, RAYPy_Simulation_bessy3_56m_PGM_2Perc_coupling_errors_off_RP/round_7/19_bessy3_56m_PGM_2Perc_coupling_errors_off_RP.rml
2025-02-08 01:33:23,011 - INFO - Completed: 41, remaining: 19, RAYPy_Simulation_bessy3_56m_PGM_2Perc_coupling_errors_off_RP/round_7/15_bessy3_56m_PGM_2Perc_coupling_errors_off_RP.rml
2025-02-08 01:33:23,110 - INFO - Completed: 42, remaining: 18, RAYPy_Simulation_bessy3_56m_PGM_2Perc_coupling_errors_off_RP/round_7/20_bessy3_56m_PGM_2Perc_coupling_errors_off_RP.rml
2025-02-08 01:33:23,585 - INFO - Completed: 43, remaining: 17, RAYPy_Simulation_bessy3_56m_PGM_2Perc_coupling_errors_off_RP/round_7/21_bessy3_56m_PGM_2Perc_coupling_errors_off_RP.rml
2025-02-08 01:33:24,935 - INFO - Completed: 44, remaining: 16, RAYPy_Simulation_bessy3_56m_PGM_2Perc_coupling_errors_off_RP/round_7/23_bessy3_56m_PGM_2Perc_coupling_errors_off_RP.rml
2025-02-08 01:33:25,261 - INFO - Completed: 45, remaining: 15, RAYPy_Simulation_bessy3_56m_PGM_2Perc_coupling_errors_off_RP/round_7/22_bessy3_56m_PGM_2Perc_coupling_errors_off_RP.rml
2025-02-08 01:33:25,273 - INFO - Completed: 46, remaining: 14, RAYPy_Simulation_bessy3_56m_PGM_2Perc_coupling_errors_off_RP/round_7/24_bessy3_56m_PGM_2Perc_coupling_errors_off_RP.rml
2025-02-08 01:33:25,556 - INFO - Completed: 47, remaining: 13, RAYPy_Simulation_bessy3_56m_PGM_2Perc_coupling_errors_off_RP/round_7/25_bessy3_56m_PGM_2Perc_coupling_errors_off_RP.rml
2025-02-08 01:33:25,793 - INFO - Completed: 48, remaining: 12, RAYPy_Simulation_bessy3_56m_PGM_2Perc_coupling_errors_off_RP/round_7/26_bessy3_56m_PGM_2Perc_coupling_errors_off_RP.rml
2025-02-08 01:33:26,054 - INFO - Completed: 49, remaining: 11, RAYPy_Simulation_bessy3_56m_PGM_2Perc_coupling_errors_off_RP/round_7/29_bessy3_56m_PGM_2Perc_coupling_errors_off_RP.rml
2025-02-08 01:33:26,178 - INFO - Completed: 50, remaining: 10, RAYPy_Simulation_bessy3_56m_PGM_2Perc_coupling_errors_off_RP/round_7/31_bessy3_56m_PGM_2Perc_coupling_errors_off_RP.rml
2025-02-08 01:33:26,276 - INFO - Completed: 51, remaining: 9, RAYPy_Simulation_bessy3_56m_PGM_2Perc_coupling_errors_off_RP/round_7/27_bessy3_56m_PGM_2Perc_coupling_errors_off_RP.rml
2025-02-08 01:33:26,305 - INFO - Completed: 52, remaining: 8, RAYPy_Simulation_bessy3_56m_PGM_2Perc_coupling_errors_off_RP/round_7/28_bessy3_56m_PGM_2Perc_coupling_errors_off_RP.rml
2025-02-08 01:33:26,330 - INFO - Completed: 53, remaining: 7, RAYPy_Simulation_bessy3_56m_PGM_2Perc_coupling_errors_off_RP/round_7/32_bessy3_56m_PGM_2Perc_coupling_errors_off_RP.rml
2025-02-08 01:33:26,354 - INFO - Completed: 54, remaining: 6, RAYPy_Simulation_bessy3_56m_PGM_2Perc_coupling_errors_off_RP/round_7/30_bessy3_56m_PGM_2Perc_coupling_errors_off_RP.rml
2025-02-08 01:33:26,545 - INFO - Completed: 55, remaining: 5, RAYPy_Simulation_bessy3_56m_PGM_2Perc_coupling_errors_off_RP/round_7/33_bessy3_56m_PGM_2Perc_coupling_errors_off_RP.rml
2025-02-08 01:33:27,524 - INFO - Completed: 56, remaining: 4, RAYPy_Simulation_bessy3_56m_PGM_2Perc_coupling_errors_off_RP/round_7/34_bessy3_56m_PGM_2Perc_coupling_errors_off_RP.rml
2025-02-08 01:33:27,901 - INFO - Completed: 57, remaining: 3, RAYPy_Simulation_bessy3_56m_PGM_2Perc_coupling_errors_off_RP/round_7/36_bessy3_56m_PGM_2Perc_coupling_errors_off_RP.rml
2025-02-08 01:33:28,128 - INFO - Completed: 58, remaining: 2, RAYPy_Simulation_bessy3_56m_PGM_2Perc_coupling_errors_off_RP/round_7/37_bessy3_56m_PGM_2Perc_coupling_errors_off_RP.rml
2025-02-08 01:33:28,266 - INFO - Completed: 59, remaining: 1, RAYPy_Simulation_bessy3_56m_PGM_2Perc_coupling_errors_off_RP/round_7/35_bessy3_56m_PGM_2Perc_coupling_errors_off_RP.rml
2025-02-08 01:33:28,364 - INFO - Completed: 60, remaining: 0, RAYPy_Simulation_bessy3_56m_PGM_2Perc_coupling_errors_off_RP/round_7/38_bessy3_56m_PGM_2Perc_coupling_errors_off_RP.rml
2025-02-08 01:33:28,365 - INFO - Batch Completed
2025-02-08 01:33:28,365 - INFO - Waiting For batch, 60 simulations to go
2025-02-08 01:33:28,383 - INFO - Prepared sim number: 39: RAYPy_Simulation_bessy3_56m_PGM_2Perc_coupling_errors_off_RP/round_7/39_bessy3_56m_PGM_2Perc_coupling_errors_off_RP.rml
2025-02-08 01:33:28,395 - INFO - Prepared sim number: 40: RAYPy_Simulation_bessy3_56m_PGM_2Perc_coupling_errors_off_RP/round_7/40_bessy3_56m_PGM_2Perc_coupling_errors_off_RP.rml
2025-02-08 01:33:28,407 - INFO - Prepared sim number: 41: RAYPy_Simulation_bessy3_56m_PGM_2Perc_coupling_errors_off_RP/round_7/41_bessy3_56m_PGM_2Perc_coupling_errors_off_RP.rml
2025-02-08 01:33:28,423 - INFO - Prepared sim number: 42: RAYPy_Simulation_bessy3_56m_PGM_2Perc_coupling_errors_off_RP/round_7/42_bessy3_56m_PGM_2Perc_coupling_errors_off_RP.rml
2025-02-08 01:33:28,434 - INFO - Prepared sim number: 43: RAYPy_Simulation_bessy3_56m_PGM_2Perc_coupling_errors_off_RP/round_7/43_bessy3_56m_PGM_2Perc_coupling_errors_off_RP.rml
2025-02-08 01:33:28,445 - INFO - Prepared sim number: 44: RAYPy_Simulation_bessy3_56m_PGM_2Perc_coupling_errors_off_RP/round_7/44_bessy3_56m_PGM_2Perc_coupling_errors_off_RP.rml
2025-02-08 01:33:28,456 - INFO - Prepared sim number: 45: RAYPy_Simulation_bessy3_56m_PGM_2Perc_coupling_errors_off_RP/round_7/45_bessy3_56m_PGM_2Perc_coupling_errors_off_RP.rml
2025-02-08 01:33:28,462 - INFO - Prepared sim number: 46: RAYPy_Simulation_bessy3_56m_PGM_2Perc_coupling_errors_off_RP/round_7/46_bessy3_56m_PGM_2Perc_coupling_errors_off_RP.rml
2025-02-08 01:33:28,465 - INFO - Prepared sim number: 47: RAYPy_Simulation_bessy3_56m_PGM_2Perc_coupling_errors_off_RP/round_7/47_bessy3_56m_PGM_2Perc_coupling_errors_off_RP.rml
2025-02-08 01:33:28,474 - INFO - Prepared sim number: 48: RAYPy_Simulation_bessy3_56m_PGM_2Perc_coupling_errors_off_RP/round_7/48_bessy3_56m_PGM_2Perc_coupling_errors_off_RP.rml
2025-02-08 01:33:28,483 - INFO - Prepared sim number: 49: RAYPy_Simulation_bessy3_56m_PGM_2Perc_coupling_errors_off_RP/round_7/49_bessy3_56m_PGM_2Perc_coupling_errors_off_RP.rml
2025-02-08 01:33:28,492 - INFO - Prepared sim number: 50: RAYPy_Simulation_bessy3_56m_PGM_2Perc_coupling_errors_off_RP/round_7/50_bessy3_56m_PGM_2Perc_coupling_errors_off_RP.rml
2025-02-08 01:33:28,501 - INFO - Prepared sim number: 51: RAYPy_Simulation_bessy3_56m_PGM_2Perc_coupling_errors_off_RP/round_7/51_bessy3_56m_PGM_2Perc_coupling_errors_off_RP.rml
2025-02-08 01:33:28,510 - INFO - Prepared sim number: 52: RAYPy_Simulation_bessy3_56m_PGM_2Perc_coupling_errors_off_RP/round_7/52_bessy3_56m_PGM_2Perc_coupling_errors_off_RP.rml
2025-02-08 01:33:28,518 - INFO - Prepared sim number: 53: RAYPy_Simulation_bessy3_56m_PGM_2Perc_coupling_errors_off_RP/round_7/53_bessy3_56m_PGM_2Perc_coupling_errors_off_RP.rml
2025-02-08 01:33:28,527 - INFO - Prepared sim number: 54: RAYPy_Simulation_bessy3_56m_PGM_2Perc_coupling_errors_off_RP/round_7/54_bessy3_56m_PGM_2Perc_coupling_errors_off_RP.rml
2025-02-08 01:33:28,543 - INFO - Prepared sim number: 55: RAYPy_Simulation_bessy3_56m_PGM_2Perc_coupling_errors_off_RP/round_7/55_bessy3_56m_PGM_2Perc_coupling_errors_off_RP.rml
2025-02-08 01:33:28,553 - INFO - Prepared sim number: 56: RAYPy_Simulation_bessy3_56m_PGM_2Perc_coupling_errors_off_RP/round_7/56_bessy3_56m_PGM_2Perc_coupling_errors_off_RP.rml
2025-02-08 01:33:28,562 - INFO - Prepared sim number: 57: RAYPy_Simulation_bessy3_56m_PGM_2Perc_coupling_errors_off_RP/round_7/57_bessy3_56m_PGM_2Perc_coupling_errors_off_RP.rml
2025-02-08 01:33:28,570 - INFO - Prepared sim number: 58: RAYPy_Simulation_bessy3_56m_PGM_2Perc_coupling_errors_off_RP/round_7/58_bessy3_56m_PGM_2Perc_coupling_errors_off_RP.rml
2025-02-08 01:33:28,578 - INFO - Prepared sim number: 59: RAYPy_Simulation_bessy3_56m_PGM_2Perc_coupling_errors_off_RP/round_7/59_bessy3_56m_PGM_2Perc_coupling_errors_off_RP.rml
2025-02-08 01:33:28,586 - INFO - Prepared sim number: 60: RAYPy_Simulation_bessy3_56m_PGM_2Perc_coupling_errors_off_RP/round_7/60_bessy3_56m_PGM_2Perc_coupling_errors_off_RP.rml
2025-02-08 01:33:28,594 - INFO - Prepared sim number: 61: RAYPy_Simulation_bessy3_56m_PGM_2Perc_coupling_errors_off_RP/round_7/61_bessy3_56m_PGM_2Perc_coupling_errors_off_RP.rml
2025-02-08 01:33:28,602 - INFO - Prepared sim number: 62: RAYPy_Simulation_bessy3_56m_PGM_2Perc_coupling_errors_off_RP/round_7/62_bessy3_56m_PGM_2Perc_coupling_errors_off_RP.rml
2025-02-08 01:33:28,611 - INFO - Prepared sim number: 63: RAYPy_Simulation_bessy3_56m_PGM_2Perc_coupling_errors_off_RP/round_7/63_bessy3_56m_PGM_2Perc_coupling_errors_off_RP.rml
2025-02-08 01:33:28,618 - INFO - Prepared sim number: 64: RAYPy_Simulation_bessy3_56m_PGM_2Perc_coupling_errors_off_RP/round_7/64_bessy3_56m_PGM_2Perc_coupling_errors_off_RP.rml
2025-02-08 01:33:28,627 - INFO - Prepared sim number: 65: RAYPy_Simulation_bessy3_56m_PGM_2Perc_coupling_errors_off_RP/round_7/65_bessy3_56m_PGM_2Perc_coupling_errors_off_RP.rml
2025-02-08 01:33:28,636 - INFO - Prepared sim number: 66: RAYPy_Simulation_bessy3_56m_PGM_2Perc_coupling_errors_off_RP/round_7/66_bessy3_56m_PGM_2Perc_coupling_errors_off_RP.rml
2025-02-08 01:33:28,644 - INFO - Prepared sim number: 67: RAYPy_Simulation_bessy3_56m_PGM_2Perc_coupling_errors_off_RP/round_7/67_bessy3_56m_PGM_2Perc_coupling_errors_off_RP.rml
2025-02-08 01:33:28,653 - INFO - Prepared sim number: 68: RAYPy_Simulation_bessy3_56m_PGM_2Perc_coupling_errors_off_RP/round_7/68_bessy3_56m_PGM_2Perc_coupling_errors_off_RP.rml
2025-02-08 01:33:28,663 - INFO - Prepared sim number: 69: RAYPy_Simulation_bessy3_56m_PGM_2Perc_coupling_errors_off_RP/round_7/69_bessy3_56m_PGM_2Perc_coupling_errors_off_RP.rml
2025-02-08 01:33:28,671 - INFO - Prepared sim number: 70: RAYPy_Simulation_bessy3_56m_PGM_2Perc_coupling_errors_off_RP/round_7/70_bessy3_56m_PGM_2Perc_coupling_errors_off_RP.rml
2025-02-08 01:33:28,681 - INFO - Prepared sim number: 71: RAYPy_Simulation_bessy3_56m_PGM_2Perc_coupling_errors_off_RP/round_7/71_bessy3_56m_PGM_2Perc_coupling_errors_off_RP.rml
2025-02-08 01:33:28,691 - INFO - Prepared sim number: 72: RAYPy_Simulation_bessy3_56m_PGM_2Perc_coupling_errors_off_RP/round_7/72_bessy3_56m_PGM_2Perc_coupling_errors_off_RP.rml
2025-02-08 01:33:28,701 - INFO - Prepared sim number: 73: RAYPy_Simulation_bessy3_56m_PGM_2Perc_coupling_errors_off_RP/round_7/73_bessy3_56m_PGM_2Perc_coupling_errors_off_RP.rml
2025-02-08 01:33:28,711 - INFO - Prepared sim number: 74: RAYPy_Simulation_bessy3_56m_PGM_2Perc_coupling_errors_off_RP/round_7/74_bessy3_56m_PGM_2Perc_coupling_errors_off_RP.rml
2025-02-08 01:33:28,720 - INFO - Prepared sim number: 75: RAYPy_Simulation_bessy3_56m_PGM_2Perc_coupling_errors_off_RP/round_7/75_bessy3_56m_PGM_2Perc_coupling_errors_off_RP.rml
2025-02-08 01:33:28,728 - INFO - Prepared sim number: 76: RAYPy_Simulation_bessy3_56m_PGM_2Perc_coupling_errors_off_RP/round_7/76_bessy3_56m_PGM_2Perc_coupling_errors_off_RP.rml
2025-02-08 01:33:28,736 - INFO - Prepared sim number: 77: RAYPy_Simulation_bessy3_56m_PGM_2Perc_coupling_errors_off_RP/round_7/77_bessy3_56m_PGM_2Perc_coupling_errors_off_RP.rml
2025-02-08 01:33:28,744 - INFO - Prepared sim number: 78: RAYPy_Simulation_bessy3_56m_PGM_2Perc_coupling_errors_off_RP/round_7/78_bessy3_56m_PGM_2Perc_coupling_errors_off_RP.rml
2025-02-08 01:33:28,749 - INFO - Prepared sim number: 79: RAYPy_Simulation_bessy3_56m_PGM_2Perc_coupling_errors_off_RP/round_7/79_bessy3_56m_PGM_2Perc_coupling_errors_off_RP.rml
2025-02-08 01:33:28,754 - INFO - Prepared sim number: 80: RAYPy_Simulation_bessy3_56m_PGM_2Perc_coupling_errors_off_RP/round_7/80_bessy3_56m_PGM_2Perc_coupling_errors_off_RP.rml
2025-02-08 01:33:28,760 - INFO - Prepared sim number: 81: RAYPy_Simulation_bessy3_56m_PGM_2Perc_coupling_errors_off_RP/round_7/81_bessy3_56m_PGM_2Perc_coupling_errors_off_RP.rml
2025-02-08 01:33:28,765 - INFO - Prepared sim number: 82: RAYPy_Simulation_bessy3_56m_PGM_2Perc_coupling_errors_off_RP/round_7/82_bessy3_56m_PGM_2Perc_coupling_errors_off_RP.rml
2025-02-08 01:33:28,769 - INFO - Prepared sim number: 83: RAYPy_Simulation_bessy3_56m_PGM_2Perc_coupling_errors_off_RP/round_7/83_bessy3_56m_PGM_2Perc_coupling_errors_off_RP.rml
2025-02-08 01:33:28,774 - INFO - Prepared sim number: 84: RAYPy_Simulation_bessy3_56m_PGM_2Perc_coupling_errors_off_RP/round_7/84_bessy3_56m_PGM_2Perc_coupling_errors_off_RP.rml
2025-02-08 01:33:28,779 - INFO - Prepared sim number: 85: RAYPy_Simulation_bessy3_56m_PGM_2Perc_coupling_errors_off_RP/round_7/85_bessy3_56m_PGM_2Perc_coupling_errors_off_RP.rml
2025-02-08 01:33:28,783 - INFO - Prepared sim number: 86: RAYPy_Simulation_bessy3_56m_PGM_2Perc_coupling_errors_off_RP/round_7/86_bessy3_56m_PGM_2Perc_coupling_errors_off_RP.rml
2025-02-08 01:33:28,788 - INFO - Prepared sim number: 87: RAYPy_Simulation_bessy3_56m_PGM_2Perc_coupling_errors_off_RP/round_7/87_bessy3_56m_PGM_2Perc_coupling_errors_off_RP.rml
2025-02-08 01:33:28,793 - INFO - Prepared sim number: 88: RAYPy_Simulation_bessy3_56m_PGM_2Perc_coupling_errors_off_RP/round_7/88_bessy3_56m_PGM_2Perc_coupling_errors_off_RP.rml
2025-02-08 01:33:28,798 - INFO - Prepared sim number: 89: RAYPy_Simulation_bessy3_56m_PGM_2Perc_coupling_errors_off_RP/round_7/89_bessy3_56m_PGM_2Perc_coupling_errors_off_RP.rml
2025-02-08 01:33:28,803 - INFO - Prepared sim number: 90: RAYPy_Simulation_bessy3_56m_PGM_2Perc_coupling_errors_off_RP/round_7/90_bessy3_56m_PGM_2Perc_coupling_errors_off_RP.rml
2025-02-08 01:33:28,807 - INFO - Prepared sim number: 91: RAYPy_Simulation_bessy3_56m_PGM_2Perc_coupling_errors_off_RP/round_7/91_bessy3_56m_PGM_2Perc_coupling_errors_off_RP.rml
2025-02-08 01:33:28,812 - INFO - Prepared sim number: 92: RAYPy_Simulation_bessy3_56m_PGM_2Perc_coupling_errors_off_RP/round_7/92_bessy3_56m_PGM_2Perc_coupling_errors_off_RP.rml
2025-02-08 01:33:28,817 - INFO - Prepared sim number: 93: RAYPy_Simulation_bessy3_56m_PGM_2Perc_coupling_errors_off_RP/round_7/93_bessy3_56m_PGM_2Perc_coupling_errors_off_RP.rml
2025-02-08 01:33:28,822 - INFO - Prepared sim number: 94: RAYPy_Simulation_bessy3_56m_PGM_2Perc_coupling_errors_off_RP/round_7/94_bessy3_56m_PGM_2Perc_coupling_errors_off_RP.rml
2025-02-08 01:33:28,827 - INFO - Prepared sim number: 95: RAYPy_Simulation_bessy3_56m_PGM_2Perc_coupling_errors_off_RP/round_7/95_bessy3_56m_PGM_2Perc_coupling_errors_off_RP.rml
2025-02-08 01:33:28,832 - INFO - Prepared sim number: 96: RAYPy_Simulation_bessy3_56m_PGM_2Perc_coupling_errors_off_RP/round_7/96_bessy3_56m_PGM_2Perc_coupling_errors_off_RP.rml
2025-02-08 01:33:28,837 - INFO - Prepared sim number: 97: RAYPy_Simulation_bessy3_56m_PGM_2Perc_coupling_errors_off_RP/round_7/97_bessy3_56m_PGM_2Perc_coupling_errors_off_RP.rml
2025-02-08 01:33:28,842 - INFO - Prepared sim number: 98: RAYPy_Simulation_bessy3_56m_PGM_2Perc_coupling_errors_off_RP/round_7/98_bessy3_56m_PGM_2Perc_coupling_errors_off_RP.rml
2025-02-08 01:33:28,843 - INFO - Waiting for batch number: 15, timeout: 20.586192456881204s
2025-02-08 01:33:31,610 - INFO - Completed: 1, remaining: 59, RAYPy_Simulation_bessy3_56m_PGM_2Perc_coupling_errors_off_RP/round_7/48_bessy3_56m_PGM_2Perc_coupling_errors_off_RP.rml
2025-02-08 01:33:31,683 - INFO - Completed: 2, remaining: 58, RAYPy_Simulation_bessy3_56m_PGM_2Perc_coupling_errors_off_RP/round_7/44_bessy3_56m_PGM_2Perc_coupling_errors_off_RP.rml
2025-02-08 01:33:31,831 - INFO - Completed: 3, remaining: 57, RAYPy_Simulation_bessy3_56m_PGM_2Perc_coupling_errors_off_RP/round_7/41_bessy3_56m_PGM_2Perc_coupling_errors_off_RP.rml
2025-02-08 01:33:31,899 - INFO - Completed: 4, remaining: 56, RAYPy_Simulation_bessy3_56m_PGM_2Perc_coupling_errors_off_RP/round_7/42_bessy3_56m_PGM_2Perc_coupling_errors_off_RP.rml
2025-02-08 01:33:31,940 - INFO - Completed: 5, remaining: 55, RAYPy_Simulation_bessy3_56m_PGM_2Perc_coupling_errors_off_RP/round_7/46_bessy3_56m_PGM_2Perc_coupling_errors_off_RP.rml
2025-02-08 01:33:32,001 - INFO - Completed: 6, remaining: 54, RAYPy_Simulation_bessy3_56m_PGM_2Perc_coupling_errors_off_RP/round_7/47_bessy3_56m_PGM_2Perc_coupling_errors_off_RP.rml
2025-02-08 01:33:32,030 - INFO - Completed: 7, remaining: 53, RAYPy_Simulation_bessy3_56m_PGM_2Perc_coupling_errors_off_RP/round_7/45_bessy3_56m_PGM_2Perc_coupling_errors_off_RP.rml
2025-02-08 01:33:32,063 - INFO - Completed: 8, remaining: 52, RAYPy_Simulation_bessy3_56m_PGM_2Perc_coupling_errors_off_RP/round_7/50_bessy3_56m_PGM_2Perc_coupling_errors_off_RP.rml
2025-02-08 01:33:32,225 - INFO - Completed: 9, remaining: 51, RAYPy_Simulation_bessy3_56m_PGM_2Perc_coupling_errors_off_RP/round_7/49_bessy3_56m_PGM_2Perc_coupling_errors_off_RP.rml
2025-02-08 01:33:32,271 - INFO - Completed: 10, remaining: 50, RAYPy_Simulation_bessy3_56m_PGM_2Perc_coupling_errors_off_RP/round_7/40_bessy3_56m_PGM_2Perc_coupling_errors_off_RP.rml
2025-02-08 01:33:32,423 - INFO - Completed: 11, remaining: 49, RAYPy_Simulation_bessy3_56m_PGM_2Perc_coupling_errors_off_RP/round_7/39_bessy3_56m_PGM_2Perc_coupling_errors_off_RP.rml
2025-02-08 01:33:34,642 - INFO - Completed: 12, remaining: 48, RAYPy_Simulation_bessy3_56m_PGM_2Perc_coupling_errors_off_RP/round_7/52_bessy3_56m_PGM_2Perc_coupling_errors_off_RP.rml
2025-02-08 01:33:34,856 - INFO - Completed: 13, remaining: 47, RAYPy_Simulation_bessy3_56m_PGM_2Perc_coupling_errors_off_RP/round_7/51_bessy3_56m_PGM_2Perc_coupling_errors_off_RP.rml
2025-02-08 01:33:34,919 - INFO - Completed: 14, remaining: 46, RAYPy_Simulation_bessy3_56m_PGM_2Perc_coupling_errors_off_RP/round_7/54_bessy3_56m_PGM_2Perc_coupling_errors_off_RP.rml
2025-02-08 01:33:35,092 - INFO - Completed: 15, remaining: 45, RAYPy_Simulation_bessy3_56m_PGM_2Perc_coupling_errors_off_RP/round_7/58_bessy3_56m_PGM_2Perc_coupling_errors_off_RP.rml
2025-02-08 01:33:35,253 - INFO - Completed: 16, remaining: 44, RAYPy_Simulation_bessy3_56m_PGM_2Perc_coupling_errors_off_RP/round_7/53_bessy3_56m_PGM_2Perc_coupling_errors_off_RP.rml
2025-02-08 01:33:35,287 - INFO - Completed: 17, remaining: 43, RAYPy_Simulation_bessy3_56m_PGM_2Perc_coupling_errors_off_RP/round_7/56_bessy3_56m_PGM_2Perc_coupling_errors_off_RP.rml
2025-02-08 01:33:35,303 - INFO - Completed: 18, remaining: 42, RAYPy_Simulation_bessy3_56m_PGM_2Perc_coupling_errors_off_RP/round_7/55_bessy3_56m_PGM_2Perc_coupling_errors_off_RP.rml
2025-02-08 01:33:35,378 - INFO - Completed: 19, remaining: 41, RAYPy_Simulation_bessy3_56m_PGM_2Perc_coupling_errors_off_RP/round_7/57_bessy3_56m_PGM_2Perc_coupling_errors_off_RP.rml
2025-02-08 01:33:35,454 - INFO - Completed: 20, remaining: 40, RAYPy_Simulation_bessy3_56m_PGM_2Perc_coupling_errors_off_RP/round_7/60_bessy3_56m_PGM_2Perc_coupling_errors_off_RP.rml
2025-02-08 01:33:35,474 - INFO - Completed: 21, remaining: 39, RAYPy_Simulation_bessy3_56m_PGM_2Perc_coupling_errors_off_RP/round_7/59_bessy3_56m_PGM_2Perc_coupling_errors_off_RP.rml
2025-02-08 01:33:35,967 - INFO - Completed: 22, remaining: 38, RAYPy_Simulation_bessy3_56m_PGM_2Perc_coupling_errors_off_RP/round_7/61_bessy3_56m_PGM_2Perc_coupling_errors_off_RP.rml
2025-02-08 01:33:37,396 - INFO - Completed: 23, remaining: 37, RAYPy_Simulation_bessy3_56m_PGM_2Perc_coupling_errors_off_RP/round_7/62_bessy3_56m_PGM_2Perc_coupling_errors_off_RP.rml
2025-02-08 01:33:37,753 - INFO - Completed: 24, remaining: 36, RAYPy_Simulation_bessy3_56m_PGM_2Perc_coupling_errors_off_RP/round_7/64_bessy3_56m_PGM_2Perc_coupling_errors_off_RP.rml
2025-02-08 01:33:37,818 - INFO - Completed: 25, remaining: 35, RAYPy_Simulation_bessy3_56m_PGM_2Perc_coupling_errors_off_RP/round_7/63_bessy3_56m_PGM_2Perc_coupling_errors_off_RP.rml
2025-02-08 01:33:38,022 - INFO - Completed: 26, remaining: 34, RAYPy_Simulation_bessy3_56m_PGM_2Perc_coupling_errors_off_RP/round_7/65_bessy3_56m_PGM_2Perc_coupling_errors_off_RP.rml
2025-02-08 01:33:38,086 - INFO - Completed: 27, remaining: 33, RAYPy_Simulation_bessy3_56m_PGM_2Perc_coupling_errors_off_RP/round_7/70_bessy3_56m_PGM_2Perc_coupling_errors_off_RP.rml
2025-02-08 01:33:38,251 - INFO - Completed: 28, remaining: 32, RAYPy_Simulation_bessy3_56m_PGM_2Perc_coupling_errors_off_RP/round_7/71_bessy3_56m_PGM_2Perc_coupling_errors_off_RP.rml
2025-02-08 01:33:38,370 - INFO - Completed: 29, remaining: 31, RAYPy_Simulation_bessy3_56m_PGM_2Perc_coupling_errors_off_RP/round_7/67_bessy3_56m_PGM_2Perc_coupling_errors_off_RP.rml
2025-02-08 01:33:38,410 - INFO - Completed: 30, remaining: 30, RAYPy_Simulation_bessy3_56m_PGM_2Perc_coupling_errors_off_RP/round_7/68_bessy3_56m_PGM_2Perc_coupling_errors_off_RP.rml
2025-02-08 01:33:38,512 - INFO - Completed: 31, remaining: 29, RAYPy_Simulation_bessy3_56m_PGM_2Perc_coupling_errors_off_RP/round_7/66_bessy3_56m_PGM_2Perc_coupling_errors_off_RP.rml
2025-02-08 01:33:38,617 - INFO - Completed: 32, remaining: 28, RAYPy_Simulation_bessy3_56m_PGM_2Perc_coupling_errors_off_RP/round_7/69_bessy3_56m_PGM_2Perc_coupling_errors_off_RP.rml
2025-02-08 01:33:38,858 - INFO - Completed: 33, remaining: 27, RAYPy_Simulation_bessy3_56m_PGM_2Perc_coupling_errors_off_RP/round_7/72_bessy3_56m_PGM_2Perc_coupling_errors_off_RP.rml
2025-02-08 01:33:40,551 - INFO - Completed: 34, remaining: 26, RAYPy_Simulation_bessy3_56m_PGM_2Perc_coupling_errors_off_RP/round_7/73_bessy3_56m_PGM_2Perc_coupling_errors_off_RP.rml
2025-02-08 01:33:40,932 - INFO - Completed: 35, remaining: 25, RAYPy_Simulation_bessy3_56m_PGM_2Perc_coupling_errors_off_RP/round_7/75_bessy3_56m_PGM_2Perc_coupling_errors_off_RP.rml
2025-02-08 01:33:41,008 - INFO - Completed: 36, remaining: 24, RAYPy_Simulation_bessy3_56m_PGM_2Perc_coupling_errors_off_RP/round_7/74_bessy3_56m_PGM_2Perc_coupling_errors_off_RP.rml
2025-02-08 01:33:41,342 - INFO - Completed: 37, remaining: 23, RAYPy_Simulation_bessy3_56m_PGM_2Perc_coupling_errors_off_RP/round_7/76_bessy3_56m_PGM_2Perc_coupling_errors_off_RP.rml
2025-02-08 01:33:41,466 - INFO - Completed: 38, remaining: 22, RAYPy_Simulation_bessy3_56m_PGM_2Perc_coupling_errors_off_RP/round_7/77_bessy3_56m_PGM_2Perc_coupling_errors_off_RP.rml
2025-02-08 01:33:41,593 - INFO - Completed: 39, remaining: 21, RAYPy_Simulation_bessy3_56m_PGM_2Perc_coupling_errors_off_RP/round_7/78_bessy3_56m_PGM_2Perc_coupling_errors_off_RP.rml
2025-02-08 01:33:41,687 - INFO - Completed: 40, remaining: 20, RAYPy_Simulation_bessy3_56m_PGM_2Perc_coupling_errors_off_RP/round_7/82_bessy3_56m_PGM_2Perc_coupling_errors_off_RP.rml
2025-02-08 01:33:41,806 - INFO - Completed: 41, remaining: 19, RAYPy_Simulation_bessy3_56m_PGM_2Perc_coupling_errors_off_RP/round_7/81_bessy3_56m_PGM_2Perc_coupling_errors_off_RP.rml
2025-02-08 01:33:41,873 - INFO - Completed: 42, remaining: 18, RAYPy_Simulation_bessy3_56m_PGM_2Perc_coupling_errors_off_RP/round_7/80_bessy3_56m_PGM_2Perc_coupling_errors_off_RP.rml
2025-02-08 01:33:42,230 - INFO - Completed: 43, remaining: 17, RAYPy_Simulation_bessy3_56m_PGM_2Perc_coupling_errors_off_RP/round_7/83_bessy3_56m_PGM_2Perc_coupling_errors_off_RP.rml
2025-02-08 01:33:42,723 - INFO - Completed: 44, remaining: 16, RAYPy_Simulation_bessy3_56m_PGM_2Perc_coupling_errors_off_RP/round_7/79_bessy3_56m_PGM_2Perc_coupling_errors_off_RP.rml
2025-02-08 01:33:43,591 - INFO - Completed: 45, remaining: 15, RAYPy_Simulation_bessy3_56m_PGM_2Perc_coupling_errors_off_RP/round_7/84_bessy3_56m_PGM_2Perc_coupling_errors_off_RP.rml
2025-02-08 01:33:44,074 - INFO - Completed: 46, remaining: 14, RAYPy_Simulation_bessy3_56m_PGM_2Perc_coupling_errors_off_RP/round_7/85_bessy3_56m_PGM_2Perc_coupling_errors_off_RP.rml
2025-02-08 01:33:44,187 - INFO - Completed: 47, remaining: 13, RAYPy_Simulation_bessy3_56m_PGM_2Perc_coupling_errors_off_RP/round_7/86_bessy3_56m_PGM_2Perc_coupling_errors_off_RP.rml
2025-02-08 01:33:44,428 - INFO - Completed: 48, remaining: 12, RAYPy_Simulation_bessy3_56m_PGM_2Perc_coupling_errors_off_RP/round_7/87_bessy3_56m_PGM_2Perc_coupling_errors_off_RP.rml
2025-02-08 01:33:44,477 - INFO - Completed: 49, remaining: 11, RAYPy_Simulation_bessy3_56m_PGM_2Perc_coupling_errors_off_RP/round_7/88_bessy3_56m_PGM_2Perc_coupling_errors_off_RP.rml
2025-02-08 01:33:44,544 - INFO - Completed: 50, remaining: 10, RAYPy_Simulation_bessy3_56m_PGM_2Perc_coupling_errors_off_RP/round_7/89_bessy3_56m_PGM_2Perc_coupling_errors_off_RP.rml
2025-02-08 01:33:44,767 - INFO - Completed: 51, remaining: 9, RAYPy_Simulation_bessy3_56m_PGM_2Perc_coupling_errors_off_RP/round_7/90_bessy3_56m_PGM_2Perc_coupling_errors_off_RP.rml
2025-02-08 01:33:44,804 - INFO - Completed: 52, remaining: 8, RAYPy_Simulation_bessy3_56m_PGM_2Perc_coupling_errors_off_RP/round_7/91_bessy3_56m_PGM_2Perc_coupling_errors_off_RP.rml
2025-02-08 01:33:44,981 - INFO - Completed: 53, remaining: 7, RAYPy_Simulation_bessy3_56m_PGM_2Perc_coupling_errors_off_RP/round_7/92_bessy3_56m_PGM_2Perc_coupling_errors_off_RP.rml
2025-02-08 01:33:45,265 - INFO - Completed: 54, remaining: 6, RAYPy_Simulation_bessy3_56m_PGM_2Perc_coupling_errors_off_RP/round_7/93_bessy3_56m_PGM_2Perc_coupling_errors_off_RP.rml
2025-02-08 01:33:45,775 - INFO - Completed: 55, remaining: 5, RAYPy_Simulation_bessy3_56m_PGM_2Perc_coupling_errors_off_RP/round_7/94_bessy3_56m_PGM_2Perc_coupling_errors_off_RP.rml
2025-02-08 01:33:46,370 - INFO - Completed: 56, remaining: 4, RAYPy_Simulation_bessy3_56m_PGM_2Perc_coupling_errors_off_RP/round_7/96_bessy3_56m_PGM_2Perc_coupling_errors_off_RP.rml
2025-02-08 01:33:46,385 - INFO - Completed: 57, remaining: 3, RAYPy_Simulation_bessy3_56m_PGM_2Perc_coupling_errors_off_RP/round_7/97_bessy3_56m_PGM_2Perc_coupling_errors_off_RP.rml
2025-02-08 01:33:46,483 - INFO - Completed: 58, remaining: 2, RAYPy_Simulation_bessy3_56m_PGM_2Perc_coupling_errors_off_RP/round_7/98_bessy3_56m_PGM_2Perc_coupling_errors_off_RP.rml
2025-02-08 01:33:46,648 - INFO - Completed: 59, remaining: 1, RAYPy_Simulation_bessy3_56m_PGM_2Perc_coupling_errors_off_RP/round_7/95_bessy3_56m_PGM_2Perc_coupling_errors_off_RP.rml
2025-02-08 01:33:49,432 - INFO - Exception during simulation: 1 (of 60) futures unfinished
2025-02-08 01:33:54,447 - INFO - Waiting for file RAYPy_Simulation_bessy3_56m_PGM_2Perc_coupling_errors_off_RP/round_7/43_bessy3_56m_PGM_2Perc_coupling_errors_off_RP.rml, wait_time 0.1164354370582581
2025-02-08 01:33:59,449 - INFO - Waiting for file RAYPy_Simulation_bessy3_56m_PGM_2Perc_coupling_errors_off_RP/round_7/43_bessy3_56m_PGM_2Perc_coupling_errors_off_RP.rml, wait_time -4.883564562941742
2025-02-08 01:33:59,474 - INFO - Found most simulations of the batch, futures missed at least 1 simulations
2025-02-08 01:33:59,474 - INFO - Updated progress bar
2025-02-08 01:33:59,475 - INFO - Batch Completed
2025-02-08 01:33:59,475 - INFO - Waiting For batch, 60 simulations to go
2025-02-08 01:33:59,480 - INFO - Prepared sim number: 99: RAYPy_Simulation_bessy3_56m_PGM_2Perc_coupling_errors_off_RP/round_7/99_bessy3_56m_PGM_2Perc_coupling_errors_off_RP.rml
2025-02-08 01:33:59,485 - INFO - Prepared sim number: 100: RAYPy_Simulation_bessy3_56m_PGM_2Perc_coupling_errors_off_RP/round_7/100_bessy3_56m_PGM_2Perc_coupling_errors_off_RP.rml
2025-02-08 01:33:59,491 - INFO - Prepared sim number: 101: RAYPy_Simulation_bessy3_56m_PGM_2Perc_coupling_errors_off_RP/round_7/101_bessy3_56m_PGM_2Perc_coupling_errors_off_RP.rml
2025-02-08 01:33:59,501 - INFO - Prepared sim number: 102: RAYPy_Simulation_bessy3_56m_PGM_2Perc_coupling_errors_off_RP/round_7/102_bessy3_56m_PGM_2Perc_coupling_errors_off_RP.rml
2025-02-08 01:33:59,507 - INFO - Prepared sim number: 103: RAYPy_Simulation_bessy3_56m_PGM_2Perc_coupling_errors_off_RP/round_7/103_bessy3_56m_PGM_2Perc_coupling_errors_off_RP.rml
2025-02-08 01:33:59,512 - INFO - Prepared sim number: 104: RAYPy_Simulation_bessy3_56m_PGM_2Perc_coupling_errors_off_RP/round_7/104_bessy3_56m_PGM_2Perc_coupling_errors_off_RP.rml
2025-02-08 01:33:59,518 - INFO - Prepared sim number: 105: RAYPy_Simulation_bessy3_56m_PGM_2Perc_coupling_errors_off_RP/round_7/105_bessy3_56m_PGM_2Perc_coupling_errors_off_RP.rml
2025-02-08 01:33:59,523 - INFO - Prepared sim number: 106: RAYPy_Simulation_bessy3_56m_PGM_2Perc_coupling_errors_off_RP/round_7/106_bessy3_56m_PGM_2Perc_coupling_errors_off_RP.rml
2025-02-08 01:33:59,533 - INFO - Prepared sim number: 107: RAYPy_Simulation_bessy3_56m_PGM_2Perc_coupling_errors_off_RP/round_7/107_bessy3_56m_PGM_2Perc_coupling_errors_off_RP.rml
2025-02-08 01:33:59,538 - INFO - Prepared sim number: 108: RAYPy_Simulation_bessy3_56m_PGM_2Perc_coupling_errors_off_RP/round_7/108_bessy3_56m_PGM_2Perc_coupling_errors_off_RP.rml
2025-02-08 01:33:59,542 - INFO - Prepared sim number: 109: RAYPy_Simulation_bessy3_56m_PGM_2Perc_coupling_errors_off_RP/round_7/109_bessy3_56m_PGM_2Perc_coupling_errors_off_RP.rml
2025-02-08 01:33:59,546 - INFO - Prepared sim number: 110: RAYPy_Simulation_bessy3_56m_PGM_2Perc_coupling_errors_off_RP/round_7/110_bessy3_56m_PGM_2Perc_coupling_errors_off_RP.rml
2025-02-08 01:33:59,551 - INFO - Prepared sim number: 111: RAYPy_Simulation_bessy3_56m_PGM_2Perc_coupling_errors_off_RP/round_7/111_bessy3_56m_PGM_2Perc_coupling_errors_off_RP.rml
2025-02-08 01:33:59,556 - INFO - Prepared sim number: 112: RAYPy_Simulation_bessy3_56m_PGM_2Perc_coupling_errors_off_RP/round_7/112_bessy3_56m_PGM_2Perc_coupling_errors_off_RP.rml
2025-02-08 01:33:59,560 - INFO - Prepared sim number: 113: RAYPy_Simulation_bessy3_56m_PGM_2Perc_coupling_errors_off_RP/round_7/113_bessy3_56m_PGM_2Perc_coupling_errors_off_RP.rml
2025-02-08 01:33:59,565 - INFO - Prepared sim number: 114: RAYPy_Simulation_bessy3_56m_PGM_2Perc_coupling_errors_off_RP/round_7/114_bessy3_56m_PGM_2Perc_coupling_errors_off_RP.rml
2025-02-08 01:33:59,569 - INFO - Prepared sim number: 115: RAYPy_Simulation_bessy3_56m_PGM_2Perc_coupling_errors_off_RP/round_7/115_bessy3_56m_PGM_2Perc_coupling_errors_off_RP.rml
2025-02-08 01:33:59,575 - INFO - Prepared sim number: 116: RAYPy_Simulation_bessy3_56m_PGM_2Perc_coupling_errors_off_RP/round_7/116_bessy3_56m_PGM_2Perc_coupling_errors_off_RP.rml
2025-02-08 01:33:59,582 - INFO - Prepared sim number: 117: RAYPy_Simulation_bessy3_56m_PGM_2Perc_coupling_errors_off_RP/round_7/117_bessy3_56m_PGM_2Perc_coupling_errors_off_RP.rml
2025-02-08 01:33:59,589 - INFO - Prepared sim number: 118: RAYPy_Simulation_bessy3_56m_PGM_2Perc_coupling_errors_off_RP/round_7/118_bessy3_56m_PGM_2Perc_coupling_errors_off_RP.rml
2025-02-08 01:33:59,594 - INFO - Prepared sim number: 119: RAYPy_Simulation_bessy3_56m_PGM_2Perc_coupling_errors_off_RP/round_7/119_bessy3_56m_PGM_2Perc_coupling_errors_off_RP.rml
2025-02-08 01:33:59,599 - INFO - Prepared sim number: 120: RAYPy_Simulation_bessy3_56m_PGM_2Perc_coupling_errors_off_RP/round_7/120_bessy3_56m_PGM_2Perc_coupling_errors_off_RP.rml
2025-02-08 01:33:59,604 - INFO - Prepared sim number: 121: RAYPy_Simulation_bessy3_56m_PGM_2Perc_coupling_errors_off_RP/round_7/121_bessy3_56m_PGM_2Perc_coupling_errors_off_RP.rml
2025-02-08 01:33:59,609 - INFO - Prepared sim number: 122: RAYPy_Simulation_bessy3_56m_PGM_2Perc_coupling_errors_off_RP/round_7/122_bessy3_56m_PGM_2Perc_coupling_errors_off_RP.rml
2025-02-08 01:33:59,609 - INFO - Start round 8
2025-02-08 01:33:59,614 - INFO - Prepared sim number: 0: RAYPy_Simulation_bessy3_56m_PGM_2Perc_coupling_errors_off_RP/round_8/0_bessy3_56m_PGM_2Perc_coupling_errors_off_RP.rml
2025-02-08 01:33:59,619 - INFO - Prepared sim number: 1: RAYPy_Simulation_bessy3_56m_PGM_2Perc_coupling_errors_off_RP/round_8/1_bessy3_56m_PGM_2Perc_coupling_errors_off_RP.rml
2025-02-08 01:33:59,623 - INFO - Prepared sim number: 2: RAYPy_Simulation_bessy3_56m_PGM_2Perc_coupling_errors_off_RP/round_8/2_bessy3_56m_PGM_2Perc_coupling_errors_off_RP.rml
2025-02-08 01:33:59,628 - INFO - Prepared sim number: 3: RAYPy_Simulation_bessy3_56m_PGM_2Perc_coupling_errors_off_RP/round_8/3_bessy3_56m_PGM_2Perc_coupling_errors_off_RP.rml
2025-02-08 01:33:59,633 - INFO - Prepared sim number: 4: RAYPy_Simulation_bessy3_56m_PGM_2Perc_coupling_errors_off_RP/round_8/4_bessy3_56m_PGM_2Perc_coupling_errors_off_RP.rml
2025-02-08 01:33:59,638 - INFO - Prepared sim number: 5: RAYPy_Simulation_bessy3_56m_PGM_2Perc_coupling_errors_off_RP/round_8/5_bessy3_56m_PGM_2Perc_coupling_errors_off_RP.rml
2025-02-08 01:33:59,643 - INFO - Prepared sim number: 6: RAYPy_Simulation_bessy3_56m_PGM_2Perc_coupling_errors_off_RP/round_8/6_bessy3_56m_PGM_2Perc_coupling_errors_off_RP.rml
2025-02-08 01:33:59,648 - INFO - Prepared sim number: 7: RAYPy_Simulation_bessy3_56m_PGM_2Perc_coupling_errors_off_RP/round_8/7_bessy3_56m_PGM_2Perc_coupling_errors_off_RP.rml
2025-02-08 01:33:59,653 - INFO - Prepared sim number: 8: RAYPy_Simulation_bessy3_56m_PGM_2Perc_coupling_errors_off_RP/round_8/8_bessy3_56m_PGM_2Perc_coupling_errors_off_RP.rml
2025-02-08 01:33:59,658 - INFO - Prepared sim number: 9: RAYPy_Simulation_bessy3_56m_PGM_2Perc_coupling_errors_off_RP/round_8/9_bessy3_56m_PGM_2Perc_coupling_errors_off_RP.rml
2025-02-08 01:33:59,663 - INFO - Prepared sim number: 10: RAYPy_Simulation_bessy3_56m_PGM_2Perc_coupling_errors_off_RP/round_8/10_bessy3_56m_PGM_2Perc_coupling_errors_off_RP.rml
2025-02-08 01:33:59,668 - INFO - Prepared sim number: 11: RAYPy_Simulation_bessy3_56m_PGM_2Perc_coupling_errors_off_RP/round_8/11_bessy3_56m_PGM_2Perc_coupling_errors_off_RP.rml
2025-02-08 01:33:59,673 - INFO - Prepared sim number: 12: RAYPy_Simulation_bessy3_56m_PGM_2Perc_coupling_errors_off_RP/round_8/12_bessy3_56m_PGM_2Perc_coupling_errors_off_RP.rml
2025-02-08 01:33:59,678 - INFO - Prepared sim number: 13: RAYPy_Simulation_bessy3_56m_PGM_2Perc_coupling_errors_off_RP/round_8/13_bessy3_56m_PGM_2Perc_coupling_errors_off_RP.rml
2025-02-08 01:33:59,683 - INFO - Prepared sim number: 14: RAYPy_Simulation_bessy3_56m_PGM_2Perc_coupling_errors_off_RP/round_8/14_bessy3_56m_PGM_2Perc_coupling_errors_off_RP.rml
2025-02-08 01:33:59,688 - INFO - Prepared sim number: 15: RAYPy_Simulation_bessy3_56m_PGM_2Perc_coupling_errors_off_RP/round_8/15_bessy3_56m_PGM_2Perc_coupling_errors_off_RP.rml
2025-02-08 01:33:59,694 - INFO - Prepared sim number: 16: RAYPy_Simulation_bessy3_56m_PGM_2Perc_coupling_errors_off_RP/round_8/16_bessy3_56m_PGM_2Perc_coupling_errors_off_RP.rml
2025-02-08 01:33:59,699 - INFO - Prepared sim number: 17: RAYPy_Simulation_bessy3_56m_PGM_2Perc_coupling_errors_off_RP/round_8/17_bessy3_56m_PGM_2Perc_coupling_errors_off_RP.rml
2025-02-08 01:33:59,704 - INFO - Prepared sim number: 18: RAYPy_Simulation_bessy3_56m_PGM_2Perc_coupling_errors_off_RP/round_8/18_bessy3_56m_PGM_2Perc_coupling_errors_off_RP.rml
2025-02-08 01:33:59,709 - INFO - Prepared sim number: 19: RAYPy_Simulation_bessy3_56m_PGM_2Perc_coupling_errors_off_RP/round_8/19_bessy3_56m_PGM_2Perc_coupling_errors_off_RP.rml
2025-02-08 01:33:59,713 - INFO - Prepared sim number: 20: RAYPy_Simulation_bessy3_56m_PGM_2Perc_coupling_errors_off_RP/round_8/20_bessy3_56m_PGM_2Perc_coupling_errors_off_RP.rml
2025-02-08 01:33:59,718 - INFO - Prepared sim number: 21: RAYPy_Simulation_bessy3_56m_PGM_2Perc_coupling_errors_off_RP/round_8/21_bessy3_56m_PGM_2Perc_coupling_errors_off_RP.rml
2025-02-08 01:33:59,722 - INFO - Prepared sim number: 22: RAYPy_Simulation_bessy3_56m_PGM_2Perc_coupling_errors_off_RP/round_8/22_bessy3_56m_PGM_2Perc_coupling_errors_off_RP.rml
2025-02-08 01:33:59,727 - INFO - Prepared sim number: 23: RAYPy_Simulation_bessy3_56m_PGM_2Perc_coupling_errors_off_RP/round_8/23_bessy3_56m_PGM_2Perc_coupling_errors_off_RP.rml
2025-02-08 01:33:59,732 - INFO - Prepared sim number: 24: RAYPy_Simulation_bessy3_56m_PGM_2Perc_coupling_errors_off_RP/round_8/24_bessy3_56m_PGM_2Perc_coupling_errors_off_RP.rml
2025-02-08 01:33:59,737 - INFO - Prepared sim number: 25: RAYPy_Simulation_bessy3_56m_PGM_2Perc_coupling_errors_off_RP/round_8/25_bessy3_56m_PGM_2Perc_coupling_errors_off_RP.rml
2025-02-08 01:33:59,741 - INFO - Prepared sim number: 26: RAYPy_Simulation_bessy3_56m_PGM_2Perc_coupling_errors_off_RP/round_8/26_bessy3_56m_PGM_2Perc_coupling_errors_off_RP.rml
2025-02-08 01:33:59,746 - INFO - Prepared sim number: 27: RAYPy_Simulation_bessy3_56m_PGM_2Perc_coupling_errors_off_RP/round_8/27_bessy3_56m_PGM_2Perc_coupling_errors_off_RP.rml
2025-02-08 01:33:59,750 - INFO - Prepared sim number: 28: RAYPy_Simulation_bessy3_56m_PGM_2Perc_coupling_errors_off_RP/round_8/28_bessy3_56m_PGM_2Perc_coupling_errors_off_RP.rml
2025-02-08 01:33:59,755 - INFO - Prepared sim number: 29: RAYPy_Simulation_bessy3_56m_PGM_2Perc_coupling_errors_off_RP/round_8/29_bessy3_56m_PGM_2Perc_coupling_errors_off_RP.rml
2025-02-08 01:33:59,760 - INFO - Prepared sim number: 30: RAYPy_Simulation_bessy3_56m_PGM_2Perc_coupling_errors_off_RP/round_8/30_bessy3_56m_PGM_2Perc_coupling_errors_off_RP.rml
2025-02-08 01:33:59,765 - INFO - Prepared sim number: 31: RAYPy_Simulation_bessy3_56m_PGM_2Perc_coupling_errors_off_RP/round_8/31_bessy3_56m_PGM_2Perc_coupling_errors_off_RP.rml
2025-02-08 01:33:59,770 - INFO - Prepared sim number: 32: RAYPy_Simulation_bessy3_56m_PGM_2Perc_coupling_errors_off_RP/round_8/32_bessy3_56m_PGM_2Perc_coupling_errors_off_RP.rml
2025-02-08 01:33:59,774 - INFO - Prepared sim number: 33: RAYPy_Simulation_bessy3_56m_PGM_2Perc_coupling_errors_off_RP/round_8/33_bessy3_56m_PGM_2Perc_coupling_errors_off_RP.rml
2025-02-08 01:33:59,779 - INFO - Prepared sim number: 34: RAYPy_Simulation_bessy3_56m_PGM_2Perc_coupling_errors_off_RP/round_8/34_bessy3_56m_PGM_2Perc_coupling_errors_off_RP.rml
2025-02-08 01:33:59,785 - INFO - Prepared sim number: 35: RAYPy_Simulation_bessy3_56m_PGM_2Perc_coupling_errors_off_RP/round_8/35_bessy3_56m_PGM_2Perc_coupling_errors_off_RP.rml
2025-02-08 01:33:59,786 - INFO - Waiting for batch number: 16, timeout: 20.465741748233032s
2025-02-08 01:34:01,684 - INFO - Completed: 1, remaining: 59, RAYPy_Simulation_bessy3_56m_PGM_2Perc_coupling_errors_off_RP/round_7/99_bessy3_56m_PGM_2Perc_coupling_errors_off_RP.rml
2025-02-08 01:34:01,806 - INFO - Completed: 2, remaining: 58, RAYPy_Simulation_bessy3_56m_PGM_2Perc_coupling_errors_off_RP/round_7/108_bessy3_56m_PGM_2Perc_coupling_errors_off_RP.rml
2025-02-08 01:34:01,874 - INFO - Completed: 3, remaining: 57, RAYPy_Simulation_bessy3_56m_PGM_2Perc_coupling_errors_off_RP/round_7/105_bessy3_56m_PGM_2Perc_coupling_errors_off_RP.rml
2025-02-08 01:34:01,914 - INFO - Completed: 4, remaining: 56, RAYPy_Simulation_bessy3_56m_PGM_2Perc_coupling_errors_off_RP/round_7/107_bessy3_56m_PGM_2Perc_coupling_errors_off_RP.rml
2025-02-08 01:34:01,957 - INFO - Completed: 5, remaining: 55, RAYPy_Simulation_bessy3_56m_PGM_2Perc_coupling_errors_off_RP/round_7/103_bessy3_56m_PGM_2Perc_coupling_errors_off_RP.rml
2025-02-08 01:34:02,032 - INFO - Completed: 6, remaining: 54, RAYPy_Simulation_bessy3_56m_PGM_2Perc_coupling_errors_off_RP/round_7/101_bessy3_56m_PGM_2Perc_coupling_errors_off_RP.rml
2025-02-08 01:34:02,068 - INFO - Completed: 7, remaining: 53, RAYPy_Simulation_bessy3_56m_PGM_2Perc_coupling_errors_off_RP/round_7/104_bessy3_56m_PGM_2Perc_coupling_errors_off_RP.rml
2025-02-08 01:34:02,322 - INFO - Completed: 8, remaining: 52, RAYPy_Simulation_bessy3_56m_PGM_2Perc_coupling_errors_off_RP/round_7/100_bessy3_56m_PGM_2Perc_coupling_errors_off_RP.rml
2025-02-08 01:34:04,072 - INFO - Completed: 9, remaining: 51, RAYPy_Simulation_bessy3_56m_PGM_2Perc_coupling_errors_off_RP/round_7/106_bessy3_56m_PGM_2Perc_coupling_errors_off_RP.rml
2025-02-08 01:34:04,096 - INFO - Completed: 10, remaining: 50, RAYPy_Simulation_bessy3_56m_PGM_2Perc_coupling_errors_off_RP/round_7/109_bessy3_56m_PGM_2Perc_coupling_errors_off_RP.rml
2025-02-08 01:34:04,104 - INFO - Completed: 11, remaining: 49, RAYPy_Simulation_bessy3_56m_PGM_2Perc_coupling_errors_off_RP/round_7/113_bessy3_56m_PGM_2Perc_coupling_errors_off_RP.rml
2025-02-08 01:34:04,140 - INFO - Completed: 12, remaining: 48, RAYPy_Simulation_bessy3_56m_PGM_2Perc_coupling_errors_off_RP/round_7/110_bessy3_56m_PGM_2Perc_coupling_errors_off_RP.rml
2025-02-08 01:34:04,182 - INFO - Completed: 13, remaining: 47, RAYPy_Simulation_bessy3_56m_PGM_2Perc_coupling_errors_off_RP/round_7/102_bessy3_56m_PGM_2Perc_coupling_errors_off_RP.rml
2025-02-08 01:34:04,323 - INFO - Completed: 14, remaining: 46, RAYPy_Simulation_bessy3_56m_PGM_2Perc_coupling_errors_off_RP/round_7/116_bessy3_56m_PGM_2Perc_coupling_errors_off_RP.rml
2025-02-08 01:34:04,382 - INFO - Completed: 15, remaining: 45, RAYPy_Simulation_bessy3_56m_PGM_2Perc_coupling_errors_off_RP/round_7/114_bessy3_56m_PGM_2Perc_coupling_errors_off_RP.rml
2025-02-08 01:34:04,447 - INFO - Completed: 16, remaining: 44, RAYPy_Simulation_bessy3_56m_PGM_2Perc_coupling_errors_off_RP/round_7/111_bessy3_56m_PGM_2Perc_coupling_errors_off_RP.rml
2025-02-08 01:34:04,471 - INFO - Completed: 17, remaining: 43, RAYPy_Simulation_bessy3_56m_PGM_2Perc_coupling_errors_off_RP/round_7/112_bessy3_56m_PGM_2Perc_coupling_errors_off_RP.rml
2025-02-08 01:34:04,510 - INFO - Completed: 18, remaining: 42, RAYPy_Simulation_bessy3_56m_PGM_2Perc_coupling_errors_off_RP/round_7/115_bessy3_56m_PGM_2Perc_coupling_errors_off_RP.rml
2025-02-08 01:34:04,637 - INFO - Completed: 19, remaining: 41, RAYPy_Simulation_bessy3_56m_PGM_2Perc_coupling_errors_off_RP/round_7/117_bessy3_56m_PGM_2Perc_coupling_errors_off_RP.rml
2025-02-08 01:34:06,761 - INFO - Completed: 20, remaining: 40, RAYPy_Simulation_bessy3_56m_PGM_2Perc_coupling_errors_off_RP/round_7/118_bessy3_56m_PGM_2Perc_coupling_errors_off_RP.rml
2025-02-08 01:34:06,809 - INFO - Completed: 21, remaining: 39, RAYPy_Simulation_bessy3_56m_PGM_2Perc_coupling_errors_off_RP/round_7/121_bessy3_56m_PGM_2Perc_coupling_errors_off_RP.rml
2025-02-08 01:34:06,925 - INFO - Completed: 22, remaining: 38, RAYPy_Simulation_bessy3_56m_PGM_2Perc_coupling_errors_off_RP/round_7/120_bessy3_56m_PGM_2Perc_coupling_errors_off_RP.rml
2025-02-08 01:34:07,032 - INFO - Completed: 23, remaining: 37, RAYPy_Simulation_bessy3_56m_PGM_2Perc_coupling_errors_off_RP/round_7/122_bessy3_56m_PGM_2Perc_coupling_errors_off_RP.rml
2025-02-08 01:34:07,139 - INFO - Completed: 24, remaining: 36, RAYPy_Simulation_bessy3_56m_PGM_2Perc_coupling_errors_off_RP/round_7/119_bessy3_56m_PGM_2Perc_coupling_errors_off_RP.rml
2025-02-08 01:34:07,184 - INFO - Completed: 25, remaining: 35, RAYPy_Simulation_bessy3_56m_PGM_2Perc_coupling_errors_off_RP/round_8/1_bessy3_56m_PGM_2Perc_coupling_errors_off_RP.rml
2025-02-08 01:34:07,273 - INFO - Completed: 26, remaining: 34, RAYPy_Simulation_bessy3_56m_PGM_2Perc_coupling_errors_off_RP/round_8/0_bessy3_56m_PGM_2Perc_coupling_errors_off_RP.rml
2025-02-08 01:34:07,353 - INFO - Completed: 27, remaining: 33, RAYPy_Simulation_bessy3_56m_PGM_2Perc_coupling_errors_off_RP/round_8/2_bessy3_56m_PGM_2Perc_coupling_errors_off_RP.rml
2025-02-08 01:34:07,408 - INFO - Completed: 28, remaining: 32, RAYPy_Simulation_bessy3_56m_PGM_2Perc_coupling_errors_off_RP/round_8/3_bessy3_56m_PGM_2Perc_coupling_errors_off_RP.rml
2025-02-08 01:34:07,542 - INFO - Completed: 29, remaining: 31, RAYPy_Simulation_bessy3_56m_PGM_2Perc_coupling_errors_off_RP/round_8/4_bessy3_56m_PGM_2Perc_coupling_errors_off_RP.rml
2025-02-08 01:34:07,568 - INFO - Completed: 30, remaining: 30, RAYPy_Simulation_bessy3_56m_PGM_2Perc_coupling_errors_off_RP/round_8/5_bessy3_56m_PGM_2Perc_coupling_errors_off_RP.rml
2025-02-08 01:34:09,922 - INFO - Completed: 31, remaining: 29, RAYPy_Simulation_bessy3_56m_PGM_2Perc_coupling_errors_off_RP/round_8/6_bessy3_56m_PGM_2Perc_coupling_errors_off_RP.rml
2025-02-08 01:34:09,981 - INFO - Completed: 32, remaining: 28, RAYPy_Simulation_bessy3_56m_PGM_2Perc_coupling_errors_off_RP/round_8/8_bessy3_56m_PGM_2Perc_coupling_errors_off_RP.rml
2025-02-08 01:34:10,146 - INFO - Completed: 33, remaining: 27, RAYPy_Simulation_bessy3_56m_PGM_2Perc_coupling_errors_off_RP/round_8/7_bessy3_56m_PGM_2Perc_coupling_errors_off_RP.rml
2025-02-08 01:34:10,414 - INFO - Completed: 34, remaining: 26, RAYPy_Simulation_bessy3_56m_PGM_2Perc_coupling_errors_off_RP/round_8/10_bessy3_56m_PGM_2Perc_coupling_errors_off_RP.rml
2025-02-08 01:34:10,458 - INFO - Completed: 35, remaining: 25, RAYPy_Simulation_bessy3_56m_PGM_2Perc_coupling_errors_off_RP/round_8/12_bessy3_56m_PGM_2Perc_coupling_errors_off_RP.rml
2025-02-08 01:34:10,726 - INFO - Completed: 36, remaining: 24, RAYPy_Simulation_bessy3_56m_PGM_2Perc_coupling_errors_off_RP/round_8/13_bessy3_56m_PGM_2Perc_coupling_errors_off_RP.rml
2025-02-08 01:34:10,803 - INFO - Completed: 37, remaining: 23, RAYPy_Simulation_bessy3_56m_PGM_2Perc_coupling_errors_off_RP/round_8/14_bessy3_56m_PGM_2Perc_coupling_errors_off_RP.rml
2025-02-08 01:34:10,835 - INFO - Completed: 38, remaining: 22, RAYPy_Simulation_bessy3_56m_PGM_2Perc_coupling_errors_off_RP/round_8/11_bessy3_56m_PGM_2Perc_coupling_errors_off_RP.rml
2025-02-08 01:34:10,910 - INFO - Completed: 39, remaining: 21, RAYPy_Simulation_bessy3_56m_PGM_2Perc_coupling_errors_off_RP/round_8/16_bessy3_56m_PGM_2Perc_coupling_errors_off_RP.rml
2025-02-08 01:34:11,192 - INFO - Completed: 40, remaining: 20, RAYPy_Simulation_bessy3_56m_PGM_2Perc_coupling_errors_off_RP/round_8/15_bessy3_56m_PGM_2Perc_coupling_errors_off_RP.rml
2025-02-08 01:34:11,295 - INFO - Completed: 41, remaining: 19, RAYPy_Simulation_bessy3_56m_PGM_2Perc_coupling_errors_off_RP/round_8/9_bessy3_56m_PGM_2Perc_coupling_errors_off_RP.rml
2025-02-08 01:34:13,291 - INFO - Completed: 42, remaining: 18, RAYPy_Simulation_bessy3_56m_PGM_2Perc_coupling_errors_off_RP/round_8/17_bessy3_56m_PGM_2Perc_coupling_errors_off_RP.rml
2025-02-08 01:34:13,337 - INFO - Completed: 43, remaining: 17, RAYPy_Simulation_bessy3_56m_PGM_2Perc_coupling_errors_off_RP/round_8/18_bessy3_56m_PGM_2Perc_coupling_errors_off_RP.rml
2025-02-08 01:34:13,563 - INFO - Completed: 44, remaining: 16, RAYPy_Simulation_bessy3_56m_PGM_2Perc_coupling_errors_off_RP/round_8/19_bessy3_56m_PGM_2Perc_coupling_errors_off_RP.rml
2025-02-08 01:34:13,909 - INFO - Completed: 45, remaining: 15, RAYPy_Simulation_bessy3_56m_PGM_2Perc_coupling_errors_off_RP/round_8/21_bessy3_56m_PGM_2Perc_coupling_errors_off_RP.rml
2025-02-08 01:34:13,962 - INFO - Completed: 46, remaining: 14, RAYPy_Simulation_bessy3_56m_PGM_2Perc_coupling_errors_off_RP/round_8/22_bessy3_56m_PGM_2Perc_coupling_errors_off_RP.rml
2025-02-08 01:34:14,255 - INFO - Completed: 47, remaining: 13, RAYPy_Simulation_bessy3_56m_PGM_2Perc_coupling_errors_off_RP/round_8/24_bessy3_56m_PGM_2Perc_coupling_errors_off_RP.rml
2025-02-08 01:34:14,280 - INFO - Completed: 48, remaining: 12, RAYPy_Simulation_bessy3_56m_PGM_2Perc_coupling_errors_off_RP/round_8/20_bessy3_56m_PGM_2Perc_coupling_errors_off_RP.rml
2025-02-08 01:34:14,369 - INFO - Completed: 49, remaining: 11, RAYPy_Simulation_bessy3_56m_PGM_2Perc_coupling_errors_off_RP/round_8/23_bessy3_56m_PGM_2Perc_coupling_errors_off_RP.rml
2025-02-08 01:34:14,479 - INFO - Completed: 50, remaining: 10, RAYPy_Simulation_bessy3_56m_PGM_2Perc_coupling_errors_off_RP/round_8/25_bessy3_56m_PGM_2Perc_coupling_errors_off_RP.rml
2025-02-08 01:34:14,530 - INFO - Completed: 51, remaining: 9, RAYPy_Simulation_bessy3_56m_PGM_2Perc_coupling_errors_off_RP/round_8/26_bessy3_56m_PGM_2Perc_coupling_errors_off_RP.rml
2025-02-08 01:34:15,185 - INFO - Completed: 52, remaining: 8, RAYPy_Simulation_bessy3_56m_PGM_2Perc_coupling_errors_off_RP/round_8/27_bessy3_56m_PGM_2Perc_coupling_errors_off_RP.rml
2025-02-08 01:34:16,189 - INFO - Completed: 53, remaining: 7, RAYPy_Simulation_bessy3_56m_PGM_2Perc_coupling_errors_off_RP/round_8/28_bessy3_56m_PGM_2Perc_coupling_errors_off_RP.rml
2025-02-08 01:34:16,251 - INFO - Completed: 54, remaining: 6, RAYPy_Simulation_bessy3_56m_PGM_2Perc_coupling_errors_off_RP/round_8/29_bessy3_56m_PGM_2Perc_coupling_errors_off_RP.rml
2025-02-08 01:34:16,374 - INFO - Completed: 55, remaining: 5, RAYPy_Simulation_bessy3_56m_PGM_2Perc_coupling_errors_off_RP/round_8/30_bessy3_56m_PGM_2Perc_coupling_errors_off_RP.rml
2025-02-08 01:34:16,766 - INFO - Completed: 56, remaining: 4, RAYPy_Simulation_bessy3_56m_PGM_2Perc_coupling_errors_off_RP/round_8/32_bessy3_56m_PGM_2Perc_coupling_errors_off_RP.rml
2025-02-08 01:34:16,941 - INFO - Completed: 57, remaining: 3, RAYPy_Simulation_bessy3_56m_PGM_2Perc_coupling_errors_off_RP/round_8/33_bessy3_56m_PGM_2Perc_coupling_errors_off_RP.rml
2025-02-08 01:34:17,028 - INFO - Completed: 58, remaining: 2, RAYPy_Simulation_bessy3_56m_PGM_2Perc_coupling_errors_off_RP/round_8/35_bessy3_56m_PGM_2Perc_coupling_errors_off_RP.rml
2025-02-08 01:34:17,032 - INFO - Completed: 59, remaining: 1, RAYPy_Simulation_bessy3_56m_PGM_2Perc_coupling_errors_off_RP/round_8/31_bessy3_56m_PGM_2Perc_coupling_errors_off_RP.rml
2025-02-08 01:34:17,084 - INFO - Completed: 60, remaining: 0, RAYPy_Simulation_bessy3_56m_PGM_2Perc_coupling_errors_off_RP/round_8/34_bessy3_56m_PGM_2Perc_coupling_errors_off_RP.rml
2025-02-08 01:34:17,085 - INFO - Batch Completed
2025-02-08 01:34:17,085 - INFO - Waiting For batch, 60 simulations to go
2025-02-08 01:34:17,090 - INFO - Prepared sim number: 36: RAYPy_Simulation_bessy3_56m_PGM_2Perc_coupling_errors_off_RP/round_8/36_bessy3_56m_PGM_2Perc_coupling_errors_off_RP.rml
2025-02-08 01:34:17,094 - INFO - Prepared sim number: 37: RAYPy_Simulation_bessy3_56m_PGM_2Perc_coupling_errors_off_RP/round_8/37_bessy3_56m_PGM_2Perc_coupling_errors_off_RP.rml
2025-02-08 01:34:17,098 - INFO - Prepared sim number: 38: RAYPy_Simulation_bessy3_56m_PGM_2Perc_coupling_errors_off_RP/round_8/38_bessy3_56m_PGM_2Perc_coupling_errors_off_RP.rml
2025-02-08 01:34:17,102 - INFO - Prepared sim number: 39: RAYPy_Simulation_bessy3_56m_PGM_2Perc_coupling_errors_off_RP/round_8/39_bessy3_56m_PGM_2Perc_coupling_errors_off_RP.rml
2025-02-08 01:34:17,105 - INFO - Prepared sim number: 40: RAYPy_Simulation_bessy3_56m_PGM_2Perc_coupling_errors_off_RP/round_8/40_bessy3_56m_PGM_2Perc_coupling_errors_off_RP.rml
2025-02-08 01:34:17,109 - INFO - Prepared sim number: 41: RAYPy_Simulation_bessy3_56m_PGM_2Perc_coupling_errors_off_RP/round_8/41_bessy3_56m_PGM_2Perc_coupling_errors_off_RP.rml
2025-02-08 01:34:17,113 - INFO - Prepared sim number: 42: RAYPy_Simulation_bessy3_56m_PGM_2Perc_coupling_errors_off_RP/round_8/42_bessy3_56m_PGM_2Perc_coupling_errors_off_RP.rml
2025-02-08 01:34:17,117 - INFO - Prepared sim number: 43: RAYPy_Simulation_bessy3_56m_PGM_2Perc_coupling_errors_off_RP/round_8/43_bessy3_56m_PGM_2Perc_coupling_errors_off_RP.rml
2025-02-08 01:34:17,127 - INFO - Prepared sim number: 44: RAYPy_Simulation_bessy3_56m_PGM_2Perc_coupling_errors_off_RP/round_8/44_bessy3_56m_PGM_2Perc_coupling_errors_off_RP.rml
2025-02-08 01:34:17,131 - INFO - Prepared sim number: 45: RAYPy_Simulation_bessy3_56m_PGM_2Perc_coupling_errors_off_RP/round_8/45_bessy3_56m_PGM_2Perc_coupling_errors_off_RP.rml
2025-02-08 01:34:17,135 - INFO - Prepared sim number: 46: RAYPy_Simulation_bessy3_56m_PGM_2Perc_coupling_errors_off_RP/round_8/46_bessy3_56m_PGM_2Perc_coupling_errors_off_RP.rml
2025-02-08 01:34:17,139 - INFO - Prepared sim number: 47: RAYPy_Simulation_bessy3_56m_PGM_2Perc_coupling_errors_off_RP/round_8/47_bessy3_56m_PGM_2Perc_coupling_errors_off_RP.rml
2025-02-08 01:34:17,143 - INFO - Prepared sim number: 48: RAYPy_Simulation_bessy3_56m_PGM_2Perc_coupling_errors_off_RP/round_8/48_bessy3_56m_PGM_2Perc_coupling_errors_off_RP.rml
2025-02-08 01:34:17,148 - INFO - Prepared sim number: 49: RAYPy_Simulation_bessy3_56m_PGM_2Perc_coupling_errors_off_RP/round_8/49_bessy3_56m_PGM_2Perc_coupling_errors_off_RP.rml
2025-02-08 01:34:17,152 - INFO - Prepared sim number: 50: RAYPy_Simulation_bessy3_56m_PGM_2Perc_coupling_errors_off_RP/round_8/50_bessy3_56m_PGM_2Perc_coupling_errors_off_RP.rml
2025-02-08 01:34:17,158 - INFO - Prepared sim number: 51: RAYPy_Simulation_bessy3_56m_PGM_2Perc_coupling_errors_off_RP/round_8/51_bessy3_56m_PGM_2Perc_coupling_errors_off_RP.rml
2025-02-08 01:34:17,164 - INFO - Prepared sim number: 52: RAYPy_Simulation_bessy3_56m_PGM_2Perc_coupling_errors_off_RP/round_8/52_bessy3_56m_PGM_2Perc_coupling_errors_off_RP.rml
2025-02-08 01:34:17,167 - INFO - Prepared sim number: 53: RAYPy_Simulation_bessy3_56m_PGM_2Perc_coupling_errors_off_RP/round_8/53_bessy3_56m_PGM_2Perc_coupling_errors_off_RP.rml
2025-02-08 01:34:17,171 - INFO - Prepared sim number: 54: RAYPy_Simulation_bessy3_56m_PGM_2Perc_coupling_errors_off_RP/round_8/54_bessy3_56m_PGM_2Perc_coupling_errors_off_RP.rml
2025-02-08 01:34:17,175 - INFO - Prepared sim number: 55: RAYPy_Simulation_bessy3_56m_PGM_2Perc_coupling_errors_off_RP/round_8/55_bessy3_56m_PGM_2Perc_coupling_errors_off_RP.rml
2025-02-08 01:34:17,179 - INFO - Prepared sim number: 56: RAYPy_Simulation_bessy3_56m_PGM_2Perc_coupling_errors_off_RP/round_8/56_bessy3_56m_PGM_2Perc_coupling_errors_off_RP.rml
2025-02-08 01:34:17,183 - INFO - Prepared sim number: 57: RAYPy_Simulation_bessy3_56m_PGM_2Perc_coupling_errors_off_RP/round_8/57_bessy3_56m_PGM_2Perc_coupling_errors_off_RP.rml
2025-02-08 01:34:17,187 - INFO - Prepared sim number: 58: RAYPy_Simulation_bessy3_56m_PGM_2Perc_coupling_errors_off_RP/round_8/58_bessy3_56m_PGM_2Perc_coupling_errors_off_RP.rml
2025-02-08 01:34:17,190 - INFO - Prepared sim number: 59: RAYPy_Simulation_bessy3_56m_PGM_2Perc_coupling_errors_off_RP/round_8/59_bessy3_56m_PGM_2Perc_coupling_errors_off_RP.rml
2025-02-08 01:34:17,193 - INFO - Prepared sim number: 60: RAYPy_Simulation_bessy3_56m_PGM_2Perc_coupling_errors_off_RP/round_8/60_bessy3_56m_PGM_2Perc_coupling_errors_off_RP.rml
2025-02-08 01:34:17,197 - INFO - Prepared sim number: 61: RAYPy_Simulation_bessy3_56m_PGM_2Perc_coupling_errors_off_RP/round_8/61_bessy3_56m_PGM_2Perc_coupling_errors_off_RP.rml
2025-02-08 01:34:17,200 - INFO - Prepared sim number: 62: RAYPy_Simulation_bessy3_56m_PGM_2Perc_coupling_errors_off_RP/round_8/62_bessy3_56m_PGM_2Perc_coupling_errors_off_RP.rml
2025-02-08 01:34:17,204 - INFO - Prepared sim number: 63: RAYPy_Simulation_bessy3_56m_PGM_2Perc_coupling_errors_off_RP/round_8/63_bessy3_56m_PGM_2Perc_coupling_errors_off_RP.rml
2025-02-08 01:34:17,208 - INFO - Prepared sim number: 64: RAYPy_Simulation_bessy3_56m_PGM_2Perc_coupling_errors_off_RP/round_8/64_bessy3_56m_PGM_2Perc_coupling_errors_off_RP.rml
2025-02-08 01:34:17,211 - INFO - Prepared sim number: 65: RAYPy_Simulation_bessy3_56m_PGM_2Perc_coupling_errors_off_RP/round_8/65_bessy3_56m_PGM_2Perc_coupling_errors_off_RP.rml
2025-02-08 01:34:17,215 - INFO - Prepared sim number: 66: RAYPy_Simulation_bessy3_56m_PGM_2Perc_coupling_errors_off_RP/round_8/66_bessy3_56m_PGM_2Perc_coupling_errors_off_RP.rml
2025-02-08 01:34:17,219 - INFO - Prepared sim number: 67: RAYPy_Simulation_bessy3_56m_PGM_2Perc_coupling_errors_off_RP/round_8/67_bessy3_56m_PGM_2Perc_coupling_errors_off_RP.rml
2025-02-08 01:34:17,222 - INFO - Prepared sim number: 68: RAYPy_Simulation_bessy3_56m_PGM_2Perc_coupling_errors_off_RP/round_8/68_bessy3_56m_PGM_2Perc_coupling_errors_off_RP.rml
2025-02-08 01:34:17,226 - INFO - Prepared sim number: 69: RAYPy_Simulation_bessy3_56m_PGM_2Perc_coupling_errors_off_RP/round_8/69_bessy3_56m_PGM_2Perc_coupling_errors_off_RP.rml
2025-02-08 01:34:17,229 - INFO - Prepared sim number: 70: RAYPy_Simulation_bessy3_56m_PGM_2Perc_coupling_errors_off_RP/round_8/70_bessy3_56m_PGM_2Perc_coupling_errors_off_RP.rml
2025-02-08 01:34:17,233 - INFO - Prepared sim number: 71: RAYPy_Simulation_bessy3_56m_PGM_2Perc_coupling_errors_off_RP/round_8/71_bessy3_56m_PGM_2Perc_coupling_errors_off_RP.rml
2025-02-08 01:34:17,236 - INFO - Prepared sim number: 72: RAYPy_Simulation_bessy3_56m_PGM_2Perc_coupling_errors_off_RP/round_8/72_bessy3_56m_PGM_2Perc_coupling_errors_off_RP.rml
2025-02-08 01:34:17,239 - INFO - Prepared sim number: 73: RAYPy_Simulation_bessy3_56m_PGM_2Perc_coupling_errors_off_RP/round_8/73_bessy3_56m_PGM_2Perc_coupling_errors_off_RP.rml
2025-02-08 01:34:17,243 - INFO - Prepared sim number: 74: RAYPy_Simulation_bessy3_56m_PGM_2Perc_coupling_errors_off_RP/round_8/74_bessy3_56m_PGM_2Perc_coupling_errors_off_RP.rml
2025-02-08 01:34:17,246 - INFO - Prepared sim number: 75: RAYPy_Simulation_bessy3_56m_PGM_2Perc_coupling_errors_off_RP/round_8/75_bessy3_56m_PGM_2Perc_coupling_errors_off_RP.rml
2025-02-08 01:34:17,249 - INFO - Prepared sim number: 76: RAYPy_Simulation_bessy3_56m_PGM_2Perc_coupling_errors_off_RP/round_8/76_bessy3_56m_PGM_2Perc_coupling_errors_off_RP.rml
2025-02-08 01:34:17,253 - INFO - Prepared sim number: 77: RAYPy_Simulation_bessy3_56m_PGM_2Perc_coupling_errors_off_RP/round_8/77_bessy3_56m_PGM_2Perc_coupling_errors_off_RP.rml
2025-02-08 01:34:17,256 - INFO - Prepared sim number: 78: RAYPy_Simulation_bessy3_56m_PGM_2Perc_coupling_errors_off_RP/round_8/78_bessy3_56m_PGM_2Perc_coupling_errors_off_RP.rml
2025-02-08 01:34:17,259 - INFO - Prepared sim number: 79: RAYPy_Simulation_bessy3_56m_PGM_2Perc_coupling_errors_off_RP/round_8/79_bessy3_56m_PGM_2Perc_coupling_errors_off_RP.rml
2025-02-08 01:34:17,263 - INFO - Prepared sim number: 80: RAYPy_Simulation_bessy3_56m_PGM_2Perc_coupling_errors_off_RP/round_8/80_bessy3_56m_PGM_2Perc_coupling_errors_off_RP.rml
2025-02-08 01:34:17,266 - INFO - Prepared sim number: 81: RAYPy_Simulation_bessy3_56m_PGM_2Perc_coupling_errors_off_RP/round_8/81_bessy3_56m_PGM_2Perc_coupling_errors_off_RP.rml
2025-02-08 01:34:17,269 - INFO - Prepared sim number: 82: RAYPy_Simulation_bessy3_56m_PGM_2Perc_coupling_errors_off_RP/round_8/82_bessy3_56m_PGM_2Perc_coupling_errors_off_RP.rml
2025-02-08 01:34:17,272 - INFO - Prepared sim number: 83: RAYPy_Simulation_bessy3_56m_PGM_2Perc_coupling_errors_off_RP/round_8/83_bessy3_56m_PGM_2Perc_coupling_errors_off_RP.rml
2025-02-08 01:34:17,276 - INFO - Prepared sim number: 84: RAYPy_Simulation_bessy3_56m_PGM_2Perc_coupling_errors_off_RP/round_8/84_bessy3_56m_PGM_2Perc_coupling_errors_off_RP.rml
2025-02-08 01:34:17,279 - INFO - Prepared sim number: 85: RAYPy_Simulation_bessy3_56m_PGM_2Perc_coupling_errors_off_RP/round_8/85_bessy3_56m_PGM_2Perc_coupling_errors_off_RP.rml
2025-02-08 01:34:17,283 - INFO - Prepared sim number: 86: RAYPy_Simulation_bessy3_56m_PGM_2Perc_coupling_errors_off_RP/round_8/86_bessy3_56m_PGM_2Perc_coupling_errors_off_RP.rml
2025-02-08 01:34:17,287 - INFO - Prepared sim number: 87: RAYPy_Simulation_bessy3_56m_PGM_2Perc_coupling_errors_off_RP/round_8/87_bessy3_56m_PGM_2Perc_coupling_errors_off_RP.rml
2025-02-08 01:34:17,290 - INFO - Prepared sim number: 88: RAYPy_Simulation_bessy3_56m_PGM_2Perc_coupling_errors_off_RP/round_8/88_bessy3_56m_PGM_2Perc_coupling_errors_off_RP.rml
2025-02-08 01:34:17,294 - INFO - Prepared sim number: 89: RAYPy_Simulation_bessy3_56m_PGM_2Perc_coupling_errors_off_RP/round_8/89_bessy3_56m_PGM_2Perc_coupling_errors_off_RP.rml
2025-02-08 01:34:17,298 - INFO - Prepared sim number: 90: RAYPy_Simulation_bessy3_56m_PGM_2Perc_coupling_errors_off_RP/round_8/90_bessy3_56m_PGM_2Perc_coupling_errors_off_RP.rml
2025-02-08 01:34:17,302 - INFO - Prepared sim number: 91: RAYPy_Simulation_bessy3_56m_PGM_2Perc_coupling_errors_off_RP/round_8/91_bessy3_56m_PGM_2Perc_coupling_errors_off_RP.rml
2025-02-08 01:34:17,305 - INFO - Prepared sim number: 92: RAYPy_Simulation_bessy3_56m_PGM_2Perc_coupling_errors_off_RP/round_8/92_bessy3_56m_PGM_2Perc_coupling_errors_off_RP.rml
2025-02-08 01:34:17,309 - INFO - Prepared sim number: 93: RAYPy_Simulation_bessy3_56m_PGM_2Perc_coupling_errors_off_RP/round_8/93_bessy3_56m_PGM_2Perc_coupling_errors_off_RP.rml
2025-02-08 01:34:17,312 - INFO - Prepared sim number: 94: RAYPy_Simulation_bessy3_56m_PGM_2Perc_coupling_errors_off_RP/round_8/94_bessy3_56m_PGM_2Perc_coupling_errors_off_RP.rml
2025-02-08 01:34:17,315 - INFO - Prepared sim number: 95: RAYPy_Simulation_bessy3_56m_PGM_2Perc_coupling_errors_off_RP/round_8/95_bessy3_56m_PGM_2Perc_coupling_errors_off_RP.rml
2025-02-08 01:34:17,316 - INFO - Waiting for batch number: 17, timeout: 20.321577282719332s
2025-02-08 01:34:19,759 - INFO - Completed: 1, remaining: 59, RAYPy_Simulation_bessy3_56m_PGM_2Perc_coupling_errors_off_RP/round_8/44_bessy3_56m_PGM_2Perc_coupling_errors_off_RP.rml
2025-02-08 01:34:20,016 - INFO - Completed: 2, remaining: 58, RAYPy_Simulation_bessy3_56m_PGM_2Perc_coupling_errors_off_RP/round_8/43_bessy3_56m_PGM_2Perc_coupling_errors_off_RP.rml
2025-02-08 01:34:20,035 - INFO - Completed: 3, remaining: 57, RAYPy_Simulation_bessy3_56m_PGM_2Perc_coupling_errors_off_RP/round_8/41_bessy3_56m_PGM_2Perc_coupling_errors_off_RP.rml
2025-02-08 01:34:20,078 - INFO - Completed: 4, remaining: 56, RAYPy_Simulation_bessy3_56m_PGM_2Perc_coupling_errors_off_RP/round_8/46_bessy3_56m_PGM_2Perc_coupling_errors_off_RP.rml
2025-02-08 01:34:20,106 - INFO - Completed: 5, remaining: 55, RAYPy_Simulation_bessy3_56m_PGM_2Perc_coupling_errors_off_RP/round_8/40_bessy3_56m_PGM_2Perc_coupling_errors_off_RP.rml
2025-02-08 01:34:20,225 - INFO - Completed: 6, remaining: 54, RAYPy_Simulation_bessy3_56m_PGM_2Perc_coupling_errors_off_RP/round_8/45_bessy3_56m_PGM_2Perc_coupling_errors_off_RP.rml
2025-02-08 01:34:20,476 - INFO - Completed: 7, remaining: 53, RAYPy_Simulation_bessy3_56m_PGM_2Perc_coupling_errors_off_RP/round_8/37_bessy3_56m_PGM_2Perc_coupling_errors_off_RP.rml
2025-02-08 01:34:20,546 - INFO - Completed: 8, remaining: 52, RAYPy_Simulation_bessy3_56m_PGM_2Perc_coupling_errors_off_RP/round_8/39_bessy3_56m_PGM_2Perc_coupling_errors_off_RP.rml
2025-02-08 01:34:20,647 - INFO - Completed: 9, remaining: 51, RAYPy_Simulation_bessy3_56m_PGM_2Perc_coupling_errors_off_RP/round_8/36_bessy3_56m_PGM_2Perc_coupling_errors_off_RP.rml
2025-02-08 01:34:22,671 - INFO - Completed: 10, remaining: 50, RAYPy_Simulation_bessy3_56m_PGM_2Perc_coupling_errors_off_RP/round_8/42_bessy3_56m_PGM_2Perc_coupling_errors_off_RP.rml
2025-02-08 01:34:22,741 - INFO - Completed: 11, remaining: 49, RAYPy_Simulation_bessy3_56m_PGM_2Perc_coupling_errors_off_RP/round_8/38_bessy3_56m_PGM_2Perc_coupling_errors_off_RP.rml
2025-02-08 01:34:22,981 - INFO - Completed: 12, remaining: 48, RAYPy_Simulation_bessy3_56m_PGM_2Perc_coupling_errors_off_RP/round_8/47_bessy3_56m_PGM_2Perc_coupling_errors_off_RP.rml
2025-02-08 01:34:23,263 - INFO - Completed: 13, remaining: 47, RAYPy_Simulation_bessy3_56m_PGM_2Perc_coupling_errors_off_RP/round_8/49_bessy3_56m_PGM_2Perc_coupling_errors_off_RP.rml
2025-02-08 01:34:23,287 - INFO - Completed: 14, remaining: 46, RAYPy_Simulation_bessy3_56m_PGM_2Perc_coupling_errors_off_RP/round_8/50_bessy3_56m_PGM_2Perc_coupling_errors_off_RP.rml
2025-02-08 01:34:23,307 - INFO - Completed: 15, remaining: 45, RAYPy_Simulation_bessy3_56m_PGM_2Perc_coupling_errors_off_RP/round_8/51_bessy3_56m_PGM_2Perc_coupling_errors_off_RP.rml
2025-02-08 01:34:23,574 - INFO - Completed: 16, remaining: 44, RAYPy_Simulation_bessy3_56m_PGM_2Perc_coupling_errors_off_RP/round_8/52_bessy3_56m_PGM_2Perc_coupling_errors_off_RP.rml
2025-02-08 01:34:23,755 - INFO - Completed: 17, remaining: 43, RAYPy_Simulation_bessy3_56m_PGM_2Perc_coupling_errors_off_RP/round_8/53_bessy3_56m_PGM_2Perc_coupling_errors_off_RP.rml
2025-02-08 01:34:23,812 - INFO - Completed: 18, remaining: 42, RAYPy_Simulation_bessy3_56m_PGM_2Perc_coupling_errors_off_RP/round_8/55_bessy3_56m_PGM_2Perc_coupling_errors_off_RP.rml
2025-02-08 01:34:23,828 - INFO - Completed: 19, remaining: 41, RAYPy_Simulation_bessy3_56m_PGM_2Perc_coupling_errors_off_RP/round_8/54_bessy3_56m_PGM_2Perc_coupling_errors_off_RP.rml
2025-02-08 01:34:24,350 - INFO - Completed: 20, remaining: 40, RAYPy_Simulation_bessy3_56m_PGM_2Perc_coupling_errors_off_RP/round_8/48_bessy3_56m_PGM_2Perc_coupling_errors_off_RP.rml
2025-02-08 01:34:25,749 - INFO - Completed: 21, remaining: 39, RAYPy_Simulation_bessy3_56m_PGM_2Perc_coupling_errors_off_RP/round_8/57_bessy3_56m_PGM_2Perc_coupling_errors_off_RP.rml
2025-02-08 01:34:26,083 - INFO - Completed: 22, remaining: 38, RAYPy_Simulation_bessy3_56m_PGM_2Perc_coupling_errors_off_RP/round_8/58_bessy3_56m_PGM_2Perc_coupling_errors_off_RP.rml
2025-02-08 01:34:26,318 - INFO - Completed: 23, remaining: 37, RAYPy_Simulation_bessy3_56m_PGM_2Perc_coupling_errors_off_RP/round_8/56_bessy3_56m_PGM_2Perc_coupling_errors_off_RP.rml
2025-02-08 01:34:26,476 - INFO - Completed: 24, remaining: 36, RAYPy_Simulation_bessy3_56m_PGM_2Perc_coupling_errors_off_RP/round_8/59_bessy3_56m_PGM_2Perc_coupling_errors_off_RP.rml
2025-02-08 01:34:26,523 - INFO - Completed: 25, remaining: 35, RAYPy_Simulation_bessy3_56m_PGM_2Perc_coupling_errors_off_RP/round_8/61_bessy3_56m_PGM_2Perc_coupling_errors_off_RP.rml
2025-02-08 01:34:26,725 - INFO - Completed: 26, remaining: 34, RAYPy_Simulation_bessy3_56m_PGM_2Perc_coupling_errors_off_RP/round_8/60_bessy3_56m_PGM_2Perc_coupling_errors_off_RP.rml
2025-02-08 01:34:26,801 - INFO - Completed: 27, remaining: 33, RAYPy_Simulation_bessy3_56m_PGM_2Perc_coupling_errors_off_RP/round_8/62_bessy3_56m_PGM_2Perc_coupling_errors_off_RP.rml
2025-02-08 01:34:26,954 - INFO - Completed: 28, remaining: 32, RAYPy_Simulation_bessy3_56m_PGM_2Perc_coupling_errors_off_RP/round_8/63_bessy3_56m_PGM_2Perc_coupling_errors_off_RP.rml
2025-02-08 01:34:27,083 - INFO - Completed: 29, remaining: 31, RAYPy_Simulation_bessy3_56m_PGM_2Perc_coupling_errors_off_RP/round_8/64_bessy3_56m_PGM_2Perc_coupling_errors_off_RP.rml
2025-02-08 01:34:27,178 - INFO - Completed: 30, remaining: 30, RAYPy_Simulation_bessy3_56m_PGM_2Perc_coupling_errors_off_RP/round_8/65_bessy3_56m_PGM_2Perc_coupling_errors_off_RP.rml
2025-02-08 01:34:27,597 - INFO - Completed: 31, remaining: 29, RAYPy_Simulation_bessy3_56m_PGM_2Perc_coupling_errors_off_RP/round_8/66_bessy3_56m_PGM_2Perc_coupling_errors_off_RP.rml
2025-02-08 01:34:29,066 - INFO - Completed: 32, remaining: 28, RAYPy_Simulation_bessy3_56m_PGM_2Perc_coupling_errors_off_RP/round_8/68_bessy3_56m_PGM_2Perc_coupling_errors_off_RP.rml
2025-02-08 01:34:29,418 - INFO - Completed: 33, remaining: 27, RAYPy_Simulation_bessy3_56m_PGM_2Perc_coupling_errors_off_RP/round_8/69_bessy3_56m_PGM_2Perc_coupling_errors_off_RP.rml
2025-02-08 01:34:29,586 - INFO - Completed: 34, remaining: 26, RAYPy_Simulation_bessy3_56m_PGM_2Perc_coupling_errors_off_RP/round_8/70_bessy3_56m_PGM_2Perc_coupling_errors_off_RP.rml
2025-02-08 01:34:29,639 - INFO - Completed: 35, remaining: 25, RAYPy_Simulation_bessy3_56m_PGM_2Perc_coupling_errors_off_RP/round_8/71_bessy3_56m_PGM_2Perc_coupling_errors_off_RP.rml
2025-02-08 01:34:29,709 - INFO - Completed: 36, remaining: 24, RAYPy_Simulation_bessy3_56m_PGM_2Perc_coupling_errors_off_RP/round_8/67_bessy3_56m_PGM_2Perc_coupling_errors_off_RP.rml
2025-02-08 01:34:29,844 - INFO - Completed: 37, remaining: 23, RAYPy_Simulation_bessy3_56m_PGM_2Perc_coupling_errors_off_RP/round_8/73_bessy3_56m_PGM_2Perc_coupling_errors_off_RP.rml
2025-02-08 01:34:30,034 - INFO - Completed: 38, remaining: 22, RAYPy_Simulation_bessy3_56m_PGM_2Perc_coupling_errors_off_RP/round_8/75_bessy3_56m_PGM_2Perc_coupling_errors_off_RP.rml
2025-02-08 01:34:30,143 - INFO - Completed: 39, remaining: 21, RAYPy_Simulation_bessy3_56m_PGM_2Perc_coupling_errors_off_RP/round_8/72_bessy3_56m_PGM_2Perc_coupling_errors_off_RP.rml
2025-02-08 01:34:30,302 - INFO - Completed: 40, remaining: 20, RAYPy_Simulation_bessy3_56m_PGM_2Perc_coupling_errors_off_RP/round_8/76_bessy3_56m_PGM_2Perc_coupling_errors_off_RP.rml
2025-02-08 01:34:30,372 - INFO - Completed: 41, remaining: 19, RAYPy_Simulation_bessy3_56m_PGM_2Perc_coupling_errors_off_RP/round_8/74_bessy3_56m_PGM_2Perc_coupling_errors_off_RP.rml
2025-02-08 01:34:30,506 - INFO - Completed: 42, remaining: 18, RAYPy_Simulation_bessy3_56m_PGM_2Perc_coupling_errors_off_RP/round_8/77_bessy3_56m_PGM_2Perc_coupling_errors_off_RP.rml
2025-02-08 01:34:32,037 - INFO - Completed: 43, remaining: 17, RAYPy_Simulation_bessy3_56m_PGM_2Perc_coupling_errors_off_RP/round_8/78_bessy3_56m_PGM_2Perc_coupling_errors_off_RP.rml
2025-02-08 01:34:32,552 - INFO - Completed: 44, remaining: 16, RAYPy_Simulation_bessy3_56m_PGM_2Perc_coupling_errors_off_RP/round_8/81_bessy3_56m_PGM_2Perc_coupling_errors_off_RP.rml
2025-02-08 01:34:32,564 - INFO - Completed: 45, remaining: 15, RAYPy_Simulation_bessy3_56m_PGM_2Perc_coupling_errors_off_RP/round_8/82_bessy3_56m_PGM_2Perc_coupling_errors_off_RP.rml
2025-02-08 01:34:32,598 - INFO - Completed: 46, remaining: 14, RAYPy_Simulation_bessy3_56m_PGM_2Perc_coupling_errors_off_RP/round_8/83_bessy3_56m_PGM_2Perc_coupling_errors_off_RP.rml
2025-02-08 01:34:32,714 - INFO - Completed: 47, remaining: 13, RAYPy_Simulation_bessy3_56m_PGM_2Perc_coupling_errors_off_RP/round_8/80_bessy3_56m_PGM_2Perc_coupling_errors_off_RP.rml
2025-02-08 01:34:32,903 - INFO - Completed: 48, remaining: 12, RAYPy_Simulation_bessy3_56m_PGM_2Perc_coupling_errors_off_RP/round_8/79_bessy3_56m_PGM_2Perc_coupling_errors_off_RP.rml
2025-02-08 01:34:32,999 - INFO - Completed: 49, remaining: 11, RAYPy_Simulation_bessy3_56m_PGM_2Perc_coupling_errors_off_RP/round_8/85_bessy3_56m_PGM_2Perc_coupling_errors_off_RP.rml
2025-02-08 01:34:33,178 - INFO - Completed: 50, remaining: 10, RAYPy_Simulation_bessy3_56m_PGM_2Perc_coupling_errors_off_RP/round_8/87_bessy3_56m_PGM_2Perc_coupling_errors_off_RP.rml
2025-02-08 01:34:33,193 - INFO - Completed: 51, remaining: 9, RAYPy_Simulation_bessy3_56m_PGM_2Perc_coupling_errors_off_RP/round_8/86_bessy3_56m_PGM_2Perc_coupling_errors_off_RP.rml
2025-02-08 01:34:33,207 - INFO - Completed: 52, remaining: 8, RAYPy_Simulation_bessy3_56m_PGM_2Perc_coupling_errors_off_RP/round_8/84_bessy3_56m_PGM_2Perc_coupling_errors_off_RP.rml
2025-02-08 01:34:33,254 - INFO - Completed: 53, remaining: 7, RAYPy_Simulation_bessy3_56m_PGM_2Perc_coupling_errors_off_RP/round_8/88_bessy3_56m_PGM_2Perc_coupling_errors_off_RP.rml
2025-02-08 01:34:34,787 - INFO - Completed: 54, remaining: 6, RAYPy_Simulation_bessy3_56m_PGM_2Perc_coupling_errors_off_RP/round_8/89_bessy3_56m_PGM_2Perc_coupling_errors_off_RP.rml
2025-02-08 01:34:35,079 - INFO - Completed: 55, remaining: 5, RAYPy_Simulation_bessy3_56m_PGM_2Perc_coupling_errors_off_RP/round_8/91_bessy3_56m_PGM_2Perc_coupling_errors_off_RP.rml
2025-02-08 01:34:35,223 - INFO - Completed: 56, remaining: 4, RAYPy_Simulation_bessy3_56m_PGM_2Perc_coupling_errors_off_RP/round_8/93_bessy3_56m_PGM_2Perc_coupling_errors_off_RP.rml
2025-02-08 01:34:35,330 - INFO - Completed: 57, remaining: 3, RAYPy_Simulation_bessy3_56m_PGM_2Perc_coupling_errors_off_RP/round_8/92_bessy3_56m_PGM_2Perc_coupling_errors_off_RP.rml
2025-02-08 01:34:35,454 - INFO - Completed: 58, remaining: 2, RAYPy_Simulation_bessy3_56m_PGM_2Perc_coupling_errors_off_RP/round_8/90_bessy3_56m_PGM_2Perc_coupling_errors_off_RP.rml
2025-02-08 01:34:35,512 - INFO - Completed: 59, remaining: 1, RAYPy_Simulation_bessy3_56m_PGM_2Perc_coupling_errors_off_RP/round_8/94_bessy3_56m_PGM_2Perc_coupling_errors_off_RP.rml
2025-02-08 01:34:35,585 - INFO - Completed: 60, remaining: 0, RAYPy_Simulation_bessy3_56m_PGM_2Perc_coupling_errors_off_RP/round_8/95_bessy3_56m_PGM_2Perc_coupling_errors_off_RP.rml
2025-02-08 01:34:35,586 - INFO - Batch Completed
2025-02-08 01:34:35,586 - INFO - Waiting For batch, 60 simulations to go
2025-02-08 01:34:35,593 - INFO - Prepared sim number: 96: RAYPy_Simulation_bessy3_56m_PGM_2Perc_coupling_errors_off_RP/round_8/96_bessy3_56m_PGM_2Perc_coupling_errors_off_RP.rml
2025-02-08 01:34:35,599 - INFO - Prepared sim number: 97: RAYPy_Simulation_bessy3_56m_PGM_2Perc_coupling_errors_off_RP/round_8/97_bessy3_56m_PGM_2Perc_coupling_errors_off_RP.rml
2025-02-08 01:34:35,606 - INFO - Prepared sim number: 98: RAYPy_Simulation_bessy3_56m_PGM_2Perc_coupling_errors_off_RP/round_8/98_bessy3_56m_PGM_2Perc_coupling_errors_off_RP.rml
2025-02-08 01:34:35,615 - INFO - Prepared sim number: 99: RAYPy_Simulation_bessy3_56m_PGM_2Perc_coupling_errors_off_RP/round_8/99_bessy3_56m_PGM_2Perc_coupling_errors_off_RP.rml
2025-02-08 01:34:35,621 - INFO - Prepared sim number: 100: RAYPy_Simulation_bessy3_56m_PGM_2Perc_coupling_errors_off_RP/round_8/100_bessy3_56m_PGM_2Perc_coupling_errors_off_RP.rml
2025-02-08 01:34:35,628 - INFO - Prepared sim number: 101: RAYPy_Simulation_bessy3_56m_PGM_2Perc_coupling_errors_off_RP/round_8/101_bessy3_56m_PGM_2Perc_coupling_errors_off_RP.rml
2025-02-08 01:34:35,632 - INFO - Prepared sim number: 102: RAYPy_Simulation_bessy3_56m_PGM_2Perc_coupling_errors_off_RP/round_8/102_bessy3_56m_PGM_2Perc_coupling_errors_off_RP.rml
2025-02-08 01:34:35,638 - INFO - Prepared sim number: 103: RAYPy_Simulation_bessy3_56m_PGM_2Perc_coupling_errors_off_RP/round_8/103_bessy3_56m_PGM_2Perc_coupling_errors_off_RP.rml
2025-02-08 01:34:35,643 - INFO - Prepared sim number: 104: RAYPy_Simulation_bessy3_56m_PGM_2Perc_coupling_errors_off_RP/round_8/104_bessy3_56m_PGM_2Perc_coupling_errors_off_RP.rml
2025-02-08 01:34:35,649 - INFO - Prepared sim number: 105: RAYPy_Simulation_bessy3_56m_PGM_2Perc_coupling_errors_off_RP/round_8/105_bessy3_56m_PGM_2Perc_coupling_errors_off_RP.rml
2025-02-08 01:34:35,654 - INFO - Prepared sim number: 106: RAYPy_Simulation_bessy3_56m_PGM_2Perc_coupling_errors_off_RP/round_8/106_bessy3_56m_PGM_2Perc_coupling_errors_off_RP.rml
2025-02-08 01:34:35,659 - INFO - Prepared sim number: 107: RAYPy_Simulation_bessy3_56m_PGM_2Perc_coupling_errors_off_RP/round_8/107_bessy3_56m_PGM_2Perc_coupling_errors_off_RP.rml
2025-02-08 01:34:35,664 - INFO - Prepared sim number: 108: RAYPy_Simulation_bessy3_56m_PGM_2Perc_coupling_errors_off_RP/round_8/108_bessy3_56m_PGM_2Perc_coupling_errors_off_RP.rml
2025-02-08 01:34:35,670 - INFO - Prepared sim number: 109: RAYPy_Simulation_bessy3_56m_PGM_2Perc_coupling_errors_off_RP/round_8/109_bessy3_56m_PGM_2Perc_coupling_errors_off_RP.rml
2025-02-08 01:34:35,675 - INFO - Prepared sim number: 110: RAYPy_Simulation_bessy3_56m_PGM_2Perc_coupling_errors_off_RP/round_8/110_bessy3_56m_PGM_2Perc_coupling_errors_off_RP.rml
2025-02-08 01:34:35,680 - INFO - Prepared sim number: 111: RAYPy_Simulation_bessy3_56m_PGM_2Perc_coupling_errors_off_RP/round_8/111_bessy3_56m_PGM_2Perc_coupling_errors_off_RP.rml
2025-02-08 01:34:35,685 - INFO - Prepared sim number: 112: RAYPy_Simulation_bessy3_56m_PGM_2Perc_coupling_errors_off_RP/round_8/112_bessy3_56m_PGM_2Perc_coupling_errors_off_RP.rml
2025-02-08 01:34:35,690 - INFO - Prepared sim number: 113: RAYPy_Simulation_bessy3_56m_PGM_2Perc_coupling_errors_off_RP/round_8/113_bessy3_56m_PGM_2Perc_coupling_errors_off_RP.rml
2025-02-08 01:34:35,696 - INFO - Prepared sim number: 114: RAYPy_Simulation_bessy3_56m_PGM_2Perc_coupling_errors_off_RP/round_8/114_bessy3_56m_PGM_2Perc_coupling_errors_off_RP.rml
2025-02-08 01:34:35,701 - INFO - Prepared sim number: 115: RAYPy_Simulation_bessy3_56m_PGM_2Perc_coupling_errors_off_RP/round_8/115_bessy3_56m_PGM_2Perc_coupling_errors_off_RP.rml
2025-02-08 01:34:35,705 - INFO - Prepared sim number: 116: RAYPy_Simulation_bessy3_56m_PGM_2Perc_coupling_errors_off_RP/round_8/116_bessy3_56m_PGM_2Perc_coupling_errors_off_RP.rml
2025-02-08 01:34:35,711 - INFO - Prepared sim number: 117: RAYPy_Simulation_bessy3_56m_PGM_2Perc_coupling_errors_off_RP/round_8/117_bessy3_56m_PGM_2Perc_coupling_errors_off_RP.rml
2025-02-08 01:34:35,715 - INFO - Prepared sim number: 118: RAYPy_Simulation_bessy3_56m_PGM_2Perc_coupling_errors_off_RP/round_8/118_bessy3_56m_PGM_2Perc_coupling_errors_off_RP.rml
2025-02-08 01:34:35,719 - INFO - Prepared sim number: 119: RAYPy_Simulation_bessy3_56m_PGM_2Perc_coupling_errors_off_RP/round_8/119_bessy3_56m_PGM_2Perc_coupling_errors_off_RP.rml
2025-02-08 01:34:35,724 - INFO - Prepared sim number: 120: RAYPy_Simulation_bessy3_56m_PGM_2Perc_coupling_errors_off_RP/round_8/120_bessy3_56m_PGM_2Perc_coupling_errors_off_RP.rml
2025-02-08 01:34:35,729 - INFO - Prepared sim number: 121: RAYPy_Simulation_bessy3_56m_PGM_2Perc_coupling_errors_off_RP/round_8/121_bessy3_56m_PGM_2Perc_coupling_errors_off_RP.rml
2025-02-08 01:34:35,734 - INFO - Prepared sim number: 122: RAYPy_Simulation_bessy3_56m_PGM_2Perc_coupling_errors_off_RP/round_8/122_bessy3_56m_PGM_2Perc_coupling_errors_off_RP.rml
2025-02-08 01:34:35,734 - INFO - Start round 9
2025-02-08 01:34:35,740 - INFO - Prepared sim number: 0: RAYPy_Simulation_bessy3_56m_PGM_2Perc_coupling_errors_off_RP/round_9/0_bessy3_56m_PGM_2Perc_coupling_errors_off_RP.rml
2025-02-08 01:34:35,744 - INFO - Prepared sim number: 1: RAYPy_Simulation_bessy3_56m_PGM_2Perc_coupling_errors_off_RP/round_9/1_bessy3_56m_PGM_2Perc_coupling_errors_off_RP.rml
2025-02-08 01:34:35,749 - INFO - Prepared sim number: 2: RAYPy_Simulation_bessy3_56m_PGM_2Perc_coupling_errors_off_RP/round_9/2_bessy3_56m_PGM_2Perc_coupling_errors_off_RP.rml
2025-02-08 01:34:35,754 - INFO - Prepared sim number: 3: RAYPy_Simulation_bessy3_56m_PGM_2Perc_coupling_errors_off_RP/round_9/3_bessy3_56m_PGM_2Perc_coupling_errors_off_RP.rml
2025-02-08 01:34:35,760 - INFO - Prepared sim number: 4: RAYPy_Simulation_bessy3_56m_PGM_2Perc_coupling_errors_off_RP/round_9/4_bessy3_56m_PGM_2Perc_coupling_errors_off_RP.rml
2025-02-08 01:34:35,764 - INFO - Prepared sim number: 5: RAYPy_Simulation_bessy3_56m_PGM_2Perc_coupling_errors_off_RP/round_9/5_bessy3_56m_PGM_2Perc_coupling_errors_off_RP.rml
2025-02-08 01:34:35,769 - INFO - Prepared sim number: 6: RAYPy_Simulation_bessy3_56m_PGM_2Perc_coupling_errors_off_RP/round_9/6_bessy3_56m_PGM_2Perc_coupling_errors_off_RP.rml
2025-02-08 01:34:35,774 - INFO - Prepared sim number: 7: RAYPy_Simulation_bessy3_56m_PGM_2Perc_coupling_errors_off_RP/round_9/7_bessy3_56m_PGM_2Perc_coupling_errors_off_RP.rml
2025-02-08 01:34:35,779 - INFO - Prepared sim number: 8: RAYPy_Simulation_bessy3_56m_PGM_2Perc_coupling_errors_off_RP/round_9/8_bessy3_56m_PGM_2Perc_coupling_errors_off_RP.rml
2025-02-08 01:34:35,783 - INFO - Prepared sim number: 9: RAYPy_Simulation_bessy3_56m_PGM_2Perc_coupling_errors_off_RP/round_9/9_bessy3_56m_PGM_2Perc_coupling_errors_off_RP.rml
2025-02-08 01:34:35,788 - INFO - Prepared sim number: 10: RAYPy_Simulation_bessy3_56m_PGM_2Perc_coupling_errors_off_RP/round_9/10_bessy3_56m_PGM_2Perc_coupling_errors_off_RP.rml
2025-02-08 01:34:35,793 - INFO - Prepared sim number: 11: RAYPy_Simulation_bessy3_56m_PGM_2Perc_coupling_errors_off_RP/round_9/11_bessy3_56m_PGM_2Perc_coupling_errors_off_RP.rml
2025-02-08 01:34:35,798 - INFO - Prepared sim number: 12: RAYPy_Simulation_bessy3_56m_PGM_2Perc_coupling_errors_off_RP/round_9/12_bessy3_56m_PGM_2Perc_coupling_errors_off_RP.rml
2025-02-08 01:34:35,802 - INFO - Prepared sim number: 13: RAYPy_Simulation_bessy3_56m_PGM_2Perc_coupling_errors_off_RP/round_9/13_bessy3_56m_PGM_2Perc_coupling_errors_off_RP.rml
2025-02-08 01:34:35,807 - INFO - Prepared sim number: 14: RAYPy_Simulation_bessy3_56m_PGM_2Perc_coupling_errors_off_RP/round_9/14_bessy3_56m_PGM_2Perc_coupling_errors_off_RP.rml
2025-02-08 01:34:35,812 - INFO - Prepared sim number: 15: RAYPy_Simulation_bessy3_56m_PGM_2Perc_coupling_errors_off_RP/round_9/15_bessy3_56m_PGM_2Perc_coupling_errors_off_RP.rml
2025-02-08 01:34:35,817 - INFO - Prepared sim number: 16: RAYPy_Simulation_bessy3_56m_PGM_2Perc_coupling_errors_off_RP/round_9/16_bessy3_56m_PGM_2Perc_coupling_errors_off_RP.rml
2025-02-08 01:34:35,822 - INFO - Prepared sim number: 17: RAYPy_Simulation_bessy3_56m_PGM_2Perc_coupling_errors_off_RP/round_9/17_bessy3_56m_PGM_2Perc_coupling_errors_off_RP.rml
2025-02-08 01:34:35,827 - INFO - Prepared sim number: 18: RAYPy_Simulation_bessy3_56m_PGM_2Perc_coupling_errors_off_RP/round_9/18_bessy3_56m_PGM_2Perc_coupling_errors_off_RP.rml
2025-02-08 01:34:35,831 - INFO - Prepared sim number: 19: RAYPy_Simulation_bessy3_56m_PGM_2Perc_coupling_errors_off_RP/round_9/19_bessy3_56m_PGM_2Perc_coupling_errors_off_RP.rml
2025-02-08 01:34:35,837 - INFO - Prepared sim number: 20: RAYPy_Simulation_bessy3_56m_PGM_2Perc_coupling_errors_off_RP/round_9/20_bessy3_56m_PGM_2Perc_coupling_errors_off_RP.rml
2025-02-08 01:34:35,843 - INFO - Prepared sim number: 21: RAYPy_Simulation_bessy3_56m_PGM_2Perc_coupling_errors_off_RP/round_9/21_bessy3_56m_PGM_2Perc_coupling_errors_off_RP.rml
2025-02-08 01:34:35,849 - INFO - Prepared sim number: 22: RAYPy_Simulation_bessy3_56m_PGM_2Perc_coupling_errors_off_RP/round_9/22_bessy3_56m_PGM_2Perc_coupling_errors_off_RP.rml
2025-02-08 01:34:35,855 - INFO - Prepared sim number: 23: RAYPy_Simulation_bessy3_56m_PGM_2Perc_coupling_errors_off_RP/round_9/23_bessy3_56m_PGM_2Perc_coupling_errors_off_RP.rml
2025-02-08 01:34:35,861 - INFO - Prepared sim number: 24: RAYPy_Simulation_bessy3_56m_PGM_2Perc_coupling_errors_off_RP/round_9/24_bessy3_56m_PGM_2Perc_coupling_errors_off_RP.rml
2025-02-08 01:34:35,867 - INFO - Prepared sim number: 25: RAYPy_Simulation_bessy3_56m_PGM_2Perc_coupling_errors_off_RP/round_9/25_bessy3_56m_PGM_2Perc_coupling_errors_off_RP.rml
2025-02-08 01:34:35,873 - INFO - Prepared sim number: 26: RAYPy_Simulation_bessy3_56m_PGM_2Perc_coupling_errors_off_RP/round_9/26_bessy3_56m_PGM_2Perc_coupling_errors_off_RP.rml
2025-02-08 01:34:35,879 - INFO - Prepared sim number: 27: RAYPy_Simulation_bessy3_56m_PGM_2Perc_coupling_errors_off_RP/round_9/27_bessy3_56m_PGM_2Perc_coupling_errors_off_RP.rml
2025-02-08 01:34:35,885 - INFO - Prepared sim number: 28: RAYPy_Simulation_bessy3_56m_PGM_2Perc_coupling_errors_off_RP/round_9/28_bessy3_56m_PGM_2Perc_coupling_errors_off_RP.rml
2025-02-08 01:34:35,891 - INFO - Prepared sim number: 29: RAYPy_Simulation_bessy3_56m_PGM_2Perc_coupling_errors_off_RP/round_9/29_bessy3_56m_PGM_2Perc_coupling_errors_off_RP.rml
2025-02-08 01:34:35,897 - INFO - Prepared sim number: 30: RAYPy_Simulation_bessy3_56m_PGM_2Perc_coupling_errors_off_RP/round_9/30_bessy3_56m_PGM_2Perc_coupling_errors_off_RP.rml
2025-02-08 01:34:35,903 - INFO - Prepared sim number: 31: RAYPy_Simulation_bessy3_56m_PGM_2Perc_coupling_errors_off_RP/round_9/31_bessy3_56m_PGM_2Perc_coupling_errors_off_RP.rml
2025-02-08 01:34:35,908 - INFO - Prepared sim number: 32: RAYPy_Simulation_bessy3_56m_PGM_2Perc_coupling_errors_off_RP/round_9/32_bessy3_56m_PGM_2Perc_coupling_errors_off_RP.rml
2025-02-08 01:34:35,909 - INFO - Waiting for batch number: 18, timeout: 20.2440801776041s
2025-02-08 01:34:38,226 - INFO - Completed: 1, remaining: 59, RAYPy_Simulation_bessy3_56m_PGM_2Perc_coupling_errors_off_RP/round_8/104_bessy3_56m_PGM_2Perc_coupling_errors_off_RP.rml
2025-02-08 01:34:38,266 - INFO - Completed: 2, remaining: 58, RAYPy_Simulation_bessy3_56m_PGM_2Perc_coupling_errors_off_RP/round_8/98_bessy3_56m_PGM_2Perc_coupling_errors_off_RP.rml
2025-02-08 01:34:38,283 - INFO - Completed: 3, remaining: 57, RAYPy_Simulation_bessy3_56m_PGM_2Perc_coupling_errors_off_RP/round_8/96_bessy3_56m_PGM_2Perc_coupling_errors_off_RP.rml
2025-02-08 01:34:38,290 - INFO - Completed: 4, remaining: 56, RAYPy_Simulation_bessy3_56m_PGM_2Perc_coupling_errors_off_RP/round_8/97_bessy3_56m_PGM_2Perc_coupling_errors_off_RP.rml
2025-02-08 01:34:38,368 - INFO - Completed: 5, remaining: 55, RAYPy_Simulation_bessy3_56m_PGM_2Perc_coupling_errors_off_RP/round_8/101_bessy3_56m_PGM_2Perc_coupling_errors_off_RP.rml
2025-02-08 01:34:38,434 - INFO - Completed: 6, remaining: 54, RAYPy_Simulation_bessy3_56m_PGM_2Perc_coupling_errors_off_RP/round_8/103_bessy3_56m_PGM_2Perc_coupling_errors_off_RP.rml
2025-02-08 01:34:38,456 - INFO - Completed: 7, remaining: 53, RAYPy_Simulation_bessy3_56m_PGM_2Perc_coupling_errors_off_RP/round_8/100_bessy3_56m_PGM_2Perc_coupling_errors_off_RP.rml
2025-02-08 01:34:40,572 - INFO - Completed: 8, remaining: 52, RAYPy_Simulation_bessy3_56m_PGM_2Perc_coupling_errors_off_RP/round_8/105_bessy3_56m_PGM_2Perc_coupling_errors_off_RP.rml
2025-02-08 01:34:40,818 - INFO - Completed: 9, remaining: 51, RAYPy_Simulation_bessy3_56m_PGM_2Perc_coupling_errors_off_RP/round_8/106_bessy3_56m_PGM_2Perc_coupling_errors_off_RP.rml
2025-02-08 01:34:40,896 - INFO - Completed: 10, remaining: 50, RAYPy_Simulation_bessy3_56m_PGM_2Perc_coupling_errors_off_RP/round_8/102_bessy3_56m_PGM_2Perc_coupling_errors_off_RP.rml
2025-02-08 01:34:41,028 - INFO - Completed: 11, remaining: 49, RAYPy_Simulation_bessy3_56m_PGM_2Perc_coupling_errors_off_RP/round_8/111_bessy3_56m_PGM_2Perc_coupling_errors_off_RP.rml
2025-02-08 01:34:41,056 - INFO - Completed: 12, remaining: 48, RAYPy_Simulation_bessy3_56m_PGM_2Perc_coupling_errors_off_RP/round_8/99_bessy3_56m_PGM_2Perc_coupling_errors_off_RP.rml
2025-02-08 01:34:41,093 - INFO - Completed: 13, remaining: 47, RAYPy_Simulation_bessy3_56m_PGM_2Perc_coupling_errors_off_RP/round_8/107_bessy3_56m_PGM_2Perc_coupling_errors_off_RP.rml
2025-02-08 01:34:41,262 - INFO - Completed: 14, remaining: 46, RAYPy_Simulation_bessy3_56m_PGM_2Perc_coupling_errors_off_RP/round_8/108_bessy3_56m_PGM_2Perc_coupling_errors_off_RP.rml
2025-02-08 01:34:41,281 - INFO - Completed: 15, remaining: 45, RAYPy_Simulation_bessy3_56m_PGM_2Perc_coupling_errors_off_RP/round_8/110_bessy3_56m_PGM_2Perc_coupling_errors_off_RP.rml
2025-02-08 01:34:41,386 - INFO - Completed: 16, remaining: 44, RAYPy_Simulation_bessy3_56m_PGM_2Perc_coupling_errors_off_RP/round_8/113_bessy3_56m_PGM_2Perc_coupling_errors_off_RP.rml
2025-02-08 01:34:41,537 - INFO - Completed: 17, remaining: 43, RAYPy_Simulation_bessy3_56m_PGM_2Perc_coupling_errors_off_RP/round_8/112_bessy3_56m_PGM_2Perc_coupling_errors_off_RP.rml
2025-02-08 01:34:41,595 - INFO - Completed: 18, remaining: 42, RAYPy_Simulation_bessy3_56m_PGM_2Perc_coupling_errors_off_RP/round_8/109_bessy3_56m_PGM_2Perc_coupling_errors_off_RP.rml
2025-02-08 01:34:43,313 - INFO - Completed: 19, remaining: 41, RAYPy_Simulation_bessy3_56m_PGM_2Perc_coupling_errors_off_RP/round_8/114_bessy3_56m_PGM_2Perc_coupling_errors_off_RP.rml
2025-02-08 01:34:43,651 - INFO - Completed: 20, remaining: 40, RAYPy_Simulation_bessy3_56m_PGM_2Perc_coupling_errors_off_RP/round_8/116_bessy3_56m_PGM_2Perc_coupling_errors_off_RP.rml
2025-02-08 01:34:43,704 - INFO - Completed: 21, remaining: 39, RAYPy_Simulation_bessy3_56m_PGM_2Perc_coupling_errors_off_RP/round_8/115_bessy3_56m_PGM_2Perc_coupling_errors_off_RP.rml
2025-02-08 01:34:44,257 - INFO - Completed: 22, remaining: 38, RAYPy_Simulation_bessy3_56m_PGM_2Perc_coupling_errors_off_RP/round_8/119_bessy3_56m_PGM_2Perc_coupling_errors_off_RP.rml
2025-02-08 01:34:44,414 - INFO - Completed: 23, remaining: 37, RAYPy_Simulation_bessy3_56m_PGM_2Perc_coupling_errors_off_RP/round_8/120_bessy3_56m_PGM_2Perc_coupling_errors_off_RP.rml
2025-02-08 01:34:44,452 - INFO - Completed: 24, remaining: 36, RAYPy_Simulation_bessy3_56m_PGM_2Perc_coupling_errors_off_RP/round_9/0_bessy3_56m_PGM_2Perc_coupling_errors_off_RP.rml
2025-02-08 01:34:44,555 - INFO - Completed: 25, remaining: 35, RAYPy_Simulation_bessy3_56m_PGM_2Perc_coupling_errors_off_RP/round_8/122_bessy3_56m_PGM_2Perc_coupling_errors_off_RP.rml
2025-02-08 01:34:44,566 - INFO - Completed: 26, remaining: 34, RAYPy_Simulation_bessy3_56m_PGM_2Perc_coupling_errors_off_RP/round_9/1_bessy3_56m_PGM_2Perc_coupling_errors_off_RP.rml
2025-02-08 01:34:44,587 - INFO - Completed: 27, remaining: 33, RAYPy_Simulation_bessy3_56m_PGM_2Perc_coupling_errors_off_RP/round_8/121_bessy3_56m_PGM_2Perc_coupling_errors_off_RP.rml
2025-02-08 01:34:44,592 - INFO - Completed: 28, remaining: 32, RAYPy_Simulation_bessy3_56m_PGM_2Perc_coupling_errors_off_RP/round_8/118_bessy3_56m_PGM_2Perc_coupling_errors_off_RP.rml
2025-02-08 01:34:44,607 - INFO - Completed: 29, remaining: 31, RAYPy_Simulation_bessy3_56m_PGM_2Perc_coupling_errors_off_RP/round_8/117_bessy3_56m_PGM_2Perc_coupling_errors_off_RP.rml
2025-02-08 01:34:46,433 - INFO - Completed: 30, remaining: 30, RAYPy_Simulation_bessy3_56m_PGM_2Perc_coupling_errors_off_RP/round_9/2_bessy3_56m_PGM_2Perc_coupling_errors_off_RP.rml
2025-02-08 01:34:46,824 - INFO - Completed: 31, remaining: 29, RAYPy_Simulation_bessy3_56m_PGM_2Perc_coupling_errors_off_RP/round_9/3_bessy3_56m_PGM_2Perc_coupling_errors_off_RP.rml
2025-02-08 01:34:46,980 - INFO - Completed: 32, remaining: 28, RAYPy_Simulation_bessy3_56m_PGM_2Perc_coupling_errors_off_RP/round_9/4_bessy3_56m_PGM_2Perc_coupling_errors_off_RP.rml
2025-02-08 01:34:47,535 - INFO - Completed: 33, remaining: 27, RAYPy_Simulation_bessy3_56m_PGM_2Perc_coupling_errors_off_RP/round_9/5_bessy3_56m_PGM_2Perc_coupling_errors_off_RP.rml
2025-02-08 01:34:47,717 - INFO - Completed: 34, remaining: 26, RAYPy_Simulation_bessy3_56m_PGM_2Perc_coupling_errors_off_RP/round_9/11_bessy3_56m_PGM_2Perc_coupling_errors_off_RP.rml
2025-02-08 01:34:47,886 - INFO - Completed: 35, remaining: 25, RAYPy_Simulation_bessy3_56m_PGM_2Perc_coupling_errors_off_RP/round_9/8_bessy3_56m_PGM_2Perc_coupling_errors_off_RP.rml
2025-02-08 01:34:47,937 - INFO - Completed: 36, remaining: 24, RAYPy_Simulation_bessy3_56m_PGM_2Perc_coupling_errors_off_RP/round_9/9_bessy3_56m_PGM_2Perc_coupling_errors_off_RP.rml
2025-02-08 01:34:48,001 - INFO - Completed: 37, remaining: 23, RAYPy_Simulation_bessy3_56m_PGM_2Perc_coupling_errors_off_RP/round_9/10_bessy3_56m_PGM_2Perc_coupling_errors_off_RP.rml
2025-02-08 01:34:48,100 - INFO - Completed: 38, remaining: 22, RAYPy_Simulation_bessy3_56m_PGM_2Perc_coupling_errors_off_RP/round_9/7_bessy3_56m_PGM_2Perc_coupling_errors_off_RP.rml
2025-02-08 01:34:48,182 - INFO - Completed: 39, remaining: 21, RAYPy_Simulation_bessy3_56m_PGM_2Perc_coupling_errors_off_RP/round_9/6_bessy3_56m_PGM_2Perc_coupling_errors_off_RP.rml
2025-02-08 01:34:48,264 - INFO - Completed: 40, remaining: 20, RAYPy_Simulation_bessy3_56m_PGM_2Perc_coupling_errors_off_RP/round_9/12_bessy3_56m_PGM_2Perc_coupling_errors_off_RP.rml
2025-02-08 01:34:49,638 - INFO - Completed: 41, remaining: 19, RAYPy_Simulation_bessy3_56m_PGM_2Perc_coupling_errors_off_RP/round_9/13_bessy3_56m_PGM_2Perc_coupling_errors_off_RP.rml
2025-02-08 01:34:50,075 - INFO - Completed: 42, remaining: 18, RAYPy_Simulation_bessy3_56m_PGM_2Perc_coupling_errors_off_RP/round_9/15_bessy3_56m_PGM_2Perc_coupling_errors_off_RP.rml
2025-02-08 01:34:50,831 - INFO - Completed: 43, remaining: 17, RAYPy_Simulation_bessy3_56m_PGM_2Perc_coupling_errors_off_RP/round_9/16_bessy3_56m_PGM_2Perc_coupling_errors_off_RP.rml
2025-02-08 01:34:50,912 - INFO - Completed: 44, remaining: 16, RAYPy_Simulation_bessy3_56m_PGM_2Perc_coupling_errors_off_RP/round_9/17_bessy3_56m_PGM_2Perc_coupling_errors_off_RP.rml
2025-02-08 01:34:51,205 - INFO - Completed: 45, remaining: 15, RAYPy_Simulation_bessy3_56m_PGM_2Perc_coupling_errors_off_RP/round_9/14_bessy3_56m_PGM_2Perc_coupling_errors_off_RP.rml
2025-02-08 01:34:51,230 - INFO - Completed: 46, remaining: 14, RAYPy_Simulation_bessy3_56m_PGM_2Perc_coupling_errors_off_RP/round_9/18_bessy3_56m_PGM_2Perc_coupling_errors_off_RP.rml
2025-02-08 01:34:51,314 - INFO - Completed: 47, remaining: 13, RAYPy_Simulation_bessy3_56m_PGM_2Perc_coupling_errors_off_RP/round_9/19_bessy3_56m_PGM_2Perc_coupling_errors_off_RP.rml
2025-02-08 01:34:51,474 - INFO - Completed: 48, remaining: 12, RAYPy_Simulation_bessy3_56m_PGM_2Perc_coupling_errors_off_RP/round_9/20_bessy3_56m_PGM_2Perc_coupling_errors_off_RP.rml
2025-02-08 01:34:51,647 - INFO - Completed: 49, remaining: 11, RAYPy_Simulation_bessy3_56m_PGM_2Perc_coupling_errors_off_RP/round_9/21_bessy3_56m_PGM_2Perc_coupling_errors_off_RP.rml
2025-02-08 01:34:51,685 - INFO - Completed: 50, remaining: 10, RAYPy_Simulation_bessy3_56m_PGM_2Perc_coupling_errors_off_RP/round_9/22_bessy3_56m_PGM_2Perc_coupling_errors_off_RP.rml
2025-02-08 01:34:51,709 - INFO - Completed: 51, remaining: 9, RAYPy_Simulation_bessy3_56m_PGM_2Perc_coupling_errors_off_RP/round_9/23_bessy3_56m_PGM_2Perc_coupling_errors_off_RP.rml
2025-02-08 01:34:52,653 - INFO - Completed: 52, remaining: 8, RAYPy_Simulation_bessy3_56m_PGM_2Perc_coupling_errors_off_RP/round_9/24_bessy3_56m_PGM_2Perc_coupling_errors_off_RP.rml
2025-02-08 01:34:53,460 - INFO - Completed: 53, remaining: 7, RAYPy_Simulation_bessy3_56m_PGM_2Perc_coupling_errors_off_RP/round_9/25_bessy3_56m_PGM_2Perc_coupling_errors_off_RP.rml
2025-02-08 01:34:53,630 - INFO - Completed: 54, remaining: 6, RAYPy_Simulation_bessy3_56m_PGM_2Perc_coupling_errors_off_RP/round_9/27_bessy3_56m_PGM_2Perc_coupling_errors_off_RP.rml
2025-02-08 01:34:53,633 - INFO - Completed: 55, remaining: 5, RAYPy_Simulation_bessy3_56m_PGM_2Perc_coupling_errors_off_RP/round_9/26_bessy3_56m_PGM_2Perc_coupling_errors_off_RP.rml
2025-02-08 01:34:53,822 - INFO - Completed: 56, remaining: 4, RAYPy_Simulation_bessy3_56m_PGM_2Perc_coupling_errors_off_RP/round_9/29_bessy3_56m_PGM_2Perc_coupling_errors_off_RP.rml
2025-02-08 01:34:54,013 - INFO - Completed: 57, remaining: 3, RAYPy_Simulation_bessy3_56m_PGM_2Perc_coupling_errors_off_RP/round_9/30_bessy3_56m_PGM_2Perc_coupling_errors_off_RP.rml
2025-02-08 01:34:54,083 - INFO - Completed: 58, remaining: 2, RAYPy_Simulation_bessy3_56m_PGM_2Perc_coupling_errors_off_RP/round_9/31_bessy3_56m_PGM_2Perc_coupling_errors_off_RP.rml
2025-02-08 01:34:54,154 - INFO - Completed: 59, remaining: 1, RAYPy_Simulation_bessy3_56m_PGM_2Perc_coupling_errors_off_RP/round_9/28_bessy3_56m_PGM_2Perc_coupling_errors_off_RP.rml
2025-02-08 01:34:54,171 - INFO - Completed: 60, remaining: 0, RAYPy_Simulation_bessy3_56m_PGM_2Perc_coupling_errors_off_RP/round_9/32_bessy3_56m_PGM_2Perc_coupling_errors_off_RP.rml
2025-02-08 01:34:54,172 - INFO - Batch Completed
2025-02-08 01:34:54,173 - INFO - Waiting For batch, 60 simulations to go
2025-02-08 01:34:54,181 - INFO - Prepared sim number: 33: RAYPy_Simulation_bessy3_56m_PGM_2Perc_coupling_errors_off_RP/round_9/33_bessy3_56m_PGM_2Perc_coupling_errors_off_RP.rml
2025-02-08 01:34:54,185 - INFO - Prepared sim number: 34: RAYPy_Simulation_bessy3_56m_PGM_2Perc_coupling_errors_off_RP/round_9/34_bessy3_56m_PGM_2Perc_coupling_errors_off_RP.rml
2025-02-08 01:34:54,190 - INFO - Prepared sim number: 35: RAYPy_Simulation_bessy3_56m_PGM_2Perc_coupling_errors_off_RP/round_9/35_bessy3_56m_PGM_2Perc_coupling_errors_off_RP.rml
2025-02-08 01:34:54,194 - INFO - Prepared sim number: 36: RAYPy_Simulation_bessy3_56m_PGM_2Perc_coupling_errors_off_RP/round_9/36_bessy3_56m_PGM_2Perc_coupling_errors_off_RP.rml
2025-02-08 01:34:54,198 - INFO - Prepared sim number: 37: RAYPy_Simulation_bessy3_56m_PGM_2Perc_coupling_errors_off_RP/round_9/37_bessy3_56m_PGM_2Perc_coupling_errors_off_RP.rml
2025-02-08 01:34:54,202 - INFO - Prepared sim number: 38: RAYPy_Simulation_bessy3_56m_PGM_2Perc_coupling_errors_off_RP/round_9/38_bessy3_56m_PGM_2Perc_coupling_errors_off_RP.rml
2025-02-08 01:34:54,206 - INFO - Prepared sim number: 39: RAYPy_Simulation_bessy3_56m_PGM_2Perc_coupling_errors_off_RP/round_9/39_bessy3_56m_PGM_2Perc_coupling_errors_off_RP.rml
2025-02-08 01:34:54,216 - INFO - Prepared sim number: 40: RAYPy_Simulation_bessy3_56m_PGM_2Perc_coupling_errors_off_RP/round_9/40_bessy3_56m_PGM_2Perc_coupling_errors_off_RP.rml
2025-02-08 01:34:54,220 - INFO - Prepared sim number: 41: RAYPy_Simulation_bessy3_56m_PGM_2Perc_coupling_errors_off_RP/round_9/41_bessy3_56m_PGM_2Perc_coupling_errors_off_RP.rml
2025-02-08 01:34:54,223 - INFO - Prepared sim number: 42: RAYPy_Simulation_bessy3_56m_PGM_2Perc_coupling_errors_off_RP/round_9/42_bessy3_56m_PGM_2Perc_coupling_errors_off_RP.rml
2025-02-08 01:34:54,227 - INFO - Prepared sim number: 43: RAYPy_Simulation_bessy3_56m_PGM_2Perc_coupling_errors_off_RP/round_9/43_bessy3_56m_PGM_2Perc_coupling_errors_off_RP.rml
2025-02-08 01:34:54,230 - INFO - Prepared sim number: 44: RAYPy_Simulation_bessy3_56m_PGM_2Perc_coupling_errors_off_RP/round_9/44_bessy3_56m_PGM_2Perc_coupling_errors_off_RP.rml
2025-02-08 01:34:54,234 - INFO - Prepared sim number: 45: RAYPy_Simulation_bessy3_56m_PGM_2Perc_coupling_errors_off_RP/round_9/45_bessy3_56m_PGM_2Perc_coupling_errors_off_RP.rml
2025-02-08 01:34:54,238 - INFO - Prepared sim number: 46: RAYPy_Simulation_bessy3_56m_PGM_2Perc_coupling_errors_off_RP/round_9/46_bessy3_56m_PGM_2Perc_coupling_errors_off_RP.rml
2025-02-08 01:34:54,241 - INFO - Prepared sim number: 47: RAYPy_Simulation_bessy3_56m_PGM_2Perc_coupling_errors_off_RP/round_9/47_bessy3_56m_PGM_2Perc_coupling_errors_off_RP.rml
2025-02-08 01:34:54,248 - INFO - Prepared sim number: 48: RAYPy_Simulation_bessy3_56m_PGM_2Perc_coupling_errors_off_RP/round_9/48_bessy3_56m_PGM_2Perc_coupling_errors_off_RP.rml
2025-02-08 01:34:54,252 - INFO - Prepared sim number: 49: RAYPy_Simulation_bessy3_56m_PGM_2Perc_coupling_errors_off_RP/round_9/49_bessy3_56m_PGM_2Perc_coupling_errors_off_RP.rml
2025-02-08 01:34:54,255 - INFO - Prepared sim number: 50: RAYPy_Simulation_bessy3_56m_PGM_2Perc_coupling_errors_off_RP/round_9/50_bessy3_56m_PGM_2Perc_coupling_errors_off_RP.rml
2025-02-08 01:34:54,259 - INFO - Prepared sim number: 51: RAYPy_Simulation_bessy3_56m_PGM_2Perc_coupling_errors_off_RP/round_9/51_bessy3_56m_PGM_2Perc_coupling_errors_off_RP.rml
2025-02-08 01:34:54,263 - INFO - Prepared sim number: 52: RAYPy_Simulation_bessy3_56m_PGM_2Perc_coupling_errors_off_RP/round_9/52_bessy3_56m_PGM_2Perc_coupling_errors_off_RP.rml
2025-02-08 01:34:54,267 - INFO - Prepared sim number: 53: RAYPy_Simulation_bessy3_56m_PGM_2Perc_coupling_errors_off_RP/round_9/53_bessy3_56m_PGM_2Perc_coupling_errors_off_RP.rml
2025-02-08 01:34:54,270 - INFO - Prepared sim number: 54: RAYPy_Simulation_bessy3_56m_PGM_2Perc_coupling_errors_off_RP/round_9/54_bessy3_56m_PGM_2Perc_coupling_errors_off_RP.rml
2025-02-08 01:34:54,274 - INFO - Prepared sim number: 55: RAYPy_Simulation_bessy3_56m_PGM_2Perc_coupling_errors_off_RP/round_9/55_bessy3_56m_PGM_2Perc_coupling_errors_off_RP.rml
2025-02-08 01:34:54,277 - INFO - Prepared sim number: 56: RAYPy_Simulation_bessy3_56m_PGM_2Perc_coupling_errors_off_RP/round_9/56_bessy3_56m_PGM_2Perc_coupling_errors_off_RP.rml
2025-02-08 01:34:54,281 - INFO - Prepared sim number: 57: RAYPy_Simulation_bessy3_56m_PGM_2Perc_coupling_errors_off_RP/round_9/57_bessy3_56m_PGM_2Perc_coupling_errors_off_RP.rml
2025-02-08 01:34:54,285 - INFO - Prepared sim number: 58: RAYPy_Simulation_bessy3_56m_PGM_2Perc_coupling_errors_off_RP/round_9/58_bessy3_56m_PGM_2Perc_coupling_errors_off_RP.rml
2025-02-08 01:34:54,288 - INFO - Prepared sim number: 59: RAYPy_Simulation_bessy3_56m_PGM_2Perc_coupling_errors_off_RP/round_9/59_bessy3_56m_PGM_2Perc_coupling_errors_off_RP.rml
2025-02-08 01:34:54,291 - INFO - Prepared sim number: 60: RAYPy_Simulation_bessy3_56m_PGM_2Perc_coupling_errors_off_RP/round_9/60_bessy3_56m_PGM_2Perc_coupling_errors_off_RP.rml
2025-02-08 01:34:54,295 - INFO - Prepared sim number: 61: RAYPy_Simulation_bessy3_56m_PGM_2Perc_coupling_errors_off_RP/round_9/61_bessy3_56m_PGM_2Perc_coupling_errors_off_RP.rml
2025-02-08 01:34:54,298 - INFO - Prepared sim number: 62: RAYPy_Simulation_bessy3_56m_PGM_2Perc_coupling_errors_off_RP/round_9/62_bessy3_56m_PGM_2Perc_coupling_errors_off_RP.rml
2025-02-08 01:34:54,302 - INFO - Prepared sim number: 63: RAYPy_Simulation_bessy3_56m_PGM_2Perc_coupling_errors_off_RP/round_9/63_bessy3_56m_PGM_2Perc_coupling_errors_off_RP.rml
2025-02-08 01:34:54,305 - INFO - Prepared sim number: 64: RAYPy_Simulation_bessy3_56m_PGM_2Perc_coupling_errors_off_RP/round_9/64_bessy3_56m_PGM_2Perc_coupling_errors_off_RP.rml
2025-02-08 01:34:54,308 - INFO - Prepared sim number: 65: RAYPy_Simulation_bessy3_56m_PGM_2Perc_coupling_errors_off_RP/round_9/65_bessy3_56m_PGM_2Perc_coupling_errors_off_RP.rml
2025-02-08 01:34:54,311 - INFO - Prepared sim number: 66: RAYPy_Simulation_bessy3_56m_PGM_2Perc_coupling_errors_off_RP/round_9/66_bessy3_56m_PGM_2Perc_coupling_errors_off_RP.rml
2025-02-08 01:34:54,314 - INFO - Prepared sim number: 67: RAYPy_Simulation_bessy3_56m_PGM_2Perc_coupling_errors_off_RP/round_9/67_bessy3_56m_PGM_2Perc_coupling_errors_off_RP.rml
2025-02-08 01:34:54,317 - INFO - Prepared sim number: 68: RAYPy_Simulation_bessy3_56m_PGM_2Perc_coupling_errors_off_RP/round_9/68_bessy3_56m_PGM_2Perc_coupling_errors_off_RP.rml
2025-02-08 01:34:54,321 - INFO - Prepared sim number: 69: RAYPy_Simulation_bessy3_56m_PGM_2Perc_coupling_errors_off_RP/round_9/69_bessy3_56m_PGM_2Perc_coupling_errors_off_RP.rml
2025-02-08 01:34:54,324 - INFO - Prepared sim number: 70: RAYPy_Simulation_bessy3_56m_PGM_2Perc_coupling_errors_off_RP/round_9/70_bessy3_56m_PGM_2Perc_coupling_errors_off_RP.rml
2025-02-08 01:34:54,327 - INFO - Prepared sim number: 71: RAYPy_Simulation_bessy3_56m_PGM_2Perc_coupling_errors_off_RP/round_9/71_bessy3_56m_PGM_2Perc_coupling_errors_off_RP.rml
2025-02-08 01:34:54,331 - INFO - Prepared sim number: 72: RAYPy_Simulation_bessy3_56m_PGM_2Perc_coupling_errors_off_RP/round_9/72_bessy3_56m_PGM_2Perc_coupling_errors_off_RP.rml
2025-02-08 01:34:54,335 - INFO - Prepared sim number: 73: RAYPy_Simulation_bessy3_56m_PGM_2Perc_coupling_errors_off_RP/round_9/73_bessy3_56m_PGM_2Perc_coupling_errors_off_RP.rml
2025-02-08 01:34:54,338 - INFO - Prepared sim number: 74: RAYPy_Simulation_bessy3_56m_PGM_2Perc_coupling_errors_off_RP/round_9/74_bessy3_56m_PGM_2Perc_coupling_errors_off_RP.rml
2025-02-08 01:34:54,341 - INFO - Prepared sim number: 75: RAYPy_Simulation_bessy3_56m_PGM_2Perc_coupling_errors_off_RP/round_9/75_bessy3_56m_PGM_2Perc_coupling_errors_off_RP.rml
2025-02-08 01:34:54,344 - INFO - Prepared sim number: 76: RAYPy_Simulation_bessy3_56m_PGM_2Perc_coupling_errors_off_RP/round_9/76_bessy3_56m_PGM_2Perc_coupling_errors_off_RP.rml
2025-02-08 01:34:54,347 - INFO - Prepared sim number: 77: RAYPy_Simulation_bessy3_56m_PGM_2Perc_coupling_errors_off_RP/round_9/77_bessy3_56m_PGM_2Perc_coupling_errors_off_RP.rml
2025-02-08 01:34:54,351 - INFO - Prepared sim number: 78: RAYPy_Simulation_bessy3_56m_PGM_2Perc_coupling_errors_off_RP/round_9/78_bessy3_56m_PGM_2Perc_coupling_errors_off_RP.rml
2025-02-08 01:34:54,354 - INFO - Prepared sim number: 79: RAYPy_Simulation_bessy3_56m_PGM_2Perc_coupling_errors_off_RP/round_9/79_bessy3_56m_PGM_2Perc_coupling_errors_off_RP.rml
2025-02-08 01:34:54,357 - INFO - Prepared sim number: 80: RAYPy_Simulation_bessy3_56m_PGM_2Perc_coupling_errors_off_RP/round_9/80_bessy3_56m_PGM_2Perc_coupling_errors_off_RP.rml
2025-02-08 01:34:54,361 - INFO - Prepared sim number: 81: RAYPy_Simulation_bessy3_56m_PGM_2Perc_coupling_errors_off_RP/round_9/81_bessy3_56m_PGM_2Perc_coupling_errors_off_RP.rml
2025-02-08 01:34:54,364 - INFO - Prepared sim number: 82: RAYPy_Simulation_bessy3_56m_PGM_2Perc_coupling_errors_off_RP/round_9/82_bessy3_56m_PGM_2Perc_coupling_errors_off_RP.rml
2025-02-08 01:34:54,367 - INFO - Prepared sim number: 83: RAYPy_Simulation_bessy3_56m_PGM_2Perc_coupling_errors_off_RP/round_9/83_bessy3_56m_PGM_2Perc_coupling_errors_off_RP.rml
2025-02-08 01:34:54,371 - INFO - Prepared sim number: 84: RAYPy_Simulation_bessy3_56m_PGM_2Perc_coupling_errors_off_RP/round_9/84_bessy3_56m_PGM_2Perc_coupling_errors_off_RP.rml
2025-02-08 01:34:54,374 - INFO - Prepared sim number: 85: RAYPy_Simulation_bessy3_56m_PGM_2Perc_coupling_errors_off_RP/round_9/85_bessy3_56m_PGM_2Perc_coupling_errors_off_RP.rml
2025-02-08 01:34:54,377 - INFO - Prepared sim number: 86: RAYPy_Simulation_bessy3_56m_PGM_2Perc_coupling_errors_off_RP/round_9/86_bessy3_56m_PGM_2Perc_coupling_errors_off_RP.rml
2025-02-08 01:34:54,380 - INFO - Prepared sim number: 87: RAYPy_Simulation_bessy3_56m_PGM_2Perc_coupling_errors_off_RP/round_9/87_bessy3_56m_PGM_2Perc_coupling_errors_off_RP.rml
2025-02-08 01:34:54,384 - INFO - Prepared sim number: 88: RAYPy_Simulation_bessy3_56m_PGM_2Perc_coupling_errors_off_RP/round_9/88_bessy3_56m_PGM_2Perc_coupling_errors_off_RP.rml
2025-02-08 01:34:54,387 - INFO - Prepared sim number: 89: RAYPy_Simulation_bessy3_56m_PGM_2Perc_coupling_errors_off_RP/round_9/89_bessy3_56m_PGM_2Perc_coupling_errors_off_RP.rml
2025-02-08 01:34:54,390 - INFO - Prepared sim number: 90: RAYPy_Simulation_bessy3_56m_PGM_2Perc_coupling_errors_off_RP/round_9/90_bessy3_56m_PGM_2Perc_coupling_errors_off_RP.rml
2025-02-08 01:34:54,395 - INFO - Prepared sim number: 91: RAYPy_Simulation_bessy3_56m_PGM_2Perc_coupling_errors_off_RP/round_9/91_bessy3_56m_PGM_2Perc_coupling_errors_off_RP.rml
2025-02-08 01:34:54,400 - INFO - Prepared sim number: 92: RAYPy_Simulation_bessy3_56m_PGM_2Perc_coupling_errors_off_RP/round_9/92_bessy3_56m_PGM_2Perc_coupling_errors_off_RP.rml
2025-02-08 01:34:54,400 - INFO - Waiting for batch number: 19, timeout: 20.18896734976161s
2025-02-08 01:34:56,661 - INFO - Completed: 1, remaining: 59, RAYPy_Simulation_bessy3_56m_PGM_2Perc_coupling_errors_off_RP/round_9/41_bessy3_56m_PGM_2Perc_coupling_errors_off_RP.rml
2025-02-08 01:34:56,905 - INFO - Completed: 2, remaining: 58, RAYPy_Simulation_bessy3_56m_PGM_2Perc_coupling_errors_off_RP/round_9/42_bessy3_56m_PGM_2Perc_coupling_errors_off_RP.rml
2025-02-08 01:34:57,004 - INFO - Completed: 3, remaining: 57, RAYPy_Simulation_bessy3_56m_PGM_2Perc_coupling_errors_off_RP/round_9/36_bessy3_56m_PGM_2Perc_coupling_errors_off_RP.rml
2025-02-08 01:34:57,135 - INFO - Completed: 4, remaining: 56, RAYPy_Simulation_bessy3_56m_PGM_2Perc_coupling_errors_off_RP/round_9/37_bessy3_56m_PGM_2Perc_coupling_errors_off_RP.rml
2025-02-08 01:34:57,213 - INFO - Completed: 5, remaining: 55, RAYPy_Simulation_bessy3_56m_PGM_2Perc_coupling_errors_off_RP/round_9/40_bessy3_56m_PGM_2Perc_coupling_errors_off_RP.rml
2025-02-08 01:34:57,236 - INFO - Completed: 6, remaining: 54, RAYPy_Simulation_bessy3_56m_PGM_2Perc_coupling_errors_off_RP/round_9/34_bessy3_56m_PGM_2Perc_coupling_errors_off_RP.rml
2025-02-08 01:34:57,256 - INFO - Completed: 7, remaining: 53, RAYPy_Simulation_bessy3_56m_PGM_2Perc_coupling_errors_off_RP/round_9/38_bessy3_56m_PGM_2Perc_coupling_errors_off_RP.rml
2025-02-08 01:34:57,313 - INFO - Completed: 8, remaining: 52, RAYPy_Simulation_bessy3_56m_PGM_2Perc_coupling_errors_off_RP/round_9/33_bessy3_56m_PGM_2Perc_coupling_errors_off_RP.rml
2025-02-08 01:34:59,593 - INFO - Completed: 9, remaining: 51, RAYPy_Simulation_bessy3_56m_PGM_2Perc_coupling_errors_off_RP/round_9/39_bessy3_56m_PGM_2Perc_coupling_errors_off_RP.rml
2025-02-08 01:34:59,678 - INFO - Completed: 10, remaining: 50, RAYPy_Simulation_bessy3_56m_PGM_2Perc_coupling_errors_off_RP/round_9/44_bessy3_56m_PGM_2Perc_coupling_errors_off_RP.rml
2025-02-08 01:34:59,715 - INFO - Completed: 11, remaining: 49, RAYPy_Simulation_bessy3_56m_PGM_2Perc_coupling_errors_off_RP/round_9/35_bessy3_56m_PGM_2Perc_coupling_errors_off_RP.rml
2025-02-08 01:35:00,161 - INFO - Completed: 12, remaining: 48, RAYPy_Simulation_bessy3_56m_PGM_2Perc_coupling_errors_off_RP/round_9/45_bessy3_56m_PGM_2Perc_coupling_errors_off_RP.rml
2025-02-08 01:35:00,231 - INFO - Completed: 13, remaining: 47, RAYPy_Simulation_bessy3_56m_PGM_2Perc_coupling_errors_off_RP/round_9/46_bessy3_56m_PGM_2Perc_coupling_errors_off_RP.rml
2025-02-08 01:35:00,281 - INFO - Completed: 14, remaining: 46, RAYPy_Simulation_bessy3_56m_PGM_2Perc_coupling_errors_off_RP/round_9/47_bessy3_56m_PGM_2Perc_coupling_errors_off_RP.rml
2025-02-08 01:35:00,435 - INFO - Completed: 15, remaining: 45, RAYPy_Simulation_bessy3_56m_PGM_2Perc_coupling_errors_off_RP/round_9/49_bessy3_56m_PGM_2Perc_coupling_errors_off_RP.rml
2025-02-08 01:35:00,524 - INFO - Completed: 16, remaining: 44, RAYPy_Simulation_bessy3_56m_PGM_2Perc_coupling_errors_off_RP/round_9/50_bessy3_56m_PGM_2Perc_coupling_errors_off_RP.rml
2025-02-08 01:35:00,542 - INFO - Completed: 17, remaining: 43, RAYPy_Simulation_bessy3_56m_PGM_2Perc_coupling_errors_off_RP/round_9/43_bessy3_56m_PGM_2Perc_coupling_errors_off_RP.rml
2025-02-08 01:35:00,562 - INFO - Completed: 18, remaining: 42, RAYPy_Simulation_bessy3_56m_PGM_2Perc_coupling_errors_off_RP/round_9/48_bessy3_56m_PGM_2Perc_coupling_errors_off_RP.rml
2025-02-08 01:35:00,816 - INFO - Completed: 19, remaining: 41, RAYPy_Simulation_bessy3_56m_PGM_2Perc_coupling_errors_off_RP/round_9/51_bessy3_56m_PGM_2Perc_coupling_errors_off_RP.rml
2025-02-08 01:35:02,681 - INFO - Completed: 20, remaining: 40, RAYPy_Simulation_bessy3_56m_PGM_2Perc_coupling_errors_off_RP/round_9/52_bessy3_56m_PGM_2Perc_coupling_errors_off_RP.rml
2025-02-08 01:35:02,886 - INFO - Completed: 21, remaining: 39, RAYPy_Simulation_bessy3_56m_PGM_2Perc_coupling_errors_off_RP/round_9/53_bessy3_56m_PGM_2Perc_coupling_errors_off_RP.rml
2025-02-08 01:35:02,913 - INFO - Completed: 22, remaining: 38, RAYPy_Simulation_bessy3_56m_PGM_2Perc_coupling_errors_off_RP/round_9/54_bessy3_56m_PGM_2Perc_coupling_errors_off_RP.rml
2025-02-08 01:35:03,286 - INFO - Completed: 23, remaining: 37, RAYPy_Simulation_bessy3_56m_PGM_2Perc_coupling_errors_off_RP/round_9/57_bessy3_56m_PGM_2Perc_coupling_errors_off_RP.rml
2025-02-08 01:35:03,519 - INFO - Completed: 24, remaining: 36, RAYPy_Simulation_bessy3_56m_PGM_2Perc_coupling_errors_off_RP/round_9/55_bessy3_56m_PGM_2Perc_coupling_errors_off_RP.rml
2025-02-08 01:35:03,571 - INFO - Completed: 25, remaining: 35, RAYPy_Simulation_bessy3_56m_PGM_2Perc_coupling_errors_off_RP/round_9/56_bessy3_56m_PGM_2Perc_coupling_errors_off_RP.rml
2025-02-08 01:35:03,585 - INFO - Completed: 26, remaining: 34, RAYPy_Simulation_bessy3_56m_PGM_2Perc_coupling_errors_off_RP/round_9/61_bessy3_56m_PGM_2Perc_coupling_errors_off_RP.rml
2025-02-08 01:35:03,628 - INFO - Completed: 27, remaining: 33, RAYPy_Simulation_bessy3_56m_PGM_2Perc_coupling_errors_off_RP/round_9/59_bessy3_56m_PGM_2Perc_coupling_errors_off_RP.rml
2025-02-08 01:35:03,715 - INFO - Completed: 28, remaining: 32, RAYPy_Simulation_bessy3_56m_PGM_2Perc_coupling_errors_off_RP/round_9/60_bessy3_56m_PGM_2Perc_coupling_errors_off_RP.rml
2025-02-08 01:35:03,948 - INFO - Completed: 29, remaining: 31, RAYPy_Simulation_bessy3_56m_PGM_2Perc_coupling_errors_off_RP/round_9/58_bessy3_56m_PGM_2Perc_coupling_errors_off_RP.rml
2025-02-08 01:35:04,401 - INFO - Completed: 30, remaining: 30, RAYPy_Simulation_bessy3_56m_PGM_2Perc_coupling_errors_off_RP/round_9/62_bessy3_56m_PGM_2Perc_coupling_errors_off_RP.rml
2025-02-08 01:35:05,882 - INFO - Completed: 31, remaining: 29, RAYPy_Simulation_bessy3_56m_PGM_2Perc_coupling_errors_off_RP/round_9/63_bessy3_56m_PGM_2Perc_coupling_errors_off_RP.rml
2025-02-08 01:35:05,980 - INFO - Completed: 32, remaining: 28, RAYPy_Simulation_bessy3_56m_PGM_2Perc_coupling_errors_off_RP/round_9/64_bessy3_56m_PGM_2Perc_coupling_errors_off_RP.rml
2025-02-08 01:35:06,379 - INFO - Completed: 33, remaining: 27, RAYPy_Simulation_bessy3_56m_PGM_2Perc_coupling_errors_off_RP/round_9/66_bessy3_56m_PGM_2Perc_coupling_errors_off_RP.rml
2025-02-08 01:35:06,676 - INFO - Completed: 34, remaining: 26, RAYPy_Simulation_bessy3_56m_PGM_2Perc_coupling_errors_off_RP/round_9/67_bessy3_56m_PGM_2Perc_coupling_errors_off_RP.rml
2025-02-08 01:35:06,793 - INFO - Completed: 35, remaining: 25, RAYPy_Simulation_bessy3_56m_PGM_2Perc_coupling_errors_off_RP/round_9/70_bessy3_56m_PGM_2Perc_coupling_errors_off_RP.rml
2025-02-08 01:35:06,822 - INFO - Completed: 36, remaining: 24, RAYPy_Simulation_bessy3_56m_PGM_2Perc_coupling_errors_off_RP/round_9/68_bessy3_56m_PGM_2Perc_coupling_errors_off_RP.rml
2025-02-08 01:35:06,936 - INFO - Completed: 37, remaining: 23, RAYPy_Simulation_bessy3_56m_PGM_2Perc_coupling_errors_off_RP/round_9/69_bessy3_56m_PGM_2Perc_coupling_errors_off_RP.rml
2025-02-08 01:35:06,993 - INFO - Completed: 38, remaining: 22, RAYPy_Simulation_bessy3_56m_PGM_2Perc_coupling_errors_off_RP/round_9/71_bessy3_56m_PGM_2Perc_coupling_errors_off_RP.rml
2025-02-08 01:35:07,016 - INFO - Completed: 39, remaining: 21, RAYPy_Simulation_bessy3_56m_PGM_2Perc_coupling_errors_off_RP/round_9/65_bessy3_56m_PGM_2Perc_coupling_errors_off_RP.rml
2025-02-08 01:35:07,173 - INFO - Completed: 40, remaining: 20, RAYPy_Simulation_bessy3_56m_PGM_2Perc_coupling_errors_off_RP/round_9/72_bessy3_56m_PGM_2Perc_coupling_errors_off_RP.rml
2025-02-08 01:35:07,324 - INFO - Completed: 41, remaining: 19, RAYPy_Simulation_bessy3_56m_PGM_2Perc_coupling_errors_off_RP/round_9/73_bessy3_56m_PGM_2Perc_coupling_errors_off_RP.rml
2025-02-08 01:35:08,841 - INFO - Completed: 42, remaining: 18, RAYPy_Simulation_bessy3_56m_PGM_2Perc_coupling_errors_off_RP/round_9/74_bessy3_56m_PGM_2Perc_coupling_errors_off_RP.rml
2025-02-08 01:35:08,973 - INFO - Completed: 43, remaining: 17, RAYPy_Simulation_bessy3_56m_PGM_2Perc_coupling_errors_off_RP/round_9/75_bessy3_56m_PGM_2Perc_coupling_errors_off_RP.rml
2025-02-08 01:35:09,295 - INFO - Completed: 44, remaining: 16, RAYPy_Simulation_bessy3_56m_PGM_2Perc_coupling_errors_off_RP/round_9/76_bessy3_56m_PGM_2Perc_coupling_errors_off_RP.rml
2025-02-08 01:35:09,597 - INFO - Completed: 45, remaining: 15, RAYPy_Simulation_bessy3_56m_PGM_2Perc_coupling_errors_off_RP/round_9/78_bessy3_56m_PGM_2Perc_coupling_errors_off_RP.rml
2025-02-08 01:35:09,775 - INFO - Completed: 46, remaining: 14, RAYPy_Simulation_bessy3_56m_PGM_2Perc_coupling_errors_off_RP/round_9/82_bessy3_56m_PGM_2Perc_coupling_errors_off_RP.rml
2025-02-08 01:35:09,964 - INFO - Completed: 47, remaining: 13, RAYPy_Simulation_bessy3_56m_PGM_2Perc_coupling_errors_off_RP/round_9/80_bessy3_56m_PGM_2Perc_coupling_errors_off_RP.rml
2025-02-08 01:35:10,120 - INFO - Completed: 48, remaining: 12, RAYPy_Simulation_bessy3_56m_PGM_2Perc_coupling_errors_off_RP/round_9/83_bessy3_56m_PGM_2Perc_coupling_errors_off_RP.rml
2025-02-08 01:35:10,129 - INFO - Completed: 49, remaining: 11, RAYPy_Simulation_bessy3_56m_PGM_2Perc_coupling_errors_off_RP/round_9/77_bessy3_56m_PGM_2Perc_coupling_errors_off_RP.rml
2025-02-08 01:35:10,235 - INFO - Completed: 50, remaining: 10, RAYPy_Simulation_bessy3_56m_PGM_2Perc_coupling_errors_off_RP/round_9/84_bessy3_56m_PGM_2Perc_coupling_errors_off_RP.rml
2025-02-08 01:35:10,375 - INFO - Completed: 51, remaining: 9, RAYPy_Simulation_bessy3_56m_PGM_2Perc_coupling_errors_off_RP/round_9/79_bessy3_56m_PGM_2Perc_coupling_errors_off_RP.rml
2025-02-08 01:35:10,492 - INFO - Completed: 52, remaining: 8, RAYPy_Simulation_bessy3_56m_PGM_2Perc_coupling_errors_off_RP/round_9/81_bessy3_56m_PGM_2Perc_coupling_errors_off_RP.rml
2025-02-08 01:35:11,626 - INFO - Completed: 53, remaining: 7, RAYPy_Simulation_bessy3_56m_PGM_2Perc_coupling_errors_off_RP/round_9/85_bessy3_56m_PGM_2Perc_coupling_errors_off_RP.rml
2025-02-08 01:35:11,900 - INFO - Completed: 54, remaining: 6, RAYPy_Simulation_bessy3_56m_PGM_2Perc_coupling_errors_off_RP/round_9/86_bessy3_56m_PGM_2Perc_coupling_errors_off_RP.rml
2025-02-08 01:35:12,176 - INFO - Completed: 55, remaining: 5, RAYPy_Simulation_bessy3_56m_PGM_2Perc_coupling_errors_off_RP/round_9/87_bessy3_56m_PGM_2Perc_coupling_errors_off_RP.rml
2025-02-08 01:35:12,410 - INFO - Completed: 56, remaining: 4, RAYPy_Simulation_bessy3_56m_PGM_2Perc_coupling_errors_off_RP/round_9/88_bessy3_56m_PGM_2Perc_coupling_errors_off_RP.rml
2025-02-08 01:35:12,473 - INFO - Completed: 57, remaining: 3, RAYPy_Simulation_bessy3_56m_PGM_2Perc_coupling_errors_off_RP/round_9/89_bessy3_56m_PGM_2Perc_coupling_errors_off_RP.rml
2025-02-08 01:35:12,684 - INFO - Completed: 58, remaining: 2, RAYPy_Simulation_bessy3_56m_PGM_2Perc_coupling_errors_off_RP/round_9/90_bessy3_56m_PGM_2Perc_coupling_errors_off_RP.rml
2025-02-08 01:35:12,719 - INFO - Completed: 59, remaining: 1, RAYPy_Simulation_bessy3_56m_PGM_2Perc_coupling_errors_off_RP/round_9/92_bessy3_56m_PGM_2Perc_coupling_errors_off_RP.rml
2025-02-08 01:35:12,727 - INFO - Completed: 60, remaining: 0, RAYPy_Simulation_bessy3_56m_PGM_2Perc_coupling_errors_off_RP/round_9/91_bessy3_56m_PGM_2Perc_coupling_errors_off_RP.rml
2025-02-08 01:35:12,727 - INFO - Batch Completed
2025-02-08 01:35:12,728 - INFO - Waiting For batch, 60 simulations to go
2025-02-08 01:35:12,734 - INFO - Prepared sim number: 93: RAYPy_Simulation_bessy3_56m_PGM_2Perc_coupling_errors_off_RP/round_9/93_bessy3_56m_PGM_2Perc_coupling_errors_off_RP.rml
2025-02-08 01:35:12,745 - INFO - Prepared sim number: 94: RAYPy_Simulation_bessy3_56m_PGM_2Perc_coupling_errors_off_RP/round_9/94_bessy3_56m_PGM_2Perc_coupling_errors_off_RP.rml
2025-02-08 01:35:12,751 - INFO - Prepared sim number: 95: RAYPy_Simulation_bessy3_56m_PGM_2Perc_coupling_errors_off_RP/round_9/95_bessy3_56m_PGM_2Perc_coupling_errors_off_RP.rml
2025-02-08 01:35:12,757 - INFO - Prepared sim number: 96: RAYPy_Simulation_bessy3_56m_PGM_2Perc_coupling_errors_off_RP/round_9/96_bessy3_56m_PGM_2Perc_coupling_errors_off_RP.rml
2025-02-08 01:35:12,763 - INFO - Prepared sim number: 97: RAYPy_Simulation_bessy3_56m_PGM_2Perc_coupling_errors_off_RP/round_9/97_bessy3_56m_PGM_2Perc_coupling_errors_off_RP.rml
2025-02-08 01:35:12,768 - INFO - Prepared sim number: 98: RAYPy_Simulation_bessy3_56m_PGM_2Perc_coupling_errors_off_RP/round_9/98_bessy3_56m_PGM_2Perc_coupling_errors_off_RP.rml
2025-02-08 01:35:12,780 - INFO - Prepared sim number: 99: RAYPy_Simulation_bessy3_56m_PGM_2Perc_coupling_errors_off_RP/round_9/99_bessy3_56m_PGM_2Perc_coupling_errors_off_RP.rml
2025-02-08 01:35:12,786 - INFO - Prepared sim number: 100: RAYPy_Simulation_bessy3_56m_PGM_2Perc_coupling_errors_off_RP/round_9/100_bessy3_56m_PGM_2Perc_coupling_errors_off_RP.rml
2025-02-08 01:35:12,793 - INFO - Prepared sim number: 101: RAYPy_Simulation_bessy3_56m_PGM_2Perc_coupling_errors_off_RP/round_9/101_bessy3_56m_PGM_2Perc_coupling_errors_off_RP.rml
2025-02-08 01:35:12,800 - INFO - Prepared sim number: 102: RAYPy_Simulation_bessy3_56m_PGM_2Perc_coupling_errors_off_RP/round_9/102_bessy3_56m_PGM_2Perc_coupling_errors_off_RP.rml
2025-02-08 01:35:12,808 - INFO - Prepared sim number: 103: RAYPy_Simulation_bessy3_56m_PGM_2Perc_coupling_errors_off_RP/round_9/103_bessy3_56m_PGM_2Perc_coupling_errors_off_RP.rml
2025-02-08 01:35:12,814 - INFO - Prepared sim number: 104: RAYPy_Simulation_bessy3_56m_PGM_2Perc_coupling_errors_off_RP/round_9/104_bessy3_56m_PGM_2Perc_coupling_errors_off_RP.rml
2025-02-08 01:35:12,820 - INFO - Prepared sim number: 105: RAYPy_Simulation_bessy3_56m_PGM_2Perc_coupling_errors_off_RP/round_9/105_bessy3_56m_PGM_2Perc_coupling_errors_off_RP.rml
2025-02-08 01:35:12,826 - INFO - Prepared sim number: 106: RAYPy_Simulation_bessy3_56m_PGM_2Perc_coupling_errors_off_RP/round_9/106_bessy3_56m_PGM_2Perc_coupling_errors_off_RP.rml
2025-02-08 01:35:12,833 - INFO - Prepared sim number: 107: RAYPy_Simulation_bessy3_56m_PGM_2Perc_coupling_errors_off_RP/round_9/107_bessy3_56m_PGM_2Perc_coupling_errors_off_RP.rml
2025-02-08 01:35:12,839 - INFO - Prepared sim number: 108: RAYPy_Simulation_bessy3_56m_PGM_2Perc_coupling_errors_off_RP/round_9/108_bessy3_56m_PGM_2Perc_coupling_errors_off_RP.rml
2025-02-08 01:35:12,845 - INFO - Prepared sim number: 109: RAYPy_Simulation_bessy3_56m_PGM_2Perc_coupling_errors_off_RP/round_9/109_bessy3_56m_PGM_2Perc_coupling_errors_off_RP.rml
2025-02-08 01:35:12,850 - INFO - Prepared sim number: 110: RAYPy_Simulation_bessy3_56m_PGM_2Perc_coupling_errors_off_RP/round_9/110_bessy3_56m_PGM_2Perc_coupling_errors_off_RP.rml
2025-02-08 01:35:12,856 - INFO - Prepared sim number: 111: RAYPy_Simulation_bessy3_56m_PGM_2Perc_coupling_errors_off_RP/round_9/111_bessy3_56m_PGM_2Perc_coupling_errors_off_RP.rml
2025-02-08 01:35:12,861 - INFO - Prepared sim number: 112: RAYPy_Simulation_bessy3_56m_PGM_2Perc_coupling_errors_off_RP/round_9/112_bessy3_56m_PGM_2Perc_coupling_errors_off_RP.rml
2025-02-08 01:35:12,866 - INFO - Prepared sim number: 113: RAYPy_Simulation_bessy3_56m_PGM_2Perc_coupling_errors_off_RP/round_9/113_bessy3_56m_PGM_2Perc_coupling_errors_off_RP.rml
2025-02-08 01:35:12,871 - INFO - Prepared sim number: 114: RAYPy_Simulation_bessy3_56m_PGM_2Perc_coupling_errors_off_RP/round_9/114_bessy3_56m_PGM_2Perc_coupling_errors_off_RP.rml
2025-02-08 01:35:12,876 - INFO - Prepared sim number: 115: RAYPy_Simulation_bessy3_56m_PGM_2Perc_coupling_errors_off_RP/round_9/115_bessy3_56m_PGM_2Perc_coupling_errors_off_RP.rml
2025-02-08 01:35:12,881 - INFO - Prepared sim number: 116: RAYPy_Simulation_bessy3_56m_PGM_2Perc_coupling_errors_off_RP/round_9/116_bessy3_56m_PGM_2Perc_coupling_errors_off_RP.rml
2025-02-08 01:35:12,886 - INFO - Prepared sim number: 117: RAYPy_Simulation_bessy3_56m_PGM_2Perc_coupling_errors_off_RP/round_9/117_bessy3_56m_PGM_2Perc_coupling_errors_off_RP.rml
2025-02-08 01:35:12,891 - INFO - Prepared sim number: 118: RAYPy_Simulation_bessy3_56m_PGM_2Perc_coupling_errors_off_RP/round_9/118_bessy3_56m_PGM_2Perc_coupling_errors_off_RP.rml
2025-02-08 01:35:12,896 - INFO - Prepared sim number: 119: RAYPy_Simulation_bessy3_56m_PGM_2Perc_coupling_errors_off_RP/round_9/119_bessy3_56m_PGM_2Perc_coupling_errors_off_RP.rml
2025-02-08 01:35:12,900 - INFO - Prepared sim number: 120: RAYPy_Simulation_bessy3_56m_PGM_2Perc_coupling_errors_off_RP/round_9/120_bessy3_56m_PGM_2Perc_coupling_errors_off_RP.rml
2025-02-08 01:35:12,906 - INFO - Prepared sim number: 121: RAYPy_Simulation_bessy3_56m_PGM_2Perc_coupling_errors_off_RP/round_9/121_bessy3_56m_PGM_2Perc_coupling_errors_off_RP.rml
2025-02-08 01:35:12,913 - INFO - Prepared sim number: 122: RAYPy_Simulation_bessy3_56m_PGM_2Perc_coupling_errors_off_RP/round_9/122_bessy3_56m_PGM_2Perc_coupling_errors_off_RP.rml
2025-02-08 01:35:12,913 - INFO - Waiting for batch number: 20, timeout: 20.136256935399604s
2025-02-08 01:35:15,094 - INFO - Completed: 1, remaining: 59, RAYPy_Simulation_bessy3_56m_PGM_2Perc_coupling_errors_off_RP/round_9/99_bessy3_56m_PGM_2Perc_coupling_errors_off_RP.rml
2025-02-08 01:35:15,130 - INFO - Completed: 2, remaining: 58, RAYPy_Simulation_bessy3_56m_PGM_2Perc_coupling_errors_off_RP/round_9/94_bessy3_56m_PGM_2Perc_coupling_errors_off_RP.rml
2025-02-08 01:35:15,136 - INFO - Completed: 3, remaining: 57, RAYPy_Simulation_bessy3_56m_PGM_2Perc_coupling_errors_off_RP/round_9/98_bessy3_56m_PGM_2Perc_coupling_errors_off_RP.rml
2025-02-08 01:35:15,148 - INFO - Completed: 4, remaining: 56, RAYPy_Simulation_bessy3_56m_PGM_2Perc_coupling_errors_off_RP/round_9/103_bessy3_56m_PGM_2Perc_coupling_errors_off_RP.rml
2025-02-08 01:35:15,202 - INFO - Completed: 5, remaining: 55, RAYPy_Simulation_bessy3_56m_PGM_2Perc_coupling_errors_off_RP/round_9/96_bessy3_56m_PGM_2Perc_coupling_errors_off_RP.rml
2025-02-08 01:35:16,018 - INFO - Completed: 6, remaining: 54, RAYPy_Simulation_bessy3_56m_PGM_2Perc_coupling_errors_off_RP/round_9/101_bessy3_56m_PGM_2Perc_coupling_errors_off_RP.rml
2025-02-08 01:35:17,668 - INFO - Completed: 7, remaining: 53, RAYPy_Simulation_bessy3_56m_PGM_2Perc_coupling_errors_off_RP/round_9/102_bessy3_56m_PGM_2Perc_coupling_errors_off_RP.rml
2025-02-08 01:35:17,725 - INFO - Completed: 8, remaining: 52, RAYPy_Simulation_bessy3_56m_PGM_2Perc_coupling_errors_off_RP/round_9/97_bessy3_56m_PGM_2Perc_coupling_errors_off_RP.rml
2025-02-08 01:35:17,738 - INFO - Completed: 9, remaining: 51, RAYPy_Simulation_bessy3_56m_PGM_2Perc_coupling_errors_off_RP/round_9/93_bessy3_56m_PGM_2Perc_coupling_errors_off_RP.rml
2025-02-08 01:35:17,966 - INFO - Completed: 10, remaining: 50, RAYPy_Simulation_bessy3_56m_PGM_2Perc_coupling_errors_off_RP/round_9/107_bessy3_56m_PGM_2Perc_coupling_errors_off_RP.rml
2025-02-08 01:35:17,993 - INFO - Completed: 11, remaining: 49, RAYPy_Simulation_bessy3_56m_PGM_2Perc_coupling_errors_off_RP/round_9/100_bessy3_56m_PGM_2Perc_coupling_errors_off_RP.rml
2025-02-08 01:35:18,027 - INFO - Completed: 12, remaining: 48, RAYPy_Simulation_bessy3_56m_PGM_2Perc_coupling_errors_off_RP/round_9/104_bessy3_56m_PGM_2Perc_coupling_errors_off_RP.rml
2025-02-08 01:35:18,045 - INFO - Completed: 13, remaining: 47, RAYPy_Simulation_bessy3_56m_PGM_2Perc_coupling_errors_off_RP/round_9/106_bessy3_56m_PGM_2Perc_coupling_errors_off_RP.rml
2025-02-08 01:35:18,110 - INFO - Completed: 14, remaining: 46, RAYPy_Simulation_bessy3_56m_PGM_2Perc_coupling_errors_off_RP/round_9/108_bessy3_56m_PGM_2Perc_coupling_errors_off_RP.rml
2025-02-08 01:35:18,175 - INFO - Completed: 15, remaining: 45, RAYPy_Simulation_bessy3_56m_PGM_2Perc_coupling_errors_off_RP/round_9/105_bessy3_56m_PGM_2Perc_coupling_errors_off_RP.rml
2025-02-08 01:35:18,195 - INFO - Completed: 16, remaining: 44, RAYPy_Simulation_bessy3_56m_PGM_2Perc_coupling_errors_off_RP/round_9/95_bessy3_56m_PGM_2Perc_coupling_errors_off_RP.rml
2025-02-08 01:35:18,853 - INFO - Completed: 17, remaining: 43, RAYPy_Simulation_bessy3_56m_PGM_2Perc_coupling_errors_off_RP/round_9/109_bessy3_56m_PGM_2Perc_coupling_errors_off_RP.rml
2025-02-08 01:35:20,879 - INFO - Completed: 18, remaining: 42, RAYPy_Simulation_bessy3_56m_PGM_2Perc_coupling_errors_off_RP/round_9/110_bessy3_56m_PGM_2Perc_coupling_errors_off_RP.rml
2025-02-08 01:35:21,020 - INFO - Completed: 19, remaining: 41, RAYPy_Simulation_bessy3_56m_PGM_2Perc_coupling_errors_off_RP/round_9/111_bessy3_56m_PGM_2Perc_coupling_errors_off_RP.rml
2025-02-08 01:35:21,051 - INFO - Completed: 20, remaining: 40, RAYPy_Simulation_bessy3_56m_PGM_2Perc_coupling_errors_off_RP/round_9/112_bessy3_56m_PGM_2Perc_coupling_errors_off_RP.rml
2025-02-08 01:35:21,111 - INFO - Completed: 21, remaining: 39, RAYPy_Simulation_bessy3_56m_PGM_2Perc_coupling_errors_off_RP/round_9/113_bessy3_56m_PGM_2Perc_coupling_errors_off_RP.rml
2025-02-08 01:35:21,222 - INFO - Completed: 22, remaining: 38, RAYPy_Simulation_bessy3_56m_PGM_2Perc_coupling_errors_off_RP/round_9/114_bessy3_56m_PGM_2Perc_coupling_errors_off_RP.rml
2025-02-08 01:35:21,316 - INFO - Completed: 23, remaining: 37, RAYPy_Simulation_bessy3_56m_PGM_2Perc_coupling_errors_off_RP/round_9/116_bessy3_56m_PGM_2Perc_coupling_errors_off_RP.rml
2025-02-08 01:35:21,334 - INFO - Completed: 24, remaining: 36, RAYPy_Simulation_bessy3_56m_PGM_2Perc_coupling_errors_off_RP/round_9/115_bessy3_56m_PGM_2Perc_coupling_errors_off_RP.rml
2025-02-08 01:35:21,382 - INFO - Completed: 25, remaining: 35, RAYPy_Simulation_bessy3_56m_PGM_2Perc_coupling_errors_off_RP/round_9/117_bessy3_56m_PGM_2Perc_coupling_errors_off_RP.rml
2025-02-08 01:35:21,430 - INFO - Completed: 26, remaining: 34, RAYPy_Simulation_bessy3_56m_PGM_2Perc_coupling_errors_off_RP/round_9/118_bessy3_56m_PGM_2Perc_coupling_errors_off_RP.rml
2025-02-08 01:35:21,444 - INFO - Completed: 27, remaining: 33, RAYPy_Simulation_bessy3_56m_PGM_2Perc_coupling_errors_off_RP/round_9/119_bessy3_56m_PGM_2Perc_coupling_errors_off_RP.rml
2025-02-08 01:35:21,743 - INFO - Completed: 28, remaining: 32, RAYPy_Simulation_bessy3_56m_PGM_2Perc_coupling_errors_off_RP/round_9/120_bessy3_56m_PGM_2Perc_coupling_errors_off_RP.rml
2025-02-08 01:35:23,063 - INFO - Completed: 29, remaining: 31, RAYPy_Simulation_bessy3_56m_PGM_2Perc_coupling_errors_off_RP/round_9/122_bessy3_56m_PGM_2Perc_coupling_errors_off_RP.rml
2025-02-08 01:35:23,695 - INFO - Completed: 30, remaining: 30, RAYPy_Simulation_bessy3_56m_PGM_2Perc_coupling_errors_off_RP/round_9/121_bessy3_56m_PGM_2Perc_coupling_errors_off_RP.rml
2025-02-08 01:35:23,696 - INFO - Batch Completed
2025-02-08 01:35:23,696 - INFO - Waiting For batch, 60 simulations to go
2025-02-08 01:35:23,697 - INFO - Remaning Simulations 0, stop the simulations loop
2025-02-08 01:35:23,697 - INFO - Checking that all simulations are completed before stopping the ProcessPoolExecutor
2025-02-08 01:35:24,181 - INFO - This simulation is missing: round 7, number 43
2025-02-08 01:35:24,329 - INFO - Executor shutdown completed.
2025-02-08 01:35:24,329 - INFO - Finish missing simulations
2025-02-08 01:35:24,330 - INFO - Start round 0
2025-02-08 01:35:24,367 - INFO - Waiting for batch number: 21, timeout: 20.116843999547623s
2025-02-08 01:35:24,367 - INFO - Batch Completed
2025-02-08 01:35:24,367 - INFO - Waiting For batch, 60 simulations to go
2025-02-08 01:35:24,402 - INFO - Waiting for batch number: 22, timeout: 20.116843999547623s
2025-02-08 01:35:24,402 - INFO - Batch Completed
2025-02-08 01:35:24,403 - INFO - Waiting For batch, 60 simulations to go
2025-02-08 01:35:24,405 - INFO - Start round 1
2025-02-08 01:35:24,422 - INFO - Waiting for batch number: 23, timeout: 20.116843999547623s
2025-02-08 01:35:24,422 - INFO - Batch Completed
2025-02-08 01:35:24,422 - INFO - Waiting For batch, 60 simulations to go
2025-02-08 01:35:24,441 - INFO - Waiting for batch number: 24, timeout: 20.116843999547623s
2025-02-08 01:35:24,441 - INFO - Batch Completed
2025-02-08 01:35:24,441 - INFO - Waiting For batch, 60 simulations to go
2025-02-08 01:35:24,450 - INFO - Start round 2
2025-02-08 01:35:24,466 - INFO - Waiting for batch number: 25, timeout: 20.116843999547623s
2025-02-08 01:35:24,466 - INFO - Batch Completed
2025-02-08 01:35:24,466 - INFO - Waiting For batch, 60 simulations to go
2025-02-08 01:35:24,486 - INFO - Waiting for batch number: 26, timeout: 20.116843999547623s
2025-02-08 01:35:24,486 - INFO - Batch Completed
2025-02-08 01:35:24,487 - INFO - Waiting For batch, 60 simulations to go
2025-02-08 01:35:24,490 - INFO - Start round 3
2025-02-08 01:35:24,506 - INFO - Waiting for batch number: 27, timeout: 20.116843999547623s
2025-02-08 01:35:24,507 - INFO - Batch Completed
2025-02-08 01:35:24,507 - INFO - Waiting For batch, 60 simulations to go
2025-02-08 01:35:24,524 - INFO - Waiting for batch number: 28, timeout: 20.116843999547623s
2025-02-08 01:35:24,524 - INFO - Batch Completed
2025-02-08 01:35:24,524 - INFO - Waiting For batch, 60 simulations to go
2025-02-08 01:35:24,528 - INFO - Start round 4
2025-02-08 01:35:24,540 - INFO - Waiting for batch number: 29, timeout: 20.116843999547623s
2025-02-08 01:35:24,541 - INFO - Batch Completed
2025-02-08 01:35:24,543 - INFO - Waiting For batch, 60 simulations to go
2025-02-08 01:35:24,560 - INFO - Waiting for batch number: 30, timeout: 20.116843999547623s
2025-02-08 01:35:24,560 - INFO - Batch Completed
2025-02-08 01:35:24,560 - INFO - Waiting For batch, 60 simulations to go
2025-02-08 01:35:24,570 - INFO - Start round 5
2025-02-08 01:35:24,587 - INFO - Waiting for batch number: 31, timeout: 20.116843999547623s
2025-02-08 01:35:24,587 - INFO - Batch Completed
2025-02-08 01:35:24,587 - INFO - Waiting For batch, 60 simulations to go
2025-02-08 01:35:24,601 - INFO - Waiting for batch number: 32, timeout: 20.116843999547623s
2025-02-08 01:35:24,602 - INFO - Batch Completed
2025-02-08 01:35:24,602 - INFO - Waiting For batch, 60 simulations to go
2025-02-08 01:35:24,607 - INFO - Start round 6
2025-02-08 01:35:24,617 - INFO - Waiting for batch number: 33, timeout: 20.116843999547623s
2025-02-08 01:35:24,617 - INFO - Batch Completed
2025-02-08 01:35:24,617 - INFO - Waiting For batch, 60 simulations to go
2025-02-08 01:35:24,631 - INFO - Waiting for batch number: 34, timeout: 20.116843999547623s
2025-02-08 01:35:24,631 - INFO - Batch Completed
2025-02-08 01:35:24,631 - INFO - Waiting For batch, 60 simulations to go
2025-02-08 01:35:24,636 - INFO - Start round 7
2025-02-08 01:35:24,649 - INFO - Waiting for batch number: 35, timeout: 20.116843999547623s
2025-02-08 01:35:24,649 - INFO - Batch Completed
2025-02-08 01:35:24,649 - INFO - Waiting For batch, 60 simulations to go
2025-02-08 01:35:24,656 - INFO - Prepared sim number: 43: RAYPy_Simulation_bessy3_56m_PGM_2Perc_coupling_errors_off_RP/round_7/43_bessy3_56m_PGM_2Perc_coupling_errors_off_RP.rml
2025-02-08 01:35:24,695 - INFO - Waiting for batch number: 36, timeout: 20.116843999547623s
2025-02-08 01:35:26,072 - INFO - Completed: 1, remaining: 59, RAYPy_Simulation_bessy3_56m_PGM_2Perc_coupling_errors_off_RP/round_7/43_bessy3_56m_PGM_2Perc_coupling_errors_off_RP.rml
2025-02-08 01:35:26,072 - INFO - Batch Completed
2025-02-08 01:35:26,072 - INFO - Waiting For batch, 60 simulations to go
2025-02-08 01:35:26,079 - INFO - Start round 8
2025-02-08 01:35:26,096 - INFO - Waiting for batch number: 37, timeout: 8.25249195098877s
2025-02-08 01:35:26,096 - INFO - Batch Completed
2025-02-08 01:35:26,096 - INFO - Waiting For batch, 60 simulations to go
2025-02-08 01:35:26,110 - INFO - Waiting for batch number: 38, timeout: 8.25249195098877s
2025-02-08 01:35:26,111 - INFO - Batch Completed
2025-02-08 01:35:26,111 - INFO - Waiting For batch, 60 simulations to go
2025-02-08 01:35:26,117 - INFO - Start round 9
2025-02-08 01:35:26,128 - INFO - Waiting for batch number: 39, timeout: 8.25249195098877s
2025-02-08 01:35:26,128 - INFO - Batch Completed
2025-02-08 01:35:26,129 - INFO - Waiting For batch, 60 simulations to go
2025-02-08 01:35:26,141 - INFO - Waiting for batch number: 40, timeout: 8.25249195098877s
2025-02-08 01:35:26,142 - INFO - Batch Completed
2025-02-08 01:35:26,142 - INFO - Waiting For batch, 60 simulations to go
2025-02-08 01:35:26,150 - INFO - Waiting for batch number: 41, timeout: 8.25249195098877s
2025-02-08 01:35:26,150 - INFO - Batch Completed
2025-02-08 01:35:26,151 - INFO - Waiting For batch, 60 simulations to go
2025-02-08 01:35:26,151 - INFO - Remaning Simulations 0, stop the simulations loop
2025-02-08 01:35:26,151 - INFO - Checking that all simulations are completed before stopping the ProcessPoolExecutor
2025-02-08 01:35:26,397 - INFO - Executor shutdown completed.
2025-02-08 01:35:26,403 - INFO - Simulation completed successfully.
2025-02-08 01:35:26,403 - INFO - Starting cleanup
2025-02-08 01:35:31,459 - INFO - Done with the cleanup
2025-02-08 01:35:31,460 - INFO - Create Pandas Recap Files
2025-02-08 01:35:31,487 - INFO - End of the Simulations
