2025-02-07 23:08:58,749 - INFO - Simulation started, using 12 workers
2025-02-07 23:08:58,756 - INFO - Start round 0
2025-02-07 23:08:58,782 - INFO - Prepared sim number: 0: RAYPy_Simulation_bessy2hi_56m_PGM_2Perc_coupling_errors_off_RP/round_0/0_bessy2hi_56m_PGM_2Perc_coupling_errors_off_RP.rml
2025-02-07 23:08:58,808 - INFO - Prepared sim number: 1: RAYPy_Simulation_bessy2hi_56m_PGM_2Perc_coupling_errors_off_RP/round_0/1_bessy2hi_56m_PGM_2Perc_coupling_errors_off_RP.rml
2025-02-07 23:08:58,826 - INFO - Prepared sim number: 2: RAYPy_Simulation_bessy2hi_56m_PGM_2Perc_coupling_errors_off_RP/round_0/2_bessy2hi_56m_PGM_2Perc_coupling_errors_off_RP.rml
2025-02-07 23:08:58,851 - INFO - Prepared sim number: 3: RAYPy_Simulation_bessy2hi_56m_PGM_2Perc_coupling_errors_off_RP/round_0/3_bessy2hi_56m_PGM_2Perc_coupling_errors_off_RP.rml
2025-02-07 23:08:58,869 - INFO - Prepared sim number: 4: RAYPy_Simulation_bessy2hi_56m_PGM_2Perc_coupling_errors_off_RP/round_0/4_bessy2hi_56m_PGM_2Perc_coupling_errors_off_RP.rml
2025-02-07 23:08:58,890 - INFO - Prepared sim number: 5: RAYPy_Simulation_bessy2hi_56m_PGM_2Perc_coupling_errors_off_RP/round_0/5_bessy2hi_56m_PGM_2Perc_coupling_errors_off_RP.rml
2025-02-07 23:08:58,907 - INFO - Prepared sim number: 6: RAYPy_Simulation_bessy2hi_56m_PGM_2Perc_coupling_errors_off_RP/round_0/6_bessy2hi_56m_PGM_2Perc_coupling_errors_off_RP.rml
2025-02-07 23:08:58,926 - INFO - Prepared sim number: 7: RAYPy_Simulation_bessy2hi_56m_PGM_2Perc_coupling_errors_off_RP/round_0/7_bessy2hi_56m_PGM_2Perc_coupling_errors_off_RP.rml
2025-02-07 23:08:58,948 - INFO - Prepared sim number: 8: RAYPy_Simulation_bessy2hi_56m_PGM_2Perc_coupling_errors_off_RP/round_0/8_bessy2hi_56m_PGM_2Perc_coupling_errors_off_RP.rml
2025-02-07 23:08:58,965 - INFO - Prepared sim number: 9: RAYPy_Simulation_bessy2hi_56m_PGM_2Perc_coupling_errors_off_RP/round_0/9_bessy2hi_56m_PGM_2Perc_coupling_errors_off_RP.rml
2025-02-07 23:08:58,984 - INFO - Prepared sim number: 10: RAYPy_Simulation_bessy2hi_56m_PGM_2Perc_coupling_errors_off_RP/round_0/10_bessy2hi_56m_PGM_2Perc_coupling_errors_off_RP.rml
2025-02-07 23:08:59,000 - INFO - Prepared sim number: 11: RAYPy_Simulation_bessy2hi_56m_PGM_2Perc_coupling_errors_off_RP/round_0/11_bessy2hi_56m_PGM_2Perc_coupling_errors_off_RP.rml
2025-02-07 23:08:59,014 - INFO - Prepared sim number: 12: RAYPy_Simulation_bessy2hi_56m_PGM_2Perc_coupling_errors_off_RP/round_0/12_bessy2hi_56m_PGM_2Perc_coupling_errors_off_RP.rml
2025-02-07 23:08:59,027 - INFO - Prepared sim number: 13: RAYPy_Simulation_bessy2hi_56m_PGM_2Perc_coupling_errors_off_RP/round_0/13_bessy2hi_56m_PGM_2Perc_coupling_errors_off_RP.rml
2025-02-07 23:08:59,039 - INFO - Prepared sim number: 14: RAYPy_Simulation_bessy2hi_56m_PGM_2Perc_coupling_errors_off_RP/round_0/14_bessy2hi_56m_PGM_2Perc_coupling_errors_off_RP.rml
2025-02-07 23:08:59,052 - INFO - Prepared sim number: 15: RAYPy_Simulation_bessy2hi_56m_PGM_2Perc_coupling_errors_off_RP/round_0/15_bessy2hi_56m_PGM_2Perc_coupling_errors_off_RP.rml
2025-02-07 23:08:59,064 - INFO - Prepared sim number: 16: RAYPy_Simulation_bessy2hi_56m_PGM_2Perc_coupling_errors_off_RP/round_0/16_bessy2hi_56m_PGM_2Perc_coupling_errors_off_RP.rml
2025-02-07 23:08:59,077 - INFO - Prepared sim number: 17: RAYPy_Simulation_bessy2hi_56m_PGM_2Perc_coupling_errors_off_RP/round_0/17_bessy2hi_56m_PGM_2Perc_coupling_errors_off_RP.rml
2025-02-07 23:08:59,088 - INFO - Prepared sim number: 18: RAYPy_Simulation_bessy2hi_56m_PGM_2Perc_coupling_errors_off_RP/round_0/18_bessy2hi_56m_PGM_2Perc_coupling_errors_off_RP.rml
2025-02-07 23:08:59,102 - INFO - Prepared sim number: 19: RAYPy_Simulation_bessy2hi_56m_PGM_2Perc_coupling_errors_off_RP/round_0/19_bessy2hi_56m_PGM_2Perc_coupling_errors_off_RP.rml
2025-02-07 23:08:59,115 - INFO - Prepared sim number: 20: RAYPy_Simulation_bessy2hi_56m_PGM_2Perc_coupling_errors_off_RP/round_0/20_bessy2hi_56m_PGM_2Perc_coupling_errors_off_RP.rml
2025-02-07 23:08:59,127 - INFO - Prepared sim number: 21: RAYPy_Simulation_bessy2hi_56m_PGM_2Perc_coupling_errors_off_RP/round_0/21_bessy2hi_56m_PGM_2Perc_coupling_errors_off_RP.rml
2025-02-07 23:08:59,139 - INFO - Prepared sim number: 22: RAYPy_Simulation_bessy2hi_56m_PGM_2Perc_coupling_errors_off_RP/round_0/22_bessy2hi_56m_PGM_2Perc_coupling_errors_off_RP.rml
2025-02-07 23:08:59,150 - INFO - Prepared sim number: 23: RAYPy_Simulation_bessy2hi_56m_PGM_2Perc_coupling_errors_off_RP/round_0/23_bessy2hi_56m_PGM_2Perc_coupling_errors_off_RP.rml
2025-02-07 23:08:59,161 - INFO - Prepared sim number: 24: RAYPy_Simulation_bessy2hi_56m_PGM_2Perc_coupling_errors_off_RP/round_0/24_bessy2hi_56m_PGM_2Perc_coupling_errors_off_RP.rml
2025-02-07 23:08:59,172 - INFO - Prepared sim number: 25: RAYPy_Simulation_bessy2hi_56m_PGM_2Perc_coupling_errors_off_RP/round_0/25_bessy2hi_56m_PGM_2Perc_coupling_errors_off_RP.rml
2025-02-07 23:08:59,182 - INFO - Prepared sim number: 26: RAYPy_Simulation_bessy2hi_56m_PGM_2Perc_coupling_errors_off_RP/round_0/26_bessy2hi_56m_PGM_2Perc_coupling_errors_off_RP.rml
2025-02-07 23:08:59,194 - INFO - Prepared sim number: 27: RAYPy_Simulation_bessy2hi_56m_PGM_2Perc_coupling_errors_off_RP/round_0/27_bessy2hi_56m_PGM_2Perc_coupling_errors_off_RP.rml
2025-02-07 23:08:59,207 - INFO - Prepared sim number: 28: RAYPy_Simulation_bessy2hi_56m_PGM_2Perc_coupling_errors_off_RP/round_0/28_bessy2hi_56m_PGM_2Perc_coupling_errors_off_RP.rml
2025-02-07 23:08:59,218 - INFO - Prepared sim number: 29: RAYPy_Simulation_bessy2hi_56m_PGM_2Perc_coupling_errors_off_RP/round_0/29_bessy2hi_56m_PGM_2Perc_coupling_errors_off_RP.rml
2025-02-07 23:08:59,229 - INFO - Prepared sim number: 30: RAYPy_Simulation_bessy2hi_56m_PGM_2Perc_coupling_errors_off_RP/round_0/30_bessy2hi_56m_PGM_2Perc_coupling_errors_off_RP.rml
2025-02-07 23:08:59,240 - INFO - Prepared sim number: 31: RAYPy_Simulation_bessy2hi_56m_PGM_2Perc_coupling_errors_off_RP/round_0/31_bessy2hi_56m_PGM_2Perc_coupling_errors_off_RP.rml
2025-02-07 23:08:59,252 - INFO - Prepared sim number: 32: RAYPy_Simulation_bessy2hi_56m_PGM_2Perc_coupling_errors_off_RP/round_0/32_bessy2hi_56m_PGM_2Perc_coupling_errors_off_RP.rml
2025-02-07 23:08:59,264 - INFO - Prepared sim number: 33: RAYPy_Simulation_bessy2hi_56m_PGM_2Perc_coupling_errors_off_RP/round_0/33_bessy2hi_56m_PGM_2Perc_coupling_errors_off_RP.rml
2025-02-07 23:08:59,283 - INFO - Prepared sim number: 34: RAYPy_Simulation_bessy2hi_56m_PGM_2Perc_coupling_errors_off_RP/round_0/34_bessy2hi_56m_PGM_2Perc_coupling_errors_off_RP.rml
2025-02-07 23:08:59,307 - INFO - Prepared sim number: 35: RAYPy_Simulation_bessy2hi_56m_PGM_2Perc_coupling_errors_off_RP/round_0/35_bessy2hi_56m_PGM_2Perc_coupling_errors_off_RP.rml
2025-02-07 23:08:59,331 - INFO - Prepared sim number: 36: RAYPy_Simulation_bessy2hi_56m_PGM_2Perc_coupling_errors_off_RP/round_0/36_bessy2hi_56m_PGM_2Perc_coupling_errors_off_RP.rml
2025-02-07 23:08:59,347 - INFO - Prepared sim number: 37: RAYPy_Simulation_bessy2hi_56m_PGM_2Perc_coupling_errors_off_RP/round_0/37_bessy2hi_56m_PGM_2Perc_coupling_errors_off_RP.rml
2025-02-07 23:08:59,371 - INFO - Prepared sim number: 38: RAYPy_Simulation_bessy2hi_56m_PGM_2Perc_coupling_errors_off_RP/round_0/38_bessy2hi_56m_PGM_2Perc_coupling_errors_off_RP.rml
2025-02-07 23:08:59,394 - INFO - Prepared sim number: 39: RAYPy_Simulation_bessy2hi_56m_PGM_2Perc_coupling_errors_off_RP/round_0/39_bessy2hi_56m_PGM_2Perc_coupling_errors_off_RP.rml
2025-02-07 23:08:59,415 - INFO - Prepared sim number: 40: RAYPy_Simulation_bessy2hi_56m_PGM_2Perc_coupling_errors_off_RP/round_0/40_bessy2hi_56m_PGM_2Perc_coupling_errors_off_RP.rml
2025-02-07 23:08:59,436 - INFO - Prepared sim number: 41: RAYPy_Simulation_bessy2hi_56m_PGM_2Perc_coupling_errors_off_RP/round_0/41_bessy2hi_56m_PGM_2Perc_coupling_errors_off_RP.rml
2025-02-07 23:08:59,452 - INFO - Prepared sim number: 42: RAYPy_Simulation_bessy2hi_56m_PGM_2Perc_coupling_errors_off_RP/round_0/42_bessy2hi_56m_PGM_2Perc_coupling_errors_off_RP.rml
2025-02-07 23:08:59,480 - INFO - Prepared sim number: 43: RAYPy_Simulation_bessy2hi_56m_PGM_2Perc_coupling_errors_off_RP/round_0/43_bessy2hi_56m_PGM_2Perc_coupling_errors_off_RP.rml
2025-02-07 23:08:59,506 - INFO - Prepared sim number: 44: RAYPy_Simulation_bessy2hi_56m_PGM_2Perc_coupling_errors_off_RP/round_0/44_bessy2hi_56m_PGM_2Perc_coupling_errors_off_RP.rml
2025-02-07 23:08:59,531 - INFO - Prepared sim number: 45: RAYPy_Simulation_bessy2hi_56m_PGM_2Perc_coupling_errors_off_RP/round_0/45_bessy2hi_56m_PGM_2Perc_coupling_errors_off_RP.rml
2025-02-07 23:08:59,547 - INFO - Prepared sim number: 46: RAYPy_Simulation_bessy2hi_56m_PGM_2Perc_coupling_errors_off_RP/round_0/46_bessy2hi_56m_PGM_2Perc_coupling_errors_off_RP.rml
2025-02-07 23:08:59,562 - INFO - Prepared sim number: 47: RAYPy_Simulation_bessy2hi_56m_PGM_2Perc_coupling_errors_off_RP/round_0/47_bessy2hi_56m_PGM_2Perc_coupling_errors_off_RP.rml
2025-02-07 23:08:59,584 - INFO - Prepared sim number: 48: RAYPy_Simulation_bessy2hi_56m_PGM_2Perc_coupling_errors_off_RP/round_0/48_bessy2hi_56m_PGM_2Perc_coupling_errors_off_RP.rml
2025-02-07 23:08:59,605 - INFO - Prepared sim number: 49: RAYPy_Simulation_bessy2hi_56m_PGM_2Perc_coupling_errors_off_RP/round_0/49_bessy2hi_56m_PGM_2Perc_coupling_errors_off_RP.rml
2025-02-07 23:08:59,624 - INFO - Prepared sim number: 50: RAYPy_Simulation_bessy2hi_56m_PGM_2Perc_coupling_errors_off_RP/round_0/50_bessy2hi_56m_PGM_2Perc_coupling_errors_off_RP.rml
2025-02-07 23:08:59,646 - INFO - Prepared sim number: 51: RAYPy_Simulation_bessy2hi_56m_PGM_2Perc_coupling_errors_off_RP/round_0/51_bessy2hi_56m_PGM_2Perc_coupling_errors_off_RP.rml
2025-02-07 23:08:59,667 - INFO - Prepared sim number: 52: RAYPy_Simulation_bessy2hi_56m_PGM_2Perc_coupling_errors_off_RP/round_0/52_bessy2hi_56m_PGM_2Perc_coupling_errors_off_RP.rml
2025-02-07 23:08:59,685 - INFO - Prepared sim number: 53: RAYPy_Simulation_bessy2hi_56m_PGM_2Perc_coupling_errors_off_RP/round_0/53_bessy2hi_56m_PGM_2Perc_coupling_errors_off_RP.rml
2025-02-07 23:08:59,706 - INFO - Prepared sim number: 54: RAYPy_Simulation_bessy2hi_56m_PGM_2Perc_coupling_errors_off_RP/round_0/54_bessy2hi_56m_PGM_2Perc_coupling_errors_off_RP.rml
2025-02-07 23:08:59,731 - INFO - Prepared sim number: 55: RAYPy_Simulation_bessy2hi_56m_PGM_2Perc_coupling_errors_off_RP/round_0/55_bessy2hi_56m_PGM_2Perc_coupling_errors_off_RP.rml
2025-02-07 23:08:59,758 - INFO - Prepared sim number: 56: RAYPy_Simulation_bessy2hi_56m_PGM_2Perc_coupling_errors_off_RP/round_0/56_bessy2hi_56m_PGM_2Perc_coupling_errors_off_RP.rml
2025-02-07 23:08:59,783 - INFO - Prepared sim number: 57: RAYPy_Simulation_bessy2hi_56m_PGM_2Perc_coupling_errors_off_RP/round_0/57_bessy2hi_56m_PGM_2Perc_coupling_errors_off_RP.rml
2025-02-07 23:08:59,806 - INFO - Prepared sim number: 58: RAYPy_Simulation_bessy2hi_56m_PGM_2Perc_coupling_errors_off_RP/round_0/58_bessy2hi_56m_PGM_2Perc_coupling_errors_off_RP.rml
2025-02-07 23:08:59,825 - INFO - Prepared sim number: 59: RAYPy_Simulation_bessy2hi_56m_PGM_2Perc_coupling_errors_off_RP/round_0/59_bessy2hi_56m_PGM_2Perc_coupling_errors_off_RP.rml
2025-02-07 23:08:59,873 - INFO - Waiting for batch number: 0, timeout: 60s
2025-02-07 23:09:03,101 - INFO - Completed: 1, remaining: 59, RAYPy_Simulation_bessy2hi_56m_PGM_2Perc_coupling_errors_off_RP/round_0/1_bessy2hi_56m_PGM_2Perc_coupling_errors_off_RP.rml
2025-02-07 23:09:03,227 - INFO - Completed: 2, remaining: 58, RAYPy_Simulation_bessy2hi_56m_PGM_2Perc_coupling_errors_off_RP/round_0/0_bessy2hi_56m_PGM_2Perc_coupling_errors_off_RP.rml
2025-02-07 23:09:03,415 - INFO - Completed: 3, remaining: 57, RAYPy_Simulation_bessy2hi_56m_PGM_2Perc_coupling_errors_off_RP/round_0/3_bessy2hi_56m_PGM_2Perc_coupling_errors_off_RP.rml
2025-02-07 23:09:03,447 - INFO - Completed: 4, remaining: 56, RAYPy_Simulation_bessy2hi_56m_PGM_2Perc_coupling_errors_off_RP/round_0/6_bessy2hi_56m_PGM_2Perc_coupling_errors_off_RP.rml
2025-02-07 23:09:03,546 - INFO - Completed: 5, remaining: 55, RAYPy_Simulation_bessy2hi_56m_PGM_2Perc_coupling_errors_off_RP/round_0/5_bessy2hi_56m_PGM_2Perc_coupling_errors_off_RP.rml
2025-02-07 23:09:03,595 - INFO - Completed: 6, remaining: 54, RAYPy_Simulation_bessy2hi_56m_PGM_2Perc_coupling_errors_off_RP/round_0/9_bessy2hi_56m_PGM_2Perc_coupling_errors_off_RP.rml
2025-02-07 23:09:03,702 - INFO - Completed: 7, remaining: 53, RAYPy_Simulation_bessy2hi_56m_PGM_2Perc_coupling_errors_off_RP/round_0/10_bessy2hi_56m_PGM_2Perc_coupling_errors_off_RP.rml
2025-02-07 23:09:03,711 - INFO - Completed: 8, remaining: 52, RAYPy_Simulation_bessy2hi_56m_PGM_2Perc_coupling_errors_off_RP/round_0/2_bessy2hi_56m_PGM_2Perc_coupling_errors_off_RP.rml
2025-02-07 23:09:03,715 - INFO - Completed: 9, remaining: 51, RAYPy_Simulation_bessy2hi_56m_PGM_2Perc_coupling_errors_off_RP/round_0/11_bessy2hi_56m_PGM_2Perc_coupling_errors_off_RP.rml
2025-02-07 23:09:03,909 - INFO - Completed: 10, remaining: 50, RAYPy_Simulation_bessy2hi_56m_PGM_2Perc_coupling_errors_off_RP/round_0/8_bessy2hi_56m_PGM_2Perc_coupling_errors_off_RP.rml
2025-02-07 23:09:04,775 - INFO - Completed: 11, remaining: 49, RAYPy_Simulation_bessy2hi_56m_PGM_2Perc_coupling_errors_off_RP/round_0/4_bessy2hi_56m_PGM_2Perc_coupling_errors_off_RP.rml
2025-02-07 23:09:05,396 - INFO - Completed: 12, remaining: 48, RAYPy_Simulation_bessy2hi_56m_PGM_2Perc_coupling_errors_off_RP/round_0/7_bessy2hi_56m_PGM_2Perc_coupling_errors_off_RP.rml
2025-02-07 23:09:06,775 - INFO - Completed: 13, remaining: 47, RAYPy_Simulation_bessy2hi_56m_PGM_2Perc_coupling_errors_off_RP/round_0/12_bessy2hi_56m_PGM_2Perc_coupling_errors_off_RP.rml
2025-02-07 23:09:06,951 - INFO - Completed: 14, remaining: 46, RAYPy_Simulation_bessy2hi_56m_PGM_2Perc_coupling_errors_off_RP/round_0/13_bessy2hi_56m_PGM_2Perc_coupling_errors_off_RP.rml
2025-02-07 23:09:07,298 - INFO - Completed: 15, remaining: 45, RAYPy_Simulation_bessy2hi_56m_PGM_2Perc_coupling_errors_off_RP/round_0/14_bessy2hi_56m_PGM_2Perc_coupling_errors_off_RP.rml
2025-02-07 23:09:07,528 - INFO - Completed: 16, remaining: 44, RAYPy_Simulation_bessy2hi_56m_PGM_2Perc_coupling_errors_off_RP/round_0/16_bessy2hi_56m_PGM_2Perc_coupling_errors_off_RP.rml
2025-02-07 23:09:07,571 - INFO - Completed: 17, remaining: 43, RAYPy_Simulation_bessy2hi_56m_PGM_2Perc_coupling_errors_off_RP/round_0/17_bessy2hi_56m_PGM_2Perc_coupling_errors_off_RP.rml
2025-02-07 23:09:07,576 - INFO - Completed: 18, remaining: 42, RAYPy_Simulation_bessy2hi_56m_PGM_2Perc_coupling_errors_off_RP/round_0/18_bessy2hi_56m_PGM_2Perc_coupling_errors_off_RP.rml
2025-02-07 23:09:07,680 - INFO - Completed: 19, remaining: 41, RAYPy_Simulation_bessy2hi_56m_PGM_2Perc_coupling_errors_off_RP/round_0/19_bessy2hi_56m_PGM_2Perc_coupling_errors_off_RP.rml
2025-02-07 23:09:07,701 - INFO - Completed: 20, remaining: 40, RAYPy_Simulation_bessy2hi_56m_PGM_2Perc_coupling_errors_off_RP/round_0/15_bessy2hi_56m_PGM_2Perc_coupling_errors_off_RP.rml
2025-02-07 23:09:07,777 - INFO - Completed: 21, remaining: 39, RAYPy_Simulation_bessy2hi_56m_PGM_2Perc_coupling_errors_off_RP/round_0/20_bessy2hi_56m_PGM_2Perc_coupling_errors_off_RP.rml
2025-02-07 23:09:07,816 - INFO - Completed: 22, remaining: 38, RAYPy_Simulation_bessy2hi_56m_PGM_2Perc_coupling_errors_off_RP/round_0/21_bessy2hi_56m_PGM_2Perc_coupling_errors_off_RP.rml
2025-02-07 23:09:09,130 - INFO - Completed: 23, remaining: 37, RAYPy_Simulation_bessy2hi_56m_PGM_2Perc_coupling_errors_off_RP/round_0/23_bessy2hi_56m_PGM_2Perc_coupling_errors_off_RP.rml
2025-02-07 23:09:09,815 - INFO - Completed: 24, remaining: 36, RAYPy_Simulation_bessy2hi_56m_PGM_2Perc_coupling_errors_off_RP/round_0/22_bessy2hi_56m_PGM_2Perc_coupling_errors_off_RP.rml
2025-02-07 23:09:10,439 - INFO - Completed: 25, remaining: 35, RAYPy_Simulation_bessy2hi_56m_PGM_2Perc_coupling_errors_off_RP/round_0/24_bessy2hi_56m_PGM_2Perc_coupling_errors_off_RP.rml
2025-02-07 23:09:10,569 - INFO - Completed: 26, remaining: 34, RAYPy_Simulation_bessy2hi_56m_PGM_2Perc_coupling_errors_off_RP/round_0/25_bessy2hi_56m_PGM_2Perc_coupling_errors_off_RP.rml
2025-02-07 23:09:11,100 - INFO - Completed: 27, remaining: 33, RAYPy_Simulation_bessy2hi_56m_PGM_2Perc_coupling_errors_off_RP/round_0/26_bessy2hi_56m_PGM_2Perc_coupling_errors_off_RP.rml
2025-02-07 23:09:11,488 - INFO - Completed: 28, remaining: 32, RAYPy_Simulation_bessy2hi_56m_PGM_2Perc_coupling_errors_off_RP/round_0/30_bessy2hi_56m_PGM_2Perc_coupling_errors_off_RP.rml
2025-02-07 23:09:11,580 - INFO - Completed: 29, remaining: 31, RAYPy_Simulation_bessy2hi_56m_PGM_2Perc_coupling_errors_off_RP/round_0/29_bessy2hi_56m_PGM_2Perc_coupling_errors_off_RP.rml
2025-02-07 23:09:11,607 - INFO - Completed: 30, remaining: 30, RAYPy_Simulation_bessy2hi_56m_PGM_2Perc_coupling_errors_off_RP/round_0/32_bessy2hi_56m_PGM_2Perc_coupling_errors_off_RP.rml
2025-02-07 23:09:11,610 - INFO - Completed: 31, remaining: 29, RAYPy_Simulation_bessy2hi_56m_PGM_2Perc_coupling_errors_off_RP/round_0/27_bessy2hi_56m_PGM_2Perc_coupling_errors_off_RP.rml
2025-02-07 23:09:11,675 - INFO - Completed: 32, remaining: 28, RAYPy_Simulation_bessy2hi_56m_PGM_2Perc_coupling_errors_off_RP/round_0/31_bessy2hi_56m_PGM_2Perc_coupling_errors_off_RP.rml
2025-02-07 23:09:11,761 - INFO - Completed: 33, remaining: 27, RAYPy_Simulation_bessy2hi_56m_PGM_2Perc_coupling_errors_off_RP/round_0/28_bessy2hi_56m_PGM_2Perc_coupling_errors_off_RP.rml
2025-02-07 23:09:12,050 - INFO - Completed: 34, remaining: 26, RAYPy_Simulation_bessy2hi_56m_PGM_2Perc_coupling_errors_off_RP/round_0/33_bessy2hi_56m_PGM_2Perc_coupling_errors_off_RP.rml
2025-02-07 23:09:12,775 - INFO - Completed: 35, remaining: 25, RAYPy_Simulation_bessy2hi_56m_PGM_2Perc_coupling_errors_off_RP/round_0/34_bessy2hi_56m_PGM_2Perc_coupling_errors_off_RP.rml
2025-02-07 23:09:14,082 - INFO - Completed: 36, remaining: 24, RAYPy_Simulation_bessy2hi_56m_PGM_2Perc_coupling_errors_off_RP/round_0/36_bessy2hi_56m_PGM_2Perc_coupling_errors_off_RP.rml
2025-02-07 23:09:14,378 - INFO - Completed: 37, remaining: 23, RAYPy_Simulation_bessy2hi_56m_PGM_2Perc_coupling_errors_off_RP/round_0/37_bessy2hi_56m_PGM_2Perc_coupling_errors_off_RP.rml
2025-02-07 23:09:14,798 - INFO - Completed: 38, remaining: 22, RAYPy_Simulation_bessy2hi_56m_PGM_2Perc_coupling_errors_off_RP/round_0/41_bessy2hi_56m_PGM_2Perc_coupling_errors_off_RP.rml
2025-02-07 23:09:14,871 - INFO - Completed: 39, remaining: 21, RAYPy_Simulation_bessy2hi_56m_PGM_2Perc_coupling_errors_off_RP/round_0/35_bessy2hi_56m_PGM_2Perc_coupling_errors_off_RP.rml
2025-02-07 23:09:14,947 - INFO - Completed: 40, remaining: 20, RAYPy_Simulation_bessy2hi_56m_PGM_2Perc_coupling_errors_off_RP/round_0/38_bessy2hi_56m_PGM_2Perc_coupling_errors_off_RP.rml
2025-02-07 23:09:14,974 - INFO - Completed: 41, remaining: 19, RAYPy_Simulation_bessy2hi_56m_PGM_2Perc_coupling_errors_off_RP/round_0/43_bessy2hi_56m_PGM_2Perc_coupling_errors_off_RP.rml
2025-02-07 23:09:15,098 - INFO - Completed: 42, remaining: 18, RAYPy_Simulation_bessy2hi_56m_PGM_2Perc_coupling_errors_off_RP/round_0/42_bessy2hi_56m_PGM_2Perc_coupling_errors_off_RP.rml
2025-02-07 23:09:15,321 - INFO - Completed: 43, remaining: 17, RAYPy_Simulation_bessy2hi_56m_PGM_2Perc_coupling_errors_off_RP/round_0/44_bessy2hi_56m_PGM_2Perc_coupling_errors_off_RP.rml
2025-02-07 23:09:15,512 - INFO - Completed: 44, remaining: 16, RAYPy_Simulation_bessy2hi_56m_PGM_2Perc_coupling_errors_off_RP/round_0/45_bessy2hi_56m_PGM_2Perc_coupling_errors_off_RP.rml
2025-02-07 23:09:15,806 - INFO - Completed: 45, remaining: 15, RAYPy_Simulation_bessy2hi_56m_PGM_2Perc_coupling_errors_off_RP/round_0/40_bessy2hi_56m_PGM_2Perc_coupling_errors_off_RP.rml
2025-02-07 23:09:15,907 - INFO - Completed: 46, remaining: 14, RAYPy_Simulation_bessy2hi_56m_PGM_2Perc_coupling_errors_off_RP/round_0/39_bessy2hi_56m_PGM_2Perc_coupling_errors_off_RP.rml
2025-02-07 23:09:16,194 - INFO - Completed: 47, remaining: 13, RAYPy_Simulation_bessy2hi_56m_PGM_2Perc_coupling_errors_off_RP/round_0/46_bessy2hi_56m_PGM_2Perc_coupling_errors_off_RP.rml
2025-02-07 23:09:17,606 - INFO - Completed: 48, remaining: 12, RAYPy_Simulation_bessy2hi_56m_PGM_2Perc_coupling_errors_off_RP/round_0/47_bessy2hi_56m_PGM_2Perc_coupling_errors_off_RP.rml
2025-02-07 23:09:17,981 - INFO - Completed: 49, remaining: 11, RAYPy_Simulation_bessy2hi_56m_PGM_2Perc_coupling_errors_off_RP/round_0/48_bessy2hi_56m_PGM_2Perc_coupling_errors_off_RP.rml
2025-02-07 23:09:18,159 - INFO - Completed: 50, remaining: 10, RAYPy_Simulation_bessy2hi_56m_PGM_2Perc_coupling_errors_off_RP/round_0/49_bessy2hi_56m_PGM_2Perc_coupling_errors_off_RP.rml
2025-02-07 23:09:18,511 - INFO - Completed: 51, remaining: 9, RAYPy_Simulation_bessy2hi_56m_PGM_2Perc_coupling_errors_off_RP/round_0/53_bessy2hi_56m_PGM_2Perc_coupling_errors_off_RP.rml
2025-02-07 23:09:18,603 - INFO - Completed: 52, remaining: 8, RAYPy_Simulation_bessy2hi_56m_PGM_2Perc_coupling_errors_off_RP/round_0/52_bessy2hi_56m_PGM_2Perc_coupling_errors_off_RP.rml
2025-02-07 23:09:18,716 - INFO - Completed: 53, remaining: 7, RAYPy_Simulation_bessy2hi_56m_PGM_2Perc_coupling_errors_off_RP/round_0/50_bessy2hi_56m_PGM_2Perc_coupling_errors_off_RP.rml
2025-02-07 23:09:18,869 - INFO - Completed: 54, remaining: 6, RAYPy_Simulation_bessy2hi_56m_PGM_2Perc_coupling_errors_off_RP/round_0/54_bessy2hi_56m_PGM_2Perc_coupling_errors_off_RP.rml
2025-02-07 23:09:18,982 - INFO - Completed: 55, remaining: 5, RAYPy_Simulation_bessy2hi_56m_PGM_2Perc_coupling_errors_off_RP/round_0/55_bessy2hi_56m_PGM_2Perc_coupling_errors_off_RP.rml
2025-02-07 23:09:19,099 - INFO - Completed: 56, remaining: 4, RAYPy_Simulation_bessy2hi_56m_PGM_2Perc_coupling_errors_off_RP/round_0/57_bessy2hi_56m_PGM_2Perc_coupling_errors_off_RP.rml
2025-02-07 23:09:19,141 - INFO - Completed: 57, remaining: 3, RAYPy_Simulation_bessy2hi_56m_PGM_2Perc_coupling_errors_off_RP/round_0/56_bessy2hi_56m_PGM_2Perc_coupling_errors_off_RP.rml
2025-02-07 23:09:19,359 - INFO - Completed: 58, remaining: 2, RAYPy_Simulation_bessy2hi_56m_PGM_2Perc_coupling_errors_off_RP/round_0/51_bessy2hi_56m_PGM_2Perc_coupling_errors_off_RP.rml
2025-02-07 23:09:19,468 - INFO - Completed: 59, remaining: 1, RAYPy_Simulation_bessy2hi_56m_PGM_2Perc_coupling_errors_off_RP/round_0/58_bessy2hi_56m_PGM_2Perc_coupling_errors_off_RP.rml
2025-02-07 23:09:20,119 - INFO - Completed: 60, remaining: 0, RAYPy_Simulation_bessy2hi_56m_PGM_2Perc_coupling_errors_off_RP/round_0/59_bessy2hi_56m_PGM_2Perc_coupling_errors_off_RP.rml
2025-02-07 23:09:20,120 - INFO - Batch Completed
2025-02-07 23:09:20,120 - INFO - Waiting For batch, 60 simulations to go
2025-02-07 23:09:20,143 - INFO - Prepared sim number: 60: RAYPy_Simulation_bessy2hi_56m_PGM_2Perc_coupling_errors_off_RP/round_0/60_bessy2hi_56m_PGM_2Perc_coupling_errors_off_RP.rml
2025-02-07 23:09:20,160 - INFO - Prepared sim number: 61: RAYPy_Simulation_bessy2hi_56m_PGM_2Perc_coupling_errors_off_RP/round_0/61_bessy2hi_56m_PGM_2Perc_coupling_errors_off_RP.rml
2025-02-07 23:09:20,179 - INFO - Prepared sim number: 62: RAYPy_Simulation_bessy2hi_56m_PGM_2Perc_coupling_errors_off_RP/round_0/62_bessy2hi_56m_PGM_2Perc_coupling_errors_off_RP.rml
2025-02-07 23:09:20,197 - INFO - Prepared sim number: 63: RAYPy_Simulation_bessy2hi_56m_PGM_2Perc_coupling_errors_off_RP/round_0/63_bessy2hi_56m_PGM_2Perc_coupling_errors_off_RP.rml
2025-02-07 23:09:20,210 - INFO - Prepared sim number: 64: RAYPy_Simulation_bessy2hi_56m_PGM_2Perc_coupling_errors_off_RP/round_0/64_bessy2hi_56m_PGM_2Perc_coupling_errors_off_RP.rml
2025-02-07 23:09:20,221 - INFO - Prepared sim number: 65: RAYPy_Simulation_bessy2hi_56m_PGM_2Perc_coupling_errors_off_RP/round_0/65_bessy2hi_56m_PGM_2Perc_coupling_errors_off_RP.rml
2025-02-07 23:09:20,232 - INFO - Prepared sim number: 66: RAYPy_Simulation_bessy2hi_56m_PGM_2Perc_coupling_errors_off_RP/round_0/66_bessy2hi_56m_PGM_2Perc_coupling_errors_off_RP.rml
2025-02-07 23:09:20,242 - INFO - Prepared sim number: 67: RAYPy_Simulation_bessy2hi_56m_PGM_2Perc_coupling_errors_off_RP/round_0/67_bessy2hi_56m_PGM_2Perc_coupling_errors_off_RP.rml
2025-02-07 23:09:20,251 - INFO - Prepared sim number: 68: RAYPy_Simulation_bessy2hi_56m_PGM_2Perc_coupling_errors_off_RP/round_0/68_bessy2hi_56m_PGM_2Perc_coupling_errors_off_RP.rml
2025-02-07 23:09:20,261 - INFO - Prepared sim number: 69: RAYPy_Simulation_bessy2hi_56m_PGM_2Perc_coupling_errors_off_RP/round_0/69_bessy2hi_56m_PGM_2Perc_coupling_errors_off_RP.rml
2025-02-07 23:09:20,271 - INFO - Prepared sim number: 70: RAYPy_Simulation_bessy2hi_56m_PGM_2Perc_coupling_errors_off_RP/round_0/70_bessy2hi_56m_PGM_2Perc_coupling_errors_off_RP.rml
2025-02-07 23:09:20,281 - INFO - Prepared sim number: 71: RAYPy_Simulation_bessy2hi_56m_PGM_2Perc_coupling_errors_off_RP/round_0/71_bessy2hi_56m_PGM_2Perc_coupling_errors_off_RP.rml
2025-02-07 23:09:20,290 - INFO - Prepared sim number: 72: RAYPy_Simulation_bessy2hi_56m_PGM_2Perc_coupling_errors_off_RP/round_0/72_bessy2hi_56m_PGM_2Perc_coupling_errors_off_RP.rml
2025-02-07 23:09:20,301 - INFO - Prepared sim number: 73: RAYPy_Simulation_bessy2hi_56m_PGM_2Perc_coupling_errors_off_RP/round_0/73_bessy2hi_56m_PGM_2Perc_coupling_errors_off_RP.rml
2025-02-07 23:09:20,312 - INFO - Prepared sim number: 74: RAYPy_Simulation_bessy2hi_56m_PGM_2Perc_coupling_errors_off_RP/round_0/74_bessy2hi_56m_PGM_2Perc_coupling_errors_off_RP.rml
2025-02-07 23:09:20,321 - INFO - Prepared sim number: 75: RAYPy_Simulation_bessy2hi_56m_PGM_2Perc_coupling_errors_off_RP/round_0/75_bessy2hi_56m_PGM_2Perc_coupling_errors_off_RP.rml
2025-02-07 23:09:20,331 - INFO - Prepared sim number: 76: RAYPy_Simulation_bessy2hi_56m_PGM_2Perc_coupling_errors_off_RP/round_0/76_bessy2hi_56m_PGM_2Perc_coupling_errors_off_RP.rml
2025-02-07 23:09:20,340 - INFO - Prepared sim number: 77: RAYPy_Simulation_bessy2hi_56m_PGM_2Perc_coupling_errors_off_RP/round_0/77_bessy2hi_56m_PGM_2Perc_coupling_errors_off_RP.rml
2025-02-07 23:09:20,349 - INFO - Prepared sim number: 78: RAYPy_Simulation_bessy2hi_56m_PGM_2Perc_coupling_errors_off_RP/round_0/78_bessy2hi_56m_PGM_2Perc_coupling_errors_off_RP.rml
2025-02-07 23:09:20,359 - INFO - Prepared sim number: 79: RAYPy_Simulation_bessy2hi_56m_PGM_2Perc_coupling_errors_off_RP/round_0/79_bessy2hi_56m_PGM_2Perc_coupling_errors_off_RP.rml
2025-02-07 23:09:20,370 - INFO - Prepared sim number: 80: RAYPy_Simulation_bessy2hi_56m_PGM_2Perc_coupling_errors_off_RP/round_0/80_bessy2hi_56m_PGM_2Perc_coupling_errors_off_RP.rml
2025-02-07 23:09:20,380 - INFO - Prepared sim number: 81: RAYPy_Simulation_bessy2hi_56m_PGM_2Perc_coupling_errors_off_RP/round_0/81_bessy2hi_56m_PGM_2Perc_coupling_errors_off_RP.rml
2025-02-07 23:09:20,389 - INFO - Prepared sim number: 82: RAYPy_Simulation_bessy2hi_56m_PGM_2Perc_coupling_errors_off_RP/round_0/82_bessy2hi_56m_PGM_2Perc_coupling_errors_off_RP.rml
2025-02-07 23:09:20,399 - INFO - Prepared sim number: 83: RAYPy_Simulation_bessy2hi_56m_PGM_2Perc_coupling_errors_off_RP/round_0/83_bessy2hi_56m_PGM_2Perc_coupling_errors_off_RP.rml
2025-02-07 23:09:20,408 - INFO - Prepared sim number: 84: RAYPy_Simulation_bessy2hi_56m_PGM_2Perc_coupling_errors_off_RP/round_0/84_bessy2hi_56m_PGM_2Perc_coupling_errors_off_RP.rml
2025-02-07 23:09:20,418 - INFO - Prepared sim number: 85: RAYPy_Simulation_bessy2hi_56m_PGM_2Perc_coupling_errors_off_RP/round_0/85_bessy2hi_56m_PGM_2Perc_coupling_errors_off_RP.rml
2025-02-07 23:09:20,427 - INFO - Prepared sim number: 86: RAYPy_Simulation_bessy2hi_56m_PGM_2Perc_coupling_errors_off_RP/round_0/86_bessy2hi_56m_PGM_2Perc_coupling_errors_off_RP.rml
2025-02-07 23:09:20,436 - INFO - Prepared sim number: 87: RAYPy_Simulation_bessy2hi_56m_PGM_2Perc_coupling_errors_off_RP/round_0/87_bessy2hi_56m_PGM_2Perc_coupling_errors_off_RP.rml
2025-02-07 23:09:20,446 - INFO - Prepared sim number: 88: RAYPy_Simulation_bessy2hi_56m_PGM_2Perc_coupling_errors_off_RP/round_0/88_bessy2hi_56m_PGM_2Perc_coupling_errors_off_RP.rml
2025-02-07 23:09:20,455 - INFO - Prepared sim number: 89: RAYPy_Simulation_bessy2hi_56m_PGM_2Perc_coupling_errors_off_RP/round_0/89_bessy2hi_56m_PGM_2Perc_coupling_errors_off_RP.rml
2025-02-07 23:09:20,465 - INFO - Prepared sim number: 90: RAYPy_Simulation_bessy2hi_56m_PGM_2Perc_coupling_errors_off_RP/round_0/90_bessy2hi_56m_PGM_2Perc_coupling_errors_off_RP.rml
2025-02-07 23:09:20,474 - INFO - Prepared sim number: 91: RAYPy_Simulation_bessy2hi_56m_PGM_2Perc_coupling_errors_off_RP/round_0/91_bessy2hi_56m_PGM_2Perc_coupling_errors_off_RP.rml
2025-02-07 23:09:20,484 - INFO - Prepared sim number: 92: RAYPy_Simulation_bessy2hi_56m_PGM_2Perc_coupling_errors_off_RP/round_0/92_bessy2hi_56m_PGM_2Perc_coupling_errors_off_RP.rml
2025-02-07 23:09:20,493 - INFO - Prepared sim number: 93: RAYPy_Simulation_bessy2hi_56m_PGM_2Perc_coupling_errors_off_RP/round_0/93_bessy2hi_56m_PGM_2Perc_coupling_errors_off_RP.rml
2025-02-07 23:09:20,502 - INFO - Prepared sim number: 94: RAYPy_Simulation_bessy2hi_56m_PGM_2Perc_coupling_errors_off_RP/round_0/94_bessy2hi_56m_PGM_2Perc_coupling_errors_off_RP.rml
2025-02-07 23:09:20,512 - INFO - Prepared sim number: 95: RAYPy_Simulation_bessy2hi_56m_PGM_2Perc_coupling_errors_off_RP/round_0/95_bessy2hi_56m_PGM_2Perc_coupling_errors_off_RP.rml
2025-02-07 23:09:20,522 - INFO - Prepared sim number: 96: RAYPy_Simulation_bessy2hi_56m_PGM_2Perc_coupling_errors_off_RP/round_0/96_bessy2hi_56m_PGM_2Perc_coupling_errors_off_RP.rml
2025-02-07 23:09:20,531 - INFO - Prepared sim number: 97: RAYPy_Simulation_bessy2hi_56m_PGM_2Perc_coupling_errors_off_RP/round_0/97_bessy2hi_56m_PGM_2Perc_coupling_errors_off_RP.rml
2025-02-07 23:09:20,541 - INFO - Prepared sim number: 98: RAYPy_Simulation_bessy2hi_56m_PGM_2Perc_coupling_errors_off_RP/round_0/98_bessy2hi_56m_PGM_2Perc_coupling_errors_off_RP.rml
2025-02-07 23:09:20,551 - INFO - Prepared sim number: 99: RAYPy_Simulation_bessy2hi_56m_PGM_2Perc_coupling_errors_off_RP/round_0/99_bessy2hi_56m_PGM_2Perc_coupling_errors_off_RP.rml
2025-02-07 23:09:20,561 - INFO - Prepared sim number: 100: RAYPy_Simulation_bessy2hi_56m_PGM_2Perc_coupling_errors_off_RP/round_0/100_bessy2hi_56m_PGM_2Perc_coupling_errors_off_RP.rml
2025-02-07 23:09:20,571 - INFO - Prepared sim number: 101: RAYPy_Simulation_bessy2hi_56m_PGM_2Perc_coupling_errors_off_RP/round_0/101_bessy2hi_56m_PGM_2Perc_coupling_errors_off_RP.rml
2025-02-07 23:09:20,581 - INFO - Prepared sim number: 102: RAYPy_Simulation_bessy2hi_56m_PGM_2Perc_coupling_errors_off_RP/round_0/102_bessy2hi_56m_PGM_2Perc_coupling_errors_off_RP.rml
2025-02-07 23:09:20,591 - INFO - Prepared sim number: 103: RAYPy_Simulation_bessy2hi_56m_PGM_2Perc_coupling_errors_off_RP/round_0/103_bessy2hi_56m_PGM_2Perc_coupling_errors_off_RP.rml
2025-02-07 23:09:20,602 - INFO - Prepared sim number: 104: RAYPy_Simulation_bessy2hi_56m_PGM_2Perc_coupling_errors_off_RP/round_0/104_bessy2hi_56m_PGM_2Perc_coupling_errors_off_RP.rml
2025-02-07 23:09:20,612 - INFO - Prepared sim number: 105: RAYPy_Simulation_bessy2hi_56m_PGM_2Perc_coupling_errors_off_RP/round_0/105_bessy2hi_56m_PGM_2Perc_coupling_errors_off_RP.rml
2025-02-07 23:09:20,622 - INFO - Prepared sim number: 106: RAYPy_Simulation_bessy2hi_56m_PGM_2Perc_coupling_errors_off_RP/round_0/106_bessy2hi_56m_PGM_2Perc_coupling_errors_off_RP.rml
2025-02-07 23:09:20,632 - INFO - Prepared sim number: 107: RAYPy_Simulation_bessy2hi_56m_PGM_2Perc_coupling_errors_off_RP/round_0/107_bessy2hi_56m_PGM_2Perc_coupling_errors_off_RP.rml
2025-02-07 23:09:20,641 - INFO - Prepared sim number: 108: RAYPy_Simulation_bessy2hi_56m_PGM_2Perc_coupling_errors_off_RP/round_0/108_bessy2hi_56m_PGM_2Perc_coupling_errors_off_RP.rml
2025-02-07 23:09:20,650 - INFO - Prepared sim number: 109: RAYPy_Simulation_bessy2hi_56m_PGM_2Perc_coupling_errors_off_RP/round_0/109_bessy2hi_56m_PGM_2Perc_coupling_errors_off_RP.rml
2025-02-07 23:09:20,659 - INFO - Prepared sim number: 110: RAYPy_Simulation_bessy2hi_56m_PGM_2Perc_coupling_errors_off_RP/round_0/110_bessy2hi_56m_PGM_2Perc_coupling_errors_off_RP.rml
2025-02-07 23:09:20,668 - INFO - Prepared sim number: 111: RAYPy_Simulation_bessy2hi_56m_PGM_2Perc_coupling_errors_off_RP/round_0/111_bessy2hi_56m_PGM_2Perc_coupling_errors_off_RP.rml
2025-02-07 23:09:20,677 - INFO - Prepared sim number: 112: RAYPy_Simulation_bessy2hi_56m_PGM_2Perc_coupling_errors_off_RP/round_0/112_bessy2hi_56m_PGM_2Perc_coupling_errors_off_RP.rml
2025-02-07 23:09:20,686 - INFO - Prepared sim number: 113: RAYPy_Simulation_bessy2hi_56m_PGM_2Perc_coupling_errors_off_RP/round_0/113_bessy2hi_56m_PGM_2Perc_coupling_errors_off_RP.rml
2025-02-07 23:09:20,696 - INFO - Prepared sim number: 114: RAYPy_Simulation_bessy2hi_56m_PGM_2Perc_coupling_errors_off_RP/round_0/114_bessy2hi_56m_PGM_2Perc_coupling_errors_off_RP.rml
2025-02-07 23:09:20,706 - INFO - Prepared sim number: 115: RAYPy_Simulation_bessy2hi_56m_PGM_2Perc_coupling_errors_off_RP/round_0/115_bessy2hi_56m_PGM_2Perc_coupling_errors_off_RP.rml
2025-02-07 23:09:20,717 - INFO - Prepared sim number: 116: RAYPy_Simulation_bessy2hi_56m_PGM_2Perc_coupling_errors_off_RP/round_0/116_bessy2hi_56m_PGM_2Perc_coupling_errors_off_RP.rml
2025-02-07 23:09:20,726 - INFO - Prepared sim number: 117: RAYPy_Simulation_bessy2hi_56m_PGM_2Perc_coupling_errors_off_RP/round_0/117_bessy2hi_56m_PGM_2Perc_coupling_errors_off_RP.rml
2025-02-07 23:09:20,736 - INFO - Prepared sim number: 118: RAYPy_Simulation_bessy2hi_56m_PGM_2Perc_coupling_errors_off_RP/round_0/118_bessy2hi_56m_PGM_2Perc_coupling_errors_off_RP.rml
2025-02-07 23:09:20,746 - INFO - Prepared sim number: 119: RAYPy_Simulation_bessy2hi_56m_PGM_2Perc_coupling_errors_off_RP/round_0/119_bessy2hi_56m_PGM_2Perc_coupling_errors_off_RP.rml
2025-02-07 23:09:20,747 - INFO - Waiting for batch number: 1, timeout: 22.84635851383209s
2025-02-07 23:09:23,832 - INFO - Completed: 1, remaining: 59, RAYPy_Simulation_bessy2hi_56m_PGM_2Perc_coupling_errors_off_RP/round_0/66_bessy2hi_56m_PGM_2Perc_coupling_errors_off_RP.rml
2025-02-07 23:09:23,893 - INFO - Completed: 2, remaining: 58, RAYPy_Simulation_bessy2hi_56m_PGM_2Perc_coupling_errors_off_RP/round_0/60_bessy2hi_56m_PGM_2Perc_coupling_errors_off_RP.rml
2025-02-07 23:09:23,982 - INFO - Completed: 3, remaining: 57, RAYPy_Simulation_bessy2hi_56m_PGM_2Perc_coupling_errors_off_RP/round_0/65_bessy2hi_56m_PGM_2Perc_coupling_errors_off_RP.rml
2025-02-07 23:09:24,006 - INFO - Completed: 4, remaining: 56, RAYPy_Simulation_bessy2hi_56m_PGM_2Perc_coupling_errors_off_RP/round_0/61_bessy2hi_56m_PGM_2Perc_coupling_errors_off_RP.rml
2025-02-07 23:09:24,018 - INFO - Completed: 5, remaining: 55, RAYPy_Simulation_bessy2hi_56m_PGM_2Perc_coupling_errors_off_RP/round_0/70_bessy2hi_56m_PGM_2Perc_coupling_errors_off_RP.rml
2025-02-07 23:09:24,041 - INFO - Completed: 6, remaining: 54, RAYPy_Simulation_bessy2hi_56m_PGM_2Perc_coupling_errors_off_RP/round_0/68_bessy2hi_56m_PGM_2Perc_coupling_errors_off_RP.rml
2025-02-07 23:09:24,210 - INFO - Completed: 7, remaining: 53, RAYPy_Simulation_bessy2hi_56m_PGM_2Perc_coupling_errors_off_RP/round_0/63_bessy2hi_56m_PGM_2Perc_coupling_errors_off_RP.rml
2025-02-07 23:09:24,234 - INFO - Completed: 8, remaining: 52, RAYPy_Simulation_bessy2hi_56m_PGM_2Perc_coupling_errors_off_RP/round_0/64_bessy2hi_56m_PGM_2Perc_coupling_errors_off_RP.rml
2025-02-07 23:09:24,370 - INFO - Completed: 9, remaining: 51, RAYPy_Simulation_bessy2hi_56m_PGM_2Perc_coupling_errors_off_RP/round_0/69_bessy2hi_56m_PGM_2Perc_coupling_errors_off_RP.rml
2025-02-07 23:09:25,657 - INFO - Completed: 10, remaining: 50, RAYPy_Simulation_bessy2hi_56m_PGM_2Perc_coupling_errors_off_RP/round_0/62_bessy2hi_56m_PGM_2Perc_coupling_errors_off_RP.rml
2025-02-07 23:09:26,468 - INFO - Completed: 11, remaining: 49, RAYPy_Simulation_bessy2hi_56m_PGM_2Perc_coupling_errors_off_RP/round_0/67_bessy2hi_56m_PGM_2Perc_coupling_errors_off_RP.rml
2025-02-07 23:09:26,528 - INFO - Completed: 12, remaining: 48, RAYPy_Simulation_bessy2hi_56m_PGM_2Perc_coupling_errors_off_RP/round_0/71_bessy2hi_56m_PGM_2Perc_coupling_errors_off_RP.rml
2025-02-07 23:09:27,752 - INFO - Completed: 13, remaining: 47, RAYPy_Simulation_bessy2hi_56m_PGM_2Perc_coupling_errors_off_RP/round_0/72_bessy2hi_56m_PGM_2Perc_coupling_errors_off_RP.rml
2025-02-07 23:09:27,758 - INFO - Completed: 14, remaining: 46, RAYPy_Simulation_bessy2hi_56m_PGM_2Perc_coupling_errors_off_RP/round_0/74_bessy2hi_56m_PGM_2Perc_coupling_errors_off_RP.rml
2025-02-07 23:09:27,897 - INFO - Completed: 15, remaining: 45, RAYPy_Simulation_bessy2hi_56m_PGM_2Perc_coupling_errors_off_RP/round_0/75_bessy2hi_56m_PGM_2Perc_coupling_errors_off_RP.rml
2025-02-07 23:09:27,956 - INFO - Completed: 16, remaining: 44, RAYPy_Simulation_bessy2hi_56m_PGM_2Perc_coupling_errors_off_RP/round_0/77_bessy2hi_56m_PGM_2Perc_coupling_errors_off_RP.rml
2025-02-07 23:09:28,033 - INFO - Completed: 17, remaining: 43, RAYPy_Simulation_bessy2hi_56m_PGM_2Perc_coupling_errors_off_RP/round_0/76_bessy2hi_56m_PGM_2Perc_coupling_errors_off_RP.rml
2025-02-07 23:09:28,221 - INFO - Completed: 18, remaining: 42, RAYPy_Simulation_bessy2hi_56m_PGM_2Perc_coupling_errors_off_RP/round_0/79_bessy2hi_56m_PGM_2Perc_coupling_errors_off_RP.rml
2025-02-07 23:09:28,278 - INFO - Completed: 19, remaining: 41, RAYPy_Simulation_bessy2hi_56m_PGM_2Perc_coupling_errors_off_RP/round_0/78_bessy2hi_56m_PGM_2Perc_coupling_errors_off_RP.rml
2025-02-07 23:09:28,518 - INFO - Completed: 20, remaining: 40, RAYPy_Simulation_bessy2hi_56m_PGM_2Perc_coupling_errors_off_RP/round_0/80_bessy2hi_56m_PGM_2Perc_coupling_errors_off_RP.rml
2025-02-07 23:09:28,670 - INFO - Completed: 21, remaining: 39, RAYPy_Simulation_bessy2hi_56m_PGM_2Perc_coupling_errors_off_RP/round_0/73_bessy2hi_56m_PGM_2Perc_coupling_errors_off_RP.rml
2025-02-07 23:09:29,243 - INFO - Completed: 22, remaining: 38, RAYPy_Simulation_bessy2hi_56m_PGM_2Perc_coupling_errors_off_RP/round_0/81_bessy2hi_56m_PGM_2Perc_coupling_errors_off_RP.rml
2025-02-07 23:09:29,886 - INFO - Completed: 23, remaining: 37, RAYPy_Simulation_bessy2hi_56m_PGM_2Perc_coupling_errors_off_RP/round_0/83_bessy2hi_56m_PGM_2Perc_coupling_errors_off_RP.rml
2025-02-07 23:09:29,939 - INFO - Completed: 24, remaining: 36, RAYPy_Simulation_bessy2hi_56m_PGM_2Perc_coupling_errors_off_RP/round_0/82_bessy2hi_56m_PGM_2Perc_coupling_errors_off_RP.rml
2025-02-07 23:09:31,097 - INFO - Completed: 25, remaining: 35, RAYPy_Simulation_bessy2hi_56m_PGM_2Perc_coupling_errors_off_RP/round_0/84_bessy2hi_56m_PGM_2Perc_coupling_errors_off_RP.rml
2025-02-07 23:09:31,122 - INFO - Completed: 26, remaining: 34, RAYPy_Simulation_bessy2hi_56m_PGM_2Perc_coupling_errors_off_RP/round_0/85_bessy2hi_56m_PGM_2Perc_coupling_errors_off_RP.rml
2025-02-07 23:09:31,425 - INFO - Completed: 27, remaining: 33, RAYPy_Simulation_bessy2hi_56m_PGM_2Perc_coupling_errors_off_RP/round_0/87_bessy2hi_56m_PGM_2Perc_coupling_errors_off_RP.rml
2025-02-07 23:09:31,475 - INFO - Completed: 28, remaining: 32, RAYPy_Simulation_bessy2hi_56m_PGM_2Perc_coupling_errors_off_RP/round_0/88_bessy2hi_56m_PGM_2Perc_coupling_errors_off_RP.rml
2025-02-07 23:09:31,814 - INFO - Completed: 29, remaining: 31, RAYPy_Simulation_bessy2hi_56m_PGM_2Perc_coupling_errors_off_RP/round_0/89_bessy2hi_56m_PGM_2Perc_coupling_errors_off_RP.rml
2025-02-07 23:09:31,859 - INFO - Completed: 30, remaining: 30, RAYPy_Simulation_bessy2hi_56m_PGM_2Perc_coupling_errors_off_RP/round_0/86_bessy2hi_56m_PGM_2Perc_coupling_errors_off_RP.rml
2025-02-07 23:09:32,108 - INFO - Completed: 31, remaining: 29, RAYPy_Simulation_bessy2hi_56m_PGM_2Perc_coupling_errors_off_RP/round_0/91_bessy2hi_56m_PGM_2Perc_coupling_errors_off_RP.rml
2025-02-07 23:09:32,116 - INFO - Completed: 32, remaining: 28, RAYPy_Simulation_bessy2hi_56m_PGM_2Perc_coupling_errors_off_RP/round_0/92_bessy2hi_56m_PGM_2Perc_coupling_errors_off_RP.rml
2025-02-07 23:09:32,515 - INFO - Completed: 33, remaining: 27, RAYPy_Simulation_bessy2hi_56m_PGM_2Perc_coupling_errors_off_RP/round_0/90_bessy2hi_56m_PGM_2Perc_coupling_errors_off_RP.rml
2025-02-07 23:09:32,531 - INFO - Completed: 34, remaining: 26, RAYPy_Simulation_bessy2hi_56m_PGM_2Perc_coupling_errors_off_RP/round_0/93_bessy2hi_56m_PGM_2Perc_coupling_errors_off_RP.rml
2025-02-07 23:09:33,351 - INFO - Completed: 35, remaining: 25, RAYPy_Simulation_bessy2hi_56m_PGM_2Perc_coupling_errors_off_RP/round_0/94_bessy2hi_56m_PGM_2Perc_coupling_errors_off_RP.rml
2025-02-07 23:09:33,455 - INFO - Completed: 36, remaining: 24, RAYPy_Simulation_bessy2hi_56m_PGM_2Perc_coupling_errors_off_RP/round_0/95_bessy2hi_56m_PGM_2Perc_coupling_errors_off_RP.rml
2025-02-07 23:09:34,476 - INFO - Completed: 37, remaining: 23, RAYPy_Simulation_bessy2hi_56m_PGM_2Perc_coupling_errors_off_RP/round_0/97_bessy2hi_56m_PGM_2Perc_coupling_errors_off_RP.rml
2025-02-07 23:09:34,623 - INFO - Completed: 38, remaining: 22, RAYPy_Simulation_bessy2hi_56m_PGM_2Perc_coupling_errors_off_RP/round_0/96_bessy2hi_56m_PGM_2Perc_coupling_errors_off_RP.rml
2025-02-07 23:09:35,042 - INFO - Completed: 39, remaining: 21, RAYPy_Simulation_bessy2hi_56m_PGM_2Perc_coupling_errors_off_RP/round_0/99_bessy2hi_56m_PGM_2Perc_coupling_errors_off_RP.rml
2025-02-07 23:09:35,063 - INFO - Completed: 40, remaining: 20, RAYPy_Simulation_bessy2hi_56m_PGM_2Perc_coupling_errors_off_RP/round_0/98_bessy2hi_56m_PGM_2Perc_coupling_errors_off_RP.rml
2025-02-07 23:09:35,366 - INFO - Completed: 41, remaining: 19, RAYPy_Simulation_bessy2hi_56m_PGM_2Perc_coupling_errors_off_RP/round_0/100_bessy2hi_56m_PGM_2Perc_coupling_errors_off_RP.rml
2025-02-07 23:09:35,516 - INFO - Completed: 42, remaining: 18, RAYPy_Simulation_bessy2hi_56m_PGM_2Perc_coupling_errors_off_RP/round_0/102_bessy2hi_56m_PGM_2Perc_coupling_errors_off_RP.rml
2025-02-07 23:09:35,532 - INFO - Completed: 43, remaining: 17, RAYPy_Simulation_bessy2hi_56m_PGM_2Perc_coupling_errors_off_RP/round_0/103_bessy2hi_56m_PGM_2Perc_coupling_errors_off_RP.rml
2025-02-07 23:09:35,928 - INFO - Completed: 44, remaining: 16, RAYPy_Simulation_bessy2hi_56m_PGM_2Perc_coupling_errors_off_RP/round_0/104_bessy2hi_56m_PGM_2Perc_coupling_errors_off_RP.rml
2025-02-07 23:09:35,999 - INFO - Completed: 45, remaining: 15, RAYPy_Simulation_bessy2hi_56m_PGM_2Perc_coupling_errors_off_RP/round_0/105_bessy2hi_56m_PGM_2Perc_coupling_errors_off_RP.rml
2025-02-07 23:09:36,255 - INFO - Completed: 46, remaining: 14, RAYPy_Simulation_bessy2hi_56m_PGM_2Perc_coupling_errors_off_RP/round_0/101_bessy2hi_56m_PGM_2Perc_coupling_errors_off_RP.rml
2025-02-07 23:09:37,084 - INFO - Completed: 47, remaining: 13, RAYPy_Simulation_bessy2hi_56m_PGM_2Perc_coupling_errors_off_RP/round_0/106_bessy2hi_56m_PGM_2Perc_coupling_errors_off_RP.rml
2025-02-07 23:09:37,102 - INFO - Completed: 48, remaining: 12, RAYPy_Simulation_bessy2hi_56m_PGM_2Perc_coupling_errors_off_RP/round_0/107_bessy2hi_56m_PGM_2Perc_coupling_errors_off_RP.rml
2025-02-07 23:09:38,138 - INFO - Completed: 49, remaining: 11, RAYPy_Simulation_bessy2hi_56m_PGM_2Perc_coupling_errors_off_RP/round_0/109_bessy2hi_56m_PGM_2Perc_coupling_errors_off_RP.rml
2025-02-07 23:09:38,465 - INFO - Completed: 50, remaining: 10, RAYPy_Simulation_bessy2hi_56m_PGM_2Perc_coupling_errors_off_RP/round_0/111_bessy2hi_56m_PGM_2Perc_coupling_errors_off_RP.rml
2025-02-07 23:09:38,556 - INFO - Completed: 51, remaining: 9, RAYPy_Simulation_bessy2hi_56m_PGM_2Perc_coupling_errors_off_RP/round_0/110_bessy2hi_56m_PGM_2Perc_coupling_errors_off_RP.rml
2025-02-07 23:09:38,882 - INFO - Completed: 52, remaining: 8, RAYPy_Simulation_bessy2hi_56m_PGM_2Perc_coupling_errors_off_RP/round_0/108_bessy2hi_56m_PGM_2Perc_coupling_errors_off_RP.rml
2025-02-07 23:09:38,937 - INFO - Completed: 53, remaining: 7, RAYPy_Simulation_bessy2hi_56m_PGM_2Perc_coupling_errors_off_RP/round_0/113_bessy2hi_56m_PGM_2Perc_coupling_errors_off_RP.rml
2025-02-07 23:09:38,993 - INFO - Completed: 54, remaining: 6, RAYPy_Simulation_bessy2hi_56m_PGM_2Perc_coupling_errors_off_RP/round_0/112_bessy2hi_56m_PGM_2Perc_coupling_errors_off_RP.rml
2025-02-07 23:09:39,017 - INFO - Completed: 55, remaining: 5, RAYPy_Simulation_bessy2hi_56m_PGM_2Perc_coupling_errors_off_RP/round_0/114_bessy2hi_56m_PGM_2Perc_coupling_errors_off_RP.rml
2025-02-07 23:09:39,237 - INFO - Completed: 56, remaining: 4, RAYPy_Simulation_bessy2hi_56m_PGM_2Perc_coupling_errors_off_RP/round_0/115_bessy2hi_56m_PGM_2Perc_coupling_errors_off_RP.rml
2025-02-07 23:09:39,349 - INFO - Completed: 57, remaining: 3, RAYPy_Simulation_bessy2hi_56m_PGM_2Perc_coupling_errors_off_RP/round_0/116_bessy2hi_56m_PGM_2Perc_coupling_errors_off_RP.rml
2025-02-07 23:09:39,356 - INFO - Completed: 58, remaining: 2, RAYPy_Simulation_bessy2hi_56m_PGM_2Perc_coupling_errors_off_RP/round_0/117_bessy2hi_56m_PGM_2Perc_coupling_errors_off_RP.rml
2025-02-07 23:09:39,964 - INFO - Completed: 59, remaining: 1, RAYPy_Simulation_bessy2hi_56m_PGM_2Perc_coupling_errors_off_RP/round_0/118_bessy2hi_56m_PGM_2Perc_coupling_errors_off_RP.rml
2025-02-07 23:09:40,476 - INFO - Completed: 60, remaining: 0, RAYPy_Simulation_bessy2hi_56m_PGM_2Perc_coupling_errors_off_RP/round_0/119_bessy2hi_56m_PGM_2Perc_coupling_errors_off_RP.rml
2025-02-07 23:09:40,476 - INFO - Batch Completed
2025-02-07 23:09:40,477 - INFO - Waiting For batch, 60 simulations to go
2025-02-07 23:09:40,493 - INFO - Prepared sim number: 120: RAYPy_Simulation_bessy2hi_56m_PGM_2Perc_coupling_errors_off_RP/round_0/120_bessy2hi_56m_PGM_2Perc_coupling_errors_off_RP.rml
2025-02-07 23:09:40,505 - INFO - Prepared sim number: 121: RAYPy_Simulation_bessy2hi_56m_PGM_2Perc_coupling_errors_off_RP/round_0/121_bessy2hi_56m_PGM_2Perc_coupling_errors_off_RP.rml
2025-02-07 23:09:40,523 - INFO - Prepared sim number: 122: RAYPy_Simulation_bessy2hi_56m_PGM_2Perc_coupling_errors_off_RP/round_0/122_bessy2hi_56m_PGM_2Perc_coupling_errors_off_RP.rml
2025-02-07 23:09:40,524 - INFO - Start round 1
2025-02-07 23:09:40,529 - INFO - Prepared sim number: 0: RAYPy_Simulation_bessy2hi_56m_PGM_2Perc_coupling_errors_off_RP/round_1/0_bessy2hi_56m_PGM_2Perc_coupling_errors_off_RP.rml
2025-02-07 23:09:40,537 - INFO - Prepared sim number: 1: RAYPy_Simulation_bessy2hi_56m_PGM_2Perc_coupling_errors_off_RP/round_1/1_bessy2hi_56m_PGM_2Perc_coupling_errors_off_RP.rml
2025-02-07 23:09:40,542 - INFO - Prepared sim number: 2: RAYPy_Simulation_bessy2hi_56m_PGM_2Perc_coupling_errors_off_RP/round_1/2_bessy2hi_56m_PGM_2Perc_coupling_errors_off_RP.rml
2025-02-07 23:09:40,548 - INFO - Prepared sim number: 3: RAYPy_Simulation_bessy2hi_56m_PGM_2Perc_coupling_errors_off_RP/round_1/3_bessy2hi_56m_PGM_2Perc_coupling_errors_off_RP.rml
2025-02-07 23:09:40,554 - INFO - Prepared sim number: 4: RAYPy_Simulation_bessy2hi_56m_PGM_2Perc_coupling_errors_off_RP/round_1/4_bessy2hi_56m_PGM_2Perc_coupling_errors_off_RP.rml
2025-02-07 23:09:40,559 - INFO - Prepared sim number: 5: RAYPy_Simulation_bessy2hi_56m_PGM_2Perc_coupling_errors_off_RP/round_1/5_bessy2hi_56m_PGM_2Perc_coupling_errors_off_RP.rml
2025-02-07 23:09:40,565 - INFO - Prepared sim number: 6: RAYPy_Simulation_bessy2hi_56m_PGM_2Perc_coupling_errors_off_RP/round_1/6_bessy2hi_56m_PGM_2Perc_coupling_errors_off_RP.rml
2025-02-07 23:09:40,571 - INFO - Prepared sim number: 7: RAYPy_Simulation_bessy2hi_56m_PGM_2Perc_coupling_errors_off_RP/round_1/7_bessy2hi_56m_PGM_2Perc_coupling_errors_off_RP.rml
2025-02-07 23:09:40,577 - INFO - Prepared sim number: 8: RAYPy_Simulation_bessy2hi_56m_PGM_2Perc_coupling_errors_off_RP/round_1/8_bessy2hi_56m_PGM_2Perc_coupling_errors_off_RP.rml
2025-02-07 23:09:40,582 - INFO - Prepared sim number: 9: RAYPy_Simulation_bessy2hi_56m_PGM_2Perc_coupling_errors_off_RP/round_1/9_bessy2hi_56m_PGM_2Perc_coupling_errors_off_RP.rml
2025-02-07 23:09:40,587 - INFO - Prepared sim number: 10: RAYPy_Simulation_bessy2hi_56m_PGM_2Perc_coupling_errors_off_RP/round_1/10_bessy2hi_56m_PGM_2Perc_coupling_errors_off_RP.rml
2025-02-07 23:09:40,592 - INFO - Prepared sim number: 11: RAYPy_Simulation_bessy2hi_56m_PGM_2Perc_coupling_errors_off_RP/round_1/11_bessy2hi_56m_PGM_2Perc_coupling_errors_off_RP.rml
2025-02-07 23:09:40,597 - INFO - Prepared sim number: 12: RAYPy_Simulation_bessy2hi_56m_PGM_2Perc_coupling_errors_off_RP/round_1/12_bessy2hi_56m_PGM_2Perc_coupling_errors_off_RP.rml
2025-02-07 23:09:40,602 - INFO - Prepared sim number: 13: RAYPy_Simulation_bessy2hi_56m_PGM_2Perc_coupling_errors_off_RP/round_1/13_bessy2hi_56m_PGM_2Perc_coupling_errors_off_RP.rml
2025-02-07 23:09:40,607 - INFO - Prepared sim number: 14: RAYPy_Simulation_bessy2hi_56m_PGM_2Perc_coupling_errors_off_RP/round_1/14_bessy2hi_56m_PGM_2Perc_coupling_errors_off_RP.rml
2025-02-07 23:09:40,612 - INFO - Prepared sim number: 15: RAYPy_Simulation_bessy2hi_56m_PGM_2Perc_coupling_errors_off_RP/round_1/15_bessy2hi_56m_PGM_2Perc_coupling_errors_off_RP.rml
2025-02-07 23:09:40,618 - INFO - Prepared sim number: 16: RAYPy_Simulation_bessy2hi_56m_PGM_2Perc_coupling_errors_off_RP/round_1/16_bessy2hi_56m_PGM_2Perc_coupling_errors_off_RP.rml
2025-02-07 23:09:40,623 - INFO - Prepared sim number: 17: RAYPy_Simulation_bessy2hi_56m_PGM_2Perc_coupling_errors_off_RP/round_1/17_bessy2hi_56m_PGM_2Perc_coupling_errors_off_RP.rml
2025-02-07 23:09:40,627 - INFO - Prepared sim number: 18: RAYPy_Simulation_bessy2hi_56m_PGM_2Perc_coupling_errors_off_RP/round_1/18_bessy2hi_56m_PGM_2Perc_coupling_errors_off_RP.rml
2025-02-07 23:09:40,632 - INFO - Prepared sim number: 19: RAYPy_Simulation_bessy2hi_56m_PGM_2Perc_coupling_errors_off_RP/round_1/19_bessy2hi_56m_PGM_2Perc_coupling_errors_off_RP.rml
2025-02-07 23:09:40,637 - INFO - Prepared sim number: 20: RAYPy_Simulation_bessy2hi_56m_PGM_2Perc_coupling_errors_off_RP/round_1/20_bessy2hi_56m_PGM_2Perc_coupling_errors_off_RP.rml
2025-02-07 23:09:40,643 - INFO - Prepared sim number: 21: RAYPy_Simulation_bessy2hi_56m_PGM_2Perc_coupling_errors_off_RP/round_1/21_bessy2hi_56m_PGM_2Perc_coupling_errors_off_RP.rml
2025-02-07 23:09:40,649 - INFO - Prepared sim number: 22: RAYPy_Simulation_bessy2hi_56m_PGM_2Perc_coupling_errors_off_RP/round_1/22_bessy2hi_56m_PGM_2Perc_coupling_errors_off_RP.rml
2025-02-07 23:09:40,654 - INFO - Prepared sim number: 23: RAYPy_Simulation_bessy2hi_56m_PGM_2Perc_coupling_errors_off_RP/round_1/23_bessy2hi_56m_PGM_2Perc_coupling_errors_off_RP.rml
2025-02-07 23:09:40,659 - INFO - Prepared sim number: 24: RAYPy_Simulation_bessy2hi_56m_PGM_2Perc_coupling_errors_off_RP/round_1/24_bessy2hi_56m_PGM_2Perc_coupling_errors_off_RP.rml
2025-02-07 23:09:40,665 - INFO - Prepared sim number: 25: RAYPy_Simulation_bessy2hi_56m_PGM_2Perc_coupling_errors_off_RP/round_1/25_bessy2hi_56m_PGM_2Perc_coupling_errors_off_RP.rml
2025-02-07 23:09:40,671 - INFO - Prepared sim number: 26: RAYPy_Simulation_bessy2hi_56m_PGM_2Perc_coupling_errors_off_RP/round_1/26_bessy2hi_56m_PGM_2Perc_coupling_errors_off_RP.rml
2025-02-07 23:09:40,677 - INFO - Prepared sim number: 27: RAYPy_Simulation_bessy2hi_56m_PGM_2Perc_coupling_errors_off_RP/round_1/27_bessy2hi_56m_PGM_2Perc_coupling_errors_off_RP.rml
2025-02-07 23:09:40,683 - INFO - Prepared sim number: 28: RAYPy_Simulation_bessy2hi_56m_PGM_2Perc_coupling_errors_off_RP/round_1/28_bessy2hi_56m_PGM_2Perc_coupling_errors_off_RP.rml
2025-02-07 23:09:40,688 - INFO - Prepared sim number: 29: RAYPy_Simulation_bessy2hi_56m_PGM_2Perc_coupling_errors_off_RP/round_1/29_bessy2hi_56m_PGM_2Perc_coupling_errors_off_RP.rml
2025-02-07 23:09:40,693 - INFO - Prepared sim number: 30: RAYPy_Simulation_bessy2hi_56m_PGM_2Perc_coupling_errors_off_RP/round_1/30_bessy2hi_56m_PGM_2Perc_coupling_errors_off_RP.rml
2025-02-07 23:09:40,698 - INFO - Prepared sim number: 31: RAYPy_Simulation_bessy2hi_56m_PGM_2Perc_coupling_errors_off_RP/round_1/31_bessy2hi_56m_PGM_2Perc_coupling_errors_off_RP.rml
2025-02-07 23:09:40,703 - INFO - Prepared sim number: 32: RAYPy_Simulation_bessy2hi_56m_PGM_2Perc_coupling_errors_off_RP/round_1/32_bessy2hi_56m_PGM_2Perc_coupling_errors_off_RP.rml
2025-02-07 23:09:40,709 - INFO - Prepared sim number: 33: RAYPy_Simulation_bessy2hi_56m_PGM_2Perc_coupling_errors_off_RP/round_1/33_bessy2hi_56m_PGM_2Perc_coupling_errors_off_RP.rml
2025-02-07 23:09:40,715 - INFO - Prepared sim number: 34: RAYPy_Simulation_bessy2hi_56m_PGM_2Perc_coupling_errors_off_RP/round_1/34_bessy2hi_56m_PGM_2Perc_coupling_errors_off_RP.rml
2025-02-07 23:09:40,720 - INFO - Prepared sim number: 35: RAYPy_Simulation_bessy2hi_56m_PGM_2Perc_coupling_errors_off_RP/round_1/35_bessy2hi_56m_PGM_2Perc_coupling_errors_off_RP.rml
2025-02-07 23:09:40,725 - INFO - Prepared sim number: 36: RAYPy_Simulation_bessy2hi_56m_PGM_2Perc_coupling_errors_off_RP/round_1/36_bessy2hi_56m_PGM_2Perc_coupling_errors_off_RP.rml
2025-02-07 23:09:40,730 - INFO - Prepared sim number: 37: RAYPy_Simulation_bessy2hi_56m_PGM_2Perc_coupling_errors_off_RP/round_1/37_bessy2hi_56m_PGM_2Perc_coupling_errors_off_RP.rml
2025-02-07 23:09:40,736 - INFO - Prepared sim number: 38: RAYPy_Simulation_bessy2hi_56m_PGM_2Perc_coupling_errors_off_RP/round_1/38_bessy2hi_56m_PGM_2Perc_coupling_errors_off_RP.rml
2025-02-07 23:09:40,741 - INFO - Prepared sim number: 39: RAYPy_Simulation_bessy2hi_56m_PGM_2Perc_coupling_errors_off_RP/round_1/39_bessy2hi_56m_PGM_2Perc_coupling_errors_off_RP.rml
2025-02-07 23:09:40,747 - INFO - Prepared sim number: 40: RAYPy_Simulation_bessy2hi_56m_PGM_2Perc_coupling_errors_off_RP/round_1/40_bessy2hi_56m_PGM_2Perc_coupling_errors_off_RP.rml
2025-02-07 23:09:40,753 - INFO - Prepared sim number: 41: RAYPy_Simulation_bessy2hi_56m_PGM_2Perc_coupling_errors_off_RP/round_1/41_bessy2hi_56m_PGM_2Perc_coupling_errors_off_RP.rml
2025-02-07 23:09:40,759 - INFO - Prepared sim number: 42: RAYPy_Simulation_bessy2hi_56m_PGM_2Perc_coupling_errors_off_RP/round_1/42_bessy2hi_56m_PGM_2Perc_coupling_errors_off_RP.rml
2025-02-07 23:09:40,765 - INFO - Prepared sim number: 43: RAYPy_Simulation_bessy2hi_56m_PGM_2Perc_coupling_errors_off_RP/round_1/43_bessy2hi_56m_PGM_2Perc_coupling_errors_off_RP.rml
2025-02-07 23:09:40,771 - INFO - Prepared sim number: 44: RAYPy_Simulation_bessy2hi_56m_PGM_2Perc_coupling_errors_off_RP/round_1/44_bessy2hi_56m_PGM_2Perc_coupling_errors_off_RP.rml
2025-02-07 23:09:40,777 - INFO - Prepared sim number: 45: RAYPy_Simulation_bessy2hi_56m_PGM_2Perc_coupling_errors_off_RP/round_1/45_bessy2hi_56m_PGM_2Perc_coupling_errors_off_RP.rml
2025-02-07 23:09:40,783 - INFO - Prepared sim number: 46: RAYPy_Simulation_bessy2hi_56m_PGM_2Perc_coupling_errors_off_RP/round_1/46_bessy2hi_56m_PGM_2Perc_coupling_errors_off_RP.rml
2025-02-07 23:09:40,788 - INFO - Prepared sim number: 47: RAYPy_Simulation_bessy2hi_56m_PGM_2Perc_coupling_errors_off_RP/round_1/47_bessy2hi_56m_PGM_2Perc_coupling_errors_off_RP.rml
2025-02-07 23:09:40,794 - INFO - Prepared sim number: 48: RAYPy_Simulation_bessy2hi_56m_PGM_2Perc_coupling_errors_off_RP/round_1/48_bessy2hi_56m_PGM_2Perc_coupling_errors_off_RP.rml
2025-02-07 23:09:40,799 - INFO - Prepared sim number: 49: RAYPy_Simulation_bessy2hi_56m_PGM_2Perc_coupling_errors_off_RP/round_1/49_bessy2hi_56m_PGM_2Perc_coupling_errors_off_RP.rml
2025-02-07 23:09:40,804 - INFO - Prepared sim number: 50: RAYPy_Simulation_bessy2hi_56m_PGM_2Perc_coupling_errors_off_RP/round_1/50_bessy2hi_56m_PGM_2Perc_coupling_errors_off_RP.rml
2025-02-07 23:09:40,810 - INFO - Prepared sim number: 51: RAYPy_Simulation_bessy2hi_56m_PGM_2Perc_coupling_errors_off_RP/round_1/51_bessy2hi_56m_PGM_2Perc_coupling_errors_off_RP.rml
2025-02-07 23:09:40,816 - INFO - Prepared sim number: 52: RAYPy_Simulation_bessy2hi_56m_PGM_2Perc_coupling_errors_off_RP/round_1/52_bessy2hi_56m_PGM_2Perc_coupling_errors_off_RP.rml
2025-02-07 23:09:40,822 - INFO - Prepared sim number: 53: RAYPy_Simulation_bessy2hi_56m_PGM_2Perc_coupling_errors_off_RP/round_1/53_bessy2hi_56m_PGM_2Perc_coupling_errors_off_RP.rml
2025-02-07 23:09:40,829 - INFO - Prepared sim number: 54: RAYPy_Simulation_bessy2hi_56m_PGM_2Perc_coupling_errors_off_RP/round_1/54_bessy2hi_56m_PGM_2Perc_coupling_errors_off_RP.rml
2025-02-07 23:09:40,834 - INFO - Prepared sim number: 55: RAYPy_Simulation_bessy2hi_56m_PGM_2Perc_coupling_errors_off_RP/round_1/55_bessy2hi_56m_PGM_2Perc_coupling_errors_off_RP.rml
2025-02-07 23:09:40,840 - INFO - Prepared sim number: 56: RAYPy_Simulation_bessy2hi_56m_PGM_2Perc_coupling_errors_off_RP/round_1/56_bessy2hi_56m_PGM_2Perc_coupling_errors_off_RP.rml
2025-02-07 23:09:40,841 - INFO - Waiting for batch number: 2, timeout: 22.44104119539261s
2025-02-07 23:09:43,553 - INFO - Completed: 1, remaining: 59, RAYPy_Simulation_bessy2hi_56m_PGM_2Perc_coupling_errors_off_RP/round_1/1_bessy2hi_56m_PGM_2Perc_coupling_errors_off_RP.rml
2025-02-07 23:09:43,727 - INFO - Completed: 2, remaining: 58, RAYPy_Simulation_bessy2hi_56m_PGM_2Perc_coupling_errors_off_RP/round_1/6_bessy2hi_56m_PGM_2Perc_coupling_errors_off_RP.rml
2025-02-07 23:09:43,782 - INFO - Completed: 3, remaining: 57, RAYPy_Simulation_bessy2hi_56m_PGM_2Perc_coupling_errors_off_RP/round_1/0_bessy2hi_56m_PGM_2Perc_coupling_errors_off_RP.rml
2025-02-07 23:09:43,832 - INFO - Completed: 4, remaining: 56, RAYPy_Simulation_bessy2hi_56m_PGM_2Perc_coupling_errors_off_RP/round_1/2_bessy2hi_56m_PGM_2Perc_coupling_errors_off_RP.rml
2025-02-07 23:09:43,890 - INFO - Completed: 5, remaining: 55, RAYPy_Simulation_bessy2hi_56m_PGM_2Perc_coupling_errors_off_RP/round_1/7_bessy2hi_56m_PGM_2Perc_coupling_errors_off_RP.rml
2025-02-07 23:09:44,086 - INFO - Completed: 6, remaining: 54, RAYPy_Simulation_bessy2hi_56m_PGM_2Perc_coupling_errors_off_RP/round_0/122_bessy2hi_56m_PGM_2Perc_coupling_errors_off_RP.rml
2025-02-07 23:09:44,155 - INFO - Completed: 7, remaining: 53, RAYPy_Simulation_bessy2hi_56m_PGM_2Perc_coupling_errors_off_RP/round_1/4_bessy2hi_56m_PGM_2Perc_coupling_errors_off_RP.rml
2025-02-07 23:09:44,301 - INFO - Completed: 8, remaining: 52, RAYPy_Simulation_bessy2hi_56m_PGM_2Perc_coupling_errors_off_RP/round_1/8_bessy2hi_56m_PGM_2Perc_coupling_errors_off_RP.rml
2025-02-07 23:09:44,313 - INFO - Completed: 9, remaining: 51, RAYPy_Simulation_bessy2hi_56m_PGM_2Perc_coupling_errors_off_RP/round_0/120_bessy2hi_56m_PGM_2Perc_coupling_errors_off_RP.rml
2025-02-07 23:09:45,633 - INFO - Completed: 10, remaining: 50, RAYPy_Simulation_bessy2hi_56m_PGM_2Perc_coupling_errors_off_RP/round_0/121_bessy2hi_56m_PGM_2Perc_coupling_errors_off_RP.rml
2025-02-07 23:09:46,416 - INFO - Completed: 11, remaining: 49, RAYPy_Simulation_bessy2hi_56m_PGM_2Perc_coupling_errors_off_RP/round_1/3_bessy2hi_56m_PGM_2Perc_coupling_errors_off_RP.rml
2025-02-07 23:09:46,625 - INFO - Completed: 12, remaining: 48, RAYPy_Simulation_bessy2hi_56m_PGM_2Perc_coupling_errors_off_RP/round_1/5_bessy2hi_56m_PGM_2Perc_coupling_errors_off_RP.rml
2025-02-07 23:09:47,486 - INFO - Completed: 13, remaining: 47, RAYPy_Simulation_bessy2hi_56m_PGM_2Perc_coupling_errors_off_RP/round_1/9_bessy2hi_56m_PGM_2Perc_coupling_errors_off_RP.rml
2025-02-07 23:09:47,811 - INFO - Completed: 14, remaining: 46, RAYPy_Simulation_bessy2hi_56m_PGM_2Perc_coupling_errors_off_RP/round_1/11_bessy2hi_56m_PGM_2Perc_coupling_errors_off_RP.rml
2025-02-07 23:09:47,859 - INFO - Completed: 15, remaining: 45, RAYPy_Simulation_bessy2hi_56m_PGM_2Perc_coupling_errors_off_RP/round_1/10_bessy2hi_56m_PGM_2Perc_coupling_errors_off_RP.rml
2025-02-07 23:09:47,952 - INFO - Completed: 16, remaining: 44, RAYPy_Simulation_bessy2hi_56m_PGM_2Perc_coupling_errors_off_RP/round_1/13_bessy2hi_56m_PGM_2Perc_coupling_errors_off_RP.rml
2025-02-07 23:09:48,001 - INFO - Completed: 17, remaining: 43, RAYPy_Simulation_bessy2hi_56m_PGM_2Perc_coupling_errors_off_RP/round_1/12_bessy2hi_56m_PGM_2Perc_coupling_errors_off_RP.rml
2025-02-07 23:09:48,201 - INFO - Completed: 18, remaining: 42, RAYPy_Simulation_bessy2hi_56m_PGM_2Perc_coupling_errors_off_RP/round_1/14_bessy2hi_56m_PGM_2Perc_coupling_errors_off_RP.rml
2025-02-07 23:09:48,340 - INFO - Completed: 19, remaining: 41, RAYPy_Simulation_bessy2hi_56m_PGM_2Perc_coupling_errors_off_RP/round_1/16_bessy2hi_56m_PGM_2Perc_coupling_errors_off_RP.rml
2025-02-07 23:09:48,401 - INFO - Completed: 20, remaining: 40, RAYPy_Simulation_bessy2hi_56m_PGM_2Perc_coupling_errors_off_RP/round_1/17_bessy2hi_56m_PGM_2Perc_coupling_errors_off_RP.rml
2025-02-07 23:09:48,778 - INFO - Completed: 21, remaining: 39, RAYPy_Simulation_bessy2hi_56m_PGM_2Perc_coupling_errors_off_RP/round_1/15_bessy2hi_56m_PGM_2Perc_coupling_errors_off_RP.rml
2025-02-07 23:09:49,483 - INFO - Completed: 22, remaining: 38, RAYPy_Simulation_bessy2hi_56m_PGM_2Perc_coupling_errors_off_RP/round_1/18_bessy2hi_56m_PGM_2Perc_coupling_errors_off_RP.rml
2025-02-07 23:09:50,265 - INFO - Completed: 23, remaining: 37, RAYPy_Simulation_bessy2hi_56m_PGM_2Perc_coupling_errors_off_RP/round_1/19_bessy2hi_56m_PGM_2Perc_coupling_errors_off_RP.rml
2025-02-07 23:09:50,572 - INFO - Completed: 24, remaining: 36, RAYPy_Simulation_bessy2hi_56m_PGM_2Perc_coupling_errors_off_RP/round_1/20_bessy2hi_56m_PGM_2Perc_coupling_errors_off_RP.rml
2025-02-07 23:09:51,100 - INFO - Completed: 25, remaining: 35, RAYPy_Simulation_bessy2hi_56m_PGM_2Perc_coupling_errors_off_RP/round_1/21_bessy2hi_56m_PGM_2Perc_coupling_errors_off_RP.rml
2025-02-07 23:09:51,769 - INFO - Completed: 26, remaining: 34, RAYPy_Simulation_bessy2hi_56m_PGM_2Perc_coupling_errors_off_RP/round_1/22_bessy2hi_56m_PGM_2Perc_coupling_errors_off_RP.rml
2025-02-07 23:09:51,784 - INFO - Completed: 27, remaining: 33, RAYPy_Simulation_bessy2hi_56m_PGM_2Perc_coupling_errors_off_RP/round_1/23_bessy2hi_56m_PGM_2Perc_coupling_errors_off_RP.rml
2025-02-07 23:09:51,926 - INFO - Completed: 28, remaining: 32, RAYPy_Simulation_bessy2hi_56m_PGM_2Perc_coupling_errors_off_RP/round_1/24_bessy2hi_56m_PGM_2Perc_coupling_errors_off_RP.rml
2025-02-07 23:09:52,173 - INFO - Completed: 29, remaining: 31, RAYPy_Simulation_bessy2hi_56m_PGM_2Perc_coupling_errors_off_RP/round_1/25_bessy2hi_56m_PGM_2Perc_coupling_errors_off_RP.rml
2025-02-07 23:09:52,247 - INFO - Completed: 30, remaining: 30, RAYPy_Simulation_bessy2hi_56m_PGM_2Perc_coupling_errors_off_RP/round_1/27_bessy2hi_56m_PGM_2Perc_coupling_errors_off_RP.rml
2025-02-07 23:09:52,470 - INFO - Completed: 31, remaining: 29, RAYPy_Simulation_bessy2hi_56m_PGM_2Perc_coupling_errors_off_RP/round_1/28_bessy2hi_56m_PGM_2Perc_coupling_errors_off_RP.rml
2025-02-07 23:09:52,808 - INFO - Completed: 32, remaining: 28, RAYPy_Simulation_bessy2hi_56m_PGM_2Perc_coupling_errors_off_RP/round_1/29_bessy2hi_56m_PGM_2Perc_coupling_errors_off_RP.rml
2025-02-07 23:09:53,275 - INFO - Completed: 33, remaining: 27, RAYPy_Simulation_bessy2hi_56m_PGM_2Perc_coupling_errors_off_RP/round_1/26_bessy2hi_56m_PGM_2Perc_coupling_errors_off_RP.rml
2025-02-07 23:09:53,389 - INFO - Completed: 34, remaining: 26, RAYPy_Simulation_bessy2hi_56m_PGM_2Perc_coupling_errors_off_RP/round_1/30_bessy2hi_56m_PGM_2Perc_coupling_errors_off_RP.rml
2025-02-07 23:09:54,164 - INFO - Completed: 35, remaining: 25, RAYPy_Simulation_bessy2hi_56m_PGM_2Perc_coupling_errors_off_RP/round_1/31_bessy2hi_56m_PGM_2Perc_coupling_errors_off_RP.rml
2025-02-07 23:09:54,464 - INFO - Completed: 36, remaining: 24, RAYPy_Simulation_bessy2hi_56m_PGM_2Perc_coupling_errors_off_RP/round_1/32_bessy2hi_56m_PGM_2Perc_coupling_errors_off_RP.rml
2025-02-07 23:09:55,037 - INFO - Completed: 37, remaining: 23, RAYPy_Simulation_bessy2hi_56m_PGM_2Perc_coupling_errors_off_RP/round_1/33_bessy2hi_56m_PGM_2Perc_coupling_errors_off_RP.rml
2025-02-07 23:09:55,698 - INFO - Completed: 38, remaining: 22, RAYPy_Simulation_bessy2hi_56m_PGM_2Perc_coupling_errors_off_RP/round_1/34_bessy2hi_56m_PGM_2Perc_coupling_errors_off_RP.rml
2025-02-07 23:09:55,936 - INFO - Completed: 39, remaining: 21, RAYPy_Simulation_bessy2hi_56m_PGM_2Perc_coupling_errors_off_RP/round_1/36_bessy2hi_56m_PGM_2Perc_coupling_errors_off_RP.rml
2025-02-07 23:09:55,943 - INFO - Completed: 40, remaining: 20, RAYPy_Simulation_bessy2hi_56m_PGM_2Perc_coupling_errors_off_RP/round_1/35_bessy2hi_56m_PGM_2Perc_coupling_errors_off_RP.rml
2025-02-07 23:09:56,249 - INFO - Completed: 41, remaining: 19, RAYPy_Simulation_bessy2hi_56m_PGM_2Perc_coupling_errors_off_RP/round_1/37_bessy2hi_56m_PGM_2Perc_coupling_errors_off_RP.rml
2025-02-07 23:09:56,377 - INFO - Completed: 42, remaining: 18, RAYPy_Simulation_bessy2hi_56m_PGM_2Perc_coupling_errors_off_RP/round_1/38_bessy2hi_56m_PGM_2Perc_coupling_errors_off_RP.rml
2025-02-07 23:09:56,476 - INFO - Completed: 43, remaining: 17, RAYPy_Simulation_bessy2hi_56m_PGM_2Perc_coupling_errors_off_RP/round_1/41_bessy2hi_56m_PGM_2Perc_coupling_errors_off_RP.rml
2025-02-07 23:09:56,614 - INFO - Completed: 44, remaining: 16, RAYPy_Simulation_bessy2hi_56m_PGM_2Perc_coupling_errors_off_RP/round_1/42_bessy2hi_56m_PGM_2Perc_coupling_errors_off_RP.rml
2025-02-07 23:09:56,762 - INFO - Completed: 45, remaining: 15, RAYPy_Simulation_bessy2hi_56m_PGM_2Perc_coupling_errors_off_RP/round_1/39_bessy2hi_56m_PGM_2Perc_coupling_errors_off_RP.rml
2025-02-07 23:09:56,859 - INFO - Completed: 46, remaining: 14, RAYPy_Simulation_bessy2hi_56m_PGM_2Perc_coupling_errors_off_RP/round_1/40_bessy2hi_56m_PGM_2Perc_coupling_errors_off_RP.rml
2025-02-07 23:09:57,579 - INFO - Completed: 47, remaining: 13, RAYPy_Simulation_bessy2hi_56m_PGM_2Perc_coupling_errors_off_RP/round_1/43_bessy2hi_56m_PGM_2Perc_coupling_errors_off_RP.rml
2025-02-07 23:09:58,276 - INFO - Completed: 48, remaining: 12, RAYPy_Simulation_bessy2hi_56m_PGM_2Perc_coupling_errors_off_RP/round_1/44_bessy2hi_56m_PGM_2Perc_coupling_errors_off_RP.rml
2025-02-07 23:09:58,448 - INFO - Completed: 49, remaining: 11, RAYPy_Simulation_bessy2hi_56m_PGM_2Perc_coupling_errors_off_RP/round_1/45_bessy2hi_56m_PGM_2Perc_coupling_errors_off_RP.rml
2025-02-07 23:09:59,161 - INFO - Completed: 50, remaining: 10, RAYPy_Simulation_bessy2hi_56m_PGM_2Perc_coupling_errors_off_RP/round_1/46_bessy2hi_56m_PGM_2Perc_coupling_errors_off_RP.rml
2025-02-07 23:09:59,499 - INFO - Completed: 51, remaining: 9, RAYPy_Simulation_bessy2hi_56m_PGM_2Perc_coupling_errors_off_RP/round_1/47_bessy2hi_56m_PGM_2Perc_coupling_errors_off_RP.rml
2025-02-07 23:09:59,588 - INFO - Completed: 52, remaining: 8, RAYPy_Simulation_bessy2hi_56m_PGM_2Perc_coupling_errors_off_RP/round_1/48_bessy2hi_56m_PGM_2Perc_coupling_errors_off_RP.rml
2025-02-07 23:09:59,680 - INFO - Completed: 53, remaining: 7, RAYPy_Simulation_bessy2hi_56m_PGM_2Perc_coupling_errors_off_RP/round_1/49_bessy2hi_56m_PGM_2Perc_coupling_errors_off_RP.rml
2025-02-07 23:09:59,860 - INFO - Completed: 54, remaining: 6, RAYPy_Simulation_bessy2hi_56m_PGM_2Perc_coupling_errors_off_RP/round_1/50_bessy2hi_56m_PGM_2Perc_coupling_errors_off_RP.rml
2025-02-07 23:09:59,916 - INFO - Completed: 55, remaining: 5, RAYPy_Simulation_bessy2hi_56m_PGM_2Perc_coupling_errors_off_RP/round_1/51_bessy2hi_56m_PGM_2Perc_coupling_errors_off_RP.rml
2025-02-07 23:10:00,080 - INFO - Completed: 56, remaining: 4, RAYPy_Simulation_bessy2hi_56m_PGM_2Perc_coupling_errors_off_RP/round_1/54_bessy2hi_56m_PGM_2Perc_coupling_errors_off_RP.rml
2025-02-07 23:10:00,175 - INFO - Completed: 57, remaining: 3, RAYPy_Simulation_bessy2hi_56m_PGM_2Perc_coupling_errors_off_RP/round_1/53_bessy2hi_56m_PGM_2Perc_coupling_errors_off_RP.rml
2025-02-07 23:10:00,582 - INFO - Completed: 58, remaining: 2, RAYPy_Simulation_bessy2hi_56m_PGM_2Perc_coupling_errors_off_RP/round_1/55_bessy2hi_56m_PGM_2Perc_coupling_errors_off_RP.rml
2025-02-07 23:10:00,591 - INFO - Completed: 59, remaining: 1, RAYPy_Simulation_bessy2hi_56m_PGM_2Perc_coupling_errors_off_RP/round_1/52_bessy2hi_56m_PGM_2Perc_coupling_errors_off_RP.rml
2025-02-07 23:10:00,984 - INFO - Completed: 60, remaining: 0, RAYPy_Simulation_bessy2hi_56m_PGM_2Perc_coupling_errors_off_RP/round_1/56_bessy2hi_56m_PGM_2Perc_coupling_errors_off_RP.rml
2025-02-07 23:10:00,984 - INFO - Batch Completed
2025-02-07 23:10:00,985 - INFO - Waiting For batch, 60 simulations to go
2025-02-07 23:10:00,993 - INFO - Prepared sim number: 57: RAYPy_Simulation_bessy2hi_56m_PGM_2Perc_coupling_errors_off_RP/round_1/57_bessy2hi_56m_PGM_2Perc_coupling_errors_off_RP.rml
2025-02-07 23:10:01,004 - INFO - Prepared sim number: 58: RAYPy_Simulation_bessy2hi_56m_PGM_2Perc_coupling_errors_off_RP/round_1/58_bessy2hi_56m_PGM_2Perc_coupling_errors_off_RP.rml
2025-02-07 23:10:01,013 - INFO - Prepared sim number: 59: RAYPy_Simulation_bessy2hi_56m_PGM_2Perc_coupling_errors_off_RP/round_1/59_bessy2hi_56m_PGM_2Perc_coupling_errors_off_RP.rml
2025-02-07 23:10:01,025 - INFO - Prepared sim number: 60: RAYPy_Simulation_bessy2hi_56m_PGM_2Perc_coupling_errors_off_RP/round_1/60_bessy2hi_56m_PGM_2Perc_coupling_errors_off_RP.rml
2025-02-07 23:10:01,033 - INFO - Prepared sim number: 61: RAYPy_Simulation_bessy2hi_56m_PGM_2Perc_coupling_errors_off_RP/round_1/61_bessy2hi_56m_PGM_2Perc_coupling_errors_off_RP.rml
2025-02-07 23:10:01,041 - INFO - Prepared sim number: 62: RAYPy_Simulation_bessy2hi_56m_PGM_2Perc_coupling_errors_off_RP/round_1/62_bessy2hi_56m_PGM_2Perc_coupling_errors_off_RP.rml
2025-02-07 23:10:01,050 - INFO - Prepared sim number: 63: RAYPy_Simulation_bessy2hi_56m_PGM_2Perc_coupling_errors_off_RP/round_1/63_bessy2hi_56m_PGM_2Perc_coupling_errors_off_RP.rml
2025-02-07 23:10:01,057 - INFO - Prepared sim number: 64: RAYPy_Simulation_bessy2hi_56m_PGM_2Perc_coupling_errors_off_RP/round_1/64_bessy2hi_56m_PGM_2Perc_coupling_errors_off_RP.rml
2025-02-07 23:10:01,065 - INFO - Prepared sim number: 65: RAYPy_Simulation_bessy2hi_56m_PGM_2Perc_coupling_errors_off_RP/round_1/65_bessy2hi_56m_PGM_2Perc_coupling_errors_off_RP.rml
2025-02-07 23:10:01,072 - INFO - Prepared sim number: 66: RAYPy_Simulation_bessy2hi_56m_PGM_2Perc_coupling_errors_off_RP/round_1/66_bessy2hi_56m_PGM_2Perc_coupling_errors_off_RP.rml
2025-02-07 23:10:01,080 - INFO - Prepared sim number: 67: RAYPy_Simulation_bessy2hi_56m_PGM_2Perc_coupling_errors_off_RP/round_1/67_bessy2hi_56m_PGM_2Perc_coupling_errors_off_RP.rml
2025-02-07 23:10:01,090 - INFO - Prepared sim number: 68: RAYPy_Simulation_bessy2hi_56m_PGM_2Perc_coupling_errors_off_RP/round_1/68_bessy2hi_56m_PGM_2Perc_coupling_errors_off_RP.rml
2025-02-07 23:10:01,099 - INFO - Prepared sim number: 69: RAYPy_Simulation_bessy2hi_56m_PGM_2Perc_coupling_errors_off_RP/round_1/69_bessy2hi_56m_PGM_2Perc_coupling_errors_off_RP.rml
2025-02-07 23:10:01,107 - INFO - Prepared sim number: 70: RAYPy_Simulation_bessy2hi_56m_PGM_2Perc_coupling_errors_off_RP/round_1/70_bessy2hi_56m_PGM_2Perc_coupling_errors_off_RP.rml
2025-02-07 23:10:01,113 - INFO - Prepared sim number: 71: RAYPy_Simulation_bessy2hi_56m_PGM_2Perc_coupling_errors_off_RP/round_1/71_bessy2hi_56m_PGM_2Perc_coupling_errors_off_RP.rml
2025-02-07 23:10:01,119 - INFO - Prepared sim number: 72: RAYPy_Simulation_bessy2hi_56m_PGM_2Perc_coupling_errors_off_RP/round_1/72_bessy2hi_56m_PGM_2Perc_coupling_errors_off_RP.rml
2025-02-07 23:10:01,125 - INFO - Prepared sim number: 73: RAYPy_Simulation_bessy2hi_56m_PGM_2Perc_coupling_errors_off_RP/round_1/73_bessy2hi_56m_PGM_2Perc_coupling_errors_off_RP.rml
2025-02-07 23:10:01,132 - INFO - Prepared sim number: 74: RAYPy_Simulation_bessy2hi_56m_PGM_2Perc_coupling_errors_off_RP/round_1/74_bessy2hi_56m_PGM_2Perc_coupling_errors_off_RP.rml
2025-02-07 23:10:01,138 - INFO - Prepared sim number: 75: RAYPy_Simulation_bessy2hi_56m_PGM_2Perc_coupling_errors_off_RP/round_1/75_bessy2hi_56m_PGM_2Perc_coupling_errors_off_RP.rml
2025-02-07 23:10:01,144 - INFO - Prepared sim number: 76: RAYPy_Simulation_bessy2hi_56m_PGM_2Perc_coupling_errors_off_RP/round_1/76_bessy2hi_56m_PGM_2Perc_coupling_errors_off_RP.rml
2025-02-07 23:10:01,150 - INFO - Prepared sim number: 77: RAYPy_Simulation_bessy2hi_56m_PGM_2Perc_coupling_errors_off_RP/round_1/77_bessy2hi_56m_PGM_2Perc_coupling_errors_off_RP.rml
2025-02-07 23:10:01,157 - INFO - Prepared sim number: 78: RAYPy_Simulation_bessy2hi_56m_PGM_2Perc_coupling_errors_off_RP/round_1/78_bessy2hi_56m_PGM_2Perc_coupling_errors_off_RP.rml
2025-02-07 23:10:01,164 - INFO - Prepared sim number: 79: RAYPy_Simulation_bessy2hi_56m_PGM_2Perc_coupling_errors_off_RP/round_1/79_bessy2hi_56m_PGM_2Perc_coupling_errors_off_RP.rml
2025-02-07 23:10:01,170 - INFO - Prepared sim number: 80: RAYPy_Simulation_bessy2hi_56m_PGM_2Perc_coupling_errors_off_RP/round_1/80_bessy2hi_56m_PGM_2Perc_coupling_errors_off_RP.rml
2025-02-07 23:10:01,176 - INFO - Prepared sim number: 81: RAYPy_Simulation_bessy2hi_56m_PGM_2Perc_coupling_errors_off_RP/round_1/81_bessy2hi_56m_PGM_2Perc_coupling_errors_off_RP.rml
2025-02-07 23:10:01,183 - INFO - Prepared sim number: 82: RAYPy_Simulation_bessy2hi_56m_PGM_2Perc_coupling_errors_off_RP/round_1/82_bessy2hi_56m_PGM_2Perc_coupling_errors_off_RP.rml
2025-02-07 23:10:01,191 - INFO - Prepared sim number: 83: RAYPy_Simulation_bessy2hi_56m_PGM_2Perc_coupling_errors_off_RP/round_1/83_bessy2hi_56m_PGM_2Perc_coupling_errors_off_RP.rml
2025-02-07 23:10:01,198 - INFO - Prepared sim number: 84: RAYPy_Simulation_bessy2hi_56m_PGM_2Perc_coupling_errors_off_RP/round_1/84_bessy2hi_56m_PGM_2Perc_coupling_errors_off_RP.rml
2025-02-07 23:10:01,205 - INFO - Prepared sim number: 85: RAYPy_Simulation_bessy2hi_56m_PGM_2Perc_coupling_errors_off_RP/round_1/85_bessy2hi_56m_PGM_2Perc_coupling_errors_off_RP.rml
2025-02-07 23:10:01,212 - INFO - Prepared sim number: 86: RAYPy_Simulation_bessy2hi_56m_PGM_2Perc_coupling_errors_off_RP/round_1/86_bessy2hi_56m_PGM_2Perc_coupling_errors_off_RP.rml
2025-02-07 23:10:01,220 - INFO - Prepared sim number: 87: RAYPy_Simulation_bessy2hi_56m_PGM_2Perc_coupling_errors_off_RP/round_1/87_bessy2hi_56m_PGM_2Perc_coupling_errors_off_RP.rml
2025-02-07 23:10:01,228 - INFO - Prepared sim number: 88: RAYPy_Simulation_bessy2hi_56m_PGM_2Perc_coupling_errors_off_RP/round_1/88_bessy2hi_56m_PGM_2Perc_coupling_errors_off_RP.rml
2025-02-07 23:10:01,235 - INFO - Prepared sim number: 89: RAYPy_Simulation_bessy2hi_56m_PGM_2Perc_coupling_errors_off_RP/round_1/89_bessy2hi_56m_PGM_2Perc_coupling_errors_off_RP.rml
2025-02-07 23:10:01,243 - INFO - Prepared sim number: 90: RAYPy_Simulation_bessy2hi_56m_PGM_2Perc_coupling_errors_off_RP/round_1/90_bessy2hi_56m_PGM_2Perc_coupling_errors_off_RP.rml
2025-02-07 23:10:01,251 - INFO - Prepared sim number: 91: RAYPy_Simulation_bessy2hi_56m_PGM_2Perc_coupling_errors_off_RP/round_1/91_bessy2hi_56m_PGM_2Perc_coupling_errors_off_RP.rml
2025-02-07 23:10:01,259 - INFO - Prepared sim number: 92: RAYPy_Simulation_bessy2hi_56m_PGM_2Perc_coupling_errors_off_RP/round_1/92_bessy2hi_56m_PGM_2Perc_coupling_errors_off_RP.rml
2025-02-07 23:10:01,267 - INFO - Prepared sim number: 93: RAYPy_Simulation_bessy2hi_56m_PGM_2Perc_coupling_errors_off_RP/round_1/93_bessy2hi_56m_PGM_2Perc_coupling_errors_off_RP.rml
2025-02-07 23:10:01,275 - INFO - Prepared sim number: 94: RAYPy_Simulation_bessy2hi_56m_PGM_2Perc_coupling_errors_off_RP/round_1/94_bessy2hi_56m_PGM_2Perc_coupling_errors_off_RP.rml
2025-02-07 23:10:01,283 - INFO - Prepared sim number: 95: RAYPy_Simulation_bessy2hi_56m_PGM_2Perc_coupling_errors_off_RP/round_1/95_bessy2hi_56m_PGM_2Perc_coupling_errors_off_RP.rml
2025-02-07 23:10:01,290 - INFO - Prepared sim number: 96: RAYPy_Simulation_bessy2hi_56m_PGM_2Perc_coupling_errors_off_RP/round_1/96_bessy2hi_56m_PGM_2Perc_coupling_errors_off_RP.rml
2025-02-07 23:10:01,298 - INFO - Prepared sim number: 97: RAYPy_Simulation_bessy2hi_56m_PGM_2Perc_coupling_errors_off_RP/round_1/97_bessy2hi_56m_PGM_2Perc_coupling_errors_off_RP.rml
2025-02-07 23:10:01,305 - INFO - Prepared sim number: 98: RAYPy_Simulation_bessy2hi_56m_PGM_2Perc_coupling_errors_off_RP/round_1/98_bessy2hi_56m_PGM_2Perc_coupling_errors_off_RP.rml
2025-02-07 23:10:01,312 - INFO - Prepared sim number: 99: RAYPy_Simulation_bessy2hi_56m_PGM_2Perc_coupling_errors_off_RP/round_1/99_bessy2hi_56m_PGM_2Perc_coupling_errors_off_RP.rml
2025-02-07 23:10:01,319 - INFO - Prepared sim number: 100: RAYPy_Simulation_bessy2hi_56m_PGM_2Perc_coupling_errors_off_RP/round_1/100_bessy2hi_56m_PGM_2Perc_coupling_errors_off_RP.rml
2025-02-07 23:10:01,327 - INFO - Prepared sim number: 101: RAYPy_Simulation_bessy2hi_56m_PGM_2Perc_coupling_errors_off_RP/round_1/101_bessy2hi_56m_PGM_2Perc_coupling_errors_off_RP.rml
2025-02-07 23:10:01,334 - INFO - Prepared sim number: 102: RAYPy_Simulation_bessy2hi_56m_PGM_2Perc_coupling_errors_off_RP/round_1/102_bessy2hi_56m_PGM_2Perc_coupling_errors_off_RP.rml
2025-02-07 23:10:01,343 - INFO - Prepared sim number: 103: RAYPy_Simulation_bessy2hi_56m_PGM_2Perc_coupling_errors_off_RP/round_1/103_bessy2hi_56m_PGM_2Perc_coupling_errors_off_RP.rml
2025-02-07 23:10:01,351 - INFO - Prepared sim number: 104: RAYPy_Simulation_bessy2hi_56m_PGM_2Perc_coupling_errors_off_RP/round_1/104_bessy2hi_56m_PGM_2Perc_coupling_errors_off_RP.rml
2025-02-07 23:10:01,358 - INFO - Prepared sim number: 105: RAYPy_Simulation_bessy2hi_56m_PGM_2Perc_coupling_errors_off_RP/round_1/105_bessy2hi_56m_PGM_2Perc_coupling_errors_off_RP.rml
2025-02-07 23:10:01,365 - INFO - Prepared sim number: 106: RAYPy_Simulation_bessy2hi_56m_PGM_2Perc_coupling_errors_off_RP/round_1/106_bessy2hi_56m_PGM_2Perc_coupling_errors_off_RP.rml
2025-02-07 23:10:01,372 - INFO - Prepared sim number: 107: RAYPy_Simulation_bessy2hi_56m_PGM_2Perc_coupling_errors_off_RP/round_1/107_bessy2hi_56m_PGM_2Perc_coupling_errors_off_RP.rml
2025-02-07 23:10:01,378 - INFO - Prepared sim number: 108: RAYPy_Simulation_bessy2hi_56m_PGM_2Perc_coupling_errors_off_RP/round_1/108_bessy2hi_56m_PGM_2Perc_coupling_errors_off_RP.rml
2025-02-07 23:10:01,385 - INFO - Prepared sim number: 109: RAYPy_Simulation_bessy2hi_56m_PGM_2Perc_coupling_errors_off_RP/round_1/109_bessy2hi_56m_PGM_2Perc_coupling_errors_off_RP.rml
2025-02-07 23:10:01,391 - INFO - Prepared sim number: 110: RAYPy_Simulation_bessy2hi_56m_PGM_2Perc_coupling_errors_off_RP/round_1/110_bessy2hi_56m_PGM_2Perc_coupling_errors_off_RP.rml
2025-02-07 23:10:01,398 - INFO - Prepared sim number: 111: RAYPy_Simulation_bessy2hi_56m_PGM_2Perc_coupling_errors_off_RP/round_1/111_bessy2hi_56m_PGM_2Perc_coupling_errors_off_RP.rml
2025-02-07 23:10:01,406 - INFO - Prepared sim number: 112: RAYPy_Simulation_bessy2hi_56m_PGM_2Perc_coupling_errors_off_RP/round_1/112_bessy2hi_56m_PGM_2Perc_coupling_errors_off_RP.rml
2025-02-07 23:10:01,414 - INFO - Prepared sim number: 113: RAYPy_Simulation_bessy2hi_56m_PGM_2Perc_coupling_errors_off_RP/round_1/113_bessy2hi_56m_PGM_2Perc_coupling_errors_off_RP.rml
2025-02-07 23:10:01,420 - INFO - Prepared sim number: 114: RAYPy_Simulation_bessy2hi_56m_PGM_2Perc_coupling_errors_off_RP/round_1/114_bessy2hi_56m_PGM_2Perc_coupling_errors_off_RP.rml
2025-02-07 23:10:01,426 - INFO - Prepared sim number: 115: RAYPy_Simulation_bessy2hi_56m_PGM_2Perc_coupling_errors_off_RP/round_1/115_bessy2hi_56m_PGM_2Perc_coupling_errors_off_RP.rml
2025-02-07 23:10:01,434 - INFO - Prepared sim number: 116: RAYPy_Simulation_bessy2hi_56m_PGM_2Perc_coupling_errors_off_RP/round_1/116_bessy2hi_56m_PGM_2Perc_coupling_errors_off_RP.rml
2025-02-07 23:10:01,434 - INFO - Waiting for batch number: 3, timeout: 22.575185950597124s
2025-02-07 23:10:04,241 - INFO - Completed: 1, remaining: 59, RAYPy_Simulation_bessy2hi_56m_PGM_2Perc_coupling_errors_off_RP/round_1/62_bessy2hi_56m_PGM_2Perc_coupling_errors_off_RP.rml
2025-02-07 23:10:04,313 - INFO - Completed: 2, remaining: 58, RAYPy_Simulation_bessy2hi_56m_PGM_2Perc_coupling_errors_off_RP/round_1/65_bessy2hi_56m_PGM_2Perc_coupling_errors_off_RP.rml
2025-02-07 23:10:04,338 - INFO - Completed: 3, remaining: 57, RAYPy_Simulation_bessy2hi_56m_PGM_2Perc_coupling_errors_off_RP/round_1/57_bessy2hi_56m_PGM_2Perc_coupling_errors_off_RP.rml
2025-02-07 23:10:04,410 - INFO - Completed: 4, remaining: 56, RAYPy_Simulation_bessy2hi_56m_PGM_2Perc_coupling_errors_off_RP/round_1/66_bessy2hi_56m_PGM_2Perc_coupling_errors_off_RP.rml
2025-02-07 23:10:04,436 - INFO - Completed: 5, remaining: 55, RAYPy_Simulation_bessy2hi_56m_PGM_2Perc_coupling_errors_off_RP/round_1/58_bessy2hi_56m_PGM_2Perc_coupling_errors_off_RP.rml
2025-02-07 23:10:04,638 - INFO - Completed: 6, remaining: 54, RAYPy_Simulation_bessy2hi_56m_PGM_2Perc_coupling_errors_off_RP/round_1/68_bessy2hi_56m_PGM_2Perc_coupling_errors_off_RP.rml
2025-02-07 23:10:04,696 - INFO - Completed: 7, remaining: 53, RAYPy_Simulation_bessy2hi_56m_PGM_2Perc_coupling_errors_off_RP/round_1/60_bessy2hi_56m_PGM_2Perc_coupling_errors_off_RP.rml
2025-02-07 23:10:05,110 - INFO - Completed: 8, remaining: 52, RAYPy_Simulation_bessy2hi_56m_PGM_2Perc_coupling_errors_off_RP/round_1/61_bessy2hi_56m_PGM_2Perc_coupling_errors_off_RP.rml
2025-02-07 23:10:06,776 - INFO - Completed: 9, remaining: 51, RAYPy_Simulation_bessy2hi_56m_PGM_2Perc_coupling_errors_off_RP/round_1/59_bessy2hi_56m_PGM_2Perc_coupling_errors_off_RP.rml
2025-02-07 23:10:06,822 - INFO - Completed: 10, remaining: 50, RAYPy_Simulation_bessy2hi_56m_PGM_2Perc_coupling_errors_off_RP/round_1/63_bessy2hi_56m_PGM_2Perc_coupling_errors_off_RP.rml
2025-02-07 23:10:06,911 - INFO - Completed: 11, remaining: 49, RAYPy_Simulation_bessy2hi_56m_PGM_2Perc_coupling_errors_off_RP/round_1/67_bessy2hi_56m_PGM_2Perc_coupling_errors_off_RP.rml
2025-02-07 23:10:07,895 - INFO - Completed: 12, remaining: 48, RAYPy_Simulation_bessy2hi_56m_PGM_2Perc_coupling_errors_off_RP/round_1/69_bessy2hi_56m_PGM_2Perc_coupling_errors_off_RP.rml
2025-02-07 23:10:07,983 - INFO - Completed: 13, remaining: 47, RAYPy_Simulation_bessy2hi_56m_PGM_2Perc_coupling_errors_off_RP/round_1/64_bessy2hi_56m_PGM_2Perc_coupling_errors_off_RP.rml
2025-02-07 23:10:08,131 - INFO - Completed: 14, remaining: 46, RAYPy_Simulation_bessy2hi_56m_PGM_2Perc_coupling_errors_off_RP/round_1/70_bessy2hi_56m_PGM_2Perc_coupling_errors_off_RP.rml
2025-02-07 23:10:08,327 - INFO - Completed: 15, remaining: 45, RAYPy_Simulation_bessy2hi_56m_PGM_2Perc_coupling_errors_off_RP/round_1/71_bessy2hi_56m_PGM_2Perc_coupling_errors_off_RP.rml
2025-02-07 23:10:08,344 - INFO - Completed: 16, remaining: 44, RAYPy_Simulation_bessy2hi_56m_PGM_2Perc_coupling_errors_off_RP/round_1/73_bessy2hi_56m_PGM_2Perc_coupling_errors_off_RP.rml
2025-02-07 23:10:08,479 - INFO - Completed: 17, remaining: 43, RAYPy_Simulation_bessy2hi_56m_PGM_2Perc_coupling_errors_off_RP/round_1/72_bessy2hi_56m_PGM_2Perc_coupling_errors_off_RP.rml
2025-02-07 23:10:08,520 - INFO - Completed: 18, remaining: 42, RAYPy_Simulation_bessy2hi_56m_PGM_2Perc_coupling_errors_off_RP/round_1/74_bessy2hi_56m_PGM_2Perc_coupling_errors_off_RP.rml
2025-02-07 23:10:08,621 - INFO - Completed: 19, remaining: 41, RAYPy_Simulation_bessy2hi_56m_PGM_2Perc_coupling_errors_off_RP/round_1/75_bessy2hi_56m_PGM_2Perc_coupling_errors_off_RP.rml
2025-02-07 23:10:09,009 - INFO - Completed: 20, remaining: 40, RAYPy_Simulation_bessy2hi_56m_PGM_2Perc_coupling_errors_off_RP/round_1/76_bessy2hi_56m_PGM_2Perc_coupling_errors_off_RP.rml
2025-02-07 23:10:10,630 - INFO - Completed: 21, remaining: 39, RAYPy_Simulation_bessy2hi_56m_PGM_2Perc_coupling_errors_off_RP/round_1/78_bessy2hi_56m_PGM_2Perc_coupling_errors_off_RP.rml
2025-02-07 23:10:10,652 - INFO - Completed: 22, remaining: 38, RAYPy_Simulation_bessy2hi_56m_PGM_2Perc_coupling_errors_off_RP/round_1/77_bessy2hi_56m_PGM_2Perc_coupling_errors_off_RP.rml
2025-02-07 23:10:10,742 - INFO - Completed: 23, remaining: 37, RAYPy_Simulation_bessy2hi_56m_PGM_2Perc_coupling_errors_off_RP/round_1/79_bessy2hi_56m_PGM_2Perc_coupling_errors_off_RP.rml
2025-02-07 23:10:11,611 - INFO - Completed: 24, remaining: 36, RAYPy_Simulation_bessy2hi_56m_PGM_2Perc_coupling_errors_off_RP/round_1/81_bessy2hi_56m_PGM_2Perc_coupling_errors_off_RP.rml
2025-02-07 23:10:11,648 - INFO - Completed: 25, remaining: 35, RAYPy_Simulation_bessy2hi_56m_PGM_2Perc_coupling_errors_off_RP/round_1/80_bessy2hi_56m_PGM_2Perc_coupling_errors_off_RP.rml
2025-02-07 23:10:11,746 - INFO - Completed: 26, remaining: 34, RAYPy_Simulation_bessy2hi_56m_PGM_2Perc_coupling_errors_off_RP/round_1/82_bessy2hi_56m_PGM_2Perc_coupling_errors_off_RP.rml
2025-02-07 23:10:11,881 - INFO - Completed: 27, remaining: 33, RAYPy_Simulation_bessy2hi_56m_PGM_2Perc_coupling_errors_off_RP/round_1/84_bessy2hi_56m_PGM_2Perc_coupling_errors_off_RP.rml
2025-02-07 23:10:11,895 - INFO - Completed: 28, remaining: 32, RAYPy_Simulation_bessy2hi_56m_PGM_2Perc_coupling_errors_off_RP/round_1/83_bessy2hi_56m_PGM_2Perc_coupling_errors_off_RP.rml
2025-02-07 23:10:12,064 - INFO - Completed: 29, remaining: 31, RAYPy_Simulation_bessy2hi_56m_PGM_2Perc_coupling_errors_off_RP/round_1/86_bessy2hi_56m_PGM_2Perc_coupling_errors_off_RP.rml
2025-02-07 23:10:12,304 - INFO - Completed: 30, remaining: 30, RAYPy_Simulation_bessy2hi_56m_PGM_2Perc_coupling_errors_off_RP/round_1/88_bessy2hi_56m_PGM_2Perc_coupling_errors_off_RP.rml
2025-02-07 23:10:12,402 - INFO - Completed: 31, remaining: 29, RAYPy_Simulation_bessy2hi_56m_PGM_2Perc_coupling_errors_off_RP/round_1/87_bessy2hi_56m_PGM_2Perc_coupling_errors_off_RP.rml
2025-02-07 23:10:13,060 - INFO - Completed: 32, remaining: 28, RAYPy_Simulation_bessy2hi_56m_PGM_2Perc_coupling_errors_off_RP/round_1/85_bessy2hi_56m_PGM_2Perc_coupling_errors_off_RP.rml
2025-02-07 23:10:14,101 - INFO - Completed: 33, remaining: 27, RAYPy_Simulation_bessy2hi_56m_PGM_2Perc_coupling_errors_off_RP/round_1/91_bessy2hi_56m_PGM_2Perc_coupling_errors_off_RP.rml
2025-02-07 23:10:14,222 - INFO - Completed: 34, remaining: 26, RAYPy_Simulation_bessy2hi_56m_PGM_2Perc_coupling_errors_off_RP/round_1/89_bessy2hi_56m_PGM_2Perc_coupling_errors_off_RP.rml
2025-02-07 23:10:14,277 - INFO - Completed: 35, remaining: 25, RAYPy_Simulation_bessy2hi_56m_PGM_2Perc_coupling_errors_off_RP/round_1/90_bessy2hi_56m_PGM_2Perc_coupling_errors_off_RP.rml
2025-02-07 23:10:14,956 - INFO - Completed: 36, remaining: 24, RAYPy_Simulation_bessy2hi_56m_PGM_2Perc_coupling_errors_off_RP/round_1/93_bessy2hi_56m_PGM_2Perc_coupling_errors_off_RP.rml
2025-02-07 23:10:15,112 - INFO - Completed: 37, remaining: 23, RAYPy_Simulation_bessy2hi_56m_PGM_2Perc_coupling_errors_off_RP/round_1/92_bessy2hi_56m_PGM_2Perc_coupling_errors_off_RP.rml
2025-02-07 23:10:15,168 - INFO - Completed: 38, remaining: 22, RAYPy_Simulation_bessy2hi_56m_PGM_2Perc_coupling_errors_off_RP/round_1/94_bessy2hi_56m_PGM_2Perc_coupling_errors_off_RP.rml
2025-02-07 23:10:15,469 - INFO - Completed: 39, remaining: 21, RAYPy_Simulation_bessy2hi_56m_PGM_2Perc_coupling_errors_off_RP/round_1/95_bessy2hi_56m_PGM_2Perc_coupling_errors_off_RP.rml
2025-02-07 23:10:15,495 - INFO - Completed: 40, remaining: 20, RAYPy_Simulation_bessy2hi_56m_PGM_2Perc_coupling_errors_off_RP/round_1/97_bessy2hi_56m_PGM_2Perc_coupling_errors_off_RP.rml
2025-02-07 23:10:15,624 - INFO - Completed: 41, remaining: 19, RAYPy_Simulation_bessy2hi_56m_PGM_2Perc_coupling_errors_off_RP/round_1/98_bessy2hi_56m_PGM_2Perc_coupling_errors_off_RP.rml
2025-02-07 23:10:15,769 - INFO - Completed: 42, remaining: 18, RAYPy_Simulation_bessy2hi_56m_PGM_2Perc_coupling_errors_off_RP/round_1/96_bessy2hi_56m_PGM_2Perc_coupling_errors_off_RP.rml
2025-02-07 23:10:16,119 - INFO - Completed: 43, remaining: 17, RAYPy_Simulation_bessy2hi_56m_PGM_2Perc_coupling_errors_off_RP/round_1/99_bessy2hi_56m_PGM_2Perc_coupling_errors_off_RP.rml
2025-02-07 23:10:16,411 - INFO - Completed: 44, remaining: 16, RAYPy_Simulation_bessy2hi_56m_PGM_2Perc_coupling_errors_off_RP/round_1/100_bessy2hi_56m_PGM_2Perc_coupling_errors_off_RP.rml
2025-02-07 23:10:17,623 - INFO - Completed: 45, remaining: 15, RAYPy_Simulation_bessy2hi_56m_PGM_2Perc_coupling_errors_off_RP/round_1/101_bessy2hi_56m_PGM_2Perc_coupling_errors_off_RP.rml
2025-02-07 23:10:17,857 - INFO - Completed: 46, remaining: 14, RAYPy_Simulation_bessy2hi_56m_PGM_2Perc_coupling_errors_off_RP/round_1/102_bessy2hi_56m_PGM_2Perc_coupling_errors_off_RP.rml
2025-02-07 23:10:17,990 - INFO - Completed: 47, remaining: 13, RAYPy_Simulation_bessy2hi_56m_PGM_2Perc_coupling_errors_off_RP/round_1/103_bessy2hi_56m_PGM_2Perc_coupling_errors_off_RP.rml
2025-02-07 23:10:18,325 - INFO - Completed: 48, remaining: 12, RAYPy_Simulation_bessy2hi_56m_PGM_2Perc_coupling_errors_off_RP/round_1/104_bessy2hi_56m_PGM_2Perc_coupling_errors_off_RP.rml
2025-02-07 23:10:18,502 - INFO - Completed: 49, remaining: 11, RAYPy_Simulation_bessy2hi_56m_PGM_2Perc_coupling_errors_off_RP/round_1/105_bessy2hi_56m_PGM_2Perc_coupling_errors_off_RP.rml
2025-02-07 23:10:18,764 - INFO - Completed: 50, remaining: 10, RAYPy_Simulation_bessy2hi_56m_PGM_2Perc_coupling_errors_off_RP/round_1/106_bessy2hi_56m_PGM_2Perc_coupling_errors_off_RP.rml
2025-02-07 23:10:18,878 - INFO - Completed: 51, remaining: 9, RAYPy_Simulation_bessy2hi_56m_PGM_2Perc_coupling_errors_off_RP/round_1/107_bessy2hi_56m_PGM_2Perc_coupling_errors_off_RP.rml
2025-02-07 23:10:18,936 - INFO - Completed: 52, remaining: 8, RAYPy_Simulation_bessy2hi_56m_PGM_2Perc_coupling_errors_off_RP/round_1/109_bessy2hi_56m_PGM_2Perc_coupling_errors_off_RP.rml
2025-02-07 23:10:19,329 - INFO - Completed: 53, remaining: 7, RAYPy_Simulation_bessy2hi_56m_PGM_2Perc_coupling_errors_off_RP/round_1/110_bessy2hi_56m_PGM_2Perc_coupling_errors_off_RP.rml
2025-02-07 23:10:19,515 - INFO - Completed: 54, remaining: 6, RAYPy_Simulation_bessy2hi_56m_PGM_2Perc_coupling_errors_off_RP/round_1/108_bessy2hi_56m_PGM_2Perc_coupling_errors_off_RP.rml
2025-02-07 23:10:19,631 - INFO - Completed: 55, remaining: 5, RAYPy_Simulation_bessy2hi_56m_PGM_2Perc_coupling_errors_off_RP/round_1/111_bessy2hi_56m_PGM_2Perc_coupling_errors_off_RP.rml
2025-02-07 23:10:19,766 - INFO - Completed: 56, remaining: 4, RAYPy_Simulation_bessy2hi_56m_PGM_2Perc_coupling_errors_off_RP/round_1/112_bessy2hi_56m_PGM_2Perc_coupling_errors_off_RP.rml
2025-02-07 23:10:20,527 - INFO - Completed: 57, remaining: 3, RAYPy_Simulation_bessy2hi_56m_PGM_2Perc_coupling_errors_off_RP/round_1/113_bessy2hi_56m_PGM_2Perc_coupling_errors_off_RP.rml
2025-02-07 23:10:20,645 - INFO - Completed: 58, remaining: 2, RAYPy_Simulation_bessy2hi_56m_PGM_2Perc_coupling_errors_off_RP/round_1/114_bessy2hi_56m_PGM_2Perc_coupling_errors_off_RP.rml
2025-02-07 23:10:20,708 - INFO - Completed: 59, remaining: 1, RAYPy_Simulation_bessy2hi_56m_PGM_2Perc_coupling_errors_off_RP/round_1/115_bessy2hi_56m_PGM_2Perc_coupling_errors_off_RP.rml
2025-02-07 23:10:20,868 - INFO - Completed: 60, remaining: 0, RAYPy_Simulation_bessy2hi_56m_PGM_2Perc_coupling_errors_off_RP/round_1/116_bessy2hi_56m_PGM_2Perc_coupling_errors_off_RP.rml
2025-02-07 23:10:20,868 - INFO - Batch Completed
2025-02-07 23:10:20,868 - INFO - Waiting For batch, 60 simulations to go
2025-02-07 23:10:20,875 - INFO - Prepared sim number: 117: RAYPy_Simulation_bessy2hi_56m_PGM_2Perc_coupling_errors_off_RP/round_1/117_bessy2hi_56m_PGM_2Perc_coupling_errors_off_RP.rml
2025-02-07 23:10:20,888 - INFO - Prepared sim number: 118: RAYPy_Simulation_bessy2hi_56m_PGM_2Perc_coupling_errors_off_RP/round_1/118_bessy2hi_56m_PGM_2Perc_coupling_errors_off_RP.rml
2025-02-07 23:10:20,896 - INFO - Prepared sim number: 119: RAYPy_Simulation_bessy2hi_56m_PGM_2Perc_coupling_errors_off_RP/round_1/119_bessy2hi_56m_PGM_2Perc_coupling_errors_off_RP.rml
2025-02-07 23:10:20,909 - INFO - Prepared sim number: 120: RAYPy_Simulation_bessy2hi_56m_PGM_2Perc_coupling_errors_off_RP/round_1/120_bessy2hi_56m_PGM_2Perc_coupling_errors_off_RP.rml
2025-02-07 23:10:20,918 - INFO - Prepared sim number: 121: RAYPy_Simulation_bessy2hi_56m_PGM_2Perc_coupling_errors_off_RP/round_1/121_bessy2hi_56m_PGM_2Perc_coupling_errors_off_RP.rml
2025-02-07 23:10:20,927 - INFO - Prepared sim number: 122: RAYPy_Simulation_bessy2hi_56m_PGM_2Perc_coupling_errors_off_RP/round_1/122_bessy2hi_56m_PGM_2Perc_coupling_errors_off_RP.rml
2025-02-07 23:10:20,928 - INFO - Start round 2
2025-02-07 23:10:20,936 - INFO - Prepared sim number: 0: RAYPy_Simulation_bessy2hi_56m_PGM_2Perc_coupling_errors_off_RP/round_2/0_bessy2hi_56m_PGM_2Perc_coupling_errors_off_RP.rml
2025-02-07 23:10:20,943 - INFO - Prepared sim number: 1: RAYPy_Simulation_bessy2hi_56m_PGM_2Perc_coupling_errors_off_RP/round_2/1_bessy2hi_56m_PGM_2Perc_coupling_errors_off_RP.rml
2025-02-07 23:10:20,951 - INFO - Prepared sim number: 2: RAYPy_Simulation_bessy2hi_56m_PGM_2Perc_coupling_errors_off_RP/round_2/2_bessy2hi_56m_PGM_2Perc_coupling_errors_off_RP.rml
2025-02-07 23:10:20,960 - INFO - Prepared sim number: 3: RAYPy_Simulation_bessy2hi_56m_PGM_2Perc_coupling_errors_off_RP/round_2/3_bessy2hi_56m_PGM_2Perc_coupling_errors_off_RP.rml
2025-02-07 23:10:20,969 - INFO - Prepared sim number: 4: RAYPy_Simulation_bessy2hi_56m_PGM_2Perc_coupling_errors_off_RP/round_2/4_bessy2hi_56m_PGM_2Perc_coupling_errors_off_RP.rml
2025-02-07 23:10:20,977 - INFO - Prepared sim number: 5: RAYPy_Simulation_bessy2hi_56m_PGM_2Perc_coupling_errors_off_RP/round_2/5_bessy2hi_56m_PGM_2Perc_coupling_errors_off_RP.rml
2025-02-07 23:10:20,984 - INFO - Prepared sim number: 6: RAYPy_Simulation_bessy2hi_56m_PGM_2Perc_coupling_errors_off_RP/round_2/6_bessy2hi_56m_PGM_2Perc_coupling_errors_off_RP.rml
2025-02-07 23:10:20,993 - INFO - Prepared sim number: 7: RAYPy_Simulation_bessy2hi_56m_PGM_2Perc_coupling_errors_off_RP/round_2/7_bessy2hi_56m_PGM_2Perc_coupling_errors_off_RP.rml
2025-02-07 23:10:21,000 - INFO - Prepared sim number: 8: RAYPy_Simulation_bessy2hi_56m_PGM_2Perc_coupling_errors_off_RP/round_2/8_bessy2hi_56m_PGM_2Perc_coupling_errors_off_RP.rml
2025-02-07 23:10:21,007 - INFO - Prepared sim number: 9: RAYPy_Simulation_bessy2hi_56m_PGM_2Perc_coupling_errors_off_RP/round_2/9_bessy2hi_56m_PGM_2Perc_coupling_errors_off_RP.rml
2025-02-07 23:10:21,013 - INFO - Prepared sim number: 10: RAYPy_Simulation_bessy2hi_56m_PGM_2Perc_coupling_errors_off_RP/round_2/10_bessy2hi_56m_PGM_2Perc_coupling_errors_off_RP.rml
2025-02-07 23:10:21,020 - INFO - Prepared sim number: 11: RAYPy_Simulation_bessy2hi_56m_PGM_2Perc_coupling_errors_off_RP/round_2/11_bessy2hi_56m_PGM_2Perc_coupling_errors_off_RP.rml
2025-02-07 23:10:21,026 - INFO - Prepared sim number: 12: RAYPy_Simulation_bessy2hi_56m_PGM_2Perc_coupling_errors_off_RP/round_2/12_bessy2hi_56m_PGM_2Perc_coupling_errors_off_RP.rml
2025-02-07 23:10:21,033 - INFO - Prepared sim number: 13: RAYPy_Simulation_bessy2hi_56m_PGM_2Perc_coupling_errors_off_RP/round_2/13_bessy2hi_56m_PGM_2Perc_coupling_errors_off_RP.rml
2025-02-07 23:10:21,039 - INFO - Prepared sim number: 14: RAYPy_Simulation_bessy2hi_56m_PGM_2Perc_coupling_errors_off_RP/round_2/14_bessy2hi_56m_PGM_2Perc_coupling_errors_off_RP.rml
2025-02-07 23:10:21,045 - INFO - Prepared sim number: 15: RAYPy_Simulation_bessy2hi_56m_PGM_2Perc_coupling_errors_off_RP/round_2/15_bessy2hi_56m_PGM_2Perc_coupling_errors_off_RP.rml
2025-02-07 23:10:21,051 - INFO - Prepared sim number: 16: RAYPy_Simulation_bessy2hi_56m_PGM_2Perc_coupling_errors_off_RP/round_2/16_bessy2hi_56m_PGM_2Perc_coupling_errors_off_RP.rml
2025-02-07 23:10:21,058 - INFO - Prepared sim number: 17: RAYPy_Simulation_bessy2hi_56m_PGM_2Perc_coupling_errors_off_RP/round_2/17_bessy2hi_56m_PGM_2Perc_coupling_errors_off_RP.rml
2025-02-07 23:10:21,064 - INFO - Prepared sim number: 18: RAYPy_Simulation_bessy2hi_56m_PGM_2Perc_coupling_errors_off_RP/round_2/18_bessy2hi_56m_PGM_2Perc_coupling_errors_off_RP.rml
2025-02-07 23:10:21,072 - INFO - Prepared sim number: 19: RAYPy_Simulation_bessy2hi_56m_PGM_2Perc_coupling_errors_off_RP/round_2/19_bessy2hi_56m_PGM_2Perc_coupling_errors_off_RP.rml
2025-02-07 23:10:21,079 - INFO - Prepared sim number: 20: RAYPy_Simulation_bessy2hi_56m_PGM_2Perc_coupling_errors_off_RP/round_2/20_bessy2hi_56m_PGM_2Perc_coupling_errors_off_RP.rml
2025-02-07 23:10:21,087 - INFO - Prepared sim number: 21: RAYPy_Simulation_bessy2hi_56m_PGM_2Perc_coupling_errors_off_RP/round_2/21_bessy2hi_56m_PGM_2Perc_coupling_errors_off_RP.rml
2025-02-07 23:10:21,094 - INFO - Prepared sim number: 22: RAYPy_Simulation_bessy2hi_56m_PGM_2Perc_coupling_errors_off_RP/round_2/22_bessy2hi_56m_PGM_2Perc_coupling_errors_off_RP.rml
2025-02-07 23:10:21,101 - INFO - Prepared sim number: 23: RAYPy_Simulation_bessy2hi_56m_PGM_2Perc_coupling_errors_off_RP/round_2/23_bessy2hi_56m_PGM_2Perc_coupling_errors_off_RP.rml
2025-02-07 23:10:21,107 - INFO - Prepared sim number: 24: RAYPy_Simulation_bessy2hi_56m_PGM_2Perc_coupling_errors_off_RP/round_2/24_bessy2hi_56m_PGM_2Perc_coupling_errors_off_RP.rml
2025-02-07 23:10:21,114 - INFO - Prepared sim number: 25: RAYPy_Simulation_bessy2hi_56m_PGM_2Perc_coupling_errors_off_RP/round_2/25_bessy2hi_56m_PGM_2Perc_coupling_errors_off_RP.rml
2025-02-07 23:10:21,121 - INFO - Prepared sim number: 26: RAYPy_Simulation_bessy2hi_56m_PGM_2Perc_coupling_errors_off_RP/round_2/26_bessy2hi_56m_PGM_2Perc_coupling_errors_off_RP.rml
2025-02-07 23:10:21,127 - INFO - Prepared sim number: 27: RAYPy_Simulation_bessy2hi_56m_PGM_2Perc_coupling_errors_off_RP/round_2/27_bessy2hi_56m_PGM_2Perc_coupling_errors_off_RP.rml
2025-02-07 23:10:21,135 - INFO - Prepared sim number: 28: RAYPy_Simulation_bessy2hi_56m_PGM_2Perc_coupling_errors_off_RP/round_2/28_bessy2hi_56m_PGM_2Perc_coupling_errors_off_RP.rml
2025-02-07 23:10:21,142 - INFO - Prepared sim number: 29: RAYPy_Simulation_bessy2hi_56m_PGM_2Perc_coupling_errors_off_RP/round_2/29_bessy2hi_56m_PGM_2Perc_coupling_errors_off_RP.rml
2025-02-07 23:10:21,149 - INFO - Prepared sim number: 30: RAYPy_Simulation_bessy2hi_56m_PGM_2Perc_coupling_errors_off_RP/round_2/30_bessy2hi_56m_PGM_2Perc_coupling_errors_off_RP.rml
2025-02-07 23:10:21,157 - INFO - Prepared sim number: 31: RAYPy_Simulation_bessy2hi_56m_PGM_2Perc_coupling_errors_off_RP/round_2/31_bessy2hi_56m_PGM_2Perc_coupling_errors_off_RP.rml
2025-02-07 23:10:21,164 - INFO - Prepared sim number: 32: RAYPy_Simulation_bessy2hi_56m_PGM_2Perc_coupling_errors_off_RP/round_2/32_bessy2hi_56m_PGM_2Perc_coupling_errors_off_RP.rml
2025-02-07 23:10:21,171 - INFO - Prepared sim number: 33: RAYPy_Simulation_bessy2hi_56m_PGM_2Perc_coupling_errors_off_RP/round_2/33_bessy2hi_56m_PGM_2Perc_coupling_errors_off_RP.rml
2025-02-07 23:10:21,177 - INFO - Prepared sim number: 34: RAYPy_Simulation_bessy2hi_56m_PGM_2Perc_coupling_errors_off_RP/round_2/34_bessy2hi_56m_PGM_2Perc_coupling_errors_off_RP.rml
2025-02-07 23:10:21,184 - INFO - Prepared sim number: 35: RAYPy_Simulation_bessy2hi_56m_PGM_2Perc_coupling_errors_off_RP/round_2/35_bessy2hi_56m_PGM_2Perc_coupling_errors_off_RP.rml
2025-02-07 23:10:21,191 - INFO - Prepared sim number: 36: RAYPy_Simulation_bessy2hi_56m_PGM_2Perc_coupling_errors_off_RP/round_2/36_bessy2hi_56m_PGM_2Perc_coupling_errors_off_RP.rml
2025-02-07 23:10:21,198 - INFO - Prepared sim number: 37: RAYPy_Simulation_bessy2hi_56m_PGM_2Perc_coupling_errors_off_RP/round_2/37_bessy2hi_56m_PGM_2Perc_coupling_errors_off_RP.rml
2025-02-07 23:10:21,204 - INFO - Prepared sim number: 38: RAYPy_Simulation_bessy2hi_56m_PGM_2Perc_coupling_errors_off_RP/round_2/38_bessy2hi_56m_PGM_2Perc_coupling_errors_off_RP.rml
2025-02-07 23:10:21,210 - INFO - Prepared sim number: 39: RAYPy_Simulation_bessy2hi_56m_PGM_2Perc_coupling_errors_off_RP/round_2/39_bessy2hi_56m_PGM_2Perc_coupling_errors_off_RP.rml
2025-02-07 23:10:21,216 - INFO - Prepared sim number: 40: RAYPy_Simulation_bessy2hi_56m_PGM_2Perc_coupling_errors_off_RP/round_2/40_bessy2hi_56m_PGM_2Perc_coupling_errors_off_RP.rml
2025-02-07 23:10:21,223 - INFO - Prepared sim number: 41: RAYPy_Simulation_bessy2hi_56m_PGM_2Perc_coupling_errors_off_RP/round_2/41_bessy2hi_56m_PGM_2Perc_coupling_errors_off_RP.rml
2025-02-07 23:10:21,230 - INFO - Prepared sim number: 42: RAYPy_Simulation_bessy2hi_56m_PGM_2Perc_coupling_errors_off_RP/round_2/42_bessy2hi_56m_PGM_2Perc_coupling_errors_off_RP.rml
2025-02-07 23:10:21,238 - INFO - Prepared sim number: 43: RAYPy_Simulation_bessy2hi_56m_PGM_2Perc_coupling_errors_off_RP/round_2/43_bessy2hi_56m_PGM_2Perc_coupling_errors_off_RP.rml
2025-02-07 23:10:21,246 - INFO - Prepared sim number: 44: RAYPy_Simulation_bessy2hi_56m_PGM_2Perc_coupling_errors_off_RP/round_2/44_bessy2hi_56m_PGM_2Perc_coupling_errors_off_RP.rml
2025-02-07 23:10:21,252 - INFO - Prepared sim number: 45: RAYPy_Simulation_bessy2hi_56m_PGM_2Perc_coupling_errors_off_RP/round_2/45_bessy2hi_56m_PGM_2Perc_coupling_errors_off_RP.rml
2025-02-07 23:10:21,258 - INFO - Prepared sim number: 46: RAYPy_Simulation_bessy2hi_56m_PGM_2Perc_coupling_errors_off_RP/round_2/46_bessy2hi_56m_PGM_2Perc_coupling_errors_off_RP.rml
2025-02-07 23:10:21,264 - INFO - Prepared sim number: 47: RAYPy_Simulation_bessy2hi_56m_PGM_2Perc_coupling_errors_off_RP/round_2/47_bessy2hi_56m_PGM_2Perc_coupling_errors_off_RP.rml
2025-02-07 23:10:21,270 - INFO - Prepared sim number: 48: RAYPy_Simulation_bessy2hi_56m_PGM_2Perc_coupling_errors_off_RP/round_2/48_bessy2hi_56m_PGM_2Perc_coupling_errors_off_RP.rml
2025-02-07 23:10:21,278 - INFO - Prepared sim number: 49: RAYPy_Simulation_bessy2hi_56m_PGM_2Perc_coupling_errors_off_RP/round_2/49_bessy2hi_56m_PGM_2Perc_coupling_errors_off_RP.rml
2025-02-07 23:10:21,284 - INFO - Prepared sim number: 50: RAYPy_Simulation_bessy2hi_56m_PGM_2Perc_coupling_errors_off_RP/round_2/50_bessy2hi_56m_PGM_2Perc_coupling_errors_off_RP.rml
2025-02-07 23:10:21,290 - INFO - Prepared sim number: 51: RAYPy_Simulation_bessy2hi_56m_PGM_2Perc_coupling_errors_off_RP/round_2/51_bessy2hi_56m_PGM_2Perc_coupling_errors_off_RP.rml
2025-02-07 23:10:21,297 - INFO - Prepared sim number: 52: RAYPy_Simulation_bessy2hi_56m_PGM_2Perc_coupling_errors_off_RP/round_2/52_bessy2hi_56m_PGM_2Perc_coupling_errors_off_RP.rml
2025-02-07 23:10:21,303 - INFO - Prepared sim number: 53: RAYPy_Simulation_bessy2hi_56m_PGM_2Perc_coupling_errors_off_RP/round_2/53_bessy2hi_56m_PGM_2Perc_coupling_errors_off_RP.rml
2025-02-07 23:10:21,304 - INFO - Waiting for batch number: 4, timeout: 22.40158194899559s
2025-02-07 23:10:24,037 - INFO - Completed: 1, remaining: 59, RAYPy_Simulation_bessy2hi_56m_PGM_2Perc_coupling_errors_off_RP/round_1/117_bessy2hi_56m_PGM_2Perc_coupling_errors_off_RP.rml
2025-02-07 23:10:24,069 - INFO - Completed: 2, remaining: 58, RAYPy_Simulation_bessy2hi_56m_PGM_2Perc_coupling_errors_off_RP/round_2/1_bessy2hi_56m_PGM_2Perc_coupling_errors_off_RP.rml
2025-02-07 23:10:24,111 - INFO - Completed: 3, remaining: 57, RAYPy_Simulation_bessy2hi_56m_PGM_2Perc_coupling_errors_off_RP/round_1/120_bessy2hi_56m_PGM_2Perc_coupling_errors_off_RP.rml
2025-02-07 23:10:24,204 - INFO - Completed: 4, remaining: 56, RAYPy_Simulation_bessy2hi_56m_PGM_2Perc_coupling_errors_off_RP/round_2/0_bessy2hi_56m_PGM_2Perc_coupling_errors_off_RP.rml
2025-02-07 23:10:24,274 - INFO - Completed: 5, remaining: 55, RAYPy_Simulation_bessy2hi_56m_PGM_2Perc_coupling_errors_off_RP/round_1/121_bessy2hi_56m_PGM_2Perc_coupling_errors_off_RP.rml
2025-02-07 23:10:24,287 - INFO - Completed: 6, remaining: 54, RAYPy_Simulation_bessy2hi_56m_PGM_2Perc_coupling_errors_off_RP/round_1/122_bessy2hi_56m_PGM_2Perc_coupling_errors_off_RP.rml
2025-02-07 23:10:24,419 - INFO - Completed: 7, remaining: 53, RAYPy_Simulation_bessy2hi_56m_PGM_2Perc_coupling_errors_off_RP/round_2/5_bessy2hi_56m_PGM_2Perc_coupling_errors_off_RP.rml
2025-02-07 23:10:24,859 - INFO - Completed: 8, remaining: 52, RAYPy_Simulation_bessy2hi_56m_PGM_2Perc_coupling_errors_off_RP/round_1/118_bessy2hi_56m_PGM_2Perc_coupling_errors_off_RP.rml
2025-02-07 23:10:26,645 - INFO - Completed: 9, remaining: 51, RAYPy_Simulation_bessy2hi_56m_PGM_2Perc_coupling_errors_off_RP/round_2/3_bessy2hi_56m_PGM_2Perc_coupling_errors_off_RP.rml
2025-02-07 23:10:26,727 - INFO - Completed: 10, remaining: 50, RAYPy_Simulation_bessy2hi_56m_PGM_2Perc_coupling_errors_off_RP/round_2/4_bessy2hi_56m_PGM_2Perc_coupling_errors_off_RP.rml
2025-02-07 23:10:27,046 - INFO - Completed: 11, remaining: 49, RAYPy_Simulation_bessy2hi_56m_PGM_2Perc_coupling_errors_off_RP/round_1/119_bessy2hi_56m_PGM_2Perc_coupling_errors_off_RP.rml
2025-02-07 23:10:27,952 - INFO - Completed: 12, remaining: 48, RAYPy_Simulation_bessy2hi_56m_PGM_2Perc_coupling_errors_off_RP/round_2/9_bessy2hi_56m_PGM_2Perc_coupling_errors_off_RP.rml
2025-02-07 23:10:28,009 - INFO - Completed: 13, remaining: 47, RAYPy_Simulation_bessy2hi_56m_PGM_2Perc_coupling_errors_off_RP/round_2/8_bessy2hi_56m_PGM_2Perc_coupling_errors_off_RP.rml
2025-02-07 23:10:28,022 - INFO - Completed: 14, remaining: 46, RAYPy_Simulation_bessy2hi_56m_PGM_2Perc_coupling_errors_off_RP/round_2/6_bessy2hi_56m_PGM_2Perc_coupling_errors_off_RP.rml
2025-02-07 23:10:28,057 - INFO - Completed: 15, remaining: 45, RAYPy_Simulation_bessy2hi_56m_PGM_2Perc_coupling_errors_off_RP/round_2/7_bessy2hi_56m_PGM_2Perc_coupling_errors_off_RP.rml
2025-02-07 23:10:28,110 - INFO - Completed: 16, remaining: 44, RAYPy_Simulation_bessy2hi_56m_PGM_2Perc_coupling_errors_off_RP/round_2/10_bessy2hi_56m_PGM_2Perc_coupling_errors_off_RP.rml
2025-02-07 23:10:28,113 - INFO - Completed: 17, remaining: 43, RAYPy_Simulation_bessy2hi_56m_PGM_2Perc_coupling_errors_off_RP/round_2/11_bessy2hi_56m_PGM_2Perc_coupling_errors_off_RP.rml
2025-02-07 23:10:28,410 - INFO - Completed: 18, remaining: 42, RAYPy_Simulation_bessy2hi_56m_PGM_2Perc_coupling_errors_off_RP/round_2/12_bessy2hi_56m_PGM_2Perc_coupling_errors_off_RP.rml
2025-02-07 23:10:28,466 - INFO - Completed: 19, remaining: 41, RAYPy_Simulation_bessy2hi_56m_PGM_2Perc_coupling_errors_off_RP/round_2/2_bessy2hi_56m_PGM_2Perc_coupling_errors_off_RP.rml
2025-02-07 23:10:28,780 - INFO - Completed: 20, remaining: 40, RAYPy_Simulation_bessy2hi_56m_PGM_2Perc_coupling_errors_off_RP/round_2/13_bessy2hi_56m_PGM_2Perc_coupling_errors_off_RP.rml
2025-02-07 23:10:30,520 - INFO - Completed: 21, remaining: 39, RAYPy_Simulation_bessy2hi_56m_PGM_2Perc_coupling_errors_off_RP/round_2/14_bessy2hi_56m_PGM_2Perc_coupling_errors_off_RP.rml
2025-02-07 23:10:30,536 - INFO - Completed: 22, remaining: 38, RAYPy_Simulation_bessy2hi_56m_PGM_2Perc_coupling_errors_off_RP/round_2/15_bessy2hi_56m_PGM_2Perc_coupling_errors_off_RP.rml
2025-02-07 23:10:31,220 - INFO - Completed: 23, remaining: 37, RAYPy_Simulation_bessy2hi_56m_PGM_2Perc_coupling_errors_off_RP/round_2/16_bessy2hi_56m_PGM_2Perc_coupling_errors_off_RP.rml
2025-02-07 23:10:31,801 - INFO - Completed: 24, remaining: 36, RAYPy_Simulation_bessy2hi_56m_PGM_2Perc_coupling_errors_off_RP/round_2/18_bessy2hi_56m_PGM_2Perc_coupling_errors_off_RP.rml
2025-02-07 23:10:31,936 - INFO - Completed: 25, remaining: 35, RAYPy_Simulation_bessy2hi_56m_PGM_2Perc_coupling_errors_off_RP/round_2/17_bessy2hi_56m_PGM_2Perc_coupling_errors_off_RP.rml
2025-02-07 23:10:32,072 - INFO - Completed: 26, remaining: 34, RAYPy_Simulation_bessy2hi_56m_PGM_2Perc_coupling_errors_off_RP/round_2/22_bessy2hi_56m_PGM_2Perc_coupling_errors_off_RP.rml
2025-02-07 23:10:32,183 - INFO - Completed: 27, remaining: 33, RAYPy_Simulation_bessy2hi_56m_PGM_2Perc_coupling_errors_off_RP/round_2/19_bessy2hi_56m_PGM_2Perc_coupling_errors_off_RP.rml
2025-02-07 23:10:32,475 - INFO - Completed: 28, remaining: 32, RAYPy_Simulation_bessy2hi_56m_PGM_2Perc_coupling_errors_off_RP/round_2/23_bessy2hi_56m_PGM_2Perc_coupling_errors_off_RP.rml
2025-02-07 23:10:32,521 - INFO - Completed: 29, remaining: 31, RAYPy_Simulation_bessy2hi_56m_PGM_2Perc_coupling_errors_off_RP/round_2/21_bessy2hi_56m_PGM_2Perc_coupling_errors_off_RP.rml
2025-02-07 23:10:32,545 - INFO - Completed: 30, remaining: 30, RAYPy_Simulation_bessy2hi_56m_PGM_2Perc_coupling_errors_off_RP/round_2/20_bessy2hi_56m_PGM_2Perc_coupling_errors_off_RP.rml
2025-02-07 23:10:32,679 - INFO - Completed: 31, remaining: 29, RAYPy_Simulation_bessy2hi_56m_PGM_2Perc_coupling_errors_off_RP/round_2/24_bessy2hi_56m_PGM_2Perc_coupling_errors_off_RP.rml
2025-02-07 23:10:32,839 - INFO - Completed: 32, remaining: 28, RAYPy_Simulation_bessy2hi_56m_PGM_2Perc_coupling_errors_off_RP/round_2/25_bessy2hi_56m_PGM_2Perc_coupling_errors_off_RP.rml
2025-02-07 23:10:34,378 - INFO - Completed: 33, remaining: 27, RAYPy_Simulation_bessy2hi_56m_PGM_2Perc_coupling_errors_off_RP/round_2/27_bessy2hi_56m_PGM_2Perc_coupling_errors_off_RP.rml
2025-02-07 23:10:34,479 - INFO - Completed: 34, remaining: 26, RAYPy_Simulation_bessy2hi_56m_PGM_2Perc_coupling_errors_off_RP/round_2/26_bessy2hi_56m_PGM_2Perc_coupling_errors_off_RP.rml
2025-02-07 23:10:34,946 - INFO - Completed: 35, remaining: 25, RAYPy_Simulation_bessy2hi_56m_PGM_2Perc_coupling_errors_off_RP/round_2/28_bessy2hi_56m_PGM_2Perc_coupling_errors_off_RP.rml
2025-02-07 23:10:35,544 - INFO - Completed: 36, remaining: 24, RAYPy_Simulation_bessy2hi_56m_PGM_2Perc_coupling_errors_off_RP/round_2/29_bessy2hi_56m_PGM_2Perc_coupling_errors_off_RP.rml
2025-02-07 23:10:35,713 - INFO - Completed: 37, remaining: 23, RAYPy_Simulation_bessy2hi_56m_PGM_2Perc_coupling_errors_off_RP/round_2/30_bessy2hi_56m_PGM_2Perc_coupling_errors_off_RP.rml
2025-02-07 23:10:36,222 - INFO - Completed: 38, remaining: 22, RAYPy_Simulation_bessy2hi_56m_PGM_2Perc_coupling_errors_off_RP/round_2/31_bessy2hi_56m_PGM_2Perc_coupling_errors_off_RP.rml
2025-02-07 23:10:36,260 - INFO - Completed: 39, remaining: 21, RAYPy_Simulation_bessy2hi_56m_PGM_2Perc_coupling_errors_off_RP/round_2/32_bessy2hi_56m_PGM_2Perc_coupling_errors_off_RP.rml
2025-02-07 23:10:36,440 - INFO - Completed: 40, remaining: 20, RAYPy_Simulation_bessy2hi_56m_PGM_2Perc_coupling_errors_off_RP/round_2/33_bessy2hi_56m_PGM_2Perc_coupling_errors_off_RP.rml
2025-02-07 23:10:36,562 - INFO - Completed: 41, remaining: 19, RAYPy_Simulation_bessy2hi_56m_PGM_2Perc_coupling_errors_off_RP/round_2/35_bessy2hi_56m_PGM_2Perc_coupling_errors_off_RP.rml
2025-02-07 23:10:36,804 - INFO - Completed: 42, remaining: 18, RAYPy_Simulation_bessy2hi_56m_PGM_2Perc_coupling_errors_off_RP/round_2/36_bessy2hi_56m_PGM_2Perc_coupling_errors_off_RP.rml
2025-02-07 23:10:36,986 - INFO - Completed: 43, remaining: 17, RAYPy_Simulation_bessy2hi_56m_PGM_2Perc_coupling_errors_off_RP/round_2/37_bessy2hi_56m_PGM_2Perc_coupling_errors_off_RP.rml
2025-02-07 23:10:37,476 - INFO - Completed: 44, remaining: 16, RAYPy_Simulation_bessy2hi_56m_PGM_2Perc_coupling_errors_off_RP/round_2/34_bessy2hi_56m_PGM_2Perc_coupling_errors_off_RP.rml
2025-02-07 23:10:38,222 - INFO - Completed: 45, remaining: 15, RAYPy_Simulation_bessy2hi_56m_PGM_2Perc_coupling_errors_off_RP/round_2/38_bessy2hi_56m_PGM_2Perc_coupling_errors_off_RP.rml
2025-02-07 23:10:38,430 - INFO - Completed: 46, remaining: 14, RAYPy_Simulation_bessy2hi_56m_PGM_2Perc_coupling_errors_off_RP/round_2/39_bessy2hi_56m_PGM_2Perc_coupling_errors_off_RP.rml
2025-02-07 23:10:38,830 - INFO - Completed: 47, remaining: 13, RAYPy_Simulation_bessy2hi_56m_PGM_2Perc_coupling_errors_off_RP/round_2/41_bessy2hi_56m_PGM_2Perc_coupling_errors_off_RP.rml
2025-02-07 23:10:38,947 - INFO - Completed: 48, remaining: 12, RAYPy_Simulation_bessy2hi_56m_PGM_2Perc_coupling_errors_off_RP/round_2/40_bessy2hi_56m_PGM_2Perc_coupling_errors_off_RP.rml
2025-02-07 23:10:38,981 - INFO - Completed: 49, remaining: 11, RAYPy_Simulation_bessy2hi_56m_PGM_2Perc_coupling_errors_off_RP/round_2/42_bessy2hi_56m_PGM_2Perc_coupling_errors_off_RP.rml
2025-02-07 23:10:39,542 - INFO - Completed: 50, remaining: 10, RAYPy_Simulation_bessy2hi_56m_PGM_2Perc_coupling_errors_off_RP/round_2/44_bessy2hi_56m_PGM_2Perc_coupling_errors_off_RP.rml
2025-02-07 23:10:39,585 - INFO - Completed: 51, remaining: 9, RAYPy_Simulation_bessy2hi_56m_PGM_2Perc_coupling_errors_off_RP/round_2/43_bessy2hi_56m_PGM_2Perc_coupling_errors_off_RP.rml
2025-02-07 23:10:39,853 - INFO - Completed: 52, remaining: 8, RAYPy_Simulation_bessy2hi_56m_PGM_2Perc_coupling_errors_off_RP/round_2/45_bessy2hi_56m_PGM_2Perc_coupling_errors_off_RP.rml
2025-02-07 23:10:40,036 - INFO - Completed: 53, remaining: 7, RAYPy_Simulation_bessy2hi_56m_PGM_2Perc_coupling_errors_off_RP/round_2/46_bessy2hi_56m_PGM_2Perc_coupling_errors_off_RP.rml
2025-02-07 23:10:40,137 - INFO - Completed: 54, remaining: 6, RAYPy_Simulation_bessy2hi_56m_PGM_2Perc_coupling_errors_off_RP/round_2/47_bessy2hi_56m_PGM_2Perc_coupling_errors_off_RP.rml
2025-02-07 23:10:40,321 - INFO - Completed: 55, remaining: 5, RAYPy_Simulation_bessy2hi_56m_PGM_2Perc_coupling_errors_off_RP/round_2/48_bessy2hi_56m_PGM_2Perc_coupling_errors_off_RP.rml
2025-02-07 23:10:40,649 - INFO - Completed: 56, remaining: 4, RAYPy_Simulation_bessy2hi_56m_PGM_2Perc_coupling_errors_off_RP/round_2/49_bessy2hi_56m_PGM_2Perc_coupling_errors_off_RP.rml
2025-02-07 23:10:41,057 - INFO - Completed: 57, remaining: 3, RAYPy_Simulation_bessy2hi_56m_PGM_2Perc_coupling_errors_off_RP/round_2/50_bessy2hi_56m_PGM_2Perc_coupling_errors_off_RP.rml
2025-02-07 23:10:41,236 - INFO - Completed: 58, remaining: 2, RAYPy_Simulation_bessy2hi_56m_PGM_2Perc_coupling_errors_off_RP/round_2/51_bessy2hi_56m_PGM_2Perc_coupling_errors_off_RP.rml
2025-02-07 23:10:41,469 - INFO - Completed: 59, remaining: 1, RAYPy_Simulation_bessy2hi_56m_PGM_2Perc_coupling_errors_off_RP/round_2/53_bessy2hi_56m_PGM_2Perc_coupling_errors_off_RP.rml
2025-02-07 23:10:42,110 - INFO - Completed: 60, remaining: 0, RAYPy_Simulation_bessy2hi_56m_PGM_2Perc_coupling_errors_off_RP/round_2/52_bessy2hi_56m_PGM_2Perc_coupling_errors_off_RP.rml
2025-02-07 23:10:42,110 - INFO - Batch Completed
2025-02-07 23:10:42,111 - INFO - Waiting For batch, 60 simulations to go
2025-02-07 23:10:42,115 - INFO - Prepared sim number: 54: RAYPy_Simulation_bessy2hi_56m_PGM_2Perc_coupling_errors_off_RP/round_2/54_bessy2hi_56m_PGM_2Perc_coupling_errors_off_RP.rml
2025-02-07 23:10:42,119 - INFO - Prepared sim number: 55: RAYPy_Simulation_bessy2hi_56m_PGM_2Perc_coupling_errors_off_RP/round_2/55_bessy2hi_56m_PGM_2Perc_coupling_errors_off_RP.rml
2025-02-07 23:10:42,126 - INFO - Prepared sim number: 56: RAYPy_Simulation_bessy2hi_56m_PGM_2Perc_coupling_errors_off_RP/round_2/56_bessy2hi_56m_PGM_2Perc_coupling_errors_off_RP.rml
2025-02-07 23:10:42,132 - INFO - Prepared sim number: 57: RAYPy_Simulation_bessy2hi_56m_PGM_2Perc_coupling_errors_off_RP/round_2/57_bessy2hi_56m_PGM_2Perc_coupling_errors_off_RP.rml
2025-02-07 23:10:42,136 - INFO - Prepared sim number: 58: RAYPy_Simulation_bessy2hi_56m_PGM_2Perc_coupling_errors_off_RP/round_2/58_bessy2hi_56m_PGM_2Perc_coupling_errors_off_RP.rml
2025-02-07 23:10:42,141 - INFO - Prepared sim number: 59: RAYPy_Simulation_bessy2hi_56m_PGM_2Perc_coupling_errors_off_RP/round_2/59_bessy2hi_56m_PGM_2Perc_coupling_errors_off_RP.rml
2025-02-07 23:10:42,145 - INFO - Prepared sim number: 60: RAYPy_Simulation_bessy2hi_56m_PGM_2Perc_coupling_errors_off_RP/round_2/60_bessy2hi_56m_PGM_2Perc_coupling_errors_off_RP.rml
2025-02-07 23:10:42,149 - INFO - Prepared sim number: 61: RAYPy_Simulation_bessy2hi_56m_PGM_2Perc_coupling_errors_off_RP/round_2/61_bessy2hi_56m_PGM_2Perc_coupling_errors_off_RP.rml
2025-02-07 23:10:42,152 - INFO - Prepared sim number: 62: RAYPy_Simulation_bessy2hi_56m_PGM_2Perc_coupling_errors_off_RP/round_2/62_bessy2hi_56m_PGM_2Perc_coupling_errors_off_RP.rml
2025-02-07 23:10:42,157 - INFO - Prepared sim number: 63: RAYPy_Simulation_bessy2hi_56m_PGM_2Perc_coupling_errors_off_RP/round_2/63_bessy2hi_56m_PGM_2Perc_coupling_errors_off_RP.rml
2025-02-07 23:10:42,165 - INFO - Prepared sim number: 64: RAYPy_Simulation_bessy2hi_56m_PGM_2Perc_coupling_errors_off_RP/round_2/64_bessy2hi_56m_PGM_2Perc_coupling_errors_off_RP.rml
2025-02-07 23:10:42,169 - INFO - Prepared sim number: 65: RAYPy_Simulation_bessy2hi_56m_PGM_2Perc_coupling_errors_off_RP/round_2/65_bessy2hi_56m_PGM_2Perc_coupling_errors_off_RP.rml
2025-02-07 23:10:42,173 - INFO - Prepared sim number: 66: RAYPy_Simulation_bessy2hi_56m_PGM_2Perc_coupling_errors_off_RP/round_2/66_bessy2hi_56m_PGM_2Perc_coupling_errors_off_RP.rml
2025-02-07 23:10:42,178 - INFO - Prepared sim number: 67: RAYPy_Simulation_bessy2hi_56m_PGM_2Perc_coupling_errors_off_RP/round_2/67_bessy2hi_56m_PGM_2Perc_coupling_errors_off_RP.rml
2025-02-07 23:10:42,182 - INFO - Prepared sim number: 68: RAYPy_Simulation_bessy2hi_56m_PGM_2Perc_coupling_errors_off_RP/round_2/68_bessy2hi_56m_PGM_2Perc_coupling_errors_off_RP.rml
2025-02-07 23:10:42,186 - INFO - Prepared sim number: 69: RAYPy_Simulation_bessy2hi_56m_PGM_2Perc_coupling_errors_off_RP/round_2/69_bessy2hi_56m_PGM_2Perc_coupling_errors_off_RP.rml
2025-02-07 23:10:42,190 - INFO - Prepared sim number: 70: RAYPy_Simulation_bessy2hi_56m_PGM_2Perc_coupling_errors_off_RP/round_2/70_bessy2hi_56m_PGM_2Perc_coupling_errors_off_RP.rml
2025-02-07 23:10:42,194 - INFO - Prepared sim number: 71: RAYPy_Simulation_bessy2hi_56m_PGM_2Perc_coupling_errors_off_RP/round_2/71_bessy2hi_56m_PGM_2Perc_coupling_errors_off_RP.rml
2025-02-07 23:10:42,197 - INFO - Prepared sim number: 72: RAYPy_Simulation_bessy2hi_56m_PGM_2Perc_coupling_errors_off_RP/round_2/72_bessy2hi_56m_PGM_2Perc_coupling_errors_off_RP.rml
2025-02-07 23:10:42,201 - INFO - Prepared sim number: 73: RAYPy_Simulation_bessy2hi_56m_PGM_2Perc_coupling_errors_off_RP/round_2/73_bessy2hi_56m_PGM_2Perc_coupling_errors_off_RP.rml
2025-02-07 23:10:42,204 - INFO - Prepared sim number: 74: RAYPy_Simulation_bessy2hi_56m_PGM_2Perc_coupling_errors_off_RP/round_2/74_bessy2hi_56m_PGM_2Perc_coupling_errors_off_RP.rml
2025-02-07 23:10:42,208 - INFO - Prepared sim number: 75: RAYPy_Simulation_bessy2hi_56m_PGM_2Perc_coupling_errors_off_RP/round_2/75_bessy2hi_56m_PGM_2Perc_coupling_errors_off_RP.rml
2025-02-07 23:10:42,212 - INFO - Prepared sim number: 76: RAYPy_Simulation_bessy2hi_56m_PGM_2Perc_coupling_errors_off_RP/round_2/76_bessy2hi_56m_PGM_2Perc_coupling_errors_off_RP.rml
2025-02-07 23:10:42,216 - INFO - Prepared sim number: 77: RAYPy_Simulation_bessy2hi_56m_PGM_2Perc_coupling_errors_off_RP/round_2/77_bessy2hi_56m_PGM_2Perc_coupling_errors_off_RP.rml
2025-02-07 23:10:42,219 - INFO - Prepared sim number: 78: RAYPy_Simulation_bessy2hi_56m_PGM_2Perc_coupling_errors_off_RP/round_2/78_bessy2hi_56m_PGM_2Perc_coupling_errors_off_RP.rml
2025-02-07 23:10:42,224 - INFO - Prepared sim number: 79: RAYPy_Simulation_bessy2hi_56m_PGM_2Perc_coupling_errors_off_RP/round_2/79_bessy2hi_56m_PGM_2Perc_coupling_errors_off_RP.rml
2025-02-07 23:10:42,229 - INFO - Prepared sim number: 80: RAYPy_Simulation_bessy2hi_56m_PGM_2Perc_coupling_errors_off_RP/round_2/80_bessy2hi_56m_PGM_2Perc_coupling_errors_off_RP.rml
2025-02-07 23:10:42,233 - INFO - Prepared sim number: 81: RAYPy_Simulation_bessy2hi_56m_PGM_2Perc_coupling_errors_off_RP/round_2/81_bessy2hi_56m_PGM_2Perc_coupling_errors_off_RP.rml
2025-02-07 23:10:42,237 - INFO - Prepared sim number: 82: RAYPy_Simulation_bessy2hi_56m_PGM_2Perc_coupling_errors_off_RP/round_2/82_bessy2hi_56m_PGM_2Perc_coupling_errors_off_RP.rml
2025-02-07 23:10:42,241 - INFO - Prepared sim number: 83: RAYPy_Simulation_bessy2hi_56m_PGM_2Perc_coupling_errors_off_RP/round_2/83_bessy2hi_56m_PGM_2Perc_coupling_errors_off_RP.rml
2025-02-07 23:10:42,245 - INFO - Prepared sim number: 84: RAYPy_Simulation_bessy2hi_56m_PGM_2Perc_coupling_errors_off_RP/round_2/84_bessy2hi_56m_PGM_2Perc_coupling_errors_off_RP.rml
2025-02-07 23:10:42,249 - INFO - Prepared sim number: 85: RAYPy_Simulation_bessy2hi_56m_PGM_2Perc_coupling_errors_off_RP/round_2/85_bessy2hi_56m_PGM_2Perc_coupling_errors_off_RP.rml
2025-02-07 23:10:42,253 - INFO - Prepared sim number: 86: RAYPy_Simulation_bessy2hi_56m_PGM_2Perc_coupling_errors_off_RP/round_2/86_bessy2hi_56m_PGM_2Perc_coupling_errors_off_RP.rml
2025-02-07 23:10:42,257 - INFO - Prepared sim number: 87: RAYPy_Simulation_bessy2hi_56m_PGM_2Perc_coupling_errors_off_RP/round_2/87_bessy2hi_56m_PGM_2Perc_coupling_errors_off_RP.rml
2025-02-07 23:10:42,260 - INFO - Prepared sim number: 88: RAYPy_Simulation_bessy2hi_56m_PGM_2Perc_coupling_errors_off_RP/round_2/88_bessy2hi_56m_PGM_2Perc_coupling_errors_off_RP.rml
2025-02-07 23:10:42,264 - INFO - Prepared sim number: 89: RAYPy_Simulation_bessy2hi_56m_PGM_2Perc_coupling_errors_off_RP/round_2/89_bessy2hi_56m_PGM_2Perc_coupling_errors_off_RP.rml
2025-02-07 23:10:42,268 - INFO - Prepared sim number: 90: RAYPy_Simulation_bessy2hi_56m_PGM_2Perc_coupling_errors_off_RP/round_2/90_bessy2hi_56m_PGM_2Perc_coupling_errors_off_RP.rml
2025-02-07 23:10:42,272 - INFO - Prepared sim number: 91: RAYPy_Simulation_bessy2hi_56m_PGM_2Perc_coupling_errors_off_RP/round_2/91_bessy2hi_56m_PGM_2Perc_coupling_errors_off_RP.rml
2025-02-07 23:10:42,276 - INFO - Prepared sim number: 92: RAYPy_Simulation_bessy2hi_56m_PGM_2Perc_coupling_errors_off_RP/round_2/92_bessy2hi_56m_PGM_2Perc_coupling_errors_off_RP.rml
2025-02-07 23:10:42,279 - INFO - Prepared sim number: 93: RAYPy_Simulation_bessy2hi_56m_PGM_2Perc_coupling_errors_off_RP/round_2/93_bessy2hi_56m_PGM_2Perc_coupling_errors_off_RP.rml
2025-02-07 23:10:42,283 - INFO - Prepared sim number: 94: RAYPy_Simulation_bessy2hi_56m_PGM_2Perc_coupling_errors_off_RP/round_2/94_bessy2hi_56m_PGM_2Perc_coupling_errors_off_RP.rml
2025-02-07 23:10:42,287 - INFO - Prepared sim number: 95: RAYPy_Simulation_bessy2hi_56m_PGM_2Perc_coupling_errors_off_RP/round_2/95_bessy2hi_56m_PGM_2Perc_coupling_errors_off_RP.rml
2025-02-07 23:10:42,291 - INFO - Prepared sim number: 96: RAYPy_Simulation_bessy2hi_56m_PGM_2Perc_coupling_errors_off_RP/round_2/96_bessy2hi_56m_PGM_2Perc_coupling_errors_off_RP.rml
2025-02-07 23:10:42,294 - INFO - Prepared sim number: 97: RAYPy_Simulation_bessy2hi_56m_PGM_2Perc_coupling_errors_off_RP/round_2/97_bessy2hi_56m_PGM_2Perc_coupling_errors_off_RP.rml
2025-02-07 23:10:42,298 - INFO - Prepared sim number: 98: RAYPy_Simulation_bessy2hi_56m_PGM_2Perc_coupling_errors_off_RP/round_2/98_bessy2hi_56m_PGM_2Perc_coupling_errors_off_RP.rml
2025-02-07 23:10:42,303 - INFO - Prepared sim number: 99: RAYPy_Simulation_bessy2hi_56m_PGM_2Perc_coupling_errors_off_RP/round_2/99_bessy2hi_56m_PGM_2Perc_coupling_errors_off_RP.rml
2025-02-07 23:10:42,307 - INFO - Prepared sim number: 100: RAYPy_Simulation_bessy2hi_56m_PGM_2Perc_coupling_errors_off_RP/round_2/100_bessy2hi_56m_PGM_2Perc_coupling_errors_off_RP.rml
2025-02-07 23:10:42,311 - INFO - Prepared sim number: 101: RAYPy_Simulation_bessy2hi_56m_PGM_2Perc_coupling_errors_off_RP/round_2/101_bessy2hi_56m_PGM_2Perc_coupling_errors_off_RP.rml
2025-02-07 23:10:42,315 - INFO - Prepared sim number: 102: RAYPy_Simulation_bessy2hi_56m_PGM_2Perc_coupling_errors_off_RP/round_2/102_bessy2hi_56m_PGM_2Perc_coupling_errors_off_RP.rml
2025-02-07 23:10:42,319 - INFO - Prepared sim number: 103: RAYPy_Simulation_bessy2hi_56m_PGM_2Perc_coupling_errors_off_RP/round_2/103_bessy2hi_56m_PGM_2Perc_coupling_errors_off_RP.rml
2025-02-07 23:10:42,324 - INFO - Prepared sim number: 104: RAYPy_Simulation_bessy2hi_56m_PGM_2Perc_coupling_errors_off_RP/round_2/104_bessy2hi_56m_PGM_2Perc_coupling_errors_off_RP.rml
2025-02-07 23:10:42,328 - INFO - Prepared sim number: 105: RAYPy_Simulation_bessy2hi_56m_PGM_2Perc_coupling_errors_off_RP/round_2/105_bessy2hi_56m_PGM_2Perc_coupling_errors_off_RP.rml
2025-02-07 23:10:42,332 - INFO - Prepared sim number: 106: RAYPy_Simulation_bessy2hi_56m_PGM_2Perc_coupling_errors_off_RP/round_2/106_bessy2hi_56m_PGM_2Perc_coupling_errors_off_RP.rml
2025-02-07 23:10:42,336 - INFO - Prepared sim number: 107: RAYPy_Simulation_bessy2hi_56m_PGM_2Perc_coupling_errors_off_RP/round_2/107_bessy2hi_56m_PGM_2Perc_coupling_errors_off_RP.rml
2025-02-07 23:10:42,339 - INFO - Prepared sim number: 108: RAYPy_Simulation_bessy2hi_56m_PGM_2Perc_coupling_errors_off_RP/round_2/108_bessy2hi_56m_PGM_2Perc_coupling_errors_off_RP.rml
2025-02-07 23:10:42,343 - INFO - Prepared sim number: 109: RAYPy_Simulation_bessy2hi_56m_PGM_2Perc_coupling_errors_off_RP/round_2/109_bessy2hi_56m_PGM_2Perc_coupling_errors_off_RP.rml
2025-02-07 23:10:42,346 - INFO - Prepared sim number: 110: RAYPy_Simulation_bessy2hi_56m_PGM_2Perc_coupling_errors_off_RP/round_2/110_bessy2hi_56m_PGM_2Perc_coupling_errors_off_RP.rml
2025-02-07 23:10:42,350 - INFO - Prepared sim number: 111: RAYPy_Simulation_bessy2hi_56m_PGM_2Perc_coupling_errors_off_RP/round_2/111_bessy2hi_56m_PGM_2Perc_coupling_errors_off_RP.rml
2025-02-07 23:10:42,356 - INFO - Prepared sim number: 112: RAYPy_Simulation_bessy2hi_56m_PGM_2Perc_coupling_errors_off_RP/round_2/112_bessy2hi_56m_PGM_2Perc_coupling_errors_off_RP.rml
2025-02-07 23:10:42,361 - INFO - Prepared sim number: 113: RAYPy_Simulation_bessy2hi_56m_PGM_2Perc_coupling_errors_off_RP/round_2/113_bessy2hi_56m_PGM_2Perc_coupling_errors_off_RP.rml
2025-02-07 23:10:42,363 - INFO - Waiting for batch number: 5, timeout: 22.5069810295105s
2025-02-07 23:10:44,659 - INFO - Completed: 1, remaining: 59, RAYPy_Simulation_bessy2hi_56m_PGM_2Perc_coupling_errors_off_RP/round_2/58_bessy2hi_56m_PGM_2Perc_coupling_errors_off_RP.rml
2025-02-07 23:10:44,878 - INFO - Completed: 2, remaining: 58, RAYPy_Simulation_bessy2hi_56m_PGM_2Perc_coupling_errors_off_RP/round_2/57_bessy2hi_56m_PGM_2Perc_coupling_errors_off_RP.rml
2025-02-07 23:10:44,921 - INFO - Completed: 3, remaining: 57, RAYPy_Simulation_bessy2hi_56m_PGM_2Perc_coupling_errors_off_RP/round_2/55_bessy2hi_56m_PGM_2Perc_coupling_errors_off_RP.rml
2025-02-07 23:10:45,000 - INFO - Completed: 4, remaining: 56, RAYPy_Simulation_bessy2hi_56m_PGM_2Perc_coupling_errors_off_RP/round_2/61_bessy2hi_56m_PGM_2Perc_coupling_errors_off_RP.rml
2025-02-07 23:10:45,135 - INFO - Completed: 5, remaining: 55, RAYPy_Simulation_bessy2hi_56m_PGM_2Perc_coupling_errors_off_RP/round_2/60_bessy2hi_56m_PGM_2Perc_coupling_errors_off_RP.rml
2025-02-07 23:10:45,155 - INFO - Completed: 6, remaining: 54, RAYPy_Simulation_bessy2hi_56m_PGM_2Perc_coupling_errors_off_RP/round_2/64_bessy2hi_56m_PGM_2Perc_coupling_errors_off_RP.rml
2025-02-07 23:10:45,301 - INFO - Completed: 7, remaining: 53, RAYPy_Simulation_bessy2hi_56m_PGM_2Perc_coupling_errors_off_RP/round_2/56_bessy2hi_56m_PGM_2Perc_coupling_errors_off_RP.rml
2025-02-07 23:10:45,533 - INFO - Completed: 8, remaining: 52, RAYPy_Simulation_bessy2hi_56m_PGM_2Perc_coupling_errors_off_RP/round_2/65_bessy2hi_56m_PGM_2Perc_coupling_errors_off_RP.rml
2025-02-07 23:10:47,632 - INFO - Completed: 9, remaining: 51, RAYPy_Simulation_bessy2hi_56m_PGM_2Perc_coupling_errors_off_RP/round_2/54_bessy2hi_56m_PGM_2Perc_coupling_errors_off_RP.rml
2025-02-07 23:10:47,967 - INFO - Completed: 10, remaining: 50, RAYPy_Simulation_bessy2hi_56m_PGM_2Perc_coupling_errors_off_RP/round_2/62_bessy2hi_56m_PGM_2Perc_coupling_errors_off_RP.rml
2025-02-07 23:10:48,130 - INFO - Completed: 11, remaining: 49, RAYPy_Simulation_bessy2hi_56m_PGM_2Perc_coupling_errors_off_RP/round_2/63_bessy2hi_56m_PGM_2Perc_coupling_errors_off_RP.rml
2025-02-07 23:10:48,173 - INFO - Completed: 12, remaining: 48, RAYPy_Simulation_bessy2hi_56m_PGM_2Perc_coupling_errors_off_RP/round_2/59_bessy2hi_56m_PGM_2Perc_coupling_errors_off_RP.rml
2025-02-07 23:10:48,439 - INFO - Completed: 13, remaining: 47, RAYPy_Simulation_bessy2hi_56m_PGM_2Perc_coupling_errors_off_RP/round_2/66_bessy2hi_56m_PGM_2Perc_coupling_errors_off_RP.rml
2025-02-07 23:10:48,571 - INFO - Completed: 14, remaining: 46, RAYPy_Simulation_bessy2hi_56m_PGM_2Perc_coupling_errors_off_RP/round_2/67_bessy2hi_56m_PGM_2Perc_coupling_errors_off_RP.rml
2025-02-07 23:10:48,722 - INFO - Completed: 15, remaining: 45, RAYPy_Simulation_bessy2hi_56m_PGM_2Perc_coupling_errors_off_RP/round_2/68_bessy2hi_56m_PGM_2Perc_coupling_errors_off_RP.rml
2025-02-07 23:10:48,869 - INFO - Completed: 16, remaining: 44, RAYPy_Simulation_bessy2hi_56m_PGM_2Perc_coupling_errors_off_RP/round_2/69_bessy2hi_56m_PGM_2Perc_coupling_errors_off_RP.rml
2025-02-07 23:10:48,912 - INFO - Completed: 17, remaining: 43, RAYPy_Simulation_bessy2hi_56m_PGM_2Perc_coupling_errors_off_RP/round_2/71_bessy2hi_56m_PGM_2Perc_coupling_errors_off_RP.rml
2025-02-07 23:10:49,106 - INFO - Completed: 18, remaining: 42, RAYPy_Simulation_bessy2hi_56m_PGM_2Perc_coupling_errors_off_RP/round_2/72_bessy2hi_56m_PGM_2Perc_coupling_errors_off_RP.rml
2025-02-07 23:10:49,220 - INFO - Completed: 19, remaining: 41, RAYPy_Simulation_bessy2hi_56m_PGM_2Perc_coupling_errors_off_RP/round_2/73_bessy2hi_56m_PGM_2Perc_coupling_errors_off_RP.rml
2025-02-07 23:10:49,452 - INFO - Completed: 20, remaining: 40, RAYPy_Simulation_bessy2hi_56m_PGM_2Perc_coupling_errors_off_RP/round_2/70_bessy2hi_56m_PGM_2Perc_coupling_errors_off_RP.rml
2025-02-07 23:10:51,282 - INFO - Completed: 21, remaining: 39, RAYPy_Simulation_bessy2hi_56m_PGM_2Perc_coupling_errors_off_RP/round_2/74_bessy2hi_56m_PGM_2Perc_coupling_errors_off_RP.rml
2025-02-07 23:10:51,677 - INFO - Completed: 22, remaining: 38, RAYPy_Simulation_bessy2hi_56m_PGM_2Perc_coupling_errors_off_RP/round_2/75_bessy2hi_56m_PGM_2Perc_coupling_errors_off_RP.rml
2025-02-07 23:10:51,815 - INFO - Completed: 23, remaining: 37, RAYPy_Simulation_bessy2hi_56m_PGM_2Perc_coupling_errors_off_RP/round_2/76_bessy2hi_56m_PGM_2Perc_coupling_errors_off_RP.rml
2025-02-07 23:10:52,048 - INFO - Completed: 24, remaining: 36, RAYPy_Simulation_bessy2hi_56m_PGM_2Perc_coupling_errors_off_RP/round_2/77_bessy2hi_56m_PGM_2Perc_coupling_errors_off_RP.rml
2025-02-07 23:10:52,264 - INFO - Completed: 25, remaining: 35, RAYPy_Simulation_bessy2hi_56m_PGM_2Perc_coupling_errors_off_RP/round_2/82_bessy2hi_56m_PGM_2Perc_coupling_errors_off_RP.rml
2025-02-07 23:10:52,465 - INFO - Completed: 26, remaining: 34, RAYPy_Simulation_bessy2hi_56m_PGM_2Perc_coupling_errors_off_RP/round_2/83_bessy2hi_56m_PGM_2Perc_coupling_errors_off_RP.rml
2025-02-07 23:10:52,493 - INFO - Completed: 27, remaining: 33, RAYPy_Simulation_bessy2hi_56m_PGM_2Perc_coupling_errors_off_RP/round_2/84_bessy2hi_56m_PGM_2Perc_coupling_errors_off_RP.rml
2025-02-07 23:10:52,529 - INFO - Completed: 28, remaining: 32, RAYPy_Simulation_bessy2hi_56m_PGM_2Perc_coupling_errors_off_RP/round_2/78_bessy2hi_56m_PGM_2Perc_coupling_errors_off_RP.rml
2025-02-07 23:10:52,598 - INFO - Completed: 29, remaining: 31, RAYPy_Simulation_bessy2hi_56m_PGM_2Perc_coupling_errors_off_RP/round_2/80_bessy2hi_56m_PGM_2Perc_coupling_errors_off_RP.rml
2025-02-07 23:10:52,779 - INFO - Completed: 30, remaining: 30, RAYPy_Simulation_bessy2hi_56m_PGM_2Perc_coupling_errors_off_RP/round_2/81_bessy2hi_56m_PGM_2Perc_coupling_errors_off_RP.rml
2025-02-07 23:10:52,932 - INFO - Completed: 31, remaining: 29, RAYPy_Simulation_bessy2hi_56m_PGM_2Perc_coupling_errors_off_RP/round_2/85_bessy2hi_56m_PGM_2Perc_coupling_errors_off_RP.rml
2025-02-07 23:10:53,402 - INFO - Completed: 32, remaining: 28, RAYPy_Simulation_bessy2hi_56m_PGM_2Perc_coupling_errors_off_RP/round_2/79_bessy2hi_56m_PGM_2Perc_coupling_errors_off_RP.rml
2025-02-07 23:10:54,781 - INFO - Completed: 33, remaining: 27, RAYPy_Simulation_bessy2hi_56m_PGM_2Perc_coupling_errors_off_RP/round_2/86_bessy2hi_56m_PGM_2Perc_coupling_errors_off_RP.rml
2025-02-07 23:10:55,162 - INFO - Completed: 34, remaining: 26, RAYPy_Simulation_bessy2hi_56m_PGM_2Perc_coupling_errors_off_RP/round_2/87_bessy2hi_56m_PGM_2Perc_coupling_errors_off_RP.rml
2025-02-07 23:10:55,259 - INFO - Completed: 35, remaining: 25, RAYPy_Simulation_bessy2hi_56m_PGM_2Perc_coupling_errors_off_RP/round_2/88_bessy2hi_56m_PGM_2Perc_coupling_errors_off_RP.rml
2025-02-07 23:10:55,449 - INFO - Completed: 36, remaining: 24, RAYPy_Simulation_bessy2hi_56m_PGM_2Perc_coupling_errors_off_RP/round_2/89_bessy2hi_56m_PGM_2Perc_coupling_errors_off_RP.rml
2025-02-07 23:10:55,639 - INFO - Completed: 37, remaining: 23, RAYPy_Simulation_bessy2hi_56m_PGM_2Perc_coupling_errors_off_RP/round_2/90_bessy2hi_56m_PGM_2Perc_coupling_errors_off_RP.rml
2025-02-07 23:10:55,791 - INFO - Completed: 38, remaining: 22, RAYPy_Simulation_bessy2hi_56m_PGM_2Perc_coupling_errors_off_RP/round_2/91_bessy2hi_56m_PGM_2Perc_coupling_errors_off_RP.rml
2025-02-07 23:10:55,916 - INFO - Completed: 39, remaining: 21, RAYPy_Simulation_bessy2hi_56m_PGM_2Perc_coupling_errors_off_RP/round_2/92_bessy2hi_56m_PGM_2Perc_coupling_errors_off_RP.rml
2025-02-07 23:10:56,048 - INFO - Completed: 40, remaining: 20, RAYPy_Simulation_bessy2hi_56m_PGM_2Perc_coupling_errors_off_RP/round_2/93_bessy2hi_56m_PGM_2Perc_coupling_errors_off_RP.rml
2025-02-07 23:10:56,166 - INFO - Completed: 41, remaining: 19, RAYPy_Simulation_bessy2hi_56m_PGM_2Perc_coupling_errors_off_RP/round_2/94_bessy2hi_56m_PGM_2Perc_coupling_errors_off_RP.rml
2025-02-07 23:10:56,385 - INFO - Completed: 42, remaining: 18, RAYPy_Simulation_bessy2hi_56m_PGM_2Perc_coupling_errors_off_RP/round_2/95_bessy2hi_56m_PGM_2Perc_coupling_errors_off_RP.rml
2025-02-07 23:10:56,862 - INFO - Completed: 43, remaining: 17, RAYPy_Simulation_bessy2hi_56m_PGM_2Perc_coupling_errors_off_RP/round_2/97_bessy2hi_56m_PGM_2Perc_coupling_errors_off_RP.rml
2025-02-07 23:10:57,643 - INFO - Completed: 44, remaining: 16, RAYPy_Simulation_bessy2hi_56m_PGM_2Perc_coupling_errors_off_RP/round_2/96_bessy2hi_56m_PGM_2Perc_coupling_errors_off_RP.rml
2025-02-07 23:10:58,256 - INFO - Completed: 45, remaining: 15, RAYPy_Simulation_bessy2hi_56m_PGM_2Perc_coupling_errors_off_RP/round_2/98_bessy2hi_56m_PGM_2Perc_coupling_errors_off_RP.rml
2025-02-07 23:10:58,618 - INFO - Completed: 46, remaining: 14, RAYPy_Simulation_bessy2hi_56m_PGM_2Perc_coupling_errors_off_RP/round_2/99_bessy2hi_56m_PGM_2Perc_coupling_errors_off_RP.rml
2025-02-07 23:10:58,856 - INFO - Completed: 47, remaining: 13, RAYPy_Simulation_bessy2hi_56m_PGM_2Perc_coupling_errors_off_RP/round_2/100_bessy2hi_56m_PGM_2Perc_coupling_errors_off_RP.rml
2025-02-07 23:10:58,999 - INFO - Completed: 48, remaining: 12, RAYPy_Simulation_bessy2hi_56m_PGM_2Perc_coupling_errors_off_RP/round_2/101_bessy2hi_56m_PGM_2Perc_coupling_errors_off_RP.rml
2025-02-07 23:10:59,107 - INFO - Completed: 49, remaining: 11, RAYPy_Simulation_bessy2hi_56m_PGM_2Perc_coupling_errors_off_RP/round_2/102_bessy2hi_56m_PGM_2Perc_coupling_errors_off_RP.rml
2025-02-07 23:10:59,335 - INFO - Completed: 50, remaining: 10, RAYPy_Simulation_bessy2hi_56m_PGM_2Perc_coupling_errors_off_RP/round_2/104_bessy2hi_56m_PGM_2Perc_coupling_errors_off_RP.rml
2025-02-07 23:10:59,359 - INFO - Completed: 51, remaining: 9, RAYPy_Simulation_bessy2hi_56m_PGM_2Perc_coupling_errors_off_RP/round_2/103_bessy2hi_56m_PGM_2Perc_coupling_errors_off_RP.rml
2025-02-07 23:10:59,512 - INFO - Completed: 52, remaining: 8, RAYPy_Simulation_bessy2hi_56m_PGM_2Perc_coupling_errors_off_RP/round_2/105_bessy2hi_56m_PGM_2Perc_coupling_errors_off_RP.rml
2025-02-07 23:10:59,655 - INFO - Completed: 53, remaining: 7, RAYPy_Simulation_bessy2hi_56m_PGM_2Perc_coupling_errors_off_RP/round_2/106_bessy2hi_56m_PGM_2Perc_coupling_errors_off_RP.rml
2025-02-07 23:10:59,875 - INFO - Completed: 54, remaining: 6, RAYPy_Simulation_bessy2hi_56m_PGM_2Perc_coupling_errors_off_RP/round_2/107_bessy2hi_56m_PGM_2Perc_coupling_errors_off_RP.rml
2025-02-07 23:11:00,709 - INFO - Completed: 55, remaining: 5, RAYPy_Simulation_bessy2hi_56m_PGM_2Perc_coupling_errors_off_RP/round_2/108_bessy2hi_56m_PGM_2Perc_coupling_errors_off_RP.rml
2025-02-07 23:11:00,798 - INFO - Completed: 56, remaining: 4, RAYPy_Simulation_bessy2hi_56m_PGM_2Perc_coupling_errors_off_RP/round_2/109_bessy2hi_56m_PGM_2Perc_coupling_errors_off_RP.rml
2025-02-07 23:11:01,057 - INFO - Completed: 57, remaining: 3, RAYPy_Simulation_bessy2hi_56m_PGM_2Perc_coupling_errors_off_RP/round_2/110_bessy2hi_56m_PGM_2Perc_coupling_errors_off_RP.rml
2025-02-07 23:11:01,169 - INFO - Completed: 58, remaining: 2, RAYPy_Simulation_bessy2hi_56m_PGM_2Perc_coupling_errors_off_RP/round_2/111_bessy2hi_56m_PGM_2Perc_coupling_errors_off_RP.rml
2025-02-07 23:11:01,307 - INFO - Completed: 59, remaining: 1, RAYPy_Simulation_bessy2hi_56m_PGM_2Perc_coupling_errors_off_RP/round_2/112_bessy2hi_56m_PGM_2Perc_coupling_errors_off_RP.rml
2025-02-07 23:11:01,497 - INFO - Completed: 60, remaining: 0, RAYPy_Simulation_bessy2hi_56m_PGM_2Perc_coupling_errors_off_RP/round_2/113_bessy2hi_56m_PGM_2Perc_coupling_errors_off_RP.rml
2025-02-07 23:11:01,498 - INFO - Batch Completed
2025-02-07 23:11:01,498 - INFO - Waiting For batch, 60 simulations to go
2025-02-07 23:11:01,502 - INFO - Prepared sim number: 114: RAYPy_Simulation_bessy2hi_56m_PGM_2Perc_coupling_errors_off_RP/round_2/114_bessy2hi_56m_PGM_2Perc_coupling_errors_off_RP.rml
2025-02-07 23:11:01,506 - INFO - Prepared sim number: 115: RAYPy_Simulation_bessy2hi_56m_PGM_2Perc_coupling_errors_off_RP/round_2/115_bessy2hi_56m_PGM_2Perc_coupling_errors_off_RP.rml
2025-02-07 23:11:01,514 - INFO - Prepared sim number: 116: RAYPy_Simulation_bessy2hi_56m_PGM_2Perc_coupling_errors_off_RP/round_2/116_bessy2hi_56m_PGM_2Perc_coupling_errors_off_RP.rml
2025-02-07 23:11:01,519 - INFO - Prepared sim number: 117: RAYPy_Simulation_bessy2hi_56m_PGM_2Perc_coupling_errors_off_RP/round_2/117_bessy2hi_56m_PGM_2Perc_coupling_errors_off_RP.rml
2025-02-07 23:11:01,526 - INFO - Prepared sim number: 118: RAYPy_Simulation_bessy2hi_56m_PGM_2Perc_coupling_errors_off_RP/round_2/118_bessy2hi_56m_PGM_2Perc_coupling_errors_off_RP.rml
2025-02-07 23:11:01,531 - INFO - Prepared sim number: 119: RAYPy_Simulation_bessy2hi_56m_PGM_2Perc_coupling_errors_off_RP/round_2/119_bessy2hi_56m_PGM_2Perc_coupling_errors_off_RP.rml
2025-02-07 23:11:01,536 - INFO - Prepared sim number: 120: RAYPy_Simulation_bessy2hi_56m_PGM_2Perc_coupling_errors_off_RP/round_2/120_bessy2hi_56m_PGM_2Perc_coupling_errors_off_RP.rml
2025-02-07 23:11:01,546 - INFO - Prepared sim number: 121: RAYPy_Simulation_bessy2hi_56m_PGM_2Perc_coupling_errors_off_RP/round_2/121_bessy2hi_56m_PGM_2Perc_coupling_errors_off_RP.rml
2025-02-07 23:11:01,551 - INFO - Prepared sim number: 122: RAYPy_Simulation_bessy2hi_56m_PGM_2Perc_coupling_errors_off_RP/round_2/122_bessy2hi_56m_PGM_2Perc_coupling_errors_off_RP.rml
2025-02-07 23:11:01,551 - INFO - Start round 3
2025-02-07 23:11:01,557 - INFO - Prepared sim number: 0: RAYPy_Simulation_bessy2hi_56m_PGM_2Perc_coupling_errors_off_RP/round_3/0_bessy2hi_56m_PGM_2Perc_coupling_errors_off_RP.rml
2025-02-07 23:11:01,561 - INFO - Prepared sim number: 1: RAYPy_Simulation_bessy2hi_56m_PGM_2Perc_coupling_errors_off_RP/round_3/1_bessy2hi_56m_PGM_2Perc_coupling_errors_off_RP.rml
2025-02-07 23:11:01,565 - INFO - Prepared sim number: 2: RAYPy_Simulation_bessy2hi_56m_PGM_2Perc_coupling_errors_off_RP/round_3/2_bessy2hi_56m_PGM_2Perc_coupling_errors_off_RP.rml
2025-02-07 23:11:01,570 - INFO - Prepared sim number: 3: RAYPy_Simulation_bessy2hi_56m_PGM_2Perc_coupling_errors_off_RP/round_3/3_bessy2hi_56m_PGM_2Perc_coupling_errors_off_RP.rml
2025-02-07 23:11:01,574 - INFO - Prepared sim number: 4: RAYPy_Simulation_bessy2hi_56m_PGM_2Perc_coupling_errors_off_RP/round_3/4_bessy2hi_56m_PGM_2Perc_coupling_errors_off_RP.rml
2025-02-07 23:11:01,581 - INFO - Prepared sim number: 5: RAYPy_Simulation_bessy2hi_56m_PGM_2Perc_coupling_errors_off_RP/round_3/5_bessy2hi_56m_PGM_2Perc_coupling_errors_off_RP.rml
2025-02-07 23:11:01,586 - INFO - Prepared sim number: 6: RAYPy_Simulation_bessy2hi_56m_PGM_2Perc_coupling_errors_off_RP/round_3/6_bessy2hi_56m_PGM_2Perc_coupling_errors_off_RP.rml
2025-02-07 23:11:01,591 - INFO - Prepared sim number: 7: RAYPy_Simulation_bessy2hi_56m_PGM_2Perc_coupling_errors_off_RP/round_3/7_bessy2hi_56m_PGM_2Perc_coupling_errors_off_RP.rml
2025-02-07 23:11:01,595 - INFO - Prepared sim number: 8: RAYPy_Simulation_bessy2hi_56m_PGM_2Perc_coupling_errors_off_RP/round_3/8_bessy2hi_56m_PGM_2Perc_coupling_errors_off_RP.rml
2025-02-07 23:11:01,600 - INFO - Prepared sim number: 9: RAYPy_Simulation_bessy2hi_56m_PGM_2Perc_coupling_errors_off_RP/round_3/9_bessy2hi_56m_PGM_2Perc_coupling_errors_off_RP.rml
2025-02-07 23:11:01,603 - INFO - Prepared sim number: 10: RAYPy_Simulation_bessy2hi_56m_PGM_2Perc_coupling_errors_off_RP/round_3/10_bessy2hi_56m_PGM_2Perc_coupling_errors_off_RP.rml
2025-02-07 23:11:01,607 - INFO - Prepared sim number: 11: RAYPy_Simulation_bessy2hi_56m_PGM_2Perc_coupling_errors_off_RP/round_3/11_bessy2hi_56m_PGM_2Perc_coupling_errors_off_RP.rml
2025-02-07 23:11:01,612 - INFO - Prepared sim number: 12: RAYPy_Simulation_bessy2hi_56m_PGM_2Perc_coupling_errors_off_RP/round_3/12_bessy2hi_56m_PGM_2Perc_coupling_errors_off_RP.rml
2025-02-07 23:11:01,616 - INFO - Prepared sim number: 13: RAYPy_Simulation_bessy2hi_56m_PGM_2Perc_coupling_errors_off_RP/round_3/13_bessy2hi_56m_PGM_2Perc_coupling_errors_off_RP.rml
2025-02-07 23:11:01,621 - INFO - Prepared sim number: 14: RAYPy_Simulation_bessy2hi_56m_PGM_2Perc_coupling_errors_off_RP/round_3/14_bessy2hi_56m_PGM_2Perc_coupling_errors_off_RP.rml
2025-02-07 23:11:01,624 - INFO - Prepared sim number: 15: RAYPy_Simulation_bessy2hi_56m_PGM_2Perc_coupling_errors_off_RP/round_3/15_bessy2hi_56m_PGM_2Perc_coupling_errors_off_RP.rml
2025-02-07 23:11:01,628 - INFO - Prepared sim number: 16: RAYPy_Simulation_bessy2hi_56m_PGM_2Perc_coupling_errors_off_RP/round_3/16_bessy2hi_56m_PGM_2Perc_coupling_errors_off_RP.rml
2025-02-07 23:11:01,632 - INFO - Prepared sim number: 17: RAYPy_Simulation_bessy2hi_56m_PGM_2Perc_coupling_errors_off_RP/round_3/17_bessy2hi_56m_PGM_2Perc_coupling_errors_off_RP.rml
2025-02-07 23:11:01,635 - INFO - Prepared sim number: 18: RAYPy_Simulation_bessy2hi_56m_PGM_2Perc_coupling_errors_off_RP/round_3/18_bessy2hi_56m_PGM_2Perc_coupling_errors_off_RP.rml
2025-02-07 23:11:01,639 - INFO - Prepared sim number: 19: RAYPy_Simulation_bessy2hi_56m_PGM_2Perc_coupling_errors_off_RP/round_3/19_bessy2hi_56m_PGM_2Perc_coupling_errors_off_RP.rml
2025-02-07 23:11:01,642 - INFO - Prepared sim number: 20: RAYPy_Simulation_bessy2hi_56m_PGM_2Perc_coupling_errors_off_RP/round_3/20_bessy2hi_56m_PGM_2Perc_coupling_errors_off_RP.rml
2025-02-07 23:11:01,647 - INFO - Prepared sim number: 21: RAYPy_Simulation_bessy2hi_56m_PGM_2Perc_coupling_errors_off_RP/round_3/21_bessy2hi_56m_PGM_2Perc_coupling_errors_off_RP.rml
2025-02-07 23:11:01,650 - INFO - Prepared sim number: 22: RAYPy_Simulation_bessy2hi_56m_PGM_2Perc_coupling_errors_off_RP/round_3/22_bessy2hi_56m_PGM_2Perc_coupling_errors_off_RP.rml
2025-02-07 23:11:01,654 - INFO - Prepared sim number: 23: RAYPy_Simulation_bessy2hi_56m_PGM_2Perc_coupling_errors_off_RP/round_3/23_bessy2hi_56m_PGM_2Perc_coupling_errors_off_RP.rml
2025-02-07 23:11:01,657 - INFO - Prepared sim number: 24: RAYPy_Simulation_bessy2hi_56m_PGM_2Perc_coupling_errors_off_RP/round_3/24_bessy2hi_56m_PGM_2Perc_coupling_errors_off_RP.rml
2025-02-07 23:11:01,661 - INFO - Prepared sim number: 25: RAYPy_Simulation_bessy2hi_56m_PGM_2Perc_coupling_errors_off_RP/round_3/25_bessy2hi_56m_PGM_2Perc_coupling_errors_off_RP.rml
2025-02-07 23:11:01,664 - INFO - Prepared sim number: 26: RAYPy_Simulation_bessy2hi_56m_PGM_2Perc_coupling_errors_off_RP/round_3/26_bessy2hi_56m_PGM_2Perc_coupling_errors_off_RP.rml
2025-02-07 23:11:01,667 - INFO - Prepared sim number: 27: RAYPy_Simulation_bessy2hi_56m_PGM_2Perc_coupling_errors_off_RP/round_3/27_bessy2hi_56m_PGM_2Perc_coupling_errors_off_RP.rml
2025-02-07 23:11:01,670 - INFO - Prepared sim number: 28: RAYPy_Simulation_bessy2hi_56m_PGM_2Perc_coupling_errors_off_RP/round_3/28_bessy2hi_56m_PGM_2Perc_coupling_errors_off_RP.rml
2025-02-07 23:11:01,674 - INFO - Prepared sim number: 29: RAYPy_Simulation_bessy2hi_56m_PGM_2Perc_coupling_errors_off_RP/round_3/29_bessy2hi_56m_PGM_2Perc_coupling_errors_off_RP.rml
2025-02-07 23:11:01,677 - INFO - Prepared sim number: 30: RAYPy_Simulation_bessy2hi_56m_PGM_2Perc_coupling_errors_off_RP/round_3/30_bessy2hi_56m_PGM_2Perc_coupling_errors_off_RP.rml
2025-02-07 23:11:01,680 - INFO - Prepared sim number: 31: RAYPy_Simulation_bessy2hi_56m_PGM_2Perc_coupling_errors_off_RP/round_3/31_bessy2hi_56m_PGM_2Perc_coupling_errors_off_RP.rml
2025-02-07 23:11:01,684 - INFO - Prepared sim number: 32: RAYPy_Simulation_bessy2hi_56m_PGM_2Perc_coupling_errors_off_RP/round_3/32_bessy2hi_56m_PGM_2Perc_coupling_errors_off_RP.rml
2025-02-07 23:11:01,687 - INFO - Prepared sim number: 33: RAYPy_Simulation_bessy2hi_56m_PGM_2Perc_coupling_errors_off_RP/round_3/33_bessy2hi_56m_PGM_2Perc_coupling_errors_off_RP.rml
2025-02-07 23:11:01,692 - INFO - Prepared sim number: 34: RAYPy_Simulation_bessy2hi_56m_PGM_2Perc_coupling_errors_off_RP/round_3/34_bessy2hi_56m_PGM_2Perc_coupling_errors_off_RP.rml
2025-02-07 23:11:01,696 - INFO - Prepared sim number: 35: RAYPy_Simulation_bessy2hi_56m_PGM_2Perc_coupling_errors_off_RP/round_3/35_bessy2hi_56m_PGM_2Perc_coupling_errors_off_RP.rml
2025-02-07 23:11:01,701 - INFO - Prepared sim number: 36: RAYPy_Simulation_bessy2hi_56m_PGM_2Perc_coupling_errors_off_RP/round_3/36_bessy2hi_56m_PGM_2Perc_coupling_errors_off_RP.rml
2025-02-07 23:11:01,708 - INFO - Prepared sim number: 37: RAYPy_Simulation_bessy2hi_56m_PGM_2Perc_coupling_errors_off_RP/round_3/37_bessy2hi_56m_PGM_2Perc_coupling_errors_off_RP.rml
2025-02-07 23:11:01,715 - INFO - Prepared sim number: 38: RAYPy_Simulation_bessy2hi_56m_PGM_2Perc_coupling_errors_off_RP/round_3/38_bessy2hi_56m_PGM_2Perc_coupling_errors_off_RP.rml
2025-02-07 23:11:01,723 - INFO - Prepared sim number: 39: RAYPy_Simulation_bessy2hi_56m_PGM_2Perc_coupling_errors_off_RP/round_3/39_bessy2hi_56m_PGM_2Perc_coupling_errors_off_RP.rml
2025-02-07 23:11:01,728 - INFO - Prepared sim number: 40: RAYPy_Simulation_bessy2hi_56m_PGM_2Perc_coupling_errors_off_RP/round_3/40_bessy2hi_56m_PGM_2Perc_coupling_errors_off_RP.rml
2025-02-07 23:11:01,733 - INFO - Prepared sim number: 41: RAYPy_Simulation_bessy2hi_56m_PGM_2Perc_coupling_errors_off_RP/round_3/41_bessy2hi_56m_PGM_2Perc_coupling_errors_off_RP.rml
2025-02-07 23:11:01,738 - INFO - Prepared sim number: 42: RAYPy_Simulation_bessy2hi_56m_PGM_2Perc_coupling_errors_off_RP/round_3/42_bessy2hi_56m_PGM_2Perc_coupling_errors_off_RP.rml
2025-02-07 23:11:01,743 - INFO - Prepared sim number: 43: RAYPy_Simulation_bessy2hi_56m_PGM_2Perc_coupling_errors_off_RP/round_3/43_bessy2hi_56m_PGM_2Perc_coupling_errors_off_RP.rml
2025-02-07 23:11:01,748 - INFO - Prepared sim number: 44: RAYPy_Simulation_bessy2hi_56m_PGM_2Perc_coupling_errors_off_RP/round_3/44_bessy2hi_56m_PGM_2Perc_coupling_errors_off_RP.rml
2025-02-07 23:11:01,753 - INFO - Prepared sim number: 45: RAYPy_Simulation_bessy2hi_56m_PGM_2Perc_coupling_errors_off_RP/round_3/45_bessy2hi_56m_PGM_2Perc_coupling_errors_off_RP.rml
2025-02-07 23:11:01,759 - INFO - Prepared sim number: 46: RAYPy_Simulation_bessy2hi_56m_PGM_2Perc_coupling_errors_off_RP/round_3/46_bessy2hi_56m_PGM_2Perc_coupling_errors_off_RP.rml
2025-02-07 23:11:01,764 - INFO - Prepared sim number: 47: RAYPy_Simulation_bessy2hi_56m_PGM_2Perc_coupling_errors_off_RP/round_3/47_bessy2hi_56m_PGM_2Perc_coupling_errors_off_RP.rml
2025-02-07 23:11:01,769 - INFO - Prepared sim number: 48: RAYPy_Simulation_bessy2hi_56m_PGM_2Perc_coupling_errors_off_RP/round_3/48_bessy2hi_56m_PGM_2Perc_coupling_errors_off_RP.rml
2025-02-07 23:11:01,774 - INFO - Prepared sim number: 49: RAYPy_Simulation_bessy2hi_56m_PGM_2Perc_coupling_errors_off_RP/round_3/49_bessy2hi_56m_PGM_2Perc_coupling_errors_off_RP.rml
2025-02-07 23:11:01,780 - INFO - Prepared sim number: 50: RAYPy_Simulation_bessy2hi_56m_PGM_2Perc_coupling_errors_off_RP/round_3/50_bessy2hi_56m_PGM_2Perc_coupling_errors_off_RP.rml
2025-02-07 23:11:01,781 - INFO - Waiting for batch number: 6, timeout: 22.33915632168452s
2025-02-07 23:11:04,482 - INFO - Completed: 1, remaining: 59, RAYPy_Simulation_bessy2hi_56m_PGM_2Perc_coupling_errors_off_RP/round_2/122_bessy2hi_56m_PGM_2Perc_coupling_errors_off_RP.rml
2025-02-07 23:11:04,618 - INFO - Completed: 2, remaining: 58, RAYPy_Simulation_bessy2hi_56m_PGM_2Perc_coupling_errors_off_RP/round_2/121_bessy2hi_56m_PGM_2Perc_coupling_errors_off_RP.rml
2025-02-07 23:11:04,660 - INFO - Completed: 3, remaining: 57, RAYPy_Simulation_bessy2hi_56m_PGM_2Perc_coupling_errors_off_RP/round_3/1_bessy2hi_56m_PGM_2Perc_coupling_errors_off_RP.rml
2025-02-07 23:11:04,679 - INFO - Completed: 4, remaining: 56, RAYPy_Simulation_bessy2hi_56m_PGM_2Perc_coupling_errors_off_RP/round_2/115_bessy2hi_56m_PGM_2Perc_coupling_errors_off_RP.rml
2025-02-07 23:11:04,692 - INFO - Completed: 5, remaining: 55, RAYPy_Simulation_bessy2hi_56m_PGM_2Perc_coupling_errors_off_RP/round_2/120_bessy2hi_56m_PGM_2Perc_coupling_errors_off_RP.rml
2025-02-07 23:11:04,823 - INFO - Completed: 6, remaining: 54, RAYPy_Simulation_bessy2hi_56m_PGM_2Perc_coupling_errors_off_RP/round_2/117_bessy2hi_56m_PGM_2Perc_coupling_errors_off_RP.rml
2025-02-07 23:11:04,835 - INFO - Completed: 7, remaining: 53, RAYPy_Simulation_bessy2hi_56m_PGM_2Perc_coupling_errors_off_RP/round_2/118_bessy2hi_56m_PGM_2Perc_coupling_errors_off_RP.rml
2025-02-07 23:11:04,836 - INFO - Completed: 8, remaining: 52, RAYPy_Simulation_bessy2hi_56m_PGM_2Perc_coupling_errors_off_RP/round_2/114_bessy2hi_56m_PGM_2Perc_coupling_errors_off_RP.rml
2025-02-07 23:11:04,902 - INFO - Completed: 9, remaining: 51, RAYPy_Simulation_bessy2hi_56m_PGM_2Perc_coupling_errors_off_RP/round_3/2_bessy2hi_56m_PGM_2Perc_coupling_errors_off_RP.rml
2025-02-07 23:11:04,991 - INFO - Completed: 10, remaining: 50, RAYPy_Simulation_bessy2hi_56m_PGM_2Perc_coupling_errors_off_RP/round_2/119_bessy2hi_56m_PGM_2Perc_coupling_errors_off_RP.rml
2025-02-07 23:11:07,206 - INFO - Completed: 11, remaining: 49, RAYPy_Simulation_bessy2hi_56m_PGM_2Perc_coupling_errors_off_RP/round_2/116_bessy2hi_56m_PGM_2Perc_coupling_errors_off_RP.rml
2025-02-07 23:11:08,029 - INFO - Completed: 12, remaining: 48, RAYPy_Simulation_bessy2hi_56m_PGM_2Perc_coupling_errors_off_RP/round_3/4_bessy2hi_56m_PGM_2Perc_coupling_errors_off_RP.rml
2025-02-07 23:11:08,123 - INFO - Completed: 13, remaining: 47, RAYPy_Simulation_bessy2hi_56m_PGM_2Perc_coupling_errors_off_RP/round_3/0_bessy2hi_56m_PGM_2Perc_coupling_errors_off_RP.rml
2025-02-07 23:11:08,266 - INFO - Completed: 14, remaining: 46, RAYPy_Simulation_bessy2hi_56m_PGM_2Perc_coupling_errors_off_RP/round_3/3_bessy2hi_56m_PGM_2Perc_coupling_errors_off_RP.rml
2025-02-07 23:11:08,422 - INFO - Completed: 15, remaining: 45, RAYPy_Simulation_bessy2hi_56m_PGM_2Perc_coupling_errors_off_RP/round_3/5_bessy2hi_56m_PGM_2Perc_coupling_errors_off_RP.rml
2025-02-07 23:11:08,495 - INFO - Completed: 16, remaining: 44, RAYPy_Simulation_bessy2hi_56m_PGM_2Perc_coupling_errors_off_RP/round_3/6_bessy2hi_56m_PGM_2Perc_coupling_errors_off_RP.rml
2025-02-07 23:11:08,595 - INFO - Completed: 17, remaining: 43, RAYPy_Simulation_bessy2hi_56m_PGM_2Perc_coupling_errors_off_RP/round_3/11_bessy2hi_56m_PGM_2Perc_coupling_errors_off_RP.rml
2025-02-07 23:11:08,733 - INFO - Completed: 18, remaining: 42, RAYPy_Simulation_bessy2hi_56m_PGM_2Perc_coupling_errors_off_RP/round_3/7_bessy2hi_56m_PGM_2Perc_coupling_errors_off_RP.rml
2025-02-07 23:11:08,774 - INFO - Completed: 19, remaining: 41, RAYPy_Simulation_bessy2hi_56m_PGM_2Perc_coupling_errors_off_RP/round_3/10_bessy2hi_56m_PGM_2Perc_coupling_errors_off_RP.rml
2025-02-07 23:11:08,802 - INFO - Completed: 20, remaining: 40, RAYPy_Simulation_bessy2hi_56m_PGM_2Perc_coupling_errors_off_RP/round_3/9_bessy2hi_56m_PGM_2Perc_coupling_errors_off_RP.rml
2025-02-07 23:11:08,893 - INFO - Completed: 21, remaining: 39, RAYPy_Simulation_bessy2hi_56m_PGM_2Perc_coupling_errors_off_RP/round_3/8_bessy2hi_56m_PGM_2Perc_coupling_errors_off_RP.rml
2025-02-07 23:11:08,967 - INFO - Completed: 22, remaining: 38, RAYPy_Simulation_bessy2hi_56m_PGM_2Perc_coupling_errors_off_RP/round_3/12_bessy2hi_56m_PGM_2Perc_coupling_errors_off_RP.rml
2025-02-07 23:11:10,893 - INFO - Completed: 23, remaining: 37, RAYPy_Simulation_bessy2hi_56m_PGM_2Perc_coupling_errors_off_RP/round_3/13_bessy2hi_56m_PGM_2Perc_coupling_errors_off_RP.rml
2025-02-07 23:11:11,370 - INFO - Completed: 24, remaining: 36, RAYPy_Simulation_bessy2hi_56m_PGM_2Perc_coupling_errors_off_RP/round_3/14_bessy2hi_56m_PGM_2Perc_coupling_errors_off_RP.rml
2025-02-07 23:11:11,626 - INFO - Completed: 25, remaining: 35, RAYPy_Simulation_bessy2hi_56m_PGM_2Perc_coupling_errors_off_RP/round_3/16_bessy2hi_56m_PGM_2Perc_coupling_errors_off_RP.rml
2025-02-07 23:11:12,117 - INFO - Completed: 26, remaining: 34, RAYPy_Simulation_bessy2hi_56m_PGM_2Perc_coupling_errors_off_RP/round_3/18_bessy2hi_56m_PGM_2Perc_coupling_errors_off_RP.rml
2025-02-07 23:11:12,283 - INFO - Completed: 27, remaining: 33, RAYPy_Simulation_bessy2hi_56m_PGM_2Perc_coupling_errors_off_RP/round_3/19_bessy2hi_56m_PGM_2Perc_coupling_errors_off_RP.rml
2025-02-07 23:11:12,446 - INFO - Completed: 28, remaining: 32, RAYPy_Simulation_bessy2hi_56m_PGM_2Perc_coupling_errors_off_RP/round_3/21_bessy2hi_56m_PGM_2Perc_coupling_errors_off_RP.rml
2025-02-07 23:11:12,688 - INFO - Completed: 29, remaining: 31, RAYPy_Simulation_bessy2hi_56m_PGM_2Perc_coupling_errors_off_RP/round_3/23_bessy2hi_56m_PGM_2Perc_coupling_errors_off_RP.rml
2025-02-07 23:11:12,795 - INFO - Completed: 30, remaining: 30, RAYPy_Simulation_bessy2hi_56m_PGM_2Perc_coupling_errors_off_RP/round_3/17_bessy2hi_56m_PGM_2Perc_coupling_errors_off_RP.rml
2025-02-07 23:11:12,813 - INFO - Completed: 31, remaining: 29, RAYPy_Simulation_bessy2hi_56m_PGM_2Perc_coupling_errors_off_RP/round_3/20_bessy2hi_56m_PGM_2Perc_coupling_errors_off_RP.rml
2025-02-07 23:11:12,848 - INFO - Completed: 32, remaining: 28, RAYPy_Simulation_bessy2hi_56m_PGM_2Perc_coupling_errors_off_RP/round_3/22_bessy2hi_56m_PGM_2Perc_coupling_errors_off_RP.rml
2025-02-07 23:11:12,979 - INFO - Completed: 33, remaining: 27, RAYPy_Simulation_bessy2hi_56m_PGM_2Perc_coupling_errors_off_RP/round_3/15_bessy2hi_56m_PGM_2Perc_coupling_errors_off_RP.rml
2025-02-07 23:11:13,208 - INFO - Completed: 34, remaining: 26, RAYPy_Simulation_bessy2hi_56m_PGM_2Perc_coupling_errors_off_RP/round_3/24_bessy2hi_56m_PGM_2Perc_coupling_errors_off_RP.rml
2025-02-07 23:11:14,965 - INFO - Completed: 35, remaining: 25, RAYPy_Simulation_bessy2hi_56m_PGM_2Perc_coupling_errors_off_RP/round_3/25_bessy2hi_56m_PGM_2Perc_coupling_errors_off_RP.rml
2025-02-07 23:11:15,136 - INFO - Completed: 36, remaining: 24, RAYPy_Simulation_bessy2hi_56m_PGM_2Perc_coupling_errors_off_RP/round_3/26_bessy2hi_56m_PGM_2Perc_coupling_errors_off_RP.rml
2025-02-07 23:11:15,338 - INFO - Completed: 37, remaining: 23, RAYPy_Simulation_bessy2hi_56m_PGM_2Perc_coupling_errors_off_RP/round_3/27_bessy2hi_56m_PGM_2Perc_coupling_errors_off_RP.rml
2025-02-07 23:11:15,803 - INFO - Completed: 38, remaining: 22, RAYPy_Simulation_bessy2hi_56m_PGM_2Perc_coupling_errors_off_RP/round_3/28_bessy2hi_56m_PGM_2Perc_coupling_errors_off_RP.rml
2025-02-07 23:11:16,132 - INFO - Completed: 39, remaining: 21, RAYPy_Simulation_bessy2hi_56m_PGM_2Perc_coupling_errors_off_RP/round_3/30_bessy2hi_56m_PGM_2Perc_coupling_errors_off_RP.rml
2025-02-07 23:11:16,530 - INFO - Completed: 40, remaining: 20, RAYPy_Simulation_bessy2hi_56m_PGM_2Perc_coupling_errors_off_RP/round_3/31_bessy2hi_56m_PGM_2Perc_coupling_errors_off_RP.rml
2025-02-07 23:11:16,670 - INFO - Completed: 41, remaining: 19, RAYPy_Simulation_bessy2hi_56m_PGM_2Perc_coupling_errors_off_RP/round_3/34_bessy2hi_56m_PGM_2Perc_coupling_errors_off_RP.rml
2025-02-07 23:11:16,736 - INFO - Completed: 42, remaining: 18, RAYPy_Simulation_bessy2hi_56m_PGM_2Perc_coupling_errors_off_RP/round_3/32_bessy2hi_56m_PGM_2Perc_coupling_errors_off_RP.rml
2025-02-07 23:11:16,907 - INFO - Completed: 43, remaining: 17, RAYPy_Simulation_bessy2hi_56m_PGM_2Perc_coupling_errors_off_RP/round_3/33_bessy2hi_56m_PGM_2Perc_coupling_errors_off_RP.rml
2025-02-07 23:11:16,986 - INFO - Completed: 44, remaining: 16, RAYPy_Simulation_bessy2hi_56m_PGM_2Perc_coupling_errors_off_RP/round_3/35_bessy2hi_56m_PGM_2Perc_coupling_errors_off_RP.rml
2025-02-07 23:11:17,291 - INFO - Completed: 45, remaining: 15, RAYPy_Simulation_bessy2hi_56m_PGM_2Perc_coupling_errors_off_RP/round_3/29_bessy2hi_56m_PGM_2Perc_coupling_errors_off_RP.rml
2025-02-07 23:11:17,316 - INFO - Completed: 46, remaining: 14, RAYPy_Simulation_bessy2hi_56m_PGM_2Perc_coupling_errors_off_RP/round_3/36_bessy2hi_56m_PGM_2Perc_coupling_errors_off_RP.rml
2025-02-07 23:11:18,729 - INFO - Completed: 47, remaining: 13, RAYPy_Simulation_bessy2hi_56m_PGM_2Perc_coupling_errors_off_RP/round_3/37_bessy2hi_56m_PGM_2Perc_coupling_errors_off_RP.rml
2025-02-07 23:11:19,059 - INFO - Completed: 48, remaining: 12, RAYPy_Simulation_bessy2hi_56m_PGM_2Perc_coupling_errors_off_RP/round_3/38_bessy2hi_56m_PGM_2Perc_coupling_errors_off_RP.rml
2025-02-07 23:11:19,414 - INFO - Completed: 49, remaining: 11, RAYPy_Simulation_bessy2hi_56m_PGM_2Perc_coupling_errors_off_RP/round_3/41_bessy2hi_56m_PGM_2Perc_coupling_errors_off_RP.rml
2025-02-07 23:11:19,436 - INFO - Completed: 50, remaining: 10, RAYPy_Simulation_bessy2hi_56m_PGM_2Perc_coupling_errors_off_RP/round_3/39_bessy2hi_56m_PGM_2Perc_coupling_errors_off_RP.rml
2025-02-07 23:11:19,653 - INFO - Completed: 51, remaining: 9, RAYPy_Simulation_bessy2hi_56m_PGM_2Perc_coupling_errors_off_RP/round_3/40_bessy2hi_56m_PGM_2Perc_coupling_errors_off_RP.rml
2025-02-07 23:11:19,960 - INFO - Completed: 52, remaining: 8, RAYPy_Simulation_bessy2hi_56m_PGM_2Perc_coupling_errors_off_RP/round_3/44_bessy2hi_56m_PGM_2Perc_coupling_errors_off_RP.rml
2025-02-07 23:11:20,078 - INFO - Completed: 53, remaining: 7, RAYPy_Simulation_bessy2hi_56m_PGM_2Perc_coupling_errors_off_RP/round_3/45_bessy2hi_56m_PGM_2Perc_coupling_errors_off_RP.rml
2025-02-07 23:11:20,228 - INFO - Completed: 54, remaining: 6, RAYPy_Simulation_bessy2hi_56m_PGM_2Perc_coupling_errors_off_RP/round_3/42_bessy2hi_56m_PGM_2Perc_coupling_errors_off_RP.rml
2025-02-07 23:11:20,272 - INFO - Completed: 55, remaining: 5, RAYPy_Simulation_bessy2hi_56m_PGM_2Perc_coupling_errors_off_RP/round_3/46_bessy2hi_56m_PGM_2Perc_coupling_errors_off_RP.rml
2025-02-07 23:11:20,505 - INFO - Completed: 56, remaining: 4, RAYPy_Simulation_bessy2hi_56m_PGM_2Perc_coupling_errors_off_RP/round_3/48_bessy2hi_56m_PGM_2Perc_coupling_errors_off_RP.rml
2025-02-07 23:11:20,511 - INFO - Completed: 57, remaining: 3, RAYPy_Simulation_bessy2hi_56m_PGM_2Perc_coupling_errors_off_RP/round_3/47_bessy2hi_56m_PGM_2Perc_coupling_errors_off_RP.rml
2025-02-07 23:11:20,819 - INFO - Completed: 58, remaining: 2, RAYPy_Simulation_bessy2hi_56m_PGM_2Perc_coupling_errors_off_RP/round_3/43_bessy2hi_56m_PGM_2Perc_coupling_errors_off_RP.rml
2025-02-07 23:11:21,294 - INFO - Completed: 59, remaining: 1, RAYPy_Simulation_bessy2hi_56m_PGM_2Perc_coupling_errors_off_RP/round_3/49_bessy2hi_56m_PGM_2Perc_coupling_errors_off_RP.rml
2025-02-07 23:11:21,434 - INFO - Completed: 60, remaining: 0, RAYPy_Simulation_bessy2hi_56m_PGM_2Perc_coupling_errors_off_RP/round_3/50_bessy2hi_56m_PGM_2Perc_coupling_errors_off_RP.rml
2025-02-07 23:11:21,434 - INFO - Batch Completed
2025-02-07 23:11:21,434 - INFO - Waiting For batch, 60 simulations to go
2025-02-07 23:11:21,438 - INFO - Prepared sim number: 51: RAYPy_Simulation_bessy2hi_56m_PGM_2Perc_coupling_errors_off_RP/round_3/51_bessy2hi_56m_PGM_2Perc_coupling_errors_off_RP.rml
2025-02-07 23:11:21,441 - INFO - Prepared sim number: 52: RAYPy_Simulation_bessy2hi_56m_PGM_2Perc_coupling_errors_off_RP/round_3/52_bessy2hi_56m_PGM_2Perc_coupling_errors_off_RP.rml
2025-02-07 23:11:21,450 - INFO - Prepared sim number: 53: RAYPy_Simulation_bessy2hi_56m_PGM_2Perc_coupling_errors_off_RP/round_3/53_bessy2hi_56m_PGM_2Perc_coupling_errors_off_RP.rml
2025-02-07 23:11:21,454 - INFO - Prepared sim number: 54: RAYPy_Simulation_bessy2hi_56m_PGM_2Perc_coupling_errors_off_RP/round_3/54_bessy2hi_56m_PGM_2Perc_coupling_errors_off_RP.rml
2025-02-07 23:11:21,459 - INFO - Prepared sim number: 55: RAYPy_Simulation_bessy2hi_56m_PGM_2Perc_coupling_errors_off_RP/round_3/55_bessy2hi_56m_PGM_2Perc_coupling_errors_off_RP.rml
2025-02-07 23:11:21,463 - INFO - Prepared sim number: 56: RAYPy_Simulation_bessy2hi_56m_PGM_2Perc_coupling_errors_off_RP/round_3/56_bessy2hi_56m_PGM_2Perc_coupling_errors_off_RP.rml
2025-02-07 23:11:21,467 - INFO - Prepared sim number: 57: RAYPy_Simulation_bessy2hi_56m_PGM_2Perc_coupling_errors_off_RP/round_3/57_bessy2hi_56m_PGM_2Perc_coupling_errors_off_RP.rml
2025-02-07 23:11:21,473 - INFO - Prepared sim number: 58: RAYPy_Simulation_bessy2hi_56m_PGM_2Perc_coupling_errors_off_RP/round_3/58_bessy2hi_56m_PGM_2Perc_coupling_errors_off_RP.rml
2025-02-07 23:11:21,482 - INFO - Prepared sim number: 59: RAYPy_Simulation_bessy2hi_56m_PGM_2Perc_coupling_errors_off_RP/round_3/59_bessy2hi_56m_PGM_2Perc_coupling_errors_off_RP.rml
2025-02-07 23:11:21,490 - INFO - Prepared sim number: 60: RAYPy_Simulation_bessy2hi_56m_PGM_2Perc_coupling_errors_off_RP/round_3/60_bessy2hi_56m_PGM_2Perc_coupling_errors_off_RP.rml
2025-02-07 23:11:21,494 - INFO - Prepared sim number: 61: RAYPy_Simulation_bessy2hi_56m_PGM_2Perc_coupling_errors_off_RP/round_3/61_bessy2hi_56m_PGM_2Perc_coupling_errors_off_RP.rml
2025-02-07 23:11:21,499 - INFO - Prepared sim number: 62: RAYPy_Simulation_bessy2hi_56m_PGM_2Perc_coupling_errors_off_RP/round_3/62_bessy2hi_56m_PGM_2Perc_coupling_errors_off_RP.rml
2025-02-07 23:11:21,503 - INFO - Prepared sim number: 63: RAYPy_Simulation_bessy2hi_56m_PGM_2Perc_coupling_errors_off_RP/round_3/63_bessy2hi_56m_PGM_2Perc_coupling_errors_off_RP.rml
2025-02-07 23:11:21,508 - INFO - Prepared sim number: 64: RAYPy_Simulation_bessy2hi_56m_PGM_2Perc_coupling_errors_off_RP/round_3/64_bessy2hi_56m_PGM_2Perc_coupling_errors_off_RP.rml
2025-02-07 23:11:21,514 - INFO - Prepared sim number: 65: RAYPy_Simulation_bessy2hi_56m_PGM_2Perc_coupling_errors_off_RP/round_3/65_bessy2hi_56m_PGM_2Perc_coupling_errors_off_RP.rml
2025-02-07 23:11:21,519 - INFO - Prepared sim number: 66: RAYPy_Simulation_bessy2hi_56m_PGM_2Perc_coupling_errors_off_RP/round_3/66_bessy2hi_56m_PGM_2Perc_coupling_errors_off_RP.rml
2025-02-07 23:11:21,522 - INFO - Prepared sim number: 67: RAYPy_Simulation_bessy2hi_56m_PGM_2Perc_coupling_errors_off_RP/round_3/67_bessy2hi_56m_PGM_2Perc_coupling_errors_off_RP.rml
2025-02-07 23:11:21,525 - INFO - Prepared sim number: 68: RAYPy_Simulation_bessy2hi_56m_PGM_2Perc_coupling_errors_off_RP/round_3/68_bessy2hi_56m_PGM_2Perc_coupling_errors_off_RP.rml
2025-02-07 23:11:21,530 - INFO - Prepared sim number: 69: RAYPy_Simulation_bessy2hi_56m_PGM_2Perc_coupling_errors_off_RP/round_3/69_bessy2hi_56m_PGM_2Perc_coupling_errors_off_RP.rml
2025-02-07 23:11:21,533 - INFO - Prepared sim number: 70: RAYPy_Simulation_bessy2hi_56m_PGM_2Perc_coupling_errors_off_RP/round_3/70_bessy2hi_56m_PGM_2Perc_coupling_errors_off_RP.rml
2025-02-07 23:11:21,537 - INFO - Prepared sim number: 71: RAYPy_Simulation_bessy2hi_56m_PGM_2Perc_coupling_errors_off_RP/round_3/71_bessy2hi_56m_PGM_2Perc_coupling_errors_off_RP.rml
2025-02-07 23:11:21,540 - INFO - Prepared sim number: 72: RAYPy_Simulation_bessy2hi_56m_PGM_2Perc_coupling_errors_off_RP/round_3/72_bessy2hi_56m_PGM_2Perc_coupling_errors_off_RP.rml
2025-02-07 23:11:21,544 - INFO - Prepared sim number: 73: RAYPy_Simulation_bessy2hi_56m_PGM_2Perc_coupling_errors_off_RP/round_3/73_bessy2hi_56m_PGM_2Perc_coupling_errors_off_RP.rml
2025-02-07 23:11:21,547 - INFO - Prepared sim number: 74: RAYPy_Simulation_bessy2hi_56m_PGM_2Perc_coupling_errors_off_RP/round_3/74_bessy2hi_56m_PGM_2Perc_coupling_errors_off_RP.rml
2025-02-07 23:11:21,551 - INFO - Prepared sim number: 75: RAYPy_Simulation_bessy2hi_56m_PGM_2Perc_coupling_errors_off_RP/round_3/75_bessy2hi_56m_PGM_2Perc_coupling_errors_off_RP.rml
2025-02-07 23:11:21,554 - INFO - Prepared sim number: 76: RAYPy_Simulation_bessy2hi_56m_PGM_2Perc_coupling_errors_off_RP/round_3/76_bessy2hi_56m_PGM_2Perc_coupling_errors_off_RP.rml
2025-02-07 23:11:21,558 - INFO - Prepared sim number: 77: RAYPy_Simulation_bessy2hi_56m_PGM_2Perc_coupling_errors_off_RP/round_3/77_bessy2hi_56m_PGM_2Perc_coupling_errors_off_RP.rml
2025-02-07 23:11:21,561 - INFO - Prepared sim number: 78: RAYPy_Simulation_bessy2hi_56m_PGM_2Perc_coupling_errors_off_RP/round_3/78_bessy2hi_56m_PGM_2Perc_coupling_errors_off_RP.rml
2025-02-07 23:11:21,565 - INFO - Prepared sim number: 79: RAYPy_Simulation_bessy2hi_56m_PGM_2Perc_coupling_errors_off_RP/round_3/79_bessy2hi_56m_PGM_2Perc_coupling_errors_off_RP.rml
2025-02-07 23:11:21,568 - INFO - Prepared sim number: 80: RAYPy_Simulation_bessy2hi_56m_PGM_2Perc_coupling_errors_off_RP/round_3/80_bessy2hi_56m_PGM_2Perc_coupling_errors_off_RP.rml
2025-02-07 23:11:21,572 - INFO - Prepared sim number: 81: RAYPy_Simulation_bessy2hi_56m_PGM_2Perc_coupling_errors_off_RP/round_3/81_bessy2hi_56m_PGM_2Perc_coupling_errors_off_RP.rml
2025-02-07 23:11:21,575 - INFO - Prepared sim number: 82: RAYPy_Simulation_bessy2hi_56m_PGM_2Perc_coupling_errors_off_RP/round_3/82_bessy2hi_56m_PGM_2Perc_coupling_errors_off_RP.rml
2025-02-07 23:11:21,579 - INFO - Prepared sim number: 83: RAYPy_Simulation_bessy2hi_56m_PGM_2Perc_coupling_errors_off_RP/round_3/83_bessy2hi_56m_PGM_2Perc_coupling_errors_off_RP.rml
2025-02-07 23:11:21,582 - INFO - Prepared sim number: 84: RAYPy_Simulation_bessy2hi_56m_PGM_2Perc_coupling_errors_off_RP/round_3/84_bessy2hi_56m_PGM_2Perc_coupling_errors_off_RP.rml
2025-02-07 23:11:21,585 - INFO - Prepared sim number: 85: RAYPy_Simulation_bessy2hi_56m_PGM_2Perc_coupling_errors_off_RP/round_3/85_bessy2hi_56m_PGM_2Perc_coupling_errors_off_RP.rml
2025-02-07 23:11:21,588 - INFO - Prepared sim number: 86: RAYPy_Simulation_bessy2hi_56m_PGM_2Perc_coupling_errors_off_RP/round_3/86_bessy2hi_56m_PGM_2Perc_coupling_errors_off_RP.rml
2025-02-07 23:11:21,592 - INFO - Prepared sim number: 87: RAYPy_Simulation_bessy2hi_56m_PGM_2Perc_coupling_errors_off_RP/round_3/87_bessy2hi_56m_PGM_2Perc_coupling_errors_off_RP.rml
2025-02-07 23:11:21,595 - INFO - Prepared sim number: 88: RAYPy_Simulation_bessy2hi_56m_PGM_2Perc_coupling_errors_off_RP/round_3/88_bessy2hi_56m_PGM_2Perc_coupling_errors_off_RP.rml
2025-02-07 23:11:21,599 - INFO - Prepared sim number: 89: RAYPy_Simulation_bessy2hi_56m_PGM_2Perc_coupling_errors_off_RP/round_3/89_bessy2hi_56m_PGM_2Perc_coupling_errors_off_RP.rml
2025-02-07 23:11:21,602 - INFO - Prepared sim number: 90: RAYPy_Simulation_bessy2hi_56m_PGM_2Perc_coupling_errors_off_RP/round_3/90_bessy2hi_56m_PGM_2Perc_coupling_errors_off_RP.rml
2025-02-07 23:11:21,606 - INFO - Prepared sim number: 91: RAYPy_Simulation_bessy2hi_56m_PGM_2Perc_coupling_errors_off_RP/round_3/91_bessy2hi_56m_PGM_2Perc_coupling_errors_off_RP.rml
2025-02-07 23:11:21,610 - INFO - Prepared sim number: 92: RAYPy_Simulation_bessy2hi_56m_PGM_2Perc_coupling_errors_off_RP/round_3/92_bessy2hi_56m_PGM_2Perc_coupling_errors_off_RP.rml
2025-02-07 23:11:21,614 - INFO - Prepared sim number: 93: RAYPy_Simulation_bessy2hi_56m_PGM_2Perc_coupling_errors_off_RP/round_3/93_bessy2hi_56m_PGM_2Perc_coupling_errors_off_RP.rml
2025-02-07 23:11:21,617 - INFO - Prepared sim number: 94: RAYPy_Simulation_bessy2hi_56m_PGM_2Perc_coupling_errors_off_RP/round_3/94_bessy2hi_56m_PGM_2Perc_coupling_errors_off_RP.rml
2025-02-07 23:11:21,620 - INFO - Prepared sim number: 95: RAYPy_Simulation_bessy2hi_56m_PGM_2Perc_coupling_errors_off_RP/round_3/95_bessy2hi_56m_PGM_2Perc_coupling_errors_off_RP.rml
2025-02-07 23:11:21,624 - INFO - Prepared sim number: 96: RAYPy_Simulation_bessy2hi_56m_PGM_2Perc_coupling_errors_off_RP/round_3/96_bessy2hi_56m_PGM_2Perc_coupling_errors_off_RP.rml
2025-02-07 23:11:21,628 - INFO - Prepared sim number: 97: RAYPy_Simulation_bessy2hi_56m_PGM_2Perc_coupling_errors_off_RP/round_3/97_bessy2hi_56m_PGM_2Perc_coupling_errors_off_RP.rml
2025-02-07 23:11:21,631 - INFO - Prepared sim number: 98: RAYPy_Simulation_bessy2hi_56m_PGM_2Perc_coupling_errors_off_RP/round_3/98_bessy2hi_56m_PGM_2Perc_coupling_errors_off_RP.rml
2025-02-07 23:11:21,635 - INFO - Prepared sim number: 99: RAYPy_Simulation_bessy2hi_56m_PGM_2Perc_coupling_errors_off_RP/round_3/99_bessy2hi_56m_PGM_2Perc_coupling_errors_off_RP.rml
2025-02-07 23:11:21,638 - INFO - Prepared sim number: 100: RAYPy_Simulation_bessy2hi_56m_PGM_2Perc_coupling_errors_off_RP/round_3/100_bessy2hi_56m_PGM_2Perc_coupling_errors_off_RP.rml
2025-02-07 23:11:21,641 - INFO - Prepared sim number: 101: RAYPy_Simulation_bessy2hi_56m_PGM_2Perc_coupling_errors_off_RP/round_3/101_bessy2hi_56m_PGM_2Perc_coupling_errors_off_RP.rml
2025-02-07 23:11:21,645 - INFO - Prepared sim number: 102: RAYPy_Simulation_bessy2hi_56m_PGM_2Perc_coupling_errors_off_RP/round_3/102_bessy2hi_56m_PGM_2Perc_coupling_errors_off_RP.rml
2025-02-07 23:11:21,649 - INFO - Prepared sim number: 103: RAYPy_Simulation_bessy2hi_56m_PGM_2Perc_coupling_errors_off_RP/round_3/103_bessy2hi_56m_PGM_2Perc_coupling_errors_off_RP.rml
2025-02-07 23:11:21,652 - INFO - Prepared sim number: 104: RAYPy_Simulation_bessy2hi_56m_PGM_2Perc_coupling_errors_off_RP/round_3/104_bessy2hi_56m_PGM_2Perc_coupling_errors_off_RP.rml
2025-02-07 23:11:21,655 - INFO - Prepared sim number: 105: RAYPy_Simulation_bessy2hi_56m_PGM_2Perc_coupling_errors_off_RP/round_3/105_bessy2hi_56m_PGM_2Perc_coupling_errors_off_RP.rml
2025-02-07 23:11:21,659 - INFO - Prepared sim number: 106: RAYPy_Simulation_bessy2hi_56m_PGM_2Perc_coupling_errors_off_RP/round_3/106_bessy2hi_56m_PGM_2Perc_coupling_errors_off_RP.rml
2025-02-07 23:11:21,662 - INFO - Prepared sim number: 107: RAYPy_Simulation_bessy2hi_56m_PGM_2Perc_coupling_errors_off_RP/round_3/107_bessy2hi_56m_PGM_2Perc_coupling_errors_off_RP.rml
2025-02-07 23:11:21,665 - INFO - Prepared sim number: 108: RAYPy_Simulation_bessy2hi_56m_PGM_2Perc_coupling_errors_off_RP/round_3/108_bessy2hi_56m_PGM_2Perc_coupling_errors_off_RP.rml
2025-02-07 23:11:21,670 - INFO - Prepared sim number: 109: RAYPy_Simulation_bessy2hi_56m_PGM_2Perc_coupling_errors_off_RP/round_3/109_bessy2hi_56m_PGM_2Perc_coupling_errors_off_RP.rml
2025-02-07 23:11:21,674 - INFO - Prepared sim number: 110: RAYPy_Simulation_bessy2hi_56m_PGM_2Perc_coupling_errors_off_RP/round_3/110_bessy2hi_56m_PGM_2Perc_coupling_errors_off_RP.rml
2025-02-07 23:11:21,675 - INFO - Waiting for batch number: 7, timeout: 22.32188466276441s
2025-02-07 23:11:24,390 - INFO - Completed: 1, remaining: 59, RAYPy_Simulation_bessy2hi_56m_PGM_2Perc_coupling_errors_off_RP/round_3/53_bessy2hi_56m_PGM_2Perc_coupling_errors_off_RP.rml
2025-02-07 23:11:24,397 - INFO - Completed: 2, remaining: 58, RAYPy_Simulation_bessy2hi_56m_PGM_2Perc_coupling_errors_off_RP/round_3/51_bessy2hi_56m_PGM_2Perc_coupling_errors_off_RP.rml
2025-02-07 23:11:24,488 - INFO - Completed: 3, remaining: 57, RAYPy_Simulation_bessy2hi_56m_PGM_2Perc_coupling_errors_off_RP/round_3/54_bessy2hi_56m_PGM_2Perc_coupling_errors_off_RP.rml
2025-02-07 23:11:24,631 - INFO - Completed: 4, remaining: 56, RAYPy_Simulation_bessy2hi_56m_PGM_2Perc_coupling_errors_off_RP/round_3/52_bessy2hi_56m_PGM_2Perc_coupling_errors_off_RP.rml
2025-02-07 23:11:24,653 - INFO - Completed: 5, remaining: 55, RAYPy_Simulation_bessy2hi_56m_PGM_2Perc_coupling_errors_off_RP/round_3/62_bessy2hi_56m_PGM_2Perc_coupling_errors_off_RP.rml
2025-02-07 23:11:24,723 - INFO - Completed: 6, remaining: 54, RAYPy_Simulation_bessy2hi_56m_PGM_2Perc_coupling_errors_off_RP/round_3/61_bessy2hi_56m_PGM_2Perc_coupling_errors_off_RP.rml
2025-02-07 23:11:24,779 - INFO - Completed: 7, remaining: 53, RAYPy_Simulation_bessy2hi_56m_PGM_2Perc_coupling_errors_off_RP/round_3/56_bessy2hi_56m_PGM_2Perc_coupling_errors_off_RP.rml
2025-02-07 23:11:24,912 - INFO - Completed: 8, remaining: 52, RAYPy_Simulation_bessy2hi_56m_PGM_2Perc_coupling_errors_off_RP/round_3/55_bessy2hi_56m_PGM_2Perc_coupling_errors_off_RP.rml
2025-02-07 23:11:25,069 - INFO - Completed: 9, remaining: 51, RAYPy_Simulation_bessy2hi_56m_PGM_2Perc_coupling_errors_off_RP/round_3/59_bessy2hi_56m_PGM_2Perc_coupling_errors_off_RP.rml
2025-02-07 23:11:25,415 - INFO - Completed: 10, remaining: 50, RAYPy_Simulation_bessy2hi_56m_PGM_2Perc_coupling_errors_off_RP/round_3/60_bessy2hi_56m_PGM_2Perc_coupling_errors_off_RP.rml
2025-02-07 23:11:27,283 - INFO - Completed: 11, remaining: 49, RAYPy_Simulation_bessy2hi_56m_PGM_2Perc_coupling_errors_off_RP/round_3/57_bessy2hi_56m_PGM_2Perc_coupling_errors_off_RP.rml
2025-02-07 23:11:27,441 - INFO - Completed: 12, remaining: 48, RAYPy_Simulation_bessy2hi_56m_PGM_2Perc_coupling_errors_off_RP/round_3/58_bessy2hi_56m_PGM_2Perc_coupling_errors_off_RP.rml
2025-02-07 23:11:28,121 - INFO - Completed: 13, remaining: 47, RAYPy_Simulation_bessy2hi_56m_PGM_2Perc_coupling_errors_off_RP/round_3/63_bessy2hi_56m_PGM_2Perc_coupling_errors_off_RP.rml
2025-02-07 23:11:28,267 - INFO - Completed: 14, remaining: 46, RAYPy_Simulation_bessy2hi_56m_PGM_2Perc_coupling_errors_off_RP/round_3/65_bessy2hi_56m_PGM_2Perc_coupling_errors_off_RP.rml
2025-02-07 23:11:28,377 - INFO - Completed: 15, remaining: 45, RAYPy_Simulation_bessy2hi_56m_PGM_2Perc_coupling_errors_off_RP/round_3/66_bessy2hi_56m_PGM_2Perc_coupling_errors_off_RP.rml
2025-02-07 23:11:28,600 - INFO - Completed: 16, remaining: 44, RAYPy_Simulation_bessy2hi_56m_PGM_2Perc_coupling_errors_off_RP/round_3/68_bessy2hi_56m_PGM_2Perc_coupling_errors_off_RP.rml
2025-02-07 23:11:28,609 - INFO - Completed: 17, remaining: 43, RAYPy_Simulation_bessy2hi_56m_PGM_2Perc_coupling_errors_off_RP/round_3/69_bessy2hi_56m_PGM_2Perc_coupling_errors_off_RP.rml
2025-02-07 23:11:28,756 - INFO - Completed: 18, remaining: 42, RAYPy_Simulation_bessy2hi_56m_PGM_2Perc_coupling_errors_off_RP/round_3/70_bessy2hi_56m_PGM_2Perc_coupling_errors_off_RP.rml
2025-02-07 23:11:28,839 - INFO - Completed: 19, remaining: 41, RAYPy_Simulation_bessy2hi_56m_PGM_2Perc_coupling_errors_off_RP/round_3/67_bessy2hi_56m_PGM_2Perc_coupling_errors_off_RP.rml
2025-02-07 23:11:28,867 - INFO - Completed: 20, remaining: 40, RAYPy_Simulation_bessy2hi_56m_PGM_2Perc_coupling_errors_off_RP/round_3/71_bessy2hi_56m_PGM_2Perc_coupling_errors_off_RP.rml
2025-02-07 23:11:29,089 - INFO - Completed: 21, remaining: 39, RAYPy_Simulation_bessy2hi_56m_PGM_2Perc_coupling_errors_off_RP/round_3/64_bessy2hi_56m_PGM_2Perc_coupling_errors_off_RP.rml
2025-02-07 23:11:29,208 - INFO - Completed: 22, remaining: 38, RAYPy_Simulation_bessy2hi_56m_PGM_2Perc_coupling_errors_off_RP/round_3/72_bessy2hi_56m_PGM_2Perc_coupling_errors_off_RP.rml
2025-02-07 23:11:31,230 - INFO - Completed: 23, remaining: 37, RAYPy_Simulation_bessy2hi_56m_PGM_2Perc_coupling_errors_off_RP/round_3/74_bessy2hi_56m_PGM_2Perc_coupling_errors_off_RP.rml
2025-02-07 23:11:31,340 - INFO - Completed: 24, remaining: 36, RAYPy_Simulation_bessy2hi_56m_PGM_2Perc_coupling_errors_off_RP/round_3/73_bessy2hi_56m_PGM_2Perc_coupling_errors_off_RP.rml
2025-02-07 23:11:31,674 - INFO - Completed: 25, remaining: 35, RAYPy_Simulation_bessy2hi_56m_PGM_2Perc_coupling_errors_off_RP/round_3/75_bessy2hi_56m_PGM_2Perc_coupling_errors_off_RP.rml
2025-02-07 23:11:31,961 - INFO - Completed: 26, remaining: 34, RAYPy_Simulation_bessy2hi_56m_PGM_2Perc_coupling_errors_off_RP/round_3/76_bessy2hi_56m_PGM_2Perc_coupling_errors_off_RP.rml
2025-02-07 23:11:32,114 - INFO - Completed: 27, remaining: 33, RAYPy_Simulation_bessy2hi_56m_PGM_2Perc_coupling_errors_off_RP/round_3/82_bessy2hi_56m_PGM_2Perc_coupling_errors_off_RP.rml
2025-02-07 23:11:32,174 - INFO - Completed: 28, remaining: 32, RAYPy_Simulation_bessy2hi_56m_PGM_2Perc_coupling_errors_off_RP/round_3/77_bessy2hi_56m_PGM_2Perc_coupling_errors_off_RP.rml
2025-02-07 23:11:32,295 - INFO - Completed: 29, remaining: 31, RAYPy_Simulation_bessy2hi_56m_PGM_2Perc_coupling_errors_off_RP/round_3/83_bessy2hi_56m_PGM_2Perc_coupling_errors_off_RP.rml
2025-02-07 23:11:32,393 - INFO - Completed: 30, remaining: 30, RAYPy_Simulation_bessy2hi_56m_PGM_2Perc_coupling_errors_off_RP/round_3/79_bessy2hi_56m_PGM_2Perc_coupling_errors_off_RP.rml
2025-02-07 23:11:32,564 - INFO - Completed: 31, remaining: 29, RAYPy_Simulation_bessy2hi_56m_PGM_2Perc_coupling_errors_off_RP/round_3/84_bessy2hi_56m_PGM_2Perc_coupling_errors_off_RP.rml
2025-02-07 23:11:32,620 - INFO - Completed: 32, remaining: 28, RAYPy_Simulation_bessy2hi_56m_PGM_2Perc_coupling_errors_off_RP/round_3/80_bessy2hi_56m_PGM_2Perc_coupling_errors_off_RP.rml
2025-02-07 23:11:32,672 - INFO - Completed: 33, remaining: 27, RAYPy_Simulation_bessy2hi_56m_PGM_2Perc_coupling_errors_off_RP/round_3/81_bessy2hi_56m_PGM_2Perc_coupling_errors_off_RP.rml
2025-02-07 23:11:32,828 - INFO - Completed: 34, remaining: 26, RAYPy_Simulation_bessy2hi_56m_PGM_2Perc_coupling_errors_off_RP/round_3/78_bessy2hi_56m_PGM_2Perc_coupling_errors_off_RP.rml
2025-02-07 23:11:34,640 - INFO - Completed: 35, remaining: 25, RAYPy_Simulation_bessy2hi_56m_PGM_2Perc_coupling_errors_off_RP/round_3/85_bessy2hi_56m_PGM_2Perc_coupling_errors_off_RP.rml
2025-02-07 23:11:34,835 - INFO - Completed: 36, remaining: 24, RAYPy_Simulation_bessy2hi_56m_PGM_2Perc_coupling_errors_off_RP/round_3/86_bessy2hi_56m_PGM_2Perc_coupling_errors_off_RP.rml
2025-02-07 23:11:35,285 - INFO - Completed: 37, remaining: 23, RAYPy_Simulation_bessy2hi_56m_PGM_2Perc_coupling_errors_off_RP/round_3/88_bessy2hi_56m_PGM_2Perc_coupling_errors_off_RP.rml
2025-02-07 23:11:35,590 - INFO - Completed: 38, remaining: 22, RAYPy_Simulation_bessy2hi_56m_PGM_2Perc_coupling_errors_off_RP/round_3/87_bessy2hi_56m_PGM_2Perc_coupling_errors_off_RP.rml
2025-02-07 23:11:35,649 - INFO - Completed: 39, remaining: 21, RAYPy_Simulation_bessy2hi_56m_PGM_2Perc_coupling_errors_off_RP/round_3/89_bessy2hi_56m_PGM_2Perc_coupling_errors_off_RP.rml
2025-02-07 23:11:35,764 - INFO - Completed: 40, remaining: 20, RAYPy_Simulation_bessy2hi_56m_PGM_2Perc_coupling_errors_off_RP/round_3/91_bessy2hi_56m_PGM_2Perc_coupling_errors_off_RP.rml
2025-02-07 23:11:35,965 - INFO - Completed: 41, remaining: 19, RAYPy_Simulation_bessy2hi_56m_PGM_2Perc_coupling_errors_off_RP/round_3/92_bessy2hi_56m_PGM_2Perc_coupling_errors_off_RP.rml
2025-02-07 23:11:36,106 - INFO - Completed: 42, remaining: 18, RAYPy_Simulation_bessy2hi_56m_PGM_2Perc_coupling_errors_off_RP/round_3/93_bessy2hi_56m_PGM_2Perc_coupling_errors_off_RP.rml
2025-02-07 23:11:36,270 - INFO - Completed: 43, remaining: 17, RAYPy_Simulation_bessy2hi_56m_PGM_2Perc_coupling_errors_off_RP/round_3/94_bessy2hi_56m_PGM_2Perc_coupling_errors_off_RP.rml
2025-02-07 23:11:36,340 - INFO - Completed: 44, remaining: 16, RAYPy_Simulation_bessy2hi_56m_PGM_2Perc_coupling_errors_off_RP/round_3/95_bessy2hi_56m_PGM_2Perc_coupling_errors_off_RP.rml
2025-02-07 23:11:36,483 - INFO - Completed: 45, remaining: 15, RAYPy_Simulation_bessy2hi_56m_PGM_2Perc_coupling_errors_off_RP/round_3/96_bessy2hi_56m_PGM_2Perc_coupling_errors_off_RP.rml
2025-02-07 23:11:36,942 - INFO - Completed: 46, remaining: 14, RAYPy_Simulation_bessy2hi_56m_PGM_2Perc_coupling_errors_off_RP/round_3/90_bessy2hi_56m_PGM_2Perc_coupling_errors_off_RP.rml
2025-02-07 23:11:38,282 - INFO - Completed: 47, remaining: 13, RAYPy_Simulation_bessy2hi_56m_PGM_2Perc_coupling_errors_off_RP/round_3/97_bessy2hi_56m_PGM_2Perc_coupling_errors_off_RP.rml
2025-02-07 23:11:38,383 - INFO - Completed: 48, remaining: 12, RAYPy_Simulation_bessy2hi_56m_PGM_2Perc_coupling_errors_off_RP/round_3/98_bessy2hi_56m_PGM_2Perc_coupling_errors_off_RP.rml
2025-02-07 23:11:38,994 - INFO - Completed: 49, remaining: 11, RAYPy_Simulation_bessy2hi_56m_PGM_2Perc_coupling_errors_off_RP/round_3/100_bessy2hi_56m_PGM_2Perc_coupling_errors_off_RP.rml
2025-02-07 23:11:39,134 - INFO - Completed: 50, remaining: 10, RAYPy_Simulation_bessy2hi_56m_PGM_2Perc_coupling_errors_off_RP/round_3/101_bessy2hi_56m_PGM_2Perc_coupling_errors_off_RP.rml
2025-02-07 23:11:39,153 - INFO - Completed: 51, remaining: 9, RAYPy_Simulation_bessy2hi_56m_PGM_2Perc_coupling_errors_off_RP/round_3/102_bessy2hi_56m_PGM_2Perc_coupling_errors_off_RP.rml
2025-02-07 23:11:39,276 - INFO - Completed: 52, remaining: 8, RAYPy_Simulation_bessy2hi_56m_PGM_2Perc_coupling_errors_off_RP/round_3/99_bessy2hi_56m_PGM_2Perc_coupling_errors_off_RP.rml
2025-02-07 23:11:39,396 - INFO - Completed: 53, remaining: 7, RAYPy_Simulation_bessy2hi_56m_PGM_2Perc_coupling_errors_off_RP/round_3/103_bessy2hi_56m_PGM_2Perc_coupling_errors_off_RP.rml
2025-02-07 23:11:39,435 - INFO - Completed: 54, remaining: 6, RAYPy_Simulation_bessy2hi_56m_PGM_2Perc_coupling_errors_off_RP/round_3/104_bessy2hi_56m_PGM_2Perc_coupling_errors_off_RP.rml
2025-02-07 23:11:39,616 - INFO - Completed: 55, remaining: 5, RAYPy_Simulation_bessy2hi_56m_PGM_2Perc_coupling_errors_off_RP/round_3/105_bessy2hi_56m_PGM_2Perc_coupling_errors_off_RP.rml
2025-02-07 23:11:39,703 - INFO - Completed: 56, remaining: 4, RAYPy_Simulation_bessy2hi_56m_PGM_2Perc_coupling_errors_off_RP/round_3/106_bessy2hi_56m_PGM_2Perc_coupling_errors_off_RP.rml
2025-02-07 23:11:39,741 - INFO - Completed: 57, remaining: 3, RAYPy_Simulation_bessy2hi_56m_PGM_2Perc_coupling_errors_off_RP/round_3/107_bessy2hi_56m_PGM_2Perc_coupling_errors_off_RP.rml
2025-02-07 23:11:40,382 - INFO - Completed: 58, remaining: 2, RAYPy_Simulation_bessy2hi_56m_PGM_2Perc_coupling_errors_off_RP/round_3/108_bessy2hi_56m_PGM_2Perc_coupling_errors_off_RP.rml
2025-02-07 23:11:40,619 - INFO - Completed: 59, remaining: 1, RAYPy_Simulation_bessy2hi_56m_PGM_2Perc_coupling_errors_off_RP/round_3/109_bessy2hi_56m_PGM_2Perc_coupling_errors_off_RP.rml
2025-02-07 23:11:40,669 - INFO - Completed: 60, remaining: 0, RAYPy_Simulation_bessy2hi_56m_PGM_2Perc_coupling_errors_off_RP/round_3/110_bessy2hi_56m_PGM_2Perc_coupling_errors_off_RP.rml
2025-02-07 23:11:40,670 - INFO - Batch Completed
2025-02-07 23:11:40,670 - INFO - Waiting For batch, 60 simulations to go
2025-02-07 23:11:40,675 - INFO - Prepared sim number: 111: RAYPy_Simulation_bessy2hi_56m_PGM_2Perc_coupling_errors_off_RP/round_3/111_bessy2hi_56m_PGM_2Perc_coupling_errors_off_RP.rml
2025-02-07 23:11:40,679 - INFO - Prepared sim number: 112: RAYPy_Simulation_bessy2hi_56m_PGM_2Perc_coupling_errors_off_RP/round_3/112_bessy2hi_56m_PGM_2Perc_coupling_errors_off_RP.rml
2025-02-07 23:11:40,684 - INFO - Prepared sim number: 113: RAYPy_Simulation_bessy2hi_56m_PGM_2Perc_coupling_errors_off_RP/round_3/113_bessy2hi_56m_PGM_2Perc_coupling_errors_off_RP.rml
2025-02-07 23:11:40,690 - INFO - Prepared sim number: 114: RAYPy_Simulation_bessy2hi_56m_PGM_2Perc_coupling_errors_off_RP/round_3/114_bessy2hi_56m_PGM_2Perc_coupling_errors_off_RP.rml
2025-02-07 23:11:40,698 - INFO - Prepared sim number: 115: RAYPy_Simulation_bessy2hi_56m_PGM_2Perc_coupling_errors_off_RP/round_3/115_bessy2hi_56m_PGM_2Perc_coupling_errors_off_RP.rml
2025-02-07 23:11:40,704 - INFO - Prepared sim number: 116: RAYPy_Simulation_bessy2hi_56m_PGM_2Perc_coupling_errors_off_RP/round_3/116_bessy2hi_56m_PGM_2Perc_coupling_errors_off_RP.rml
2025-02-07 23:11:40,709 - INFO - Prepared sim number: 117: RAYPy_Simulation_bessy2hi_56m_PGM_2Perc_coupling_errors_off_RP/round_3/117_bessy2hi_56m_PGM_2Perc_coupling_errors_off_RP.rml
2025-02-07 23:11:40,713 - INFO - Prepared sim number: 118: RAYPy_Simulation_bessy2hi_56m_PGM_2Perc_coupling_errors_off_RP/round_3/118_bessy2hi_56m_PGM_2Perc_coupling_errors_off_RP.rml
2025-02-07 23:11:40,718 - INFO - Prepared sim number: 119: RAYPy_Simulation_bessy2hi_56m_PGM_2Perc_coupling_errors_off_RP/round_3/119_bessy2hi_56m_PGM_2Perc_coupling_errors_off_RP.rml
2025-02-07 23:11:40,725 - INFO - Prepared sim number: 120: RAYPy_Simulation_bessy2hi_56m_PGM_2Perc_coupling_errors_off_RP/round_3/120_bessy2hi_56m_PGM_2Perc_coupling_errors_off_RP.rml
2025-02-07 23:11:40,734 - INFO - Prepared sim number: 121: RAYPy_Simulation_bessy2hi_56m_PGM_2Perc_coupling_errors_off_RP/round_3/121_bessy2hi_56m_PGM_2Perc_coupling_errors_off_RP.rml
2025-02-07 23:11:40,739 - INFO - Prepared sim number: 122: RAYPy_Simulation_bessy2hi_56m_PGM_2Perc_coupling_errors_off_RP/round_3/122_bessy2hi_56m_PGM_2Perc_coupling_errors_off_RP.rml
2025-02-07 23:11:40,739 - INFO - Start round 4
2025-02-07 23:11:40,743 - INFO - Prepared sim number: 0: RAYPy_Simulation_bessy2hi_56m_PGM_2Perc_coupling_errors_off_RP/round_4/0_bessy2hi_56m_PGM_2Perc_coupling_errors_off_RP.rml
2025-02-07 23:11:40,748 - INFO - Prepared sim number: 1: RAYPy_Simulation_bessy2hi_56m_PGM_2Perc_coupling_errors_off_RP/round_4/1_bessy2hi_56m_PGM_2Perc_coupling_errors_off_RP.rml
2025-02-07 23:11:40,754 - INFO - Prepared sim number: 2: RAYPy_Simulation_bessy2hi_56m_PGM_2Perc_coupling_errors_off_RP/round_4/2_bessy2hi_56m_PGM_2Perc_coupling_errors_off_RP.rml
2025-02-07 23:11:40,760 - INFO - Prepared sim number: 3: RAYPy_Simulation_bessy2hi_56m_PGM_2Perc_coupling_errors_off_RP/round_4/3_bessy2hi_56m_PGM_2Perc_coupling_errors_off_RP.rml
2025-02-07 23:11:40,765 - INFO - Prepared sim number: 4: RAYPy_Simulation_bessy2hi_56m_PGM_2Perc_coupling_errors_off_RP/round_4/4_bessy2hi_56m_PGM_2Perc_coupling_errors_off_RP.rml
2025-02-07 23:11:40,772 - INFO - Prepared sim number: 5: RAYPy_Simulation_bessy2hi_56m_PGM_2Perc_coupling_errors_off_RP/round_4/5_bessy2hi_56m_PGM_2Perc_coupling_errors_off_RP.rml
2025-02-07 23:11:40,778 - INFO - Prepared sim number: 6: RAYPy_Simulation_bessy2hi_56m_PGM_2Perc_coupling_errors_off_RP/round_4/6_bessy2hi_56m_PGM_2Perc_coupling_errors_off_RP.rml
2025-02-07 23:11:40,783 - INFO - Prepared sim number: 7: RAYPy_Simulation_bessy2hi_56m_PGM_2Perc_coupling_errors_off_RP/round_4/7_bessy2hi_56m_PGM_2Perc_coupling_errors_off_RP.rml
2025-02-07 23:11:40,789 - INFO - Prepared sim number: 8: RAYPy_Simulation_bessy2hi_56m_PGM_2Perc_coupling_errors_off_RP/round_4/8_bessy2hi_56m_PGM_2Perc_coupling_errors_off_RP.rml
2025-02-07 23:11:40,794 - INFO - Prepared sim number: 9: RAYPy_Simulation_bessy2hi_56m_PGM_2Perc_coupling_errors_off_RP/round_4/9_bessy2hi_56m_PGM_2Perc_coupling_errors_off_RP.rml
2025-02-07 23:11:40,800 - INFO - Prepared sim number: 10: RAYPy_Simulation_bessy2hi_56m_PGM_2Perc_coupling_errors_off_RP/round_4/10_bessy2hi_56m_PGM_2Perc_coupling_errors_off_RP.rml
2025-02-07 23:11:40,806 - INFO - Prepared sim number: 11: RAYPy_Simulation_bessy2hi_56m_PGM_2Perc_coupling_errors_off_RP/round_4/11_bessy2hi_56m_PGM_2Perc_coupling_errors_off_RP.rml
2025-02-07 23:11:40,811 - INFO - Prepared sim number: 12: RAYPy_Simulation_bessy2hi_56m_PGM_2Perc_coupling_errors_off_RP/round_4/12_bessy2hi_56m_PGM_2Perc_coupling_errors_off_RP.rml
2025-02-07 23:11:40,816 - INFO - Prepared sim number: 13: RAYPy_Simulation_bessy2hi_56m_PGM_2Perc_coupling_errors_off_RP/round_4/13_bessy2hi_56m_PGM_2Perc_coupling_errors_off_RP.rml
2025-02-07 23:11:40,821 - INFO - Prepared sim number: 14: RAYPy_Simulation_bessy2hi_56m_PGM_2Perc_coupling_errors_off_RP/round_4/14_bessy2hi_56m_PGM_2Perc_coupling_errors_off_RP.rml
2025-02-07 23:11:40,826 - INFO - Prepared sim number: 15: RAYPy_Simulation_bessy2hi_56m_PGM_2Perc_coupling_errors_off_RP/round_4/15_bessy2hi_56m_PGM_2Perc_coupling_errors_off_RP.rml
2025-02-07 23:11:40,832 - INFO - Prepared sim number: 16: RAYPy_Simulation_bessy2hi_56m_PGM_2Perc_coupling_errors_off_RP/round_4/16_bessy2hi_56m_PGM_2Perc_coupling_errors_off_RP.rml
2025-02-07 23:11:40,837 - INFO - Prepared sim number: 17: RAYPy_Simulation_bessy2hi_56m_PGM_2Perc_coupling_errors_off_RP/round_4/17_bessy2hi_56m_PGM_2Perc_coupling_errors_off_RP.rml
2025-02-07 23:11:40,843 - INFO - Prepared sim number: 18: RAYPy_Simulation_bessy2hi_56m_PGM_2Perc_coupling_errors_off_RP/round_4/18_bessy2hi_56m_PGM_2Perc_coupling_errors_off_RP.rml
2025-02-07 23:11:40,849 - INFO - Prepared sim number: 19: RAYPy_Simulation_bessy2hi_56m_PGM_2Perc_coupling_errors_off_RP/round_4/19_bessy2hi_56m_PGM_2Perc_coupling_errors_off_RP.rml
2025-02-07 23:11:40,855 - INFO - Prepared sim number: 20: RAYPy_Simulation_bessy2hi_56m_PGM_2Perc_coupling_errors_off_RP/round_4/20_bessy2hi_56m_PGM_2Perc_coupling_errors_off_RP.rml
2025-02-07 23:11:40,861 - INFO - Prepared sim number: 21: RAYPy_Simulation_bessy2hi_56m_PGM_2Perc_coupling_errors_off_RP/round_4/21_bessy2hi_56m_PGM_2Perc_coupling_errors_off_RP.rml
2025-02-07 23:11:40,866 - INFO - Prepared sim number: 22: RAYPy_Simulation_bessy2hi_56m_PGM_2Perc_coupling_errors_off_RP/round_4/22_bessy2hi_56m_PGM_2Perc_coupling_errors_off_RP.rml
2025-02-07 23:11:40,870 - INFO - Prepared sim number: 23: RAYPy_Simulation_bessy2hi_56m_PGM_2Perc_coupling_errors_off_RP/round_4/23_bessy2hi_56m_PGM_2Perc_coupling_errors_off_RP.rml
2025-02-07 23:11:40,874 - INFO - Prepared sim number: 24: RAYPy_Simulation_bessy2hi_56m_PGM_2Perc_coupling_errors_off_RP/round_4/24_bessy2hi_56m_PGM_2Perc_coupling_errors_off_RP.rml
2025-02-07 23:11:40,877 - INFO - Prepared sim number: 25: RAYPy_Simulation_bessy2hi_56m_PGM_2Perc_coupling_errors_off_RP/round_4/25_bessy2hi_56m_PGM_2Perc_coupling_errors_off_RP.rml
2025-02-07 23:11:40,881 - INFO - Prepared sim number: 26: RAYPy_Simulation_bessy2hi_56m_PGM_2Perc_coupling_errors_off_RP/round_4/26_bessy2hi_56m_PGM_2Perc_coupling_errors_off_RP.rml
2025-02-07 23:11:40,884 - INFO - Prepared sim number: 27: RAYPy_Simulation_bessy2hi_56m_PGM_2Perc_coupling_errors_off_RP/round_4/27_bessy2hi_56m_PGM_2Perc_coupling_errors_off_RP.rml
2025-02-07 23:11:40,887 - INFO - Prepared sim number: 28: RAYPy_Simulation_bessy2hi_56m_PGM_2Perc_coupling_errors_off_RP/round_4/28_bessy2hi_56m_PGM_2Perc_coupling_errors_off_RP.rml
2025-02-07 23:11:40,891 - INFO - Prepared sim number: 29: RAYPy_Simulation_bessy2hi_56m_PGM_2Perc_coupling_errors_off_RP/round_4/29_bessy2hi_56m_PGM_2Perc_coupling_errors_off_RP.rml
2025-02-07 23:11:40,894 - INFO - Prepared sim number: 30: RAYPy_Simulation_bessy2hi_56m_PGM_2Perc_coupling_errors_off_RP/round_4/30_bessy2hi_56m_PGM_2Perc_coupling_errors_off_RP.rml
2025-02-07 23:11:40,897 - INFO - Prepared sim number: 31: RAYPy_Simulation_bessy2hi_56m_PGM_2Perc_coupling_errors_off_RP/round_4/31_bessy2hi_56m_PGM_2Perc_coupling_errors_off_RP.rml
2025-02-07 23:11:40,901 - INFO - Prepared sim number: 32: RAYPy_Simulation_bessy2hi_56m_PGM_2Perc_coupling_errors_off_RP/round_4/32_bessy2hi_56m_PGM_2Perc_coupling_errors_off_RP.rml
2025-02-07 23:11:40,905 - INFO - Prepared sim number: 33: RAYPy_Simulation_bessy2hi_56m_PGM_2Perc_coupling_errors_off_RP/round_4/33_bessy2hi_56m_PGM_2Perc_coupling_errors_off_RP.rml
2025-02-07 23:11:40,908 - INFO - Prepared sim number: 34: RAYPy_Simulation_bessy2hi_56m_PGM_2Perc_coupling_errors_off_RP/round_4/34_bessy2hi_56m_PGM_2Perc_coupling_errors_off_RP.rml
2025-02-07 23:11:40,912 - INFO - Prepared sim number: 35: RAYPy_Simulation_bessy2hi_56m_PGM_2Perc_coupling_errors_off_RP/round_4/35_bessy2hi_56m_PGM_2Perc_coupling_errors_off_RP.rml
2025-02-07 23:11:40,916 - INFO - Prepared sim number: 36: RAYPy_Simulation_bessy2hi_56m_PGM_2Perc_coupling_errors_off_RP/round_4/36_bessy2hi_56m_PGM_2Perc_coupling_errors_off_RP.rml
2025-02-07 23:11:40,919 - INFO - Prepared sim number: 37: RAYPy_Simulation_bessy2hi_56m_PGM_2Perc_coupling_errors_off_RP/round_4/37_bessy2hi_56m_PGM_2Perc_coupling_errors_off_RP.rml
2025-02-07 23:11:40,923 - INFO - Prepared sim number: 38: RAYPy_Simulation_bessy2hi_56m_PGM_2Perc_coupling_errors_off_RP/round_4/38_bessy2hi_56m_PGM_2Perc_coupling_errors_off_RP.rml
2025-02-07 23:11:40,927 - INFO - Prepared sim number: 39: RAYPy_Simulation_bessy2hi_56m_PGM_2Perc_coupling_errors_off_RP/round_4/39_bessy2hi_56m_PGM_2Perc_coupling_errors_off_RP.rml
2025-02-07 23:11:40,932 - INFO - Prepared sim number: 40: RAYPy_Simulation_bessy2hi_56m_PGM_2Perc_coupling_errors_off_RP/round_4/40_bessy2hi_56m_PGM_2Perc_coupling_errors_off_RP.rml
2025-02-07 23:11:40,936 - INFO - Prepared sim number: 41: RAYPy_Simulation_bessy2hi_56m_PGM_2Perc_coupling_errors_off_RP/round_4/41_bessy2hi_56m_PGM_2Perc_coupling_errors_off_RP.rml
2025-02-07 23:11:40,940 - INFO - Prepared sim number: 42: RAYPy_Simulation_bessy2hi_56m_PGM_2Perc_coupling_errors_off_RP/round_4/42_bessy2hi_56m_PGM_2Perc_coupling_errors_off_RP.rml
2025-02-07 23:11:40,944 - INFO - Prepared sim number: 43: RAYPy_Simulation_bessy2hi_56m_PGM_2Perc_coupling_errors_off_RP/round_4/43_bessy2hi_56m_PGM_2Perc_coupling_errors_off_RP.rml
2025-02-07 23:11:40,948 - INFO - Prepared sim number: 44: RAYPy_Simulation_bessy2hi_56m_PGM_2Perc_coupling_errors_off_RP/round_4/44_bessy2hi_56m_PGM_2Perc_coupling_errors_off_RP.rml
2025-02-07 23:11:40,952 - INFO - Prepared sim number: 45: RAYPy_Simulation_bessy2hi_56m_PGM_2Perc_coupling_errors_off_RP/round_4/45_bessy2hi_56m_PGM_2Perc_coupling_errors_off_RP.rml
2025-02-07 23:11:40,957 - INFO - Prepared sim number: 46: RAYPy_Simulation_bessy2hi_56m_PGM_2Perc_coupling_errors_off_RP/round_4/46_bessy2hi_56m_PGM_2Perc_coupling_errors_off_RP.rml
2025-02-07 23:11:40,960 - INFO - Prepared sim number: 47: RAYPy_Simulation_bessy2hi_56m_PGM_2Perc_coupling_errors_off_RP/round_4/47_bessy2hi_56m_PGM_2Perc_coupling_errors_off_RP.rml
2025-02-07 23:11:40,961 - INFO - Waiting for batch number: 8, timeout: 22.231258264183996s
2025-02-07 23:11:43,261 - INFO - Completed: 1, remaining: 59, RAYPy_Simulation_bessy2hi_56m_PGM_2Perc_coupling_errors_off_RP/round_3/114_bessy2hi_56m_PGM_2Perc_coupling_errors_off_RP.rml
2025-02-07 23:11:43,283 - INFO - Completed: 2, remaining: 58, RAYPy_Simulation_bessy2hi_56m_PGM_2Perc_coupling_errors_off_RP/round_3/111_bessy2hi_56m_PGM_2Perc_coupling_errors_off_RP.rml
2025-02-07 23:11:43,347 - INFO - Completed: 3, remaining: 57, RAYPy_Simulation_bessy2hi_56m_PGM_2Perc_coupling_errors_off_RP/round_3/112_bessy2hi_56m_PGM_2Perc_coupling_errors_off_RP.rml
2025-02-07 23:11:43,372 - INFO - Completed: 4, remaining: 56, RAYPy_Simulation_bessy2hi_56m_PGM_2Perc_coupling_errors_off_RP/round_3/122_bessy2hi_56m_PGM_2Perc_coupling_errors_off_RP.rml
2025-02-07 23:11:43,410 - INFO - Completed: 5, remaining: 55, RAYPy_Simulation_bessy2hi_56m_PGM_2Perc_coupling_errors_off_RP/round_3/115_bessy2hi_56m_PGM_2Perc_coupling_errors_off_RP.rml
2025-02-07 23:11:43,687 - INFO - Completed: 6, remaining: 54, RAYPy_Simulation_bessy2hi_56m_PGM_2Perc_coupling_errors_off_RP/round_3/119_bessy2hi_56m_PGM_2Perc_coupling_errors_off_RP.rml
2025-02-07 23:11:43,768 - INFO - Completed: 7, remaining: 53, RAYPy_Simulation_bessy2hi_56m_PGM_2Perc_coupling_errors_off_RP/round_3/116_bessy2hi_56m_PGM_2Perc_coupling_errors_off_RP.rml
2025-02-07 23:11:46,139 - INFO - Completed: 8, remaining: 52, RAYPy_Simulation_bessy2hi_56m_PGM_2Perc_coupling_errors_off_RP/round_3/117_bessy2hi_56m_PGM_2Perc_coupling_errors_off_RP.rml
2025-02-07 23:11:46,167 - INFO - Completed: 9, remaining: 51, RAYPy_Simulation_bessy2hi_56m_PGM_2Perc_coupling_errors_off_RP/round_3/120_bessy2hi_56m_PGM_2Perc_coupling_errors_off_RP.rml
2025-02-07 23:11:46,445 - INFO - Completed: 10, remaining: 50, RAYPy_Simulation_bessy2hi_56m_PGM_2Perc_coupling_errors_off_RP/round_4/0_bessy2hi_56m_PGM_2Perc_coupling_errors_off_RP.rml
2025-02-07 23:11:46,688 - INFO - Completed: 11, remaining: 49, RAYPy_Simulation_bessy2hi_56m_PGM_2Perc_coupling_errors_off_RP/round_4/2_bessy2hi_56m_PGM_2Perc_coupling_errors_off_RP.rml
2025-02-07 23:11:46,766 - INFO - Completed: 12, remaining: 48, RAYPy_Simulation_bessy2hi_56m_PGM_2Perc_coupling_errors_off_RP/round_4/3_bessy2hi_56m_PGM_2Perc_coupling_errors_off_RP.rml
2025-02-07 23:11:46,782 - INFO - Completed: 13, remaining: 47, RAYPy_Simulation_bessy2hi_56m_PGM_2Perc_coupling_errors_off_RP/round_4/4_bessy2hi_56m_PGM_2Perc_coupling_errors_off_RP.rml
2025-02-07 23:11:47,049 - INFO - Completed: 14, remaining: 46, RAYPy_Simulation_bessy2hi_56m_PGM_2Perc_coupling_errors_off_RP/round_4/1_bessy2hi_56m_PGM_2Perc_coupling_errors_off_RP.rml
2025-02-07 23:11:47,112 - INFO - Completed: 15, remaining: 45, RAYPy_Simulation_bessy2hi_56m_PGM_2Perc_coupling_errors_off_RP/round_4/6_bessy2hi_56m_PGM_2Perc_coupling_errors_off_RP.rml
2025-02-07 23:11:47,282 - INFO - Completed: 16, remaining: 44, RAYPy_Simulation_bessy2hi_56m_PGM_2Perc_coupling_errors_off_RP/round_4/5_bessy2hi_56m_PGM_2Perc_coupling_errors_off_RP.rml
2025-02-07 23:11:47,411 - INFO - Completed: 17, remaining: 43, RAYPy_Simulation_bessy2hi_56m_PGM_2Perc_coupling_errors_off_RP/round_3/121_bessy2hi_56m_PGM_2Perc_coupling_errors_off_RP.rml
2025-02-07 23:11:48,525 - INFO - Completed: 18, remaining: 42, RAYPy_Simulation_bessy2hi_56m_PGM_2Perc_coupling_errors_off_RP/round_3/113_bessy2hi_56m_PGM_2Perc_coupling_errors_off_RP.rml
2025-02-07 23:11:48,645 - INFO - Completed: 19, remaining: 41, RAYPy_Simulation_bessy2hi_56m_PGM_2Perc_coupling_errors_off_RP/round_3/118_bessy2hi_56m_PGM_2Perc_coupling_errors_off_RP.rml
2025-02-07 23:11:49,643 - INFO - Completed: 20, remaining: 40, RAYPy_Simulation_bessy2hi_56m_PGM_2Perc_coupling_errors_off_RP/round_4/7_bessy2hi_56m_PGM_2Perc_coupling_errors_off_RP.rml
2025-02-07 23:11:49,728 - INFO - Completed: 21, remaining: 39, RAYPy_Simulation_bessy2hi_56m_PGM_2Perc_coupling_errors_off_RP/round_4/8_bessy2hi_56m_PGM_2Perc_coupling_errors_off_RP.rml
2025-02-07 23:11:49,928 - INFO - Completed: 22, remaining: 38, RAYPy_Simulation_bessy2hi_56m_PGM_2Perc_coupling_errors_off_RP/round_4/9_bessy2hi_56m_PGM_2Perc_coupling_errors_off_RP.rml
2025-02-07 23:11:50,298 - INFO - Completed: 23, remaining: 37, RAYPy_Simulation_bessy2hi_56m_PGM_2Perc_coupling_errors_off_RP/round_4/10_bessy2hi_56m_PGM_2Perc_coupling_errors_off_RP.rml
2025-02-07 23:11:50,467 - INFO - Completed: 24, remaining: 36, RAYPy_Simulation_bessy2hi_56m_PGM_2Perc_coupling_errors_off_RP/round_4/11_bessy2hi_56m_PGM_2Perc_coupling_errors_off_RP.rml
2025-02-07 23:11:50,945 - INFO - Completed: 25, remaining: 35, RAYPy_Simulation_bessy2hi_56m_PGM_2Perc_coupling_errors_off_RP/round_4/13_bessy2hi_56m_PGM_2Perc_coupling_errors_off_RP.rml
2025-02-07 23:11:50,976 - INFO - Completed: 26, remaining: 34, RAYPy_Simulation_bessy2hi_56m_PGM_2Perc_coupling_errors_off_RP/round_4/12_bessy2hi_56m_PGM_2Perc_coupling_errors_off_RP.rml
2025-02-07 23:11:51,128 - INFO - Completed: 27, remaining: 33, RAYPy_Simulation_bessy2hi_56m_PGM_2Perc_coupling_errors_off_RP/round_4/15_bessy2hi_56m_PGM_2Perc_coupling_errors_off_RP.rml
2025-02-07 23:11:51,248 - INFO - Completed: 28, remaining: 32, RAYPy_Simulation_bessy2hi_56m_PGM_2Perc_coupling_errors_off_RP/round_4/16_bessy2hi_56m_PGM_2Perc_coupling_errors_off_RP.rml
2025-02-07 23:11:51,685 - INFO - Completed: 29, remaining: 31, RAYPy_Simulation_bessy2hi_56m_PGM_2Perc_coupling_errors_off_RP/round_4/14_bessy2hi_56m_PGM_2Perc_coupling_errors_off_RP.rml
2025-02-07 23:11:52,307 - INFO - Completed: 30, remaining: 30, RAYPy_Simulation_bessy2hi_56m_PGM_2Perc_coupling_errors_off_RP/round_4/17_bessy2hi_56m_PGM_2Perc_coupling_errors_off_RP.rml
2025-02-07 23:11:52,360 - INFO - Completed: 31, remaining: 29, RAYPy_Simulation_bessy2hi_56m_PGM_2Perc_coupling_errors_off_RP/round_4/18_bessy2hi_56m_PGM_2Perc_coupling_errors_off_RP.rml
2025-02-07 23:11:53,384 - INFO - Completed: 32, remaining: 28, RAYPy_Simulation_bessy2hi_56m_PGM_2Perc_coupling_errors_off_RP/round_4/19_bessy2hi_56m_PGM_2Perc_coupling_errors_off_RP.rml
2025-02-07 23:11:53,606 - INFO - Completed: 33, remaining: 27, RAYPy_Simulation_bessy2hi_56m_PGM_2Perc_coupling_errors_off_RP/round_4/20_bessy2hi_56m_PGM_2Perc_coupling_errors_off_RP.rml
2025-02-07 23:11:53,756 - INFO - Completed: 34, remaining: 26, RAYPy_Simulation_bessy2hi_56m_PGM_2Perc_coupling_errors_off_RP/round_4/21_bessy2hi_56m_PGM_2Perc_coupling_errors_off_RP.rml
2025-02-07 23:11:54,035 - INFO - Completed: 35, remaining: 25, RAYPy_Simulation_bessy2hi_56m_PGM_2Perc_coupling_errors_off_RP/round_4/22_bessy2hi_56m_PGM_2Perc_coupling_errors_off_RP.rml
2025-02-07 23:11:54,184 - INFO - Completed: 36, remaining: 24, RAYPy_Simulation_bessy2hi_56m_PGM_2Perc_coupling_errors_off_RP/round_4/23_bessy2hi_56m_PGM_2Perc_coupling_errors_off_RP.rml
2025-02-07 23:11:54,655 - INFO - Completed: 37, remaining: 23, RAYPy_Simulation_bessy2hi_56m_PGM_2Perc_coupling_errors_off_RP/round_4/25_bessy2hi_56m_PGM_2Perc_coupling_errors_off_RP.rml
2025-02-07 23:11:54,751 - INFO - Completed: 38, remaining: 22, RAYPy_Simulation_bessy2hi_56m_PGM_2Perc_coupling_errors_off_RP/round_4/26_bessy2hi_56m_PGM_2Perc_coupling_errors_off_RP.rml
2025-02-07 23:11:54,890 - INFO - Completed: 39, remaining: 21, RAYPy_Simulation_bessy2hi_56m_PGM_2Perc_coupling_errors_off_RP/round_4/27_bessy2hi_56m_PGM_2Perc_coupling_errors_off_RP.rml
2025-02-07 23:11:55,425 - INFO - Completed: 40, remaining: 20, RAYPy_Simulation_bessy2hi_56m_PGM_2Perc_coupling_errors_off_RP/round_4/24_bessy2hi_56m_PGM_2Perc_coupling_errors_off_RP.rml
2025-02-07 23:11:55,451 - INFO - Completed: 41, remaining: 19, RAYPy_Simulation_bessy2hi_56m_PGM_2Perc_coupling_errors_off_RP/round_4/28_bessy2hi_56m_PGM_2Perc_coupling_errors_off_RP.rml
2025-02-07 23:11:56,129 - INFO - Completed: 42, remaining: 18, RAYPy_Simulation_bessy2hi_56m_PGM_2Perc_coupling_errors_off_RP/round_4/29_bessy2hi_56m_PGM_2Perc_coupling_errors_off_RP.rml
2025-02-07 23:11:56,154 - INFO - Completed: 43, remaining: 17, RAYPy_Simulation_bessy2hi_56m_PGM_2Perc_coupling_errors_off_RP/round_4/30_bessy2hi_56m_PGM_2Perc_coupling_errors_off_RP.rml
2025-02-07 23:11:56,856 - INFO - Completed: 44, remaining: 16, RAYPy_Simulation_bessy2hi_56m_PGM_2Perc_coupling_errors_off_RP/round_4/31_bessy2hi_56m_PGM_2Perc_coupling_errors_off_RP.rml
2025-02-07 23:11:57,521 - INFO - Completed: 45, remaining: 15, RAYPy_Simulation_bessy2hi_56m_PGM_2Perc_coupling_errors_off_RP/round_4/32_bessy2hi_56m_PGM_2Perc_coupling_errors_off_RP.rml
2025-02-07 23:11:57,652 - INFO - Completed: 46, remaining: 14, RAYPy_Simulation_bessy2hi_56m_PGM_2Perc_coupling_errors_off_RP/round_4/33_bessy2hi_56m_PGM_2Perc_coupling_errors_off_RP.rml
2025-02-07 23:11:57,856 - INFO - Completed: 47, remaining: 13, RAYPy_Simulation_bessy2hi_56m_PGM_2Perc_coupling_errors_off_RP/round_4/34_bessy2hi_56m_PGM_2Perc_coupling_errors_off_RP.rml
2025-02-07 23:11:58,118 - INFO - Completed: 48, remaining: 12, RAYPy_Simulation_bessy2hi_56m_PGM_2Perc_coupling_errors_off_RP/round_4/35_bessy2hi_56m_PGM_2Perc_coupling_errors_off_RP.rml
2025-02-07 23:11:58,394 - INFO - Completed: 49, remaining: 11, RAYPy_Simulation_bessy2hi_56m_PGM_2Perc_coupling_errors_off_RP/round_4/36_bessy2hi_56m_PGM_2Perc_coupling_errors_off_RP.rml
2025-02-07 23:11:58,468 - INFO - Completed: 50, remaining: 10, RAYPy_Simulation_bessy2hi_56m_PGM_2Perc_coupling_errors_off_RP/round_4/37_bessy2hi_56m_PGM_2Perc_coupling_errors_off_RP.rml
2025-02-07 23:11:58,838 - INFO - Completed: 51, remaining: 9, RAYPy_Simulation_bessy2hi_56m_PGM_2Perc_coupling_errors_off_RP/round_4/40_bessy2hi_56m_PGM_2Perc_coupling_errors_off_RP.rml
2025-02-07 23:11:58,913 - INFO - Completed: 52, remaining: 8, RAYPy_Simulation_bessy2hi_56m_PGM_2Perc_coupling_errors_off_RP/round_4/39_bessy2hi_56m_PGM_2Perc_coupling_errors_off_RP.rml
2025-02-07 23:11:59,268 - INFO - Completed: 53, remaining: 7, RAYPy_Simulation_bessy2hi_56m_PGM_2Perc_coupling_errors_off_RP/round_4/38_bessy2hi_56m_PGM_2Perc_coupling_errors_off_RP.rml
2025-02-07 23:11:59,367 - INFO - Completed: 54, remaining: 6, RAYPy_Simulation_bessy2hi_56m_PGM_2Perc_coupling_errors_off_RP/round_4/41_bessy2hi_56m_PGM_2Perc_coupling_errors_off_RP.rml
2025-02-07 23:11:59,387 - INFO - Completed: 55, remaining: 5, RAYPy_Simulation_bessy2hi_56m_PGM_2Perc_coupling_errors_off_RP/round_4/42_bessy2hi_56m_PGM_2Perc_coupling_errors_off_RP.rml
2025-02-07 23:11:59,758 - INFO - Completed: 56, remaining: 4, RAYPy_Simulation_bessy2hi_56m_PGM_2Perc_coupling_errors_off_RP/round_4/43_bessy2hi_56m_PGM_2Perc_coupling_errors_off_RP.rml
2025-02-07 23:12:00,273 - INFO - Completed: 57, remaining: 3, RAYPy_Simulation_bessy2hi_56m_PGM_2Perc_coupling_errors_off_RP/round_4/45_bessy2hi_56m_PGM_2Perc_coupling_errors_off_RP.rml
2025-02-07 23:12:00,340 - INFO - Completed: 58, remaining: 2, RAYPy_Simulation_bessy2hi_56m_PGM_2Perc_coupling_errors_off_RP/round_4/44_bessy2hi_56m_PGM_2Perc_coupling_errors_off_RP.rml
2025-02-07 23:12:00,341 - INFO - Completed: 59, remaining: 1, RAYPy_Simulation_bessy2hi_56m_PGM_2Perc_coupling_errors_off_RP/round_4/46_bessy2hi_56m_PGM_2Perc_coupling_errors_off_RP.rml
2025-02-07 23:12:00,468 - INFO - Completed: 60, remaining: 0, RAYPy_Simulation_bessy2hi_56m_PGM_2Perc_coupling_errors_off_RP/round_4/47_bessy2hi_56m_PGM_2Perc_coupling_errors_off_RP.rml
2025-02-07 23:12:00,469 - INFO - Batch Completed
2025-02-07 23:12:00,469 - INFO - Waiting For batch, 60 simulations to go
2025-02-07 23:12:00,473 - INFO - Prepared sim number: 48: RAYPy_Simulation_bessy2hi_56m_PGM_2Perc_coupling_errors_off_RP/round_4/48_bessy2hi_56m_PGM_2Perc_coupling_errors_off_RP.rml
2025-02-07 23:12:00,477 - INFO - Prepared sim number: 49: RAYPy_Simulation_bessy2hi_56m_PGM_2Perc_coupling_errors_off_RP/round_4/49_bessy2hi_56m_PGM_2Perc_coupling_errors_off_RP.rml
2025-02-07 23:12:00,487 - INFO - Prepared sim number: 50: RAYPy_Simulation_bessy2hi_56m_PGM_2Perc_coupling_errors_off_RP/round_4/50_bessy2hi_56m_PGM_2Perc_coupling_errors_off_RP.rml
2025-02-07 23:12:00,492 - INFO - Prepared sim number: 51: RAYPy_Simulation_bessy2hi_56m_PGM_2Perc_coupling_errors_off_RP/round_4/51_bessy2hi_56m_PGM_2Perc_coupling_errors_off_RP.rml
2025-02-07 23:12:00,496 - INFO - Prepared sim number: 52: RAYPy_Simulation_bessy2hi_56m_PGM_2Perc_coupling_errors_off_RP/round_4/52_bessy2hi_56m_PGM_2Perc_coupling_errors_off_RP.rml
2025-02-07 23:12:00,500 - INFO - Prepared sim number: 53: RAYPy_Simulation_bessy2hi_56m_PGM_2Perc_coupling_errors_off_RP/round_4/53_bessy2hi_56m_PGM_2Perc_coupling_errors_off_RP.rml
2025-02-07 23:12:00,505 - INFO - Prepared sim number: 54: RAYPy_Simulation_bessy2hi_56m_PGM_2Perc_coupling_errors_off_RP/round_4/54_bessy2hi_56m_PGM_2Perc_coupling_errors_off_RP.rml
2025-02-07 23:12:00,512 - INFO - Prepared sim number: 55: RAYPy_Simulation_bessy2hi_56m_PGM_2Perc_coupling_errors_off_RP/round_4/55_bessy2hi_56m_PGM_2Perc_coupling_errors_off_RP.rml
2025-02-07 23:12:00,518 - INFO - Prepared sim number: 56: RAYPy_Simulation_bessy2hi_56m_PGM_2Perc_coupling_errors_off_RP/round_4/56_bessy2hi_56m_PGM_2Perc_coupling_errors_off_RP.rml
2025-02-07 23:12:00,524 - INFO - Prepared sim number: 57: RAYPy_Simulation_bessy2hi_56m_PGM_2Perc_coupling_errors_off_RP/round_4/57_bessy2hi_56m_PGM_2Perc_coupling_errors_off_RP.rml
2025-02-07 23:12:00,530 - INFO - Prepared sim number: 58: RAYPy_Simulation_bessy2hi_56m_PGM_2Perc_coupling_errors_off_RP/round_4/58_bessy2hi_56m_PGM_2Perc_coupling_errors_off_RP.rml
2025-02-07 23:12:00,537 - INFO - Prepared sim number: 59: RAYPy_Simulation_bessy2hi_56m_PGM_2Perc_coupling_errors_off_RP/round_4/59_bessy2hi_56m_PGM_2Perc_coupling_errors_off_RP.rml
2025-02-07 23:12:00,545 - INFO - Prepared sim number: 60: RAYPy_Simulation_bessy2hi_56m_PGM_2Perc_coupling_errors_off_RP/round_4/60_bessy2hi_56m_PGM_2Perc_coupling_errors_off_RP.rml
2025-02-07 23:12:00,552 - INFO - Prepared sim number: 61: RAYPy_Simulation_bessy2hi_56m_PGM_2Perc_coupling_errors_off_RP/round_4/61_bessy2hi_56m_PGM_2Perc_coupling_errors_off_RP.rml
2025-02-07 23:12:00,558 - INFO - Prepared sim number: 62: RAYPy_Simulation_bessy2hi_56m_PGM_2Perc_coupling_errors_off_RP/round_4/62_bessy2hi_56m_PGM_2Perc_coupling_errors_off_RP.rml
2025-02-07 23:12:00,566 - INFO - Prepared sim number: 63: RAYPy_Simulation_bessy2hi_56m_PGM_2Perc_coupling_errors_off_RP/round_4/63_bessy2hi_56m_PGM_2Perc_coupling_errors_off_RP.rml
2025-02-07 23:12:00,572 - INFO - Prepared sim number: 64: RAYPy_Simulation_bessy2hi_56m_PGM_2Perc_coupling_errors_off_RP/round_4/64_bessy2hi_56m_PGM_2Perc_coupling_errors_off_RP.rml
2025-02-07 23:12:00,578 - INFO - Prepared sim number: 65: RAYPy_Simulation_bessy2hi_56m_PGM_2Perc_coupling_errors_off_RP/round_4/65_bessy2hi_56m_PGM_2Perc_coupling_errors_off_RP.rml
2025-02-07 23:12:00,586 - INFO - Prepared sim number: 66: RAYPy_Simulation_bessy2hi_56m_PGM_2Perc_coupling_errors_off_RP/round_4/66_bessy2hi_56m_PGM_2Perc_coupling_errors_off_RP.rml
2025-02-07 23:12:00,592 - INFO - Prepared sim number: 67: RAYPy_Simulation_bessy2hi_56m_PGM_2Perc_coupling_errors_off_RP/round_4/67_bessy2hi_56m_PGM_2Perc_coupling_errors_off_RP.rml
2025-02-07 23:12:00,598 - INFO - Prepared sim number: 68: RAYPy_Simulation_bessy2hi_56m_PGM_2Perc_coupling_errors_off_RP/round_4/68_bessy2hi_56m_PGM_2Perc_coupling_errors_off_RP.rml
2025-02-07 23:12:00,603 - INFO - Prepared sim number: 69: RAYPy_Simulation_bessy2hi_56m_PGM_2Perc_coupling_errors_off_RP/round_4/69_bessy2hi_56m_PGM_2Perc_coupling_errors_off_RP.rml
2025-02-07 23:12:00,609 - INFO - Prepared sim number: 70: RAYPy_Simulation_bessy2hi_56m_PGM_2Perc_coupling_errors_off_RP/round_4/70_bessy2hi_56m_PGM_2Perc_coupling_errors_off_RP.rml
2025-02-07 23:12:00,615 - INFO - Prepared sim number: 71: RAYPy_Simulation_bessy2hi_56m_PGM_2Perc_coupling_errors_off_RP/round_4/71_bessy2hi_56m_PGM_2Perc_coupling_errors_off_RP.rml
2025-02-07 23:12:00,619 - INFO - Prepared sim number: 72: RAYPy_Simulation_bessy2hi_56m_PGM_2Perc_coupling_errors_off_RP/round_4/72_bessy2hi_56m_PGM_2Perc_coupling_errors_off_RP.rml
2025-02-07 23:12:00,623 - INFO - Prepared sim number: 73: RAYPy_Simulation_bessy2hi_56m_PGM_2Perc_coupling_errors_off_RP/round_4/73_bessy2hi_56m_PGM_2Perc_coupling_errors_off_RP.rml
2025-02-07 23:12:00,628 - INFO - Prepared sim number: 74: RAYPy_Simulation_bessy2hi_56m_PGM_2Perc_coupling_errors_off_RP/round_4/74_bessy2hi_56m_PGM_2Perc_coupling_errors_off_RP.rml
2025-02-07 23:12:00,632 - INFO - Prepared sim number: 75: RAYPy_Simulation_bessy2hi_56m_PGM_2Perc_coupling_errors_off_RP/round_4/75_bessy2hi_56m_PGM_2Perc_coupling_errors_off_RP.rml
2025-02-07 23:12:00,636 - INFO - Prepared sim number: 76: RAYPy_Simulation_bessy2hi_56m_PGM_2Perc_coupling_errors_off_RP/round_4/76_bessy2hi_56m_PGM_2Perc_coupling_errors_off_RP.rml
2025-02-07 23:12:00,640 - INFO - Prepared sim number: 77: RAYPy_Simulation_bessy2hi_56m_PGM_2Perc_coupling_errors_off_RP/round_4/77_bessy2hi_56m_PGM_2Perc_coupling_errors_off_RP.rml
2025-02-07 23:12:00,644 - INFO - Prepared sim number: 78: RAYPy_Simulation_bessy2hi_56m_PGM_2Perc_coupling_errors_off_RP/round_4/78_bessy2hi_56m_PGM_2Perc_coupling_errors_off_RP.rml
2025-02-07 23:12:00,648 - INFO - Prepared sim number: 79: RAYPy_Simulation_bessy2hi_56m_PGM_2Perc_coupling_errors_off_RP/round_4/79_bessy2hi_56m_PGM_2Perc_coupling_errors_off_RP.rml
2025-02-07 23:12:00,652 - INFO - Prepared sim number: 80: RAYPy_Simulation_bessy2hi_56m_PGM_2Perc_coupling_errors_off_RP/round_4/80_bessy2hi_56m_PGM_2Perc_coupling_errors_off_RP.rml
2025-02-07 23:12:00,657 - INFO - Prepared sim number: 81: RAYPy_Simulation_bessy2hi_56m_PGM_2Perc_coupling_errors_off_RP/round_4/81_bessy2hi_56m_PGM_2Perc_coupling_errors_off_RP.rml
2025-02-07 23:12:00,661 - INFO - Prepared sim number: 82: RAYPy_Simulation_bessy2hi_56m_PGM_2Perc_coupling_errors_off_RP/round_4/82_bessy2hi_56m_PGM_2Perc_coupling_errors_off_RP.rml
2025-02-07 23:12:00,665 - INFO - Prepared sim number: 83: RAYPy_Simulation_bessy2hi_56m_PGM_2Perc_coupling_errors_off_RP/round_4/83_bessy2hi_56m_PGM_2Perc_coupling_errors_off_RP.rml
2025-02-07 23:12:00,670 - INFO - Prepared sim number: 84: RAYPy_Simulation_bessy2hi_56m_PGM_2Perc_coupling_errors_off_RP/round_4/84_bessy2hi_56m_PGM_2Perc_coupling_errors_off_RP.rml
2025-02-07 23:12:00,675 - INFO - Prepared sim number: 85: RAYPy_Simulation_bessy2hi_56m_PGM_2Perc_coupling_errors_off_RP/round_4/85_bessy2hi_56m_PGM_2Perc_coupling_errors_off_RP.rml
2025-02-07 23:12:00,679 - INFO - Prepared sim number: 86: RAYPy_Simulation_bessy2hi_56m_PGM_2Perc_coupling_errors_off_RP/round_4/86_bessy2hi_56m_PGM_2Perc_coupling_errors_off_RP.rml
2025-02-07 23:12:00,683 - INFO - Prepared sim number: 87: RAYPy_Simulation_bessy2hi_56m_PGM_2Perc_coupling_errors_off_RP/round_4/87_bessy2hi_56m_PGM_2Perc_coupling_errors_off_RP.rml
2025-02-07 23:12:00,687 - INFO - Prepared sim number: 88: RAYPy_Simulation_bessy2hi_56m_PGM_2Perc_coupling_errors_off_RP/round_4/88_bessy2hi_56m_PGM_2Perc_coupling_errors_off_RP.rml
2025-02-07 23:12:00,691 - INFO - Prepared sim number: 89: RAYPy_Simulation_bessy2hi_56m_PGM_2Perc_coupling_errors_off_RP/round_4/89_bessy2hi_56m_PGM_2Perc_coupling_errors_off_RP.rml
2025-02-07 23:12:00,695 - INFO - Prepared sim number: 90: RAYPy_Simulation_bessy2hi_56m_PGM_2Perc_coupling_errors_off_RP/round_4/90_bessy2hi_56m_PGM_2Perc_coupling_errors_off_RP.rml
2025-02-07 23:12:00,698 - INFO - Prepared sim number: 91: RAYPy_Simulation_bessy2hi_56m_PGM_2Perc_coupling_errors_off_RP/round_4/91_bessy2hi_56m_PGM_2Perc_coupling_errors_off_RP.rml
2025-02-07 23:12:00,702 - INFO - Prepared sim number: 92: RAYPy_Simulation_bessy2hi_56m_PGM_2Perc_coupling_errors_off_RP/round_4/92_bessy2hi_56m_PGM_2Perc_coupling_errors_off_RP.rml
2025-02-07 23:12:00,706 - INFO - Prepared sim number: 93: RAYPy_Simulation_bessy2hi_56m_PGM_2Perc_coupling_errors_off_RP/round_4/93_bessy2hi_56m_PGM_2Perc_coupling_errors_off_RP.rml
2025-02-07 23:12:00,710 - INFO - Prepared sim number: 94: RAYPy_Simulation_bessy2hi_56m_PGM_2Perc_coupling_errors_off_RP/round_4/94_bessy2hi_56m_PGM_2Perc_coupling_errors_off_RP.rml
2025-02-07 23:12:00,714 - INFO - Prepared sim number: 95: RAYPy_Simulation_bessy2hi_56m_PGM_2Perc_coupling_errors_off_RP/round_4/95_bessy2hi_56m_PGM_2Perc_coupling_errors_off_RP.rml
2025-02-07 23:12:00,718 - INFO - Prepared sim number: 96: RAYPy_Simulation_bessy2hi_56m_PGM_2Perc_coupling_errors_off_RP/round_4/96_bessy2hi_56m_PGM_2Perc_coupling_errors_off_RP.rml
2025-02-07 23:12:00,722 - INFO - Prepared sim number: 97: RAYPy_Simulation_bessy2hi_56m_PGM_2Perc_coupling_errors_off_RP/round_4/97_bessy2hi_56m_PGM_2Perc_coupling_errors_off_RP.rml
2025-02-07 23:12:00,726 - INFO - Prepared sim number: 98: RAYPy_Simulation_bessy2hi_56m_PGM_2Perc_coupling_errors_off_RP/round_4/98_bessy2hi_56m_PGM_2Perc_coupling_errors_off_RP.rml
2025-02-07 23:12:00,730 - INFO - Prepared sim number: 99: RAYPy_Simulation_bessy2hi_56m_PGM_2Perc_coupling_errors_off_RP/round_4/99_bessy2hi_56m_PGM_2Perc_coupling_errors_off_RP.rml
2025-02-07 23:12:00,734 - INFO - Prepared sim number: 100: RAYPy_Simulation_bessy2hi_56m_PGM_2Perc_coupling_errors_off_RP/round_4/100_bessy2hi_56m_PGM_2Perc_coupling_errors_off_RP.rml
2025-02-07 23:12:00,738 - INFO - Prepared sim number: 101: RAYPy_Simulation_bessy2hi_56m_PGM_2Perc_coupling_errors_off_RP/round_4/101_bessy2hi_56m_PGM_2Perc_coupling_errors_off_RP.rml
2025-02-07 23:12:00,742 - INFO - Prepared sim number: 102: RAYPy_Simulation_bessy2hi_56m_PGM_2Perc_coupling_errors_off_RP/round_4/102_bessy2hi_56m_PGM_2Perc_coupling_errors_off_RP.rml
2025-02-07 23:12:00,746 - INFO - Prepared sim number: 103: RAYPy_Simulation_bessy2hi_56m_PGM_2Perc_coupling_errors_off_RP/round_4/103_bessy2hi_56m_PGM_2Perc_coupling_errors_off_RP.rml
2025-02-07 23:12:00,750 - INFO - Prepared sim number: 104: RAYPy_Simulation_bessy2hi_56m_PGM_2Perc_coupling_errors_off_RP/round_4/104_bessy2hi_56m_PGM_2Perc_coupling_errors_off_RP.rml
2025-02-07 23:12:00,754 - INFO - Prepared sim number: 105: RAYPy_Simulation_bessy2hi_56m_PGM_2Perc_coupling_errors_off_RP/round_4/105_bessy2hi_56m_PGM_2Perc_coupling_errors_off_RP.rml
2025-02-07 23:12:00,758 - INFO - Prepared sim number: 106: RAYPy_Simulation_bessy2hi_56m_PGM_2Perc_coupling_errors_off_RP/round_4/106_bessy2hi_56m_PGM_2Perc_coupling_errors_off_RP.rml
2025-02-07 23:12:00,762 - INFO - Prepared sim number: 107: RAYPy_Simulation_bessy2hi_56m_PGM_2Perc_coupling_errors_off_RP/round_4/107_bessy2hi_56m_PGM_2Perc_coupling_errors_off_RP.rml
2025-02-07 23:12:00,763 - INFO - Waiting for batch number: 9, timeout: 22.230398239029775s
2025-02-07 23:12:03,959 - INFO - Completed: 1, remaining: 59, RAYPy_Simulation_bessy2hi_56m_PGM_2Perc_coupling_errors_off_RP/round_4/48_bessy2hi_56m_PGM_2Perc_coupling_errors_off_RP.rml
2025-02-07 23:12:04,011 - INFO - Completed: 2, remaining: 58, RAYPy_Simulation_bessy2hi_56m_PGM_2Perc_coupling_errors_off_RP/round_4/50_bessy2hi_56m_PGM_2Perc_coupling_errors_off_RP.rml
2025-02-07 23:12:04,092 - INFO - Completed: 3, remaining: 57, RAYPy_Simulation_bessy2hi_56m_PGM_2Perc_coupling_errors_off_RP/round_4/49_bessy2hi_56m_PGM_2Perc_coupling_errors_off_RP.rml
2025-02-07 23:12:04,128 - INFO - Completed: 4, remaining: 56, RAYPy_Simulation_bessy2hi_56m_PGM_2Perc_coupling_errors_off_RP/round_4/54_bessy2hi_56m_PGM_2Perc_coupling_errors_off_RP.rml
2025-02-07 23:12:04,253 - INFO - Completed: 5, remaining: 55, RAYPy_Simulation_bessy2hi_56m_PGM_2Perc_coupling_errors_off_RP/round_4/52_bessy2hi_56m_PGM_2Perc_coupling_errors_off_RP.rml
2025-02-07 23:12:04,373 - INFO - Completed: 6, remaining: 54, RAYPy_Simulation_bessy2hi_56m_PGM_2Perc_coupling_errors_off_RP/round_4/58_bessy2hi_56m_PGM_2Perc_coupling_errors_off_RP.rml
2025-02-07 23:12:04,432 - INFO - Completed: 7, remaining: 53, RAYPy_Simulation_bessy2hi_56m_PGM_2Perc_coupling_errors_off_RP/round_4/55_bessy2hi_56m_PGM_2Perc_coupling_errors_off_RP.rml
2025-02-07 23:12:04,484 - INFO - Completed: 8, remaining: 52, RAYPy_Simulation_bessy2hi_56m_PGM_2Perc_coupling_errors_off_RP/round_4/59_bessy2hi_56m_PGM_2Perc_coupling_errors_off_RP.rml
2025-02-07 23:12:04,700 - INFO - Completed: 9, remaining: 51, RAYPy_Simulation_bessy2hi_56m_PGM_2Perc_coupling_errors_off_RP/round_4/53_bessy2hi_56m_PGM_2Perc_coupling_errors_off_RP.rml
2025-02-07 23:12:06,563 - INFO - Completed: 10, remaining: 50, RAYPy_Simulation_bessy2hi_56m_PGM_2Perc_coupling_errors_off_RP/round_4/51_bessy2hi_56m_PGM_2Perc_coupling_errors_off_RP.rml
2025-02-07 23:12:06,625 - INFO - Completed: 11, remaining: 49, RAYPy_Simulation_bessy2hi_56m_PGM_2Perc_coupling_errors_off_RP/round_4/57_bessy2hi_56m_PGM_2Perc_coupling_errors_off_RP.rml
2025-02-07 23:12:06,964 - INFO - Completed: 12, remaining: 48, RAYPy_Simulation_bessy2hi_56m_PGM_2Perc_coupling_errors_off_RP/round_4/56_bessy2hi_56m_PGM_2Perc_coupling_errors_off_RP.rml
2025-02-07 23:12:07,535 - INFO - Completed: 13, remaining: 47, RAYPy_Simulation_bessy2hi_56m_PGM_2Perc_coupling_errors_off_RP/round_4/62_bessy2hi_56m_PGM_2Perc_coupling_errors_off_RP.rml
2025-02-07 23:12:07,762 - INFO - Completed: 14, remaining: 46, RAYPy_Simulation_bessy2hi_56m_PGM_2Perc_coupling_errors_off_RP/round_4/61_bessy2hi_56m_PGM_2Perc_coupling_errors_off_RP.rml
2025-02-07 23:12:07,967 - INFO - Completed: 15, remaining: 45, RAYPy_Simulation_bessy2hi_56m_PGM_2Perc_coupling_errors_off_RP/round_4/63_bessy2hi_56m_PGM_2Perc_coupling_errors_off_RP.rml
2025-02-07 23:12:08,120 - INFO - Completed: 16, remaining: 44, RAYPy_Simulation_bessy2hi_56m_PGM_2Perc_coupling_errors_off_RP/round_4/65_bessy2hi_56m_PGM_2Perc_coupling_errors_off_RP.rml
2025-02-07 23:12:08,239 - INFO - Completed: 17, remaining: 43, RAYPy_Simulation_bessy2hi_56m_PGM_2Perc_coupling_errors_off_RP/round_4/66_bessy2hi_56m_PGM_2Perc_coupling_errors_off_RP.rml
2025-02-07 23:12:08,316 - INFO - Completed: 18, remaining: 42, RAYPy_Simulation_bessy2hi_56m_PGM_2Perc_coupling_errors_off_RP/round_4/67_bessy2hi_56m_PGM_2Perc_coupling_errors_off_RP.rml
2025-02-07 23:12:08,443 - INFO - Completed: 19, remaining: 41, RAYPy_Simulation_bessy2hi_56m_PGM_2Perc_coupling_errors_off_RP/round_4/64_bessy2hi_56m_PGM_2Perc_coupling_errors_off_RP.rml
2025-02-07 23:12:08,453 - INFO - Completed: 20, remaining: 40, RAYPy_Simulation_bessy2hi_56m_PGM_2Perc_coupling_errors_off_RP/round_4/68_bessy2hi_56m_PGM_2Perc_coupling_errors_off_RP.rml
2025-02-07 23:12:08,896 - INFO - Completed: 21, remaining: 39, RAYPy_Simulation_bessy2hi_56m_PGM_2Perc_coupling_errors_off_RP/round_4/60_bessy2hi_56m_PGM_2Perc_coupling_errors_off_RP.rml
2025-02-07 23:12:10,304 - INFO - Completed: 22, remaining: 38, RAYPy_Simulation_bessy2hi_56m_PGM_2Perc_coupling_errors_off_RP/round_4/70_bessy2hi_56m_PGM_2Perc_coupling_errors_off_RP.rml
2025-02-07 23:12:10,321 - INFO - Completed: 23, remaining: 37, RAYPy_Simulation_bessy2hi_56m_PGM_2Perc_coupling_errors_off_RP/round_4/69_bessy2hi_56m_PGM_2Perc_coupling_errors_off_RP.rml
2025-02-07 23:12:10,579 - INFO - Completed: 24, remaining: 36, RAYPy_Simulation_bessy2hi_56m_PGM_2Perc_coupling_errors_off_RP/round_4/71_bessy2hi_56m_PGM_2Perc_coupling_errors_off_RP.rml
2025-02-07 23:12:11,042 - INFO - Completed: 25, remaining: 35, RAYPy_Simulation_bessy2hi_56m_PGM_2Perc_coupling_errors_off_RP/round_4/72_bessy2hi_56m_PGM_2Perc_coupling_errors_off_RP.rml
2025-02-07 23:12:11,284 - INFO - Completed: 26, remaining: 34, RAYPy_Simulation_bessy2hi_56m_PGM_2Perc_coupling_errors_off_RP/round_4/73_bessy2hi_56m_PGM_2Perc_coupling_errors_off_RP.rml
2025-02-07 23:12:11,469 - INFO - Completed: 27, remaining: 33, RAYPy_Simulation_bessy2hi_56m_PGM_2Perc_coupling_errors_off_RP/round_4/74_bessy2hi_56m_PGM_2Perc_coupling_errors_off_RP.rml
2025-02-07 23:12:11,717 - INFO - Completed: 28, remaining: 32, RAYPy_Simulation_bessy2hi_56m_PGM_2Perc_coupling_errors_off_RP/round_4/75_bessy2hi_56m_PGM_2Perc_coupling_errors_off_RP.rml
2025-02-07 23:12:12,049 - INFO - Completed: 29, remaining: 31, RAYPy_Simulation_bessy2hi_56m_PGM_2Perc_coupling_errors_off_RP/round_4/77_bessy2hi_56m_PGM_2Perc_coupling_errors_off_RP.rml
2025-02-07 23:12:12,404 - INFO - Completed: 30, remaining: 30, RAYPy_Simulation_bessy2hi_56m_PGM_2Perc_coupling_errors_off_RP/round_4/79_bessy2hi_56m_PGM_2Perc_coupling_errors_off_RP.rml
2025-02-07 23:12:12,435 - INFO - Completed: 31, remaining: 29, RAYPy_Simulation_bessy2hi_56m_PGM_2Perc_coupling_errors_off_RP/round_4/78_bessy2hi_56m_PGM_2Perc_coupling_errors_off_RP.rml
2025-02-07 23:12:12,676 - INFO - Completed: 32, remaining: 28, RAYPy_Simulation_bessy2hi_56m_PGM_2Perc_coupling_errors_off_RP/round_4/76_bessy2hi_56m_PGM_2Perc_coupling_errors_off_RP.rml
2025-02-07 23:12:12,940 - INFO - Completed: 33, remaining: 27, RAYPy_Simulation_bessy2hi_56m_PGM_2Perc_coupling_errors_off_RP/round_4/80_bessy2hi_56m_PGM_2Perc_coupling_errors_off_RP.rml
2025-02-07 23:12:13,668 - INFO - Completed: 34, remaining: 26, RAYPy_Simulation_bessy2hi_56m_PGM_2Perc_coupling_errors_off_RP/round_4/82_bessy2hi_56m_PGM_2Perc_coupling_errors_off_RP.rml
2025-02-07 23:12:14,043 - INFO - Completed: 35, remaining: 25, RAYPy_Simulation_bessy2hi_56m_PGM_2Perc_coupling_errors_off_RP/round_4/83_bessy2hi_56m_PGM_2Perc_coupling_errors_off_RP.rml
2025-02-07 23:12:14,321 - INFO - Completed: 36, remaining: 24, RAYPy_Simulation_bessy2hi_56m_PGM_2Perc_coupling_errors_off_RP/round_4/81_bessy2hi_56m_PGM_2Perc_coupling_errors_off_RP.rml
2025-02-07 23:12:14,541 - INFO - Completed: 37, remaining: 23, RAYPy_Simulation_bessy2hi_56m_PGM_2Perc_coupling_errors_off_RP/round_4/85_bessy2hi_56m_PGM_2Perc_coupling_errors_off_RP.rml
2025-02-07 23:12:14,635 - INFO - Completed: 38, remaining: 22, RAYPy_Simulation_bessy2hi_56m_PGM_2Perc_coupling_errors_off_RP/round_4/86_bessy2hi_56m_PGM_2Perc_coupling_errors_off_RP.rml
2025-02-07 23:12:14,909 - INFO - Completed: 39, remaining: 21, RAYPy_Simulation_bessy2hi_56m_PGM_2Perc_coupling_errors_off_RP/round_4/87_bessy2hi_56m_PGM_2Perc_coupling_errors_off_RP.rml
2025-02-07 23:12:15,403 - INFO - Completed: 40, remaining: 20, RAYPy_Simulation_bessy2hi_56m_PGM_2Perc_coupling_errors_off_RP/round_4/84_bessy2hi_56m_PGM_2Perc_coupling_errors_off_RP.rml
2025-02-07 23:12:15,471 - INFO - Completed: 41, remaining: 19, RAYPy_Simulation_bessy2hi_56m_PGM_2Perc_coupling_errors_off_RP/round_4/88_bessy2hi_56m_PGM_2Perc_coupling_errors_off_RP.rml
2025-02-07 23:12:15,768 - INFO - Completed: 42, remaining: 18, RAYPy_Simulation_bessy2hi_56m_PGM_2Perc_coupling_errors_off_RP/round_4/89_bessy2hi_56m_PGM_2Perc_coupling_errors_off_RP.rml
2025-02-07 23:12:15,881 - INFO - Completed: 43, remaining: 17, RAYPy_Simulation_bessy2hi_56m_PGM_2Perc_coupling_errors_off_RP/round_4/90_bessy2hi_56m_PGM_2Perc_coupling_errors_off_RP.rml
2025-02-07 23:12:16,150 - INFO - Completed: 44, remaining: 16, RAYPy_Simulation_bessy2hi_56m_PGM_2Perc_coupling_errors_off_RP/round_4/91_bessy2hi_56m_PGM_2Perc_coupling_errors_off_RP.rml
2025-02-07 23:12:16,174 - INFO - Completed: 45, remaining: 15, RAYPy_Simulation_bessy2hi_56m_PGM_2Perc_coupling_errors_off_RP/round_4/92_bessy2hi_56m_PGM_2Perc_coupling_errors_off_RP.rml
2025-02-07 23:12:16,970 - INFO - Completed: 46, remaining: 14, RAYPy_Simulation_bessy2hi_56m_PGM_2Perc_coupling_errors_off_RP/round_4/93_bessy2hi_56m_PGM_2Perc_coupling_errors_off_RP.rml
2025-02-07 23:12:17,293 - INFO - Completed: 47, remaining: 13, RAYPy_Simulation_bessy2hi_56m_PGM_2Perc_coupling_errors_off_RP/round_4/94_bessy2hi_56m_PGM_2Perc_coupling_errors_off_RP.rml
2025-02-07 23:12:17,689 - INFO - Completed: 48, remaining: 12, RAYPy_Simulation_bessy2hi_56m_PGM_2Perc_coupling_errors_off_RP/round_4/96_bessy2hi_56m_PGM_2Perc_coupling_errors_off_RP.rml
2025-02-07 23:12:17,791 - INFO - Completed: 49, remaining: 11, RAYPy_Simulation_bessy2hi_56m_PGM_2Perc_coupling_errors_off_RP/round_4/97_bessy2hi_56m_PGM_2Perc_coupling_errors_off_RP.rml
2025-02-07 23:12:17,982 - INFO - Completed: 50, remaining: 10, RAYPy_Simulation_bessy2hi_56m_PGM_2Perc_coupling_errors_off_RP/round_4/98_bessy2hi_56m_PGM_2Perc_coupling_errors_off_RP.rml
2025-02-07 23:12:17,983 - INFO - Completed: 51, remaining: 9, RAYPy_Simulation_bessy2hi_56m_PGM_2Perc_coupling_errors_off_RP/round_4/95_bessy2hi_56m_PGM_2Perc_coupling_errors_off_RP.rml
2025-02-07 23:12:18,430 - INFO - Completed: 52, remaining: 8, RAYPy_Simulation_bessy2hi_56m_PGM_2Perc_coupling_errors_off_RP/round_4/99_bessy2hi_56m_PGM_2Perc_coupling_errors_off_RP.rml
2025-02-07 23:12:18,677 - INFO - Completed: 53, remaining: 7, RAYPy_Simulation_bessy2hi_56m_PGM_2Perc_coupling_errors_off_RP/round_4/100_bessy2hi_56m_PGM_2Perc_coupling_errors_off_RP.rml
2025-02-07 23:12:18,791 - INFO - Completed: 54, remaining: 6, RAYPy_Simulation_bessy2hi_56m_PGM_2Perc_coupling_errors_off_RP/round_4/101_bessy2hi_56m_PGM_2Perc_coupling_errors_off_RP.rml
2025-02-07 23:12:18,915 - INFO - Completed: 55, remaining: 5, RAYPy_Simulation_bessy2hi_56m_PGM_2Perc_coupling_errors_off_RP/round_4/102_bessy2hi_56m_PGM_2Perc_coupling_errors_off_RP.rml
2025-02-07 23:12:19,282 - INFO - Completed: 56, remaining: 4, RAYPy_Simulation_bessy2hi_56m_PGM_2Perc_coupling_errors_off_RP/round_4/103_bessy2hi_56m_PGM_2Perc_coupling_errors_off_RP.rml
2025-02-07 23:12:19,661 - INFO - Completed: 57, remaining: 3, RAYPy_Simulation_bessy2hi_56m_PGM_2Perc_coupling_errors_off_RP/round_4/104_bessy2hi_56m_PGM_2Perc_coupling_errors_off_RP.rml
2025-02-07 23:12:19,748 - INFO - Completed: 58, remaining: 2, RAYPy_Simulation_bessy2hi_56m_PGM_2Perc_coupling_errors_off_RP/round_4/105_bessy2hi_56m_PGM_2Perc_coupling_errors_off_RP.rml
2025-02-07 23:12:19,928 - INFO - Completed: 59, remaining: 1, RAYPy_Simulation_bessy2hi_56m_PGM_2Perc_coupling_errors_off_RP/round_4/106_bessy2hi_56m_PGM_2Perc_coupling_errors_off_RP.rml
2025-02-07 23:12:20,230 - INFO - Completed: 60, remaining: 0, RAYPy_Simulation_bessy2hi_56m_PGM_2Perc_coupling_errors_off_RP/round_4/107_bessy2hi_56m_PGM_2Perc_coupling_errors_off_RP.rml
2025-02-07 23:12:20,230 - INFO - Batch Completed
2025-02-07 23:12:20,231 - INFO - Waiting For batch, 60 simulations to go
2025-02-07 23:12:20,237 - INFO - Prepared sim number: 108: RAYPy_Simulation_bessy2hi_56m_PGM_2Perc_coupling_errors_off_RP/round_4/108_bessy2hi_56m_PGM_2Perc_coupling_errors_off_RP.rml
2025-02-07 23:12:20,248 - INFO - Prepared sim number: 109: RAYPy_Simulation_bessy2hi_56m_PGM_2Perc_coupling_errors_off_RP/round_4/109_bessy2hi_56m_PGM_2Perc_coupling_errors_off_RP.rml
2025-02-07 23:12:20,256 - INFO - Prepared sim number: 110: RAYPy_Simulation_bessy2hi_56m_PGM_2Perc_coupling_errors_off_RP/round_4/110_bessy2hi_56m_PGM_2Perc_coupling_errors_off_RP.rml
2025-02-07 23:12:20,264 - INFO - Prepared sim number: 111: RAYPy_Simulation_bessy2hi_56m_PGM_2Perc_coupling_errors_off_RP/round_4/111_bessy2hi_56m_PGM_2Perc_coupling_errors_off_RP.rml
2025-02-07 23:12:20,276 - INFO - Prepared sim number: 112: RAYPy_Simulation_bessy2hi_56m_PGM_2Perc_coupling_errors_off_RP/round_4/112_bessy2hi_56m_PGM_2Perc_coupling_errors_off_RP.rml
2025-02-07 23:12:20,284 - INFO - Prepared sim number: 113: RAYPy_Simulation_bessy2hi_56m_PGM_2Perc_coupling_errors_off_RP/round_4/113_bessy2hi_56m_PGM_2Perc_coupling_errors_off_RP.rml
2025-02-07 23:12:20,291 - INFO - Prepared sim number: 114: RAYPy_Simulation_bessy2hi_56m_PGM_2Perc_coupling_errors_off_RP/round_4/114_bessy2hi_56m_PGM_2Perc_coupling_errors_off_RP.rml
2025-02-07 23:12:20,300 - INFO - Prepared sim number: 115: RAYPy_Simulation_bessy2hi_56m_PGM_2Perc_coupling_errors_off_RP/round_4/115_bessy2hi_56m_PGM_2Perc_coupling_errors_off_RP.rml
2025-02-07 23:12:20,307 - INFO - Prepared sim number: 116: RAYPy_Simulation_bessy2hi_56m_PGM_2Perc_coupling_errors_off_RP/round_4/116_bessy2hi_56m_PGM_2Perc_coupling_errors_off_RP.rml
2025-02-07 23:12:20,315 - INFO - Prepared sim number: 117: RAYPy_Simulation_bessy2hi_56m_PGM_2Perc_coupling_errors_off_RP/round_4/117_bessy2hi_56m_PGM_2Perc_coupling_errors_off_RP.rml
2025-02-07 23:12:20,322 - INFO - Prepared sim number: 118: RAYPy_Simulation_bessy2hi_56m_PGM_2Perc_coupling_errors_off_RP/round_4/118_bessy2hi_56m_PGM_2Perc_coupling_errors_off_RP.rml
2025-02-07 23:12:20,330 - INFO - Prepared sim number: 119: RAYPy_Simulation_bessy2hi_56m_PGM_2Perc_coupling_errors_off_RP/round_4/119_bessy2hi_56m_PGM_2Perc_coupling_errors_off_RP.rml
2025-02-07 23:12:20,337 - INFO - Prepared sim number: 120: RAYPy_Simulation_bessy2hi_56m_PGM_2Perc_coupling_errors_off_RP/round_4/120_bessy2hi_56m_PGM_2Perc_coupling_errors_off_RP.rml
2025-02-07 23:12:20,346 - INFO - Prepared sim number: 121: RAYPy_Simulation_bessy2hi_56m_PGM_2Perc_coupling_errors_off_RP/round_4/121_bessy2hi_56m_PGM_2Perc_coupling_errors_off_RP.rml
2025-02-07 23:12:20,354 - INFO - Prepared sim number: 122: RAYPy_Simulation_bessy2hi_56m_PGM_2Perc_coupling_errors_off_RP/round_4/122_bessy2hi_56m_PGM_2Perc_coupling_errors_off_RP.rml
2025-02-07 23:12:20,354 - INFO - Start round 5
2025-02-07 23:12:20,362 - INFO - Prepared sim number: 0: RAYPy_Simulation_bessy2hi_56m_PGM_2Perc_coupling_errors_off_RP/round_5/0_bessy2hi_56m_PGM_2Perc_coupling_errors_off_RP.rml
2025-02-07 23:12:20,369 - INFO - Prepared sim number: 1: RAYPy_Simulation_bessy2hi_56m_PGM_2Perc_coupling_errors_off_RP/round_5/1_bessy2hi_56m_PGM_2Perc_coupling_errors_off_RP.rml
2025-02-07 23:12:20,378 - INFO - Prepared sim number: 2: RAYPy_Simulation_bessy2hi_56m_PGM_2Perc_coupling_errors_off_RP/round_5/2_bessy2hi_56m_PGM_2Perc_coupling_errors_off_RP.rml
2025-02-07 23:12:20,384 - INFO - Prepared sim number: 3: RAYPy_Simulation_bessy2hi_56m_PGM_2Perc_coupling_errors_off_RP/round_5/3_bessy2hi_56m_PGM_2Perc_coupling_errors_off_RP.rml
2025-02-07 23:12:20,391 - INFO - Prepared sim number: 4: RAYPy_Simulation_bessy2hi_56m_PGM_2Perc_coupling_errors_off_RP/round_5/4_bessy2hi_56m_PGM_2Perc_coupling_errors_off_RP.rml
2025-02-07 23:12:20,398 - INFO - Prepared sim number: 5: RAYPy_Simulation_bessy2hi_56m_PGM_2Perc_coupling_errors_off_RP/round_5/5_bessy2hi_56m_PGM_2Perc_coupling_errors_off_RP.rml
2025-02-07 23:12:20,406 - INFO - Prepared sim number: 6: RAYPy_Simulation_bessy2hi_56m_PGM_2Perc_coupling_errors_off_RP/round_5/6_bessy2hi_56m_PGM_2Perc_coupling_errors_off_RP.rml
2025-02-07 23:12:20,413 - INFO - Prepared sim number: 7: RAYPy_Simulation_bessy2hi_56m_PGM_2Perc_coupling_errors_off_RP/round_5/7_bessy2hi_56m_PGM_2Perc_coupling_errors_off_RP.rml
2025-02-07 23:12:20,420 - INFO - Prepared sim number: 8: RAYPy_Simulation_bessy2hi_56m_PGM_2Perc_coupling_errors_off_RP/round_5/8_bessy2hi_56m_PGM_2Perc_coupling_errors_off_RP.rml
2025-02-07 23:12:20,427 - INFO - Prepared sim number: 9: RAYPy_Simulation_bessy2hi_56m_PGM_2Perc_coupling_errors_off_RP/round_5/9_bessy2hi_56m_PGM_2Perc_coupling_errors_off_RP.rml
2025-02-07 23:12:20,435 - INFO - Prepared sim number: 10: RAYPy_Simulation_bessy2hi_56m_PGM_2Perc_coupling_errors_off_RP/round_5/10_bessy2hi_56m_PGM_2Perc_coupling_errors_off_RP.rml
2025-02-07 23:12:20,444 - INFO - Prepared sim number: 11: RAYPy_Simulation_bessy2hi_56m_PGM_2Perc_coupling_errors_off_RP/round_5/11_bessy2hi_56m_PGM_2Perc_coupling_errors_off_RP.rml
2025-02-07 23:12:20,450 - INFO - Prepared sim number: 12: RAYPy_Simulation_bessy2hi_56m_PGM_2Perc_coupling_errors_off_RP/round_5/12_bessy2hi_56m_PGM_2Perc_coupling_errors_off_RP.rml
2025-02-07 23:12:20,457 - INFO - Prepared sim number: 13: RAYPy_Simulation_bessy2hi_56m_PGM_2Perc_coupling_errors_off_RP/round_5/13_bessy2hi_56m_PGM_2Perc_coupling_errors_off_RP.rml
2025-02-07 23:12:20,465 - INFO - Prepared sim number: 14: RAYPy_Simulation_bessy2hi_56m_PGM_2Perc_coupling_errors_off_RP/round_5/14_bessy2hi_56m_PGM_2Perc_coupling_errors_off_RP.rml
2025-02-07 23:12:20,472 - INFO - Prepared sim number: 15: RAYPy_Simulation_bessy2hi_56m_PGM_2Perc_coupling_errors_off_RP/round_5/15_bessy2hi_56m_PGM_2Perc_coupling_errors_off_RP.rml
2025-02-07 23:12:20,480 - INFO - Prepared sim number: 16: RAYPy_Simulation_bessy2hi_56m_PGM_2Perc_coupling_errors_off_RP/round_5/16_bessy2hi_56m_PGM_2Perc_coupling_errors_off_RP.rml
2025-02-07 23:12:20,487 - INFO - Prepared sim number: 17: RAYPy_Simulation_bessy2hi_56m_PGM_2Perc_coupling_errors_off_RP/round_5/17_bessy2hi_56m_PGM_2Perc_coupling_errors_off_RP.rml
2025-02-07 23:12:20,495 - INFO - Prepared sim number: 18: RAYPy_Simulation_bessy2hi_56m_PGM_2Perc_coupling_errors_off_RP/round_5/18_bessy2hi_56m_PGM_2Perc_coupling_errors_off_RP.rml
2025-02-07 23:12:20,502 - INFO - Prepared sim number: 19: RAYPy_Simulation_bessy2hi_56m_PGM_2Perc_coupling_errors_off_RP/round_5/19_bessy2hi_56m_PGM_2Perc_coupling_errors_off_RP.rml
2025-02-07 23:12:20,509 - INFO - Prepared sim number: 20: RAYPy_Simulation_bessy2hi_56m_PGM_2Perc_coupling_errors_off_RP/round_5/20_bessy2hi_56m_PGM_2Perc_coupling_errors_off_RP.rml
2025-02-07 23:12:20,516 - INFO - Prepared sim number: 21: RAYPy_Simulation_bessy2hi_56m_PGM_2Perc_coupling_errors_off_RP/round_5/21_bessy2hi_56m_PGM_2Perc_coupling_errors_off_RP.rml
2025-02-07 23:12:20,524 - INFO - Prepared sim number: 22: RAYPy_Simulation_bessy2hi_56m_PGM_2Perc_coupling_errors_off_RP/round_5/22_bessy2hi_56m_PGM_2Perc_coupling_errors_off_RP.rml
2025-02-07 23:12:20,530 - INFO - Prepared sim number: 23: RAYPy_Simulation_bessy2hi_56m_PGM_2Perc_coupling_errors_off_RP/round_5/23_bessy2hi_56m_PGM_2Perc_coupling_errors_off_RP.rml
2025-02-07 23:12:20,537 - INFO - Prepared sim number: 24: RAYPy_Simulation_bessy2hi_56m_PGM_2Perc_coupling_errors_off_RP/round_5/24_bessy2hi_56m_PGM_2Perc_coupling_errors_off_RP.rml
2025-02-07 23:12:20,544 - INFO - Prepared sim number: 25: RAYPy_Simulation_bessy2hi_56m_PGM_2Perc_coupling_errors_off_RP/round_5/25_bessy2hi_56m_PGM_2Perc_coupling_errors_off_RP.rml
2025-02-07 23:12:20,551 - INFO - Prepared sim number: 26: RAYPy_Simulation_bessy2hi_56m_PGM_2Perc_coupling_errors_off_RP/round_5/26_bessy2hi_56m_PGM_2Perc_coupling_errors_off_RP.rml
2025-02-07 23:12:20,558 - INFO - Prepared sim number: 27: RAYPy_Simulation_bessy2hi_56m_PGM_2Perc_coupling_errors_off_RP/round_5/27_bessy2hi_56m_PGM_2Perc_coupling_errors_off_RP.rml
2025-02-07 23:12:20,565 - INFO - Prepared sim number: 28: RAYPy_Simulation_bessy2hi_56m_PGM_2Perc_coupling_errors_off_RP/round_5/28_bessy2hi_56m_PGM_2Perc_coupling_errors_off_RP.rml
2025-02-07 23:12:20,571 - INFO - Prepared sim number: 29: RAYPy_Simulation_bessy2hi_56m_PGM_2Perc_coupling_errors_off_RP/round_5/29_bessy2hi_56m_PGM_2Perc_coupling_errors_off_RP.rml
2025-02-07 23:12:20,580 - INFO - Prepared sim number: 30: RAYPy_Simulation_bessy2hi_56m_PGM_2Perc_coupling_errors_off_RP/round_5/30_bessy2hi_56m_PGM_2Perc_coupling_errors_off_RP.rml
2025-02-07 23:12:20,587 - INFO - Prepared sim number: 31: RAYPy_Simulation_bessy2hi_56m_PGM_2Perc_coupling_errors_off_RP/round_5/31_bessy2hi_56m_PGM_2Perc_coupling_errors_off_RP.rml
2025-02-07 23:12:20,594 - INFO - Prepared sim number: 32: RAYPy_Simulation_bessy2hi_56m_PGM_2Perc_coupling_errors_off_RP/round_5/32_bessy2hi_56m_PGM_2Perc_coupling_errors_off_RP.rml
2025-02-07 23:12:20,601 - INFO - Prepared sim number: 33: RAYPy_Simulation_bessy2hi_56m_PGM_2Perc_coupling_errors_off_RP/round_5/33_bessy2hi_56m_PGM_2Perc_coupling_errors_off_RP.rml
2025-02-07 23:12:20,608 - INFO - Prepared sim number: 34: RAYPy_Simulation_bessy2hi_56m_PGM_2Perc_coupling_errors_off_RP/round_5/34_bessy2hi_56m_PGM_2Perc_coupling_errors_off_RP.rml
2025-02-07 23:12:20,615 - INFO - Prepared sim number: 35: RAYPy_Simulation_bessy2hi_56m_PGM_2Perc_coupling_errors_off_RP/round_5/35_bessy2hi_56m_PGM_2Perc_coupling_errors_off_RP.rml
2025-02-07 23:12:20,623 - INFO - Prepared sim number: 36: RAYPy_Simulation_bessy2hi_56m_PGM_2Perc_coupling_errors_off_RP/round_5/36_bessy2hi_56m_PGM_2Perc_coupling_errors_off_RP.rml
2025-02-07 23:12:20,629 - INFO - Prepared sim number: 37: RAYPy_Simulation_bessy2hi_56m_PGM_2Perc_coupling_errors_off_RP/round_5/37_bessy2hi_56m_PGM_2Perc_coupling_errors_off_RP.rml
2025-02-07 23:12:20,636 - INFO - Prepared sim number: 38: RAYPy_Simulation_bessy2hi_56m_PGM_2Perc_coupling_errors_off_RP/round_5/38_bessy2hi_56m_PGM_2Perc_coupling_errors_off_RP.rml
2025-02-07 23:12:20,643 - INFO - Prepared sim number: 39: RAYPy_Simulation_bessy2hi_56m_PGM_2Perc_coupling_errors_off_RP/round_5/39_bessy2hi_56m_PGM_2Perc_coupling_errors_off_RP.rml
2025-02-07 23:12:20,650 - INFO - Prepared sim number: 40: RAYPy_Simulation_bessy2hi_56m_PGM_2Perc_coupling_errors_off_RP/round_5/40_bessy2hi_56m_PGM_2Perc_coupling_errors_off_RP.rml
2025-02-07 23:12:20,658 - INFO - Prepared sim number: 41: RAYPy_Simulation_bessy2hi_56m_PGM_2Perc_coupling_errors_off_RP/round_5/41_bessy2hi_56m_PGM_2Perc_coupling_errors_off_RP.rml
2025-02-07 23:12:20,666 - INFO - Prepared sim number: 42: RAYPy_Simulation_bessy2hi_56m_PGM_2Perc_coupling_errors_off_RP/round_5/42_bessy2hi_56m_PGM_2Perc_coupling_errors_off_RP.rml
2025-02-07 23:12:20,673 - INFO - Prepared sim number: 43: RAYPy_Simulation_bessy2hi_56m_PGM_2Perc_coupling_errors_off_RP/round_5/43_bessy2hi_56m_PGM_2Perc_coupling_errors_off_RP.rml
2025-02-07 23:12:20,680 - INFO - Prepared sim number: 44: RAYPy_Simulation_bessy2hi_56m_PGM_2Perc_coupling_errors_off_RP/round_5/44_bessy2hi_56m_PGM_2Perc_coupling_errors_off_RP.rml
2025-02-07 23:12:20,681 - INFO - Waiting for batch number: 10, timeout: 22.189461765289305s
2025-02-07 23:12:23,302 - INFO - Completed: 1, remaining: 59, RAYPy_Simulation_bessy2hi_56m_PGM_2Perc_coupling_errors_off_RP/round_4/111_bessy2hi_56m_PGM_2Perc_coupling_errors_off_RP.rml
2025-02-07 23:12:23,416 - INFO - Completed: 2, remaining: 58, RAYPy_Simulation_bessy2hi_56m_PGM_2Perc_coupling_errors_off_RP/round_4/115_bessy2hi_56m_PGM_2Perc_coupling_errors_off_RP.rml
2025-02-07 23:12:23,511 - INFO - Completed: 3, remaining: 57, RAYPy_Simulation_bessy2hi_56m_PGM_2Perc_coupling_errors_off_RP/round_4/109_bessy2hi_56m_PGM_2Perc_coupling_errors_off_RP.rml
2025-02-07 23:12:23,590 - INFO - Completed: 4, remaining: 56, RAYPy_Simulation_bessy2hi_56m_PGM_2Perc_coupling_errors_off_RP/round_4/116_bessy2hi_56m_PGM_2Perc_coupling_errors_off_RP.rml
2025-02-07 23:12:23,620 - INFO - Completed: 5, remaining: 55, RAYPy_Simulation_bessy2hi_56m_PGM_2Perc_coupling_errors_off_RP/round_4/114_bessy2hi_56m_PGM_2Perc_coupling_errors_off_RP.rml
2025-02-07 23:12:23,672 - INFO - Completed: 6, remaining: 54, RAYPy_Simulation_bessy2hi_56m_PGM_2Perc_coupling_errors_off_RP/round_4/117_bessy2hi_56m_PGM_2Perc_coupling_errors_off_RP.rml
2025-02-07 23:12:23,755 - INFO - Completed: 7, remaining: 53, RAYPy_Simulation_bessy2hi_56m_PGM_2Perc_coupling_errors_off_RP/round_4/118_bessy2hi_56m_PGM_2Perc_coupling_errors_off_RP.rml
2025-02-07 23:12:23,781 - INFO - Completed: 8, remaining: 52, RAYPy_Simulation_bessy2hi_56m_PGM_2Perc_coupling_errors_off_RP/round_4/119_bessy2hi_56m_PGM_2Perc_coupling_errors_off_RP.rml
2025-02-07 23:12:25,857 - INFO - Completed: 9, remaining: 51, RAYPy_Simulation_bessy2hi_56m_PGM_2Perc_coupling_errors_off_RP/round_4/112_bessy2hi_56m_PGM_2Perc_coupling_errors_off_RP.rml
2025-02-07 23:12:26,032 - INFO - Completed: 10, remaining: 50, RAYPy_Simulation_bessy2hi_56m_PGM_2Perc_coupling_errors_off_RP/round_4/110_bessy2hi_56m_PGM_2Perc_coupling_errors_off_RP.rml
2025-02-07 23:12:26,322 - INFO - Completed: 11, remaining: 49, RAYPy_Simulation_bessy2hi_56m_PGM_2Perc_coupling_errors_off_RP/round_4/108_bessy2hi_56m_PGM_2Perc_coupling_errors_off_RP.rml
2025-02-07 23:12:26,437 - INFO - Completed: 12, remaining: 48, RAYPy_Simulation_bessy2hi_56m_PGM_2Perc_coupling_errors_off_RP/round_4/113_bessy2hi_56m_PGM_2Perc_coupling_errors_off_RP.rml
2025-02-07 23:12:26,851 - INFO - Completed: 13, remaining: 47, RAYPy_Simulation_bessy2hi_56m_PGM_2Perc_coupling_errors_off_RP/round_4/121_bessy2hi_56m_PGM_2Perc_coupling_errors_off_RP.rml
2025-02-07 23:12:26,998 - INFO - Completed: 14, remaining: 46, RAYPy_Simulation_bessy2hi_56m_PGM_2Perc_coupling_errors_off_RP/round_5/1_bessy2hi_56m_PGM_2Perc_coupling_errors_off_RP.rml
2025-02-07 23:12:27,051 - INFO - Completed: 15, remaining: 45, RAYPy_Simulation_bessy2hi_56m_PGM_2Perc_coupling_errors_off_RP/round_5/0_bessy2hi_56m_PGM_2Perc_coupling_errors_off_RP.rml
2025-02-07 23:12:27,259 - INFO - Completed: 16, remaining: 44, RAYPy_Simulation_bessy2hi_56m_PGM_2Perc_coupling_errors_off_RP/round_4/122_bessy2hi_56m_PGM_2Perc_coupling_errors_off_RP.rml
2025-02-07 23:12:27,313 - INFO - Completed: 17, remaining: 43, RAYPy_Simulation_bessy2hi_56m_PGM_2Perc_coupling_errors_off_RP/round_5/4_bessy2hi_56m_PGM_2Perc_coupling_errors_off_RP.rml
2025-02-07 23:12:27,420 - INFO - Completed: 18, remaining: 42, RAYPy_Simulation_bessy2hi_56m_PGM_2Perc_coupling_errors_off_RP/round_5/3_bessy2hi_56m_PGM_2Perc_coupling_errors_off_RP.rml
2025-02-07 23:12:27,518 - INFO - Completed: 19, remaining: 41, RAYPy_Simulation_bessy2hi_56m_PGM_2Perc_coupling_errors_off_RP/round_4/120_bessy2hi_56m_PGM_2Perc_coupling_errors_off_RP.rml
2025-02-07 23:12:27,900 - INFO - Completed: 20, remaining: 40, RAYPy_Simulation_bessy2hi_56m_PGM_2Perc_coupling_errors_off_RP/round_5/2_bessy2hi_56m_PGM_2Perc_coupling_errors_off_RP.rml
2025-02-07 23:12:29,309 - INFO - Completed: 21, remaining: 39, RAYPy_Simulation_bessy2hi_56m_PGM_2Perc_coupling_errors_off_RP/round_5/5_bessy2hi_56m_PGM_2Perc_coupling_errors_off_RP.rml
2025-02-07 23:12:29,513 - INFO - Completed: 22, remaining: 38, RAYPy_Simulation_bessy2hi_56m_PGM_2Perc_coupling_errors_off_RP/round_5/6_bessy2hi_56m_PGM_2Perc_coupling_errors_off_RP.rml
2025-02-07 23:12:29,831 - INFO - Completed: 23, remaining: 37, RAYPy_Simulation_bessy2hi_56m_PGM_2Perc_coupling_errors_off_RP/round_5/8_bessy2hi_56m_PGM_2Perc_coupling_errors_off_RP.rml
2025-02-07 23:12:30,187 - INFO - Completed: 24, remaining: 36, RAYPy_Simulation_bessy2hi_56m_PGM_2Perc_coupling_errors_off_RP/round_5/7_bessy2hi_56m_PGM_2Perc_coupling_errors_off_RP.rml
2025-02-07 23:12:30,301 - INFO - Completed: 25, remaining: 35, RAYPy_Simulation_bessy2hi_56m_PGM_2Perc_coupling_errors_off_RP/round_5/9_bessy2hi_56m_PGM_2Perc_coupling_errors_off_RP.rml
2025-02-07 23:12:30,457 - INFO - Completed: 26, remaining: 34, RAYPy_Simulation_bessy2hi_56m_PGM_2Perc_coupling_errors_off_RP/round_5/10_bessy2hi_56m_PGM_2Perc_coupling_errors_off_RP.rml
2025-02-07 23:12:30,691 - INFO - Completed: 27, remaining: 33, RAYPy_Simulation_bessy2hi_56m_PGM_2Perc_coupling_errors_off_RP/round_5/11_bessy2hi_56m_PGM_2Perc_coupling_errors_off_RP.rml
2025-02-07 23:12:30,699 - INFO - Completed: 28, remaining: 32, RAYPy_Simulation_bessy2hi_56m_PGM_2Perc_coupling_errors_off_RP/round_5/12_bessy2hi_56m_PGM_2Perc_coupling_errors_off_RP.rml
2025-02-07 23:12:30,837 - INFO - Completed: 29, remaining: 31, RAYPy_Simulation_bessy2hi_56m_PGM_2Perc_coupling_errors_off_RP/round_5/13_bessy2hi_56m_PGM_2Perc_coupling_errors_off_RP.rml
2025-02-07 23:12:31,136 - INFO - Completed: 30, remaining: 30, RAYPy_Simulation_bessy2hi_56m_PGM_2Perc_coupling_errors_off_RP/round_5/14_bessy2hi_56m_PGM_2Perc_coupling_errors_off_RP.rml
2025-02-07 23:12:31,178 - INFO - Completed: 31, remaining: 29, RAYPy_Simulation_bessy2hi_56m_PGM_2Perc_coupling_errors_off_RP/round_5/15_bessy2hi_56m_PGM_2Perc_coupling_errors_off_RP.rml
2025-02-07 23:12:31,339 - INFO - Completed: 32, remaining: 28, RAYPy_Simulation_bessy2hi_56m_PGM_2Perc_coupling_errors_off_RP/round_5/16_bessy2hi_56m_PGM_2Perc_coupling_errors_off_RP.rml
2025-02-07 23:12:33,283 - INFO - Completed: 33, remaining: 27, RAYPy_Simulation_bessy2hi_56m_PGM_2Perc_coupling_errors_off_RP/round_5/17_bessy2hi_56m_PGM_2Perc_coupling_errors_off_RP.rml
2025-02-07 23:12:33,413 - INFO - Completed: 34, remaining: 26, RAYPy_Simulation_bessy2hi_56m_PGM_2Perc_coupling_errors_off_RP/round_5/18_bessy2hi_56m_PGM_2Perc_coupling_errors_off_RP.rml
2025-02-07 23:12:33,704 - INFO - Completed: 35, remaining: 25, RAYPy_Simulation_bessy2hi_56m_PGM_2Perc_coupling_errors_off_RP/round_5/19_bessy2hi_56m_PGM_2Perc_coupling_errors_off_RP.rml
2025-02-07 23:12:34,038 - INFO - Completed: 36, remaining: 24, RAYPy_Simulation_bessy2hi_56m_PGM_2Perc_coupling_errors_off_RP/round_5/20_bessy2hi_56m_PGM_2Perc_coupling_errors_off_RP.rml
2025-02-07 23:12:34,239 - INFO - Completed: 37, remaining: 23, RAYPy_Simulation_bessy2hi_56m_PGM_2Perc_coupling_errors_off_RP/round_5/21_bessy2hi_56m_PGM_2Perc_coupling_errors_off_RP.rml
2025-02-07 23:12:34,415 - INFO - Completed: 38, remaining: 22, RAYPy_Simulation_bessy2hi_56m_PGM_2Perc_coupling_errors_off_RP/round_5/22_bessy2hi_56m_PGM_2Perc_coupling_errors_off_RP.rml
2025-02-07 23:12:34,643 - INFO - Completed: 39, remaining: 21, RAYPy_Simulation_bessy2hi_56m_PGM_2Perc_coupling_errors_off_RP/round_5/23_bessy2hi_56m_PGM_2Perc_coupling_errors_off_RP.rml
2025-02-07 23:12:34,850 - INFO - Completed: 40, remaining: 20, RAYPy_Simulation_bessy2hi_56m_PGM_2Perc_coupling_errors_off_RP/round_5/25_bessy2hi_56m_PGM_2Perc_coupling_errors_off_RP.rml
2025-02-07 23:12:35,237 - INFO - Completed: 41, remaining: 19, RAYPy_Simulation_bessy2hi_56m_PGM_2Perc_coupling_errors_off_RP/round_5/26_bessy2hi_56m_PGM_2Perc_coupling_errors_off_RP.rml
2025-02-07 23:12:35,406 - INFO - Completed: 42, remaining: 18, RAYPy_Simulation_bessy2hi_56m_PGM_2Perc_coupling_errors_off_RP/round_5/28_bessy2hi_56m_PGM_2Perc_coupling_errors_off_RP.rml
2025-02-07 23:12:35,424 - INFO - Completed: 43, remaining: 17, RAYPy_Simulation_bessy2hi_56m_PGM_2Perc_coupling_errors_off_RP/round_5/27_bessy2hi_56m_PGM_2Perc_coupling_errors_off_RP.rml
2025-02-07 23:12:35,562 - INFO - Completed: 44, remaining: 16, RAYPy_Simulation_bessy2hi_56m_PGM_2Perc_coupling_errors_off_RP/round_5/24_bessy2hi_56m_PGM_2Perc_coupling_errors_off_RP.rml
2025-02-07 23:12:37,225 - INFO - Completed: 45, remaining: 15, RAYPy_Simulation_bessy2hi_56m_PGM_2Perc_coupling_errors_off_RP/round_5/29_bessy2hi_56m_PGM_2Perc_coupling_errors_off_RP.rml
2025-02-07 23:12:37,501 - INFO - Completed: 46, remaining: 14, RAYPy_Simulation_bessy2hi_56m_PGM_2Perc_coupling_errors_off_RP/round_5/30_bessy2hi_56m_PGM_2Perc_coupling_errors_off_RP.rml
2025-02-07 23:12:37,779 - INFO - Completed: 47, remaining: 13, RAYPy_Simulation_bessy2hi_56m_PGM_2Perc_coupling_errors_off_RP/round_5/31_bessy2hi_56m_PGM_2Perc_coupling_errors_off_RP.rml
2025-02-07 23:12:38,092 - INFO - Completed: 48, remaining: 12, RAYPy_Simulation_bessy2hi_56m_PGM_2Perc_coupling_errors_off_RP/round_5/32_bessy2hi_56m_PGM_2Perc_coupling_errors_off_RP.rml
2025-02-07 23:12:38,247 - INFO - Completed: 49, remaining: 11, RAYPy_Simulation_bessy2hi_56m_PGM_2Perc_coupling_errors_off_RP/round_5/33_bessy2hi_56m_PGM_2Perc_coupling_errors_off_RP.rml
2025-02-07 23:12:38,390 - INFO - Completed: 50, remaining: 10, RAYPy_Simulation_bessy2hi_56m_PGM_2Perc_coupling_errors_off_RP/round_5/34_bessy2hi_56m_PGM_2Perc_coupling_errors_off_RP.rml
2025-02-07 23:12:38,546 - INFO - Completed: 51, remaining: 9, RAYPy_Simulation_bessy2hi_56m_PGM_2Perc_coupling_errors_off_RP/round_5/35_bessy2hi_56m_PGM_2Perc_coupling_errors_off_RP.rml
2025-02-07 23:12:38,668 - INFO - Completed: 52, remaining: 8, RAYPy_Simulation_bessy2hi_56m_PGM_2Perc_coupling_errors_off_RP/round_5/36_bessy2hi_56m_PGM_2Perc_coupling_errors_off_RP.rml
2025-02-07 23:12:39,092 - INFO - Completed: 53, remaining: 7, RAYPy_Simulation_bessy2hi_56m_PGM_2Perc_coupling_errors_off_RP/round_5/39_bessy2hi_56m_PGM_2Perc_coupling_errors_off_RP.rml
2025-02-07 23:12:39,198 - INFO - Completed: 54, remaining: 6, RAYPy_Simulation_bessy2hi_56m_PGM_2Perc_coupling_errors_off_RP/round_5/37_bessy2hi_56m_PGM_2Perc_coupling_errors_off_RP.rml
2025-02-07 23:12:39,322 - INFO - Completed: 55, remaining: 5, RAYPy_Simulation_bessy2hi_56m_PGM_2Perc_coupling_errors_off_RP/round_5/40_bessy2hi_56m_PGM_2Perc_coupling_errors_off_RP.rml
2025-02-07 23:12:39,615 - INFO - Completed: 56, remaining: 4, RAYPy_Simulation_bessy2hi_56m_PGM_2Perc_coupling_errors_off_RP/round_5/38_bessy2hi_56m_PGM_2Perc_coupling_errors_off_RP.rml
2025-02-07 23:12:40,039 - INFO - Completed: 57, remaining: 3, RAYPy_Simulation_bessy2hi_56m_PGM_2Perc_coupling_errors_off_RP/round_5/41_bessy2hi_56m_PGM_2Perc_coupling_errors_off_RP.rml
2025-02-07 23:12:40,222 - INFO - Completed: 58, remaining: 2, RAYPy_Simulation_bessy2hi_56m_PGM_2Perc_coupling_errors_off_RP/round_5/42_bessy2hi_56m_PGM_2Perc_coupling_errors_off_RP.rml
2025-02-07 23:12:40,394 - INFO - Completed: 59, remaining: 1, RAYPy_Simulation_bessy2hi_56m_PGM_2Perc_coupling_errors_off_RP/round_5/43_bessy2hi_56m_PGM_2Perc_coupling_errors_off_RP.rml
2025-02-07 23:12:40,589 - INFO - Completed: 60, remaining: 0, RAYPy_Simulation_bessy2hi_56m_PGM_2Perc_coupling_errors_off_RP/round_5/44_bessy2hi_56m_PGM_2Perc_coupling_errors_off_RP.rml
2025-02-07 23:12:40,589 - INFO - Batch Completed
2025-02-07 23:12:40,589 - INFO - Waiting For batch, 60 simulations to go
2025-02-07 23:12:40,597 - INFO - Prepared sim number: 45: RAYPy_Simulation_bessy2hi_56m_PGM_2Perc_coupling_errors_off_RP/round_5/45_bessy2hi_56m_PGM_2Perc_coupling_errors_off_RP.rml
2025-02-07 23:12:40,609 - INFO - Prepared sim number: 46: RAYPy_Simulation_bessy2hi_56m_PGM_2Perc_coupling_errors_off_RP/round_5/46_bessy2hi_56m_PGM_2Perc_coupling_errors_off_RP.rml
2025-02-07 23:12:40,617 - INFO - Prepared sim number: 47: RAYPy_Simulation_bessy2hi_56m_PGM_2Perc_coupling_errors_off_RP/round_5/47_bessy2hi_56m_PGM_2Perc_coupling_errors_off_RP.rml
2025-02-07 23:12:40,625 - INFO - Prepared sim number: 48: RAYPy_Simulation_bessy2hi_56m_PGM_2Perc_coupling_errors_off_RP/round_5/48_bessy2hi_56m_PGM_2Perc_coupling_errors_off_RP.rml
2025-02-07 23:12:40,637 - INFO - Prepared sim number: 49: RAYPy_Simulation_bessy2hi_56m_PGM_2Perc_coupling_errors_off_RP/round_5/49_bessy2hi_56m_PGM_2Perc_coupling_errors_off_RP.rml
2025-02-07 23:12:40,644 - INFO - Prepared sim number: 50: RAYPy_Simulation_bessy2hi_56m_PGM_2Perc_coupling_errors_off_RP/round_5/50_bessy2hi_56m_PGM_2Perc_coupling_errors_off_RP.rml
2025-02-07 23:12:40,652 - INFO - Prepared sim number: 51: RAYPy_Simulation_bessy2hi_56m_PGM_2Perc_coupling_errors_off_RP/round_5/51_bessy2hi_56m_PGM_2Perc_coupling_errors_off_RP.rml
2025-02-07 23:12:40,659 - INFO - Prepared sim number: 52: RAYPy_Simulation_bessy2hi_56m_PGM_2Perc_coupling_errors_off_RP/round_5/52_bessy2hi_56m_PGM_2Perc_coupling_errors_off_RP.rml
2025-02-07 23:12:40,665 - INFO - Prepared sim number: 53: RAYPy_Simulation_bessy2hi_56m_PGM_2Perc_coupling_errors_off_RP/round_5/53_bessy2hi_56m_PGM_2Perc_coupling_errors_off_RP.rml
2025-02-07 23:12:40,671 - INFO - Prepared sim number: 54: RAYPy_Simulation_bessy2hi_56m_PGM_2Perc_coupling_errors_off_RP/round_5/54_bessy2hi_56m_PGM_2Perc_coupling_errors_off_RP.rml
2025-02-07 23:12:40,677 - INFO - Prepared sim number: 55: RAYPy_Simulation_bessy2hi_56m_PGM_2Perc_coupling_errors_off_RP/round_5/55_bessy2hi_56m_PGM_2Perc_coupling_errors_off_RP.rml
2025-02-07 23:12:40,682 - INFO - Prepared sim number: 56: RAYPy_Simulation_bessy2hi_56m_PGM_2Perc_coupling_errors_off_RP/round_5/56_bessy2hi_56m_PGM_2Perc_coupling_errors_off_RP.rml
2025-02-07 23:12:40,690 - INFO - Prepared sim number: 57: RAYPy_Simulation_bessy2hi_56m_PGM_2Perc_coupling_errors_off_RP/round_5/57_bessy2hi_56m_PGM_2Perc_coupling_errors_off_RP.rml
2025-02-07 23:12:40,696 - INFO - Prepared sim number: 58: RAYPy_Simulation_bessy2hi_56m_PGM_2Perc_coupling_errors_off_RP/round_5/58_bessy2hi_56m_PGM_2Perc_coupling_errors_off_RP.rml
2025-02-07 23:12:40,702 - INFO - Prepared sim number: 59: RAYPy_Simulation_bessy2hi_56m_PGM_2Perc_coupling_errors_off_RP/round_5/59_bessy2hi_56m_PGM_2Perc_coupling_errors_off_RP.rml
2025-02-07 23:12:40,709 - INFO - Prepared sim number: 60: RAYPy_Simulation_bessy2hi_56m_PGM_2Perc_coupling_errors_off_RP/round_5/60_bessy2hi_56m_PGM_2Perc_coupling_errors_off_RP.rml
2025-02-07 23:12:40,715 - INFO - Prepared sim number: 61: RAYPy_Simulation_bessy2hi_56m_PGM_2Perc_coupling_errors_off_RP/round_5/61_bessy2hi_56m_PGM_2Perc_coupling_errors_off_RP.rml
2025-02-07 23:12:40,720 - INFO - Prepared sim number: 62: RAYPy_Simulation_bessy2hi_56m_PGM_2Perc_coupling_errors_off_RP/round_5/62_bessy2hi_56m_PGM_2Perc_coupling_errors_off_RP.rml
2025-02-07 23:12:40,726 - INFO - Prepared sim number: 63: RAYPy_Simulation_bessy2hi_56m_PGM_2Perc_coupling_errors_off_RP/round_5/63_bessy2hi_56m_PGM_2Perc_coupling_errors_off_RP.rml
2025-02-07 23:12:40,733 - INFO - Prepared sim number: 64: RAYPy_Simulation_bessy2hi_56m_PGM_2Perc_coupling_errors_off_RP/round_5/64_bessy2hi_56m_PGM_2Perc_coupling_errors_off_RP.rml
2025-02-07 23:12:40,738 - INFO - Prepared sim number: 65: RAYPy_Simulation_bessy2hi_56m_PGM_2Perc_coupling_errors_off_RP/round_5/65_bessy2hi_56m_PGM_2Perc_coupling_errors_off_RP.rml
2025-02-07 23:12:40,744 - INFO - Prepared sim number: 66: RAYPy_Simulation_bessy2hi_56m_PGM_2Perc_coupling_errors_off_RP/round_5/66_bessy2hi_56m_PGM_2Perc_coupling_errors_off_RP.rml
2025-02-07 23:12:40,750 - INFO - Prepared sim number: 67: RAYPy_Simulation_bessy2hi_56m_PGM_2Perc_coupling_errors_off_RP/round_5/67_bessy2hi_56m_PGM_2Perc_coupling_errors_off_RP.rml
2025-02-07 23:12:40,755 - INFO - Prepared sim number: 68: RAYPy_Simulation_bessy2hi_56m_PGM_2Perc_coupling_errors_off_RP/round_5/68_bessy2hi_56m_PGM_2Perc_coupling_errors_off_RP.rml
2025-02-07 23:12:40,760 - INFO - Prepared sim number: 69: RAYPy_Simulation_bessy2hi_56m_PGM_2Perc_coupling_errors_off_RP/round_5/69_bessy2hi_56m_PGM_2Perc_coupling_errors_off_RP.rml
2025-02-07 23:12:40,766 - INFO - Prepared sim number: 70: RAYPy_Simulation_bessy2hi_56m_PGM_2Perc_coupling_errors_off_RP/round_5/70_bessy2hi_56m_PGM_2Perc_coupling_errors_off_RP.rml
2025-02-07 23:12:40,772 - INFO - Prepared sim number: 71: RAYPy_Simulation_bessy2hi_56m_PGM_2Perc_coupling_errors_off_RP/round_5/71_bessy2hi_56m_PGM_2Perc_coupling_errors_off_RP.rml
2025-02-07 23:12:40,778 - INFO - Prepared sim number: 72: RAYPy_Simulation_bessy2hi_56m_PGM_2Perc_coupling_errors_off_RP/round_5/72_bessy2hi_56m_PGM_2Perc_coupling_errors_off_RP.rml
2025-02-07 23:12:40,783 - INFO - Prepared sim number: 73: RAYPy_Simulation_bessy2hi_56m_PGM_2Perc_coupling_errors_off_RP/round_5/73_bessy2hi_56m_PGM_2Perc_coupling_errors_off_RP.rml
2025-02-07 23:12:40,789 - INFO - Prepared sim number: 74: RAYPy_Simulation_bessy2hi_56m_PGM_2Perc_coupling_errors_off_RP/round_5/74_bessy2hi_56m_PGM_2Perc_coupling_errors_off_RP.rml
2025-02-07 23:12:40,795 - INFO - Prepared sim number: 75: RAYPy_Simulation_bessy2hi_56m_PGM_2Perc_coupling_errors_off_RP/round_5/75_bessy2hi_56m_PGM_2Perc_coupling_errors_off_RP.rml
2025-02-07 23:12:40,800 - INFO - Prepared sim number: 76: RAYPy_Simulation_bessy2hi_56m_PGM_2Perc_coupling_errors_off_RP/round_5/76_bessy2hi_56m_PGM_2Perc_coupling_errors_off_RP.rml
2025-02-07 23:12:40,804 - INFO - Prepared sim number: 77: RAYPy_Simulation_bessy2hi_56m_PGM_2Perc_coupling_errors_off_RP/round_5/77_bessy2hi_56m_PGM_2Perc_coupling_errors_off_RP.rml
2025-02-07 23:12:40,810 - INFO - Prepared sim number: 78: RAYPy_Simulation_bessy2hi_56m_PGM_2Perc_coupling_errors_off_RP/round_5/78_bessy2hi_56m_PGM_2Perc_coupling_errors_off_RP.rml
2025-02-07 23:12:40,815 - INFO - Prepared sim number: 79: RAYPy_Simulation_bessy2hi_56m_PGM_2Perc_coupling_errors_off_RP/round_5/79_bessy2hi_56m_PGM_2Perc_coupling_errors_off_RP.rml
2025-02-07 23:12:40,821 - INFO - Prepared sim number: 80: RAYPy_Simulation_bessy2hi_56m_PGM_2Perc_coupling_errors_off_RP/round_5/80_bessy2hi_56m_PGM_2Perc_coupling_errors_off_RP.rml
2025-02-07 23:12:40,827 - INFO - Prepared sim number: 81: RAYPy_Simulation_bessy2hi_56m_PGM_2Perc_coupling_errors_off_RP/round_5/81_bessy2hi_56m_PGM_2Perc_coupling_errors_off_RP.rml
2025-02-07 23:12:40,833 - INFO - Prepared sim number: 82: RAYPy_Simulation_bessy2hi_56m_PGM_2Perc_coupling_errors_off_RP/round_5/82_bessy2hi_56m_PGM_2Perc_coupling_errors_off_RP.rml
2025-02-07 23:12:40,837 - INFO - Prepared sim number: 83: RAYPy_Simulation_bessy2hi_56m_PGM_2Perc_coupling_errors_off_RP/round_5/83_bessy2hi_56m_PGM_2Perc_coupling_errors_off_RP.rml
2025-02-07 23:12:40,843 - INFO - Prepared sim number: 84: RAYPy_Simulation_bessy2hi_56m_PGM_2Perc_coupling_errors_off_RP/round_5/84_bessy2hi_56m_PGM_2Perc_coupling_errors_off_RP.rml
2025-02-07 23:12:40,848 - INFO - Prepared sim number: 85: RAYPy_Simulation_bessy2hi_56m_PGM_2Perc_coupling_errors_off_RP/round_5/85_bessy2hi_56m_PGM_2Perc_coupling_errors_off_RP.rml
2025-02-07 23:12:40,853 - INFO - Prepared sim number: 86: RAYPy_Simulation_bessy2hi_56m_PGM_2Perc_coupling_errors_off_RP/round_5/86_bessy2hi_56m_PGM_2Perc_coupling_errors_off_RP.rml
2025-02-07 23:12:40,859 - INFO - Prepared sim number: 87: RAYPy_Simulation_bessy2hi_56m_PGM_2Perc_coupling_errors_off_RP/round_5/87_bessy2hi_56m_PGM_2Perc_coupling_errors_off_RP.rml
2025-02-07 23:12:40,865 - INFO - Prepared sim number: 88: RAYPy_Simulation_bessy2hi_56m_PGM_2Perc_coupling_errors_off_RP/round_5/88_bessy2hi_56m_PGM_2Perc_coupling_errors_off_RP.rml
2025-02-07 23:12:40,871 - INFO - Prepared sim number: 89: RAYPy_Simulation_bessy2hi_56m_PGM_2Perc_coupling_errors_off_RP/round_5/89_bessy2hi_56m_PGM_2Perc_coupling_errors_off_RP.rml
2025-02-07 23:12:40,877 - INFO - Prepared sim number: 90: RAYPy_Simulation_bessy2hi_56m_PGM_2Perc_coupling_errors_off_RP/round_5/90_bessy2hi_56m_PGM_2Perc_coupling_errors_off_RP.rml
2025-02-07 23:12:40,882 - INFO - Prepared sim number: 91: RAYPy_Simulation_bessy2hi_56m_PGM_2Perc_coupling_errors_off_RP/round_5/91_bessy2hi_56m_PGM_2Perc_coupling_errors_off_RP.rml
2025-02-07 23:12:40,888 - INFO - Prepared sim number: 92: RAYPy_Simulation_bessy2hi_56m_PGM_2Perc_coupling_errors_off_RP/round_5/92_bessy2hi_56m_PGM_2Perc_coupling_errors_off_RP.rml
2025-02-07 23:12:40,893 - INFO - Prepared sim number: 93: RAYPy_Simulation_bessy2hi_56m_PGM_2Perc_coupling_errors_off_RP/round_5/93_bessy2hi_56m_PGM_2Perc_coupling_errors_off_RP.rml
2025-02-07 23:12:40,898 - INFO - Prepared sim number: 94: RAYPy_Simulation_bessy2hi_56m_PGM_2Perc_coupling_errors_off_RP/round_5/94_bessy2hi_56m_PGM_2Perc_coupling_errors_off_RP.rml
2025-02-07 23:12:40,905 - INFO - Prepared sim number: 95: RAYPy_Simulation_bessy2hi_56m_PGM_2Perc_coupling_errors_off_RP/round_5/95_bessy2hi_56m_PGM_2Perc_coupling_errors_off_RP.rml
2025-02-07 23:12:40,911 - INFO - Prepared sim number: 96: RAYPy_Simulation_bessy2hi_56m_PGM_2Perc_coupling_errors_off_RP/round_5/96_bessy2hi_56m_PGM_2Perc_coupling_errors_off_RP.rml
2025-02-07 23:12:40,917 - INFO - Prepared sim number: 97: RAYPy_Simulation_bessy2hi_56m_PGM_2Perc_coupling_errors_off_RP/round_5/97_bessy2hi_56m_PGM_2Perc_coupling_errors_off_RP.rml
2025-02-07 23:12:40,922 - INFO - Prepared sim number: 98: RAYPy_Simulation_bessy2hi_56m_PGM_2Perc_coupling_errors_off_RP/round_5/98_bessy2hi_56m_PGM_2Perc_coupling_errors_off_RP.rml
2025-02-07 23:12:40,928 - INFO - Prepared sim number: 99: RAYPy_Simulation_bessy2hi_56m_PGM_2Perc_coupling_errors_off_RP/round_5/99_bessy2hi_56m_PGM_2Perc_coupling_errors_off_RP.rml
2025-02-07 23:12:40,934 - INFO - Prepared sim number: 100: RAYPy_Simulation_bessy2hi_56m_PGM_2Perc_coupling_errors_off_RP/round_5/100_bessy2hi_56m_PGM_2Perc_coupling_errors_off_RP.rml
2025-02-07 23:12:40,939 - INFO - Prepared sim number: 101: RAYPy_Simulation_bessy2hi_56m_PGM_2Perc_coupling_errors_off_RP/round_5/101_bessy2hi_56m_PGM_2Perc_coupling_errors_off_RP.rml
2025-02-07 23:12:40,945 - INFO - Prepared sim number: 102: RAYPy_Simulation_bessy2hi_56m_PGM_2Perc_coupling_errors_off_RP/round_5/102_bessy2hi_56m_PGM_2Perc_coupling_errors_off_RP.rml
2025-02-07 23:12:40,951 - INFO - Prepared sim number: 103: RAYPy_Simulation_bessy2hi_56m_PGM_2Perc_coupling_errors_off_RP/round_5/103_bessy2hi_56m_PGM_2Perc_coupling_errors_off_RP.rml
2025-02-07 23:12:40,957 - INFO - Prepared sim number: 104: RAYPy_Simulation_bessy2hi_56m_PGM_2Perc_coupling_errors_off_RP/round_5/104_bessy2hi_56m_PGM_2Perc_coupling_errors_off_RP.rml
2025-02-07 23:12:40,958 - INFO - Waiting for batch number: 11, timeout: 22.20950752388347s
2025-02-07 23:12:43,522 - INFO - Completed: 1, remaining: 59, RAYPy_Simulation_bessy2hi_56m_PGM_2Perc_coupling_errors_off_RP/round_5/48_bessy2hi_56m_PGM_2Perc_coupling_errors_off_RP.rml
2025-02-07 23:12:43,646 - INFO - Completed: 2, remaining: 58, RAYPy_Simulation_bessy2hi_56m_PGM_2Perc_coupling_errors_off_RP/round_5/45_bessy2hi_56m_PGM_2Perc_coupling_errors_off_RP.rml
2025-02-07 23:12:43,690 - INFO - Completed: 3, remaining: 57, RAYPy_Simulation_bessy2hi_56m_PGM_2Perc_coupling_errors_off_RP/round_5/52_bessy2hi_56m_PGM_2Perc_coupling_errors_off_RP.rml
2025-02-07 23:12:43,710 - INFO - Completed: 4, remaining: 56, RAYPy_Simulation_bessy2hi_56m_PGM_2Perc_coupling_errors_off_RP/round_5/56_bessy2hi_56m_PGM_2Perc_coupling_errors_off_RP.rml
2025-02-07 23:12:43,850 - INFO - Completed: 5, remaining: 55, RAYPy_Simulation_bessy2hi_56m_PGM_2Perc_coupling_errors_off_RP/round_5/46_bessy2hi_56m_PGM_2Perc_coupling_errors_off_RP.rml
2025-02-07 23:12:43,960 - INFO - Completed: 6, remaining: 54, RAYPy_Simulation_bessy2hi_56m_PGM_2Perc_coupling_errors_off_RP/round_5/53_bessy2hi_56m_PGM_2Perc_coupling_errors_off_RP.rml
2025-02-07 23:12:44,351 - INFO - Completed: 7, remaining: 53, RAYPy_Simulation_bessy2hi_56m_PGM_2Perc_coupling_errors_off_RP/round_5/49_bessy2hi_56m_PGM_2Perc_coupling_errors_off_RP.rml
2025-02-07 23:12:46,190 - INFO - Completed: 8, remaining: 52, RAYPy_Simulation_bessy2hi_56m_PGM_2Perc_coupling_errors_off_RP/round_5/50_bessy2hi_56m_PGM_2Perc_coupling_errors_off_RP.rml
2025-02-07 23:12:46,232 - INFO - Completed: 9, remaining: 51, RAYPy_Simulation_bessy2hi_56m_PGM_2Perc_coupling_errors_off_RP/round_5/54_bessy2hi_56m_PGM_2Perc_coupling_errors_off_RP.rml
2025-02-07 23:12:46,279 - INFO - Completed: 10, remaining: 50, RAYPy_Simulation_bessy2hi_56m_PGM_2Perc_coupling_errors_off_RP/round_5/55_bessy2hi_56m_PGM_2Perc_coupling_errors_off_RP.rml
2025-02-07 23:12:46,383 - INFO - Completed: 11, remaining: 49, RAYPy_Simulation_bessy2hi_56m_PGM_2Perc_coupling_errors_off_RP/round_5/47_bessy2hi_56m_PGM_2Perc_coupling_errors_off_RP.rml
2025-02-07 23:12:46,969 - INFO - Completed: 12, remaining: 48, RAYPy_Simulation_bessy2hi_56m_PGM_2Perc_coupling_errors_off_RP/round_5/58_bessy2hi_56m_PGM_2Perc_coupling_errors_off_RP.rml
2025-02-07 23:12:47,027 - INFO - Completed: 13, remaining: 47, RAYPy_Simulation_bessy2hi_56m_PGM_2Perc_coupling_errors_off_RP/round_5/51_bessy2hi_56m_PGM_2Perc_coupling_errors_off_RP.rml
2025-02-07 23:12:47,169 - INFO - Completed: 14, remaining: 46, RAYPy_Simulation_bessy2hi_56m_PGM_2Perc_coupling_errors_off_RP/round_5/59_bessy2hi_56m_PGM_2Perc_coupling_errors_off_RP.rml
2025-02-07 23:12:47,216 - INFO - Completed: 15, remaining: 45, RAYPy_Simulation_bessy2hi_56m_PGM_2Perc_coupling_errors_off_RP/round_5/57_bessy2hi_56m_PGM_2Perc_coupling_errors_off_RP.rml
2025-02-07 23:12:47,312 - INFO - Completed: 16, remaining: 44, RAYPy_Simulation_bessy2hi_56m_PGM_2Perc_coupling_errors_off_RP/round_5/60_bessy2hi_56m_PGM_2Perc_coupling_errors_off_RP.rml
2025-02-07 23:12:47,450 - INFO - Completed: 17, remaining: 43, RAYPy_Simulation_bessy2hi_56m_PGM_2Perc_coupling_errors_off_RP/round_5/62_bessy2hi_56m_PGM_2Perc_coupling_errors_off_RP.rml
2025-02-07 23:12:47,525 - INFO - Completed: 18, remaining: 42, RAYPy_Simulation_bessy2hi_56m_PGM_2Perc_coupling_errors_off_RP/round_5/61_bessy2hi_56m_PGM_2Perc_coupling_errors_off_RP.rml
2025-02-07 23:12:47,767 - INFO - Completed: 19, remaining: 41, RAYPy_Simulation_bessy2hi_56m_PGM_2Perc_coupling_errors_off_RP/round_5/63_bessy2hi_56m_PGM_2Perc_coupling_errors_off_RP.rml
2025-02-07 23:12:49,904 - INFO - Completed: 20, remaining: 40, RAYPy_Simulation_bessy2hi_56m_PGM_2Perc_coupling_errors_off_RP/round_5/64_bessy2hi_56m_PGM_2Perc_coupling_errors_off_RP.rml
2025-02-07 23:12:50,148 - INFO - Completed: 21, remaining: 39, RAYPy_Simulation_bessy2hi_56m_PGM_2Perc_coupling_errors_off_RP/round_5/66_bessy2hi_56m_PGM_2Perc_coupling_errors_off_RP.rml
2025-02-07 23:12:50,333 - INFO - Completed: 22, remaining: 38, RAYPy_Simulation_bessy2hi_56m_PGM_2Perc_coupling_errors_off_RP/round_5/67_bessy2hi_56m_PGM_2Perc_coupling_errors_off_RP.rml
2025-02-07 23:12:50,404 - INFO - Completed: 23, remaining: 37, RAYPy_Simulation_bessy2hi_56m_PGM_2Perc_coupling_errors_off_RP/round_5/65_bessy2hi_56m_PGM_2Perc_coupling_errors_off_RP.rml
2025-02-07 23:12:50,891 - INFO - Completed: 24, remaining: 36, RAYPy_Simulation_bessy2hi_56m_PGM_2Perc_coupling_errors_off_RP/round_5/68_bessy2hi_56m_PGM_2Perc_coupling_errors_off_RP.rml
2025-02-07 23:12:50,898 - INFO - Completed: 25, remaining: 35, RAYPy_Simulation_bessy2hi_56m_PGM_2Perc_coupling_errors_off_RP/round_5/69_bessy2hi_56m_PGM_2Perc_coupling_errors_off_RP.rml
2025-02-07 23:12:50,952 - INFO - Completed: 26, remaining: 34, RAYPy_Simulation_bessy2hi_56m_PGM_2Perc_coupling_errors_off_RP/round_5/70_bessy2hi_56m_PGM_2Perc_coupling_errors_off_RP.rml
2025-02-07 23:12:51,050 - INFO - Completed: 27, remaining: 33, RAYPy_Simulation_bessy2hi_56m_PGM_2Perc_coupling_errors_off_RP/round_5/71_bessy2hi_56m_PGM_2Perc_coupling_errors_off_RP.rml
2025-02-07 23:12:51,187 - INFO - Completed: 28, remaining: 32, RAYPy_Simulation_bessy2hi_56m_PGM_2Perc_coupling_errors_off_RP/round_5/73_bessy2hi_56m_PGM_2Perc_coupling_errors_off_RP.rml
2025-02-07 23:12:51,358 - INFO - Completed: 29, remaining: 31, RAYPy_Simulation_bessy2hi_56m_PGM_2Perc_coupling_errors_off_RP/round_5/74_bessy2hi_56m_PGM_2Perc_coupling_errors_off_RP.rml
2025-02-07 23:12:51,473 - INFO - Completed: 30, remaining: 30, RAYPy_Simulation_bessy2hi_56m_PGM_2Perc_coupling_errors_off_RP/round_5/75_bessy2hi_56m_PGM_2Perc_coupling_errors_off_RP.rml
2025-02-07 23:12:52,196 - INFO - Completed: 31, remaining: 29, RAYPy_Simulation_bessy2hi_56m_PGM_2Perc_coupling_errors_off_RP/round_5/72_bessy2hi_56m_PGM_2Perc_coupling_errors_off_RP.rml
2025-02-07 23:12:53,643 - INFO - Completed: 32, remaining: 28, RAYPy_Simulation_bessy2hi_56m_PGM_2Perc_coupling_errors_off_RP/round_5/76_bessy2hi_56m_PGM_2Perc_coupling_errors_off_RP.rml
2025-02-07 23:12:53,934 - INFO - Completed: 33, remaining: 27, RAYPy_Simulation_bessy2hi_56m_PGM_2Perc_coupling_errors_off_RP/round_5/77_bessy2hi_56m_PGM_2Perc_coupling_errors_off_RP.rml
2025-02-07 23:12:54,026 - INFO - Completed: 34, remaining: 26, RAYPy_Simulation_bessy2hi_56m_PGM_2Perc_coupling_errors_off_RP/round_5/78_bessy2hi_56m_PGM_2Perc_coupling_errors_off_RP.rml
2025-02-07 23:12:54,165 - INFO - Completed: 35, remaining: 25, RAYPy_Simulation_bessy2hi_56m_PGM_2Perc_coupling_errors_off_RP/round_5/82_bessy2hi_56m_PGM_2Perc_coupling_errors_off_RP.rml
2025-02-07 23:12:54,299 - INFO - Completed: 36, remaining: 24, RAYPy_Simulation_bessy2hi_56m_PGM_2Perc_coupling_errors_off_RP/round_5/79_bessy2hi_56m_PGM_2Perc_coupling_errors_off_RP.rml
2025-02-07 23:12:54,492 - INFO - Completed: 37, remaining: 23, RAYPy_Simulation_bessy2hi_56m_PGM_2Perc_coupling_errors_off_RP/round_5/84_bessy2hi_56m_PGM_2Perc_coupling_errors_off_RP.rml
2025-02-07 23:12:54,508 - INFO - Completed: 38, remaining: 22, RAYPy_Simulation_bessy2hi_56m_PGM_2Perc_coupling_errors_off_RP/round_5/83_bessy2hi_56m_PGM_2Perc_coupling_errors_off_RP.rml
2025-02-07 23:12:54,714 - INFO - Completed: 39, remaining: 21, RAYPy_Simulation_bessy2hi_56m_PGM_2Perc_coupling_errors_off_RP/round_5/86_bessy2hi_56m_PGM_2Perc_coupling_errors_off_RP.rml
2025-02-07 23:12:54,720 - INFO - Completed: 40, remaining: 20, RAYPy_Simulation_bessy2hi_56m_PGM_2Perc_coupling_errors_off_RP/round_5/80_bessy2hi_56m_PGM_2Perc_coupling_errors_off_RP.rml
2025-02-07 23:12:54,754 - INFO - Completed: 41, remaining: 19, RAYPy_Simulation_bessy2hi_56m_PGM_2Perc_coupling_errors_off_RP/round_5/85_bessy2hi_56m_PGM_2Perc_coupling_errors_off_RP.rml
2025-02-07 23:12:54,829 - INFO - Completed: 42, remaining: 18, RAYPy_Simulation_bessy2hi_56m_PGM_2Perc_coupling_errors_off_RP/round_5/81_bessy2hi_56m_PGM_2Perc_coupling_errors_off_RP.rml
2025-02-07 23:12:56,774 - INFO - Completed: 43, remaining: 17, RAYPy_Simulation_bessy2hi_56m_PGM_2Perc_coupling_errors_off_RP/round_5/87_bessy2hi_56m_PGM_2Perc_coupling_errors_off_RP.rml
2025-02-07 23:12:57,014 - INFO - Completed: 44, remaining: 16, RAYPy_Simulation_bessy2hi_56m_PGM_2Perc_coupling_errors_off_RP/round_5/88_bessy2hi_56m_PGM_2Perc_coupling_errors_off_RP.rml
2025-02-07 23:12:57,238 - INFO - Completed: 45, remaining: 15, RAYPy_Simulation_bessy2hi_56m_PGM_2Perc_coupling_errors_off_RP/round_5/89_bessy2hi_56m_PGM_2Perc_coupling_errors_off_RP.rml
2025-02-07 23:12:57,283 - INFO - Completed: 46, remaining: 14, RAYPy_Simulation_bessy2hi_56m_PGM_2Perc_coupling_errors_off_RP/round_5/90_bessy2hi_56m_PGM_2Perc_coupling_errors_off_RP.rml
2025-02-07 23:12:57,581 - INFO - Completed: 47, remaining: 13, RAYPy_Simulation_bessy2hi_56m_PGM_2Perc_coupling_errors_off_RP/round_5/92_bessy2hi_56m_PGM_2Perc_coupling_errors_off_RP.rml
2025-02-07 23:12:57,913 - INFO - Completed: 48, remaining: 12, RAYPy_Simulation_bessy2hi_56m_PGM_2Perc_coupling_errors_off_RP/round_5/94_bessy2hi_56m_PGM_2Perc_coupling_errors_off_RP.rml
2025-02-07 23:12:58,059 - INFO - Completed: 49, remaining: 11, RAYPy_Simulation_bessy2hi_56m_PGM_2Perc_coupling_errors_off_RP/round_5/91_bessy2hi_56m_PGM_2Perc_coupling_errors_off_RP.rml
2025-02-07 23:12:58,122 - INFO - Completed: 50, remaining: 10, RAYPy_Simulation_bessy2hi_56m_PGM_2Perc_coupling_errors_off_RP/round_5/97_bessy2hi_56m_PGM_2Perc_coupling_errors_off_RP.rml
2025-02-07 23:12:58,233 - INFO - Completed: 51, remaining: 9, RAYPy_Simulation_bessy2hi_56m_PGM_2Perc_coupling_errors_off_RP/round_5/95_bessy2hi_56m_PGM_2Perc_coupling_errors_off_RP.rml
2025-02-07 23:12:58,249 - INFO - Completed: 52, remaining: 8, RAYPy_Simulation_bessy2hi_56m_PGM_2Perc_coupling_errors_off_RP/round_5/93_bessy2hi_56m_PGM_2Perc_coupling_errors_off_RP.rml
2025-02-07 23:12:58,372 - INFO - Completed: 53, remaining: 7, RAYPy_Simulation_bessy2hi_56m_PGM_2Perc_coupling_errors_off_RP/round_5/98_bessy2hi_56m_PGM_2Perc_coupling_errors_off_RP.rml
2025-02-07 23:12:58,400 - INFO - Completed: 54, remaining: 6, RAYPy_Simulation_bessy2hi_56m_PGM_2Perc_coupling_errors_off_RP/round_5/96_bessy2hi_56m_PGM_2Perc_coupling_errors_off_RP.rml
2025-02-07 23:12:59,730 - INFO - Completed: 55, remaining: 5, RAYPy_Simulation_bessy2hi_56m_PGM_2Perc_coupling_errors_off_RP/round_5/100_bessy2hi_56m_PGM_2Perc_coupling_errors_off_RP.rml
2025-02-07 23:12:59,930 - INFO - Completed: 56, remaining: 4, RAYPy_Simulation_bessy2hi_56m_PGM_2Perc_coupling_errors_off_RP/round_5/101_bessy2hi_56m_PGM_2Perc_coupling_errors_off_RP.rml
2025-02-07 23:13:00,045 - INFO - Completed: 57, remaining: 3, RAYPy_Simulation_bessy2hi_56m_PGM_2Perc_coupling_errors_off_RP/round_5/102_bessy2hi_56m_PGM_2Perc_coupling_errors_off_RP.rml
2025-02-07 23:13:00,131 - INFO - Completed: 58, remaining: 2, RAYPy_Simulation_bessy2hi_56m_PGM_2Perc_coupling_errors_off_RP/round_5/103_bessy2hi_56m_PGM_2Perc_coupling_errors_off_RP.rml
2025-02-07 23:13:00,300 - INFO - Completed: 59, remaining: 1, RAYPy_Simulation_bessy2hi_56m_PGM_2Perc_coupling_errors_off_RP/round_5/99_bessy2hi_56m_PGM_2Perc_coupling_errors_off_RP.rml
2025-02-07 23:13:00,324 - INFO - Completed: 60, remaining: 0, RAYPy_Simulation_bessy2hi_56m_PGM_2Perc_coupling_errors_off_RP/round_5/104_bessy2hi_56m_PGM_2Perc_coupling_errors_off_RP.rml
2025-02-07 23:13:00,324 - INFO - Batch Completed
2025-02-07 23:13:00,324 - INFO - Waiting For batch, 60 simulations to go
2025-02-07 23:13:00,329 - INFO - Prepared sim number: 105: RAYPy_Simulation_bessy2hi_56m_PGM_2Perc_coupling_errors_off_RP/round_5/105_bessy2hi_56m_PGM_2Perc_coupling_errors_off_RP.rml
2025-02-07 23:13:00,333 - INFO - Prepared sim number: 106: RAYPy_Simulation_bessy2hi_56m_PGM_2Perc_coupling_errors_off_RP/round_5/106_bessy2hi_56m_PGM_2Perc_coupling_errors_off_RP.rml
2025-02-07 23:13:00,337 - INFO - Prepared sim number: 107: RAYPy_Simulation_bessy2hi_56m_PGM_2Perc_coupling_errors_off_RP/round_5/107_bessy2hi_56m_PGM_2Perc_coupling_errors_off_RP.rml
2025-02-07 23:13:00,343 - INFO - Prepared sim number: 108: RAYPy_Simulation_bessy2hi_56m_PGM_2Perc_coupling_errors_off_RP/round_5/108_bessy2hi_56m_PGM_2Perc_coupling_errors_off_RP.rml
2025-02-07 23:13:00,352 - INFO - Prepared sim number: 109: RAYPy_Simulation_bessy2hi_56m_PGM_2Perc_coupling_errors_off_RP/round_5/109_bessy2hi_56m_PGM_2Perc_coupling_errors_off_RP.rml
2025-02-07 23:13:00,356 - INFO - Prepared sim number: 110: RAYPy_Simulation_bessy2hi_56m_PGM_2Perc_coupling_errors_off_RP/round_5/110_bessy2hi_56m_PGM_2Perc_coupling_errors_off_RP.rml
2025-02-07 23:13:00,361 - INFO - Prepared sim number: 111: RAYPy_Simulation_bessy2hi_56m_PGM_2Perc_coupling_errors_off_RP/round_5/111_bessy2hi_56m_PGM_2Perc_coupling_errors_off_RP.rml
2025-02-07 23:13:00,366 - INFO - Prepared sim number: 112: RAYPy_Simulation_bessy2hi_56m_PGM_2Perc_coupling_errors_off_RP/round_5/112_bessy2hi_56m_PGM_2Perc_coupling_errors_off_RP.rml
2025-02-07 23:13:00,372 - INFO - Prepared sim number: 113: RAYPy_Simulation_bessy2hi_56m_PGM_2Perc_coupling_errors_off_RP/round_5/113_bessy2hi_56m_PGM_2Perc_coupling_errors_off_RP.rml
2025-02-07 23:13:00,380 - INFO - Prepared sim number: 114: RAYPy_Simulation_bessy2hi_56m_PGM_2Perc_coupling_errors_off_RP/round_5/114_bessy2hi_56m_PGM_2Perc_coupling_errors_off_RP.rml
2025-02-07 23:13:00,386 - INFO - Prepared sim number: 115: RAYPy_Simulation_bessy2hi_56m_PGM_2Perc_coupling_errors_off_RP/round_5/115_bessy2hi_56m_PGM_2Perc_coupling_errors_off_RP.rml
2025-02-07 23:13:00,390 - INFO - Prepared sim number: 116: RAYPy_Simulation_bessy2hi_56m_PGM_2Perc_coupling_errors_off_RP/round_5/116_bessy2hi_56m_PGM_2Perc_coupling_errors_off_RP.rml
2025-02-07 23:13:00,395 - INFO - Prepared sim number: 117: RAYPy_Simulation_bessy2hi_56m_PGM_2Perc_coupling_errors_off_RP/round_5/117_bessy2hi_56m_PGM_2Perc_coupling_errors_off_RP.rml
2025-02-07 23:13:00,401 - INFO - Prepared sim number: 118: RAYPy_Simulation_bessy2hi_56m_PGM_2Perc_coupling_errors_off_RP/round_5/118_bessy2hi_56m_PGM_2Perc_coupling_errors_off_RP.rml
2025-02-07 23:13:00,407 - INFO - Prepared sim number: 119: RAYPy_Simulation_bessy2hi_56m_PGM_2Perc_coupling_errors_off_RP/round_5/119_bessy2hi_56m_PGM_2Perc_coupling_errors_off_RP.rml
2025-02-07 23:13:00,412 - INFO - Prepared sim number: 120: RAYPy_Simulation_bessy2hi_56m_PGM_2Perc_coupling_errors_off_RP/round_5/120_bessy2hi_56m_PGM_2Perc_coupling_errors_off_RP.rml
2025-02-07 23:13:00,416 - INFO - Prepared sim number: 121: RAYPy_Simulation_bessy2hi_56m_PGM_2Perc_coupling_errors_off_RP/round_5/121_bessy2hi_56m_PGM_2Perc_coupling_errors_off_RP.rml
2025-02-07 23:13:00,421 - INFO - Prepared sim number: 122: RAYPy_Simulation_bessy2hi_56m_PGM_2Perc_coupling_errors_off_RP/round_5/122_bessy2hi_56m_PGM_2Perc_coupling_errors_off_RP.rml
2025-02-07 23:13:00,421 - INFO - Start round 6
2025-02-07 23:13:00,424 - INFO - Prepared sim number: 0: RAYPy_Simulation_bessy2hi_56m_PGM_2Perc_coupling_errors_off_RP/round_6/0_bessy2hi_56m_PGM_2Perc_coupling_errors_off_RP.rml
2025-02-07 23:13:00,428 - INFO - Prepared sim number: 1: RAYPy_Simulation_bessy2hi_56m_PGM_2Perc_coupling_errors_off_RP/round_6/1_bessy2hi_56m_PGM_2Perc_coupling_errors_off_RP.rml
2025-02-07 23:13:00,432 - INFO - Prepared sim number: 2: RAYPy_Simulation_bessy2hi_56m_PGM_2Perc_coupling_errors_off_RP/round_6/2_bessy2hi_56m_PGM_2Perc_coupling_errors_off_RP.rml
2025-02-07 23:13:00,438 - INFO - Prepared sim number: 3: RAYPy_Simulation_bessy2hi_56m_PGM_2Perc_coupling_errors_off_RP/round_6/3_bessy2hi_56m_PGM_2Perc_coupling_errors_off_RP.rml
2025-02-07 23:13:00,443 - INFO - Prepared sim number: 4: RAYPy_Simulation_bessy2hi_56m_PGM_2Perc_coupling_errors_off_RP/round_6/4_bessy2hi_56m_PGM_2Perc_coupling_errors_off_RP.rml
2025-02-07 23:13:00,449 - INFO - Prepared sim number: 5: RAYPy_Simulation_bessy2hi_56m_PGM_2Perc_coupling_errors_off_RP/round_6/5_bessy2hi_56m_PGM_2Perc_coupling_errors_off_RP.rml
2025-02-07 23:13:00,453 - INFO - Prepared sim number: 6: RAYPy_Simulation_bessy2hi_56m_PGM_2Perc_coupling_errors_off_RP/round_6/6_bessy2hi_56m_PGM_2Perc_coupling_errors_off_RP.rml
2025-02-07 23:13:00,458 - INFO - Prepared sim number: 7: RAYPy_Simulation_bessy2hi_56m_PGM_2Perc_coupling_errors_off_RP/round_6/7_bessy2hi_56m_PGM_2Perc_coupling_errors_off_RP.rml
2025-02-07 23:13:00,464 - INFO - Prepared sim number: 8: RAYPy_Simulation_bessy2hi_56m_PGM_2Perc_coupling_errors_off_RP/round_6/8_bessy2hi_56m_PGM_2Perc_coupling_errors_off_RP.rml
2025-02-07 23:13:00,468 - INFO - Prepared sim number: 9: RAYPy_Simulation_bessy2hi_56m_PGM_2Perc_coupling_errors_off_RP/round_6/9_bessy2hi_56m_PGM_2Perc_coupling_errors_off_RP.rml
2025-02-07 23:13:00,473 - INFO - Prepared sim number: 10: RAYPy_Simulation_bessy2hi_56m_PGM_2Perc_coupling_errors_off_RP/round_6/10_bessy2hi_56m_PGM_2Perc_coupling_errors_off_RP.rml
2025-02-07 23:13:00,478 - INFO - Prepared sim number: 11: RAYPy_Simulation_bessy2hi_56m_PGM_2Perc_coupling_errors_off_RP/round_6/11_bessy2hi_56m_PGM_2Perc_coupling_errors_off_RP.rml
2025-02-07 23:13:00,484 - INFO - Prepared sim number: 12: RAYPy_Simulation_bessy2hi_56m_PGM_2Perc_coupling_errors_off_RP/round_6/12_bessy2hi_56m_PGM_2Perc_coupling_errors_off_RP.rml
2025-02-07 23:13:00,489 - INFO - Prepared sim number: 13: RAYPy_Simulation_bessy2hi_56m_PGM_2Perc_coupling_errors_off_RP/round_6/13_bessy2hi_56m_PGM_2Perc_coupling_errors_off_RP.rml
2025-02-07 23:13:00,494 - INFO - Prepared sim number: 14: RAYPy_Simulation_bessy2hi_56m_PGM_2Perc_coupling_errors_off_RP/round_6/14_bessy2hi_56m_PGM_2Perc_coupling_errors_off_RP.rml
2025-02-07 23:13:00,499 - INFO - Prepared sim number: 15: RAYPy_Simulation_bessy2hi_56m_PGM_2Perc_coupling_errors_off_RP/round_6/15_bessy2hi_56m_PGM_2Perc_coupling_errors_off_RP.rml
2025-02-07 23:13:00,505 - INFO - Prepared sim number: 16: RAYPy_Simulation_bessy2hi_56m_PGM_2Perc_coupling_errors_off_RP/round_6/16_bessy2hi_56m_PGM_2Perc_coupling_errors_off_RP.rml
2025-02-07 23:13:00,510 - INFO - Prepared sim number: 17: RAYPy_Simulation_bessy2hi_56m_PGM_2Perc_coupling_errors_off_RP/round_6/17_bessy2hi_56m_PGM_2Perc_coupling_errors_off_RP.rml
2025-02-07 23:13:00,515 - INFO - Prepared sim number: 18: RAYPy_Simulation_bessy2hi_56m_PGM_2Perc_coupling_errors_off_RP/round_6/18_bessy2hi_56m_PGM_2Perc_coupling_errors_off_RP.rml
2025-02-07 23:13:00,520 - INFO - Prepared sim number: 19: RAYPy_Simulation_bessy2hi_56m_PGM_2Perc_coupling_errors_off_RP/round_6/19_bessy2hi_56m_PGM_2Perc_coupling_errors_off_RP.rml
2025-02-07 23:13:00,525 - INFO - Prepared sim number: 20: RAYPy_Simulation_bessy2hi_56m_PGM_2Perc_coupling_errors_off_RP/round_6/20_bessy2hi_56m_PGM_2Perc_coupling_errors_off_RP.rml
2025-02-07 23:13:00,531 - INFO - Prepared sim number: 21: RAYPy_Simulation_bessy2hi_56m_PGM_2Perc_coupling_errors_off_RP/round_6/21_bessy2hi_56m_PGM_2Perc_coupling_errors_off_RP.rml
2025-02-07 23:13:00,537 - INFO - Prepared sim number: 22: RAYPy_Simulation_bessy2hi_56m_PGM_2Perc_coupling_errors_off_RP/round_6/22_bessy2hi_56m_PGM_2Perc_coupling_errors_off_RP.rml
2025-02-07 23:13:00,542 - INFO - Prepared sim number: 23: RAYPy_Simulation_bessy2hi_56m_PGM_2Perc_coupling_errors_off_RP/round_6/23_bessy2hi_56m_PGM_2Perc_coupling_errors_off_RP.rml
2025-02-07 23:13:00,548 - INFO - Prepared sim number: 24: RAYPy_Simulation_bessy2hi_56m_PGM_2Perc_coupling_errors_off_RP/round_6/24_bessy2hi_56m_PGM_2Perc_coupling_errors_off_RP.rml
2025-02-07 23:13:00,553 - INFO - Prepared sim number: 25: RAYPy_Simulation_bessy2hi_56m_PGM_2Perc_coupling_errors_off_RP/round_6/25_bessy2hi_56m_PGM_2Perc_coupling_errors_off_RP.rml
2025-02-07 23:13:00,559 - INFO - Prepared sim number: 26: RAYPy_Simulation_bessy2hi_56m_PGM_2Perc_coupling_errors_off_RP/round_6/26_bessy2hi_56m_PGM_2Perc_coupling_errors_off_RP.rml
2025-02-07 23:13:00,564 - INFO - Prepared sim number: 27: RAYPy_Simulation_bessy2hi_56m_PGM_2Perc_coupling_errors_off_RP/round_6/27_bessy2hi_56m_PGM_2Perc_coupling_errors_off_RP.rml
2025-02-07 23:13:00,569 - INFO - Prepared sim number: 28: RAYPy_Simulation_bessy2hi_56m_PGM_2Perc_coupling_errors_off_RP/round_6/28_bessy2hi_56m_PGM_2Perc_coupling_errors_off_RP.rml
2025-02-07 23:13:00,574 - INFO - Prepared sim number: 29: RAYPy_Simulation_bessy2hi_56m_PGM_2Perc_coupling_errors_off_RP/round_6/29_bessy2hi_56m_PGM_2Perc_coupling_errors_off_RP.rml
2025-02-07 23:13:00,579 - INFO - Prepared sim number: 30: RAYPy_Simulation_bessy2hi_56m_PGM_2Perc_coupling_errors_off_RP/round_6/30_bessy2hi_56m_PGM_2Perc_coupling_errors_off_RP.rml
2025-02-07 23:13:00,584 - INFO - Prepared sim number: 31: RAYPy_Simulation_bessy2hi_56m_PGM_2Perc_coupling_errors_off_RP/round_6/31_bessy2hi_56m_PGM_2Perc_coupling_errors_off_RP.rml
2025-02-07 23:13:00,589 - INFO - Prepared sim number: 32: RAYPy_Simulation_bessy2hi_56m_PGM_2Perc_coupling_errors_off_RP/round_6/32_bessy2hi_56m_PGM_2Perc_coupling_errors_off_RP.rml
2025-02-07 23:13:00,594 - INFO - Prepared sim number: 33: RAYPy_Simulation_bessy2hi_56m_PGM_2Perc_coupling_errors_off_RP/round_6/33_bessy2hi_56m_PGM_2Perc_coupling_errors_off_RP.rml
2025-02-07 23:13:00,599 - INFO - Prepared sim number: 34: RAYPy_Simulation_bessy2hi_56m_PGM_2Perc_coupling_errors_off_RP/round_6/34_bessy2hi_56m_PGM_2Perc_coupling_errors_off_RP.rml
2025-02-07 23:13:00,604 - INFO - Prepared sim number: 35: RAYPy_Simulation_bessy2hi_56m_PGM_2Perc_coupling_errors_off_RP/round_6/35_bessy2hi_56m_PGM_2Perc_coupling_errors_off_RP.rml
2025-02-07 23:13:00,610 - INFO - Prepared sim number: 36: RAYPy_Simulation_bessy2hi_56m_PGM_2Perc_coupling_errors_off_RP/round_6/36_bessy2hi_56m_PGM_2Perc_coupling_errors_off_RP.rml
2025-02-07 23:13:00,615 - INFO - Prepared sim number: 37: RAYPy_Simulation_bessy2hi_56m_PGM_2Perc_coupling_errors_off_RP/round_6/37_bessy2hi_56m_PGM_2Perc_coupling_errors_off_RP.rml
2025-02-07 23:13:00,620 - INFO - Prepared sim number: 38: RAYPy_Simulation_bessy2hi_56m_PGM_2Perc_coupling_errors_off_RP/round_6/38_bessy2hi_56m_PGM_2Perc_coupling_errors_off_RP.rml
2025-02-07 23:13:00,627 - INFO - Prepared sim number: 39: RAYPy_Simulation_bessy2hi_56m_PGM_2Perc_coupling_errors_off_RP/round_6/39_bessy2hi_56m_PGM_2Perc_coupling_errors_off_RP.rml
2025-02-07 23:13:00,633 - INFO - Prepared sim number: 40: RAYPy_Simulation_bessy2hi_56m_PGM_2Perc_coupling_errors_off_RP/round_6/40_bessy2hi_56m_PGM_2Perc_coupling_errors_off_RP.rml
2025-02-07 23:13:00,639 - INFO - Prepared sim number: 41: RAYPy_Simulation_bessy2hi_56m_PGM_2Perc_coupling_errors_off_RP/round_6/41_bessy2hi_56m_PGM_2Perc_coupling_errors_off_RP.rml
2025-02-07 23:13:00,640 - INFO - Waiting for batch number: 12, timeout: 22.178418608506522s
2025-02-07 23:13:03,063 - INFO - Completed: 1, remaining: 59, RAYPy_Simulation_bessy2hi_56m_PGM_2Perc_coupling_errors_off_RP/round_5/113_bessy2hi_56m_PGM_2Perc_coupling_errors_off_RP.rml
2025-02-07 23:13:03,078 - INFO - Completed: 2, remaining: 58, RAYPy_Simulation_bessy2hi_56m_PGM_2Perc_coupling_errors_off_RP/round_5/110_bessy2hi_56m_PGM_2Perc_coupling_errors_off_RP.rml
2025-02-07 23:13:03,182 - INFO - Completed: 3, remaining: 57, RAYPy_Simulation_bessy2hi_56m_PGM_2Perc_coupling_errors_off_RP/round_5/111_bessy2hi_56m_PGM_2Perc_coupling_errors_off_RP.rml
2025-02-07 23:13:03,329 - INFO - Completed: 4, remaining: 56, RAYPy_Simulation_bessy2hi_56m_PGM_2Perc_coupling_errors_off_RP/round_5/114_bessy2hi_56m_PGM_2Perc_coupling_errors_off_RP.rml
2025-02-07 23:13:03,381 - INFO - Completed: 5, remaining: 55, RAYPy_Simulation_bessy2hi_56m_PGM_2Perc_coupling_errors_off_RP/round_5/116_bessy2hi_56m_PGM_2Perc_coupling_errors_off_RP.rml
2025-02-07 23:13:03,395 - INFO - Completed: 6, remaining: 54, RAYPy_Simulation_bessy2hi_56m_PGM_2Perc_coupling_errors_off_RP/round_5/107_bessy2hi_56m_PGM_2Perc_coupling_errors_off_RP.rml
2025-02-07 23:13:03,584 - INFO - Completed: 7, remaining: 53, RAYPy_Simulation_bessy2hi_56m_PGM_2Perc_coupling_errors_off_RP/round_5/112_bessy2hi_56m_PGM_2Perc_coupling_errors_off_RP.rml
2025-02-07 23:13:03,665 - INFO - Completed: 8, remaining: 52, RAYPy_Simulation_bessy2hi_56m_PGM_2Perc_coupling_errors_off_RP/round_5/105_bessy2hi_56m_PGM_2Perc_coupling_errors_off_RP.rml
2025-02-07 23:13:04,072 - INFO - Completed: 9, remaining: 51, RAYPy_Simulation_bessy2hi_56m_PGM_2Perc_coupling_errors_off_RP/round_5/108_bessy2hi_56m_PGM_2Perc_coupling_errors_off_RP.rml
2025-02-07 23:13:05,933 - INFO - Completed: 10, remaining: 50, RAYPy_Simulation_bessy2hi_56m_PGM_2Perc_coupling_errors_off_RP/round_5/109_bessy2hi_56m_PGM_2Perc_coupling_errors_off_RP.rml
2025-02-07 23:13:06,031 - INFO - Completed: 11, remaining: 49, RAYPy_Simulation_bessy2hi_56m_PGM_2Perc_coupling_errors_off_RP/round_5/106_bessy2hi_56m_PGM_2Perc_coupling_errors_off_RP.rml
2025-02-07 23:13:06,096 - INFO - Completed: 12, remaining: 48, RAYPy_Simulation_bessy2hi_56m_PGM_2Perc_coupling_errors_off_RP/round_5/115_bessy2hi_56m_PGM_2Perc_coupling_errors_off_RP.rml
2025-02-07 23:13:06,696 - INFO - Completed: 13, remaining: 47, RAYPy_Simulation_bessy2hi_56m_PGM_2Perc_coupling_errors_off_RP/round_5/118_bessy2hi_56m_PGM_2Perc_coupling_errors_off_RP.rml
2025-02-07 23:13:06,772 - INFO - Completed: 14, remaining: 46, RAYPy_Simulation_bessy2hi_56m_PGM_2Perc_coupling_errors_off_RP/round_5/119_bessy2hi_56m_PGM_2Perc_coupling_errors_off_RP.rml
2025-02-07 23:13:06,869 - INFO - Completed: 15, remaining: 45, RAYPy_Simulation_bessy2hi_56m_PGM_2Perc_coupling_errors_off_RP/round_5/121_bessy2hi_56m_PGM_2Perc_coupling_errors_off_RP.rml
2025-02-07 23:13:06,893 - INFO - Completed: 16, remaining: 44, RAYPy_Simulation_bessy2hi_56m_PGM_2Perc_coupling_errors_off_RP/round_5/117_bessy2hi_56m_PGM_2Perc_coupling_errors_off_RP.rml
2025-02-07 23:13:06,935 - INFO - Completed: 17, remaining: 43, RAYPy_Simulation_bessy2hi_56m_PGM_2Perc_coupling_errors_off_RP/round_5/120_bessy2hi_56m_PGM_2Perc_coupling_errors_off_RP.rml
2025-02-07 23:13:07,092 - INFO - Completed: 18, remaining: 42, RAYPy_Simulation_bessy2hi_56m_PGM_2Perc_coupling_errors_off_RP/round_5/122_bessy2hi_56m_PGM_2Perc_coupling_errors_off_RP.rml
2025-02-07 23:13:07,198 - INFO - Completed: 19, remaining: 41, RAYPy_Simulation_bessy2hi_56m_PGM_2Perc_coupling_errors_off_RP/round_6/1_bessy2hi_56m_PGM_2Perc_coupling_errors_off_RP.rml
2025-02-07 23:13:07,350 - INFO - Completed: 20, remaining: 40, RAYPy_Simulation_bessy2hi_56m_PGM_2Perc_coupling_errors_off_RP/round_6/0_bessy2hi_56m_PGM_2Perc_coupling_errors_off_RP.rml
2025-02-07 23:13:07,624 - INFO - Completed: 21, remaining: 39, RAYPy_Simulation_bessy2hi_56m_PGM_2Perc_coupling_errors_off_RP/round_6/2_bessy2hi_56m_PGM_2Perc_coupling_errors_off_RP.rml
2025-02-07 23:13:09,493 - INFO - Completed: 22, remaining: 38, RAYPy_Simulation_bessy2hi_56m_PGM_2Perc_coupling_errors_off_RP/round_6/4_bessy2hi_56m_PGM_2Perc_coupling_errors_off_RP.rml
2025-02-07 23:13:09,511 - INFO - Completed: 23, remaining: 37, RAYPy_Simulation_bessy2hi_56m_PGM_2Perc_coupling_errors_off_RP/round_6/5_bessy2hi_56m_PGM_2Perc_coupling_errors_off_RP.rml
2025-02-07 23:13:09,999 - INFO - Completed: 24, remaining: 36, RAYPy_Simulation_bessy2hi_56m_PGM_2Perc_coupling_errors_off_RP/round_6/7_bessy2hi_56m_PGM_2Perc_coupling_errors_off_RP.rml
2025-02-07 23:13:10,098 - INFO - Completed: 25, remaining: 35, RAYPy_Simulation_bessy2hi_56m_PGM_2Perc_coupling_errors_off_RP/round_6/6_bessy2hi_56m_PGM_2Perc_coupling_errors_off_RP.rml
2025-02-07 23:13:10,499 - INFO - Completed: 26, remaining: 34, RAYPy_Simulation_bessy2hi_56m_PGM_2Perc_coupling_errors_off_RP/round_6/8_bessy2hi_56m_PGM_2Perc_coupling_errors_off_RP.rml
2025-02-07 23:13:10,672 - INFO - Completed: 27, remaining: 33, RAYPy_Simulation_bessy2hi_56m_PGM_2Perc_coupling_errors_off_RP/round_6/9_bessy2hi_56m_PGM_2Perc_coupling_errors_off_RP.rml
2025-02-07 23:13:10,698 - INFO - Completed: 28, remaining: 32, RAYPy_Simulation_bessy2hi_56m_PGM_2Perc_coupling_errors_off_RP/round_6/10_bessy2hi_56m_PGM_2Perc_coupling_errors_off_RP.rml
2025-02-07 23:13:10,732 - INFO - Completed: 29, remaining: 31, RAYPy_Simulation_bessy2hi_56m_PGM_2Perc_coupling_errors_off_RP/round_6/3_bessy2hi_56m_PGM_2Perc_coupling_errors_off_RP.rml
2025-02-07 23:13:10,905 - INFO - Completed: 30, remaining: 30, RAYPy_Simulation_bessy2hi_56m_PGM_2Perc_coupling_errors_off_RP/round_6/11_bessy2hi_56m_PGM_2Perc_coupling_errors_off_RP.rml
2025-02-07 23:13:11,103 - INFO - Completed: 31, remaining: 29, RAYPy_Simulation_bessy2hi_56m_PGM_2Perc_coupling_errors_off_RP/round_6/12_bessy2hi_56m_PGM_2Perc_coupling_errors_off_RP.rml
2025-02-07 23:13:11,172 - INFO - Completed: 32, remaining: 28, RAYPy_Simulation_bessy2hi_56m_PGM_2Perc_coupling_errors_off_RP/round_6/13_bessy2hi_56m_PGM_2Perc_coupling_errors_off_RP.rml
2025-02-07 23:13:11,424 - INFO - Completed: 33, remaining: 27, RAYPy_Simulation_bessy2hi_56m_PGM_2Perc_coupling_errors_off_RP/round_6/14_bessy2hi_56m_PGM_2Perc_coupling_errors_off_RP.rml
2025-02-07 23:13:13,213 - INFO - Completed: 34, remaining: 26, RAYPy_Simulation_bessy2hi_56m_PGM_2Perc_coupling_errors_off_RP/round_6/16_bessy2hi_56m_PGM_2Perc_coupling_errors_off_RP.rml
2025-02-07 23:13:13,251 - INFO - Completed: 35, remaining: 25, RAYPy_Simulation_bessy2hi_56m_PGM_2Perc_coupling_errors_off_RP/round_6/15_bessy2hi_56m_PGM_2Perc_coupling_errors_off_RP.rml
2025-02-07 23:13:13,709 - INFO - Completed: 36, remaining: 24, RAYPy_Simulation_bessy2hi_56m_PGM_2Perc_coupling_errors_off_RP/round_6/18_bessy2hi_56m_PGM_2Perc_coupling_errors_off_RP.rml
2025-02-07 23:13:13,889 - INFO - Completed: 37, remaining: 23, RAYPy_Simulation_bessy2hi_56m_PGM_2Perc_coupling_errors_off_RP/round_6/17_bessy2hi_56m_PGM_2Perc_coupling_errors_off_RP.rml
2025-02-07 23:13:14,006 - INFO - Completed: 38, remaining: 22, RAYPy_Simulation_bessy2hi_56m_PGM_2Perc_coupling_errors_off_RP/round_6/19_bessy2hi_56m_PGM_2Perc_coupling_errors_off_RP.rml
2025-02-07 23:13:14,531 - INFO - Completed: 39, remaining: 21, RAYPy_Simulation_bessy2hi_56m_PGM_2Perc_coupling_errors_off_RP/round_6/20_bessy2hi_56m_PGM_2Perc_coupling_errors_off_RP.rml
2025-02-07 23:13:14,552 - INFO - Completed: 40, remaining: 20, RAYPy_Simulation_bessy2hi_56m_PGM_2Perc_coupling_errors_off_RP/round_6/21_bessy2hi_56m_PGM_2Perc_coupling_errors_off_RP.rml
2025-02-07 23:13:14,626 - INFO - Completed: 41, remaining: 19, RAYPy_Simulation_bessy2hi_56m_PGM_2Perc_coupling_errors_off_RP/round_6/23_bessy2hi_56m_PGM_2Perc_coupling_errors_off_RP.rml
2025-02-07 23:13:14,676 - INFO - Completed: 42, remaining: 18, RAYPy_Simulation_bessy2hi_56m_PGM_2Perc_coupling_errors_off_RP/round_6/22_bessy2hi_56m_PGM_2Perc_coupling_errors_off_RP.rml
2025-02-07 23:13:14,905 - INFO - Completed: 43, remaining: 17, RAYPy_Simulation_bessy2hi_56m_PGM_2Perc_coupling_errors_off_RP/round_6/24_bessy2hi_56m_PGM_2Perc_coupling_errors_off_RP.rml
2025-02-07 23:13:14,937 - INFO - Completed: 44, remaining: 16, RAYPy_Simulation_bessy2hi_56m_PGM_2Perc_coupling_errors_off_RP/round_6/25_bessy2hi_56m_PGM_2Perc_coupling_errors_off_RP.rml
2025-02-07 23:13:15,184 - INFO - Completed: 45, remaining: 15, RAYPy_Simulation_bessy2hi_56m_PGM_2Perc_coupling_errors_off_RP/round_6/26_bessy2hi_56m_PGM_2Perc_coupling_errors_off_RP.rml
2025-02-07 23:13:17,230 - INFO - Completed: 46, remaining: 14, RAYPy_Simulation_bessy2hi_56m_PGM_2Perc_coupling_errors_off_RP/round_6/29_bessy2hi_56m_PGM_2Perc_coupling_errors_off_RP.rml
2025-02-07 23:13:17,256 - INFO - Completed: 47, remaining: 13, RAYPy_Simulation_bessy2hi_56m_PGM_2Perc_coupling_errors_off_RP/round_6/28_bessy2hi_56m_PGM_2Perc_coupling_errors_off_RP.rml
2025-02-07 23:13:17,457 - INFO - Completed: 48, remaining: 12, RAYPy_Simulation_bessy2hi_56m_PGM_2Perc_coupling_errors_off_RP/round_6/30_bessy2hi_56m_PGM_2Perc_coupling_errors_off_RP.rml
2025-02-07 23:13:17,650 - INFO - Completed: 49, remaining: 11, RAYPy_Simulation_bessy2hi_56m_PGM_2Perc_coupling_errors_off_RP/round_6/31_bessy2hi_56m_PGM_2Perc_coupling_errors_off_RP.rml
2025-02-07 23:13:17,870 - INFO - Completed: 50, remaining: 10, RAYPy_Simulation_bessy2hi_56m_PGM_2Perc_coupling_errors_off_RP/round_6/27_bessy2hi_56m_PGM_2Perc_coupling_errors_off_RP.rml
2025-02-07 23:13:18,193 - INFO - Completed: 51, remaining: 9, RAYPy_Simulation_bessy2hi_56m_PGM_2Perc_coupling_errors_off_RP/round_6/33_bessy2hi_56m_PGM_2Perc_coupling_errors_off_RP.rml
2025-02-07 23:13:18,254 - INFO - Completed: 52, remaining: 8, RAYPy_Simulation_bessy2hi_56m_PGM_2Perc_coupling_errors_off_RP/round_6/32_bessy2hi_56m_PGM_2Perc_coupling_errors_off_RP.rml
2025-02-07 23:13:18,363 - INFO - Completed: 53, remaining: 7, RAYPy_Simulation_bessy2hi_56m_PGM_2Perc_coupling_errors_off_RP/round_6/34_bessy2hi_56m_PGM_2Perc_coupling_errors_off_RP.rml
2025-02-07 23:13:18,441 - INFO - Completed: 54, remaining: 6, RAYPy_Simulation_bessy2hi_56m_PGM_2Perc_coupling_errors_off_RP/round_6/35_bessy2hi_56m_PGM_2Perc_coupling_errors_off_RP.rml
2025-02-07 23:13:18,579 - INFO - Completed: 55, remaining: 5, RAYPy_Simulation_bessy2hi_56m_PGM_2Perc_coupling_errors_off_RP/round_6/36_bessy2hi_56m_PGM_2Perc_coupling_errors_off_RP.rml
2025-02-07 23:13:18,637 - INFO - Completed: 56, remaining: 4, RAYPy_Simulation_bessy2hi_56m_PGM_2Perc_coupling_errors_off_RP/round_6/37_bessy2hi_56m_PGM_2Perc_coupling_errors_off_RP.rml
2025-02-07 23:13:18,736 - INFO - Completed: 57, remaining: 3, RAYPy_Simulation_bessy2hi_56m_PGM_2Perc_coupling_errors_off_RP/round_6/38_bessy2hi_56m_PGM_2Perc_coupling_errors_off_RP.rml
2025-02-07 23:13:19,596 - INFO - Completed: 58, remaining: 2, RAYPy_Simulation_bessy2hi_56m_PGM_2Perc_coupling_errors_off_RP/round_6/41_bessy2hi_56m_PGM_2Perc_coupling_errors_off_RP.rml
2025-02-07 23:13:19,704 - INFO - Completed: 59, remaining: 1, RAYPy_Simulation_bessy2hi_56m_PGM_2Perc_coupling_errors_off_RP/round_6/39_bessy2hi_56m_PGM_2Perc_coupling_errors_off_RP.rml
2025-02-07 23:13:19,854 - INFO - Completed: 60, remaining: 0, RAYPy_Simulation_bessy2hi_56m_PGM_2Perc_coupling_errors_off_RP/round_6/40_bessy2hi_56m_PGM_2Perc_coupling_errors_off_RP.rml
2025-02-07 23:13:19,855 - INFO - Batch Completed
2025-02-07 23:13:19,855 - INFO - Waiting For batch, 60 simulations to go
2025-02-07 23:13:19,859 - INFO - Prepared sim number: 42: RAYPy_Simulation_bessy2hi_56m_PGM_2Perc_coupling_errors_off_RP/round_6/42_bessy2hi_56m_PGM_2Perc_coupling_errors_off_RP.rml
2025-02-07 23:13:19,866 - INFO - Prepared sim number: 43: RAYPy_Simulation_bessy2hi_56m_PGM_2Perc_coupling_errors_off_RP/round_6/43_bessy2hi_56m_PGM_2Perc_coupling_errors_off_RP.rml
2025-02-07 23:13:19,879 - INFO - Prepared sim number: 44: RAYPy_Simulation_bessy2hi_56m_PGM_2Perc_coupling_errors_off_RP/round_6/44_bessy2hi_56m_PGM_2Perc_coupling_errors_off_RP.rml
2025-02-07 23:13:19,887 - INFO - Prepared sim number: 45: RAYPy_Simulation_bessy2hi_56m_PGM_2Perc_coupling_errors_off_RP/round_6/45_bessy2hi_56m_PGM_2Perc_coupling_errors_off_RP.rml
2025-02-07 23:13:19,898 - INFO - Prepared sim number: 46: RAYPy_Simulation_bessy2hi_56m_PGM_2Perc_coupling_errors_off_RP/round_6/46_bessy2hi_56m_PGM_2Perc_coupling_errors_off_RP.rml
2025-02-07 23:13:19,902 - INFO - Prepared sim number: 47: RAYPy_Simulation_bessy2hi_56m_PGM_2Perc_coupling_errors_off_RP/round_6/47_bessy2hi_56m_PGM_2Perc_coupling_errors_off_RP.rml
2025-02-07 23:13:19,909 - INFO - Prepared sim number: 48: RAYPy_Simulation_bessy2hi_56m_PGM_2Perc_coupling_errors_off_RP/round_6/48_bessy2hi_56m_PGM_2Perc_coupling_errors_off_RP.rml
2025-02-07 23:13:19,913 - INFO - Prepared sim number: 49: RAYPy_Simulation_bessy2hi_56m_PGM_2Perc_coupling_errors_off_RP/round_6/49_bessy2hi_56m_PGM_2Perc_coupling_errors_off_RP.rml
2025-02-07 23:13:19,918 - INFO - Prepared sim number: 50: RAYPy_Simulation_bessy2hi_56m_PGM_2Perc_coupling_errors_off_RP/round_6/50_bessy2hi_56m_PGM_2Perc_coupling_errors_off_RP.rml
2025-02-07 23:13:19,922 - INFO - Prepared sim number: 51: RAYPy_Simulation_bessy2hi_56m_PGM_2Perc_coupling_errors_off_RP/round_6/51_bessy2hi_56m_PGM_2Perc_coupling_errors_off_RP.rml
2025-02-07 23:13:19,927 - INFO - Prepared sim number: 52: RAYPy_Simulation_bessy2hi_56m_PGM_2Perc_coupling_errors_off_RP/round_6/52_bessy2hi_56m_PGM_2Perc_coupling_errors_off_RP.rml
2025-02-07 23:13:19,934 - INFO - Prepared sim number: 53: RAYPy_Simulation_bessy2hi_56m_PGM_2Perc_coupling_errors_off_RP/round_6/53_bessy2hi_56m_PGM_2Perc_coupling_errors_off_RP.rml
2025-02-07 23:13:19,938 - INFO - Prepared sim number: 54: RAYPy_Simulation_bessy2hi_56m_PGM_2Perc_coupling_errors_off_RP/round_6/54_bessy2hi_56m_PGM_2Perc_coupling_errors_off_RP.rml
2025-02-07 23:13:19,943 - INFO - Prepared sim number: 55: RAYPy_Simulation_bessy2hi_56m_PGM_2Perc_coupling_errors_off_RP/round_6/55_bessy2hi_56m_PGM_2Perc_coupling_errors_off_RP.rml
2025-02-07 23:13:19,947 - INFO - Prepared sim number: 56: RAYPy_Simulation_bessy2hi_56m_PGM_2Perc_coupling_errors_off_RP/round_6/56_bessy2hi_56m_PGM_2Perc_coupling_errors_off_RP.rml
2025-02-07 23:13:19,951 - INFO - Prepared sim number: 57: RAYPy_Simulation_bessy2hi_56m_PGM_2Perc_coupling_errors_off_RP/round_6/57_bessy2hi_56m_PGM_2Perc_coupling_errors_off_RP.rml
2025-02-07 23:13:19,955 - INFO - Prepared sim number: 58: RAYPy_Simulation_bessy2hi_56m_PGM_2Perc_coupling_errors_off_RP/round_6/58_bessy2hi_56m_PGM_2Perc_coupling_errors_off_RP.rml
2025-02-07 23:13:19,959 - INFO - Prepared sim number: 59: RAYPy_Simulation_bessy2hi_56m_PGM_2Perc_coupling_errors_off_RP/round_6/59_bessy2hi_56m_PGM_2Perc_coupling_errors_off_RP.rml
2025-02-07 23:13:19,964 - INFO - Prepared sim number: 60: RAYPy_Simulation_bessy2hi_56m_PGM_2Perc_coupling_errors_off_RP/round_6/60_bessy2hi_56m_PGM_2Perc_coupling_errors_off_RP.rml
2025-02-07 23:13:19,969 - INFO - Prepared sim number: 61: RAYPy_Simulation_bessy2hi_56m_PGM_2Perc_coupling_errors_off_RP/round_6/61_bessy2hi_56m_PGM_2Perc_coupling_errors_off_RP.rml
2025-02-07 23:13:19,972 - INFO - Prepared sim number: 62: RAYPy_Simulation_bessy2hi_56m_PGM_2Perc_coupling_errors_off_RP/round_6/62_bessy2hi_56m_PGM_2Perc_coupling_errors_off_RP.rml
2025-02-07 23:13:19,976 - INFO - Prepared sim number: 63: RAYPy_Simulation_bessy2hi_56m_PGM_2Perc_coupling_errors_off_RP/round_6/63_bessy2hi_56m_PGM_2Perc_coupling_errors_off_RP.rml
2025-02-07 23:13:19,981 - INFO - Prepared sim number: 64: RAYPy_Simulation_bessy2hi_56m_PGM_2Perc_coupling_errors_off_RP/round_6/64_bessy2hi_56m_PGM_2Perc_coupling_errors_off_RP.rml
2025-02-07 23:13:19,986 - INFO - Prepared sim number: 65: RAYPy_Simulation_bessy2hi_56m_PGM_2Perc_coupling_errors_off_RP/round_6/65_bessy2hi_56m_PGM_2Perc_coupling_errors_off_RP.rml
2025-02-07 23:13:19,990 - INFO - Prepared sim number: 66: RAYPy_Simulation_bessy2hi_56m_PGM_2Perc_coupling_errors_off_RP/round_6/66_bessy2hi_56m_PGM_2Perc_coupling_errors_off_RP.rml
2025-02-07 23:13:19,994 - INFO - Prepared sim number: 67: RAYPy_Simulation_bessy2hi_56m_PGM_2Perc_coupling_errors_off_RP/round_6/67_bessy2hi_56m_PGM_2Perc_coupling_errors_off_RP.rml
2025-02-07 23:13:19,998 - INFO - Prepared sim number: 68: RAYPy_Simulation_bessy2hi_56m_PGM_2Perc_coupling_errors_off_RP/round_6/68_bessy2hi_56m_PGM_2Perc_coupling_errors_off_RP.rml
2025-02-07 23:13:20,002 - INFO - Prepared sim number: 69: RAYPy_Simulation_bessy2hi_56m_PGM_2Perc_coupling_errors_off_RP/round_6/69_bessy2hi_56m_PGM_2Perc_coupling_errors_off_RP.rml
2025-02-07 23:13:20,006 - INFO - Prepared sim number: 70: RAYPy_Simulation_bessy2hi_56m_PGM_2Perc_coupling_errors_off_RP/round_6/70_bessy2hi_56m_PGM_2Perc_coupling_errors_off_RP.rml
2025-02-07 23:13:20,010 - INFO - Prepared sim number: 71: RAYPy_Simulation_bessy2hi_56m_PGM_2Perc_coupling_errors_off_RP/round_6/71_bessy2hi_56m_PGM_2Perc_coupling_errors_off_RP.rml
2025-02-07 23:13:20,013 - INFO - Prepared sim number: 72: RAYPy_Simulation_bessy2hi_56m_PGM_2Perc_coupling_errors_off_RP/round_6/72_bessy2hi_56m_PGM_2Perc_coupling_errors_off_RP.rml
2025-02-07 23:13:20,017 - INFO - Prepared sim number: 73: RAYPy_Simulation_bessy2hi_56m_PGM_2Perc_coupling_errors_off_RP/round_6/73_bessy2hi_56m_PGM_2Perc_coupling_errors_off_RP.rml
2025-02-07 23:13:20,021 - INFO - Prepared sim number: 74: RAYPy_Simulation_bessy2hi_56m_PGM_2Perc_coupling_errors_off_RP/round_6/74_bessy2hi_56m_PGM_2Perc_coupling_errors_off_RP.rml
2025-02-07 23:13:20,026 - INFO - Prepared sim number: 75: RAYPy_Simulation_bessy2hi_56m_PGM_2Perc_coupling_errors_off_RP/round_6/75_bessy2hi_56m_PGM_2Perc_coupling_errors_off_RP.rml
2025-02-07 23:13:20,030 - INFO - Prepared sim number: 76: RAYPy_Simulation_bessy2hi_56m_PGM_2Perc_coupling_errors_off_RP/round_6/76_bessy2hi_56m_PGM_2Perc_coupling_errors_off_RP.rml
2025-02-07 23:13:20,034 - INFO - Prepared sim number: 77: RAYPy_Simulation_bessy2hi_56m_PGM_2Perc_coupling_errors_off_RP/round_6/77_bessy2hi_56m_PGM_2Perc_coupling_errors_off_RP.rml
2025-02-07 23:13:20,038 - INFO - Prepared sim number: 78: RAYPy_Simulation_bessy2hi_56m_PGM_2Perc_coupling_errors_off_RP/round_6/78_bessy2hi_56m_PGM_2Perc_coupling_errors_off_RP.rml
2025-02-07 23:13:20,042 - INFO - Prepared sim number: 79: RAYPy_Simulation_bessy2hi_56m_PGM_2Perc_coupling_errors_off_RP/round_6/79_bessy2hi_56m_PGM_2Perc_coupling_errors_off_RP.rml
2025-02-07 23:13:20,047 - INFO - Prepared sim number: 80: RAYPy_Simulation_bessy2hi_56m_PGM_2Perc_coupling_errors_off_RP/round_6/80_bessy2hi_56m_PGM_2Perc_coupling_errors_off_RP.rml
2025-02-07 23:13:20,050 - INFO - Prepared sim number: 81: RAYPy_Simulation_bessy2hi_56m_PGM_2Perc_coupling_errors_off_RP/round_6/81_bessy2hi_56m_PGM_2Perc_coupling_errors_off_RP.rml
2025-02-07 23:13:20,054 - INFO - Prepared sim number: 82: RAYPy_Simulation_bessy2hi_56m_PGM_2Perc_coupling_errors_off_RP/round_6/82_bessy2hi_56m_PGM_2Perc_coupling_errors_off_RP.rml
2025-02-07 23:13:20,058 - INFO - Prepared sim number: 83: RAYPy_Simulation_bessy2hi_56m_PGM_2Perc_coupling_errors_off_RP/round_6/83_bessy2hi_56m_PGM_2Perc_coupling_errors_off_RP.rml
2025-02-07 23:13:20,063 - INFO - Prepared sim number: 84: RAYPy_Simulation_bessy2hi_56m_PGM_2Perc_coupling_errors_off_RP/round_6/84_bessy2hi_56m_PGM_2Perc_coupling_errors_off_RP.rml
2025-02-07 23:13:20,066 - INFO - Prepared sim number: 85: RAYPy_Simulation_bessy2hi_56m_PGM_2Perc_coupling_errors_off_RP/round_6/85_bessy2hi_56m_PGM_2Perc_coupling_errors_off_RP.rml
2025-02-07 23:13:20,071 - INFO - Prepared sim number: 86: RAYPy_Simulation_bessy2hi_56m_PGM_2Perc_coupling_errors_off_RP/round_6/86_bessy2hi_56m_PGM_2Perc_coupling_errors_off_RP.rml
2025-02-07 23:13:20,075 - INFO - Prepared sim number: 87: RAYPy_Simulation_bessy2hi_56m_PGM_2Perc_coupling_errors_off_RP/round_6/87_bessy2hi_56m_PGM_2Perc_coupling_errors_off_RP.rml
2025-02-07 23:13:20,079 - INFO - Prepared sim number: 88: RAYPy_Simulation_bessy2hi_56m_PGM_2Perc_coupling_errors_off_RP/round_6/88_bessy2hi_56m_PGM_2Perc_coupling_errors_off_RP.rml
2025-02-07 23:13:20,083 - INFO - Prepared sim number: 89: RAYPy_Simulation_bessy2hi_56m_PGM_2Perc_coupling_errors_off_RP/round_6/89_bessy2hi_56m_PGM_2Perc_coupling_errors_off_RP.rml
2025-02-07 23:13:20,087 - INFO - Prepared sim number: 90: RAYPy_Simulation_bessy2hi_56m_PGM_2Perc_coupling_errors_off_RP/round_6/90_bessy2hi_56m_PGM_2Perc_coupling_errors_off_RP.rml
2025-02-07 23:13:20,091 - INFO - Prepared sim number: 91: RAYPy_Simulation_bessy2hi_56m_PGM_2Perc_coupling_errors_off_RP/round_6/91_bessy2hi_56m_PGM_2Perc_coupling_errors_off_RP.rml
2025-02-07 23:13:20,095 - INFO - Prepared sim number: 92: RAYPy_Simulation_bessy2hi_56m_PGM_2Perc_coupling_errors_off_RP/round_6/92_bessy2hi_56m_PGM_2Perc_coupling_errors_off_RP.rml
2025-02-07 23:13:20,098 - INFO - Prepared sim number: 93: RAYPy_Simulation_bessy2hi_56m_PGM_2Perc_coupling_errors_off_RP/round_6/93_bessy2hi_56m_PGM_2Perc_coupling_errors_off_RP.rml
2025-02-07 23:13:20,104 - INFO - Prepared sim number: 94: RAYPy_Simulation_bessy2hi_56m_PGM_2Perc_coupling_errors_off_RP/round_6/94_bessy2hi_56m_PGM_2Perc_coupling_errors_off_RP.rml
2025-02-07 23:13:20,108 - INFO - Prepared sim number: 95: RAYPy_Simulation_bessy2hi_56m_PGM_2Perc_coupling_errors_off_RP/round_6/95_bessy2hi_56m_PGM_2Perc_coupling_errors_off_RP.rml
2025-02-07 23:13:20,112 - INFO - Prepared sim number: 96: RAYPy_Simulation_bessy2hi_56m_PGM_2Perc_coupling_errors_off_RP/round_6/96_bessy2hi_56m_PGM_2Perc_coupling_errors_off_RP.rml
2025-02-07 23:13:20,116 - INFO - Prepared sim number: 97: RAYPy_Simulation_bessy2hi_56m_PGM_2Perc_coupling_errors_off_RP/round_6/97_bessy2hi_56m_PGM_2Perc_coupling_errors_off_RP.rml
2025-02-07 23:13:20,120 - INFO - Prepared sim number: 98: RAYPy_Simulation_bessy2hi_56m_PGM_2Perc_coupling_errors_off_RP/round_6/98_bessy2hi_56m_PGM_2Perc_coupling_errors_off_RP.rml
2025-02-07 23:13:20,124 - INFO - Prepared sim number: 99: RAYPy_Simulation_bessy2hi_56m_PGM_2Perc_coupling_errors_off_RP/round_6/99_bessy2hi_56m_PGM_2Perc_coupling_errors_off_RP.rml
2025-02-07 23:13:20,128 - INFO - Prepared sim number: 100: RAYPy_Simulation_bessy2hi_56m_PGM_2Perc_coupling_errors_off_RP/round_6/100_bessy2hi_56m_PGM_2Perc_coupling_errors_off_RP.rml
2025-02-07 23:13:20,132 - INFO - Prepared sim number: 101: RAYPy_Simulation_bessy2hi_56m_PGM_2Perc_coupling_errors_off_RP/round_6/101_bessy2hi_56m_PGM_2Perc_coupling_errors_off_RP.rml
2025-02-07 23:13:20,133 - INFO - Waiting for batch number: 13, timeout: 22.13511657164647s
2025-02-07 23:13:22,716 - INFO - Completed: 1, remaining: 59, RAYPy_Simulation_bessy2hi_56m_PGM_2Perc_coupling_errors_off_RP/round_6/43_bessy2hi_56m_PGM_2Perc_coupling_errors_off_RP.rml
2025-02-07 23:13:22,856 - INFO - Completed: 2, remaining: 58, RAYPy_Simulation_bessy2hi_56m_PGM_2Perc_coupling_errors_off_RP/round_6/44_bessy2hi_56m_PGM_2Perc_coupling_errors_off_RP.rml
2025-02-07 23:13:23,026 - INFO - Completed: 3, remaining: 57, RAYPy_Simulation_bessy2hi_56m_PGM_2Perc_coupling_errors_off_RP/round_6/49_bessy2hi_56m_PGM_2Perc_coupling_errors_off_RP.rml
2025-02-07 23:13:23,130 - INFO - Completed: 4, remaining: 56, RAYPy_Simulation_bessy2hi_56m_PGM_2Perc_coupling_errors_off_RP/round_6/51_bessy2hi_56m_PGM_2Perc_coupling_errors_off_RP.rml
2025-02-07 23:13:23,150 - INFO - Completed: 5, remaining: 55, RAYPy_Simulation_bessy2hi_56m_PGM_2Perc_coupling_errors_off_RP/round_6/46_bessy2hi_56m_PGM_2Perc_coupling_errors_off_RP.rml
2025-02-07 23:13:23,316 - INFO - Completed: 6, remaining: 54, RAYPy_Simulation_bessy2hi_56m_PGM_2Perc_coupling_errors_off_RP/round_6/42_bessy2hi_56m_PGM_2Perc_coupling_errors_off_RP.rml
2025-02-07 23:13:23,333 - INFO - Completed: 7, remaining: 53, RAYPy_Simulation_bessy2hi_56m_PGM_2Perc_coupling_errors_off_RP/round_6/45_bessy2hi_56m_PGM_2Perc_coupling_errors_off_RP.rml
2025-02-07 23:13:23,385 - INFO - Completed: 8, remaining: 52, RAYPy_Simulation_bessy2hi_56m_PGM_2Perc_coupling_errors_off_RP/round_6/47_bessy2hi_56m_PGM_2Perc_coupling_errors_off_RP.rml
2025-02-07 23:13:23,534 - INFO - Completed: 9, remaining: 51, RAYPy_Simulation_bessy2hi_56m_PGM_2Perc_coupling_errors_off_RP/round_6/52_bessy2hi_56m_PGM_2Perc_coupling_errors_off_RP.rml
2025-02-07 23:13:25,549 - INFO - Completed: 10, remaining: 50, RAYPy_Simulation_bessy2hi_56m_PGM_2Perc_coupling_errors_off_RP/round_6/48_bessy2hi_56m_PGM_2Perc_coupling_errors_off_RP.rml
2025-02-07 23:13:25,632 - INFO - Completed: 11, remaining: 49, RAYPy_Simulation_bessy2hi_56m_PGM_2Perc_coupling_errors_off_RP/round_6/53_bessy2hi_56m_PGM_2Perc_coupling_errors_off_RP.rml
2025-02-07 23:13:26,158 - INFO - Completed: 12, remaining: 48, RAYPy_Simulation_bessy2hi_56m_PGM_2Perc_coupling_errors_off_RP/round_6/54_bessy2hi_56m_PGM_2Perc_coupling_errors_off_RP.rml
2025-02-07 23:13:26,295 - INFO - Completed: 13, remaining: 47, RAYPy_Simulation_bessy2hi_56m_PGM_2Perc_coupling_errors_off_RP/round_6/55_bessy2hi_56m_PGM_2Perc_coupling_errors_off_RP.rml
2025-02-07 23:13:26,679 - INFO - Completed: 14, remaining: 46, RAYPy_Simulation_bessy2hi_56m_PGM_2Perc_coupling_errors_off_RP/round_6/57_bessy2hi_56m_PGM_2Perc_coupling_errors_off_RP.rml
2025-02-07 23:13:26,758 - INFO - Completed: 15, remaining: 45, RAYPy_Simulation_bessy2hi_56m_PGM_2Perc_coupling_errors_off_RP/round_6/58_bessy2hi_56m_PGM_2Perc_coupling_errors_off_RP.rml
2025-02-07 23:13:26,914 - INFO - Completed: 16, remaining: 44, RAYPy_Simulation_bessy2hi_56m_PGM_2Perc_coupling_errors_off_RP/round_6/50_bessy2hi_56m_PGM_2Perc_coupling_errors_off_RP.rml
2025-02-07 23:13:27,049 - INFO - Completed: 17, remaining: 43, RAYPy_Simulation_bessy2hi_56m_PGM_2Perc_coupling_errors_off_RP/round_6/59_bessy2hi_56m_PGM_2Perc_coupling_errors_off_RP.rml
2025-02-07 23:13:27,075 - INFO - Completed: 18, remaining: 42, RAYPy_Simulation_bessy2hi_56m_PGM_2Perc_coupling_errors_off_RP/round_6/56_bessy2hi_56m_PGM_2Perc_coupling_errors_off_RP.rml
2025-02-07 23:13:27,107 - INFO - Completed: 19, remaining: 41, RAYPy_Simulation_bessy2hi_56m_PGM_2Perc_coupling_errors_off_RP/round_6/60_bessy2hi_56m_PGM_2Perc_coupling_errors_off_RP.rml
2025-02-07 23:13:27,122 - INFO - Completed: 20, remaining: 40, RAYPy_Simulation_bessy2hi_56m_PGM_2Perc_coupling_errors_off_RP/round_6/61_bessy2hi_56m_PGM_2Perc_coupling_errors_off_RP.rml
2025-02-07 23:13:27,374 - INFO - Completed: 21, remaining: 39, RAYPy_Simulation_bessy2hi_56m_PGM_2Perc_coupling_errors_off_RP/round_6/62_bessy2hi_56m_PGM_2Perc_coupling_errors_off_RP.rml
2025-02-07 23:13:29,106 - INFO - Completed: 22, remaining: 38, RAYPy_Simulation_bessy2hi_56m_PGM_2Perc_coupling_errors_off_RP/round_6/63_bessy2hi_56m_PGM_2Perc_coupling_errors_off_RP.rml
2025-02-07 23:13:29,264 - INFO - Completed: 23, remaining: 37, RAYPy_Simulation_bessy2hi_56m_PGM_2Perc_coupling_errors_off_RP/round_6/64_bessy2hi_56m_PGM_2Perc_coupling_errors_off_RP.rml
2025-02-07 23:13:29,628 - INFO - Completed: 24, remaining: 36, RAYPy_Simulation_bessy2hi_56m_PGM_2Perc_coupling_errors_off_RP/round_6/65_bessy2hi_56m_PGM_2Perc_coupling_errors_off_RP.rml
2025-02-07 23:13:29,734 - INFO - Completed: 25, remaining: 35, RAYPy_Simulation_bessy2hi_56m_PGM_2Perc_coupling_errors_off_RP/round_6/66_bessy2hi_56m_PGM_2Perc_coupling_errors_off_RP.rml
2025-02-07 23:13:30,323 - INFO - Completed: 26, remaining: 34, RAYPy_Simulation_bessy2hi_56m_PGM_2Perc_coupling_errors_off_RP/round_6/67_bessy2hi_56m_PGM_2Perc_coupling_errors_off_RP.rml
2025-02-07 23:13:30,486 - INFO - Completed: 27, remaining: 33, RAYPy_Simulation_bessy2hi_56m_PGM_2Perc_coupling_errors_off_RP/round_6/68_bessy2hi_56m_PGM_2Perc_coupling_errors_off_RP.rml
2025-02-07 23:13:30,752 - INFO - Completed: 28, remaining: 32, RAYPy_Simulation_bessy2hi_56m_PGM_2Perc_coupling_errors_off_RP/round_6/69_bessy2hi_56m_PGM_2Perc_coupling_errors_off_RP.rml
2025-02-07 23:13:30,799 - INFO - Completed: 29, remaining: 31, RAYPy_Simulation_bessy2hi_56m_PGM_2Perc_coupling_errors_off_RP/round_6/70_bessy2hi_56m_PGM_2Perc_coupling_errors_off_RP.rml
2025-02-07 23:13:31,020 - INFO - Completed: 30, remaining: 30, RAYPy_Simulation_bessy2hi_56m_PGM_2Perc_coupling_errors_off_RP/round_6/72_bessy2hi_56m_PGM_2Perc_coupling_errors_off_RP.rml
2025-02-07 23:13:31,239 - INFO - Completed: 31, remaining: 29, RAYPy_Simulation_bessy2hi_56m_PGM_2Perc_coupling_errors_off_RP/round_6/71_bessy2hi_56m_PGM_2Perc_coupling_errors_off_RP.rml
2025-02-07 23:13:31,254 - INFO - Completed: 32, remaining: 28, RAYPy_Simulation_bessy2hi_56m_PGM_2Perc_coupling_errors_off_RP/round_6/74_bessy2hi_56m_PGM_2Perc_coupling_errors_off_RP.rml
2025-02-07 23:13:31,746 - INFO - Completed: 33, remaining: 27, RAYPy_Simulation_bessy2hi_56m_PGM_2Perc_coupling_errors_off_RP/round_6/73_bessy2hi_56m_PGM_2Perc_coupling_errors_off_RP.rml
2025-02-07 23:13:32,864 - INFO - Completed: 34, remaining: 26, RAYPy_Simulation_bessy2hi_56m_PGM_2Perc_coupling_errors_off_RP/round_6/75_bessy2hi_56m_PGM_2Perc_coupling_errors_off_RP.rml
2025-02-07 23:13:33,153 - INFO - Completed: 35, remaining: 25, RAYPy_Simulation_bessy2hi_56m_PGM_2Perc_coupling_errors_off_RP/round_6/76_bessy2hi_56m_PGM_2Perc_coupling_errors_off_RP.rml
2025-02-07 23:13:33,380 - INFO - Completed: 36, remaining: 24, RAYPy_Simulation_bessy2hi_56m_PGM_2Perc_coupling_errors_off_RP/round_6/77_bessy2hi_56m_PGM_2Perc_coupling_errors_off_RP.rml
2025-02-07 23:13:33,556 - INFO - Completed: 37, remaining: 23, RAYPy_Simulation_bessy2hi_56m_PGM_2Perc_coupling_errors_off_RP/round_6/78_bessy2hi_56m_PGM_2Perc_coupling_errors_off_RP.rml
2025-02-07 23:13:33,904 - INFO - Completed: 38, remaining: 22, RAYPy_Simulation_bessy2hi_56m_PGM_2Perc_coupling_errors_off_RP/round_6/82_bessy2hi_56m_PGM_2Perc_coupling_errors_off_RP.rml
2025-02-07 23:13:33,979 - INFO - Completed: 39, remaining: 21, RAYPy_Simulation_bessy2hi_56m_PGM_2Perc_coupling_errors_off_RP/round_6/79_bessy2hi_56m_PGM_2Perc_coupling_errors_off_RP.rml
2025-02-07 23:13:34,308 - INFO - Completed: 40, remaining: 20, RAYPy_Simulation_bessy2hi_56m_PGM_2Perc_coupling_errors_off_RP/round_6/83_bessy2hi_56m_PGM_2Perc_coupling_errors_off_RP.rml
2025-02-07 23:13:34,356 - INFO - Completed: 41, remaining: 19, RAYPy_Simulation_bessy2hi_56m_PGM_2Perc_coupling_errors_off_RP/round_6/80_bessy2hi_56m_PGM_2Perc_coupling_errors_off_RP.rml
2025-02-07 23:13:34,423 - INFO - Completed: 42, remaining: 18, RAYPy_Simulation_bessy2hi_56m_PGM_2Perc_coupling_errors_off_RP/round_6/81_bessy2hi_56m_PGM_2Perc_coupling_errors_off_RP.rml
2025-02-07 23:13:34,646 - INFO - Completed: 43, remaining: 17, RAYPy_Simulation_bessy2hi_56m_PGM_2Perc_coupling_errors_off_RP/round_6/85_bessy2hi_56m_PGM_2Perc_coupling_errors_off_RP.rml
2025-02-07 23:13:35,356 - INFO - Completed: 44, remaining: 16, RAYPy_Simulation_bessy2hi_56m_PGM_2Perc_coupling_errors_off_RP/round_6/86_bessy2hi_56m_PGM_2Perc_coupling_errors_off_RP.rml
2025-02-07 23:13:35,733 - INFO - Completed: 45, remaining: 15, RAYPy_Simulation_bessy2hi_56m_PGM_2Perc_coupling_errors_off_RP/round_6/84_bessy2hi_56m_PGM_2Perc_coupling_errors_off_RP.rml
2025-02-07 23:13:36,172 - INFO - Completed: 46, remaining: 14, RAYPy_Simulation_bessy2hi_56m_PGM_2Perc_coupling_errors_off_RP/round_6/87_bessy2hi_56m_PGM_2Perc_coupling_errors_off_RP.rml
2025-02-07 23:13:36,650 - INFO - Completed: 47, remaining: 13, RAYPy_Simulation_bessy2hi_56m_PGM_2Perc_coupling_errors_off_RP/round_6/88_bessy2hi_56m_PGM_2Perc_coupling_errors_off_RP.rml
2025-02-07 23:13:36,774 - INFO - Completed: 48, remaining: 12, RAYPy_Simulation_bessy2hi_56m_PGM_2Perc_coupling_errors_off_RP/round_6/89_bessy2hi_56m_PGM_2Perc_coupling_errors_off_RP.rml
2025-02-07 23:13:36,996 - INFO - Completed: 49, remaining: 11, RAYPy_Simulation_bessy2hi_56m_PGM_2Perc_coupling_errors_off_RP/round_6/90_bessy2hi_56m_PGM_2Perc_coupling_errors_off_RP.rml
2025-02-07 23:13:37,266 - INFO - Completed: 50, remaining: 10, RAYPy_Simulation_bessy2hi_56m_PGM_2Perc_coupling_errors_off_RP/round_6/92_bessy2hi_56m_PGM_2Perc_coupling_errors_off_RP.rml
2025-02-07 23:13:37,401 - INFO - Completed: 51, remaining: 9, RAYPy_Simulation_bessy2hi_56m_PGM_2Perc_coupling_errors_off_RP/round_6/91_bessy2hi_56m_PGM_2Perc_coupling_errors_off_RP.rml
2025-02-07 23:13:37,552 - INFO - Completed: 52, remaining: 8, RAYPy_Simulation_bessy2hi_56m_PGM_2Perc_coupling_errors_off_RP/round_6/95_bessy2hi_56m_PGM_2Perc_coupling_errors_off_RP.rml
2025-02-07 23:13:37,581 - INFO - Completed: 53, remaining: 7, RAYPy_Simulation_bessy2hi_56m_PGM_2Perc_coupling_errors_off_RP/round_6/94_bessy2hi_56m_PGM_2Perc_coupling_errors_off_RP.rml
2025-02-07 23:13:37,586 - INFO - Completed: 54, remaining: 6, RAYPy_Simulation_bessy2hi_56m_PGM_2Perc_coupling_errors_off_RP/round_6/93_bessy2hi_56m_PGM_2Perc_coupling_errors_off_RP.rml
2025-02-07 23:13:37,725 - INFO - Completed: 55, remaining: 5, RAYPy_Simulation_bessy2hi_56m_PGM_2Perc_coupling_errors_off_RP/round_6/96_bessy2hi_56m_PGM_2Perc_coupling_errors_off_RP.rml
2025-02-07 23:13:38,325 - INFO - Completed: 56, remaining: 4, RAYPy_Simulation_bessy2hi_56m_PGM_2Perc_coupling_errors_off_RP/round_6/97_bessy2hi_56m_PGM_2Perc_coupling_errors_off_RP.rml
2025-02-07 23:13:38,485 - INFO - Completed: 57, remaining: 3, RAYPy_Simulation_bessy2hi_56m_PGM_2Perc_coupling_errors_off_RP/round_6/98_bessy2hi_56m_PGM_2Perc_coupling_errors_off_RP.rml
2025-02-07 23:13:38,936 - INFO - Completed: 58, remaining: 2, RAYPy_Simulation_bessy2hi_56m_PGM_2Perc_coupling_errors_off_RP/round_6/100_bessy2hi_56m_PGM_2Perc_coupling_errors_off_RP.rml
2025-02-07 23:13:38,960 - INFO - Completed: 59, remaining: 1, RAYPy_Simulation_bessy2hi_56m_PGM_2Perc_coupling_errors_off_RP/round_6/99_bessy2hi_56m_PGM_2Perc_coupling_errors_off_RP.rml
2025-02-07 23:13:39,026 - INFO - Completed: 60, remaining: 0, RAYPy_Simulation_bessy2hi_56m_PGM_2Perc_coupling_errors_off_RP/round_6/101_bessy2hi_56m_PGM_2Perc_coupling_errors_off_RP.rml
2025-02-07 23:13:39,027 - INFO - Batch Completed
2025-02-07 23:13:39,027 - INFO - Waiting For batch, 60 simulations to go
2025-02-07 23:13:39,035 - INFO - Prepared sim number: 102: RAYPy_Simulation_bessy2hi_56m_PGM_2Perc_coupling_errors_off_RP/round_6/102_bessy2hi_56m_PGM_2Perc_coupling_errors_off_RP.rml
2025-02-07 23:13:39,040 - INFO - Prepared sim number: 103: RAYPy_Simulation_bessy2hi_56m_PGM_2Perc_coupling_errors_off_RP/round_6/103_bessy2hi_56m_PGM_2Perc_coupling_errors_off_RP.rml
2025-02-07 23:13:39,046 - INFO - Prepared sim number: 104: RAYPy_Simulation_bessy2hi_56m_PGM_2Perc_coupling_errors_off_RP/round_6/104_bessy2hi_56m_PGM_2Perc_coupling_errors_off_RP.rml
2025-02-07 23:13:39,056 - INFO - Prepared sim number: 105: RAYPy_Simulation_bessy2hi_56m_PGM_2Perc_coupling_errors_off_RP/round_6/105_bessy2hi_56m_PGM_2Perc_coupling_errors_off_RP.rml
2025-02-07 23:13:39,064 - INFO - Prepared sim number: 106: RAYPy_Simulation_bessy2hi_56m_PGM_2Perc_coupling_errors_off_RP/round_6/106_bessy2hi_56m_PGM_2Perc_coupling_errors_off_RP.rml
2025-02-07 23:13:39,068 - INFO - Prepared sim number: 107: RAYPy_Simulation_bessy2hi_56m_PGM_2Perc_coupling_errors_off_RP/round_6/107_bessy2hi_56m_PGM_2Perc_coupling_errors_off_RP.rml
2025-02-07 23:13:39,073 - INFO - Prepared sim number: 108: RAYPy_Simulation_bessy2hi_56m_PGM_2Perc_coupling_errors_off_RP/round_6/108_bessy2hi_56m_PGM_2Perc_coupling_errors_off_RP.rml
2025-02-07 23:13:39,079 - INFO - Prepared sim number: 109: RAYPy_Simulation_bessy2hi_56m_PGM_2Perc_coupling_errors_off_RP/round_6/109_bessy2hi_56m_PGM_2Perc_coupling_errors_off_RP.rml
2025-02-07 23:13:39,087 - INFO - Prepared sim number: 110: RAYPy_Simulation_bessy2hi_56m_PGM_2Perc_coupling_errors_off_RP/round_6/110_bessy2hi_56m_PGM_2Perc_coupling_errors_off_RP.rml
2025-02-07 23:13:39,092 - INFO - Prepared sim number: 111: RAYPy_Simulation_bessy2hi_56m_PGM_2Perc_coupling_errors_off_RP/round_6/111_bessy2hi_56m_PGM_2Perc_coupling_errors_off_RP.rml
2025-02-07 23:13:39,097 - INFO - Prepared sim number: 112: RAYPy_Simulation_bessy2hi_56m_PGM_2Perc_coupling_errors_off_RP/round_6/112_bessy2hi_56m_PGM_2Perc_coupling_errors_off_RP.rml
2025-02-07 23:13:39,102 - INFO - Prepared sim number: 113: RAYPy_Simulation_bessy2hi_56m_PGM_2Perc_coupling_errors_off_RP/round_6/113_bessy2hi_56m_PGM_2Perc_coupling_errors_off_RP.rml
2025-02-07 23:13:39,107 - INFO - Prepared sim number: 114: RAYPy_Simulation_bessy2hi_56m_PGM_2Perc_coupling_errors_off_RP/round_6/114_bessy2hi_56m_PGM_2Perc_coupling_errors_off_RP.rml
2025-02-07 23:13:39,112 - INFO - Prepared sim number: 115: RAYPy_Simulation_bessy2hi_56m_PGM_2Perc_coupling_errors_off_RP/round_6/115_bessy2hi_56m_PGM_2Perc_coupling_errors_off_RP.rml
2025-02-07 23:13:39,116 - INFO - Prepared sim number: 116: RAYPy_Simulation_bessy2hi_56m_PGM_2Perc_coupling_errors_off_RP/round_6/116_bessy2hi_56m_PGM_2Perc_coupling_errors_off_RP.rml
2025-02-07 23:13:39,119 - INFO - Prepared sim number: 117: RAYPy_Simulation_bessy2hi_56m_PGM_2Perc_coupling_errors_off_RP/round_6/117_bessy2hi_56m_PGM_2Perc_coupling_errors_off_RP.rml
2025-02-07 23:13:39,123 - INFO - Prepared sim number: 118: RAYPy_Simulation_bessy2hi_56m_PGM_2Perc_coupling_errors_off_RP/round_6/118_bessy2hi_56m_PGM_2Perc_coupling_errors_off_RP.rml
2025-02-07 23:13:39,128 - INFO - Prepared sim number: 119: RAYPy_Simulation_bessy2hi_56m_PGM_2Perc_coupling_errors_off_RP/round_6/119_bessy2hi_56m_PGM_2Perc_coupling_errors_off_RP.rml
2025-02-07 23:13:39,133 - INFO - Prepared sim number: 120: RAYPy_Simulation_bessy2hi_56m_PGM_2Perc_coupling_errors_off_RP/round_6/120_bessy2hi_56m_PGM_2Perc_coupling_errors_off_RP.rml
2025-02-07 23:13:39,137 - INFO - Prepared sim number: 121: RAYPy_Simulation_bessy2hi_56m_PGM_2Perc_coupling_errors_off_RP/round_6/121_bessy2hi_56m_PGM_2Perc_coupling_errors_off_RP.rml
2025-02-07 23:13:39,141 - INFO - Prepared sim number: 122: RAYPy_Simulation_bessy2hi_56m_PGM_2Perc_coupling_errors_off_RP/round_6/122_bessy2hi_56m_PGM_2Perc_coupling_errors_off_RP.rml
2025-02-07 23:13:39,141 - INFO - Start round 7
2025-02-07 23:13:39,145 - INFO - Prepared sim number: 0: RAYPy_Simulation_bessy2hi_56m_PGM_2Perc_coupling_errors_off_RP/round_7/0_bessy2hi_56m_PGM_2Perc_coupling_errors_off_RP.rml
2025-02-07 23:13:39,149 - INFO - Prepared sim number: 1: RAYPy_Simulation_bessy2hi_56m_PGM_2Perc_coupling_errors_off_RP/round_7/1_bessy2hi_56m_PGM_2Perc_coupling_errors_off_RP.rml
2025-02-07 23:13:39,153 - INFO - Prepared sim number: 2: RAYPy_Simulation_bessy2hi_56m_PGM_2Perc_coupling_errors_off_RP/round_7/2_bessy2hi_56m_PGM_2Perc_coupling_errors_off_RP.rml
2025-02-07 23:13:39,157 - INFO - Prepared sim number: 3: RAYPy_Simulation_bessy2hi_56m_PGM_2Perc_coupling_errors_off_RP/round_7/3_bessy2hi_56m_PGM_2Perc_coupling_errors_off_RP.rml
2025-02-07 23:13:39,161 - INFO - Prepared sim number: 4: RAYPy_Simulation_bessy2hi_56m_PGM_2Perc_coupling_errors_off_RP/round_7/4_bessy2hi_56m_PGM_2Perc_coupling_errors_off_RP.rml
2025-02-07 23:13:39,164 - INFO - Prepared sim number: 5: RAYPy_Simulation_bessy2hi_56m_PGM_2Perc_coupling_errors_off_RP/round_7/5_bessy2hi_56m_PGM_2Perc_coupling_errors_off_RP.rml
2025-02-07 23:13:39,168 - INFO - Prepared sim number: 6: RAYPy_Simulation_bessy2hi_56m_PGM_2Perc_coupling_errors_off_RP/round_7/6_bessy2hi_56m_PGM_2Perc_coupling_errors_off_RP.rml
2025-02-07 23:13:39,172 - INFO - Prepared sim number: 7: RAYPy_Simulation_bessy2hi_56m_PGM_2Perc_coupling_errors_off_RP/round_7/7_bessy2hi_56m_PGM_2Perc_coupling_errors_off_RP.rml
2025-02-07 23:13:39,175 - INFO - Prepared sim number: 8: RAYPy_Simulation_bessy2hi_56m_PGM_2Perc_coupling_errors_off_RP/round_7/8_bessy2hi_56m_PGM_2Perc_coupling_errors_off_RP.rml
2025-02-07 23:13:39,179 - INFO - Prepared sim number: 9: RAYPy_Simulation_bessy2hi_56m_PGM_2Perc_coupling_errors_off_RP/round_7/9_bessy2hi_56m_PGM_2Perc_coupling_errors_off_RP.rml
2025-02-07 23:13:39,182 - INFO - Prepared sim number: 10: RAYPy_Simulation_bessy2hi_56m_PGM_2Perc_coupling_errors_off_RP/round_7/10_bessy2hi_56m_PGM_2Perc_coupling_errors_off_RP.rml
2025-02-07 23:13:39,186 - INFO - Prepared sim number: 11: RAYPy_Simulation_bessy2hi_56m_PGM_2Perc_coupling_errors_off_RP/round_7/11_bessy2hi_56m_PGM_2Perc_coupling_errors_off_RP.rml
2025-02-07 23:13:39,190 - INFO - Prepared sim number: 12: RAYPy_Simulation_bessy2hi_56m_PGM_2Perc_coupling_errors_off_RP/round_7/12_bessy2hi_56m_PGM_2Perc_coupling_errors_off_RP.rml
2025-02-07 23:13:39,194 - INFO - Prepared sim number: 13: RAYPy_Simulation_bessy2hi_56m_PGM_2Perc_coupling_errors_off_RP/round_7/13_bessy2hi_56m_PGM_2Perc_coupling_errors_off_RP.rml
2025-02-07 23:13:39,197 - INFO - Prepared sim number: 14: RAYPy_Simulation_bessy2hi_56m_PGM_2Perc_coupling_errors_off_RP/round_7/14_bessy2hi_56m_PGM_2Perc_coupling_errors_off_RP.rml
2025-02-07 23:13:39,200 - INFO - Prepared sim number: 15: RAYPy_Simulation_bessy2hi_56m_PGM_2Perc_coupling_errors_off_RP/round_7/15_bessy2hi_56m_PGM_2Perc_coupling_errors_off_RP.rml
2025-02-07 23:13:39,204 - INFO - Prepared sim number: 16: RAYPy_Simulation_bessy2hi_56m_PGM_2Perc_coupling_errors_off_RP/round_7/16_bessy2hi_56m_PGM_2Perc_coupling_errors_off_RP.rml
2025-02-07 23:13:39,207 - INFO - Prepared sim number: 17: RAYPy_Simulation_bessy2hi_56m_PGM_2Perc_coupling_errors_off_RP/round_7/17_bessy2hi_56m_PGM_2Perc_coupling_errors_off_RP.rml
2025-02-07 23:13:39,211 - INFO - Prepared sim number: 18: RAYPy_Simulation_bessy2hi_56m_PGM_2Perc_coupling_errors_off_RP/round_7/18_bessy2hi_56m_PGM_2Perc_coupling_errors_off_RP.rml
2025-02-07 23:13:39,214 - INFO - Prepared sim number: 19: RAYPy_Simulation_bessy2hi_56m_PGM_2Perc_coupling_errors_off_RP/round_7/19_bessy2hi_56m_PGM_2Perc_coupling_errors_off_RP.rml
2025-02-07 23:13:39,218 - INFO - Prepared sim number: 20: RAYPy_Simulation_bessy2hi_56m_PGM_2Perc_coupling_errors_off_RP/round_7/20_bessy2hi_56m_PGM_2Perc_coupling_errors_off_RP.rml
2025-02-07 23:13:39,221 - INFO - Prepared sim number: 21: RAYPy_Simulation_bessy2hi_56m_PGM_2Perc_coupling_errors_off_RP/round_7/21_bessy2hi_56m_PGM_2Perc_coupling_errors_off_RP.rml
2025-02-07 23:13:39,225 - INFO - Prepared sim number: 22: RAYPy_Simulation_bessy2hi_56m_PGM_2Perc_coupling_errors_off_RP/round_7/22_bessy2hi_56m_PGM_2Perc_coupling_errors_off_RP.rml
2025-02-07 23:13:39,228 - INFO - Prepared sim number: 23: RAYPy_Simulation_bessy2hi_56m_PGM_2Perc_coupling_errors_off_RP/round_7/23_bessy2hi_56m_PGM_2Perc_coupling_errors_off_RP.rml
2025-02-07 23:13:39,231 - INFO - Prepared sim number: 24: RAYPy_Simulation_bessy2hi_56m_PGM_2Perc_coupling_errors_off_RP/round_7/24_bessy2hi_56m_PGM_2Perc_coupling_errors_off_RP.rml
2025-02-07 23:13:39,235 - INFO - Prepared sim number: 25: RAYPy_Simulation_bessy2hi_56m_PGM_2Perc_coupling_errors_off_RP/round_7/25_bessy2hi_56m_PGM_2Perc_coupling_errors_off_RP.rml
2025-02-07 23:13:39,238 - INFO - Prepared sim number: 26: RAYPy_Simulation_bessy2hi_56m_PGM_2Perc_coupling_errors_off_RP/round_7/26_bessy2hi_56m_PGM_2Perc_coupling_errors_off_RP.rml
2025-02-07 23:13:39,241 - INFO - Prepared sim number: 27: RAYPy_Simulation_bessy2hi_56m_PGM_2Perc_coupling_errors_off_RP/round_7/27_bessy2hi_56m_PGM_2Perc_coupling_errors_off_RP.rml
2025-02-07 23:13:39,245 - INFO - Prepared sim number: 28: RAYPy_Simulation_bessy2hi_56m_PGM_2Perc_coupling_errors_off_RP/round_7/28_bessy2hi_56m_PGM_2Perc_coupling_errors_off_RP.rml
2025-02-07 23:13:39,248 - INFO - Prepared sim number: 29: RAYPy_Simulation_bessy2hi_56m_PGM_2Perc_coupling_errors_off_RP/round_7/29_bessy2hi_56m_PGM_2Perc_coupling_errors_off_RP.rml
2025-02-07 23:13:39,251 - INFO - Prepared sim number: 30: RAYPy_Simulation_bessy2hi_56m_PGM_2Perc_coupling_errors_off_RP/round_7/30_bessy2hi_56m_PGM_2Perc_coupling_errors_off_RP.rml
2025-02-07 23:13:39,255 - INFO - Prepared sim number: 31: RAYPy_Simulation_bessy2hi_56m_PGM_2Perc_coupling_errors_off_RP/round_7/31_bessy2hi_56m_PGM_2Perc_coupling_errors_off_RP.rml
2025-02-07 23:13:39,258 - INFO - Prepared sim number: 32: RAYPy_Simulation_bessy2hi_56m_PGM_2Perc_coupling_errors_off_RP/round_7/32_bessy2hi_56m_PGM_2Perc_coupling_errors_off_RP.rml
2025-02-07 23:13:39,261 - INFO - Prepared sim number: 33: RAYPy_Simulation_bessy2hi_56m_PGM_2Perc_coupling_errors_off_RP/round_7/33_bessy2hi_56m_PGM_2Perc_coupling_errors_off_RP.rml
2025-02-07 23:13:39,265 - INFO - Prepared sim number: 34: RAYPy_Simulation_bessy2hi_56m_PGM_2Perc_coupling_errors_off_RP/round_7/34_bessy2hi_56m_PGM_2Perc_coupling_errors_off_RP.rml
2025-02-07 23:13:39,268 - INFO - Prepared sim number: 35: RAYPy_Simulation_bessy2hi_56m_PGM_2Perc_coupling_errors_off_RP/round_7/35_bessy2hi_56m_PGM_2Perc_coupling_errors_off_RP.rml
2025-02-07 23:13:39,271 - INFO - Prepared sim number: 36: RAYPy_Simulation_bessy2hi_56m_PGM_2Perc_coupling_errors_off_RP/round_7/36_bessy2hi_56m_PGM_2Perc_coupling_errors_off_RP.rml
2025-02-07 23:13:39,275 - INFO - Prepared sim number: 37: RAYPy_Simulation_bessy2hi_56m_PGM_2Perc_coupling_errors_off_RP/round_7/37_bessy2hi_56m_PGM_2Perc_coupling_errors_off_RP.rml
2025-02-07 23:13:39,278 - INFO - Prepared sim number: 38: RAYPy_Simulation_bessy2hi_56m_PGM_2Perc_coupling_errors_off_RP/round_7/38_bessy2hi_56m_PGM_2Perc_coupling_errors_off_RP.rml
2025-02-07 23:13:39,278 - INFO - Waiting for batch number: 14, timeout: 22.084022356782643s
2025-02-07 23:13:41,969 - INFO - Completed: 1, remaining: 59, RAYPy_Simulation_bessy2hi_56m_PGM_2Perc_coupling_errors_off_RP/round_6/104_bessy2hi_56m_PGM_2Perc_coupling_errors_off_RP.rml
2025-02-07 23:13:41,985 - INFO - Completed: 2, remaining: 58, RAYPy_Simulation_bessy2hi_56m_PGM_2Perc_coupling_errors_off_RP/round_6/105_bessy2hi_56m_PGM_2Perc_coupling_errors_off_RP.rml
2025-02-07 23:13:42,144 - INFO - Completed: 3, remaining: 57, RAYPy_Simulation_bessy2hi_56m_PGM_2Perc_coupling_errors_off_RP/round_6/111_bessy2hi_56m_PGM_2Perc_coupling_errors_off_RP.rml
2025-02-07 23:13:42,248 - INFO - Completed: 4, remaining: 56, RAYPy_Simulation_bessy2hi_56m_PGM_2Perc_coupling_errors_off_RP/round_6/102_bessy2hi_56m_PGM_2Perc_coupling_errors_off_RP.rml
2025-02-07 23:13:42,348 - INFO - Completed: 5, remaining: 55, RAYPy_Simulation_bessy2hi_56m_PGM_2Perc_coupling_errors_off_RP/round_6/110_bessy2hi_56m_PGM_2Perc_coupling_errors_off_RP.rml
2025-02-07 23:13:42,425 - INFO - Completed: 6, remaining: 54, RAYPy_Simulation_bessy2hi_56m_PGM_2Perc_coupling_errors_off_RP/round_6/112_bessy2hi_56m_PGM_2Perc_coupling_errors_off_RP.rml
2025-02-07 23:13:42,545 - INFO - Completed: 7, remaining: 53, RAYPy_Simulation_bessy2hi_56m_PGM_2Perc_coupling_errors_off_RP/round_6/113_bessy2hi_56m_PGM_2Perc_coupling_errors_off_RP.rml
2025-02-07 23:13:43,294 - INFO - Completed: 8, remaining: 52, RAYPy_Simulation_bessy2hi_56m_PGM_2Perc_coupling_errors_off_RP/round_6/103_bessy2hi_56m_PGM_2Perc_coupling_errors_off_RP.rml
2025-02-07 23:13:44,447 - INFO - Completed: 9, remaining: 51, RAYPy_Simulation_bessy2hi_56m_PGM_2Perc_coupling_errors_off_RP/round_6/107_bessy2hi_56m_PGM_2Perc_coupling_errors_off_RP.rml
2025-02-07 23:13:44,606 - INFO - Completed: 10, remaining: 50, RAYPy_Simulation_bessy2hi_56m_PGM_2Perc_coupling_errors_off_RP/round_6/109_bessy2hi_56m_PGM_2Perc_coupling_errors_off_RP.rml
2025-02-07 23:13:44,955 - INFO - Completed: 11, remaining: 49, RAYPy_Simulation_bessy2hi_56m_PGM_2Perc_coupling_errors_off_RP/round_6/106_bessy2hi_56m_PGM_2Perc_coupling_errors_off_RP.rml
2025-02-07 23:13:45,428 - INFO - Completed: 12, remaining: 48, RAYPy_Simulation_bessy2hi_56m_PGM_2Perc_coupling_errors_off_RP/round_6/114_bessy2hi_56m_PGM_2Perc_coupling_errors_off_RP.rml
2025-02-07 23:13:45,585 - INFO - Completed: 13, remaining: 47, RAYPy_Simulation_bessy2hi_56m_PGM_2Perc_coupling_errors_off_RP/round_6/115_bessy2hi_56m_PGM_2Perc_coupling_errors_off_RP.rml
2025-02-07 23:13:45,596 - INFO - Completed: 14, remaining: 46, RAYPy_Simulation_bessy2hi_56m_PGM_2Perc_coupling_errors_off_RP/round_6/116_bessy2hi_56m_PGM_2Perc_coupling_errors_off_RP.rml
2025-02-07 23:13:45,878 - INFO - Completed: 15, remaining: 45, RAYPy_Simulation_bessy2hi_56m_PGM_2Perc_coupling_errors_off_RP/round_6/118_bessy2hi_56m_PGM_2Perc_coupling_errors_off_RP.rml
2025-02-07 23:13:45,909 - INFO - Completed: 16, remaining: 44, RAYPy_Simulation_bessy2hi_56m_PGM_2Perc_coupling_errors_off_RP/round_6/120_bessy2hi_56m_PGM_2Perc_coupling_errors_off_RP.rml
2025-02-07 23:13:45,981 - INFO - Completed: 17, remaining: 43, RAYPy_Simulation_bessy2hi_56m_PGM_2Perc_coupling_errors_off_RP/round_6/117_bessy2hi_56m_PGM_2Perc_coupling_errors_off_RP.rml
2025-02-07 23:13:46,125 - INFO - Completed: 18, remaining: 42, RAYPy_Simulation_bessy2hi_56m_PGM_2Perc_coupling_errors_off_RP/round_6/119_bessy2hi_56m_PGM_2Perc_coupling_errors_off_RP.rml
2025-02-07 23:13:46,723 - INFO - Completed: 19, remaining: 41, RAYPy_Simulation_bessy2hi_56m_PGM_2Perc_coupling_errors_off_RP/round_6/121_bessy2hi_56m_PGM_2Perc_coupling_errors_off_RP.rml
2025-02-07 23:13:46,920 - INFO - Completed: 20, remaining: 40, RAYPy_Simulation_bessy2hi_56m_PGM_2Perc_coupling_errors_off_RP/round_6/108_bessy2hi_56m_PGM_2Perc_coupling_errors_off_RP.rml
2025-02-07 23:13:48,175 - INFO - Completed: 21, remaining: 39, RAYPy_Simulation_bessy2hi_56m_PGM_2Perc_coupling_errors_off_RP/round_6/122_bessy2hi_56m_PGM_2Perc_coupling_errors_off_RP.rml
2025-02-07 23:13:48,224 - INFO - Completed: 22, remaining: 38, RAYPy_Simulation_bessy2hi_56m_PGM_2Perc_coupling_errors_off_RP/round_7/0_bessy2hi_56m_PGM_2Perc_coupling_errors_off_RP.rml
2025-02-07 23:13:48,517 - INFO - Completed: 23, remaining: 37, RAYPy_Simulation_bessy2hi_56m_PGM_2Perc_coupling_errors_off_RP/round_7/1_bessy2hi_56m_PGM_2Perc_coupling_errors_off_RP.rml
2025-02-07 23:13:48,800 - INFO - Completed: 24, remaining: 36, RAYPy_Simulation_bessy2hi_56m_PGM_2Perc_coupling_errors_off_RP/round_7/2_bessy2hi_56m_PGM_2Perc_coupling_errors_off_RP.rml
2025-02-07 23:13:49,081 - INFO - Completed: 25, remaining: 35, RAYPy_Simulation_bessy2hi_56m_PGM_2Perc_coupling_errors_off_RP/round_7/3_bessy2hi_56m_PGM_2Perc_coupling_errors_off_RP.rml
2025-02-07 23:13:49,483 - INFO - Completed: 26, remaining: 34, RAYPy_Simulation_bessy2hi_56m_PGM_2Perc_coupling_errors_off_RP/round_7/5_bessy2hi_56m_PGM_2Perc_coupling_errors_off_RP.rml
2025-02-07 23:13:49,570 - INFO - Completed: 27, remaining: 33, RAYPy_Simulation_bessy2hi_56m_PGM_2Perc_coupling_errors_off_RP/round_7/7_bessy2hi_56m_PGM_2Perc_coupling_errors_off_RP.rml
2025-02-07 23:13:49,599 - INFO - Completed: 28, remaining: 32, RAYPy_Simulation_bessy2hi_56m_PGM_2Perc_coupling_errors_off_RP/round_7/6_bessy2hi_56m_PGM_2Perc_coupling_errors_off_RP.rml
2025-02-07 23:13:49,819 - INFO - Completed: 29, remaining: 31, RAYPy_Simulation_bessy2hi_56m_PGM_2Perc_coupling_errors_off_RP/round_7/8_bessy2hi_56m_PGM_2Perc_coupling_errors_off_RP.rml
2025-02-07 23:13:50,084 - INFO - Completed: 30, remaining: 30, RAYPy_Simulation_bessy2hi_56m_PGM_2Perc_coupling_errors_off_RP/round_7/4_bessy2hi_56m_PGM_2Perc_coupling_errors_off_RP.rml
2025-02-07 23:13:50,414 - INFO - Completed: 31, remaining: 29, RAYPy_Simulation_bessy2hi_56m_PGM_2Perc_coupling_errors_off_RP/round_7/9_bessy2hi_56m_PGM_2Perc_coupling_errors_off_RP.rml
2025-02-07 23:13:50,782 - INFO - Completed: 32, remaining: 28, RAYPy_Simulation_bessy2hi_56m_PGM_2Perc_coupling_errors_off_RP/round_7/10_bessy2hi_56m_PGM_2Perc_coupling_errors_off_RP.rml
2025-02-07 23:13:51,899 - INFO - Completed: 33, remaining: 27, RAYPy_Simulation_bessy2hi_56m_PGM_2Perc_coupling_errors_off_RP/round_7/12_bessy2hi_56m_PGM_2Perc_coupling_errors_off_RP.rml
2025-02-07 23:13:52,005 - INFO - Completed: 34, remaining: 26, RAYPy_Simulation_bessy2hi_56m_PGM_2Perc_coupling_errors_off_RP/round_7/13_bessy2hi_56m_PGM_2Perc_coupling_errors_off_RP.rml
2025-02-07 23:13:52,258 - INFO - Completed: 35, remaining: 25, RAYPy_Simulation_bessy2hi_56m_PGM_2Perc_coupling_errors_off_RP/round_7/14_bessy2hi_56m_PGM_2Perc_coupling_errors_off_RP.rml
2025-02-07 23:13:52,594 - INFO - Completed: 36, remaining: 24, RAYPy_Simulation_bessy2hi_56m_PGM_2Perc_coupling_errors_off_RP/round_7/11_bessy2hi_56m_PGM_2Perc_coupling_errors_off_RP.rml
2025-02-07 23:13:52,733 - INFO - Completed: 37, remaining: 23, RAYPy_Simulation_bessy2hi_56m_PGM_2Perc_coupling_errors_off_RP/round_7/15_bessy2hi_56m_PGM_2Perc_coupling_errors_off_RP.rml
2025-02-07 23:13:53,180 - INFO - Completed: 38, remaining: 22, RAYPy_Simulation_bessy2hi_56m_PGM_2Perc_coupling_errors_off_RP/round_7/16_bessy2hi_56m_PGM_2Perc_coupling_errors_off_RP.rml
2025-02-07 23:13:53,322 - INFO - Completed: 39, remaining: 21, RAYPy_Simulation_bessy2hi_56m_PGM_2Perc_coupling_errors_off_RP/round_7/17_bessy2hi_56m_PGM_2Perc_coupling_errors_off_RP.rml
2025-02-07 23:13:53,380 - INFO - Completed: 40, remaining: 20, RAYPy_Simulation_bessy2hi_56m_PGM_2Perc_coupling_errors_off_RP/round_7/19_bessy2hi_56m_PGM_2Perc_coupling_errors_off_RP.rml
2025-02-07 23:13:53,413 - INFO - Completed: 41, remaining: 19, RAYPy_Simulation_bessy2hi_56m_PGM_2Perc_coupling_errors_off_RP/round_7/18_bessy2hi_56m_PGM_2Perc_coupling_errors_off_RP.rml
2025-02-07 23:13:53,784 - INFO - Completed: 42, remaining: 18, RAYPy_Simulation_bessy2hi_56m_PGM_2Perc_coupling_errors_off_RP/round_7/20_bessy2hi_56m_PGM_2Perc_coupling_errors_off_RP.rml
2025-02-07 23:13:53,951 - INFO - Completed: 43, remaining: 17, RAYPy_Simulation_bessy2hi_56m_PGM_2Perc_coupling_errors_off_RP/round_7/21_bessy2hi_56m_PGM_2Perc_coupling_errors_off_RP.rml
2025-02-07 23:13:54,191 - INFO - Completed: 44, remaining: 16, RAYPy_Simulation_bessy2hi_56m_PGM_2Perc_coupling_errors_off_RP/round_7/22_bessy2hi_56m_PGM_2Perc_coupling_errors_off_RP.rml
2025-02-07 23:13:55,291 - INFO - Completed: 45, remaining: 15, RAYPy_Simulation_bessy2hi_56m_PGM_2Perc_coupling_errors_off_RP/round_7/23_bessy2hi_56m_PGM_2Perc_coupling_errors_off_RP.rml
2025-02-07 23:13:55,696 - INFO - Completed: 46, remaining: 14, RAYPy_Simulation_bessy2hi_56m_PGM_2Perc_coupling_errors_off_RP/round_7/24_bessy2hi_56m_PGM_2Perc_coupling_errors_off_RP.rml
2025-02-07 23:13:55,760 - INFO - Completed: 47, remaining: 13, RAYPy_Simulation_bessy2hi_56m_PGM_2Perc_coupling_errors_off_RP/round_7/25_bessy2hi_56m_PGM_2Perc_coupling_errors_off_RP.rml
2025-02-07 23:13:56,173 - INFO - Completed: 48, remaining: 12, RAYPy_Simulation_bessy2hi_56m_PGM_2Perc_coupling_errors_off_RP/round_7/26_bessy2hi_56m_PGM_2Perc_coupling_errors_off_RP.rml
2025-02-07 23:13:56,243 - INFO - Completed: 49, remaining: 11, RAYPy_Simulation_bessy2hi_56m_PGM_2Perc_coupling_errors_off_RP/round_7/27_bessy2hi_56m_PGM_2Perc_coupling_errors_off_RP.rml
2025-02-07 23:13:56,862 - INFO - Completed: 50, remaining: 10, RAYPy_Simulation_bessy2hi_56m_PGM_2Perc_coupling_errors_off_RP/round_7/29_bessy2hi_56m_PGM_2Perc_coupling_errors_off_RP.rml
2025-02-07 23:13:56,967 - INFO - Completed: 51, remaining: 9, RAYPy_Simulation_bessy2hi_56m_PGM_2Perc_coupling_errors_off_RP/round_7/28_bessy2hi_56m_PGM_2Perc_coupling_errors_off_RP.rml
2025-02-07 23:13:57,104 - INFO - Completed: 52, remaining: 8, RAYPy_Simulation_bessy2hi_56m_PGM_2Perc_coupling_errors_off_RP/round_7/30_bessy2hi_56m_PGM_2Perc_coupling_errors_off_RP.rml
2025-02-07 23:13:57,604 - INFO - Completed: 53, remaining: 7, RAYPy_Simulation_bessy2hi_56m_PGM_2Perc_coupling_errors_off_RP/round_7/31_bessy2hi_56m_PGM_2Perc_coupling_errors_off_RP.rml
2025-02-07 23:13:57,738 - INFO - Completed: 54, remaining: 6, RAYPy_Simulation_bessy2hi_56m_PGM_2Perc_coupling_errors_off_RP/round_7/33_bessy2hi_56m_PGM_2Perc_coupling_errors_off_RP.rml
2025-02-07 23:13:57,743 - INFO - Completed: 55, remaining: 5, RAYPy_Simulation_bessy2hi_56m_PGM_2Perc_coupling_errors_off_RP/round_7/32_bessy2hi_56m_PGM_2Perc_coupling_errors_off_RP.rml
2025-02-07 23:13:57,899 - INFO - Completed: 56, remaining: 4, RAYPy_Simulation_bessy2hi_56m_PGM_2Perc_coupling_errors_off_RP/round_7/34_bessy2hi_56m_PGM_2Perc_coupling_errors_off_RP.rml
2025-02-07 23:13:58,482 - INFO - Completed: 57, remaining: 3, RAYPy_Simulation_bessy2hi_56m_PGM_2Perc_coupling_errors_off_RP/round_7/35_bessy2hi_56m_PGM_2Perc_coupling_errors_off_RP.rml
2025-02-07 23:13:58,780 - INFO - Completed: 58, remaining: 2, RAYPy_Simulation_bessy2hi_56m_PGM_2Perc_coupling_errors_off_RP/round_7/36_bessy2hi_56m_PGM_2Perc_coupling_errors_off_RP.rml
2025-02-07 23:13:58,891 - INFO - Completed: 59, remaining: 1, RAYPy_Simulation_bessy2hi_56m_PGM_2Perc_coupling_errors_off_RP/round_7/37_bessy2hi_56m_PGM_2Perc_coupling_errors_off_RP.rml
2025-02-07 23:13:58,983 - INFO - Completed: 60, remaining: 0, RAYPy_Simulation_bessy2hi_56m_PGM_2Perc_coupling_errors_off_RP/round_7/38_bessy2hi_56m_PGM_2Perc_coupling_errors_off_RP.rml
2025-02-07 23:13:58,983 - INFO - Batch Completed
2025-02-07 23:13:58,983 - INFO - Waiting For batch, 60 simulations to go
2025-02-07 23:13:58,990 - INFO - Prepared sim number: 39: RAYPy_Simulation_bessy2hi_56m_PGM_2Perc_coupling_errors_off_RP/round_7/39_bessy2hi_56m_PGM_2Perc_coupling_errors_off_RP.rml
2025-02-07 23:13:59,001 - INFO - Prepared sim number: 40: RAYPy_Simulation_bessy2hi_56m_PGM_2Perc_coupling_errors_off_RP/round_7/40_bessy2hi_56m_PGM_2Perc_coupling_errors_off_RP.rml
2025-02-07 23:13:59,008 - INFO - Prepared sim number: 41: RAYPy_Simulation_bessy2hi_56m_PGM_2Perc_coupling_errors_off_RP/round_7/41_bessy2hi_56m_PGM_2Perc_coupling_errors_off_RP.rml
2025-02-07 23:13:59,016 - INFO - Prepared sim number: 42: RAYPy_Simulation_bessy2hi_56m_PGM_2Perc_coupling_errors_off_RP/round_7/42_bessy2hi_56m_PGM_2Perc_coupling_errors_off_RP.rml
2025-02-07 23:13:59,023 - INFO - Prepared sim number: 43: RAYPy_Simulation_bessy2hi_56m_PGM_2Perc_coupling_errors_off_RP/round_7/43_bessy2hi_56m_PGM_2Perc_coupling_errors_off_RP.rml
2025-02-07 23:13:59,034 - INFO - Prepared sim number: 44: RAYPy_Simulation_bessy2hi_56m_PGM_2Perc_coupling_errors_off_RP/round_7/44_bessy2hi_56m_PGM_2Perc_coupling_errors_off_RP.rml
2025-02-07 23:13:59,042 - INFO - Prepared sim number: 45: RAYPy_Simulation_bessy2hi_56m_PGM_2Perc_coupling_errors_off_RP/round_7/45_bessy2hi_56m_PGM_2Perc_coupling_errors_off_RP.rml
2025-02-07 23:13:59,050 - INFO - Prepared sim number: 46: RAYPy_Simulation_bessy2hi_56m_PGM_2Perc_coupling_errors_off_RP/round_7/46_bessy2hi_56m_PGM_2Perc_coupling_errors_off_RP.rml
2025-02-07 23:13:59,058 - INFO - Prepared sim number: 47: RAYPy_Simulation_bessy2hi_56m_PGM_2Perc_coupling_errors_off_RP/round_7/47_bessy2hi_56m_PGM_2Perc_coupling_errors_off_RP.rml
2025-02-07 23:13:59,065 - INFO - Prepared sim number: 48: RAYPy_Simulation_bessy2hi_56m_PGM_2Perc_coupling_errors_off_RP/round_7/48_bessy2hi_56m_PGM_2Perc_coupling_errors_off_RP.rml
2025-02-07 23:13:59,071 - INFO - Prepared sim number: 49: RAYPy_Simulation_bessy2hi_56m_PGM_2Perc_coupling_errors_off_RP/round_7/49_bessy2hi_56m_PGM_2Perc_coupling_errors_off_RP.rml
2025-02-07 23:13:59,078 - INFO - Prepared sim number: 50: RAYPy_Simulation_bessy2hi_56m_PGM_2Perc_coupling_errors_off_RP/round_7/50_bessy2hi_56m_PGM_2Perc_coupling_errors_off_RP.rml
2025-02-07 23:13:59,085 - INFO - Prepared sim number: 51: RAYPy_Simulation_bessy2hi_56m_PGM_2Perc_coupling_errors_off_RP/round_7/51_bessy2hi_56m_PGM_2Perc_coupling_errors_off_RP.rml
2025-02-07 23:13:59,091 - INFO - Prepared sim number: 52: RAYPy_Simulation_bessy2hi_56m_PGM_2Perc_coupling_errors_off_RP/round_7/52_bessy2hi_56m_PGM_2Perc_coupling_errors_off_RP.rml
2025-02-07 23:13:59,097 - INFO - Prepared sim number: 53: RAYPy_Simulation_bessy2hi_56m_PGM_2Perc_coupling_errors_off_RP/round_7/53_bessy2hi_56m_PGM_2Perc_coupling_errors_off_RP.rml
2025-02-07 23:13:59,103 - INFO - Prepared sim number: 54: RAYPy_Simulation_bessy2hi_56m_PGM_2Perc_coupling_errors_off_RP/round_7/54_bessy2hi_56m_PGM_2Perc_coupling_errors_off_RP.rml
2025-02-07 23:13:59,109 - INFO - Prepared sim number: 55: RAYPy_Simulation_bessy2hi_56m_PGM_2Perc_coupling_errors_off_RP/round_7/55_bessy2hi_56m_PGM_2Perc_coupling_errors_off_RP.rml
2025-02-07 23:13:59,114 - INFO - Prepared sim number: 56: RAYPy_Simulation_bessy2hi_56m_PGM_2Perc_coupling_errors_off_RP/round_7/56_bessy2hi_56m_PGM_2Perc_coupling_errors_off_RP.rml
2025-02-07 23:13:59,120 - INFO - Prepared sim number: 57: RAYPy_Simulation_bessy2hi_56m_PGM_2Perc_coupling_errors_off_RP/round_7/57_bessy2hi_56m_PGM_2Perc_coupling_errors_off_RP.rml
2025-02-07 23:13:59,125 - INFO - Prepared sim number: 58: RAYPy_Simulation_bessy2hi_56m_PGM_2Perc_coupling_errors_off_RP/round_7/58_bessy2hi_56m_PGM_2Perc_coupling_errors_off_RP.rml
2025-02-07 23:13:59,131 - INFO - Prepared sim number: 59: RAYPy_Simulation_bessy2hi_56m_PGM_2Perc_coupling_errors_off_RP/round_7/59_bessy2hi_56m_PGM_2Perc_coupling_errors_off_RP.rml
2025-02-07 23:13:59,137 - INFO - Prepared sim number: 60: RAYPy_Simulation_bessy2hi_56m_PGM_2Perc_coupling_errors_off_RP/round_7/60_bessy2hi_56m_PGM_2Perc_coupling_errors_off_RP.rml
2025-02-07 23:13:59,143 - INFO - Prepared sim number: 61: RAYPy_Simulation_bessy2hi_56m_PGM_2Perc_coupling_errors_off_RP/round_7/61_bessy2hi_56m_PGM_2Perc_coupling_errors_off_RP.rml
2025-02-07 23:13:59,149 - INFO - Prepared sim number: 62: RAYPy_Simulation_bessy2hi_56m_PGM_2Perc_coupling_errors_off_RP/round_7/62_bessy2hi_56m_PGM_2Perc_coupling_errors_off_RP.rml
2025-02-07 23:13:59,155 - INFO - Prepared sim number: 63: RAYPy_Simulation_bessy2hi_56m_PGM_2Perc_coupling_errors_off_RP/round_7/63_bessy2hi_56m_PGM_2Perc_coupling_errors_off_RP.rml
2025-02-07 23:13:59,162 - INFO - Prepared sim number: 64: RAYPy_Simulation_bessy2hi_56m_PGM_2Perc_coupling_errors_off_RP/round_7/64_bessy2hi_56m_PGM_2Perc_coupling_errors_off_RP.rml
2025-02-07 23:13:59,168 - INFO - Prepared sim number: 65: RAYPy_Simulation_bessy2hi_56m_PGM_2Perc_coupling_errors_off_RP/round_7/65_bessy2hi_56m_PGM_2Perc_coupling_errors_off_RP.rml
2025-02-07 23:13:59,174 - INFO - Prepared sim number: 66: RAYPy_Simulation_bessy2hi_56m_PGM_2Perc_coupling_errors_off_RP/round_7/66_bessy2hi_56m_PGM_2Perc_coupling_errors_off_RP.rml
2025-02-07 23:13:59,179 - INFO - Prepared sim number: 67: RAYPy_Simulation_bessy2hi_56m_PGM_2Perc_coupling_errors_off_RP/round_7/67_bessy2hi_56m_PGM_2Perc_coupling_errors_off_RP.rml
2025-02-07 23:13:59,184 - INFO - Prepared sim number: 68: RAYPy_Simulation_bessy2hi_56m_PGM_2Perc_coupling_errors_off_RP/round_7/68_bessy2hi_56m_PGM_2Perc_coupling_errors_off_RP.rml
2025-02-07 23:13:59,190 - INFO - Prepared sim number: 69: RAYPy_Simulation_bessy2hi_56m_PGM_2Perc_coupling_errors_off_RP/round_7/69_bessy2hi_56m_PGM_2Perc_coupling_errors_off_RP.rml
2025-02-07 23:13:59,195 - INFO - Prepared sim number: 70: RAYPy_Simulation_bessy2hi_56m_PGM_2Perc_coupling_errors_off_RP/round_7/70_bessy2hi_56m_PGM_2Perc_coupling_errors_off_RP.rml
2025-02-07 23:13:59,201 - INFO - Prepared sim number: 71: RAYPy_Simulation_bessy2hi_56m_PGM_2Perc_coupling_errors_off_RP/round_7/71_bessy2hi_56m_PGM_2Perc_coupling_errors_off_RP.rml
2025-02-07 23:13:59,207 - INFO - Prepared sim number: 72: RAYPy_Simulation_bessy2hi_56m_PGM_2Perc_coupling_errors_off_RP/round_7/72_bessy2hi_56m_PGM_2Perc_coupling_errors_off_RP.rml
2025-02-07 23:13:59,212 - INFO - Prepared sim number: 73: RAYPy_Simulation_bessy2hi_56m_PGM_2Perc_coupling_errors_off_RP/round_7/73_bessy2hi_56m_PGM_2Perc_coupling_errors_off_RP.rml
2025-02-07 23:13:59,217 - INFO - Prepared sim number: 74: RAYPy_Simulation_bessy2hi_56m_PGM_2Perc_coupling_errors_off_RP/round_7/74_bessy2hi_56m_PGM_2Perc_coupling_errors_off_RP.rml
2025-02-07 23:13:59,223 - INFO - Prepared sim number: 75: RAYPy_Simulation_bessy2hi_56m_PGM_2Perc_coupling_errors_off_RP/round_7/75_bessy2hi_56m_PGM_2Perc_coupling_errors_off_RP.rml
2025-02-07 23:13:59,228 - INFO - Prepared sim number: 76: RAYPy_Simulation_bessy2hi_56m_PGM_2Perc_coupling_errors_off_RP/round_7/76_bessy2hi_56m_PGM_2Perc_coupling_errors_off_RP.rml
2025-02-07 23:13:59,234 - INFO - Prepared sim number: 77: RAYPy_Simulation_bessy2hi_56m_PGM_2Perc_coupling_errors_off_RP/round_7/77_bessy2hi_56m_PGM_2Perc_coupling_errors_off_RP.rml
2025-02-07 23:13:59,239 - INFO - Prepared sim number: 78: RAYPy_Simulation_bessy2hi_56m_PGM_2Perc_coupling_errors_off_RP/round_7/78_bessy2hi_56m_PGM_2Perc_coupling_errors_off_RP.rml
2025-02-07 23:13:59,245 - INFO - Prepared sim number: 79: RAYPy_Simulation_bessy2hi_56m_PGM_2Perc_coupling_errors_off_RP/round_7/79_bessy2hi_56m_PGM_2Perc_coupling_errors_off_RP.rml
2025-02-07 23:13:59,250 - INFO - Prepared sim number: 80: RAYPy_Simulation_bessy2hi_56m_PGM_2Perc_coupling_errors_off_RP/round_7/80_bessy2hi_56m_PGM_2Perc_coupling_errors_off_RP.rml
2025-02-07 23:13:59,256 - INFO - Prepared sim number: 81: RAYPy_Simulation_bessy2hi_56m_PGM_2Perc_coupling_errors_off_RP/round_7/81_bessy2hi_56m_PGM_2Perc_coupling_errors_off_RP.rml
2025-02-07 23:13:59,262 - INFO - Prepared sim number: 82: RAYPy_Simulation_bessy2hi_56m_PGM_2Perc_coupling_errors_off_RP/round_7/82_bessy2hi_56m_PGM_2Perc_coupling_errors_off_RP.rml
2025-02-07 23:13:59,268 - INFO - Prepared sim number: 83: RAYPy_Simulation_bessy2hi_56m_PGM_2Perc_coupling_errors_off_RP/round_7/83_bessy2hi_56m_PGM_2Perc_coupling_errors_off_RP.rml
2025-02-07 23:13:59,274 - INFO - Prepared sim number: 84: RAYPy_Simulation_bessy2hi_56m_PGM_2Perc_coupling_errors_off_RP/round_7/84_bessy2hi_56m_PGM_2Perc_coupling_errors_off_RP.rml
2025-02-07 23:13:59,279 - INFO - Prepared sim number: 85: RAYPy_Simulation_bessy2hi_56m_PGM_2Perc_coupling_errors_off_RP/round_7/85_bessy2hi_56m_PGM_2Perc_coupling_errors_off_RP.rml
2025-02-07 23:13:59,286 - INFO - Prepared sim number: 86: RAYPy_Simulation_bessy2hi_56m_PGM_2Perc_coupling_errors_off_RP/round_7/86_bessy2hi_56m_PGM_2Perc_coupling_errors_off_RP.rml
2025-02-07 23:13:59,292 - INFO - Prepared sim number: 87: RAYPy_Simulation_bessy2hi_56m_PGM_2Perc_coupling_errors_off_RP/round_7/87_bessy2hi_56m_PGM_2Perc_coupling_errors_off_RP.rml
2025-02-07 23:13:59,297 - INFO - Prepared sim number: 88: RAYPy_Simulation_bessy2hi_56m_PGM_2Perc_coupling_errors_off_RP/round_7/88_bessy2hi_56m_PGM_2Perc_coupling_errors_off_RP.rml
2025-02-07 23:13:59,303 - INFO - Prepared sim number: 89: RAYPy_Simulation_bessy2hi_56m_PGM_2Perc_coupling_errors_off_RP/round_7/89_bessy2hi_56m_PGM_2Perc_coupling_errors_off_RP.rml
2025-02-07 23:13:59,308 - INFO - Prepared sim number: 90: RAYPy_Simulation_bessy2hi_56m_PGM_2Perc_coupling_errors_off_RP/round_7/90_bessy2hi_56m_PGM_2Perc_coupling_errors_off_RP.rml
2025-02-07 23:13:59,315 - INFO - Prepared sim number: 91: RAYPy_Simulation_bessy2hi_56m_PGM_2Perc_coupling_errors_off_RP/round_7/91_bessy2hi_56m_PGM_2Perc_coupling_errors_off_RP.rml
2025-02-07 23:13:59,320 - INFO - Prepared sim number: 92: RAYPy_Simulation_bessy2hi_56m_PGM_2Perc_coupling_errors_off_RP/round_7/92_bessy2hi_56m_PGM_2Perc_coupling_errors_off_RP.rml
2025-02-07 23:13:59,326 - INFO - Prepared sim number: 93: RAYPy_Simulation_bessy2hi_56m_PGM_2Perc_coupling_errors_off_RP/round_7/93_bessy2hi_56m_PGM_2Perc_coupling_errors_off_RP.rml
2025-02-07 23:13:59,331 - INFO - Prepared sim number: 94: RAYPy_Simulation_bessy2hi_56m_PGM_2Perc_coupling_errors_off_RP/round_7/94_bessy2hi_56m_PGM_2Perc_coupling_errors_off_RP.rml
2025-02-07 23:13:59,339 - INFO - Prepared sim number: 95: RAYPy_Simulation_bessy2hi_56m_PGM_2Perc_coupling_errors_off_RP/round_7/95_bessy2hi_56m_PGM_2Perc_coupling_errors_off_RP.rml
2025-02-07 23:13:59,347 - INFO - Prepared sim number: 96: RAYPy_Simulation_bessy2hi_56m_PGM_2Perc_coupling_errors_off_RP/round_7/96_bessy2hi_56m_PGM_2Perc_coupling_errors_off_RP.rml
2025-02-07 23:13:59,356 - INFO - Prepared sim number: 97: RAYPy_Simulation_bessy2hi_56m_PGM_2Perc_coupling_errors_off_RP/round_7/97_bessy2hi_56m_PGM_2Perc_coupling_errors_off_RP.rml
2025-02-07 23:13:59,363 - INFO - Prepared sim number: 98: RAYPy_Simulation_bessy2hi_56m_PGM_2Perc_coupling_errors_off_RP/round_7/98_bessy2hi_56m_PGM_2Perc_coupling_errors_off_RP.rml
2025-02-07 23:13:59,364 - INFO - Waiting for batch number: 15, timeout: 22.091126545270285s
2025-02-07 23:14:01,878 - INFO - Completed: 1, remaining: 59, RAYPy_Simulation_bessy2hi_56m_PGM_2Perc_coupling_errors_off_RP/round_7/43_bessy2hi_56m_PGM_2Perc_coupling_errors_off_RP.rml
2025-02-07 23:14:02,002 - INFO - Completed: 2, remaining: 58, RAYPy_Simulation_bessy2hi_56m_PGM_2Perc_coupling_errors_off_RP/round_7/45_bessy2hi_56m_PGM_2Perc_coupling_errors_off_RP.rml
2025-02-07 23:14:02,077 - INFO - Completed: 3, remaining: 57, RAYPy_Simulation_bessy2hi_56m_PGM_2Perc_coupling_errors_off_RP/round_7/44_bessy2hi_56m_PGM_2Perc_coupling_errors_off_RP.rml
2025-02-07 23:14:02,138 - INFO - Completed: 4, remaining: 56, RAYPy_Simulation_bessy2hi_56m_PGM_2Perc_coupling_errors_off_RP/round_7/42_bessy2hi_56m_PGM_2Perc_coupling_errors_off_RP.rml
2025-02-07 23:14:02,224 - INFO - Completed: 5, remaining: 55, RAYPy_Simulation_bessy2hi_56m_PGM_2Perc_coupling_errors_off_RP/round_7/41_bessy2hi_56m_PGM_2Perc_coupling_errors_off_RP.rml
2025-02-07 23:14:02,557 - INFO - Completed: 6, remaining: 54, RAYPy_Simulation_bessy2hi_56m_PGM_2Perc_coupling_errors_off_RP/round_7/46_bessy2hi_56m_PGM_2Perc_coupling_errors_off_RP.rml
2025-02-07 23:14:02,688 - INFO - Completed: 7, remaining: 53, RAYPy_Simulation_bessy2hi_56m_PGM_2Perc_coupling_errors_off_RP/round_7/39_bessy2hi_56m_PGM_2Perc_coupling_errors_off_RP.rml
2025-02-07 23:14:03,204 - INFO - Completed: 8, remaining: 52, RAYPy_Simulation_bessy2hi_56m_PGM_2Perc_coupling_errors_off_RP/round_7/50_bessy2hi_56m_PGM_2Perc_coupling_errors_off_RP.rml
2025-02-07 23:14:04,739 - INFO - Completed: 9, remaining: 51, RAYPy_Simulation_bessy2hi_56m_PGM_2Perc_coupling_errors_off_RP/round_7/49_bessy2hi_56m_PGM_2Perc_coupling_errors_off_RP.rml
2025-02-07 23:14:04,773 - INFO - Completed: 10, remaining: 50, RAYPy_Simulation_bessy2hi_56m_PGM_2Perc_coupling_errors_off_RP/round_7/47_bessy2hi_56m_PGM_2Perc_coupling_errors_off_RP.rml
2025-02-07 23:14:04,851 - INFO - Completed: 11, remaining: 49, RAYPy_Simulation_bessy2hi_56m_PGM_2Perc_coupling_errors_off_RP/round_7/48_bessy2hi_56m_PGM_2Perc_coupling_errors_off_RP.rml
2025-02-07 23:14:05,176 - INFO - Completed: 12, remaining: 48, RAYPy_Simulation_bessy2hi_56m_PGM_2Perc_coupling_errors_off_RP/round_7/40_bessy2hi_56m_PGM_2Perc_coupling_errors_off_RP.rml
2025-02-07 23:14:05,659 - INFO - Completed: 13, remaining: 47, RAYPy_Simulation_bessy2hi_56m_PGM_2Perc_coupling_errors_off_RP/round_7/52_bessy2hi_56m_PGM_2Perc_coupling_errors_off_RP.rml
2025-02-07 23:14:05,680 - INFO - Completed: 14, remaining: 46, RAYPy_Simulation_bessy2hi_56m_PGM_2Perc_coupling_errors_off_RP/round_7/54_bessy2hi_56m_PGM_2Perc_coupling_errors_off_RP.rml
2025-02-07 23:14:05,732 - INFO - Completed: 15, remaining: 45, RAYPy_Simulation_bessy2hi_56m_PGM_2Perc_coupling_errors_off_RP/round_7/53_bessy2hi_56m_PGM_2Perc_coupling_errors_off_RP.rml
2025-02-07 23:14:05,808 - INFO - Completed: 16, remaining: 44, RAYPy_Simulation_bessy2hi_56m_PGM_2Perc_coupling_errors_off_RP/round_7/51_bessy2hi_56m_PGM_2Perc_coupling_errors_off_RP.rml
2025-02-07 23:14:05,949 - INFO - Completed: 17, remaining: 43, RAYPy_Simulation_bessy2hi_56m_PGM_2Perc_coupling_errors_off_RP/round_7/55_bessy2hi_56m_PGM_2Perc_coupling_errors_off_RP.rml
2025-02-07 23:14:06,243 - INFO - Completed: 18, remaining: 42, RAYPy_Simulation_bessy2hi_56m_PGM_2Perc_coupling_errors_off_RP/round_7/57_bessy2hi_56m_PGM_2Perc_coupling_errors_off_RP.rml
2025-02-07 23:14:06,308 - INFO - Completed: 19, remaining: 41, RAYPy_Simulation_bessy2hi_56m_PGM_2Perc_coupling_errors_off_RP/round_7/56_bessy2hi_56m_PGM_2Perc_coupling_errors_off_RP.rml
2025-02-07 23:14:06,774 - INFO - Completed: 20, remaining: 40, RAYPy_Simulation_bessy2hi_56m_PGM_2Perc_coupling_errors_off_RP/round_7/58_bessy2hi_56m_PGM_2Perc_coupling_errors_off_RP.rml
2025-02-07 23:14:08,052 - INFO - Completed: 21, remaining: 39, RAYPy_Simulation_bessy2hi_56m_PGM_2Perc_coupling_errors_off_RP/round_7/59_bessy2hi_56m_PGM_2Perc_coupling_errors_off_RP.rml
2025-02-07 23:14:08,287 - INFO - Completed: 22, remaining: 38, RAYPy_Simulation_bessy2hi_56m_PGM_2Perc_coupling_errors_off_RP/round_7/60_bessy2hi_56m_PGM_2Perc_coupling_errors_off_RP.rml
2025-02-07 23:14:08,406 - INFO - Completed: 23, remaining: 37, RAYPy_Simulation_bessy2hi_56m_PGM_2Perc_coupling_errors_off_RP/round_7/61_bessy2hi_56m_PGM_2Perc_coupling_errors_off_RP.rml
2025-02-07 23:14:08,626 - INFO - Completed: 24, remaining: 36, RAYPy_Simulation_bessy2hi_56m_PGM_2Perc_coupling_errors_off_RP/round_7/62_bessy2hi_56m_PGM_2Perc_coupling_errors_off_RP.rml
2025-02-07 23:14:09,180 - INFO - Completed: 25, remaining: 35, RAYPy_Simulation_bessy2hi_56m_PGM_2Perc_coupling_errors_off_RP/round_7/63_bessy2hi_56m_PGM_2Perc_coupling_errors_off_RP.rml
2025-02-07 23:14:09,205 - INFO - Completed: 26, remaining: 34, RAYPy_Simulation_bessy2hi_56m_PGM_2Perc_coupling_errors_off_RP/round_7/64_bessy2hi_56m_PGM_2Perc_coupling_errors_off_RP.rml
2025-02-07 23:14:09,336 - INFO - Completed: 27, remaining: 33, RAYPy_Simulation_bessy2hi_56m_PGM_2Perc_coupling_errors_off_RP/round_7/66_bessy2hi_56m_PGM_2Perc_coupling_errors_off_RP.rml
2025-02-07 23:14:09,585 - INFO - Completed: 28, remaining: 32, RAYPy_Simulation_bessy2hi_56m_PGM_2Perc_coupling_errors_off_RP/round_7/65_bessy2hi_56m_PGM_2Perc_coupling_errors_off_RP.rml
2025-02-07 23:14:09,614 - INFO - Completed: 29, remaining: 31, RAYPy_Simulation_bessy2hi_56m_PGM_2Perc_coupling_errors_off_RP/round_7/67_bessy2hi_56m_PGM_2Perc_coupling_errors_off_RP.rml
2025-02-07 23:14:09,856 - INFO - Completed: 30, remaining: 30, RAYPy_Simulation_bessy2hi_56m_PGM_2Perc_coupling_errors_off_RP/round_7/68_bessy2hi_56m_PGM_2Perc_coupling_errors_off_RP.rml
2025-02-07 23:14:09,878 - INFO - Completed: 31, remaining: 29, RAYPy_Simulation_bessy2hi_56m_PGM_2Perc_coupling_errors_off_RP/round_7/69_bessy2hi_56m_PGM_2Perc_coupling_errors_off_RP.rml
2025-02-07 23:14:10,182 - INFO - Completed: 32, remaining: 28, RAYPy_Simulation_bessy2hi_56m_PGM_2Perc_coupling_errors_off_RP/round_7/70_bessy2hi_56m_PGM_2Perc_coupling_errors_off_RP.rml
2025-02-07 23:14:11,572 - INFO - Completed: 33, remaining: 27, RAYPy_Simulation_bessy2hi_56m_PGM_2Perc_coupling_errors_off_RP/round_7/71_bessy2hi_56m_PGM_2Perc_coupling_errors_off_RP.rml
2025-02-07 23:14:11,937 - INFO - Completed: 34, remaining: 26, RAYPy_Simulation_bessy2hi_56m_PGM_2Perc_coupling_errors_off_RP/round_7/72_bessy2hi_56m_PGM_2Perc_coupling_errors_off_RP.rml
2025-02-07 23:14:12,014 - INFO - Completed: 35, remaining: 25, RAYPy_Simulation_bessy2hi_56m_PGM_2Perc_coupling_errors_off_RP/round_7/73_bessy2hi_56m_PGM_2Perc_coupling_errors_off_RP.rml
2025-02-07 23:14:12,065 - INFO - Completed: 36, remaining: 24, RAYPy_Simulation_bessy2hi_56m_PGM_2Perc_coupling_errors_off_RP/round_7/74_bessy2hi_56m_PGM_2Perc_coupling_errors_off_RP.rml
2025-02-07 23:14:12,736 - INFO - Completed: 37, remaining: 23, RAYPy_Simulation_bessy2hi_56m_PGM_2Perc_coupling_errors_off_RP/round_7/75_bessy2hi_56m_PGM_2Perc_coupling_errors_off_RP.rml
2025-02-07 23:14:13,000 - INFO - Completed: 38, remaining: 22, RAYPy_Simulation_bessy2hi_56m_PGM_2Perc_coupling_errors_off_RP/round_7/77_bessy2hi_56m_PGM_2Perc_coupling_errors_off_RP.rml
2025-02-07 23:14:13,111 - INFO - Completed: 39, remaining: 21, RAYPy_Simulation_bessy2hi_56m_PGM_2Perc_coupling_errors_off_RP/round_7/76_bessy2hi_56m_PGM_2Perc_coupling_errors_off_RP.rml
2025-02-07 23:14:13,449 - INFO - Completed: 40, remaining: 20, RAYPy_Simulation_bessy2hi_56m_PGM_2Perc_coupling_errors_off_RP/round_7/82_bessy2hi_56m_PGM_2Perc_coupling_errors_off_RP.rml
2025-02-07 23:14:13,614 - INFO - Completed: 41, remaining: 19, RAYPy_Simulation_bessy2hi_56m_PGM_2Perc_coupling_errors_off_RP/round_7/79_bessy2hi_56m_PGM_2Perc_coupling_errors_off_RP.rml
2025-02-07 23:14:13,884 - INFO - Completed: 42, remaining: 18, RAYPy_Simulation_bessy2hi_56m_PGM_2Perc_coupling_errors_off_RP/round_7/80_bessy2hi_56m_PGM_2Perc_coupling_errors_off_RP.rml
2025-02-07 23:14:13,890 - INFO - Completed: 43, remaining: 17, RAYPy_Simulation_bessy2hi_56m_PGM_2Perc_coupling_errors_off_RP/round_7/78_bessy2hi_56m_PGM_2Perc_coupling_errors_off_RP.rml
2025-02-07 23:14:14,161 - INFO - Completed: 44, remaining: 16, RAYPy_Simulation_bessy2hi_56m_PGM_2Perc_coupling_errors_off_RP/round_7/81_bessy2hi_56m_PGM_2Perc_coupling_errors_off_RP.rml
2025-02-07 23:14:15,178 - INFO - Completed: 45, remaining: 15, RAYPy_Simulation_bessy2hi_56m_PGM_2Perc_coupling_errors_off_RP/round_7/83_bessy2hi_56m_PGM_2Perc_coupling_errors_off_RP.rml
2025-02-07 23:14:15,510 - INFO - Completed: 46, remaining: 14, RAYPy_Simulation_bessy2hi_56m_PGM_2Perc_coupling_errors_off_RP/round_7/84_bessy2hi_56m_PGM_2Perc_coupling_errors_off_RP.rml
2025-02-07 23:14:15,627 - INFO - Completed: 47, remaining: 13, RAYPy_Simulation_bessy2hi_56m_PGM_2Perc_coupling_errors_off_RP/round_7/86_bessy2hi_56m_PGM_2Perc_coupling_errors_off_RP.rml
2025-02-07 23:14:15,716 - INFO - Completed: 48, remaining: 12, RAYPy_Simulation_bessy2hi_56m_PGM_2Perc_coupling_errors_off_RP/round_7/85_bessy2hi_56m_PGM_2Perc_coupling_errors_off_RP.rml
2025-02-07 23:14:16,189 - INFO - Completed: 49, remaining: 11, RAYPy_Simulation_bessy2hi_56m_PGM_2Perc_coupling_errors_off_RP/round_7/87_bessy2hi_56m_PGM_2Perc_coupling_errors_off_RP.rml
2025-02-07 23:14:16,507 - INFO - Completed: 50, remaining: 10, RAYPy_Simulation_bessy2hi_56m_PGM_2Perc_coupling_errors_off_RP/round_7/88_bessy2hi_56m_PGM_2Perc_coupling_errors_off_RP.rml
2025-02-07 23:14:16,836 - INFO - Completed: 51, remaining: 9, RAYPy_Simulation_bessy2hi_56m_PGM_2Perc_coupling_errors_off_RP/round_7/90_bessy2hi_56m_PGM_2Perc_coupling_errors_off_RP.rml
2025-02-07 23:14:16,857 - INFO - Completed: 52, remaining: 8, RAYPy_Simulation_bessy2hi_56m_PGM_2Perc_coupling_errors_off_RP/round_7/89_bessy2hi_56m_PGM_2Perc_coupling_errors_off_RP.rml
2025-02-07 23:14:17,212 - INFO - Completed: 53, remaining: 7, RAYPy_Simulation_bessy2hi_56m_PGM_2Perc_coupling_errors_off_RP/round_7/93_bessy2hi_56m_PGM_2Perc_coupling_errors_off_RP.rml
2025-02-07 23:14:17,231 - INFO - Completed: 54, remaining: 6, RAYPy_Simulation_bessy2hi_56m_PGM_2Perc_coupling_errors_off_RP/round_7/92_bessy2hi_56m_PGM_2Perc_coupling_errors_off_RP.rml
2025-02-07 23:14:17,417 - INFO - Completed: 55, remaining: 5, RAYPy_Simulation_bessy2hi_56m_PGM_2Perc_coupling_errors_off_RP/round_7/94_bessy2hi_56m_PGM_2Perc_coupling_errors_off_RP.rml
2025-02-07 23:14:17,540 - INFO - Completed: 56, remaining: 4, RAYPy_Simulation_bessy2hi_56m_PGM_2Perc_coupling_errors_off_RP/round_7/91_bessy2hi_56m_PGM_2Perc_coupling_errors_off_RP.rml
2025-02-07 23:14:18,125 - INFO - Completed: 57, remaining: 3, RAYPy_Simulation_bessy2hi_56m_PGM_2Perc_coupling_errors_off_RP/round_7/95_bessy2hi_56m_PGM_2Perc_coupling_errors_off_RP.rml
2025-02-07 23:14:18,271 - INFO - Completed: 58, remaining: 2, RAYPy_Simulation_bessy2hi_56m_PGM_2Perc_coupling_errors_off_RP/round_7/96_bessy2hi_56m_PGM_2Perc_coupling_errors_off_RP.rml
2025-02-07 23:14:18,398 - INFO - Completed: 59, remaining: 1, RAYPy_Simulation_bessy2hi_56m_PGM_2Perc_coupling_errors_off_RP/round_7/98_bessy2hi_56m_PGM_2Perc_coupling_errors_off_RP.rml
2025-02-07 23:14:18,490 - INFO - Completed: 60, remaining: 0, RAYPy_Simulation_bessy2hi_56m_PGM_2Perc_coupling_errors_off_RP/round_7/97_bessy2hi_56m_PGM_2Perc_coupling_errors_off_RP.rml
2025-02-07 23:14:18,490 - INFO - Batch Completed
2025-02-07 23:14:18,490 - INFO - Waiting For batch, 60 simulations to go
2025-02-07 23:14:18,500 - INFO - Prepared sim number: 99: RAYPy_Simulation_bessy2hi_56m_PGM_2Perc_coupling_errors_off_RP/round_7/99_bessy2hi_56m_PGM_2Perc_coupling_errors_off_RP.rml
2025-02-07 23:14:18,512 - INFO - Prepared sim number: 100: RAYPy_Simulation_bessy2hi_56m_PGM_2Perc_coupling_errors_off_RP/round_7/100_bessy2hi_56m_PGM_2Perc_coupling_errors_off_RP.rml
2025-02-07 23:14:18,520 - INFO - Prepared sim number: 101: RAYPy_Simulation_bessy2hi_56m_PGM_2Perc_coupling_errors_off_RP/round_7/101_bessy2hi_56m_PGM_2Perc_coupling_errors_off_RP.rml
2025-02-07 23:14:18,533 - INFO - Prepared sim number: 102: RAYPy_Simulation_bessy2hi_56m_PGM_2Perc_coupling_errors_off_RP/round_7/102_bessy2hi_56m_PGM_2Perc_coupling_errors_off_RP.rml
2025-02-07 23:14:18,544 - INFO - Prepared sim number: 103: RAYPy_Simulation_bessy2hi_56m_PGM_2Perc_coupling_errors_off_RP/round_7/103_bessy2hi_56m_PGM_2Perc_coupling_errors_off_RP.rml
2025-02-07 23:14:18,552 - INFO - Prepared sim number: 104: RAYPy_Simulation_bessy2hi_56m_PGM_2Perc_coupling_errors_off_RP/round_7/104_bessy2hi_56m_PGM_2Perc_coupling_errors_off_RP.rml
2025-02-07 23:14:18,561 - INFO - Prepared sim number: 105: RAYPy_Simulation_bessy2hi_56m_PGM_2Perc_coupling_errors_off_RP/round_7/105_bessy2hi_56m_PGM_2Perc_coupling_errors_off_RP.rml
2025-02-07 23:14:18,568 - INFO - Prepared sim number: 106: RAYPy_Simulation_bessy2hi_56m_PGM_2Perc_coupling_errors_off_RP/round_7/106_bessy2hi_56m_PGM_2Perc_coupling_errors_off_RP.rml
2025-02-07 23:14:18,575 - INFO - Prepared sim number: 107: RAYPy_Simulation_bessy2hi_56m_PGM_2Perc_coupling_errors_off_RP/round_7/107_bessy2hi_56m_PGM_2Perc_coupling_errors_off_RP.rml
2025-02-07 23:14:18,583 - INFO - Prepared sim number: 108: RAYPy_Simulation_bessy2hi_56m_PGM_2Perc_coupling_errors_off_RP/round_7/108_bessy2hi_56m_PGM_2Perc_coupling_errors_off_RP.rml
2025-02-07 23:14:18,590 - INFO - Prepared sim number: 109: RAYPy_Simulation_bessy2hi_56m_PGM_2Perc_coupling_errors_off_RP/round_7/109_bessy2hi_56m_PGM_2Perc_coupling_errors_off_RP.rml
2025-02-07 23:14:18,596 - INFO - Prepared sim number: 110: RAYPy_Simulation_bessy2hi_56m_PGM_2Perc_coupling_errors_off_RP/round_7/110_bessy2hi_56m_PGM_2Perc_coupling_errors_off_RP.rml
2025-02-07 23:14:18,602 - INFO - Prepared sim number: 111: RAYPy_Simulation_bessy2hi_56m_PGM_2Perc_coupling_errors_off_RP/round_7/111_bessy2hi_56m_PGM_2Perc_coupling_errors_off_RP.rml
2025-02-07 23:14:18,608 - INFO - Prepared sim number: 112: RAYPy_Simulation_bessy2hi_56m_PGM_2Perc_coupling_errors_off_RP/round_7/112_bessy2hi_56m_PGM_2Perc_coupling_errors_off_RP.rml
2025-02-07 23:14:18,615 - INFO - Prepared sim number: 113: RAYPy_Simulation_bessy2hi_56m_PGM_2Perc_coupling_errors_off_RP/round_7/113_bessy2hi_56m_PGM_2Perc_coupling_errors_off_RP.rml
2025-02-07 23:14:18,621 - INFO - Prepared sim number: 114: RAYPy_Simulation_bessy2hi_56m_PGM_2Perc_coupling_errors_off_RP/round_7/114_bessy2hi_56m_PGM_2Perc_coupling_errors_off_RP.rml
2025-02-07 23:14:18,627 - INFO - Prepared sim number: 115: RAYPy_Simulation_bessy2hi_56m_PGM_2Perc_coupling_errors_off_RP/round_7/115_bessy2hi_56m_PGM_2Perc_coupling_errors_off_RP.rml
2025-02-07 23:14:18,633 - INFO - Prepared sim number: 116: RAYPy_Simulation_bessy2hi_56m_PGM_2Perc_coupling_errors_off_RP/round_7/116_bessy2hi_56m_PGM_2Perc_coupling_errors_off_RP.rml
2025-02-07 23:14:18,639 - INFO - Prepared sim number: 117: RAYPy_Simulation_bessy2hi_56m_PGM_2Perc_coupling_errors_off_RP/round_7/117_bessy2hi_56m_PGM_2Perc_coupling_errors_off_RP.rml
2025-02-07 23:14:18,645 - INFO - Prepared sim number: 118: RAYPy_Simulation_bessy2hi_56m_PGM_2Perc_coupling_errors_off_RP/round_7/118_bessy2hi_56m_PGM_2Perc_coupling_errors_off_RP.rml
2025-02-07 23:14:18,651 - INFO - Prepared sim number: 119: RAYPy_Simulation_bessy2hi_56m_PGM_2Perc_coupling_errors_off_RP/round_7/119_bessy2hi_56m_PGM_2Perc_coupling_errors_off_RP.rml
2025-02-07 23:14:18,657 - INFO - Prepared sim number: 120: RAYPy_Simulation_bessy2hi_56m_PGM_2Perc_coupling_errors_off_RP/round_7/120_bessy2hi_56m_PGM_2Perc_coupling_errors_off_RP.rml
2025-02-07 23:14:18,664 - INFO - Prepared sim number: 121: RAYPy_Simulation_bessy2hi_56m_PGM_2Perc_coupling_errors_off_RP/round_7/121_bessy2hi_56m_PGM_2Perc_coupling_errors_off_RP.rml
2025-02-07 23:14:18,670 - INFO - Prepared sim number: 122: RAYPy_Simulation_bessy2hi_56m_PGM_2Perc_coupling_errors_off_RP/round_7/122_bessy2hi_56m_PGM_2Perc_coupling_errors_off_RP.rml
2025-02-07 23:14:18,670 - INFO - Start round 8
2025-02-07 23:14:18,676 - INFO - Prepared sim number: 0: RAYPy_Simulation_bessy2hi_56m_PGM_2Perc_coupling_errors_off_RP/round_8/0_bessy2hi_56m_PGM_2Perc_coupling_errors_off_RP.rml
2025-02-07 23:14:18,682 - INFO - Prepared sim number: 1: RAYPy_Simulation_bessy2hi_56m_PGM_2Perc_coupling_errors_off_RP/round_8/1_bessy2hi_56m_PGM_2Perc_coupling_errors_off_RP.rml
2025-02-07 23:14:18,688 - INFO - Prepared sim number: 2: RAYPy_Simulation_bessy2hi_56m_PGM_2Perc_coupling_errors_off_RP/round_8/2_bessy2hi_56m_PGM_2Perc_coupling_errors_off_RP.rml
2025-02-07 23:14:18,695 - INFO - Prepared sim number: 3: RAYPy_Simulation_bessy2hi_56m_PGM_2Perc_coupling_errors_off_RP/round_8/3_bessy2hi_56m_PGM_2Perc_coupling_errors_off_RP.rml
2025-02-07 23:14:18,701 - INFO - Prepared sim number: 4: RAYPy_Simulation_bessy2hi_56m_PGM_2Perc_coupling_errors_off_RP/round_8/4_bessy2hi_56m_PGM_2Perc_coupling_errors_off_RP.rml
2025-02-07 23:14:18,706 - INFO - Prepared sim number: 5: RAYPy_Simulation_bessy2hi_56m_PGM_2Perc_coupling_errors_off_RP/round_8/5_bessy2hi_56m_PGM_2Perc_coupling_errors_off_RP.rml
2025-02-07 23:14:18,711 - INFO - Prepared sim number: 6: RAYPy_Simulation_bessy2hi_56m_PGM_2Perc_coupling_errors_off_RP/round_8/6_bessy2hi_56m_PGM_2Perc_coupling_errors_off_RP.rml
2025-02-07 23:14:18,716 - INFO - Prepared sim number: 7: RAYPy_Simulation_bessy2hi_56m_PGM_2Perc_coupling_errors_off_RP/round_8/7_bessy2hi_56m_PGM_2Perc_coupling_errors_off_RP.rml
2025-02-07 23:14:18,722 - INFO - Prepared sim number: 8: RAYPy_Simulation_bessy2hi_56m_PGM_2Perc_coupling_errors_off_RP/round_8/8_bessy2hi_56m_PGM_2Perc_coupling_errors_off_RP.rml
2025-02-07 23:14:18,727 - INFO - Prepared sim number: 9: RAYPy_Simulation_bessy2hi_56m_PGM_2Perc_coupling_errors_off_RP/round_8/9_bessy2hi_56m_PGM_2Perc_coupling_errors_off_RP.rml
2025-02-07 23:14:18,732 - INFO - Prepared sim number: 10: RAYPy_Simulation_bessy2hi_56m_PGM_2Perc_coupling_errors_off_RP/round_8/10_bessy2hi_56m_PGM_2Perc_coupling_errors_off_RP.rml
2025-02-07 23:14:18,737 - INFO - Prepared sim number: 11: RAYPy_Simulation_bessy2hi_56m_PGM_2Perc_coupling_errors_off_RP/round_8/11_bessy2hi_56m_PGM_2Perc_coupling_errors_off_RP.rml
2025-02-07 23:14:18,742 - INFO - Prepared sim number: 12: RAYPy_Simulation_bessy2hi_56m_PGM_2Perc_coupling_errors_off_RP/round_8/12_bessy2hi_56m_PGM_2Perc_coupling_errors_off_RP.rml
2025-02-07 23:14:18,750 - INFO - Prepared sim number: 13: RAYPy_Simulation_bessy2hi_56m_PGM_2Perc_coupling_errors_off_RP/round_8/13_bessy2hi_56m_PGM_2Perc_coupling_errors_off_RP.rml
2025-02-07 23:14:18,757 - INFO - Prepared sim number: 14: RAYPy_Simulation_bessy2hi_56m_PGM_2Perc_coupling_errors_off_RP/round_8/14_bessy2hi_56m_PGM_2Perc_coupling_errors_off_RP.rml
2025-02-07 23:14:18,762 - INFO - Prepared sim number: 15: RAYPy_Simulation_bessy2hi_56m_PGM_2Perc_coupling_errors_off_RP/round_8/15_bessy2hi_56m_PGM_2Perc_coupling_errors_off_RP.rml
2025-02-07 23:14:18,767 - INFO - Prepared sim number: 16: RAYPy_Simulation_bessy2hi_56m_PGM_2Perc_coupling_errors_off_RP/round_8/16_bessy2hi_56m_PGM_2Perc_coupling_errors_off_RP.rml
2025-02-07 23:14:18,772 - INFO - Prepared sim number: 17: RAYPy_Simulation_bessy2hi_56m_PGM_2Perc_coupling_errors_off_RP/round_8/17_bessy2hi_56m_PGM_2Perc_coupling_errors_off_RP.rml
2025-02-07 23:14:18,777 - INFO - Prepared sim number: 18: RAYPy_Simulation_bessy2hi_56m_PGM_2Perc_coupling_errors_off_RP/round_8/18_bessy2hi_56m_PGM_2Perc_coupling_errors_off_RP.rml
2025-02-07 23:14:18,783 - INFO - Prepared sim number: 19: RAYPy_Simulation_bessy2hi_56m_PGM_2Perc_coupling_errors_off_RP/round_8/19_bessy2hi_56m_PGM_2Perc_coupling_errors_off_RP.rml
2025-02-07 23:14:18,787 - INFO - Prepared sim number: 20: RAYPy_Simulation_bessy2hi_56m_PGM_2Perc_coupling_errors_off_RP/round_8/20_bessy2hi_56m_PGM_2Perc_coupling_errors_off_RP.rml
2025-02-07 23:14:18,793 - INFO - Prepared sim number: 21: RAYPy_Simulation_bessy2hi_56m_PGM_2Perc_coupling_errors_off_RP/round_8/21_bessy2hi_56m_PGM_2Perc_coupling_errors_off_RP.rml
2025-02-07 23:14:18,798 - INFO - Prepared sim number: 22: RAYPy_Simulation_bessy2hi_56m_PGM_2Perc_coupling_errors_off_RP/round_8/22_bessy2hi_56m_PGM_2Perc_coupling_errors_off_RP.rml
2025-02-07 23:14:18,804 - INFO - Prepared sim number: 23: RAYPy_Simulation_bessy2hi_56m_PGM_2Perc_coupling_errors_off_RP/round_8/23_bessy2hi_56m_PGM_2Perc_coupling_errors_off_RP.rml
2025-02-07 23:14:18,810 - INFO - Prepared sim number: 24: RAYPy_Simulation_bessy2hi_56m_PGM_2Perc_coupling_errors_off_RP/round_8/24_bessy2hi_56m_PGM_2Perc_coupling_errors_off_RP.rml
2025-02-07 23:14:18,817 - INFO - Prepared sim number: 25: RAYPy_Simulation_bessy2hi_56m_PGM_2Perc_coupling_errors_off_RP/round_8/25_bessy2hi_56m_PGM_2Perc_coupling_errors_off_RP.rml
2025-02-07 23:14:18,824 - INFO - Prepared sim number: 26: RAYPy_Simulation_bessy2hi_56m_PGM_2Perc_coupling_errors_off_RP/round_8/26_bessy2hi_56m_PGM_2Perc_coupling_errors_off_RP.rml
2025-02-07 23:14:18,830 - INFO - Prepared sim number: 27: RAYPy_Simulation_bessy2hi_56m_PGM_2Perc_coupling_errors_off_RP/round_8/27_bessy2hi_56m_PGM_2Perc_coupling_errors_off_RP.rml
2025-02-07 23:14:18,837 - INFO - Prepared sim number: 28: RAYPy_Simulation_bessy2hi_56m_PGM_2Perc_coupling_errors_off_RP/round_8/28_bessy2hi_56m_PGM_2Perc_coupling_errors_off_RP.rml
2025-02-07 23:14:18,843 - INFO - Prepared sim number: 29: RAYPy_Simulation_bessy2hi_56m_PGM_2Perc_coupling_errors_off_RP/round_8/29_bessy2hi_56m_PGM_2Perc_coupling_errors_off_RP.rml
2025-02-07 23:14:18,849 - INFO - Prepared sim number: 30: RAYPy_Simulation_bessy2hi_56m_PGM_2Perc_coupling_errors_off_RP/round_8/30_bessy2hi_56m_PGM_2Perc_coupling_errors_off_RP.rml
2025-02-07 23:14:18,854 - INFO - Prepared sim number: 31: RAYPy_Simulation_bessy2hi_56m_PGM_2Perc_coupling_errors_off_RP/round_8/31_bessy2hi_56m_PGM_2Perc_coupling_errors_off_RP.rml
2025-02-07 23:14:18,861 - INFO - Prepared sim number: 32: RAYPy_Simulation_bessy2hi_56m_PGM_2Perc_coupling_errors_off_RP/round_8/32_bessy2hi_56m_PGM_2Perc_coupling_errors_off_RP.rml
2025-02-07 23:14:18,866 - INFO - Prepared sim number: 33: RAYPy_Simulation_bessy2hi_56m_PGM_2Perc_coupling_errors_off_RP/round_8/33_bessy2hi_56m_PGM_2Perc_coupling_errors_off_RP.rml
2025-02-07 23:14:18,872 - INFO - Prepared sim number: 34: RAYPy_Simulation_bessy2hi_56m_PGM_2Perc_coupling_errors_off_RP/round_8/34_bessy2hi_56m_PGM_2Perc_coupling_errors_off_RP.rml
2025-02-07 23:14:18,878 - INFO - Prepared sim number: 35: RAYPy_Simulation_bessy2hi_56m_PGM_2Perc_coupling_errors_off_RP/round_8/35_bessy2hi_56m_PGM_2Perc_coupling_errors_off_RP.rml
2025-02-07 23:14:18,879 - INFO - Waiting for batch number: 16, timeout: 22.0644363746047s
2025-02-07 23:14:21,387 - INFO - Completed: 1, remaining: 59, RAYPy_Simulation_bessy2hi_56m_PGM_2Perc_coupling_errors_off_RP/round_7/109_bessy2hi_56m_PGM_2Perc_coupling_errors_off_RP.rml
2025-02-07 23:14:21,476 - INFO - Completed: 2, remaining: 58, RAYPy_Simulation_bessy2hi_56m_PGM_2Perc_coupling_errors_off_RP/round_7/100_bessy2hi_56m_PGM_2Perc_coupling_errors_off_RP.rml
2025-02-07 23:14:21,612 - INFO - Completed: 3, remaining: 57, RAYPy_Simulation_bessy2hi_56m_PGM_2Perc_coupling_errors_off_RP/round_7/105_bessy2hi_56m_PGM_2Perc_coupling_errors_off_RP.rml
2025-02-07 23:14:21,617 - INFO - Completed: 4, remaining: 56, RAYPy_Simulation_bessy2hi_56m_PGM_2Perc_coupling_errors_off_RP/round_7/106_bessy2hi_56m_PGM_2Perc_coupling_errors_off_RP.rml
2025-02-07 23:14:21,676 - INFO - Completed: 5, remaining: 55, RAYPy_Simulation_bessy2hi_56m_PGM_2Perc_coupling_errors_off_RP/round_7/110_bessy2hi_56m_PGM_2Perc_coupling_errors_off_RP.rml
2025-02-07 23:14:21,772 - INFO - Completed: 6, remaining: 54, RAYPy_Simulation_bessy2hi_56m_PGM_2Perc_coupling_errors_off_RP/round_7/103_bessy2hi_56m_PGM_2Perc_coupling_errors_off_RP.rml
2025-02-07 23:14:21,837 - INFO - Completed: 7, remaining: 53, RAYPy_Simulation_bessy2hi_56m_PGM_2Perc_coupling_errors_off_RP/round_7/102_bessy2hi_56m_PGM_2Perc_coupling_errors_off_RP.rml
2025-02-07 23:14:23,894 - INFO - Completed: 8, remaining: 52, RAYPy_Simulation_bessy2hi_56m_PGM_2Perc_coupling_errors_off_RP/round_7/108_bessy2hi_56m_PGM_2Perc_coupling_errors_off_RP.rml
2025-02-07 23:14:23,946 - INFO - Completed: 9, remaining: 51, RAYPy_Simulation_bessy2hi_56m_PGM_2Perc_coupling_errors_off_RP/round_7/101_bessy2hi_56m_PGM_2Perc_coupling_errors_off_RP.rml
2025-02-07 23:14:23,998 - INFO - Completed: 10, remaining: 50, RAYPy_Simulation_bessy2hi_56m_PGM_2Perc_coupling_errors_off_RP/round_7/104_bessy2hi_56m_PGM_2Perc_coupling_errors_off_RP.rml
2025-02-07 23:14:24,066 - INFO - Completed: 11, remaining: 49, RAYPy_Simulation_bessy2hi_56m_PGM_2Perc_coupling_errors_off_RP/round_7/107_bessy2hi_56m_PGM_2Perc_coupling_errors_off_RP.rml
2025-02-07 23:14:24,305 - INFO - Completed: 12, remaining: 48, RAYPy_Simulation_bessy2hi_56m_PGM_2Perc_coupling_errors_off_RP/round_7/99_bessy2hi_56m_PGM_2Perc_coupling_errors_off_RP.rml
2025-02-07 23:14:24,466 - INFO - Completed: 13, remaining: 47, RAYPy_Simulation_bessy2hi_56m_PGM_2Perc_coupling_errors_off_RP/round_7/111_bessy2hi_56m_PGM_2Perc_coupling_errors_off_RP.rml
2025-02-07 23:14:24,718 - INFO - Completed: 14, remaining: 46, RAYPy_Simulation_bessy2hi_56m_PGM_2Perc_coupling_errors_off_RP/round_7/112_bessy2hi_56m_PGM_2Perc_coupling_errors_off_RP.rml
2025-02-07 23:14:24,771 - INFO - Completed: 15, remaining: 45, RAYPy_Simulation_bessy2hi_56m_PGM_2Perc_coupling_errors_off_RP/round_7/115_bessy2hi_56m_PGM_2Perc_coupling_errors_off_RP.rml
2025-02-07 23:14:24,827 - INFO - Completed: 16, remaining: 44, RAYPy_Simulation_bessy2hi_56m_PGM_2Perc_coupling_errors_off_RP/round_7/116_bessy2hi_56m_PGM_2Perc_coupling_errors_off_RP.rml
2025-02-07 23:14:24,942 - INFO - Completed: 17, remaining: 43, RAYPy_Simulation_bessy2hi_56m_PGM_2Perc_coupling_errors_off_RP/round_7/114_bessy2hi_56m_PGM_2Perc_coupling_errors_off_RP.rml
2025-02-07 23:14:25,028 - INFO - Completed: 18, remaining: 42, RAYPy_Simulation_bessy2hi_56m_PGM_2Perc_coupling_errors_off_RP/round_7/117_bessy2hi_56m_PGM_2Perc_coupling_errors_off_RP.rml
2025-02-07 23:14:26,863 - INFO - Completed: 19, remaining: 41, RAYPy_Simulation_bessy2hi_56m_PGM_2Perc_coupling_errors_off_RP/round_7/113_bessy2hi_56m_PGM_2Perc_coupling_errors_off_RP.rml
2025-02-07 23:14:27,266 - INFO - Completed: 20, remaining: 40, RAYPy_Simulation_bessy2hi_56m_PGM_2Perc_coupling_errors_off_RP/round_7/120_bessy2hi_56m_PGM_2Perc_coupling_errors_off_RP.rml
2025-02-07 23:14:27,380 - INFO - Completed: 21, remaining: 39, RAYPy_Simulation_bessy2hi_56m_PGM_2Perc_coupling_errors_off_RP/round_7/118_bessy2hi_56m_PGM_2Perc_coupling_errors_off_RP.rml
2025-02-07 23:14:27,399 - INFO - Completed: 22, remaining: 38, RAYPy_Simulation_bessy2hi_56m_PGM_2Perc_coupling_errors_off_RP/round_7/119_bessy2hi_56m_PGM_2Perc_coupling_errors_off_RP.rml
2025-02-07 23:14:27,457 - INFO - Completed: 23, remaining: 37, RAYPy_Simulation_bessy2hi_56m_PGM_2Perc_coupling_errors_off_RP/round_7/121_bessy2hi_56m_PGM_2Perc_coupling_errors_off_RP.rml
2025-02-07 23:14:27,654 - INFO - Completed: 24, remaining: 36, RAYPy_Simulation_bessy2hi_56m_PGM_2Perc_coupling_errors_off_RP/round_7/122_bessy2hi_56m_PGM_2Perc_coupling_errors_off_RP.rml
2025-02-07 23:14:28,175 - INFO - Completed: 25, remaining: 35, RAYPy_Simulation_bessy2hi_56m_PGM_2Perc_coupling_errors_off_RP/round_8/1_bessy2hi_56m_PGM_2Perc_coupling_errors_off_RP.rml
2025-02-07 23:14:28,184 - INFO - Completed: 26, remaining: 34, RAYPy_Simulation_bessy2hi_56m_PGM_2Perc_coupling_errors_off_RP/round_8/0_bessy2hi_56m_PGM_2Perc_coupling_errors_off_RP.rml
2025-02-07 23:14:28,437 - INFO - Completed: 27, remaining: 33, RAYPy_Simulation_bessy2hi_56m_PGM_2Perc_coupling_errors_off_RP/round_8/3_bessy2hi_56m_PGM_2Perc_coupling_errors_off_RP.rml
2025-02-07 23:14:28,451 - INFO - Completed: 28, remaining: 32, RAYPy_Simulation_bessy2hi_56m_PGM_2Perc_coupling_errors_off_RP/round_8/2_bessy2hi_56m_PGM_2Perc_coupling_errors_off_RP.rml
2025-02-07 23:14:28,599 - INFO - Completed: 29, remaining: 31, RAYPy_Simulation_bessy2hi_56m_PGM_2Perc_coupling_errors_off_RP/round_8/5_bessy2hi_56m_PGM_2Perc_coupling_errors_off_RP.rml
2025-02-07 23:14:28,698 - INFO - Completed: 30, remaining: 30, RAYPy_Simulation_bessy2hi_56m_PGM_2Perc_coupling_errors_off_RP/round_8/4_bessy2hi_56m_PGM_2Perc_coupling_errors_off_RP.rml
2025-02-07 23:14:30,550 - INFO - Completed: 31, remaining: 29, RAYPy_Simulation_bessy2hi_56m_PGM_2Perc_coupling_errors_off_RP/round_8/6_bessy2hi_56m_PGM_2Perc_coupling_errors_off_RP.rml
2025-02-07 23:14:30,959 - INFO - Completed: 32, remaining: 28, RAYPy_Simulation_bessy2hi_56m_PGM_2Perc_coupling_errors_off_RP/round_8/7_bessy2hi_56m_PGM_2Perc_coupling_errors_off_RP.rml
2025-02-07 23:14:31,245 - INFO - Completed: 33, remaining: 27, RAYPy_Simulation_bessy2hi_56m_PGM_2Perc_coupling_errors_off_RP/round_8/9_bessy2hi_56m_PGM_2Perc_coupling_errors_off_RP.rml
2025-02-07 23:14:31,270 - INFO - Completed: 34, remaining: 26, RAYPy_Simulation_bessy2hi_56m_PGM_2Perc_coupling_errors_off_RP/round_8/10_bessy2hi_56m_PGM_2Perc_coupling_errors_off_RP.rml
2025-02-07 23:14:31,291 - INFO - Completed: 35, remaining: 25, RAYPy_Simulation_bessy2hi_56m_PGM_2Perc_coupling_errors_off_RP/round_8/8_bessy2hi_56m_PGM_2Perc_coupling_errors_off_RP.rml
2025-02-07 23:14:31,399 - INFO - Completed: 36, remaining: 24, RAYPy_Simulation_bessy2hi_56m_PGM_2Perc_coupling_errors_off_RP/round_8/11_bessy2hi_56m_PGM_2Perc_coupling_errors_off_RP.rml
2025-02-07 23:14:31,836 - INFO - Completed: 37, remaining: 23, RAYPy_Simulation_bessy2hi_56m_PGM_2Perc_coupling_errors_off_RP/round_8/12_bessy2hi_56m_PGM_2Perc_coupling_errors_off_RP.rml
2025-02-07 23:14:32,136 - INFO - Completed: 38, remaining: 22, RAYPy_Simulation_bessy2hi_56m_PGM_2Perc_coupling_errors_off_RP/round_8/15_bessy2hi_56m_PGM_2Perc_coupling_errors_off_RP.rml
2025-02-07 23:14:32,150 - INFO - Completed: 39, remaining: 21, RAYPy_Simulation_bessy2hi_56m_PGM_2Perc_coupling_errors_off_RP/round_8/14_bessy2hi_56m_PGM_2Perc_coupling_errors_off_RP.rml
2025-02-07 23:14:32,228 - INFO - Completed: 40, remaining: 20, RAYPy_Simulation_bessy2hi_56m_PGM_2Perc_coupling_errors_off_RP/round_8/16_bessy2hi_56m_PGM_2Perc_coupling_errors_off_RP.rml
2025-02-07 23:14:32,399 - INFO - Completed: 41, remaining: 19, RAYPy_Simulation_bessy2hi_56m_PGM_2Perc_coupling_errors_off_RP/round_8/13_bessy2hi_56m_PGM_2Perc_coupling_errors_off_RP.rml
2025-02-07 23:14:32,511 - INFO - Completed: 42, remaining: 18, RAYPy_Simulation_bessy2hi_56m_PGM_2Perc_coupling_errors_off_RP/round_8/17_bessy2hi_56m_PGM_2Perc_coupling_errors_off_RP.rml
2025-02-07 23:14:34,330 - INFO - Completed: 43, remaining: 17, RAYPy_Simulation_bessy2hi_56m_PGM_2Perc_coupling_errors_off_RP/round_8/18_bessy2hi_56m_PGM_2Perc_coupling_errors_off_RP.rml
2025-02-07 23:14:34,879 - INFO - Completed: 44, remaining: 16, RAYPy_Simulation_bessy2hi_56m_PGM_2Perc_coupling_errors_off_RP/round_8/19_bessy2hi_56m_PGM_2Perc_coupling_errors_off_RP.rml
2025-02-07 23:14:35,021 - INFO - Completed: 45, remaining: 15, RAYPy_Simulation_bessy2hi_56m_PGM_2Perc_coupling_errors_off_RP/round_8/21_bessy2hi_56m_PGM_2Perc_coupling_errors_off_RP.rml
2025-02-07 23:14:35,109 - INFO - Completed: 46, remaining: 14, RAYPy_Simulation_bessy2hi_56m_PGM_2Perc_coupling_errors_off_RP/round_8/22_bessy2hi_56m_PGM_2Perc_coupling_errors_off_RP.rml
2025-02-07 23:14:35,144 - INFO - Completed: 47, remaining: 13, RAYPy_Simulation_bessy2hi_56m_PGM_2Perc_coupling_errors_off_RP/round_8/20_bessy2hi_56m_PGM_2Perc_coupling_errors_off_RP.rml
2025-02-07 23:14:35,294 - INFO - Completed: 48, remaining: 12, RAYPy_Simulation_bessy2hi_56m_PGM_2Perc_coupling_errors_off_RP/round_8/23_bessy2hi_56m_PGM_2Perc_coupling_errors_off_RP.rml
2025-02-07 23:14:35,708 - INFO - Completed: 49, remaining: 11, RAYPy_Simulation_bessy2hi_56m_PGM_2Perc_coupling_errors_off_RP/round_8/24_bessy2hi_56m_PGM_2Perc_coupling_errors_off_RP.rml
2025-02-07 23:14:35,931 - INFO - Completed: 50, remaining: 10, RAYPy_Simulation_bessy2hi_56m_PGM_2Perc_coupling_errors_off_RP/round_8/25_bessy2hi_56m_PGM_2Perc_coupling_errors_off_RP.rml
2025-02-07 23:14:35,968 - INFO - Completed: 51, remaining: 9, RAYPy_Simulation_bessy2hi_56m_PGM_2Perc_coupling_errors_off_RP/round_8/26_bessy2hi_56m_PGM_2Perc_coupling_errors_off_RP.rml
2025-02-07 23:14:36,037 - INFO - Completed: 52, remaining: 8, RAYPy_Simulation_bessy2hi_56m_PGM_2Perc_coupling_errors_off_RP/round_8/27_bessy2hi_56m_PGM_2Perc_coupling_errors_off_RP.rml
2025-02-07 23:14:36,163 - INFO - Completed: 53, remaining: 7, RAYPy_Simulation_bessy2hi_56m_PGM_2Perc_coupling_errors_off_RP/round_8/28_bessy2hi_56m_PGM_2Perc_coupling_errors_off_RP.rml
2025-02-07 23:14:36,641 - INFO - Completed: 54, remaining: 6, RAYPy_Simulation_bessy2hi_56m_PGM_2Perc_coupling_errors_off_RP/round_8/29_bessy2hi_56m_PGM_2Perc_coupling_errors_off_RP.rml
2025-02-07 23:14:37,515 - INFO - Completed: 55, remaining: 5, RAYPy_Simulation_bessy2hi_56m_PGM_2Perc_coupling_errors_off_RP/round_8/30_bessy2hi_56m_PGM_2Perc_coupling_errors_off_RP.rml
2025-02-07 23:14:37,913 - INFO - Completed: 56, remaining: 4, RAYPy_Simulation_bessy2hi_56m_PGM_2Perc_coupling_errors_off_RP/round_8/31_bessy2hi_56m_PGM_2Perc_coupling_errors_off_RP.rml
2025-02-07 23:14:37,994 - INFO - Completed: 57, remaining: 3, RAYPy_Simulation_bessy2hi_56m_PGM_2Perc_coupling_errors_off_RP/round_8/32_bessy2hi_56m_PGM_2Perc_coupling_errors_off_RP.rml
2025-02-07 23:14:38,028 - INFO - Completed: 58, remaining: 2, RAYPy_Simulation_bessy2hi_56m_PGM_2Perc_coupling_errors_off_RP/round_8/33_bessy2hi_56m_PGM_2Perc_coupling_errors_off_RP.rml
2025-02-07 23:14:38,173 - INFO - Completed: 59, remaining: 1, RAYPy_Simulation_bessy2hi_56m_PGM_2Perc_coupling_errors_off_RP/round_8/35_bessy2hi_56m_PGM_2Perc_coupling_errors_off_RP.rml
2025-02-07 23:14:38,507 - INFO - Completed: 60, remaining: 0, RAYPy_Simulation_bessy2hi_56m_PGM_2Perc_coupling_errors_off_RP/round_8/34_bessy2hi_56m_PGM_2Perc_coupling_errors_off_RP.rml
2025-02-07 23:14:38,507 - INFO - Batch Completed
2025-02-07 23:14:38,507 - INFO - Waiting For batch, 60 simulations to go
2025-02-07 23:14:38,518 - INFO - Prepared sim number: 36: RAYPy_Simulation_bessy2hi_56m_PGM_2Perc_coupling_errors_off_RP/round_8/36_bessy2hi_56m_PGM_2Perc_coupling_errors_off_RP.rml
2025-02-07 23:14:38,530 - INFO - Prepared sim number: 37: RAYPy_Simulation_bessy2hi_56m_PGM_2Perc_coupling_errors_off_RP/round_8/37_bessy2hi_56m_PGM_2Perc_coupling_errors_off_RP.rml
2025-02-07 23:14:38,538 - INFO - Prepared sim number: 38: RAYPy_Simulation_bessy2hi_56m_PGM_2Perc_coupling_errors_off_RP/round_8/38_bessy2hi_56m_PGM_2Perc_coupling_errors_off_RP.rml
2025-02-07 23:14:38,552 - INFO - Prepared sim number: 39: RAYPy_Simulation_bessy2hi_56m_PGM_2Perc_coupling_errors_off_RP/round_8/39_bessy2hi_56m_PGM_2Perc_coupling_errors_off_RP.rml
2025-02-07 23:14:38,561 - INFO - Prepared sim number: 40: RAYPy_Simulation_bessy2hi_56m_PGM_2Perc_coupling_errors_off_RP/round_8/40_bessy2hi_56m_PGM_2Perc_coupling_errors_off_RP.rml
2025-02-07 23:14:38,570 - INFO - Prepared sim number: 41: RAYPy_Simulation_bessy2hi_56m_PGM_2Perc_coupling_errors_off_RP/round_8/41_bessy2hi_56m_PGM_2Perc_coupling_errors_off_RP.rml
2025-02-07 23:14:38,580 - INFO - Prepared sim number: 42: RAYPy_Simulation_bessy2hi_56m_PGM_2Perc_coupling_errors_off_RP/round_8/42_bessy2hi_56m_PGM_2Perc_coupling_errors_off_RP.rml
2025-02-07 23:14:38,588 - INFO - Prepared sim number: 43: RAYPy_Simulation_bessy2hi_56m_PGM_2Perc_coupling_errors_off_RP/round_8/43_bessy2hi_56m_PGM_2Perc_coupling_errors_off_RP.rml
2025-02-07 23:14:38,596 - INFO - Prepared sim number: 44: RAYPy_Simulation_bessy2hi_56m_PGM_2Perc_coupling_errors_off_RP/round_8/44_bessy2hi_56m_PGM_2Perc_coupling_errors_off_RP.rml
2025-02-07 23:14:38,604 - INFO - Prepared sim number: 45: RAYPy_Simulation_bessy2hi_56m_PGM_2Perc_coupling_errors_off_RP/round_8/45_bessy2hi_56m_PGM_2Perc_coupling_errors_off_RP.rml
2025-02-07 23:14:38,613 - INFO - Prepared sim number: 46: RAYPy_Simulation_bessy2hi_56m_PGM_2Perc_coupling_errors_off_RP/round_8/46_bessy2hi_56m_PGM_2Perc_coupling_errors_off_RP.rml
2025-02-07 23:14:38,621 - INFO - Prepared sim number: 47: RAYPy_Simulation_bessy2hi_56m_PGM_2Perc_coupling_errors_off_RP/round_8/47_bessy2hi_56m_PGM_2Perc_coupling_errors_off_RP.rml
2025-02-07 23:14:38,630 - INFO - Prepared sim number: 48: RAYPy_Simulation_bessy2hi_56m_PGM_2Perc_coupling_errors_off_RP/round_8/48_bessy2hi_56m_PGM_2Perc_coupling_errors_off_RP.rml
2025-02-07 23:14:38,638 - INFO - Prepared sim number: 49: RAYPy_Simulation_bessy2hi_56m_PGM_2Perc_coupling_errors_off_RP/round_8/49_bessy2hi_56m_PGM_2Perc_coupling_errors_off_RP.rml
2025-02-07 23:14:38,644 - INFO - Prepared sim number: 50: RAYPy_Simulation_bessy2hi_56m_PGM_2Perc_coupling_errors_off_RP/round_8/50_bessy2hi_56m_PGM_2Perc_coupling_errors_off_RP.rml
2025-02-07 23:14:38,650 - INFO - Prepared sim number: 51: RAYPy_Simulation_bessy2hi_56m_PGM_2Perc_coupling_errors_off_RP/round_8/51_bessy2hi_56m_PGM_2Perc_coupling_errors_off_RP.rml
2025-02-07 23:14:38,657 - INFO - Prepared sim number: 52: RAYPy_Simulation_bessy2hi_56m_PGM_2Perc_coupling_errors_off_RP/round_8/52_bessy2hi_56m_PGM_2Perc_coupling_errors_off_RP.rml
2025-02-07 23:14:38,664 - INFO - Prepared sim number: 53: RAYPy_Simulation_bessy2hi_56m_PGM_2Perc_coupling_errors_off_RP/round_8/53_bessy2hi_56m_PGM_2Perc_coupling_errors_off_RP.rml
2025-02-07 23:14:38,669 - INFO - Prepared sim number: 54: RAYPy_Simulation_bessy2hi_56m_PGM_2Perc_coupling_errors_off_RP/round_8/54_bessy2hi_56m_PGM_2Perc_coupling_errors_off_RP.rml
2025-02-07 23:14:38,676 - INFO - Prepared sim number: 55: RAYPy_Simulation_bessy2hi_56m_PGM_2Perc_coupling_errors_off_RP/round_8/55_bessy2hi_56m_PGM_2Perc_coupling_errors_off_RP.rml
2025-02-07 23:14:38,682 - INFO - Prepared sim number: 56: RAYPy_Simulation_bessy2hi_56m_PGM_2Perc_coupling_errors_off_RP/round_8/56_bessy2hi_56m_PGM_2Perc_coupling_errors_off_RP.rml
2025-02-07 23:14:38,688 - INFO - Prepared sim number: 57: RAYPy_Simulation_bessy2hi_56m_PGM_2Perc_coupling_errors_off_RP/round_8/57_bessy2hi_56m_PGM_2Perc_coupling_errors_off_RP.rml
2025-02-07 23:14:38,695 - INFO - Prepared sim number: 58: RAYPy_Simulation_bessy2hi_56m_PGM_2Perc_coupling_errors_off_RP/round_8/58_bessy2hi_56m_PGM_2Perc_coupling_errors_off_RP.rml
2025-02-07 23:14:38,701 - INFO - Prepared sim number: 59: RAYPy_Simulation_bessy2hi_56m_PGM_2Perc_coupling_errors_off_RP/round_8/59_bessy2hi_56m_PGM_2Perc_coupling_errors_off_RP.rml
2025-02-07 23:14:38,707 - INFO - Prepared sim number: 60: RAYPy_Simulation_bessy2hi_56m_PGM_2Perc_coupling_errors_off_RP/round_8/60_bessy2hi_56m_PGM_2Perc_coupling_errors_off_RP.rml
2025-02-07 23:14:38,712 - INFO - Prepared sim number: 61: RAYPy_Simulation_bessy2hi_56m_PGM_2Perc_coupling_errors_off_RP/round_8/61_bessy2hi_56m_PGM_2Perc_coupling_errors_off_RP.rml
2025-02-07 23:14:38,718 - INFO - Prepared sim number: 62: RAYPy_Simulation_bessy2hi_56m_PGM_2Perc_coupling_errors_off_RP/round_8/62_bessy2hi_56m_PGM_2Perc_coupling_errors_off_RP.rml
2025-02-07 23:14:38,724 - INFO - Prepared sim number: 63: RAYPy_Simulation_bessy2hi_56m_PGM_2Perc_coupling_errors_off_RP/round_8/63_bessy2hi_56m_PGM_2Perc_coupling_errors_off_RP.rml
2025-02-07 23:14:38,730 - INFO - Prepared sim number: 64: RAYPy_Simulation_bessy2hi_56m_PGM_2Perc_coupling_errors_off_RP/round_8/64_bessy2hi_56m_PGM_2Perc_coupling_errors_off_RP.rml
2025-02-07 23:14:38,737 - INFO - Prepared sim number: 65: RAYPy_Simulation_bessy2hi_56m_PGM_2Perc_coupling_errors_off_RP/round_8/65_bessy2hi_56m_PGM_2Perc_coupling_errors_off_RP.rml
2025-02-07 23:14:38,743 - INFO - Prepared sim number: 66: RAYPy_Simulation_bessy2hi_56m_PGM_2Perc_coupling_errors_off_RP/round_8/66_bessy2hi_56m_PGM_2Perc_coupling_errors_off_RP.rml
2025-02-07 23:14:38,749 - INFO - Prepared sim number: 67: RAYPy_Simulation_bessy2hi_56m_PGM_2Perc_coupling_errors_off_RP/round_8/67_bessy2hi_56m_PGM_2Perc_coupling_errors_off_RP.rml
2025-02-07 23:14:38,755 - INFO - Prepared sim number: 68: RAYPy_Simulation_bessy2hi_56m_PGM_2Perc_coupling_errors_off_RP/round_8/68_bessy2hi_56m_PGM_2Perc_coupling_errors_off_RP.rml
2025-02-07 23:14:38,761 - INFO - Prepared sim number: 69: RAYPy_Simulation_bessy2hi_56m_PGM_2Perc_coupling_errors_off_RP/round_8/69_bessy2hi_56m_PGM_2Perc_coupling_errors_off_RP.rml
2025-02-07 23:14:38,767 - INFO - Prepared sim number: 70: RAYPy_Simulation_bessy2hi_56m_PGM_2Perc_coupling_errors_off_RP/round_8/70_bessy2hi_56m_PGM_2Perc_coupling_errors_off_RP.rml
2025-02-07 23:14:38,773 - INFO - Prepared sim number: 71: RAYPy_Simulation_bessy2hi_56m_PGM_2Perc_coupling_errors_off_RP/round_8/71_bessy2hi_56m_PGM_2Perc_coupling_errors_off_RP.rml
2025-02-07 23:14:38,778 - INFO - Prepared sim number: 72: RAYPy_Simulation_bessy2hi_56m_PGM_2Perc_coupling_errors_off_RP/round_8/72_bessy2hi_56m_PGM_2Perc_coupling_errors_off_RP.rml
2025-02-07 23:14:38,784 - INFO - Prepared sim number: 73: RAYPy_Simulation_bessy2hi_56m_PGM_2Perc_coupling_errors_off_RP/round_8/73_bessy2hi_56m_PGM_2Perc_coupling_errors_off_RP.rml
2025-02-07 23:14:38,790 - INFO - Prepared sim number: 74: RAYPy_Simulation_bessy2hi_56m_PGM_2Perc_coupling_errors_off_RP/round_8/74_bessy2hi_56m_PGM_2Perc_coupling_errors_off_RP.rml
2025-02-07 23:14:38,795 - INFO - Prepared sim number: 75: RAYPy_Simulation_bessy2hi_56m_PGM_2Perc_coupling_errors_off_RP/round_8/75_bessy2hi_56m_PGM_2Perc_coupling_errors_off_RP.rml
2025-02-07 23:14:38,801 - INFO - Prepared sim number: 76: RAYPy_Simulation_bessy2hi_56m_PGM_2Perc_coupling_errors_off_RP/round_8/76_bessy2hi_56m_PGM_2Perc_coupling_errors_off_RP.rml
2025-02-07 23:14:38,807 - INFO - Prepared sim number: 77: RAYPy_Simulation_bessy2hi_56m_PGM_2Perc_coupling_errors_off_RP/round_8/77_bessy2hi_56m_PGM_2Perc_coupling_errors_off_RP.rml
2025-02-07 23:14:38,814 - INFO - Prepared sim number: 78: RAYPy_Simulation_bessy2hi_56m_PGM_2Perc_coupling_errors_off_RP/round_8/78_bessy2hi_56m_PGM_2Perc_coupling_errors_off_RP.rml
2025-02-07 23:14:38,821 - INFO - Prepared sim number: 79: RAYPy_Simulation_bessy2hi_56m_PGM_2Perc_coupling_errors_off_RP/round_8/79_bessy2hi_56m_PGM_2Perc_coupling_errors_off_RP.rml
2025-02-07 23:14:38,826 - INFO - Prepared sim number: 80: RAYPy_Simulation_bessy2hi_56m_PGM_2Perc_coupling_errors_off_RP/round_8/80_bessy2hi_56m_PGM_2Perc_coupling_errors_off_RP.rml
2025-02-07 23:14:38,832 - INFO - Prepared sim number: 81: RAYPy_Simulation_bessy2hi_56m_PGM_2Perc_coupling_errors_off_RP/round_8/81_bessy2hi_56m_PGM_2Perc_coupling_errors_off_RP.rml
2025-02-07 23:14:38,838 - INFO - Prepared sim number: 82: RAYPy_Simulation_bessy2hi_56m_PGM_2Perc_coupling_errors_off_RP/round_8/82_bessy2hi_56m_PGM_2Perc_coupling_errors_off_RP.rml
2025-02-07 23:14:38,844 - INFO - Prepared sim number: 83: RAYPy_Simulation_bessy2hi_56m_PGM_2Perc_coupling_errors_off_RP/round_8/83_bessy2hi_56m_PGM_2Perc_coupling_errors_off_RP.rml
2025-02-07 23:14:38,850 - INFO - Prepared sim number: 84: RAYPy_Simulation_bessy2hi_56m_PGM_2Perc_coupling_errors_off_RP/round_8/84_bessy2hi_56m_PGM_2Perc_coupling_errors_off_RP.rml
2025-02-07 23:14:38,856 - INFO - Prepared sim number: 85: RAYPy_Simulation_bessy2hi_56m_PGM_2Perc_coupling_errors_off_RP/round_8/85_bessy2hi_56m_PGM_2Perc_coupling_errors_off_RP.rml
2025-02-07 23:14:38,863 - INFO - Prepared sim number: 86: RAYPy_Simulation_bessy2hi_56m_PGM_2Perc_coupling_errors_off_RP/round_8/86_bessy2hi_56m_PGM_2Perc_coupling_errors_off_RP.rml
2025-02-07 23:14:38,870 - INFO - Prepared sim number: 87: RAYPy_Simulation_bessy2hi_56m_PGM_2Perc_coupling_errors_off_RP/round_8/87_bessy2hi_56m_PGM_2Perc_coupling_errors_off_RP.rml
2025-02-07 23:14:38,877 - INFO - Prepared sim number: 88: RAYPy_Simulation_bessy2hi_56m_PGM_2Perc_coupling_errors_off_RP/round_8/88_bessy2hi_56m_PGM_2Perc_coupling_errors_off_RP.rml
2025-02-07 23:14:38,884 - INFO - Prepared sim number: 89: RAYPy_Simulation_bessy2hi_56m_PGM_2Perc_coupling_errors_off_RP/round_8/89_bessy2hi_56m_PGM_2Perc_coupling_errors_off_RP.rml
2025-02-07 23:14:38,891 - INFO - Prepared sim number: 90: RAYPy_Simulation_bessy2hi_56m_PGM_2Perc_coupling_errors_off_RP/round_8/90_bessy2hi_56m_PGM_2Perc_coupling_errors_off_RP.rml
2025-02-07 23:14:38,899 - INFO - Prepared sim number: 91: RAYPy_Simulation_bessy2hi_56m_PGM_2Perc_coupling_errors_off_RP/round_8/91_bessy2hi_56m_PGM_2Perc_coupling_errors_off_RP.rml
2025-02-07 23:14:38,906 - INFO - Prepared sim number: 92: RAYPy_Simulation_bessy2hi_56m_PGM_2Perc_coupling_errors_off_RP/round_8/92_bessy2hi_56m_PGM_2Perc_coupling_errors_off_RP.rml
2025-02-07 23:14:38,914 - INFO - Prepared sim number: 93: RAYPy_Simulation_bessy2hi_56m_PGM_2Perc_coupling_errors_off_RP/round_8/93_bessy2hi_56m_PGM_2Perc_coupling_errors_off_RP.rml
2025-02-07 23:14:38,921 - INFO - Prepared sim number: 94: RAYPy_Simulation_bessy2hi_56m_PGM_2Perc_coupling_errors_off_RP/round_8/94_bessy2hi_56m_PGM_2Perc_coupling_errors_off_RP.rml
2025-02-07 23:14:38,928 - INFO - Prepared sim number: 95: RAYPy_Simulation_bessy2hi_56m_PGM_2Perc_coupling_errors_off_RP/round_8/95_bessy2hi_56m_PGM_2Perc_coupling_errors_off_RP.rml
2025-02-07 23:14:38,929 - INFO - Waiting for batch number: 17, timeout: 22.048801921395697s
2025-02-07 23:14:41,711 - INFO - Completed: 1, remaining: 59, RAYPy_Simulation_bessy2hi_56m_PGM_2Perc_coupling_errors_off_RP/round_8/44_bessy2hi_56m_PGM_2Perc_coupling_errors_off_RP.rml
2025-02-07 23:14:41,751 - INFO - Completed: 2, remaining: 58, RAYPy_Simulation_bessy2hi_56m_PGM_2Perc_coupling_errors_off_RP/round_8/47_bessy2hi_56m_PGM_2Perc_coupling_errors_off_RP.rml
2025-02-07 23:14:41,770 - INFO - Completed: 3, remaining: 57, RAYPy_Simulation_bessy2hi_56m_PGM_2Perc_coupling_errors_off_RP/round_8/42_bessy2hi_56m_PGM_2Perc_coupling_errors_off_RP.rml
2025-02-07 23:14:42,071 - INFO - Completed: 4, remaining: 56, RAYPy_Simulation_bessy2hi_56m_PGM_2Perc_coupling_errors_off_RP/round_8/46_bessy2hi_56m_PGM_2Perc_coupling_errors_off_RP.rml
2025-02-07 23:14:42,258 - INFO - Completed: 5, remaining: 55, RAYPy_Simulation_bessy2hi_56m_PGM_2Perc_coupling_errors_off_RP/round_8/40_bessy2hi_56m_PGM_2Perc_coupling_errors_off_RP.rml
2025-02-07 23:14:42,376 - INFO - Completed: 6, remaining: 54, RAYPy_Simulation_bessy2hi_56m_PGM_2Perc_coupling_errors_off_RP/round_8/37_bessy2hi_56m_PGM_2Perc_coupling_errors_off_RP.rml
2025-02-07 23:14:42,441 - INFO - Completed: 7, remaining: 53, RAYPy_Simulation_bessy2hi_56m_PGM_2Perc_coupling_errors_off_RP/round_8/36_bessy2hi_56m_PGM_2Perc_coupling_errors_off_RP.rml
2025-02-07 23:14:42,567 - INFO - Completed: 8, remaining: 52, RAYPy_Simulation_bessy2hi_56m_PGM_2Perc_coupling_errors_off_RP/round_8/38_bessy2hi_56m_PGM_2Perc_coupling_errors_off_RP.rml
2025-02-07 23:14:42,833 - INFO - Completed: 9, remaining: 51, RAYPy_Simulation_bessy2hi_56m_PGM_2Perc_coupling_errors_off_RP/round_8/39_bessy2hi_56m_PGM_2Perc_coupling_errors_off_RP.rml
2025-02-07 23:14:44,108 - INFO - Completed: 10, remaining: 50, RAYPy_Simulation_bessy2hi_56m_PGM_2Perc_coupling_errors_off_RP/round_8/41_bessy2hi_56m_PGM_2Perc_coupling_errors_off_RP.rml
2025-02-07 23:14:44,140 - INFO - Completed: 11, remaining: 49, RAYPy_Simulation_bessy2hi_56m_PGM_2Perc_coupling_errors_off_RP/round_8/45_bessy2hi_56m_PGM_2Perc_coupling_errors_off_RP.rml
2025-02-07 23:14:44,190 - INFO - Completed: 12, remaining: 48, RAYPy_Simulation_bessy2hi_56m_PGM_2Perc_coupling_errors_off_RP/round_8/43_bessy2hi_56m_PGM_2Perc_coupling_errors_off_RP.rml
2025-02-07 23:14:44,812 - INFO - Completed: 13, remaining: 47, RAYPy_Simulation_bessy2hi_56m_PGM_2Perc_coupling_errors_off_RP/round_8/49_bessy2hi_56m_PGM_2Perc_coupling_errors_off_RP.rml
2025-02-07 23:14:44,857 - INFO - Completed: 14, remaining: 46, RAYPy_Simulation_bessy2hi_56m_PGM_2Perc_coupling_errors_off_RP/round_8/48_bessy2hi_56m_PGM_2Perc_coupling_errors_off_RP.rml
2025-02-07 23:14:45,168 - INFO - Completed: 15, remaining: 45, RAYPy_Simulation_bessy2hi_56m_PGM_2Perc_coupling_errors_off_RP/round_8/51_bessy2hi_56m_PGM_2Perc_coupling_errors_off_RP.rml
2025-02-07 23:14:45,258 - INFO - Completed: 16, remaining: 44, RAYPy_Simulation_bessy2hi_56m_PGM_2Perc_coupling_errors_off_RP/round_8/50_bessy2hi_56m_PGM_2Perc_coupling_errors_off_RP.rml
2025-02-07 23:14:45,792 - INFO - Completed: 17, remaining: 43, RAYPy_Simulation_bessy2hi_56m_PGM_2Perc_coupling_errors_off_RP/round_8/54_bessy2hi_56m_PGM_2Perc_coupling_errors_off_RP.rml
2025-02-07 23:14:45,899 - INFO - Completed: 18, remaining: 42, RAYPy_Simulation_bessy2hi_56m_PGM_2Perc_coupling_errors_off_RP/round_8/53_bessy2hi_56m_PGM_2Perc_coupling_errors_off_RP.rml
2025-02-07 23:14:45,966 - INFO - Completed: 19, remaining: 41, RAYPy_Simulation_bessy2hi_56m_PGM_2Perc_coupling_errors_off_RP/round_8/52_bessy2hi_56m_PGM_2Perc_coupling_errors_off_RP.rml
2025-02-07 23:14:45,999 - INFO - Completed: 20, remaining: 40, RAYPy_Simulation_bessy2hi_56m_PGM_2Perc_coupling_errors_off_RP/round_8/55_bessy2hi_56m_PGM_2Perc_coupling_errors_off_RP.rml
2025-02-07 23:14:46,606 - INFO - Completed: 21, remaining: 39, RAYPy_Simulation_bessy2hi_56m_PGM_2Perc_coupling_errors_off_RP/round_8/56_bessy2hi_56m_PGM_2Perc_coupling_errors_off_RP.rml
2025-02-07 23:14:47,586 - INFO - Completed: 22, remaining: 38, RAYPy_Simulation_bessy2hi_56m_PGM_2Perc_coupling_errors_off_RP/round_8/58_bessy2hi_56m_PGM_2Perc_coupling_errors_off_RP.rml
2025-02-07 23:14:47,991 - INFO - Completed: 23, remaining: 37, RAYPy_Simulation_bessy2hi_56m_PGM_2Perc_coupling_errors_off_RP/round_8/57_bessy2hi_56m_PGM_2Perc_coupling_errors_off_RP.rml
2025-02-07 23:14:48,000 - INFO - Completed: 24, remaining: 36, RAYPy_Simulation_bessy2hi_56m_PGM_2Perc_coupling_errors_off_RP/round_8/59_bessy2hi_56m_PGM_2Perc_coupling_errors_off_RP.rml
2025-02-07 23:14:48,631 - INFO - Completed: 25, remaining: 35, RAYPy_Simulation_bessy2hi_56m_PGM_2Perc_coupling_errors_off_RP/round_8/60_bessy2hi_56m_PGM_2Perc_coupling_errors_off_RP.rml
2025-02-07 23:14:48,667 - INFO - Completed: 26, remaining: 34, RAYPy_Simulation_bessy2hi_56m_PGM_2Perc_coupling_errors_off_RP/round_8/61_bessy2hi_56m_PGM_2Perc_coupling_errors_off_RP.rml
2025-02-07 23:14:48,972 - INFO - Completed: 27, remaining: 33, RAYPy_Simulation_bessy2hi_56m_PGM_2Perc_coupling_errors_off_RP/round_8/62_bessy2hi_56m_PGM_2Perc_coupling_errors_off_RP.rml
2025-02-07 23:14:49,413 - INFO - Completed: 28, remaining: 32, RAYPy_Simulation_bessy2hi_56m_PGM_2Perc_coupling_errors_off_RP/round_8/63_bessy2hi_56m_PGM_2Perc_coupling_errors_off_RP.rml
2025-02-07 23:14:49,563 - INFO - Completed: 29, remaining: 31, RAYPy_Simulation_bessy2hi_56m_PGM_2Perc_coupling_errors_off_RP/round_8/65_bessy2hi_56m_PGM_2Perc_coupling_errors_off_RP.rml
2025-02-07 23:14:49,693 - INFO - Completed: 30, remaining: 30, RAYPy_Simulation_bessy2hi_56m_PGM_2Perc_coupling_errors_off_RP/round_8/64_bessy2hi_56m_PGM_2Perc_coupling_errors_off_RP.rml
2025-02-07 23:14:49,929 - INFO - Completed: 31, remaining: 29, RAYPy_Simulation_bessy2hi_56m_PGM_2Perc_coupling_errors_off_RP/round_8/67_bessy2hi_56m_PGM_2Perc_coupling_errors_off_RP.rml
2025-02-07 23:14:50,036 - INFO - Completed: 32, remaining: 28, RAYPy_Simulation_bessy2hi_56m_PGM_2Perc_coupling_errors_off_RP/round_8/66_bessy2hi_56m_PGM_2Perc_coupling_errors_off_RP.rml
2025-02-07 23:14:50,372 - INFO - Completed: 33, remaining: 27, RAYPy_Simulation_bessy2hi_56m_PGM_2Perc_coupling_errors_off_RP/round_8/68_bessy2hi_56m_PGM_2Perc_coupling_errors_off_RP.rml
2025-02-07 23:14:51,249 - INFO - Completed: 34, remaining: 26, RAYPy_Simulation_bessy2hi_56m_PGM_2Perc_coupling_errors_off_RP/round_8/69_bessy2hi_56m_PGM_2Perc_coupling_errors_off_RP.rml
2025-02-07 23:14:51,769 - INFO - Completed: 35, remaining: 25, RAYPy_Simulation_bessy2hi_56m_PGM_2Perc_coupling_errors_off_RP/round_8/71_bessy2hi_56m_PGM_2Perc_coupling_errors_off_RP.rml
2025-02-07 23:14:51,874 - INFO - Completed: 36, remaining: 24, RAYPy_Simulation_bessy2hi_56m_PGM_2Perc_coupling_errors_off_RP/round_8/70_bessy2hi_56m_PGM_2Perc_coupling_errors_off_RP.rml
2025-02-07 23:14:52,347 - INFO - Completed: 37, remaining: 23, RAYPy_Simulation_bessy2hi_56m_PGM_2Perc_coupling_errors_off_RP/round_8/73_bessy2hi_56m_PGM_2Perc_coupling_errors_off_RP.rml
2025-02-07 23:14:52,781 - INFO - Completed: 38, remaining: 22, RAYPy_Simulation_bessy2hi_56m_PGM_2Perc_coupling_errors_off_RP/round_8/74_bessy2hi_56m_PGM_2Perc_coupling_errors_off_RP.rml
2025-02-07 23:14:52,992 - INFO - Completed: 39, remaining: 21, RAYPy_Simulation_bessy2hi_56m_PGM_2Perc_coupling_errors_off_RP/round_8/75_bessy2hi_56m_PGM_2Perc_coupling_errors_off_RP.rml
2025-02-07 23:14:53,558 - INFO - Completed: 40, remaining: 20, RAYPy_Simulation_bessy2hi_56m_PGM_2Perc_coupling_errors_off_RP/round_8/76_bessy2hi_56m_PGM_2Perc_coupling_errors_off_RP.rml
2025-02-07 23:14:53,582 - INFO - Completed: 41, remaining: 19, RAYPy_Simulation_bessy2hi_56m_PGM_2Perc_coupling_errors_off_RP/round_8/72_bessy2hi_56m_PGM_2Perc_coupling_errors_off_RP.rml
2025-02-07 23:14:53,767 - INFO - Completed: 42, remaining: 18, RAYPy_Simulation_bessy2hi_56m_PGM_2Perc_coupling_errors_off_RP/round_8/77_bessy2hi_56m_PGM_2Perc_coupling_errors_off_RP.rml
2025-02-07 23:14:53,908 - INFO - Completed: 43, remaining: 17, RAYPy_Simulation_bessy2hi_56m_PGM_2Perc_coupling_errors_off_RP/round_8/78_bessy2hi_56m_PGM_2Perc_coupling_errors_off_RP.rml
2025-02-07 23:14:54,171 - INFO - Completed: 44, remaining: 16, RAYPy_Simulation_bessy2hi_56m_PGM_2Perc_coupling_errors_off_RP/round_8/79_bessy2hi_56m_PGM_2Perc_coupling_errors_off_RP.rml
2025-02-07 23:14:54,183 - INFO - Completed: 45, remaining: 15, RAYPy_Simulation_bessy2hi_56m_PGM_2Perc_coupling_errors_off_RP/round_8/80_bessy2hi_56m_PGM_2Perc_coupling_errors_off_RP.rml
2025-02-07 23:14:54,798 - INFO - Completed: 46, remaining: 14, RAYPy_Simulation_bessy2hi_56m_PGM_2Perc_coupling_errors_off_RP/round_8/81_bessy2hi_56m_PGM_2Perc_coupling_errors_off_RP.rml
2025-02-07 23:14:55,243 - INFO - Completed: 47, remaining: 13, RAYPy_Simulation_bessy2hi_56m_PGM_2Perc_coupling_errors_off_RP/round_8/83_bessy2hi_56m_PGM_2Perc_coupling_errors_off_RP.rml
2025-02-07 23:14:55,845 - INFO - Completed: 48, remaining: 12, RAYPy_Simulation_bessy2hi_56m_PGM_2Perc_coupling_errors_off_RP/round_8/84_bessy2hi_56m_PGM_2Perc_coupling_errors_off_RP.rml
2025-02-07 23:14:55,855 - INFO - Completed: 49, remaining: 11, RAYPy_Simulation_bessy2hi_56m_PGM_2Perc_coupling_errors_off_RP/round_8/82_bessy2hi_56m_PGM_2Perc_coupling_errors_off_RP.rml
2025-02-07 23:14:56,320 - INFO - Completed: 50, remaining: 10, RAYPy_Simulation_bessy2hi_56m_PGM_2Perc_coupling_errors_off_RP/round_8/85_bessy2hi_56m_PGM_2Perc_coupling_errors_off_RP.rml
2025-02-07 23:14:56,412 - INFO - Completed: 51, remaining: 9, RAYPy_Simulation_bessy2hi_56m_PGM_2Perc_coupling_errors_off_RP/round_8/86_bessy2hi_56m_PGM_2Perc_coupling_errors_off_RP.rml
2025-02-07 23:14:57,007 - INFO - Completed: 52, remaining: 8, RAYPy_Simulation_bessy2hi_56m_PGM_2Perc_coupling_errors_off_RP/round_8/89_bessy2hi_56m_PGM_2Perc_coupling_errors_off_RP.rml
2025-02-07 23:14:57,068 - INFO - Completed: 53, remaining: 7, RAYPy_Simulation_bessy2hi_56m_PGM_2Perc_coupling_errors_off_RP/round_8/88_bessy2hi_56m_PGM_2Perc_coupling_errors_off_RP.rml
2025-02-07 23:14:57,218 - INFO - Completed: 54, remaining: 6, RAYPy_Simulation_bessy2hi_56m_PGM_2Perc_coupling_errors_off_RP/round_8/90_bessy2hi_56m_PGM_2Perc_coupling_errors_off_RP.rml
2025-02-07 23:14:57,274 - INFO - Completed: 55, remaining: 5, RAYPy_Simulation_bessy2hi_56m_PGM_2Perc_coupling_errors_off_RP/round_8/87_bessy2hi_56m_PGM_2Perc_coupling_errors_off_RP.rml
2025-02-07 23:14:57,425 - INFO - Completed: 56, remaining: 4, RAYPy_Simulation_bessy2hi_56m_PGM_2Perc_coupling_errors_off_RP/round_8/92_bessy2hi_56m_PGM_2Perc_coupling_errors_off_RP.rml
2025-02-07 23:14:57,552 - INFO - Completed: 57, remaining: 3, RAYPy_Simulation_bessy2hi_56m_PGM_2Perc_coupling_errors_off_RP/round_8/91_bessy2hi_56m_PGM_2Perc_coupling_errors_off_RP.rml
2025-02-07 23:14:57,849 - INFO - Completed: 58, remaining: 2, RAYPy_Simulation_bessy2hi_56m_PGM_2Perc_coupling_errors_off_RP/round_8/93_bessy2hi_56m_PGM_2Perc_coupling_errors_off_RP.rml
2025-02-07 23:14:57,965 - INFO - Completed: 59, remaining: 1, RAYPy_Simulation_bessy2hi_56m_PGM_2Perc_coupling_errors_off_RP/round_8/94_bessy2hi_56m_PGM_2Perc_coupling_errors_off_RP.rml
2025-02-07 23:14:58,259 - INFO - Completed: 60, remaining: 0, RAYPy_Simulation_bessy2hi_56m_PGM_2Perc_coupling_errors_off_RP/round_8/95_bessy2hi_56m_PGM_2Perc_coupling_errors_off_RP.rml
2025-02-07 23:14:58,260 - INFO - Batch Completed
2025-02-07 23:14:58,260 - INFO - Waiting For batch, 60 simulations to go
2025-02-07 23:14:58,264 - INFO - Prepared sim number: 96: RAYPy_Simulation_bessy2hi_56m_PGM_2Perc_coupling_errors_off_RP/round_8/96_bessy2hi_56m_PGM_2Perc_coupling_errors_off_RP.rml
2025-02-07 23:14:58,268 - INFO - Prepared sim number: 97: RAYPy_Simulation_bessy2hi_56m_PGM_2Perc_coupling_errors_off_RP/round_8/97_bessy2hi_56m_PGM_2Perc_coupling_errors_off_RP.rml
2025-02-07 23:14:58,276 - INFO - Prepared sim number: 98: RAYPy_Simulation_bessy2hi_56m_PGM_2Perc_coupling_errors_off_RP/round_8/98_bessy2hi_56m_PGM_2Perc_coupling_errors_off_RP.rml
2025-02-07 23:14:58,280 - INFO - Prepared sim number: 99: RAYPy_Simulation_bessy2hi_56m_PGM_2Perc_coupling_errors_off_RP/round_8/99_bessy2hi_56m_PGM_2Perc_coupling_errors_off_RP.rml
2025-02-07 23:14:58,284 - INFO - Prepared sim number: 100: RAYPy_Simulation_bessy2hi_56m_PGM_2Perc_coupling_errors_off_RP/round_8/100_bessy2hi_56m_PGM_2Perc_coupling_errors_off_RP.rml
2025-02-07 23:14:58,288 - INFO - Prepared sim number: 101: RAYPy_Simulation_bessy2hi_56m_PGM_2Perc_coupling_errors_off_RP/round_8/101_bessy2hi_56m_PGM_2Perc_coupling_errors_off_RP.rml
2025-02-07 23:14:58,291 - INFO - Prepared sim number: 102: RAYPy_Simulation_bessy2hi_56m_PGM_2Perc_coupling_errors_off_RP/round_8/102_bessy2hi_56m_PGM_2Perc_coupling_errors_off_RP.rml
2025-02-07 23:14:58,298 - INFO - Prepared sim number: 103: RAYPy_Simulation_bessy2hi_56m_PGM_2Perc_coupling_errors_off_RP/round_8/103_bessy2hi_56m_PGM_2Perc_coupling_errors_off_RP.rml
2025-02-07 23:14:58,306 - INFO - Prepared sim number: 104: RAYPy_Simulation_bessy2hi_56m_PGM_2Perc_coupling_errors_off_RP/round_8/104_bessy2hi_56m_PGM_2Perc_coupling_errors_off_RP.rml
2025-02-07 23:14:58,310 - INFO - Prepared sim number: 105: RAYPy_Simulation_bessy2hi_56m_PGM_2Perc_coupling_errors_off_RP/round_8/105_bessy2hi_56m_PGM_2Perc_coupling_errors_off_RP.rml
2025-02-07 23:14:58,314 - INFO - Prepared sim number: 106: RAYPy_Simulation_bessy2hi_56m_PGM_2Perc_coupling_errors_off_RP/round_8/106_bessy2hi_56m_PGM_2Perc_coupling_errors_off_RP.rml
2025-02-07 23:14:58,318 - INFO - Prepared sim number: 107: RAYPy_Simulation_bessy2hi_56m_PGM_2Perc_coupling_errors_off_RP/round_8/107_bessy2hi_56m_PGM_2Perc_coupling_errors_off_RP.rml
2025-02-07 23:14:58,322 - INFO - Prepared sim number: 108: RAYPy_Simulation_bessy2hi_56m_PGM_2Perc_coupling_errors_off_RP/round_8/108_bessy2hi_56m_PGM_2Perc_coupling_errors_off_RP.rml
2025-02-07 23:14:58,328 - INFO - Prepared sim number: 109: RAYPy_Simulation_bessy2hi_56m_PGM_2Perc_coupling_errors_off_RP/round_8/109_bessy2hi_56m_PGM_2Perc_coupling_errors_off_RP.rml
2025-02-07 23:14:58,331 - INFO - Prepared sim number: 110: RAYPy_Simulation_bessy2hi_56m_PGM_2Perc_coupling_errors_off_RP/round_8/110_bessy2hi_56m_PGM_2Perc_coupling_errors_off_RP.rml
2025-02-07 23:14:58,336 - INFO - Prepared sim number: 111: RAYPy_Simulation_bessy2hi_56m_PGM_2Perc_coupling_errors_off_RP/round_8/111_bessy2hi_56m_PGM_2Perc_coupling_errors_off_RP.rml
2025-02-07 23:14:58,340 - INFO - Prepared sim number: 112: RAYPy_Simulation_bessy2hi_56m_PGM_2Perc_coupling_errors_off_RP/round_8/112_bessy2hi_56m_PGM_2Perc_coupling_errors_off_RP.rml
2025-02-07 23:14:58,343 - INFO - Prepared sim number: 113: RAYPy_Simulation_bessy2hi_56m_PGM_2Perc_coupling_errors_off_RP/round_8/113_bessy2hi_56m_PGM_2Perc_coupling_errors_off_RP.rml
2025-02-07 23:14:58,347 - INFO - Prepared sim number: 114: RAYPy_Simulation_bessy2hi_56m_PGM_2Perc_coupling_errors_off_RP/round_8/114_bessy2hi_56m_PGM_2Perc_coupling_errors_off_RP.rml
2025-02-07 23:14:58,353 - INFO - Prepared sim number: 115: RAYPy_Simulation_bessy2hi_56m_PGM_2Perc_coupling_errors_off_RP/round_8/115_bessy2hi_56m_PGM_2Perc_coupling_errors_off_RP.rml
2025-02-07 23:14:58,358 - INFO - Prepared sim number: 116: RAYPy_Simulation_bessy2hi_56m_PGM_2Perc_coupling_errors_off_RP/round_8/116_bessy2hi_56m_PGM_2Perc_coupling_errors_off_RP.rml
2025-02-07 23:14:58,365 - INFO - Prepared sim number: 117: RAYPy_Simulation_bessy2hi_56m_PGM_2Perc_coupling_errors_off_RP/round_8/117_bessy2hi_56m_PGM_2Perc_coupling_errors_off_RP.rml
2025-02-07 23:14:58,370 - INFO - Prepared sim number: 118: RAYPy_Simulation_bessy2hi_56m_PGM_2Perc_coupling_errors_off_RP/round_8/118_bessy2hi_56m_PGM_2Perc_coupling_errors_off_RP.rml
2025-02-07 23:14:58,376 - INFO - Prepared sim number: 119: RAYPy_Simulation_bessy2hi_56m_PGM_2Perc_coupling_errors_off_RP/round_8/119_bessy2hi_56m_PGM_2Perc_coupling_errors_off_RP.rml
2025-02-07 23:14:58,382 - INFO - Prepared sim number: 120: RAYPy_Simulation_bessy2hi_56m_PGM_2Perc_coupling_errors_off_RP/round_8/120_bessy2hi_56m_PGM_2Perc_coupling_errors_off_RP.rml
2025-02-07 23:14:58,387 - INFO - Prepared sim number: 121: RAYPy_Simulation_bessy2hi_56m_PGM_2Perc_coupling_errors_off_RP/round_8/121_bessy2hi_56m_PGM_2Perc_coupling_errors_off_RP.rml
2025-02-07 23:14:58,392 - INFO - Prepared sim number: 122: RAYPy_Simulation_bessy2hi_56m_PGM_2Perc_coupling_errors_off_RP/round_8/122_bessy2hi_56m_PGM_2Perc_coupling_errors_off_RP.rml
2025-02-07 23:14:58,393 - INFO - Start round 9
2025-02-07 23:14:58,398 - INFO - Prepared sim number: 0: RAYPy_Simulation_bessy2hi_56m_PGM_2Perc_coupling_errors_off_RP/round_9/0_bessy2hi_56m_PGM_2Perc_coupling_errors_off_RP.rml
2025-02-07 23:14:58,403 - INFO - Prepared sim number: 1: RAYPy_Simulation_bessy2hi_56m_PGM_2Perc_coupling_errors_off_RP/round_9/1_bessy2hi_56m_PGM_2Perc_coupling_errors_off_RP.rml
2025-02-07 23:14:58,408 - INFO - Prepared sim number: 2: RAYPy_Simulation_bessy2hi_56m_PGM_2Perc_coupling_errors_off_RP/round_9/2_bessy2hi_56m_PGM_2Perc_coupling_errors_off_RP.rml
2025-02-07 23:14:58,412 - INFO - Prepared sim number: 3: RAYPy_Simulation_bessy2hi_56m_PGM_2Perc_coupling_errors_off_RP/round_9/3_bessy2hi_56m_PGM_2Perc_coupling_errors_off_RP.rml
2025-02-07 23:14:58,417 - INFO - Prepared sim number: 4: RAYPy_Simulation_bessy2hi_56m_PGM_2Perc_coupling_errors_off_RP/round_9/4_bessy2hi_56m_PGM_2Perc_coupling_errors_off_RP.rml
2025-02-07 23:14:58,422 - INFO - Prepared sim number: 5: RAYPy_Simulation_bessy2hi_56m_PGM_2Perc_coupling_errors_off_RP/round_9/5_bessy2hi_56m_PGM_2Perc_coupling_errors_off_RP.rml
2025-02-07 23:14:58,427 - INFO - Prepared sim number: 6: RAYPy_Simulation_bessy2hi_56m_PGM_2Perc_coupling_errors_off_RP/round_9/6_bessy2hi_56m_PGM_2Perc_coupling_errors_off_RP.rml
2025-02-07 23:14:58,431 - INFO - Prepared sim number: 7: RAYPy_Simulation_bessy2hi_56m_PGM_2Perc_coupling_errors_off_RP/round_9/7_bessy2hi_56m_PGM_2Perc_coupling_errors_off_RP.rml
2025-02-07 23:14:58,436 - INFO - Prepared sim number: 8: RAYPy_Simulation_bessy2hi_56m_PGM_2Perc_coupling_errors_off_RP/round_9/8_bessy2hi_56m_PGM_2Perc_coupling_errors_off_RP.rml
2025-02-07 23:14:58,441 - INFO - Prepared sim number: 9: RAYPy_Simulation_bessy2hi_56m_PGM_2Perc_coupling_errors_off_RP/round_9/9_bessy2hi_56m_PGM_2Perc_coupling_errors_off_RP.rml
2025-02-07 23:14:58,446 - INFO - Prepared sim number: 10: RAYPy_Simulation_bessy2hi_56m_PGM_2Perc_coupling_errors_off_RP/round_9/10_bessy2hi_56m_PGM_2Perc_coupling_errors_off_RP.rml
2025-02-07 23:14:58,451 - INFO - Prepared sim number: 11: RAYPy_Simulation_bessy2hi_56m_PGM_2Perc_coupling_errors_off_RP/round_9/11_bessy2hi_56m_PGM_2Perc_coupling_errors_off_RP.rml
2025-02-07 23:14:58,456 - INFO - Prepared sim number: 12: RAYPy_Simulation_bessy2hi_56m_PGM_2Perc_coupling_errors_off_RP/round_9/12_bessy2hi_56m_PGM_2Perc_coupling_errors_off_RP.rml
2025-02-07 23:14:58,460 - INFO - Prepared sim number: 13: RAYPy_Simulation_bessy2hi_56m_PGM_2Perc_coupling_errors_off_RP/round_9/13_bessy2hi_56m_PGM_2Perc_coupling_errors_off_RP.rml
2025-02-07 23:14:58,465 - INFO - Prepared sim number: 14: RAYPy_Simulation_bessy2hi_56m_PGM_2Perc_coupling_errors_off_RP/round_9/14_bessy2hi_56m_PGM_2Perc_coupling_errors_off_RP.rml
2025-02-07 23:14:58,468 - INFO - Prepared sim number: 15: RAYPy_Simulation_bessy2hi_56m_PGM_2Perc_coupling_errors_off_RP/round_9/15_bessy2hi_56m_PGM_2Perc_coupling_errors_off_RP.rml
2025-02-07 23:14:58,472 - INFO - Prepared sim number: 16: RAYPy_Simulation_bessy2hi_56m_PGM_2Perc_coupling_errors_off_RP/round_9/16_bessy2hi_56m_PGM_2Perc_coupling_errors_off_RP.rml
2025-02-07 23:14:58,476 - INFO - Prepared sim number: 17: RAYPy_Simulation_bessy2hi_56m_PGM_2Perc_coupling_errors_off_RP/round_9/17_bessy2hi_56m_PGM_2Perc_coupling_errors_off_RP.rml
2025-02-07 23:14:58,479 - INFO - Prepared sim number: 18: RAYPy_Simulation_bessy2hi_56m_PGM_2Perc_coupling_errors_off_RP/round_9/18_bessy2hi_56m_PGM_2Perc_coupling_errors_off_RP.rml
2025-02-07 23:14:58,482 - INFO - Prepared sim number: 19: RAYPy_Simulation_bessy2hi_56m_PGM_2Perc_coupling_errors_off_RP/round_9/19_bessy2hi_56m_PGM_2Perc_coupling_errors_off_RP.rml
2025-02-07 23:14:58,486 - INFO - Prepared sim number: 20: RAYPy_Simulation_bessy2hi_56m_PGM_2Perc_coupling_errors_off_RP/round_9/20_bessy2hi_56m_PGM_2Perc_coupling_errors_off_RP.rml
2025-02-07 23:14:58,489 - INFO - Prepared sim number: 21: RAYPy_Simulation_bessy2hi_56m_PGM_2Perc_coupling_errors_off_RP/round_9/21_bessy2hi_56m_PGM_2Perc_coupling_errors_off_RP.rml
2025-02-07 23:14:58,492 - INFO - Prepared sim number: 22: RAYPy_Simulation_bessy2hi_56m_PGM_2Perc_coupling_errors_off_RP/round_9/22_bessy2hi_56m_PGM_2Perc_coupling_errors_off_RP.rml
2025-02-07 23:14:58,496 - INFO - Prepared sim number: 23: RAYPy_Simulation_bessy2hi_56m_PGM_2Perc_coupling_errors_off_RP/round_9/23_bessy2hi_56m_PGM_2Perc_coupling_errors_off_RP.rml
2025-02-07 23:14:58,499 - INFO - Prepared sim number: 24: RAYPy_Simulation_bessy2hi_56m_PGM_2Perc_coupling_errors_off_RP/round_9/24_bessy2hi_56m_PGM_2Perc_coupling_errors_off_RP.rml
2025-02-07 23:14:58,503 - INFO - Prepared sim number: 25: RAYPy_Simulation_bessy2hi_56m_PGM_2Perc_coupling_errors_off_RP/round_9/25_bessy2hi_56m_PGM_2Perc_coupling_errors_off_RP.rml
2025-02-07 23:14:58,506 - INFO - Prepared sim number: 26: RAYPy_Simulation_bessy2hi_56m_PGM_2Perc_coupling_errors_off_RP/round_9/26_bessy2hi_56m_PGM_2Perc_coupling_errors_off_RP.rml
2025-02-07 23:14:58,510 - INFO - Prepared sim number: 27: RAYPy_Simulation_bessy2hi_56m_PGM_2Perc_coupling_errors_off_RP/round_9/27_bessy2hi_56m_PGM_2Perc_coupling_errors_off_RP.rml
2025-02-07 23:14:58,514 - INFO - Prepared sim number: 28: RAYPy_Simulation_bessy2hi_56m_PGM_2Perc_coupling_errors_off_RP/round_9/28_bessy2hi_56m_PGM_2Perc_coupling_errors_off_RP.rml
2025-02-07 23:14:58,518 - INFO - Prepared sim number: 29: RAYPy_Simulation_bessy2hi_56m_PGM_2Perc_coupling_errors_off_RP/round_9/29_bessy2hi_56m_PGM_2Perc_coupling_errors_off_RP.rml
2025-02-07 23:14:58,521 - INFO - Prepared sim number: 30: RAYPy_Simulation_bessy2hi_56m_PGM_2Perc_coupling_errors_off_RP/round_9/30_bessy2hi_56m_PGM_2Perc_coupling_errors_off_RP.rml
2025-02-07 23:14:58,524 - INFO - Prepared sim number: 31: RAYPy_Simulation_bessy2hi_56m_PGM_2Perc_coupling_errors_off_RP/round_9/31_bessy2hi_56m_PGM_2Perc_coupling_errors_off_RP.rml
2025-02-07 23:14:58,528 - INFO - Prepared sim number: 32: RAYPy_Simulation_bessy2hi_56m_PGM_2Perc_coupling_errors_off_RP/round_9/32_bessy2hi_56m_PGM_2Perc_coupling_errors_off_RP.rml
2025-02-07 23:14:58,528 - INFO - Waiting for batch number: 18, timeout: 22.04052363766564s
2025-02-07 23:15:01,098 - INFO - Completed: 1, remaining: 59, RAYPy_Simulation_bessy2hi_56m_PGM_2Perc_coupling_errors_off_RP/round_8/97_bessy2hi_56m_PGM_2Perc_coupling_errors_off_RP.rml
2025-02-07 23:15:01,262 - INFO - Completed: 2, remaining: 58, RAYPy_Simulation_bessy2hi_56m_PGM_2Perc_coupling_errors_off_RP/round_8/99_bessy2hi_56m_PGM_2Perc_coupling_errors_off_RP.rml
2025-02-07 23:15:01,358 - INFO - Completed: 3, remaining: 57, RAYPy_Simulation_bessy2hi_56m_PGM_2Perc_coupling_errors_off_RP/round_8/106_bessy2hi_56m_PGM_2Perc_coupling_errors_off_RP.rml
2025-02-07 23:15:01,385 - INFO - Completed: 4, remaining: 56, RAYPy_Simulation_bessy2hi_56m_PGM_2Perc_coupling_errors_off_RP/round_8/104_bessy2hi_56m_PGM_2Perc_coupling_errors_off_RP.rml
2025-02-07 23:15:01,403 - INFO - Completed: 5, remaining: 55, RAYPy_Simulation_bessy2hi_56m_PGM_2Perc_coupling_errors_off_RP/round_8/98_bessy2hi_56m_PGM_2Perc_coupling_errors_off_RP.rml
2025-02-07 23:15:01,534 - INFO - Completed: 6, remaining: 54, RAYPy_Simulation_bessy2hi_56m_PGM_2Perc_coupling_errors_off_RP/round_8/105_bessy2hi_56m_PGM_2Perc_coupling_errors_off_RP.rml
2025-02-07 23:15:01,557 - INFO - Completed: 7, remaining: 53, RAYPy_Simulation_bessy2hi_56m_PGM_2Perc_coupling_errors_off_RP/round_8/103_bessy2hi_56m_PGM_2Perc_coupling_errors_off_RP.rml
2025-02-07 23:15:01,623 - INFO - Completed: 8, remaining: 52, RAYPy_Simulation_bessy2hi_56m_PGM_2Perc_coupling_errors_off_RP/round_8/96_bessy2hi_56m_PGM_2Perc_coupling_errors_off_RP.rml
2025-02-07 23:15:01,660 - INFO - Completed: 9, remaining: 51, RAYPy_Simulation_bessy2hi_56m_PGM_2Perc_coupling_errors_off_RP/round_8/102_bessy2hi_56m_PGM_2Perc_coupling_errors_off_RP.rml
2025-02-07 23:15:01,862 - INFO - Completed: 10, remaining: 50, RAYPy_Simulation_bessy2hi_56m_PGM_2Perc_coupling_errors_off_RP/round_8/107_bessy2hi_56m_PGM_2Perc_coupling_errors_off_RP.rml
2025-02-07 23:15:03,829 - INFO - Completed: 11, remaining: 49, RAYPy_Simulation_bessy2hi_56m_PGM_2Perc_coupling_errors_off_RP/round_8/100_bessy2hi_56m_PGM_2Perc_coupling_errors_off_RP.rml
2025-02-07 23:15:03,867 - INFO - Completed: 12, remaining: 48, RAYPy_Simulation_bessy2hi_56m_PGM_2Perc_coupling_errors_off_RP/round_8/101_bessy2hi_56m_PGM_2Perc_coupling_errors_off_RP.rml
2025-02-07 23:15:04,374 - INFO - Completed: 13, remaining: 47, RAYPy_Simulation_bessy2hi_56m_PGM_2Perc_coupling_errors_off_RP/round_8/108_bessy2hi_56m_PGM_2Perc_coupling_errors_off_RP.rml
2025-02-07 23:15:04,745 - INFO - Completed: 14, remaining: 46, RAYPy_Simulation_bessy2hi_56m_PGM_2Perc_coupling_errors_off_RP/round_8/109_bessy2hi_56m_PGM_2Perc_coupling_errors_off_RP.rml
2025-02-07 23:15:04,802 - INFO - Completed: 15, remaining: 45, RAYPy_Simulation_bessy2hi_56m_PGM_2Perc_coupling_errors_off_RP/round_8/111_bessy2hi_56m_PGM_2Perc_coupling_errors_off_RP.rml
2025-02-07 23:15:04,864 - INFO - Completed: 16, remaining: 44, RAYPy_Simulation_bessy2hi_56m_PGM_2Perc_coupling_errors_off_RP/round_8/110_bessy2hi_56m_PGM_2Perc_coupling_errors_off_RP.rml
2025-02-07 23:15:05,029 - INFO - Completed: 17, remaining: 43, RAYPy_Simulation_bessy2hi_56m_PGM_2Perc_coupling_errors_off_RP/round_8/113_bessy2hi_56m_PGM_2Perc_coupling_errors_off_RP.rml
2025-02-07 23:15:05,097 - INFO - Completed: 18, remaining: 42, RAYPy_Simulation_bessy2hi_56m_PGM_2Perc_coupling_errors_off_RP/round_8/116_bessy2hi_56m_PGM_2Perc_coupling_errors_off_RP.rml
2025-02-07 23:15:05,155 - INFO - Completed: 19, remaining: 41, RAYPy_Simulation_bessy2hi_56m_PGM_2Perc_coupling_errors_off_RP/round_8/115_bessy2hi_56m_PGM_2Perc_coupling_errors_off_RP.rml
2025-02-07 23:15:05,263 - INFO - Completed: 20, remaining: 40, RAYPy_Simulation_bessy2hi_56m_PGM_2Perc_coupling_errors_off_RP/round_8/114_bessy2hi_56m_PGM_2Perc_coupling_errors_off_RP.rml
2025-02-07 23:15:05,293 - INFO - Completed: 21, remaining: 39, RAYPy_Simulation_bessy2hi_56m_PGM_2Perc_coupling_errors_off_RP/round_8/117_bessy2hi_56m_PGM_2Perc_coupling_errors_off_RP.rml
2025-02-07 23:15:05,703 - INFO - Completed: 22, remaining: 38, RAYPy_Simulation_bessy2hi_56m_PGM_2Perc_coupling_errors_off_RP/round_8/112_bessy2hi_56m_PGM_2Perc_coupling_errors_off_RP.rml
2025-02-07 23:15:07,453 - INFO - Completed: 23, remaining: 37, RAYPy_Simulation_bessy2hi_56m_PGM_2Perc_coupling_errors_off_RP/round_8/118_bessy2hi_56m_PGM_2Perc_coupling_errors_off_RP.rml
2025-02-07 23:15:07,472 - INFO - Completed: 24, remaining: 36, RAYPy_Simulation_bessy2hi_56m_PGM_2Perc_coupling_errors_off_RP/round_8/119_bessy2hi_56m_PGM_2Perc_coupling_errors_off_RP.rml
2025-02-07 23:15:07,923 - INFO - Completed: 25, remaining: 35, RAYPy_Simulation_bessy2hi_56m_PGM_2Perc_coupling_errors_off_RP/round_8/120_bessy2hi_56m_PGM_2Perc_coupling_errors_off_RP.rml
2025-02-07 23:15:08,232 - INFO - Completed: 26, remaining: 34, RAYPy_Simulation_bessy2hi_56m_PGM_2Perc_coupling_errors_off_RP/round_9/1_bessy2hi_56m_PGM_2Perc_coupling_errors_off_RP.rml
2025-02-07 23:15:08,251 - INFO - Completed: 27, remaining: 33, RAYPy_Simulation_bessy2hi_56m_PGM_2Perc_coupling_errors_off_RP/round_9/0_bessy2hi_56m_PGM_2Perc_coupling_errors_off_RP.rml
2025-02-07 23:15:08,341 - INFO - Completed: 28, remaining: 32, RAYPy_Simulation_bessy2hi_56m_PGM_2Perc_coupling_errors_off_RP/round_8/122_bessy2hi_56m_PGM_2Perc_coupling_errors_off_RP.rml
2025-02-07 23:15:08,406 - INFO - Completed: 29, remaining: 31, RAYPy_Simulation_bessy2hi_56m_PGM_2Perc_coupling_errors_off_RP/round_8/121_bessy2hi_56m_PGM_2Perc_coupling_errors_off_RP.rml
2025-02-07 23:15:08,630 - INFO - Completed: 30, remaining: 30, RAYPy_Simulation_bessy2hi_56m_PGM_2Perc_coupling_errors_off_RP/round_9/3_bessy2hi_56m_PGM_2Perc_coupling_errors_off_RP.rml
2025-02-07 23:15:08,777 - INFO - Completed: 31, remaining: 29, RAYPy_Simulation_bessy2hi_56m_PGM_2Perc_coupling_errors_off_RP/round_9/5_bessy2hi_56m_PGM_2Perc_coupling_errors_off_RP.rml
2025-02-07 23:15:08,907 - INFO - Completed: 32, remaining: 28, RAYPy_Simulation_bessy2hi_56m_PGM_2Perc_coupling_errors_off_RP/round_9/4_bessy2hi_56m_PGM_2Perc_coupling_errors_off_RP.rml
2025-02-07 23:15:09,546 - INFO - Completed: 33, remaining: 27, RAYPy_Simulation_bessy2hi_56m_PGM_2Perc_coupling_errors_off_RP/round_9/6_bessy2hi_56m_PGM_2Perc_coupling_errors_off_RP.rml
2025-02-07 23:15:09,663 - INFO - Completed: 34, remaining: 26, RAYPy_Simulation_bessy2hi_56m_PGM_2Perc_coupling_errors_off_RP/round_9/2_bessy2hi_56m_PGM_2Perc_coupling_errors_off_RP.rml
2025-02-07 23:15:11,327 - INFO - Completed: 35, remaining: 25, RAYPy_Simulation_bessy2hi_56m_PGM_2Perc_coupling_errors_off_RP/round_9/7_bessy2hi_56m_PGM_2Perc_coupling_errors_off_RP.rml
2025-02-07 23:15:11,521 - INFO - Completed: 36, remaining: 24, RAYPy_Simulation_bessy2hi_56m_PGM_2Perc_coupling_errors_off_RP/round_9/8_bessy2hi_56m_PGM_2Perc_coupling_errors_off_RP.rml
2025-02-07 23:15:11,919 - INFO - Completed: 37, remaining: 23, RAYPy_Simulation_bessy2hi_56m_PGM_2Perc_coupling_errors_off_RP/round_9/10_bessy2hi_56m_PGM_2Perc_coupling_errors_off_RP.rml
2025-02-07 23:15:12,165 - INFO - Completed: 38, remaining: 22, RAYPy_Simulation_bessy2hi_56m_PGM_2Perc_coupling_errors_off_RP/round_9/11_bessy2hi_56m_PGM_2Perc_coupling_errors_off_RP.rml
2025-02-07 23:15:12,268 - INFO - Completed: 39, remaining: 21, RAYPy_Simulation_bessy2hi_56m_PGM_2Perc_coupling_errors_off_RP/round_9/9_bessy2hi_56m_PGM_2Perc_coupling_errors_off_RP.rml
2025-02-07 23:15:12,475 - INFO - Completed: 40, remaining: 20, RAYPy_Simulation_bessy2hi_56m_PGM_2Perc_coupling_errors_off_RP/round_9/13_bessy2hi_56m_PGM_2Perc_coupling_errors_off_RP.rml
2025-02-07 23:15:12,596 - INFO - Completed: 41, remaining: 19, RAYPy_Simulation_bessy2hi_56m_PGM_2Perc_coupling_errors_off_RP/round_9/14_bessy2hi_56m_PGM_2Perc_coupling_errors_off_RP.rml
2025-02-07 23:15:12,731 - INFO - Completed: 42, remaining: 18, RAYPy_Simulation_bessy2hi_56m_PGM_2Perc_coupling_errors_off_RP/round_9/15_bessy2hi_56m_PGM_2Perc_coupling_errors_off_RP.rml
2025-02-07 23:15:12,880 - INFO - Completed: 43, remaining: 17, RAYPy_Simulation_bessy2hi_56m_PGM_2Perc_coupling_errors_off_RP/round_9/16_bessy2hi_56m_PGM_2Perc_coupling_errors_off_RP.rml
2025-02-07 23:15:13,202 - INFO - Completed: 44, remaining: 16, RAYPy_Simulation_bessy2hi_56m_PGM_2Perc_coupling_errors_off_RP/round_9/12_bessy2hi_56m_PGM_2Perc_coupling_errors_off_RP.rml
2025-02-07 23:15:13,576 - INFO - Completed: 45, remaining: 15, RAYPy_Simulation_bessy2hi_56m_PGM_2Perc_coupling_errors_off_RP/round_9/18_bessy2hi_56m_PGM_2Perc_coupling_errors_off_RP.rml
2025-02-07 23:15:13,714 - INFO - Completed: 46, remaining: 14, RAYPy_Simulation_bessy2hi_56m_PGM_2Perc_coupling_errors_off_RP/round_9/17_bessy2hi_56m_PGM_2Perc_coupling_errors_off_RP.rml
2025-02-07 23:15:15,167 - INFO - Completed: 47, remaining: 13, RAYPy_Simulation_bessy2hi_56m_PGM_2Perc_coupling_errors_off_RP/round_9/19_bessy2hi_56m_PGM_2Perc_coupling_errors_off_RP.rml
2025-02-07 23:15:15,331 - INFO - Completed: 48, remaining: 12, RAYPy_Simulation_bessy2hi_56m_PGM_2Perc_coupling_errors_off_RP/round_9/20_bessy2hi_56m_PGM_2Perc_coupling_errors_off_RP.rml
2025-02-07 23:15:15,761 - INFO - Completed: 49, remaining: 11, RAYPy_Simulation_bessy2hi_56m_PGM_2Perc_coupling_errors_off_RP/round_9/21_bessy2hi_56m_PGM_2Perc_coupling_errors_off_RP.rml
2025-02-07 23:15:15,948 - INFO - Completed: 50, remaining: 10, RAYPy_Simulation_bessy2hi_56m_PGM_2Perc_coupling_errors_off_RP/round_9/22_bessy2hi_56m_PGM_2Perc_coupling_errors_off_RP.rml
2025-02-07 23:15:16,166 - INFO - Completed: 51, remaining: 9, RAYPy_Simulation_bessy2hi_56m_PGM_2Perc_coupling_errors_off_RP/round_9/23_bessy2hi_56m_PGM_2Perc_coupling_errors_off_RP.rml
2025-02-07 23:15:16,297 - INFO - Completed: 52, remaining: 8, RAYPy_Simulation_bessy2hi_56m_PGM_2Perc_coupling_errors_off_RP/round_9/24_bessy2hi_56m_PGM_2Perc_coupling_errors_off_RP.rml
2025-02-07 23:15:16,479 - INFO - Completed: 53, remaining: 7, RAYPy_Simulation_bessy2hi_56m_PGM_2Perc_coupling_errors_off_RP/round_9/26_bessy2hi_56m_PGM_2Perc_coupling_errors_off_RP.rml
2025-02-07 23:15:16,612 - INFO - Completed: 54, remaining: 6, RAYPy_Simulation_bessy2hi_56m_PGM_2Perc_coupling_errors_off_RP/round_9/27_bessy2hi_56m_PGM_2Perc_coupling_errors_off_RP.rml
2025-02-07 23:15:16,737 - INFO - Completed: 55, remaining: 5, RAYPy_Simulation_bessy2hi_56m_PGM_2Perc_coupling_errors_off_RP/round_9/28_bessy2hi_56m_PGM_2Perc_coupling_errors_off_RP.rml
2025-02-07 23:15:16,912 - INFO - Completed: 56, remaining: 4, RAYPy_Simulation_bessy2hi_56m_PGM_2Perc_coupling_errors_off_RP/round_9/25_bessy2hi_56m_PGM_2Perc_coupling_errors_off_RP.rml
2025-02-07 23:15:17,018 - INFO - Completed: 57, remaining: 3, RAYPy_Simulation_bessy2hi_56m_PGM_2Perc_coupling_errors_off_RP/round_9/29_bessy2hi_56m_PGM_2Perc_coupling_errors_off_RP.rml
2025-02-07 23:15:17,117 - INFO - Completed: 58, remaining: 2, RAYPy_Simulation_bessy2hi_56m_PGM_2Perc_coupling_errors_off_RP/round_9/30_bessy2hi_56m_PGM_2Perc_coupling_errors_off_RP.rml
2025-02-07 23:15:17,846 - INFO - Completed: 59, remaining: 1, RAYPy_Simulation_bessy2hi_56m_PGM_2Perc_coupling_errors_off_RP/round_9/31_bessy2hi_56m_PGM_2Perc_coupling_errors_off_RP.rml
2025-02-07 23:15:17,930 - INFO - Completed: 60, remaining: 0, RAYPy_Simulation_bessy2hi_56m_PGM_2Perc_coupling_errors_off_RP/round_9/32_bessy2hi_56m_PGM_2Perc_coupling_errors_off_RP.rml
2025-02-07 23:15:17,930 - INFO - Batch Completed
2025-02-07 23:15:17,930 - INFO - Waiting For batch, 60 simulations to go
2025-02-07 23:15:17,936 - INFO - Prepared sim number: 33: RAYPy_Simulation_bessy2hi_56m_PGM_2Perc_coupling_errors_off_RP/round_9/33_bessy2hi_56m_PGM_2Perc_coupling_errors_off_RP.rml
2025-02-07 23:15:17,950 - INFO - Prepared sim number: 34: RAYPy_Simulation_bessy2hi_56m_PGM_2Perc_coupling_errors_off_RP/round_9/34_bessy2hi_56m_PGM_2Perc_coupling_errors_off_RP.rml
2025-02-07 23:15:17,959 - INFO - Prepared sim number: 35: RAYPy_Simulation_bessy2hi_56m_PGM_2Perc_coupling_errors_off_RP/round_9/35_bessy2hi_56m_PGM_2Perc_coupling_errors_off_RP.rml
2025-02-07 23:15:17,967 - INFO - Prepared sim number: 36: RAYPy_Simulation_bessy2hi_56m_PGM_2Perc_coupling_errors_off_RP/round_9/36_bessy2hi_56m_PGM_2Perc_coupling_errors_off_RP.rml
2025-02-07 23:15:17,980 - INFO - Prepared sim number: 37: RAYPy_Simulation_bessy2hi_56m_PGM_2Perc_coupling_errors_off_RP/round_9/37_bessy2hi_56m_PGM_2Perc_coupling_errors_off_RP.rml
2025-02-07 23:15:17,987 - INFO - Prepared sim number: 38: RAYPy_Simulation_bessy2hi_56m_PGM_2Perc_coupling_errors_off_RP/round_9/38_bessy2hi_56m_PGM_2Perc_coupling_errors_off_RP.rml
2025-02-07 23:15:17,994 - INFO - Prepared sim number: 39: RAYPy_Simulation_bessy2hi_56m_PGM_2Perc_coupling_errors_off_RP/round_9/39_bessy2hi_56m_PGM_2Perc_coupling_errors_off_RP.rml
2025-02-07 23:15:18,000 - INFO - Prepared sim number: 40: RAYPy_Simulation_bessy2hi_56m_PGM_2Perc_coupling_errors_off_RP/round_9/40_bessy2hi_56m_PGM_2Perc_coupling_errors_off_RP.rml
2025-02-07 23:15:18,009 - INFO - Prepared sim number: 41: RAYPy_Simulation_bessy2hi_56m_PGM_2Perc_coupling_errors_off_RP/round_9/41_bessy2hi_56m_PGM_2Perc_coupling_errors_off_RP.rml
2025-02-07 23:15:18,016 - INFO - Prepared sim number: 42: RAYPy_Simulation_bessy2hi_56m_PGM_2Perc_coupling_errors_off_RP/round_9/42_bessy2hi_56m_PGM_2Perc_coupling_errors_off_RP.rml
2025-02-07 23:15:18,023 - INFO - Prepared sim number: 43: RAYPy_Simulation_bessy2hi_56m_PGM_2Perc_coupling_errors_off_RP/round_9/43_bessy2hi_56m_PGM_2Perc_coupling_errors_off_RP.rml
2025-02-07 23:15:18,029 - INFO - Prepared sim number: 44: RAYPy_Simulation_bessy2hi_56m_PGM_2Perc_coupling_errors_off_RP/round_9/44_bessy2hi_56m_PGM_2Perc_coupling_errors_off_RP.rml
2025-02-07 23:15:18,035 - INFO - Prepared sim number: 45: RAYPy_Simulation_bessy2hi_56m_PGM_2Perc_coupling_errors_off_RP/round_9/45_bessy2hi_56m_PGM_2Perc_coupling_errors_off_RP.rml
2025-02-07 23:15:18,040 - INFO - Prepared sim number: 46: RAYPy_Simulation_bessy2hi_56m_PGM_2Perc_coupling_errors_off_RP/round_9/46_bessy2hi_56m_PGM_2Perc_coupling_errors_off_RP.rml
2025-02-07 23:15:18,046 - INFO - Prepared sim number: 47: RAYPy_Simulation_bessy2hi_56m_PGM_2Perc_coupling_errors_off_RP/round_9/47_bessy2hi_56m_PGM_2Perc_coupling_errors_off_RP.rml
2025-02-07 23:15:18,052 - INFO - Prepared sim number: 48: RAYPy_Simulation_bessy2hi_56m_PGM_2Perc_coupling_errors_off_RP/round_9/48_bessy2hi_56m_PGM_2Perc_coupling_errors_off_RP.rml
2025-02-07 23:15:18,057 - INFO - Prepared sim number: 49: RAYPy_Simulation_bessy2hi_56m_PGM_2Perc_coupling_errors_off_RP/round_9/49_bessy2hi_56m_PGM_2Perc_coupling_errors_off_RP.rml
2025-02-07 23:15:18,063 - INFO - Prepared sim number: 50: RAYPy_Simulation_bessy2hi_56m_PGM_2Perc_coupling_errors_off_RP/round_9/50_bessy2hi_56m_PGM_2Perc_coupling_errors_off_RP.rml
2025-02-07 23:15:18,068 - INFO - Prepared sim number: 51: RAYPy_Simulation_bessy2hi_56m_PGM_2Perc_coupling_errors_off_RP/round_9/51_bessy2hi_56m_PGM_2Perc_coupling_errors_off_RP.rml
2025-02-07 23:15:18,073 - INFO - Prepared sim number: 52: RAYPy_Simulation_bessy2hi_56m_PGM_2Perc_coupling_errors_off_RP/round_9/52_bessy2hi_56m_PGM_2Perc_coupling_errors_off_RP.rml
2025-02-07 23:15:18,079 - INFO - Prepared sim number: 53: RAYPy_Simulation_bessy2hi_56m_PGM_2Perc_coupling_errors_off_RP/round_9/53_bessy2hi_56m_PGM_2Perc_coupling_errors_off_RP.rml
2025-02-07 23:15:18,084 - INFO - Prepared sim number: 54: RAYPy_Simulation_bessy2hi_56m_PGM_2Perc_coupling_errors_off_RP/round_9/54_bessy2hi_56m_PGM_2Perc_coupling_errors_off_RP.rml
2025-02-07 23:15:18,090 - INFO - Prepared sim number: 55: RAYPy_Simulation_bessy2hi_56m_PGM_2Perc_coupling_errors_off_RP/round_9/55_bessy2hi_56m_PGM_2Perc_coupling_errors_off_RP.rml
2025-02-07 23:15:18,096 - INFO - Prepared sim number: 56: RAYPy_Simulation_bessy2hi_56m_PGM_2Perc_coupling_errors_off_RP/round_9/56_bessy2hi_56m_PGM_2Perc_coupling_errors_off_RP.rml
2025-02-07 23:15:18,101 - INFO - Prepared sim number: 57: RAYPy_Simulation_bessy2hi_56m_PGM_2Perc_coupling_errors_off_RP/round_9/57_bessy2hi_56m_PGM_2Perc_coupling_errors_off_RP.rml
2025-02-07 23:15:18,107 - INFO - Prepared sim number: 58: RAYPy_Simulation_bessy2hi_56m_PGM_2Perc_coupling_errors_off_RP/round_9/58_bessy2hi_56m_PGM_2Perc_coupling_errors_off_RP.rml
2025-02-07 23:15:18,113 - INFO - Prepared sim number: 59: RAYPy_Simulation_bessy2hi_56m_PGM_2Perc_coupling_errors_off_RP/round_9/59_bessy2hi_56m_PGM_2Perc_coupling_errors_off_RP.rml
2025-02-07 23:15:18,118 - INFO - Prepared sim number: 60: RAYPy_Simulation_bessy2hi_56m_PGM_2Perc_coupling_errors_off_RP/round_9/60_bessy2hi_56m_PGM_2Perc_coupling_errors_off_RP.rml
2025-02-07 23:15:18,123 - INFO - Prepared sim number: 61: RAYPy_Simulation_bessy2hi_56m_PGM_2Perc_coupling_errors_off_RP/round_9/61_bessy2hi_56m_PGM_2Perc_coupling_errors_off_RP.rml
2025-02-07 23:15:18,128 - INFO - Prepared sim number: 62: RAYPy_Simulation_bessy2hi_56m_PGM_2Perc_coupling_errors_off_RP/round_9/62_bessy2hi_56m_PGM_2Perc_coupling_errors_off_RP.rml
2025-02-07 23:15:18,133 - INFO - Prepared sim number: 63: RAYPy_Simulation_bessy2hi_56m_PGM_2Perc_coupling_errors_off_RP/round_9/63_bessy2hi_56m_PGM_2Perc_coupling_errors_off_RP.rml
2025-02-07 23:15:18,139 - INFO - Prepared sim number: 64: RAYPy_Simulation_bessy2hi_56m_PGM_2Perc_coupling_errors_off_RP/round_9/64_bessy2hi_56m_PGM_2Perc_coupling_errors_off_RP.rml
2025-02-07 23:15:18,144 - INFO - Prepared sim number: 65: RAYPy_Simulation_bessy2hi_56m_PGM_2Perc_coupling_errors_off_RP/round_9/65_bessy2hi_56m_PGM_2Perc_coupling_errors_off_RP.rml
2025-02-07 23:15:18,149 - INFO - Prepared sim number: 66: RAYPy_Simulation_bessy2hi_56m_PGM_2Perc_coupling_errors_off_RP/round_9/66_bessy2hi_56m_PGM_2Perc_coupling_errors_off_RP.rml
2025-02-07 23:15:18,154 - INFO - Prepared sim number: 67: RAYPy_Simulation_bessy2hi_56m_PGM_2Perc_coupling_errors_off_RP/round_9/67_bessy2hi_56m_PGM_2Perc_coupling_errors_off_RP.rml
2025-02-07 23:15:18,160 - INFO - Prepared sim number: 68: RAYPy_Simulation_bessy2hi_56m_PGM_2Perc_coupling_errors_off_RP/round_9/68_bessy2hi_56m_PGM_2Perc_coupling_errors_off_RP.rml
2025-02-07 23:15:18,165 - INFO - Prepared sim number: 69: RAYPy_Simulation_bessy2hi_56m_PGM_2Perc_coupling_errors_off_RP/round_9/69_bessy2hi_56m_PGM_2Perc_coupling_errors_off_RP.rml
2025-02-07 23:15:18,170 - INFO - Prepared sim number: 70: RAYPy_Simulation_bessy2hi_56m_PGM_2Perc_coupling_errors_off_RP/round_9/70_bessy2hi_56m_PGM_2Perc_coupling_errors_off_RP.rml
2025-02-07 23:15:18,173 - INFO - Prepared sim number: 71: RAYPy_Simulation_bessy2hi_56m_PGM_2Perc_coupling_errors_off_RP/round_9/71_bessy2hi_56m_PGM_2Perc_coupling_errors_off_RP.rml
2025-02-07 23:15:18,176 - INFO - Prepared sim number: 72: RAYPy_Simulation_bessy2hi_56m_PGM_2Perc_coupling_errors_off_RP/round_9/72_bessy2hi_56m_PGM_2Perc_coupling_errors_off_RP.rml
2025-02-07 23:15:18,180 - INFO - Prepared sim number: 73: RAYPy_Simulation_bessy2hi_56m_PGM_2Perc_coupling_errors_off_RP/round_9/73_bessy2hi_56m_PGM_2Perc_coupling_errors_off_RP.rml
2025-02-07 23:15:18,184 - INFO - Prepared sim number: 74: RAYPy_Simulation_bessy2hi_56m_PGM_2Perc_coupling_errors_off_RP/round_9/74_bessy2hi_56m_PGM_2Perc_coupling_errors_off_RP.rml
2025-02-07 23:15:18,188 - INFO - Prepared sim number: 75: RAYPy_Simulation_bessy2hi_56m_PGM_2Perc_coupling_errors_off_RP/round_9/75_bessy2hi_56m_PGM_2Perc_coupling_errors_off_RP.rml
2025-02-07 23:15:18,192 - INFO - Prepared sim number: 76: RAYPy_Simulation_bessy2hi_56m_PGM_2Perc_coupling_errors_off_RP/round_9/76_bessy2hi_56m_PGM_2Perc_coupling_errors_off_RP.rml
2025-02-07 23:15:18,196 - INFO - Prepared sim number: 77: RAYPy_Simulation_bessy2hi_56m_PGM_2Perc_coupling_errors_off_RP/round_9/77_bessy2hi_56m_PGM_2Perc_coupling_errors_off_RP.rml
2025-02-07 23:15:18,199 - INFO - Prepared sim number: 78: RAYPy_Simulation_bessy2hi_56m_PGM_2Perc_coupling_errors_off_RP/round_9/78_bessy2hi_56m_PGM_2Perc_coupling_errors_off_RP.rml
2025-02-07 23:15:18,202 - INFO - Prepared sim number: 79: RAYPy_Simulation_bessy2hi_56m_PGM_2Perc_coupling_errors_off_RP/round_9/79_bessy2hi_56m_PGM_2Perc_coupling_errors_off_RP.rml
2025-02-07 23:15:18,206 - INFO - Prepared sim number: 80: RAYPy_Simulation_bessy2hi_56m_PGM_2Perc_coupling_errors_off_RP/round_9/80_bessy2hi_56m_PGM_2Perc_coupling_errors_off_RP.rml
2025-02-07 23:15:18,210 - INFO - Prepared sim number: 81: RAYPy_Simulation_bessy2hi_56m_PGM_2Perc_coupling_errors_off_RP/round_9/81_bessy2hi_56m_PGM_2Perc_coupling_errors_off_RP.rml
2025-02-07 23:15:18,215 - INFO - Prepared sim number: 82: RAYPy_Simulation_bessy2hi_56m_PGM_2Perc_coupling_errors_off_RP/round_9/82_bessy2hi_56m_PGM_2Perc_coupling_errors_off_RP.rml
2025-02-07 23:15:18,218 - INFO - Prepared sim number: 83: RAYPy_Simulation_bessy2hi_56m_PGM_2Perc_coupling_errors_off_RP/round_9/83_bessy2hi_56m_PGM_2Perc_coupling_errors_off_RP.rml
2025-02-07 23:15:18,222 - INFO - Prepared sim number: 84: RAYPy_Simulation_bessy2hi_56m_PGM_2Perc_coupling_errors_off_RP/round_9/84_bessy2hi_56m_PGM_2Perc_coupling_errors_off_RP.rml
2025-02-07 23:15:18,226 - INFO - Prepared sim number: 85: RAYPy_Simulation_bessy2hi_56m_PGM_2Perc_coupling_errors_off_RP/round_9/85_bessy2hi_56m_PGM_2Perc_coupling_errors_off_RP.rml
2025-02-07 23:15:18,231 - INFO - Prepared sim number: 86: RAYPy_Simulation_bessy2hi_56m_PGM_2Perc_coupling_errors_off_RP/round_9/86_bessy2hi_56m_PGM_2Perc_coupling_errors_off_RP.rml
2025-02-07 23:15:18,236 - INFO - Prepared sim number: 87: RAYPy_Simulation_bessy2hi_56m_PGM_2Perc_coupling_errors_off_RP/round_9/87_bessy2hi_56m_PGM_2Perc_coupling_errors_off_RP.rml
2025-02-07 23:15:18,241 - INFO - Prepared sim number: 88: RAYPy_Simulation_bessy2hi_56m_PGM_2Perc_coupling_errors_off_RP/round_9/88_bessy2hi_56m_PGM_2Perc_coupling_errors_off_RP.rml
2025-02-07 23:15:18,247 - INFO - Prepared sim number: 89: RAYPy_Simulation_bessy2hi_56m_PGM_2Perc_coupling_errors_off_RP/round_9/89_bessy2hi_56m_PGM_2Perc_coupling_errors_off_RP.rml
2025-02-07 23:15:18,252 - INFO - Prepared sim number: 90: RAYPy_Simulation_bessy2hi_56m_PGM_2Perc_coupling_errors_off_RP/round_9/90_bessy2hi_56m_PGM_2Perc_coupling_errors_off_RP.rml
2025-02-07 23:15:18,258 - INFO - Prepared sim number: 91: RAYPy_Simulation_bessy2hi_56m_PGM_2Perc_coupling_errors_off_RP/round_9/91_bessy2hi_56m_PGM_2Perc_coupling_errors_off_RP.rml
2025-02-07 23:15:18,263 - INFO - Prepared sim number: 92: RAYPy_Simulation_bessy2hi_56m_PGM_2Perc_coupling_errors_off_RP/round_9/92_bessy2hi_56m_PGM_2Perc_coupling_errors_off_RP.rml
2025-02-07 23:15:18,263 - INFO - Waiting for batch number: 19, timeout: 22.030197265273646s
2025-02-07 23:15:20,557 - INFO - Completed: 1, remaining: 59, RAYPy_Simulation_bessy2hi_56m_PGM_2Perc_coupling_errors_off_RP/round_9/41_bessy2hi_56m_PGM_2Perc_coupling_errors_off_RP.rml
2025-02-07 23:15:20,978 - INFO - Completed: 2, remaining: 58, RAYPy_Simulation_bessy2hi_56m_PGM_2Perc_coupling_errors_off_RP/round_9/33_bessy2hi_56m_PGM_2Perc_coupling_errors_off_RP.rml
2025-02-07 23:15:21,003 - INFO - Completed: 3, remaining: 57, RAYPy_Simulation_bessy2hi_56m_PGM_2Perc_coupling_errors_off_RP/round_9/34_bessy2hi_56m_PGM_2Perc_coupling_errors_off_RP.rml
2025-02-07 23:15:21,126 - INFO - Completed: 4, remaining: 56, RAYPy_Simulation_bessy2hi_56m_PGM_2Perc_coupling_errors_off_RP/round_9/44_bessy2hi_56m_PGM_2Perc_coupling_errors_off_RP.rml
2025-02-07 23:15:21,242 - INFO - Completed: 5, remaining: 55, RAYPy_Simulation_bessy2hi_56m_PGM_2Perc_coupling_errors_off_RP/round_9/38_bessy2hi_56m_PGM_2Perc_coupling_errors_off_RP.rml
2025-02-07 23:15:21,265 - INFO - Completed: 6, remaining: 54, RAYPy_Simulation_bessy2hi_56m_PGM_2Perc_coupling_errors_off_RP/round_9/37_bessy2hi_56m_PGM_2Perc_coupling_errors_off_RP.rml
2025-02-07 23:15:21,300 - INFO - Completed: 7, remaining: 53, RAYPy_Simulation_bessy2hi_56m_PGM_2Perc_coupling_errors_off_RP/round_9/36_bessy2hi_56m_PGM_2Perc_coupling_errors_off_RP.rml
2025-02-07 23:15:23,642 - INFO - Completed: 8, remaining: 52, RAYPy_Simulation_bessy2hi_56m_PGM_2Perc_coupling_errors_off_RP/round_9/43_bessy2hi_56m_PGM_2Perc_coupling_errors_off_RP.rml
2025-02-07 23:15:23,758 - INFO - Completed: 9, remaining: 51, RAYPy_Simulation_bessy2hi_56m_PGM_2Perc_coupling_errors_off_RP/round_9/42_bessy2hi_56m_PGM_2Perc_coupling_errors_off_RP.rml
2025-02-07 23:15:23,941 - INFO - Completed: 10, remaining: 50, RAYPy_Simulation_bessy2hi_56m_PGM_2Perc_coupling_errors_off_RP/round_9/45_bessy2hi_56m_PGM_2Perc_coupling_errors_off_RP.rml
2025-02-07 23:15:24,136 - INFO - Completed: 11, remaining: 49, RAYPy_Simulation_bessy2hi_56m_PGM_2Perc_coupling_errors_off_RP/round_9/39_bessy2hi_56m_PGM_2Perc_coupling_errors_off_RP.rml
2025-02-07 23:15:24,359 - INFO - Completed: 12, remaining: 48, RAYPy_Simulation_bessy2hi_56m_PGM_2Perc_coupling_errors_off_RP/round_9/40_bessy2hi_56m_PGM_2Perc_coupling_errors_off_RP.rml
2025-02-07 23:15:24,493 - INFO - Completed: 13, remaining: 47, RAYPy_Simulation_bessy2hi_56m_PGM_2Perc_coupling_errors_off_RP/round_9/47_bessy2hi_56m_PGM_2Perc_coupling_errors_off_RP.rml
2025-02-07 23:15:24,566 - INFO - Completed: 14, remaining: 46, RAYPy_Simulation_bessy2hi_56m_PGM_2Perc_coupling_errors_off_RP/round_9/48_bessy2hi_56m_PGM_2Perc_coupling_errors_off_RP.rml
2025-02-07 23:15:24,669 - INFO - Completed: 15, remaining: 45, RAYPy_Simulation_bessy2hi_56m_PGM_2Perc_coupling_errors_off_RP/round_9/46_bessy2hi_56m_PGM_2Perc_coupling_errors_off_RP.rml
2025-02-07 23:15:24,746 - INFO - Completed: 16, remaining: 44, RAYPy_Simulation_bessy2hi_56m_PGM_2Perc_coupling_errors_off_RP/round_9/35_bessy2hi_56m_PGM_2Perc_coupling_errors_off_RP.rml
2025-02-07 23:15:24,935 - INFO - Completed: 17, remaining: 43, RAYPy_Simulation_bessy2hi_56m_PGM_2Perc_coupling_errors_off_RP/round_9/50_bessy2hi_56m_PGM_2Perc_coupling_errors_off_RP.rml
2025-02-07 23:15:25,058 - INFO - Completed: 18, remaining: 42, RAYPy_Simulation_bessy2hi_56m_PGM_2Perc_coupling_errors_off_RP/round_9/51_bessy2hi_56m_PGM_2Perc_coupling_errors_off_RP.rml
2025-02-07 23:15:25,301 - INFO - Completed: 19, remaining: 41, RAYPy_Simulation_bessy2hi_56m_PGM_2Perc_coupling_errors_off_RP/round_9/49_bessy2hi_56m_PGM_2Perc_coupling_errors_off_RP.rml
2025-02-07 23:15:27,337 - INFO - Completed: 20, remaining: 40, RAYPy_Simulation_bessy2hi_56m_PGM_2Perc_coupling_errors_off_RP/round_9/54_bessy2hi_56m_PGM_2Perc_coupling_errors_off_RP.rml
2025-02-07 23:15:27,670 - INFO - Completed: 21, remaining: 39, RAYPy_Simulation_bessy2hi_56m_PGM_2Perc_coupling_errors_off_RP/round_9/53_bessy2hi_56m_PGM_2Perc_coupling_errors_off_RP.rml
2025-02-07 23:15:27,774 - INFO - Completed: 22, remaining: 38, RAYPy_Simulation_bessy2hi_56m_PGM_2Perc_coupling_errors_off_RP/round_9/55_bessy2hi_56m_PGM_2Perc_coupling_errors_off_RP.rml
2025-02-07 23:15:27,916 - INFO - Completed: 23, remaining: 37, RAYPy_Simulation_bessy2hi_56m_PGM_2Perc_coupling_errors_off_RP/round_9/56_bessy2hi_56m_PGM_2Perc_coupling_errors_off_RP.rml
2025-02-07 23:15:28,125 - INFO - Completed: 24, remaining: 36, RAYPy_Simulation_bessy2hi_56m_PGM_2Perc_coupling_errors_off_RP/round_9/57_bessy2hi_56m_PGM_2Perc_coupling_errors_off_RP.rml
2025-02-07 23:15:28,387 - INFO - Completed: 25, remaining: 35, RAYPy_Simulation_bessy2hi_56m_PGM_2Perc_coupling_errors_off_RP/round_9/58_bessy2hi_56m_PGM_2Perc_coupling_errors_off_RP.rml
2025-02-07 23:15:28,417 - INFO - Completed: 26, remaining: 34, RAYPy_Simulation_bessy2hi_56m_PGM_2Perc_coupling_errors_off_RP/round_9/52_bessy2hi_56m_PGM_2Perc_coupling_errors_off_RP.rml
2025-02-07 23:15:28,564 - INFO - Completed: 27, remaining: 33, RAYPy_Simulation_bessy2hi_56m_PGM_2Perc_coupling_errors_off_RP/round_9/60_bessy2hi_56m_PGM_2Perc_coupling_errors_off_RP.rml
2025-02-07 23:15:28,604 - INFO - Completed: 28, remaining: 32, RAYPy_Simulation_bessy2hi_56m_PGM_2Perc_coupling_errors_off_RP/round_9/59_bessy2hi_56m_PGM_2Perc_coupling_errors_off_RP.rml
2025-02-07 23:15:28,723 - INFO - Completed: 29, remaining: 31, RAYPy_Simulation_bessy2hi_56m_PGM_2Perc_coupling_errors_off_RP/round_9/61_bessy2hi_56m_PGM_2Perc_coupling_errors_off_RP.rml
2025-02-07 23:15:28,748 - INFO - Completed: 30, remaining: 30, RAYPy_Simulation_bessy2hi_56m_PGM_2Perc_coupling_errors_off_RP/round_9/62_bessy2hi_56m_PGM_2Perc_coupling_errors_off_RP.rml
2025-02-07 23:15:28,881 - INFO - Completed: 31, remaining: 29, RAYPy_Simulation_bessy2hi_56m_PGM_2Perc_coupling_errors_off_RP/round_9/63_bessy2hi_56m_PGM_2Perc_coupling_errors_off_RP.rml
2025-02-07 23:15:30,890 - INFO - Completed: 32, remaining: 28, RAYPy_Simulation_bessy2hi_56m_PGM_2Perc_coupling_errors_off_RP/round_9/64_bessy2hi_56m_PGM_2Perc_coupling_errors_off_RP.rml
2025-02-07 23:15:31,202 - INFO - Completed: 33, remaining: 27, RAYPy_Simulation_bessy2hi_56m_PGM_2Perc_coupling_errors_off_RP/round_9/65_bessy2hi_56m_PGM_2Perc_coupling_errors_off_RP.rml
2025-02-07 23:15:31,390 - INFO - Completed: 34, remaining: 26, RAYPy_Simulation_bessy2hi_56m_PGM_2Perc_coupling_errors_off_RP/round_9/67_bessy2hi_56m_PGM_2Perc_coupling_errors_off_RP.rml
2025-02-07 23:15:31,420 - INFO - Completed: 35, remaining: 25, RAYPy_Simulation_bessy2hi_56m_PGM_2Perc_coupling_errors_off_RP/round_9/66_bessy2hi_56m_PGM_2Perc_coupling_errors_off_RP.rml
2025-02-07 23:15:32,001 - INFO - Completed: 36, remaining: 24, RAYPy_Simulation_bessy2hi_56m_PGM_2Perc_coupling_errors_off_RP/round_9/69_bessy2hi_56m_PGM_2Perc_coupling_errors_off_RP.rml
2025-02-07 23:15:32,053 - INFO - Completed: 37, remaining: 23, RAYPy_Simulation_bessy2hi_56m_PGM_2Perc_coupling_errors_off_RP/round_9/68_bessy2hi_56m_PGM_2Perc_coupling_errors_off_RP.rml
2025-02-07 23:15:32,309 - INFO - Completed: 38, remaining: 22, RAYPy_Simulation_bessy2hi_56m_PGM_2Perc_coupling_errors_off_RP/round_9/72_bessy2hi_56m_PGM_2Perc_coupling_errors_off_RP.rml
2025-02-07 23:15:32,409 - INFO - Completed: 39, remaining: 21, RAYPy_Simulation_bessy2hi_56m_PGM_2Perc_coupling_errors_off_RP/round_9/73_bessy2hi_56m_PGM_2Perc_coupling_errors_off_RP.rml
2025-02-07 23:15:32,459 - INFO - Completed: 40, remaining: 20, RAYPy_Simulation_bessy2hi_56m_PGM_2Perc_coupling_errors_off_RP/round_9/70_bessy2hi_56m_PGM_2Perc_coupling_errors_off_RP.rml
2025-02-07 23:15:32,566 - INFO - Completed: 41, remaining: 19, RAYPy_Simulation_bessy2hi_56m_PGM_2Perc_coupling_errors_off_RP/round_9/71_bessy2hi_56m_PGM_2Perc_coupling_errors_off_RP.rml
2025-02-07 23:15:32,858 - INFO - Completed: 42, remaining: 18, RAYPy_Simulation_bessy2hi_56m_PGM_2Perc_coupling_errors_off_RP/round_9/74_bessy2hi_56m_PGM_2Perc_coupling_errors_off_RP.rml
2025-02-07 23:15:33,004 - INFO - Completed: 43, remaining: 17, RAYPy_Simulation_bessy2hi_56m_PGM_2Perc_coupling_errors_off_RP/round_9/75_bessy2hi_56m_PGM_2Perc_coupling_errors_off_RP.rml
2025-02-07 23:15:34,727 - INFO - Completed: 44, remaining: 16, RAYPy_Simulation_bessy2hi_56m_PGM_2Perc_coupling_errors_off_RP/round_9/76_bessy2hi_56m_PGM_2Perc_coupling_errors_off_RP.rml
2025-02-07 23:15:34,801 - INFO - Completed: 45, remaining: 15, RAYPy_Simulation_bessy2hi_56m_PGM_2Perc_coupling_errors_off_RP/round_9/77_bessy2hi_56m_PGM_2Perc_coupling_errors_off_RP.rml
2025-02-07 23:15:35,054 - INFO - Completed: 46, remaining: 14, RAYPy_Simulation_bessy2hi_56m_PGM_2Perc_coupling_errors_off_RP/round_9/78_bessy2hi_56m_PGM_2Perc_coupling_errors_off_RP.rml
2025-02-07 23:15:35,655 - INFO - Completed: 47, remaining: 13, RAYPy_Simulation_bessy2hi_56m_PGM_2Perc_coupling_errors_off_RP/round_9/81_bessy2hi_56m_PGM_2Perc_coupling_errors_off_RP.rml
2025-02-07 23:15:35,704 - INFO - Completed: 48, remaining: 12, RAYPy_Simulation_bessy2hi_56m_PGM_2Perc_coupling_errors_off_RP/round_9/83_bessy2hi_56m_PGM_2Perc_coupling_errors_off_RP.rml
2025-02-07 23:15:35,781 - INFO - Completed: 49, remaining: 11, RAYPy_Simulation_bessy2hi_56m_PGM_2Perc_coupling_errors_off_RP/round_9/80_bessy2hi_56m_PGM_2Perc_coupling_errors_off_RP.rml
2025-02-07 23:15:35,841 - INFO - Completed: 50, remaining: 10, RAYPy_Simulation_bessy2hi_56m_PGM_2Perc_coupling_errors_off_RP/round_9/84_bessy2hi_56m_PGM_2Perc_coupling_errors_off_RP.rml
2025-02-07 23:15:35,958 - INFO - Completed: 51, remaining: 9, RAYPy_Simulation_bessy2hi_56m_PGM_2Perc_coupling_errors_off_RP/round_9/82_bessy2hi_56m_PGM_2Perc_coupling_errors_off_RP.rml
2025-02-07 23:15:36,091 - INFO - Completed: 52, remaining: 8, RAYPy_Simulation_bessy2hi_56m_PGM_2Perc_coupling_errors_off_RP/round_9/85_bessy2hi_56m_PGM_2Perc_coupling_errors_off_RP.rml
2025-02-07 23:15:36,140 - INFO - Completed: 53, remaining: 7, RAYPy_Simulation_bessy2hi_56m_PGM_2Perc_coupling_errors_off_RP/round_9/79_bessy2hi_56m_PGM_2Perc_coupling_errors_off_RP.rml
2025-02-07 23:15:36,325 - INFO - Completed: 54, remaining: 6, RAYPy_Simulation_bessy2hi_56m_PGM_2Perc_coupling_errors_off_RP/round_9/86_bessy2hi_56m_PGM_2Perc_coupling_errors_off_RP.rml
2025-02-07 23:15:36,436 - INFO - Completed: 55, remaining: 5, RAYPy_Simulation_bessy2hi_56m_PGM_2Perc_coupling_errors_off_RP/round_9/87_bessy2hi_56m_PGM_2Perc_coupling_errors_off_RP.rml
2025-02-07 23:15:37,449 - INFO - Completed: 56, remaining: 4, RAYPy_Simulation_bessy2hi_56m_PGM_2Perc_coupling_errors_off_RP/round_9/88_bessy2hi_56m_PGM_2Perc_coupling_errors_off_RP.rml
2025-02-07 23:15:37,506 - INFO - Completed: 57, remaining: 3, RAYPy_Simulation_bessy2hi_56m_PGM_2Perc_coupling_errors_off_RP/round_9/89_bessy2hi_56m_PGM_2Perc_coupling_errors_off_RP.rml
2025-02-07 23:15:37,594 - INFO - Completed: 58, remaining: 2, RAYPy_Simulation_bessy2hi_56m_PGM_2Perc_coupling_errors_off_RP/round_9/90_bessy2hi_56m_PGM_2Perc_coupling_errors_off_RP.rml
2025-02-07 23:15:37,803 - INFO - Completed: 59, remaining: 1, RAYPy_Simulation_bessy2hi_56m_PGM_2Perc_coupling_errors_off_RP/round_9/92_bessy2hi_56m_PGM_2Perc_coupling_errors_off_RP.rml
2025-02-07 23:15:37,813 - INFO - Completed: 60, remaining: 0, RAYPy_Simulation_bessy2hi_56m_PGM_2Perc_coupling_errors_off_RP/round_9/91_bessy2hi_56m_PGM_2Perc_coupling_errors_off_RP.rml
2025-02-07 23:15:37,814 - INFO - Batch Completed
2025-02-07 23:15:37,814 - INFO - Waiting For batch, 60 simulations to go
2025-02-07 23:15:37,824 - INFO - Prepared sim number: 93: RAYPy_Simulation_bessy2hi_56m_PGM_2Perc_coupling_errors_off_RP/round_9/93_bessy2hi_56m_PGM_2Perc_coupling_errors_off_RP.rml
2025-02-07 23:15:37,829 - INFO - Prepared sim number: 94: RAYPy_Simulation_bessy2hi_56m_PGM_2Perc_coupling_errors_off_RP/round_9/94_bessy2hi_56m_PGM_2Perc_coupling_errors_off_RP.rml
2025-02-07 23:15:37,834 - INFO - Prepared sim number: 95: RAYPy_Simulation_bessy2hi_56m_PGM_2Perc_coupling_errors_off_RP/round_9/95_bessy2hi_56m_PGM_2Perc_coupling_errors_off_RP.rml
2025-02-07 23:15:37,838 - INFO - Prepared sim number: 96: RAYPy_Simulation_bessy2hi_56m_PGM_2Perc_coupling_errors_off_RP/round_9/96_bessy2hi_56m_PGM_2Perc_coupling_errors_off_RP.rml
2025-02-07 23:15:37,843 - INFO - Prepared sim number: 97: RAYPy_Simulation_bessy2hi_56m_PGM_2Perc_coupling_errors_off_RP/round_9/97_bessy2hi_56m_PGM_2Perc_coupling_errors_off_RP.rml
2025-02-07 23:15:37,852 - INFO - Prepared sim number: 98: RAYPy_Simulation_bessy2hi_56m_PGM_2Perc_coupling_errors_off_RP/round_9/98_bessy2hi_56m_PGM_2Perc_coupling_errors_off_RP.rml
2025-02-07 23:15:37,857 - INFO - Prepared sim number: 99: RAYPy_Simulation_bessy2hi_56m_PGM_2Perc_coupling_errors_off_RP/round_9/99_bessy2hi_56m_PGM_2Perc_coupling_errors_off_RP.rml
2025-02-07 23:15:37,861 - INFO - Prepared sim number: 100: RAYPy_Simulation_bessy2hi_56m_PGM_2Perc_coupling_errors_off_RP/round_9/100_bessy2hi_56m_PGM_2Perc_coupling_errors_off_RP.rml
2025-02-07 23:15:37,866 - INFO - Prepared sim number: 101: RAYPy_Simulation_bessy2hi_56m_PGM_2Perc_coupling_errors_off_RP/round_9/101_bessy2hi_56m_PGM_2Perc_coupling_errors_off_RP.rml
2025-02-07 23:15:37,870 - INFO - Prepared sim number: 102: RAYPy_Simulation_bessy2hi_56m_PGM_2Perc_coupling_errors_off_RP/round_9/102_bessy2hi_56m_PGM_2Perc_coupling_errors_off_RP.rml
2025-02-07 23:15:37,874 - INFO - Prepared sim number: 103: RAYPy_Simulation_bessy2hi_56m_PGM_2Perc_coupling_errors_off_RP/round_9/103_bessy2hi_56m_PGM_2Perc_coupling_errors_off_RP.rml
2025-02-07 23:15:37,881 - INFO - Prepared sim number: 104: RAYPy_Simulation_bessy2hi_56m_PGM_2Perc_coupling_errors_off_RP/round_9/104_bessy2hi_56m_PGM_2Perc_coupling_errors_off_RP.rml
2025-02-07 23:15:37,885 - INFO - Prepared sim number: 105: RAYPy_Simulation_bessy2hi_56m_PGM_2Perc_coupling_errors_off_RP/round_9/105_bessy2hi_56m_PGM_2Perc_coupling_errors_off_RP.rml
2025-02-07 23:15:37,889 - INFO - Prepared sim number: 106: RAYPy_Simulation_bessy2hi_56m_PGM_2Perc_coupling_errors_off_RP/round_9/106_bessy2hi_56m_PGM_2Perc_coupling_errors_off_RP.rml
2025-02-07 23:15:37,893 - INFO - Prepared sim number: 107: RAYPy_Simulation_bessy2hi_56m_PGM_2Perc_coupling_errors_off_RP/round_9/107_bessy2hi_56m_PGM_2Perc_coupling_errors_off_RP.rml
2025-02-07 23:15:37,899 - INFO - Prepared sim number: 108: RAYPy_Simulation_bessy2hi_56m_PGM_2Perc_coupling_errors_off_RP/round_9/108_bessy2hi_56m_PGM_2Perc_coupling_errors_off_RP.rml
2025-02-07 23:15:37,903 - INFO - Prepared sim number: 109: RAYPy_Simulation_bessy2hi_56m_PGM_2Perc_coupling_errors_off_RP/round_9/109_bessy2hi_56m_PGM_2Perc_coupling_errors_off_RP.rml
2025-02-07 23:15:37,910 - INFO - Prepared sim number: 110: RAYPy_Simulation_bessy2hi_56m_PGM_2Perc_coupling_errors_off_RP/round_9/110_bessy2hi_56m_PGM_2Perc_coupling_errors_off_RP.rml
2025-02-07 23:15:37,916 - INFO - Prepared sim number: 111: RAYPy_Simulation_bessy2hi_56m_PGM_2Perc_coupling_errors_off_RP/round_9/111_bessy2hi_56m_PGM_2Perc_coupling_errors_off_RP.rml
2025-02-07 23:15:37,921 - INFO - Prepared sim number: 112: RAYPy_Simulation_bessy2hi_56m_PGM_2Perc_coupling_errors_off_RP/round_9/112_bessy2hi_56m_PGM_2Perc_coupling_errors_off_RP.rml
2025-02-07 23:15:37,927 - INFO - Prepared sim number: 113: RAYPy_Simulation_bessy2hi_56m_PGM_2Perc_coupling_errors_off_RP/round_9/113_bessy2hi_56m_PGM_2Perc_coupling_errors_off_RP.rml
2025-02-07 23:15:37,933 - INFO - Prepared sim number: 114: RAYPy_Simulation_bessy2hi_56m_PGM_2Perc_coupling_errors_off_RP/round_9/114_bessy2hi_56m_PGM_2Perc_coupling_errors_off_RP.rml
2025-02-07 23:15:37,938 - INFO - Prepared sim number: 115: RAYPy_Simulation_bessy2hi_56m_PGM_2Perc_coupling_errors_off_RP/round_9/115_bessy2hi_56m_PGM_2Perc_coupling_errors_off_RP.rml
2025-02-07 23:15:37,944 - INFO - Prepared sim number: 116: RAYPy_Simulation_bessy2hi_56m_PGM_2Perc_coupling_errors_off_RP/round_9/116_bessy2hi_56m_PGM_2Perc_coupling_errors_off_RP.rml
2025-02-07 23:15:37,950 - INFO - Prepared sim number: 117: RAYPy_Simulation_bessy2hi_56m_PGM_2Perc_coupling_errors_off_RP/round_9/117_bessy2hi_56m_PGM_2Perc_coupling_errors_off_RP.rml
2025-02-07 23:15:37,956 - INFO - Prepared sim number: 118: RAYPy_Simulation_bessy2hi_56m_PGM_2Perc_coupling_errors_off_RP/round_9/118_bessy2hi_56m_PGM_2Perc_coupling_errors_off_RP.rml
2025-02-07 23:15:37,961 - INFO - Prepared sim number: 119: RAYPy_Simulation_bessy2hi_56m_PGM_2Perc_coupling_errors_off_RP/round_9/119_bessy2hi_56m_PGM_2Perc_coupling_errors_off_RP.rml
2025-02-07 23:15:37,966 - INFO - Prepared sim number: 120: RAYPy_Simulation_bessy2hi_56m_PGM_2Perc_coupling_errors_off_RP/round_9/120_bessy2hi_56m_PGM_2Perc_coupling_errors_off_RP.rml
2025-02-07 23:15:37,972 - INFO - Prepared sim number: 121: RAYPy_Simulation_bessy2hi_56m_PGM_2Perc_coupling_errors_off_RP/round_9/121_bessy2hi_56m_PGM_2Perc_coupling_errors_off_RP.rml
2025-02-07 23:15:37,978 - INFO - Prepared sim number: 122: RAYPy_Simulation_bessy2hi_56m_PGM_2Perc_coupling_errors_off_RP/round_9/122_bessy2hi_56m_PGM_2Perc_coupling_errors_off_RP.rml
2025-02-07 23:15:37,978 - INFO - Waiting for batch number: 20, timeout: 22.036306240558623s
2025-02-07 23:15:40,218 - INFO - Completed: 1, remaining: 59, RAYPy_Simulation_bessy2hi_56m_PGM_2Perc_coupling_errors_off_RP/round_9/93_bessy2hi_56m_PGM_2Perc_coupling_errors_off_RP.rml
2025-02-07 23:15:40,337 - INFO - Completed: 2, remaining: 58, RAYPy_Simulation_bessy2hi_56m_PGM_2Perc_coupling_errors_off_RP/round_9/99_bessy2hi_56m_PGM_2Perc_coupling_errors_off_RP.rml
2025-02-07 23:15:40,346 - INFO - Completed: 3, remaining: 57, RAYPy_Simulation_bessy2hi_56m_PGM_2Perc_coupling_errors_off_RP/round_9/98_bessy2hi_56m_PGM_2Perc_coupling_errors_off_RP.rml
2025-02-07 23:15:40,426 - INFO - Completed: 4, remaining: 56, RAYPy_Simulation_bessy2hi_56m_PGM_2Perc_coupling_errors_off_RP/round_9/95_bessy2hi_56m_PGM_2Perc_coupling_errors_off_RP.rml
2025-02-07 23:15:40,503 - INFO - Completed: 5, remaining: 55, RAYPy_Simulation_bessy2hi_56m_PGM_2Perc_coupling_errors_off_RP/round_9/100_bessy2hi_56m_PGM_2Perc_coupling_errors_off_RP.rml
2025-02-07 23:15:40,588 - INFO - Completed: 6, remaining: 54, RAYPy_Simulation_bessy2hi_56m_PGM_2Perc_coupling_errors_off_RP/round_9/101_bessy2hi_56m_PGM_2Perc_coupling_errors_off_RP.rml
2025-02-07 23:15:40,757 - INFO - Completed: 7, remaining: 53, RAYPy_Simulation_bessy2hi_56m_PGM_2Perc_coupling_errors_off_RP/round_9/96_bessy2hi_56m_PGM_2Perc_coupling_errors_off_RP.rml
2025-02-07 23:15:43,151 - INFO - Completed: 8, remaining: 52, RAYPy_Simulation_bessy2hi_56m_PGM_2Perc_coupling_errors_off_RP/round_9/97_bessy2hi_56m_PGM_2Perc_coupling_errors_off_RP.rml
2025-02-07 23:15:43,190 - INFO - Completed: 9, remaining: 51, RAYPy_Simulation_bessy2hi_56m_PGM_2Perc_coupling_errors_off_RP/round_9/104_bessy2hi_56m_PGM_2Perc_coupling_errors_off_RP.rml
2025-02-07 23:15:43,337 - INFO - Completed: 10, remaining: 50, RAYPy_Simulation_bessy2hi_56m_PGM_2Perc_coupling_errors_off_RP/round_9/103_bessy2hi_56m_PGM_2Perc_coupling_errors_off_RP.rml
2025-02-07 23:15:43,458 - INFO - Completed: 11, remaining: 49, RAYPy_Simulation_bessy2hi_56m_PGM_2Perc_coupling_errors_off_RP/round_9/102_bessy2hi_56m_PGM_2Perc_coupling_errors_off_RP.rml
2025-02-07 23:15:43,643 - INFO - Completed: 12, remaining: 48, RAYPy_Simulation_bessy2hi_56m_PGM_2Perc_coupling_errors_off_RP/round_9/105_bessy2hi_56m_PGM_2Perc_coupling_errors_off_RP.rml
2025-02-07 23:15:43,781 - INFO - Completed: 13, remaining: 47, RAYPy_Simulation_bessy2hi_56m_PGM_2Perc_coupling_errors_off_RP/round_9/109_bessy2hi_56m_PGM_2Perc_coupling_errors_off_RP.rml
2025-02-07 23:15:43,832 - INFO - Completed: 14, remaining: 46, RAYPy_Simulation_bessy2hi_56m_PGM_2Perc_coupling_errors_off_RP/round_9/107_bessy2hi_56m_PGM_2Perc_coupling_errors_off_RP.rml
2025-02-07 23:15:43,937 - INFO - Completed: 15, remaining: 45, RAYPy_Simulation_bessy2hi_56m_PGM_2Perc_coupling_errors_off_RP/round_9/110_bessy2hi_56m_PGM_2Perc_coupling_errors_off_RP.rml
2025-02-07 23:15:44,002 - INFO - Completed: 16, remaining: 44, RAYPy_Simulation_bessy2hi_56m_PGM_2Perc_coupling_errors_off_RP/round_9/106_bessy2hi_56m_PGM_2Perc_coupling_errors_off_RP.rml
2025-02-07 23:15:44,309 - INFO - Completed: 17, remaining: 43, RAYPy_Simulation_bessy2hi_56m_PGM_2Perc_coupling_errors_off_RP/round_9/111_bessy2hi_56m_PGM_2Perc_coupling_errors_off_RP.rml
2025-02-07 23:15:44,713 - INFO - Completed: 18, remaining: 42, RAYPy_Simulation_bessy2hi_56m_PGM_2Perc_coupling_errors_off_RP/round_9/108_bessy2hi_56m_PGM_2Perc_coupling_errors_off_RP.rml
2025-02-07 23:15:45,613 - INFO - Completed: 19, remaining: 41, RAYPy_Simulation_bessy2hi_56m_PGM_2Perc_coupling_errors_off_RP/round_9/94_bessy2hi_56m_PGM_2Perc_coupling_errors_off_RP.rml
2025-02-07 23:15:46,538 - INFO - Completed: 20, remaining: 40, RAYPy_Simulation_bessy2hi_56m_PGM_2Perc_coupling_errors_off_RP/round_9/112_bessy2hi_56m_PGM_2Perc_coupling_errors_off_RP.rml
2025-02-07 23:15:46,550 - INFO - Completed: 21, remaining: 39, RAYPy_Simulation_bessy2hi_56m_PGM_2Perc_coupling_errors_off_RP/round_9/113_bessy2hi_56m_PGM_2Perc_coupling_errors_off_RP.rml
2025-02-07 23:15:46,758 - INFO - Completed: 22, remaining: 38, RAYPy_Simulation_bessy2hi_56m_PGM_2Perc_coupling_errors_off_RP/round_9/115_bessy2hi_56m_PGM_2Perc_coupling_errors_off_RP.rml
2025-02-07 23:15:46,768 - INFO - Completed: 23, remaining: 37, RAYPy_Simulation_bessy2hi_56m_PGM_2Perc_coupling_errors_off_RP/round_9/114_bessy2hi_56m_PGM_2Perc_coupling_errors_off_RP.rml
2025-02-07 23:15:47,049 - INFO - Completed: 24, remaining: 36, RAYPy_Simulation_bessy2hi_56m_PGM_2Perc_coupling_errors_off_RP/round_9/116_bessy2hi_56m_PGM_2Perc_coupling_errors_off_RP.rml
2025-02-07 23:15:47,104 - INFO - Completed: 25, remaining: 35, RAYPy_Simulation_bessy2hi_56m_PGM_2Perc_coupling_errors_off_RP/round_9/117_bessy2hi_56m_PGM_2Perc_coupling_errors_off_RP.rml
2025-02-07 23:15:47,111 - INFO - Completed: 26, remaining: 34, RAYPy_Simulation_bessy2hi_56m_PGM_2Perc_coupling_errors_off_RP/round_9/119_bessy2hi_56m_PGM_2Perc_coupling_errors_off_RP.rml
2025-02-07 23:15:47,213 - INFO - Completed: 27, remaining: 33, RAYPy_Simulation_bessy2hi_56m_PGM_2Perc_coupling_errors_off_RP/round_9/118_bessy2hi_56m_PGM_2Perc_coupling_errors_off_RP.rml
2025-02-07 23:15:47,329 - INFO - Completed: 28, remaining: 32, RAYPy_Simulation_bessy2hi_56m_PGM_2Perc_coupling_errors_off_RP/round_9/121_bessy2hi_56m_PGM_2Perc_coupling_errors_off_RP.rml
2025-02-07 23:15:47,542 - INFO - Completed: 29, remaining: 31, RAYPy_Simulation_bessy2hi_56m_PGM_2Perc_coupling_errors_off_RP/round_9/122_bessy2hi_56m_PGM_2Perc_coupling_errors_off_RP.rml
2025-02-07 23:15:47,760 - INFO - Completed: 30, remaining: 30, RAYPy_Simulation_bessy2hi_56m_PGM_2Perc_coupling_errors_off_RP/round_9/120_bessy2hi_56m_PGM_2Perc_coupling_errors_off_RP.rml
2025-02-07 23:15:47,761 - INFO - Batch Completed
2025-02-07 23:15:47,762 - INFO - Waiting For batch, 60 simulations to go
2025-02-07 23:15:47,762 - INFO - Remaning Simulations 0, stop the simulations loop
2025-02-07 23:15:47,762 - INFO - Checking that all simulations are completed before stopping the ProcessPoolExecutor
2025-02-07 23:15:48,373 - INFO - Executor shutdown completed.
2025-02-07 23:15:48,386 - INFO - Simulation completed successfully.
2025-02-07 23:15:48,386 - INFO - Starting cleanup
2025-02-07 23:15:54,021 - INFO - Done with the cleanup
2025-02-07 23:15:54,021 - INFO - Create Pandas Recap Files
2025-02-07 23:15:54,040 - INFO - End of the Simulations
