2025-02-07 22:40:38,593 - INFO - Simulation started, using 12 workers
2025-02-07 22:40:38,598 - INFO - Start round 0
2025-02-07 22:40:38,608 - INFO - Prepared sim number: 0: RAYPy_Simulation_bessy2hi_56m_PGM_2Perc_coupling_errors_off_FLUX/round_0/0_bessy2hi_56m_PGM_2Perc_coupling_errors_off_FLUX.rml
2025-02-07 22:40:38,622 - INFO - Prepared sim number: 1: RAYPy_Simulation_bessy2hi_56m_PGM_2Perc_coupling_errors_off_FLUX/round_0/1_bessy2hi_56m_PGM_2Perc_coupling_errors_off_FLUX.rml
2025-02-07 22:40:38,630 - INFO - Prepared sim number: 2: RAYPy_Simulation_bessy2hi_56m_PGM_2Perc_coupling_errors_off_FLUX/round_0/2_bessy2hi_56m_PGM_2Perc_coupling_errors_off_FLUX.rml
2025-02-07 22:40:38,643 - INFO - Prepared sim number: 3: RAYPy_Simulation_bessy2hi_56m_PGM_2Perc_coupling_errors_off_FLUX/round_0/3_bessy2hi_56m_PGM_2Perc_coupling_errors_off_FLUX.rml
2025-02-07 22:40:38,653 - INFO - Prepared sim number: 4: RAYPy_Simulation_bessy2hi_56m_PGM_2Perc_coupling_errors_off_FLUX/round_0/4_bessy2hi_56m_PGM_2Perc_coupling_errors_off_FLUX.rml
2025-02-07 22:40:38,665 - INFO - Prepared sim number: 5: RAYPy_Simulation_bessy2hi_56m_PGM_2Perc_coupling_errors_off_FLUX/round_0/5_bessy2hi_56m_PGM_2Perc_coupling_errors_off_FLUX.rml
2025-02-07 22:40:38,675 - INFO - Prepared sim number: 6: RAYPy_Simulation_bessy2hi_56m_PGM_2Perc_coupling_errors_off_FLUX/round_0/6_bessy2hi_56m_PGM_2Perc_coupling_errors_off_FLUX.rml
2025-02-07 22:40:38,684 - INFO - Prepared sim number: 7: RAYPy_Simulation_bessy2hi_56m_PGM_2Perc_coupling_errors_off_FLUX/round_0/7_bessy2hi_56m_PGM_2Perc_coupling_errors_off_FLUX.rml
2025-02-07 22:40:38,692 - INFO - Prepared sim number: 8: RAYPy_Simulation_bessy2hi_56m_PGM_2Perc_coupling_errors_off_FLUX/round_0/8_bessy2hi_56m_PGM_2Perc_coupling_errors_off_FLUX.rml
2025-02-07 22:40:38,700 - INFO - Prepared sim number: 9: RAYPy_Simulation_bessy2hi_56m_PGM_2Perc_coupling_errors_off_FLUX/round_0/9_bessy2hi_56m_PGM_2Perc_coupling_errors_off_FLUX.rml
2025-02-07 22:40:38,707 - INFO - Prepared sim number: 10: RAYPy_Simulation_bessy2hi_56m_PGM_2Perc_coupling_errors_off_FLUX/round_0/10_bessy2hi_56m_PGM_2Perc_coupling_errors_off_FLUX.rml
2025-02-07 22:40:38,715 - INFO - Prepared sim number: 11: RAYPy_Simulation_bessy2hi_56m_PGM_2Perc_coupling_errors_off_FLUX/round_0/11_bessy2hi_56m_PGM_2Perc_coupling_errors_off_FLUX.rml
2025-02-07 22:40:38,724 - INFO - Prepared sim number: 12: RAYPy_Simulation_bessy2hi_56m_PGM_2Perc_coupling_errors_off_FLUX/round_0/12_bessy2hi_56m_PGM_2Perc_coupling_errors_off_FLUX.rml
2025-02-07 22:40:38,732 - INFO - Prepared sim number: 13: RAYPy_Simulation_bessy2hi_56m_PGM_2Perc_coupling_errors_off_FLUX/round_0/13_bessy2hi_56m_PGM_2Perc_coupling_errors_off_FLUX.rml
2025-02-07 22:40:38,739 - INFO - Prepared sim number: 14: RAYPy_Simulation_bessy2hi_56m_PGM_2Perc_coupling_errors_off_FLUX/round_0/14_bessy2hi_56m_PGM_2Perc_coupling_errors_off_FLUX.rml
2025-02-07 22:40:38,749 - INFO - Prepared sim number: 15: RAYPy_Simulation_bessy2hi_56m_PGM_2Perc_coupling_errors_off_FLUX/round_0/15_bessy2hi_56m_PGM_2Perc_coupling_errors_off_FLUX.rml
2025-02-07 22:40:38,758 - INFO - Prepared sim number: 16: RAYPy_Simulation_bessy2hi_56m_PGM_2Perc_coupling_errors_off_FLUX/round_0/16_bessy2hi_56m_PGM_2Perc_coupling_errors_off_FLUX.rml
2025-02-07 22:40:38,766 - INFO - Prepared sim number: 17: RAYPy_Simulation_bessy2hi_56m_PGM_2Perc_coupling_errors_off_FLUX/round_0/17_bessy2hi_56m_PGM_2Perc_coupling_errors_off_FLUX.rml
2025-02-07 22:40:38,774 - INFO - Prepared sim number: 18: RAYPy_Simulation_bessy2hi_56m_PGM_2Perc_coupling_errors_off_FLUX/round_0/18_bessy2hi_56m_PGM_2Perc_coupling_errors_off_FLUX.rml
2025-02-07 22:40:38,781 - INFO - Prepared sim number: 19: RAYPy_Simulation_bessy2hi_56m_PGM_2Perc_coupling_errors_off_FLUX/round_0/19_bessy2hi_56m_PGM_2Perc_coupling_errors_off_FLUX.rml
2025-02-07 22:40:38,789 - INFO - Prepared sim number: 20: RAYPy_Simulation_bessy2hi_56m_PGM_2Perc_coupling_errors_off_FLUX/round_0/20_bessy2hi_56m_PGM_2Perc_coupling_errors_off_FLUX.rml
2025-02-07 22:40:38,796 - INFO - Prepared sim number: 21: RAYPy_Simulation_bessy2hi_56m_PGM_2Perc_coupling_errors_off_FLUX/round_0/21_bessy2hi_56m_PGM_2Perc_coupling_errors_off_FLUX.rml
2025-02-07 22:40:38,803 - INFO - Prepared sim number: 22: RAYPy_Simulation_bessy2hi_56m_PGM_2Perc_coupling_errors_off_FLUX/round_0/22_bessy2hi_56m_PGM_2Perc_coupling_errors_off_FLUX.rml
2025-02-07 22:40:38,810 - INFO - Prepared sim number: 23: RAYPy_Simulation_bessy2hi_56m_PGM_2Perc_coupling_errors_off_FLUX/round_0/23_bessy2hi_56m_PGM_2Perc_coupling_errors_off_FLUX.rml
2025-02-07 22:40:38,816 - INFO - Prepared sim number: 24: RAYPy_Simulation_bessy2hi_56m_PGM_2Perc_coupling_errors_off_FLUX/round_0/24_bessy2hi_56m_PGM_2Perc_coupling_errors_off_FLUX.rml
2025-02-07 22:40:38,823 - INFO - Prepared sim number: 25: RAYPy_Simulation_bessy2hi_56m_PGM_2Perc_coupling_errors_off_FLUX/round_0/25_bessy2hi_56m_PGM_2Perc_coupling_errors_off_FLUX.rml
2025-02-07 22:40:38,830 - INFO - Prepared sim number: 26: RAYPy_Simulation_bessy2hi_56m_PGM_2Perc_coupling_errors_off_FLUX/round_0/26_bessy2hi_56m_PGM_2Perc_coupling_errors_off_FLUX.rml
2025-02-07 22:40:38,838 - INFO - Prepared sim number: 27: RAYPy_Simulation_bessy2hi_56m_PGM_2Perc_coupling_errors_off_FLUX/round_0/27_bessy2hi_56m_PGM_2Perc_coupling_errors_off_FLUX.rml
2025-02-07 22:40:38,845 - INFO - Prepared sim number: 28: RAYPy_Simulation_bessy2hi_56m_PGM_2Perc_coupling_errors_off_FLUX/round_0/28_bessy2hi_56m_PGM_2Perc_coupling_errors_off_FLUX.rml
2025-02-07 22:40:38,851 - INFO - Prepared sim number: 29: RAYPy_Simulation_bessy2hi_56m_PGM_2Perc_coupling_errors_off_FLUX/round_0/29_bessy2hi_56m_PGM_2Perc_coupling_errors_off_FLUX.rml
2025-02-07 22:40:38,859 - INFO - Prepared sim number: 30: RAYPy_Simulation_bessy2hi_56m_PGM_2Perc_coupling_errors_off_FLUX/round_0/30_bessy2hi_56m_PGM_2Perc_coupling_errors_off_FLUX.rml
2025-02-07 22:40:38,867 - INFO - Prepared sim number: 31: RAYPy_Simulation_bessy2hi_56m_PGM_2Perc_coupling_errors_off_FLUX/round_0/31_bessy2hi_56m_PGM_2Perc_coupling_errors_off_FLUX.rml
2025-02-07 22:40:38,874 - INFO - Prepared sim number: 32: RAYPy_Simulation_bessy2hi_56m_PGM_2Perc_coupling_errors_off_FLUX/round_0/32_bessy2hi_56m_PGM_2Perc_coupling_errors_off_FLUX.rml
2025-02-07 22:40:38,881 - INFO - Prepared sim number: 33: RAYPy_Simulation_bessy2hi_56m_PGM_2Perc_coupling_errors_off_FLUX/round_0/33_bessy2hi_56m_PGM_2Perc_coupling_errors_off_FLUX.rml
2025-02-07 22:40:38,897 - INFO - Prepared sim number: 34: RAYPy_Simulation_bessy2hi_56m_PGM_2Perc_coupling_errors_off_FLUX/round_0/34_bessy2hi_56m_PGM_2Perc_coupling_errors_off_FLUX.rml
2025-02-07 22:40:38,908 - INFO - Prepared sim number: 35: RAYPy_Simulation_bessy2hi_56m_PGM_2Perc_coupling_errors_off_FLUX/round_0/35_bessy2hi_56m_PGM_2Perc_coupling_errors_off_FLUX.rml
2025-02-07 22:40:38,915 - INFO - Prepared sim number: 36: RAYPy_Simulation_bessy2hi_56m_PGM_2Perc_coupling_errors_off_FLUX/round_0/36_bessy2hi_56m_PGM_2Perc_coupling_errors_off_FLUX.rml
2025-02-07 22:40:38,922 - INFO - Prepared sim number: 37: RAYPy_Simulation_bessy2hi_56m_PGM_2Perc_coupling_errors_off_FLUX/round_0/37_bessy2hi_56m_PGM_2Perc_coupling_errors_off_FLUX.rml
2025-02-07 22:40:38,929 - INFO - Prepared sim number: 38: RAYPy_Simulation_bessy2hi_56m_PGM_2Perc_coupling_errors_off_FLUX/round_0/38_bessy2hi_56m_PGM_2Perc_coupling_errors_off_FLUX.rml
2025-02-07 22:40:38,938 - INFO - Prepared sim number: 39: RAYPy_Simulation_bessy2hi_56m_PGM_2Perc_coupling_errors_off_FLUX/round_0/39_bessy2hi_56m_PGM_2Perc_coupling_errors_off_FLUX.rml
2025-02-07 22:40:38,945 - INFO - Prepared sim number: 40: RAYPy_Simulation_bessy2hi_56m_PGM_2Perc_coupling_errors_off_FLUX/round_0/40_bessy2hi_56m_PGM_2Perc_coupling_errors_off_FLUX.rml
2025-02-07 22:40:38,953 - INFO - Prepared sim number: 41: RAYPy_Simulation_bessy2hi_56m_PGM_2Perc_coupling_errors_off_FLUX/round_0/41_bessy2hi_56m_PGM_2Perc_coupling_errors_off_FLUX.rml
2025-02-07 22:40:38,960 - INFO - Prepared sim number: 42: RAYPy_Simulation_bessy2hi_56m_PGM_2Perc_coupling_errors_off_FLUX/round_0/42_bessy2hi_56m_PGM_2Perc_coupling_errors_off_FLUX.rml
2025-02-07 22:40:38,967 - INFO - Prepared sim number: 43: RAYPy_Simulation_bessy2hi_56m_PGM_2Perc_coupling_errors_off_FLUX/round_0/43_bessy2hi_56m_PGM_2Perc_coupling_errors_off_FLUX.rml
2025-02-07 22:40:38,974 - INFO - Prepared sim number: 44: RAYPy_Simulation_bessy2hi_56m_PGM_2Perc_coupling_errors_off_FLUX/round_0/44_bessy2hi_56m_PGM_2Perc_coupling_errors_off_FLUX.rml
2025-02-07 22:40:38,981 - INFO - Prepared sim number: 45: RAYPy_Simulation_bessy2hi_56m_PGM_2Perc_coupling_errors_off_FLUX/round_0/45_bessy2hi_56m_PGM_2Perc_coupling_errors_off_FLUX.rml
2025-02-07 22:40:38,988 - INFO - Prepared sim number: 46: RAYPy_Simulation_bessy2hi_56m_PGM_2Perc_coupling_errors_off_FLUX/round_0/46_bessy2hi_56m_PGM_2Perc_coupling_errors_off_FLUX.rml
2025-02-07 22:40:38,995 - INFO - Prepared sim number: 47: RAYPy_Simulation_bessy2hi_56m_PGM_2Perc_coupling_errors_off_FLUX/round_0/47_bessy2hi_56m_PGM_2Perc_coupling_errors_off_FLUX.rml
2025-02-07 22:40:39,002 - INFO - Prepared sim number: 48: RAYPy_Simulation_bessy2hi_56m_PGM_2Perc_coupling_errors_off_FLUX/round_0/48_bessy2hi_56m_PGM_2Perc_coupling_errors_off_FLUX.rml
2025-02-07 22:40:39,008 - INFO - Prepared sim number: 49: RAYPy_Simulation_bessy2hi_56m_PGM_2Perc_coupling_errors_off_FLUX/round_0/49_bessy2hi_56m_PGM_2Perc_coupling_errors_off_FLUX.rml
2025-02-07 22:40:39,015 - INFO - Prepared sim number: 50: RAYPy_Simulation_bessy2hi_56m_PGM_2Perc_coupling_errors_off_FLUX/round_0/50_bessy2hi_56m_PGM_2Perc_coupling_errors_off_FLUX.rml
2025-02-07 22:40:39,021 - INFO - Prepared sim number: 51: RAYPy_Simulation_bessy2hi_56m_PGM_2Perc_coupling_errors_off_FLUX/round_0/51_bessy2hi_56m_PGM_2Perc_coupling_errors_off_FLUX.rml
2025-02-07 22:40:39,028 - INFO - Prepared sim number: 52: RAYPy_Simulation_bessy2hi_56m_PGM_2Perc_coupling_errors_off_FLUX/round_0/52_bessy2hi_56m_PGM_2Perc_coupling_errors_off_FLUX.rml
2025-02-07 22:40:39,036 - INFO - Prepared sim number: 53: RAYPy_Simulation_bessy2hi_56m_PGM_2Perc_coupling_errors_off_FLUX/round_0/53_bessy2hi_56m_PGM_2Perc_coupling_errors_off_FLUX.rml
2025-02-07 22:40:39,042 - INFO - Prepared sim number: 54: RAYPy_Simulation_bessy2hi_56m_PGM_2Perc_coupling_errors_off_FLUX/round_0/54_bessy2hi_56m_PGM_2Perc_coupling_errors_off_FLUX.rml
2025-02-07 22:40:39,049 - INFO - Prepared sim number: 55: RAYPy_Simulation_bessy2hi_56m_PGM_2Perc_coupling_errors_off_FLUX/round_0/55_bessy2hi_56m_PGM_2Perc_coupling_errors_off_FLUX.rml
2025-02-07 22:40:39,056 - INFO - Prepared sim number: 56: RAYPy_Simulation_bessy2hi_56m_PGM_2Perc_coupling_errors_off_FLUX/round_0/56_bessy2hi_56m_PGM_2Perc_coupling_errors_off_FLUX.rml
2025-02-07 22:40:39,063 - INFO - Prepared sim number: 57: RAYPy_Simulation_bessy2hi_56m_PGM_2Perc_coupling_errors_off_FLUX/round_0/57_bessy2hi_56m_PGM_2Perc_coupling_errors_off_FLUX.rml
2025-02-07 22:40:39,070 - INFO - Prepared sim number: 58: RAYPy_Simulation_bessy2hi_56m_PGM_2Perc_coupling_errors_off_FLUX/round_0/58_bessy2hi_56m_PGM_2Perc_coupling_errors_off_FLUX.rml
2025-02-07 22:40:39,076 - INFO - Prepared sim number: 59: RAYPy_Simulation_bessy2hi_56m_PGM_2Perc_coupling_errors_off_FLUX/round_0/59_bessy2hi_56m_PGM_2Perc_coupling_errors_off_FLUX.rml
2025-02-07 22:40:39,090 - INFO - Waiting for batch number: 0, timeout: 60s
2025-02-07 22:41:02,039 - INFO - Simulation started, using 12 workers
2025-02-07 22:41:02,042 - INFO - Start round 0
2025-02-07 22:41:02,058 - INFO - Prepared sim number: 0: RAYPy_Simulation_bessy2hi_56m_PGM_2Perc_coupling_errors_off_FLUX/round_0/0_bessy2hi_56m_PGM_2Perc_coupling_errors_off_FLUX.rml
2025-02-07 22:41:02,073 - INFO - Prepared sim number: 1: RAYPy_Simulation_bessy2hi_56m_PGM_2Perc_coupling_errors_off_FLUX/round_0/1_bessy2hi_56m_PGM_2Perc_coupling_errors_off_FLUX.rml
2025-02-07 22:41:02,088 - INFO - Prepared sim number: 2: RAYPy_Simulation_bessy2hi_56m_PGM_2Perc_coupling_errors_off_FLUX/round_0/2_bessy2hi_56m_PGM_2Perc_coupling_errors_off_FLUX.rml
2025-02-07 22:41:02,102 - INFO - Prepared sim number: 3: RAYPy_Simulation_bessy2hi_56m_PGM_2Perc_coupling_errors_off_FLUX/round_0/3_bessy2hi_56m_PGM_2Perc_coupling_errors_off_FLUX.rml
2025-02-07 22:41:02,113 - INFO - Prepared sim number: 4: RAYPy_Simulation_bessy2hi_56m_PGM_2Perc_coupling_errors_off_FLUX/round_0/4_bessy2hi_56m_PGM_2Perc_coupling_errors_off_FLUX.rml
2025-02-07 22:41:02,125 - INFO - Prepared sim number: 5: RAYPy_Simulation_bessy2hi_56m_PGM_2Perc_coupling_errors_off_FLUX/round_0/5_bessy2hi_56m_PGM_2Perc_coupling_errors_off_FLUX.rml
2025-02-07 22:41:02,137 - INFO - Prepared sim number: 6: RAYPy_Simulation_bessy2hi_56m_PGM_2Perc_coupling_errors_off_FLUX/round_0/6_bessy2hi_56m_PGM_2Perc_coupling_errors_off_FLUX.rml
2025-02-07 22:41:02,147 - INFO - Prepared sim number: 7: RAYPy_Simulation_bessy2hi_56m_PGM_2Perc_coupling_errors_off_FLUX/round_0/7_bessy2hi_56m_PGM_2Perc_coupling_errors_off_FLUX.rml
2025-02-07 22:41:02,159 - INFO - Prepared sim number: 8: RAYPy_Simulation_bessy2hi_56m_PGM_2Perc_coupling_errors_off_FLUX/round_0/8_bessy2hi_56m_PGM_2Perc_coupling_errors_off_FLUX.rml
2025-02-07 22:41:02,169 - INFO - Prepared sim number: 9: RAYPy_Simulation_bessy2hi_56m_PGM_2Perc_coupling_errors_off_FLUX/round_0/9_bessy2hi_56m_PGM_2Perc_coupling_errors_off_FLUX.rml
2025-02-07 22:41:02,181 - INFO - Prepared sim number: 10: RAYPy_Simulation_bessy2hi_56m_PGM_2Perc_coupling_errors_off_FLUX/round_0/10_bessy2hi_56m_PGM_2Perc_coupling_errors_off_FLUX.rml
2025-02-07 22:41:02,192 - INFO - Prepared sim number: 11: RAYPy_Simulation_bessy2hi_56m_PGM_2Perc_coupling_errors_off_FLUX/round_0/11_bessy2hi_56m_PGM_2Perc_coupling_errors_off_FLUX.rml
2025-02-07 22:41:02,203 - INFO - Prepared sim number: 12: RAYPy_Simulation_bessy2hi_56m_PGM_2Perc_coupling_errors_off_FLUX/round_0/12_bessy2hi_56m_PGM_2Perc_coupling_errors_off_FLUX.rml
2025-02-07 22:41:02,214 - INFO - Prepared sim number: 13: RAYPy_Simulation_bessy2hi_56m_PGM_2Perc_coupling_errors_off_FLUX/round_0/13_bessy2hi_56m_PGM_2Perc_coupling_errors_off_FLUX.rml
2025-02-07 22:41:02,224 - INFO - Prepared sim number: 14: RAYPy_Simulation_bessy2hi_56m_PGM_2Perc_coupling_errors_off_FLUX/round_0/14_bessy2hi_56m_PGM_2Perc_coupling_errors_off_FLUX.rml
2025-02-07 22:41:02,235 - INFO - Prepared sim number: 15: RAYPy_Simulation_bessy2hi_56m_PGM_2Perc_coupling_errors_off_FLUX/round_0/15_bessy2hi_56m_PGM_2Perc_coupling_errors_off_FLUX.rml
2025-02-07 22:41:02,247 - INFO - Prepared sim number: 16: RAYPy_Simulation_bessy2hi_56m_PGM_2Perc_coupling_errors_off_FLUX/round_0/16_bessy2hi_56m_PGM_2Perc_coupling_errors_off_FLUX.rml
2025-02-07 22:41:02,258 - INFO - Prepared sim number: 17: RAYPy_Simulation_bessy2hi_56m_PGM_2Perc_coupling_errors_off_FLUX/round_0/17_bessy2hi_56m_PGM_2Perc_coupling_errors_off_FLUX.rml
2025-02-07 22:41:02,268 - INFO - Prepared sim number: 18: RAYPy_Simulation_bessy2hi_56m_PGM_2Perc_coupling_errors_off_FLUX/round_0/18_bessy2hi_56m_PGM_2Perc_coupling_errors_off_FLUX.rml
2025-02-07 22:41:02,278 - INFO - Prepared sim number: 19: RAYPy_Simulation_bessy2hi_56m_PGM_2Perc_coupling_errors_off_FLUX/round_0/19_bessy2hi_56m_PGM_2Perc_coupling_errors_off_FLUX.rml
2025-02-07 22:41:02,289 - INFO - Prepared sim number: 20: RAYPy_Simulation_bessy2hi_56m_PGM_2Perc_coupling_errors_off_FLUX/round_0/20_bessy2hi_56m_PGM_2Perc_coupling_errors_off_FLUX.rml
2025-02-07 22:41:02,300 - INFO - Prepared sim number: 21: RAYPy_Simulation_bessy2hi_56m_PGM_2Perc_coupling_errors_off_FLUX/round_0/21_bessy2hi_56m_PGM_2Perc_coupling_errors_off_FLUX.rml
2025-02-07 22:41:02,310 - INFO - Prepared sim number: 22: RAYPy_Simulation_bessy2hi_56m_PGM_2Perc_coupling_errors_off_FLUX/round_0/22_bessy2hi_56m_PGM_2Perc_coupling_errors_off_FLUX.rml
2025-02-07 22:41:02,321 - INFO - Prepared sim number: 23: RAYPy_Simulation_bessy2hi_56m_PGM_2Perc_coupling_errors_off_FLUX/round_0/23_bessy2hi_56m_PGM_2Perc_coupling_errors_off_FLUX.rml
2025-02-07 22:41:02,332 - INFO - Prepared sim number: 24: RAYPy_Simulation_bessy2hi_56m_PGM_2Perc_coupling_errors_off_FLUX/round_0/24_bessy2hi_56m_PGM_2Perc_coupling_errors_off_FLUX.rml
2025-02-07 22:41:02,343 - INFO - Prepared sim number: 25: RAYPy_Simulation_bessy2hi_56m_PGM_2Perc_coupling_errors_off_FLUX/round_0/25_bessy2hi_56m_PGM_2Perc_coupling_errors_off_FLUX.rml
2025-02-07 22:41:02,353 - INFO - Prepared sim number: 26: RAYPy_Simulation_bessy2hi_56m_PGM_2Perc_coupling_errors_off_FLUX/round_0/26_bessy2hi_56m_PGM_2Perc_coupling_errors_off_FLUX.rml
2025-02-07 22:41:02,364 - INFO - Prepared sim number: 27: RAYPy_Simulation_bessy2hi_56m_PGM_2Perc_coupling_errors_off_FLUX/round_0/27_bessy2hi_56m_PGM_2Perc_coupling_errors_off_FLUX.rml
2025-02-07 22:41:02,376 - INFO - Prepared sim number: 28: RAYPy_Simulation_bessy2hi_56m_PGM_2Perc_coupling_errors_off_FLUX/round_0/28_bessy2hi_56m_PGM_2Perc_coupling_errors_off_FLUX.rml
2025-02-07 22:41:02,386 - INFO - Prepared sim number: 29: RAYPy_Simulation_bessy2hi_56m_PGM_2Perc_coupling_errors_off_FLUX/round_0/29_bessy2hi_56m_PGM_2Perc_coupling_errors_off_FLUX.rml
2025-02-07 22:41:02,398 - INFO - Prepared sim number: 30: RAYPy_Simulation_bessy2hi_56m_PGM_2Perc_coupling_errors_off_FLUX/round_0/30_bessy2hi_56m_PGM_2Perc_coupling_errors_off_FLUX.rml
2025-02-07 22:41:02,409 - INFO - Prepared sim number: 31: RAYPy_Simulation_bessy2hi_56m_PGM_2Perc_coupling_errors_off_FLUX/round_0/31_bessy2hi_56m_PGM_2Perc_coupling_errors_off_FLUX.rml
2025-02-07 22:41:02,419 - INFO - Prepared sim number: 32: RAYPy_Simulation_bessy2hi_56m_PGM_2Perc_coupling_errors_off_FLUX/round_0/32_bessy2hi_56m_PGM_2Perc_coupling_errors_off_FLUX.rml
2025-02-07 22:41:02,429 - INFO - Prepared sim number: 33: RAYPy_Simulation_bessy2hi_56m_PGM_2Perc_coupling_errors_off_FLUX/round_0/33_bessy2hi_56m_PGM_2Perc_coupling_errors_off_FLUX.rml
2025-02-07 22:41:02,439 - INFO - Prepared sim number: 34: RAYPy_Simulation_bessy2hi_56m_PGM_2Perc_coupling_errors_off_FLUX/round_0/34_bessy2hi_56m_PGM_2Perc_coupling_errors_off_FLUX.rml
2025-02-07 22:41:02,450 - INFO - Prepared sim number: 35: RAYPy_Simulation_bessy2hi_56m_PGM_2Perc_coupling_errors_off_FLUX/round_0/35_bessy2hi_56m_PGM_2Perc_coupling_errors_off_FLUX.rml
2025-02-07 22:41:02,461 - INFO - Prepared sim number: 36: RAYPy_Simulation_bessy2hi_56m_PGM_2Perc_coupling_errors_off_FLUX/round_0/36_bessy2hi_56m_PGM_2Perc_coupling_errors_off_FLUX.rml
2025-02-07 22:41:02,471 - INFO - Prepared sim number: 37: RAYPy_Simulation_bessy2hi_56m_PGM_2Perc_coupling_errors_off_FLUX/round_0/37_bessy2hi_56m_PGM_2Perc_coupling_errors_off_FLUX.rml
2025-02-07 22:41:02,481 - INFO - Prepared sim number: 38: RAYPy_Simulation_bessy2hi_56m_PGM_2Perc_coupling_errors_off_FLUX/round_0/38_bessy2hi_56m_PGM_2Perc_coupling_errors_off_FLUX.rml
2025-02-07 22:41:02,492 - INFO - Prepared sim number: 39: RAYPy_Simulation_bessy2hi_56m_PGM_2Perc_coupling_errors_off_FLUX/round_0/39_bessy2hi_56m_PGM_2Perc_coupling_errors_off_FLUX.rml
2025-02-07 22:41:02,503 - INFO - Prepared sim number: 40: RAYPy_Simulation_bessy2hi_56m_PGM_2Perc_coupling_errors_off_FLUX/round_0/40_bessy2hi_56m_PGM_2Perc_coupling_errors_off_FLUX.rml
2025-02-07 22:41:02,514 - INFO - Prepared sim number: 41: RAYPy_Simulation_bessy2hi_56m_PGM_2Perc_coupling_errors_off_FLUX/round_0/41_bessy2hi_56m_PGM_2Perc_coupling_errors_off_FLUX.rml
2025-02-07 22:41:02,523 - INFO - Prepared sim number: 42: RAYPy_Simulation_bessy2hi_56m_PGM_2Perc_coupling_errors_off_FLUX/round_0/42_bessy2hi_56m_PGM_2Perc_coupling_errors_off_FLUX.rml
2025-02-07 22:41:02,534 - INFO - Prepared sim number: 43: RAYPy_Simulation_bessy2hi_56m_PGM_2Perc_coupling_errors_off_FLUX/round_0/43_bessy2hi_56m_PGM_2Perc_coupling_errors_off_FLUX.rml
2025-02-07 22:41:02,547 - INFO - Prepared sim number: 44: RAYPy_Simulation_bessy2hi_56m_PGM_2Perc_coupling_errors_off_FLUX/round_0/44_bessy2hi_56m_PGM_2Perc_coupling_errors_off_FLUX.rml
2025-02-07 22:41:02,559 - INFO - Prepared sim number: 45: RAYPy_Simulation_bessy2hi_56m_PGM_2Perc_coupling_errors_off_FLUX/round_0/45_bessy2hi_56m_PGM_2Perc_coupling_errors_off_FLUX.rml
2025-02-07 22:41:02,589 - INFO - Prepared sim number: 48: RAYPy_Simulation_bessy2hi_56m_PGM_2Perc_coupling_errors_off_FLUX/round_0/48_bessy2hi_56m_PGM_2Perc_coupling_errors_off_FLUX.rml
2025-02-07 22:41:02,602 - INFO - Prepared sim number: 49: RAYPy_Simulation_bessy2hi_56m_PGM_2Perc_coupling_errors_off_FLUX/round_0/49_bessy2hi_56m_PGM_2Perc_coupling_errors_off_FLUX.rml
2025-02-07 22:41:02,618 - INFO - Prepared sim number: 50: RAYPy_Simulation_bessy2hi_56m_PGM_2Perc_coupling_errors_off_FLUX/round_0/50_bessy2hi_56m_PGM_2Perc_coupling_errors_off_FLUX.rml
2025-02-07 22:41:02,631 - INFO - Prepared sim number: 51: RAYPy_Simulation_bessy2hi_56m_PGM_2Perc_coupling_errors_off_FLUX/round_0/51_bessy2hi_56m_PGM_2Perc_coupling_errors_off_FLUX.rml
2025-02-07 22:41:02,642 - INFO - Prepared sim number: 52: RAYPy_Simulation_bessy2hi_56m_PGM_2Perc_coupling_errors_off_FLUX/round_0/52_bessy2hi_56m_PGM_2Perc_coupling_errors_off_FLUX.rml
2025-02-07 22:41:02,654 - INFO - Prepared sim number: 53: RAYPy_Simulation_bessy2hi_56m_PGM_2Perc_coupling_errors_off_FLUX/round_0/53_bessy2hi_56m_PGM_2Perc_coupling_errors_off_FLUX.rml
2025-02-07 22:41:02,665 - INFO - Prepared sim number: 54: RAYPy_Simulation_bessy2hi_56m_PGM_2Perc_coupling_errors_off_FLUX/round_0/54_bessy2hi_56m_PGM_2Perc_coupling_errors_off_FLUX.rml
2025-02-07 22:41:02,675 - INFO - Prepared sim number: 55: RAYPy_Simulation_bessy2hi_56m_PGM_2Perc_coupling_errors_off_FLUX/round_0/55_bessy2hi_56m_PGM_2Perc_coupling_errors_off_FLUX.rml
2025-02-07 22:41:02,687 - INFO - Prepared sim number: 56: RAYPy_Simulation_bessy2hi_56m_PGM_2Perc_coupling_errors_off_FLUX/round_0/56_bessy2hi_56m_PGM_2Perc_coupling_errors_off_FLUX.rml
2025-02-07 22:41:02,697 - INFO - Prepared sim number: 57: RAYPy_Simulation_bessy2hi_56m_PGM_2Perc_coupling_errors_off_FLUX/round_0/57_bessy2hi_56m_PGM_2Perc_coupling_errors_off_FLUX.rml
2025-02-07 22:41:02,707 - INFO - Prepared sim number: 58: RAYPy_Simulation_bessy2hi_56m_PGM_2Perc_coupling_errors_off_FLUX/round_0/58_bessy2hi_56m_PGM_2Perc_coupling_errors_off_FLUX.rml
2025-02-07 22:41:02,716 - INFO - Prepared sim number: 59: RAYPy_Simulation_bessy2hi_56m_PGM_2Perc_coupling_errors_off_FLUX/round_0/59_bessy2hi_56m_PGM_2Perc_coupling_errors_off_FLUX.rml
2025-02-07 22:41:02,732 - INFO - Waiting for batch number: 0, timeout: 60s
2025-02-07 22:41:33,418 - INFO - Simulation started, using 12 workers
2025-02-07 22:41:33,421 - INFO - Start round 0
2025-02-07 22:41:33,429 - INFO - Prepared sim number: 0: RAYPy_Simulation_bessy2hi_56m_PGM_2Perc_coupling_errors_off_FLUX/round_0/0_bessy2hi_56m_PGM_2Perc_coupling_errors_off_FLUX.rml
2025-02-07 22:41:33,441 - INFO - Prepared sim number: 1: RAYPy_Simulation_bessy2hi_56m_PGM_2Perc_coupling_errors_off_FLUX/round_0/1_bessy2hi_56m_PGM_2Perc_coupling_errors_off_FLUX.rml
2025-02-07 22:41:33,458 - INFO - Prepared sim number: 2: RAYPy_Simulation_bessy2hi_56m_PGM_2Perc_coupling_errors_off_FLUX/round_0/2_bessy2hi_56m_PGM_2Perc_coupling_errors_off_FLUX.rml
2025-02-07 22:41:33,472 - INFO - Prepared sim number: 3: RAYPy_Simulation_bessy2hi_56m_PGM_2Perc_coupling_errors_off_FLUX/round_0/3_bessy2hi_56m_PGM_2Perc_coupling_errors_off_FLUX.rml
2025-02-07 22:41:33,481 - INFO - Prepared sim number: 4: RAYPy_Simulation_bessy2hi_56m_PGM_2Perc_coupling_errors_off_FLUX/round_0/4_bessy2hi_56m_PGM_2Perc_coupling_errors_off_FLUX.rml
2025-02-07 22:41:33,490 - INFO - Prepared sim number: 5: RAYPy_Simulation_bessy2hi_56m_PGM_2Perc_coupling_errors_off_FLUX/round_0/5_bessy2hi_56m_PGM_2Perc_coupling_errors_off_FLUX.rml
2025-02-07 22:41:33,498 - INFO - Prepared sim number: 6: RAYPy_Simulation_bessy2hi_56m_PGM_2Perc_coupling_errors_off_FLUX/round_0/6_bessy2hi_56m_PGM_2Perc_coupling_errors_off_FLUX.rml
2025-02-07 22:41:33,505 - INFO - Prepared sim number: 7: RAYPy_Simulation_bessy2hi_56m_PGM_2Perc_coupling_errors_off_FLUX/round_0/7_bessy2hi_56m_PGM_2Perc_coupling_errors_off_FLUX.rml
2025-02-07 22:41:33,512 - INFO - Prepared sim number: 8: RAYPy_Simulation_bessy2hi_56m_PGM_2Perc_coupling_errors_off_FLUX/round_0/8_bessy2hi_56m_PGM_2Perc_coupling_errors_off_FLUX.rml
2025-02-07 22:41:33,520 - INFO - Prepared sim number: 9: RAYPy_Simulation_bessy2hi_56m_PGM_2Perc_coupling_errors_off_FLUX/round_0/9_bessy2hi_56m_PGM_2Perc_coupling_errors_off_FLUX.rml
2025-02-07 22:41:33,527 - INFO - Prepared sim number: 10: RAYPy_Simulation_bessy2hi_56m_PGM_2Perc_coupling_errors_off_FLUX/round_0/10_bessy2hi_56m_PGM_2Perc_coupling_errors_off_FLUX.rml
2025-02-07 22:41:33,534 - INFO - Prepared sim number: 11: RAYPy_Simulation_bessy2hi_56m_PGM_2Perc_coupling_errors_off_FLUX/round_0/11_bessy2hi_56m_PGM_2Perc_coupling_errors_off_FLUX.rml
2025-02-07 22:41:33,542 - INFO - Prepared sim number: 12: RAYPy_Simulation_bessy2hi_56m_PGM_2Perc_coupling_errors_off_FLUX/round_0/12_bessy2hi_56m_PGM_2Perc_coupling_errors_off_FLUX.rml
2025-02-07 22:41:33,549 - INFO - Prepared sim number: 13: RAYPy_Simulation_bessy2hi_56m_PGM_2Perc_coupling_errors_off_FLUX/round_0/13_bessy2hi_56m_PGM_2Perc_coupling_errors_off_FLUX.rml
2025-02-07 22:41:33,559 - INFO - Prepared sim number: 14: RAYPy_Simulation_bessy2hi_56m_PGM_2Perc_coupling_errors_off_FLUX/round_0/14_bessy2hi_56m_PGM_2Perc_coupling_errors_off_FLUX.rml
2025-02-07 22:41:33,566 - INFO - Prepared sim number: 15: RAYPy_Simulation_bessy2hi_56m_PGM_2Perc_coupling_errors_off_FLUX/round_0/15_bessy2hi_56m_PGM_2Perc_coupling_errors_off_FLUX.rml
2025-02-07 22:41:33,573 - INFO - Prepared sim number: 16: RAYPy_Simulation_bessy2hi_56m_PGM_2Perc_coupling_errors_off_FLUX/round_0/16_bessy2hi_56m_PGM_2Perc_coupling_errors_off_FLUX.rml
2025-02-07 22:41:33,581 - INFO - Prepared sim number: 17: RAYPy_Simulation_bessy2hi_56m_PGM_2Perc_coupling_errors_off_FLUX/round_0/17_bessy2hi_56m_PGM_2Perc_coupling_errors_off_FLUX.rml
2025-02-07 22:41:33,590 - INFO - Prepared sim number: 18: RAYPy_Simulation_bessy2hi_56m_PGM_2Perc_coupling_errors_off_FLUX/round_0/18_bessy2hi_56m_PGM_2Perc_coupling_errors_off_FLUX.rml
2025-02-07 22:41:33,597 - INFO - Prepared sim number: 19: RAYPy_Simulation_bessy2hi_56m_PGM_2Perc_coupling_errors_off_FLUX/round_0/19_bessy2hi_56m_PGM_2Perc_coupling_errors_off_FLUX.rml
2025-02-07 22:41:33,605 - INFO - Prepared sim number: 20: RAYPy_Simulation_bessy2hi_56m_PGM_2Perc_coupling_errors_off_FLUX/round_0/20_bessy2hi_56m_PGM_2Perc_coupling_errors_off_FLUX.rml
2025-02-07 22:41:33,613 - INFO - Prepared sim number: 21: RAYPy_Simulation_bessy2hi_56m_PGM_2Perc_coupling_errors_off_FLUX/round_0/21_bessy2hi_56m_PGM_2Perc_coupling_errors_off_FLUX.rml
2025-02-07 22:41:33,620 - INFO - Prepared sim number: 22: RAYPy_Simulation_bessy2hi_56m_PGM_2Perc_coupling_errors_off_FLUX/round_0/22_bessy2hi_56m_PGM_2Perc_coupling_errors_off_FLUX.rml
2025-02-07 22:41:33,627 - INFO - Prepared sim number: 23: RAYPy_Simulation_bessy2hi_56m_PGM_2Perc_coupling_errors_off_FLUX/round_0/23_bessy2hi_56m_PGM_2Perc_coupling_errors_off_FLUX.rml
2025-02-07 22:41:33,634 - INFO - Prepared sim number: 24: RAYPy_Simulation_bessy2hi_56m_PGM_2Perc_coupling_errors_off_FLUX/round_0/24_bessy2hi_56m_PGM_2Perc_coupling_errors_off_FLUX.rml
2025-02-07 22:41:33,641 - INFO - Prepared sim number: 25: RAYPy_Simulation_bessy2hi_56m_PGM_2Perc_coupling_errors_off_FLUX/round_0/25_bessy2hi_56m_PGM_2Perc_coupling_errors_off_FLUX.rml
2025-02-07 22:41:33,648 - INFO - Prepared sim number: 26: RAYPy_Simulation_bessy2hi_56m_PGM_2Perc_coupling_errors_off_FLUX/round_0/26_bessy2hi_56m_PGM_2Perc_coupling_errors_off_FLUX.rml
2025-02-07 22:41:33,656 - INFO - Prepared sim number: 27: RAYPy_Simulation_bessy2hi_56m_PGM_2Perc_coupling_errors_off_FLUX/round_0/27_bessy2hi_56m_PGM_2Perc_coupling_errors_off_FLUX.rml
2025-02-07 22:41:33,664 - INFO - Prepared sim number: 28: RAYPy_Simulation_bessy2hi_56m_PGM_2Perc_coupling_errors_off_FLUX/round_0/28_bessy2hi_56m_PGM_2Perc_coupling_errors_off_FLUX.rml
2025-02-07 22:41:33,671 - INFO - Prepared sim number: 29: RAYPy_Simulation_bessy2hi_56m_PGM_2Perc_coupling_errors_off_FLUX/round_0/29_bessy2hi_56m_PGM_2Perc_coupling_errors_off_FLUX.rml
2025-02-07 22:41:33,678 - INFO - Prepared sim number: 30: RAYPy_Simulation_bessy2hi_56m_PGM_2Perc_coupling_errors_off_FLUX/round_0/30_bessy2hi_56m_PGM_2Perc_coupling_errors_off_FLUX.rml
2025-02-07 22:41:33,685 - INFO - Prepared sim number: 31: RAYPy_Simulation_bessy2hi_56m_PGM_2Perc_coupling_errors_off_FLUX/round_0/31_bessy2hi_56m_PGM_2Perc_coupling_errors_off_FLUX.rml
2025-02-07 22:41:33,692 - INFO - Prepared sim number: 32: RAYPy_Simulation_bessy2hi_56m_PGM_2Perc_coupling_errors_off_FLUX/round_0/32_bessy2hi_56m_PGM_2Perc_coupling_errors_off_FLUX.rml
2025-02-07 22:41:33,699 - INFO - Prepared sim number: 33: RAYPy_Simulation_bessy2hi_56m_PGM_2Perc_coupling_errors_off_FLUX/round_0/33_bessy2hi_56m_PGM_2Perc_coupling_errors_off_FLUX.rml
2025-02-07 22:41:33,706 - INFO - Prepared sim number: 34: RAYPy_Simulation_bessy2hi_56m_PGM_2Perc_coupling_errors_off_FLUX/round_0/34_bessy2hi_56m_PGM_2Perc_coupling_errors_off_FLUX.rml
2025-02-07 22:41:33,713 - INFO - Prepared sim number: 35: RAYPy_Simulation_bessy2hi_56m_PGM_2Perc_coupling_errors_off_FLUX/round_0/35_bessy2hi_56m_PGM_2Perc_coupling_errors_off_FLUX.rml
2025-02-07 22:41:33,720 - INFO - Prepared sim number: 36: RAYPy_Simulation_bessy2hi_56m_PGM_2Perc_coupling_errors_off_FLUX/round_0/36_bessy2hi_56m_PGM_2Perc_coupling_errors_off_FLUX.rml
2025-02-07 22:41:33,728 - INFO - Prepared sim number: 37: RAYPy_Simulation_bessy2hi_56m_PGM_2Perc_coupling_errors_off_FLUX/round_0/37_bessy2hi_56m_PGM_2Perc_coupling_errors_off_FLUX.rml
2025-02-07 22:41:33,735 - INFO - Prepared sim number: 38: RAYPy_Simulation_bessy2hi_56m_PGM_2Perc_coupling_errors_off_FLUX/round_0/38_bessy2hi_56m_PGM_2Perc_coupling_errors_off_FLUX.rml
2025-02-07 22:41:33,743 - INFO - Prepared sim number: 39: RAYPy_Simulation_bessy2hi_56m_PGM_2Perc_coupling_errors_off_FLUX/round_0/39_bessy2hi_56m_PGM_2Perc_coupling_errors_off_FLUX.rml
2025-02-07 22:41:33,751 - INFO - Prepared sim number: 40: RAYPy_Simulation_bessy2hi_56m_PGM_2Perc_coupling_errors_off_FLUX/round_0/40_bessy2hi_56m_PGM_2Perc_coupling_errors_off_FLUX.rml
2025-02-07 22:41:33,758 - INFO - Prepared sim number: 41: RAYPy_Simulation_bessy2hi_56m_PGM_2Perc_coupling_errors_off_FLUX/round_0/41_bessy2hi_56m_PGM_2Perc_coupling_errors_off_FLUX.rml
2025-02-07 22:41:33,771 - INFO - Prepared sim number: 42: RAYPy_Simulation_bessy2hi_56m_PGM_2Perc_coupling_errors_off_FLUX/round_0/42_bessy2hi_56m_PGM_2Perc_coupling_errors_off_FLUX.rml
2025-02-07 22:41:33,783 - INFO - Prepared sim number: 43: RAYPy_Simulation_bessy2hi_56m_PGM_2Perc_coupling_errors_off_FLUX/round_0/43_bessy2hi_56m_PGM_2Perc_coupling_errors_off_FLUX.rml
2025-02-07 22:41:33,792 - INFO - Prepared sim number: 44: RAYPy_Simulation_bessy2hi_56m_PGM_2Perc_coupling_errors_off_FLUX/round_0/44_bessy2hi_56m_PGM_2Perc_coupling_errors_off_FLUX.rml
2025-02-07 22:41:33,801 - INFO - Prepared sim number: 45: RAYPy_Simulation_bessy2hi_56m_PGM_2Perc_coupling_errors_off_FLUX/round_0/45_bessy2hi_56m_PGM_2Perc_coupling_errors_off_FLUX.rml
2025-02-07 22:41:33,810 - INFO - Prepared sim number: 46: RAYPy_Simulation_bessy2hi_56m_PGM_2Perc_coupling_errors_off_FLUX/round_0/46_bessy2hi_56m_PGM_2Perc_coupling_errors_off_FLUX.rml
2025-02-07 22:41:33,820 - INFO - Prepared sim number: 47: RAYPy_Simulation_bessy2hi_56m_PGM_2Perc_coupling_errors_off_FLUX/round_0/47_bessy2hi_56m_PGM_2Perc_coupling_errors_off_FLUX.rml
2025-02-07 22:41:33,829 - INFO - Prepared sim number: 48: RAYPy_Simulation_bessy2hi_56m_PGM_2Perc_coupling_errors_off_FLUX/round_0/48_bessy2hi_56m_PGM_2Perc_coupling_errors_off_FLUX.rml
2025-02-07 22:41:33,837 - INFO - Prepared sim number: 49: RAYPy_Simulation_bessy2hi_56m_PGM_2Perc_coupling_errors_off_FLUX/round_0/49_bessy2hi_56m_PGM_2Perc_coupling_errors_off_FLUX.rml
2025-02-07 22:41:33,845 - INFO - Prepared sim number: 50: RAYPy_Simulation_bessy2hi_56m_PGM_2Perc_coupling_errors_off_FLUX/round_0/50_bessy2hi_56m_PGM_2Perc_coupling_errors_off_FLUX.rml
2025-02-07 22:41:33,859 - INFO - Prepared sim number: 51: RAYPy_Simulation_bessy2hi_56m_PGM_2Perc_coupling_errors_off_FLUX/round_0/51_bessy2hi_56m_PGM_2Perc_coupling_errors_off_FLUX.rml
2025-02-07 22:41:33,868 - INFO - Prepared sim number: 52: RAYPy_Simulation_bessy2hi_56m_PGM_2Perc_coupling_errors_off_FLUX/round_0/52_bessy2hi_56m_PGM_2Perc_coupling_errors_off_FLUX.rml
2025-02-07 22:41:33,882 - INFO - Prepared sim number: 53: RAYPy_Simulation_bessy2hi_56m_PGM_2Perc_coupling_errors_off_FLUX/round_0/53_bessy2hi_56m_PGM_2Perc_coupling_errors_off_FLUX.rml
2025-02-07 22:41:33,894 - INFO - Prepared sim number: 54: RAYPy_Simulation_bessy2hi_56m_PGM_2Perc_coupling_errors_off_FLUX/round_0/54_bessy2hi_56m_PGM_2Perc_coupling_errors_off_FLUX.rml
2025-02-07 22:41:33,907 - INFO - Prepared sim number: 55: RAYPy_Simulation_bessy2hi_56m_PGM_2Perc_coupling_errors_off_FLUX/round_0/55_bessy2hi_56m_PGM_2Perc_coupling_errors_off_FLUX.rml
2025-02-07 22:41:33,916 - INFO - Prepared sim number: 56: RAYPy_Simulation_bessy2hi_56m_PGM_2Perc_coupling_errors_off_FLUX/round_0/56_bessy2hi_56m_PGM_2Perc_coupling_errors_off_FLUX.rml
2025-02-07 22:41:33,928 - INFO - Prepared sim number: 57: RAYPy_Simulation_bessy2hi_56m_PGM_2Perc_coupling_errors_off_FLUX/round_0/57_bessy2hi_56m_PGM_2Perc_coupling_errors_off_FLUX.rml
2025-02-07 22:41:33,940 - INFO - Prepared sim number: 58: RAYPy_Simulation_bessy2hi_56m_PGM_2Perc_coupling_errors_off_FLUX/round_0/58_bessy2hi_56m_PGM_2Perc_coupling_errors_off_FLUX.rml
2025-02-07 22:41:33,952 - INFO - Prepared sim number: 59: RAYPy_Simulation_bessy2hi_56m_PGM_2Perc_coupling_errors_off_FLUX/round_0/59_bessy2hi_56m_PGM_2Perc_coupling_errors_off_FLUX.rml
2025-02-07 22:41:33,980 - INFO - Waiting for batch number: 0, timeout: 60s
2025-02-07 22:41:49,669 - INFO - Completed: 1, remaining: 59, RAYPy_Simulation_bessy2hi_56m_PGM_2Perc_coupling_errors_off_FLUX/round_0/0_bessy2hi_56m_PGM_2Perc_coupling_errors_off_FLUX.rml
2025-02-07 22:41:49,772 - INFO - Completed: 2, remaining: 58, RAYPy_Simulation_bessy2hi_56m_PGM_2Perc_coupling_errors_off_FLUX/round_0/3_bessy2hi_56m_PGM_2Perc_coupling_errors_off_FLUX.rml
2025-02-07 22:41:49,874 - INFO - Completed: 3, remaining: 57, RAYPy_Simulation_bessy2hi_56m_PGM_2Perc_coupling_errors_off_FLUX/round_0/11_bessy2hi_56m_PGM_2Perc_coupling_errors_off_FLUX.rml
2025-02-07 22:41:49,929 - INFO - Completed: 4, remaining: 56, RAYPy_Simulation_bessy2hi_56m_PGM_2Perc_coupling_errors_off_FLUX/round_0/5_bessy2hi_56m_PGM_2Perc_coupling_errors_off_FLUX.rml
2025-02-07 22:41:50,182 - INFO - Completed: 5, remaining: 55, RAYPy_Simulation_bessy2hi_56m_PGM_2Perc_coupling_errors_off_FLUX/round_0/4_bessy2hi_56m_PGM_2Perc_coupling_errors_off_FLUX.rml
2025-02-07 22:41:50,302 - INFO - Completed: 6, remaining: 54, RAYPy_Simulation_bessy2hi_56m_PGM_2Perc_coupling_errors_off_FLUX/round_0/8_bessy2hi_56m_PGM_2Perc_coupling_errors_off_FLUX.rml
2025-02-07 22:41:50,760 - INFO - Completed: 7, remaining: 53, RAYPy_Simulation_bessy2hi_56m_PGM_2Perc_coupling_errors_off_FLUX/round_0/9_bessy2hi_56m_PGM_2Perc_coupling_errors_off_FLUX.rml
2025-02-07 22:41:51,824 - INFO - Completed: 8, remaining: 52, RAYPy_Simulation_bessy2hi_56m_PGM_2Perc_coupling_errors_off_FLUX/round_0/2_bessy2hi_56m_PGM_2Perc_coupling_errors_off_FLUX.rml
2025-02-07 22:41:51,877 - INFO - Completed: 9, remaining: 51, RAYPy_Simulation_bessy2hi_56m_PGM_2Perc_coupling_errors_off_FLUX/round_0/10_bessy2hi_56m_PGM_2Perc_coupling_errors_off_FLUX.rml
2025-02-07 22:41:51,972 - INFO - Completed: 10, remaining: 50, RAYPy_Simulation_bessy2hi_56m_PGM_2Perc_coupling_errors_off_FLUX/round_0/6_bessy2hi_56m_PGM_2Perc_coupling_errors_off_FLUX.rml
2025-02-07 22:41:52,000 - INFO - Completed: 11, remaining: 49, RAYPy_Simulation_bessy2hi_56m_PGM_2Perc_coupling_errors_off_FLUX/round_0/1_bessy2hi_56m_PGM_2Perc_coupling_errors_off_FLUX.rml
2025-02-07 22:41:52,016 - INFO - Completed: 12, remaining: 48, RAYPy_Simulation_bessy2hi_56m_PGM_2Perc_coupling_errors_off_FLUX/round_0/7_bessy2hi_56m_PGM_2Perc_coupling_errors_off_FLUX.rml
2025-02-07 22:42:05,443 - INFO - Completed: 13, remaining: 47, RAYPy_Simulation_bessy2hi_56m_PGM_2Perc_coupling_errors_off_FLUX/round_0/13_bessy2hi_56m_PGM_2Perc_coupling_errors_off_FLUX.rml
2025-02-07 22:42:05,616 - INFO - Completed: 14, remaining: 46, RAYPy_Simulation_bessy2hi_56m_PGM_2Perc_coupling_errors_off_FLUX/round_0/12_bessy2hi_56m_PGM_2Perc_coupling_errors_off_FLUX.rml
2025-02-07 22:42:06,082 - INFO - Completed: 15, remaining: 45, RAYPy_Simulation_bessy2hi_56m_PGM_2Perc_coupling_errors_off_FLUX/round_0/14_bessy2hi_56m_PGM_2Perc_coupling_errors_off_FLUX.rml
2025-02-07 22:42:06,236 - INFO - Completed: 16, remaining: 44, RAYPy_Simulation_bessy2hi_56m_PGM_2Perc_coupling_errors_off_FLUX/round_0/15_bessy2hi_56m_PGM_2Perc_coupling_errors_off_FLUX.rml
2025-02-07 22:42:06,252 - INFO - Completed: 17, remaining: 43, RAYPy_Simulation_bessy2hi_56m_PGM_2Perc_coupling_errors_off_FLUX/round_0/16_bessy2hi_56m_PGM_2Perc_coupling_errors_off_FLUX.rml
2025-02-07 22:42:06,942 - INFO - Completed: 18, remaining: 42, RAYPy_Simulation_bessy2hi_56m_PGM_2Perc_coupling_errors_off_FLUX/round_0/17_bessy2hi_56m_PGM_2Perc_coupling_errors_off_FLUX.rml
2025-02-07 22:42:07,416 - INFO - Completed: 19, remaining: 41, RAYPy_Simulation_bessy2hi_56m_PGM_2Perc_coupling_errors_off_FLUX/round_0/18_bessy2hi_56m_PGM_2Perc_coupling_errors_off_FLUX.rml
2025-02-07 22:42:07,523 - INFO - Completed: 20, remaining: 40, RAYPy_Simulation_bessy2hi_56m_PGM_2Perc_coupling_errors_off_FLUX/round_0/19_bessy2hi_56m_PGM_2Perc_coupling_errors_off_FLUX.rml
2025-02-07 22:42:07,821 - INFO - Completed: 21, remaining: 39, RAYPy_Simulation_bessy2hi_56m_PGM_2Perc_coupling_errors_off_FLUX/round_0/23_bessy2hi_56m_PGM_2Perc_coupling_errors_off_FLUX.rml
2025-02-07 22:42:07,855 - INFO - Completed: 22, remaining: 38, RAYPy_Simulation_bessy2hi_56m_PGM_2Perc_coupling_errors_off_FLUX/round_0/21_bessy2hi_56m_PGM_2Perc_coupling_errors_off_FLUX.rml
2025-02-07 22:42:07,862 - INFO - Completed: 23, remaining: 37, RAYPy_Simulation_bessy2hi_56m_PGM_2Perc_coupling_errors_off_FLUX/round_0/22_bessy2hi_56m_PGM_2Perc_coupling_errors_off_FLUX.rml
2025-02-07 22:42:07,934 - INFO - Completed: 24, remaining: 36, RAYPy_Simulation_bessy2hi_56m_PGM_2Perc_coupling_errors_off_FLUX/round_0/20_bessy2hi_56m_PGM_2Perc_coupling_errors_off_FLUX.rml
2025-02-07 22:42:19,529 - INFO - Completed: 25, remaining: 35, RAYPy_Simulation_bessy2hi_56m_PGM_2Perc_coupling_errors_off_FLUX/round_0/24_bessy2hi_56m_PGM_2Perc_coupling_errors_off_FLUX.rml
2025-02-07 22:42:19,906 - INFO - Completed: 26, remaining: 34, RAYPy_Simulation_bessy2hi_56m_PGM_2Perc_coupling_errors_off_FLUX/round_0/25_bessy2hi_56m_PGM_2Perc_coupling_errors_off_FLUX.rml
2025-02-07 22:42:21,121 - INFO - Completed: 27, remaining: 33, RAYPy_Simulation_bessy2hi_56m_PGM_2Perc_coupling_errors_off_FLUX/round_0/26_bessy2hi_56m_PGM_2Perc_coupling_errors_off_FLUX.rml
2025-02-07 22:42:21,328 - INFO - Completed: 28, remaining: 32, RAYPy_Simulation_bessy2hi_56m_PGM_2Perc_coupling_errors_off_FLUX/round_0/28_bessy2hi_56m_PGM_2Perc_coupling_errors_off_FLUX.rml
2025-02-07 22:42:21,966 - INFO - Completed: 29, remaining: 31, RAYPy_Simulation_bessy2hi_56m_PGM_2Perc_coupling_errors_off_FLUX/round_0/27_bessy2hi_56m_PGM_2Perc_coupling_errors_off_FLUX.rml
2025-02-07 22:42:22,161 - INFO - Completed: 30, remaining: 30, RAYPy_Simulation_bessy2hi_56m_PGM_2Perc_coupling_errors_off_FLUX/round_0/30_bessy2hi_56m_PGM_2Perc_coupling_errors_off_FLUX.rml
2025-02-07 22:42:22,174 - INFO - Completed: 31, remaining: 29, RAYPy_Simulation_bessy2hi_56m_PGM_2Perc_coupling_errors_off_FLUX/round_0/29_bessy2hi_56m_PGM_2Perc_coupling_errors_off_FLUX.rml
2025-02-07 22:42:22,983 - INFO - Completed: 32, remaining: 28, RAYPy_Simulation_bessy2hi_56m_PGM_2Perc_coupling_errors_off_FLUX/round_0/34_bessy2hi_56m_PGM_2Perc_coupling_errors_off_FLUX.rml
2025-02-07 22:42:23,002 - INFO - Completed: 33, remaining: 27, RAYPy_Simulation_bessy2hi_56m_PGM_2Perc_coupling_errors_off_FLUX/round_0/35_bessy2hi_56m_PGM_2Perc_coupling_errors_off_FLUX.rml
2025-02-07 22:42:23,248 - INFO - Completed: 34, remaining: 26, RAYPy_Simulation_bessy2hi_56m_PGM_2Perc_coupling_errors_off_FLUX/round_0/32_bessy2hi_56m_PGM_2Perc_coupling_errors_off_FLUX.rml
2025-02-07 22:42:23,448 - INFO - Completed: 35, remaining: 25, RAYPy_Simulation_bessy2hi_56m_PGM_2Perc_coupling_errors_off_FLUX/round_0/33_bessy2hi_56m_PGM_2Perc_coupling_errors_off_FLUX.rml
2025-02-07 22:42:23,606 - INFO - Completed: 36, remaining: 24, RAYPy_Simulation_bessy2hi_56m_PGM_2Perc_coupling_errors_off_FLUX/round_0/31_bessy2hi_56m_PGM_2Perc_coupling_errors_off_FLUX.rml
2025-02-07 22:42:33,701 - INFO - Completed: 37, remaining: 23, RAYPy_Simulation_bessy2hi_56m_PGM_2Perc_coupling_errors_off_FLUX/round_0/36_bessy2hi_56m_PGM_2Perc_coupling_errors_off_FLUX.rml
2025-02-07 22:42:33,981 - INFO - Exception during simulation: 23 (of 60) futures unfinished
2025-02-07 22:42:39,272 - INFO - Waiting for file RAYPy_Simulation_bessy2hi_56m_PGM_2Perc_coupling_errors_off_FLUX/round_0/38_bessy2hi_56m_PGM_2Perc_coupling_errors_off_FLUX.rml, wait_time 18.952596696647436
2025-02-07 22:42:44,363 - INFO - Waiting for file RAYPy_Simulation_bessy2hi_56m_PGM_2Perc_coupling_errors_off_FLUX/round_0/48_bessy2hi_56m_PGM_2Perc_coupling_errors_off_FLUX.rml, wait_time 13.952596696647436
2025-02-07 22:42:49,370 - INFO - Waiting for file RAYPy_Simulation_bessy2hi_56m_PGM_2Perc_coupling_errors_off_FLUX/round_0/48_bessy2hi_56m_PGM_2Perc_coupling_errors_off_FLUX.rml, wait_time 8.952596696647436
2025-02-07 22:42:54,388 - INFO - Waiting for file RAYPy_Simulation_bessy2hi_56m_PGM_2Perc_coupling_errors_off_FLUX/round_0/51_bessy2hi_56m_PGM_2Perc_coupling_errors_off_FLUX.rml, wait_time 3.9525966966474364
2025-02-07 22:42:54,396 - INFO - Found all simulations of the batch, futures missed 23 simulations
2025-02-07 22:42:54,397 - INFO - Updated progress bar
2025-02-07 22:42:54,397 - INFO - Batch Completed
2025-02-07 22:42:54,398 - INFO - Waiting For batch, 60 simulations to go
2025-02-07 22:42:54,408 - INFO - Prepared sim number: 60: RAYPy_Simulation_bessy2hi_56m_PGM_2Perc_coupling_errors_off_FLUX/round_0/60_bessy2hi_56m_PGM_2Perc_coupling_errors_off_FLUX.rml
2025-02-07 22:42:54,426 - INFO - Prepared sim number: 61: RAYPy_Simulation_bessy2hi_56m_PGM_2Perc_coupling_errors_off_FLUX/round_0/61_bessy2hi_56m_PGM_2Perc_coupling_errors_off_FLUX.rml
2025-02-07 22:42:54,446 - INFO - Prepared sim number: 62: RAYPy_Simulation_bessy2hi_56m_PGM_2Perc_coupling_errors_off_FLUX/round_0/62_bessy2hi_56m_PGM_2Perc_coupling_errors_off_FLUX.rml
2025-02-07 22:42:54,457 - INFO - Prepared sim number: 63: RAYPy_Simulation_bessy2hi_56m_PGM_2Perc_coupling_errors_off_FLUX/round_0/63_bessy2hi_56m_PGM_2Perc_coupling_errors_off_FLUX.rml
2025-02-07 22:42:54,466 - INFO - Prepared sim number: 64: RAYPy_Simulation_bessy2hi_56m_PGM_2Perc_coupling_errors_off_FLUX/round_0/64_bessy2hi_56m_PGM_2Perc_coupling_errors_off_FLUX.rml
2025-02-07 22:42:54,475 - INFO - Prepared sim number: 65: RAYPy_Simulation_bessy2hi_56m_PGM_2Perc_coupling_errors_off_FLUX/round_0/65_bessy2hi_56m_PGM_2Perc_coupling_errors_off_FLUX.rml
2025-02-07 22:42:54,484 - INFO - Prepared sim number: 66: RAYPy_Simulation_bessy2hi_56m_PGM_2Perc_coupling_errors_off_FLUX/round_0/66_bessy2hi_56m_PGM_2Perc_coupling_errors_off_FLUX.rml
2025-02-07 22:42:54,493 - INFO - Prepared sim number: 67: RAYPy_Simulation_bessy2hi_56m_PGM_2Perc_coupling_errors_off_FLUX/round_0/67_bessy2hi_56m_PGM_2Perc_coupling_errors_off_FLUX.rml
2025-02-07 22:42:54,503 - INFO - Prepared sim number: 68: RAYPy_Simulation_bessy2hi_56m_PGM_2Perc_coupling_errors_off_FLUX/round_0/68_bessy2hi_56m_PGM_2Perc_coupling_errors_off_FLUX.rml
2025-02-07 22:42:54,511 - INFO - Prepared sim number: 69: RAYPy_Simulation_bessy2hi_56m_PGM_2Perc_coupling_errors_off_FLUX/round_0/69_bessy2hi_56m_PGM_2Perc_coupling_errors_off_FLUX.rml
2025-02-07 22:42:54,520 - INFO - Prepared sim number: 70: RAYPy_Simulation_bessy2hi_56m_PGM_2Perc_coupling_errors_off_FLUX/round_0/70_bessy2hi_56m_PGM_2Perc_coupling_errors_off_FLUX.rml
2025-02-07 22:42:54,529 - INFO - Prepared sim number: 71: RAYPy_Simulation_bessy2hi_56m_PGM_2Perc_coupling_errors_off_FLUX/round_0/71_bessy2hi_56m_PGM_2Perc_coupling_errors_off_FLUX.rml
2025-02-07 22:42:54,538 - INFO - Prepared sim number: 72: RAYPy_Simulation_bessy2hi_56m_PGM_2Perc_coupling_errors_off_FLUX/round_0/72_bessy2hi_56m_PGM_2Perc_coupling_errors_off_FLUX.rml
2025-02-07 22:42:54,547 - INFO - Prepared sim number: 73: RAYPy_Simulation_bessy2hi_56m_PGM_2Perc_coupling_errors_off_FLUX/round_0/73_bessy2hi_56m_PGM_2Perc_coupling_errors_off_FLUX.rml
2025-02-07 22:42:54,556 - INFO - Prepared sim number: 74: RAYPy_Simulation_bessy2hi_56m_PGM_2Perc_coupling_errors_off_FLUX/round_0/74_bessy2hi_56m_PGM_2Perc_coupling_errors_off_FLUX.rml
2025-02-07 22:42:54,564 - INFO - Prepared sim number: 75: RAYPy_Simulation_bessy2hi_56m_PGM_2Perc_coupling_errors_off_FLUX/round_0/75_bessy2hi_56m_PGM_2Perc_coupling_errors_off_FLUX.rml
2025-02-07 22:42:54,574 - INFO - Prepared sim number: 76: RAYPy_Simulation_bessy2hi_56m_PGM_2Perc_coupling_errors_off_FLUX/round_0/76_bessy2hi_56m_PGM_2Perc_coupling_errors_off_FLUX.rml
2025-02-07 22:42:54,582 - INFO - Prepared sim number: 77: RAYPy_Simulation_bessy2hi_56m_PGM_2Perc_coupling_errors_off_FLUX/round_0/77_bessy2hi_56m_PGM_2Perc_coupling_errors_off_FLUX.rml
2025-02-07 22:42:54,591 - INFO - Prepared sim number: 78: RAYPy_Simulation_bessy2hi_56m_PGM_2Perc_coupling_errors_off_FLUX/round_0/78_bessy2hi_56m_PGM_2Perc_coupling_errors_off_FLUX.rml
2025-02-07 22:42:54,601 - INFO - Prepared sim number: 79: RAYPy_Simulation_bessy2hi_56m_PGM_2Perc_coupling_errors_off_FLUX/round_0/79_bessy2hi_56m_PGM_2Perc_coupling_errors_off_FLUX.rml
2025-02-07 22:42:54,610 - INFO - Prepared sim number: 80: RAYPy_Simulation_bessy2hi_56m_PGM_2Perc_coupling_errors_off_FLUX/round_0/80_bessy2hi_56m_PGM_2Perc_coupling_errors_off_FLUX.rml
2025-02-07 22:42:54,619 - INFO - Prepared sim number: 81: RAYPy_Simulation_bessy2hi_56m_PGM_2Perc_coupling_errors_off_FLUX/round_0/81_bessy2hi_56m_PGM_2Perc_coupling_errors_off_FLUX.rml
2025-02-07 22:42:54,627 - INFO - Prepared sim number: 82: RAYPy_Simulation_bessy2hi_56m_PGM_2Perc_coupling_errors_off_FLUX/round_0/82_bessy2hi_56m_PGM_2Perc_coupling_errors_off_FLUX.rml
2025-02-07 22:42:54,636 - INFO - Prepared sim number: 83: RAYPy_Simulation_bessy2hi_56m_PGM_2Perc_coupling_errors_off_FLUX/round_0/83_bessy2hi_56m_PGM_2Perc_coupling_errors_off_FLUX.rml
2025-02-07 22:42:54,645 - INFO - Prepared sim number: 84: RAYPy_Simulation_bessy2hi_56m_PGM_2Perc_coupling_errors_off_FLUX/round_0/84_bessy2hi_56m_PGM_2Perc_coupling_errors_off_FLUX.rml
2025-02-07 22:42:54,654 - INFO - Prepared sim number: 85: RAYPy_Simulation_bessy2hi_56m_PGM_2Perc_coupling_errors_off_FLUX/round_0/85_bessy2hi_56m_PGM_2Perc_coupling_errors_off_FLUX.rml
2025-02-07 22:42:54,663 - INFO - Prepared sim number: 86: RAYPy_Simulation_bessy2hi_56m_PGM_2Perc_coupling_errors_off_FLUX/round_0/86_bessy2hi_56m_PGM_2Perc_coupling_errors_off_FLUX.rml
2025-02-07 22:42:54,673 - INFO - Prepared sim number: 87: RAYPy_Simulation_bessy2hi_56m_PGM_2Perc_coupling_errors_off_FLUX/round_0/87_bessy2hi_56m_PGM_2Perc_coupling_errors_off_FLUX.rml
2025-02-07 22:42:54,682 - INFO - Prepared sim number: 88: RAYPy_Simulation_bessy2hi_56m_PGM_2Perc_coupling_errors_off_FLUX/round_0/88_bessy2hi_56m_PGM_2Perc_coupling_errors_off_FLUX.rml
2025-02-07 22:42:54,690 - INFO - Prepared sim number: 89: RAYPy_Simulation_bessy2hi_56m_PGM_2Perc_coupling_errors_off_FLUX/round_0/89_bessy2hi_56m_PGM_2Perc_coupling_errors_off_FLUX.rml
2025-02-07 22:42:54,699 - INFO - Prepared sim number: 90: RAYPy_Simulation_bessy2hi_56m_PGM_2Perc_coupling_errors_off_FLUX/round_0/90_bessy2hi_56m_PGM_2Perc_coupling_errors_off_FLUX.rml
2025-02-07 22:42:54,708 - INFO - Prepared sim number: 91: RAYPy_Simulation_bessy2hi_56m_PGM_2Perc_coupling_errors_off_FLUX/round_0/91_bessy2hi_56m_PGM_2Perc_coupling_errors_off_FLUX.rml
2025-02-07 22:42:54,717 - INFO - Prepared sim number: 92: RAYPy_Simulation_bessy2hi_56m_PGM_2Perc_coupling_errors_off_FLUX/round_0/92_bessy2hi_56m_PGM_2Perc_coupling_errors_off_FLUX.rml
2025-02-07 22:42:54,725 - INFO - Prepared sim number: 93: RAYPy_Simulation_bessy2hi_56m_PGM_2Perc_coupling_errors_off_FLUX/round_0/93_bessy2hi_56m_PGM_2Perc_coupling_errors_off_FLUX.rml
2025-02-07 22:42:54,734 - INFO - Prepared sim number: 94: RAYPy_Simulation_bessy2hi_56m_PGM_2Perc_coupling_errors_off_FLUX/round_0/94_bessy2hi_56m_PGM_2Perc_coupling_errors_off_FLUX.rml
2025-02-07 22:42:54,744 - INFO - Prepared sim number: 95: RAYPy_Simulation_bessy2hi_56m_PGM_2Perc_coupling_errors_off_FLUX/round_0/95_bessy2hi_56m_PGM_2Perc_coupling_errors_off_FLUX.rml
2025-02-07 22:42:54,753 - INFO - Prepared sim number: 96: RAYPy_Simulation_bessy2hi_56m_PGM_2Perc_coupling_errors_off_FLUX/round_0/96_bessy2hi_56m_PGM_2Perc_coupling_errors_off_FLUX.rml
2025-02-07 22:42:54,766 - INFO - Prepared sim number: 97: RAYPy_Simulation_bessy2hi_56m_PGM_2Perc_coupling_errors_off_FLUX/round_0/97_bessy2hi_56m_PGM_2Perc_coupling_errors_off_FLUX.rml
2025-02-07 22:42:54,775 - INFO - Prepared sim number: 98: RAYPy_Simulation_bessy2hi_56m_PGM_2Perc_coupling_errors_off_FLUX/round_0/98_bessy2hi_56m_PGM_2Perc_coupling_errors_off_FLUX.rml
2025-02-07 22:42:54,784 - INFO - Prepared sim number: 99: RAYPy_Simulation_bessy2hi_56m_PGM_2Perc_coupling_errors_off_FLUX/round_0/99_bessy2hi_56m_PGM_2Perc_coupling_errors_off_FLUX.rml
2025-02-07 22:42:54,793 - INFO - Prepared sim number: 100: RAYPy_Simulation_bessy2hi_56m_PGM_2Perc_coupling_errors_off_FLUX/round_0/100_bessy2hi_56m_PGM_2Perc_coupling_errors_off_FLUX.rml
2025-02-07 22:42:54,802 - INFO - Prepared sim number: 101: RAYPy_Simulation_bessy2hi_56m_PGM_2Perc_coupling_errors_off_FLUX/round_0/101_bessy2hi_56m_PGM_2Perc_coupling_errors_off_FLUX.rml
2025-02-07 22:42:54,811 - INFO - Prepared sim number: 102: RAYPy_Simulation_bessy2hi_56m_PGM_2Perc_coupling_errors_off_FLUX/round_0/102_bessy2hi_56m_PGM_2Perc_coupling_errors_off_FLUX.rml
2025-02-07 22:42:54,822 - INFO - Prepared sim number: 103: RAYPy_Simulation_bessy2hi_56m_PGM_2Perc_coupling_errors_off_FLUX/round_0/103_bessy2hi_56m_PGM_2Perc_coupling_errors_off_FLUX.rml
2025-02-07 22:42:54,831 - INFO - Prepared sim number: 104: RAYPy_Simulation_bessy2hi_56m_PGM_2Perc_coupling_errors_off_FLUX/round_0/104_bessy2hi_56m_PGM_2Perc_coupling_errors_off_FLUX.rml
2025-02-07 22:42:54,840 - INFO - Prepared sim number: 105: RAYPy_Simulation_bessy2hi_56m_PGM_2Perc_coupling_errors_off_FLUX/round_0/105_bessy2hi_56m_PGM_2Perc_coupling_errors_off_FLUX.rml
2025-02-07 22:42:54,849 - INFO - Prepared sim number: 106: RAYPy_Simulation_bessy2hi_56m_PGM_2Perc_coupling_errors_off_FLUX/round_0/106_bessy2hi_56m_PGM_2Perc_coupling_errors_off_FLUX.rml
2025-02-07 22:42:54,858 - INFO - Prepared sim number: 107: RAYPy_Simulation_bessy2hi_56m_PGM_2Perc_coupling_errors_off_FLUX/round_0/107_bessy2hi_56m_PGM_2Perc_coupling_errors_off_FLUX.rml
2025-02-07 22:42:54,867 - INFO - Prepared sim number: 108: RAYPy_Simulation_bessy2hi_56m_PGM_2Perc_coupling_errors_off_FLUX/round_0/108_bessy2hi_56m_PGM_2Perc_coupling_errors_off_FLUX.rml
2025-02-07 22:42:54,875 - INFO - Prepared sim number: 109: RAYPy_Simulation_bessy2hi_56m_PGM_2Perc_coupling_errors_off_FLUX/round_0/109_bessy2hi_56m_PGM_2Perc_coupling_errors_off_FLUX.rml
2025-02-07 22:42:54,884 - INFO - Prepared sim number: 110: RAYPy_Simulation_bessy2hi_56m_PGM_2Perc_coupling_errors_off_FLUX/round_0/110_bessy2hi_56m_PGM_2Perc_coupling_errors_off_FLUX.rml
2025-02-07 22:42:54,892 - INFO - Prepared sim number: 111: RAYPy_Simulation_bessy2hi_56m_PGM_2Perc_coupling_errors_off_FLUX/round_0/111_bessy2hi_56m_PGM_2Perc_coupling_errors_off_FLUX.rml
2025-02-07 22:42:54,902 - INFO - Prepared sim number: 112: RAYPy_Simulation_bessy2hi_56m_PGM_2Perc_coupling_errors_off_FLUX/round_0/112_bessy2hi_56m_PGM_2Perc_coupling_errors_off_FLUX.rml
2025-02-07 22:42:54,910 - INFO - Prepared sim number: 113: RAYPy_Simulation_bessy2hi_56m_PGM_2Perc_coupling_errors_off_FLUX/round_0/113_bessy2hi_56m_PGM_2Perc_coupling_errors_off_FLUX.rml
2025-02-07 22:42:54,919 - INFO - Prepared sim number: 114: RAYPy_Simulation_bessy2hi_56m_PGM_2Perc_coupling_errors_off_FLUX/round_0/114_bessy2hi_56m_PGM_2Perc_coupling_errors_off_FLUX.rml
2025-02-07 22:42:54,928 - INFO - Prepared sim number: 115: RAYPy_Simulation_bessy2hi_56m_PGM_2Perc_coupling_errors_off_FLUX/round_0/115_bessy2hi_56m_PGM_2Perc_coupling_errors_off_FLUX.rml
2025-02-07 22:42:54,936 - INFO - Prepared sim number: 116: RAYPy_Simulation_bessy2hi_56m_PGM_2Perc_coupling_errors_off_FLUX/round_0/116_bessy2hi_56m_PGM_2Perc_coupling_errors_off_FLUX.rml
2025-02-07 22:42:54,945 - INFO - Prepared sim number: 117: RAYPy_Simulation_bessy2hi_56m_PGM_2Perc_coupling_errors_off_FLUX/round_0/117_bessy2hi_56m_PGM_2Perc_coupling_errors_off_FLUX.rml
2025-02-07 22:42:54,953 - INFO - Prepared sim number: 118: RAYPy_Simulation_bessy2hi_56m_PGM_2Perc_coupling_errors_off_FLUX/round_0/118_bessy2hi_56m_PGM_2Perc_coupling_errors_off_FLUX.rml
2025-02-07 22:42:54,963 - INFO - Prepared sim number: 119: RAYPy_Simulation_bessy2hi_56m_PGM_2Perc_coupling_errors_off_FLUX/round_0/119_bessy2hi_56m_PGM_2Perc_coupling_errors_off_FLUX.rml
2025-02-07 22:42:54,963 - INFO - Waiting for batch number: 1, timeout: 95.81038678658975s
2025-02-07 22:43:09,508 - INFO - Completed: 1, remaining: 59, RAYPy_Simulation_bessy2hi_56m_PGM_2Perc_coupling_errors_off_FLUX/round_0/67_bessy2hi_56m_PGM_2Perc_coupling_errors_off_FLUX.rml
2025-02-07 22:43:09,520 - INFO - Completed: 2, remaining: 58, RAYPy_Simulation_bessy2hi_56m_PGM_2Perc_coupling_errors_off_FLUX/round_0/61_bessy2hi_56m_PGM_2Perc_coupling_errors_off_FLUX.rml
2025-02-07 22:43:09,669 - INFO - Completed: 3, remaining: 57, RAYPy_Simulation_bessy2hi_56m_PGM_2Perc_coupling_errors_off_FLUX/round_0/68_bessy2hi_56m_PGM_2Perc_coupling_errors_off_FLUX.rml
2025-02-07 22:43:09,713 - INFO - Completed: 4, remaining: 56, RAYPy_Simulation_bessy2hi_56m_PGM_2Perc_coupling_errors_off_FLUX/round_0/65_bessy2hi_56m_PGM_2Perc_coupling_errors_off_FLUX.rml
2025-02-07 22:43:09,923 - INFO - Completed: 5, remaining: 55, RAYPy_Simulation_bessy2hi_56m_PGM_2Perc_coupling_errors_off_FLUX/round_0/62_bessy2hi_56m_PGM_2Perc_coupling_errors_off_FLUX.rml
2025-02-07 22:43:09,968 - INFO - Completed: 6, remaining: 54, RAYPy_Simulation_bessy2hi_56m_PGM_2Perc_coupling_errors_off_FLUX/round_0/69_bessy2hi_56m_PGM_2Perc_coupling_errors_off_FLUX.rml
2025-02-07 22:43:09,978 - INFO - Completed: 7, remaining: 53, RAYPy_Simulation_bessy2hi_56m_PGM_2Perc_coupling_errors_off_FLUX/round_0/66_bessy2hi_56m_PGM_2Perc_coupling_errors_off_FLUX.rml
2025-02-07 22:43:10,093 - INFO - Completed: 8, remaining: 52, RAYPy_Simulation_bessy2hi_56m_PGM_2Perc_coupling_errors_off_FLUX/round_0/60_bessy2hi_56m_PGM_2Perc_coupling_errors_off_FLUX.rml
2025-02-07 22:43:10,124 - INFO - Completed: 9, remaining: 51, RAYPy_Simulation_bessy2hi_56m_PGM_2Perc_coupling_errors_off_FLUX/round_0/70_bessy2hi_56m_PGM_2Perc_coupling_errors_off_FLUX.rml
2025-02-07 22:43:10,910 - INFO - Completed: 10, remaining: 50, RAYPy_Simulation_bessy2hi_56m_PGM_2Perc_coupling_errors_off_FLUX/round_0/63_bessy2hi_56m_PGM_2Perc_coupling_errors_off_FLUX.rml
2025-02-07 22:43:11,217 - INFO - Completed: 11, remaining: 49, RAYPy_Simulation_bessy2hi_56m_PGM_2Perc_coupling_errors_off_FLUX/round_0/64_bessy2hi_56m_PGM_2Perc_coupling_errors_off_FLUX.rml
2025-02-07 22:43:11,922 - INFO - Completed: 12, remaining: 48, RAYPy_Simulation_bessy2hi_56m_PGM_2Perc_coupling_errors_off_FLUX/round_0/71_bessy2hi_56m_PGM_2Perc_coupling_errors_off_FLUX.rml
2025-02-07 22:43:23,792 - INFO - Completed: 13, remaining: 47, RAYPy_Simulation_bessy2hi_56m_PGM_2Perc_coupling_errors_off_FLUX/round_0/72_bessy2hi_56m_PGM_2Perc_coupling_errors_off_FLUX.rml
2025-02-07 22:43:24,143 - INFO - Completed: 14, remaining: 46, RAYPy_Simulation_bessy2hi_56m_PGM_2Perc_coupling_errors_off_FLUX/round_0/73_bessy2hi_56m_PGM_2Perc_coupling_errors_off_FLUX.rml
2025-02-07 22:43:24,314 - INFO - Completed: 15, remaining: 45, RAYPy_Simulation_bessy2hi_56m_PGM_2Perc_coupling_errors_off_FLUX/round_0/74_bessy2hi_56m_PGM_2Perc_coupling_errors_off_FLUX.rml
2025-02-07 22:43:24,493 - INFO - Completed: 16, remaining: 44, RAYPy_Simulation_bessy2hi_56m_PGM_2Perc_coupling_errors_off_FLUX/round_0/75_bessy2hi_56m_PGM_2Perc_coupling_errors_off_FLUX.rml
2025-02-07 22:43:24,663 - INFO - Completed: 17, remaining: 43, RAYPy_Simulation_bessy2hi_56m_PGM_2Perc_coupling_errors_off_FLUX/round_0/76_bessy2hi_56m_PGM_2Perc_coupling_errors_off_FLUX.rml
2025-02-07 22:43:25,075 - INFO - Completed: 18, remaining: 42, RAYPy_Simulation_bessy2hi_56m_PGM_2Perc_coupling_errors_off_FLUX/round_0/77_bessy2hi_56m_PGM_2Perc_coupling_errors_off_FLUX.rml
2025-02-07 22:43:25,314 - INFO - Completed: 19, remaining: 41, RAYPy_Simulation_bessy2hi_56m_PGM_2Perc_coupling_errors_off_FLUX/round_0/80_bessy2hi_56m_PGM_2Perc_coupling_errors_off_FLUX.rml
2025-02-07 22:43:25,470 - INFO - Completed: 20, remaining: 40, RAYPy_Simulation_bessy2hi_56m_PGM_2Perc_coupling_errors_off_FLUX/round_0/79_bessy2hi_56m_PGM_2Perc_coupling_errors_off_FLUX.rml
2025-02-07 22:43:25,576 - INFO - Completed: 21, remaining: 39, RAYPy_Simulation_bessy2hi_56m_PGM_2Perc_coupling_errors_off_FLUX/round_0/82_bessy2hi_56m_PGM_2Perc_coupling_errors_off_FLUX.rml
2025-02-07 22:43:25,750 - INFO - Completed: 22, remaining: 38, RAYPy_Simulation_bessy2hi_56m_PGM_2Perc_coupling_errors_off_FLUX/round_0/81_bessy2hi_56m_PGM_2Perc_coupling_errors_off_FLUX.rml
2025-02-07 22:43:26,032 - INFO - Completed: 23, remaining: 37, RAYPy_Simulation_bessy2hi_56m_PGM_2Perc_coupling_errors_off_FLUX/round_0/78_bessy2hi_56m_PGM_2Perc_coupling_errors_off_FLUX.rml
2025-02-07 22:43:26,153 - INFO - Completed: 24, remaining: 36, RAYPy_Simulation_bessy2hi_56m_PGM_2Perc_coupling_errors_off_FLUX/round_0/83_bessy2hi_56m_PGM_2Perc_coupling_errors_off_FLUX.rml
2025-02-07 22:43:37,598 - INFO - Completed: 25, remaining: 35, RAYPy_Simulation_bessy2hi_56m_PGM_2Perc_coupling_errors_off_FLUX/round_0/84_bessy2hi_56m_PGM_2Perc_coupling_errors_off_FLUX.rml
2025-02-07 22:43:38,425 - INFO - Completed: 26, remaining: 34, RAYPy_Simulation_bessy2hi_56m_PGM_2Perc_coupling_errors_off_FLUX/round_0/85_bessy2hi_56m_PGM_2Perc_coupling_errors_off_FLUX.rml
2025-02-07 22:43:38,820 - INFO - Completed: 27, remaining: 33, RAYPy_Simulation_bessy2hi_56m_PGM_2Perc_coupling_errors_off_FLUX/round_0/86_bessy2hi_56m_PGM_2Perc_coupling_errors_off_FLUX.rml
2025-02-07 22:43:39,294 - INFO - Completed: 28, remaining: 32, RAYPy_Simulation_bessy2hi_56m_PGM_2Perc_coupling_errors_off_FLUX/round_0/87_bessy2hi_56m_PGM_2Perc_coupling_errors_off_FLUX.rml
2025-02-07 22:43:39,622 - INFO - Completed: 29, remaining: 31, RAYPy_Simulation_bessy2hi_56m_PGM_2Perc_coupling_errors_off_FLUX/round_0/88_bessy2hi_56m_PGM_2Perc_coupling_errors_off_FLUX.rml
2025-02-07 22:43:40,205 - INFO - Completed: 30, remaining: 30, RAYPy_Simulation_bessy2hi_56m_PGM_2Perc_coupling_errors_off_FLUX/round_0/90_bessy2hi_56m_PGM_2Perc_coupling_errors_off_FLUX.rml
2025-02-07 22:43:40,292 - INFO - Completed: 31, remaining: 29, RAYPy_Simulation_bessy2hi_56m_PGM_2Perc_coupling_errors_off_FLUX/round_0/91_bessy2hi_56m_PGM_2Perc_coupling_errors_off_FLUX.rml
2025-02-07 22:43:40,435 - INFO - Completed: 32, remaining: 28, RAYPy_Simulation_bessy2hi_56m_PGM_2Perc_coupling_errors_off_FLUX/round_0/92_bessy2hi_56m_PGM_2Perc_coupling_errors_off_FLUX.rml
2025-02-07 22:43:40,506 - INFO - Completed: 33, remaining: 27, RAYPy_Simulation_bessy2hi_56m_PGM_2Perc_coupling_errors_off_FLUX/round_0/93_bessy2hi_56m_PGM_2Perc_coupling_errors_off_FLUX.rml
2025-02-07 22:43:40,812 - INFO - Completed: 34, remaining: 26, RAYPy_Simulation_bessy2hi_56m_PGM_2Perc_coupling_errors_off_FLUX/round_0/94_bessy2hi_56m_PGM_2Perc_coupling_errors_off_FLUX.rml
2025-02-07 22:43:41,181 - INFO - Completed: 35, remaining: 25, RAYPy_Simulation_bessy2hi_56m_PGM_2Perc_coupling_errors_off_FLUX/round_0/95_bessy2hi_56m_PGM_2Perc_coupling_errors_off_FLUX.rml
2025-02-07 22:43:41,952 - INFO - Completed: 36, remaining: 24, RAYPy_Simulation_bessy2hi_56m_PGM_2Perc_coupling_errors_off_FLUX/round_0/89_bessy2hi_56m_PGM_2Perc_coupling_errors_off_FLUX.rml
2025-02-07 22:43:50,631 - INFO - Completed: 37, remaining: 23, RAYPy_Simulation_bessy2hi_56m_PGM_2Perc_coupling_errors_off_FLUX/round_0/96_bessy2hi_56m_PGM_2Perc_coupling_errors_off_FLUX.rml
2025-02-07 22:43:52,175 - INFO - Completed: 38, remaining: 22, RAYPy_Simulation_bessy2hi_56m_PGM_2Perc_coupling_errors_off_FLUX/round_0/97_bessy2hi_56m_PGM_2Perc_coupling_errors_off_FLUX.rml
2025-02-07 22:43:53,157 - INFO - Completed: 39, remaining: 21, RAYPy_Simulation_bessy2hi_56m_PGM_2Perc_coupling_errors_off_FLUX/round_0/98_bessy2hi_56m_PGM_2Perc_coupling_errors_off_FLUX.rml
2025-02-07 22:43:54,067 - INFO - Completed: 40, remaining: 20, RAYPy_Simulation_bessy2hi_56m_PGM_2Perc_coupling_errors_off_FLUX/round_0/99_bessy2hi_56m_PGM_2Perc_coupling_errors_off_FLUX.rml
2025-02-07 22:43:54,077 - INFO - Completed: 41, remaining: 19, RAYPy_Simulation_bessy2hi_56m_PGM_2Perc_coupling_errors_off_FLUX/round_0/100_bessy2hi_56m_PGM_2Perc_coupling_errors_off_FLUX.rml
2025-02-07 22:43:55,019 - INFO - Completed: 42, remaining: 18, RAYPy_Simulation_bessy2hi_56m_PGM_2Perc_coupling_errors_off_FLUX/round_0/101_bessy2hi_56m_PGM_2Perc_coupling_errors_off_FLUX.rml
2025-02-07 22:43:55,029 - INFO - Completed: 43, remaining: 17, RAYPy_Simulation_bessy2hi_56m_PGM_2Perc_coupling_errors_off_FLUX/round_0/104_bessy2hi_56m_PGM_2Perc_coupling_errors_off_FLUX.rml
2025-02-07 22:43:55,137 - INFO - Completed: 44, remaining: 16, RAYPy_Simulation_bessy2hi_56m_PGM_2Perc_coupling_errors_off_FLUX/round_0/103_bessy2hi_56m_PGM_2Perc_coupling_errors_off_FLUX.rml
2025-02-07 22:43:55,307 - INFO - Completed: 45, remaining: 15, RAYPy_Simulation_bessy2hi_56m_PGM_2Perc_coupling_errors_off_FLUX/round_0/102_bessy2hi_56m_PGM_2Perc_coupling_errors_off_FLUX.rml
2025-02-07 22:43:55,407 - INFO - Completed: 46, remaining: 14, RAYPy_Simulation_bessy2hi_56m_PGM_2Perc_coupling_errors_off_FLUX/round_0/105_bessy2hi_56m_PGM_2Perc_coupling_errors_off_FLUX.rml
2025-02-07 22:43:55,626 - INFO - Completed: 47, remaining: 13, RAYPy_Simulation_bessy2hi_56m_PGM_2Perc_coupling_errors_off_FLUX/round_0/106_bessy2hi_56m_PGM_2Perc_coupling_errors_off_FLUX.rml
2025-02-07 22:43:56,180 - INFO - Completed: 48, remaining: 12, RAYPy_Simulation_bessy2hi_56m_PGM_2Perc_coupling_errors_off_FLUX/round_0/107_bessy2hi_56m_PGM_2Perc_coupling_errors_off_FLUX.rml
2025-02-07 22:44:04,310 - INFO - Completed: 49, remaining: 11, RAYPy_Simulation_bessy2hi_56m_PGM_2Perc_coupling_errors_off_FLUX/round_0/108_bessy2hi_56m_PGM_2Perc_coupling_errors_off_FLUX.rml
2025-02-07 22:44:06,002 - INFO - Completed: 50, remaining: 10, RAYPy_Simulation_bessy2hi_56m_PGM_2Perc_coupling_errors_off_FLUX/round_0/109_bessy2hi_56m_PGM_2Perc_coupling_errors_off_FLUX.rml
2025-02-07 22:44:07,005 - INFO - Completed: 51, remaining: 9, RAYPy_Simulation_bessy2hi_56m_PGM_2Perc_coupling_errors_off_FLUX/round_0/110_bessy2hi_56m_PGM_2Perc_coupling_errors_off_FLUX.rml
2025-02-07 22:44:08,263 - INFO - Completed: 52, remaining: 8, RAYPy_Simulation_bessy2hi_56m_PGM_2Perc_coupling_errors_off_FLUX/round_0/111_bessy2hi_56m_PGM_2Perc_coupling_errors_off_FLUX.rml
2025-02-07 22:44:08,368 - INFO - Completed: 53, remaining: 7, RAYPy_Simulation_bessy2hi_56m_PGM_2Perc_coupling_errors_off_FLUX/round_0/112_bessy2hi_56m_PGM_2Perc_coupling_errors_off_FLUX.rml
2025-02-07 22:44:08,876 - INFO - Completed: 54, remaining: 6, RAYPy_Simulation_bessy2hi_56m_PGM_2Perc_coupling_errors_off_FLUX/round_0/114_bessy2hi_56m_PGM_2Perc_coupling_errors_off_FLUX.rml
2025-02-07 22:44:08,897 - INFO - Completed: 55, remaining: 5, RAYPy_Simulation_bessy2hi_56m_PGM_2Perc_coupling_errors_off_FLUX/round_0/113_bessy2hi_56m_PGM_2Perc_coupling_errors_off_FLUX.rml
2025-02-07 22:44:08,998 - INFO - Completed: 56, remaining: 4, RAYPy_Simulation_bessy2hi_56m_PGM_2Perc_coupling_errors_off_FLUX/round_0/115_bessy2hi_56m_PGM_2Perc_coupling_errors_off_FLUX.rml
2025-02-07 22:44:09,100 - INFO - Completed: 57, remaining: 3, RAYPy_Simulation_bessy2hi_56m_PGM_2Perc_coupling_errors_off_FLUX/round_0/117_bessy2hi_56m_PGM_2Perc_coupling_errors_off_FLUX.rml
2025-02-07 22:44:09,200 - INFO - Completed: 58, remaining: 2, RAYPy_Simulation_bessy2hi_56m_PGM_2Perc_coupling_errors_off_FLUX/round_0/116_bessy2hi_56m_PGM_2Perc_coupling_errors_off_FLUX.rml
2025-02-07 22:44:09,255 - INFO - Completed: 59, remaining: 1, RAYPy_Simulation_bessy2hi_56m_PGM_2Perc_coupling_errors_off_FLUX/round_0/119_bessy2hi_56m_PGM_2Perc_coupling_errors_off_FLUX.rml
2025-02-07 22:44:09,408 - INFO - Completed: 60, remaining: 0, RAYPy_Simulation_bessy2hi_56m_PGM_2Perc_coupling_errors_off_FLUX/round_0/118_bessy2hi_56m_PGM_2Perc_coupling_errors_off_FLUX.rml
2025-02-07 22:44:09,409 - INFO - Batch Completed
2025-02-07 22:44:09,409 - INFO - Waiting For batch, 60 simulations to go
2025-02-07 22:44:09,425 - INFO - Prepared sim number: 120: RAYPy_Simulation_bessy2hi_56m_PGM_2Perc_coupling_errors_off_FLUX/round_0/120_bessy2hi_56m_PGM_2Perc_coupling_errors_off_FLUX.rml
2025-02-07 22:44:09,437 - INFO - Prepared sim number: 121: RAYPy_Simulation_bessy2hi_56m_PGM_2Perc_coupling_errors_off_FLUX/round_0/121_bessy2hi_56m_PGM_2Perc_coupling_errors_off_FLUX.rml
2025-02-07 22:44:09,451 - INFO - Prepared sim number: 122: RAYPy_Simulation_bessy2hi_56m_PGM_2Perc_coupling_errors_off_FLUX/round_0/122_bessy2hi_56m_PGM_2Perc_coupling_errors_off_FLUX.rml
2025-02-07 22:44:09,452 - INFO - Start round 1
2025-02-07 22:44:09,457 - INFO - Prepared sim number: 0: RAYPy_Simulation_bessy2hi_56m_PGM_2Perc_coupling_errors_off_FLUX/round_1/0_bessy2hi_56m_PGM_2Perc_coupling_errors_off_FLUX.rml
2025-02-07 22:44:09,462 - INFO - Prepared sim number: 1: RAYPy_Simulation_bessy2hi_56m_PGM_2Perc_coupling_errors_off_FLUX/round_1/1_bessy2hi_56m_PGM_2Perc_coupling_errors_off_FLUX.rml
2025-02-07 22:44:09,467 - INFO - Prepared sim number: 2: RAYPy_Simulation_bessy2hi_56m_PGM_2Perc_coupling_errors_off_FLUX/round_1/2_bessy2hi_56m_PGM_2Perc_coupling_errors_off_FLUX.rml
2025-02-07 22:44:09,472 - INFO - Prepared sim number: 3: RAYPy_Simulation_bessy2hi_56m_PGM_2Perc_coupling_errors_off_FLUX/round_1/3_bessy2hi_56m_PGM_2Perc_coupling_errors_off_FLUX.rml
2025-02-07 22:44:09,477 - INFO - Prepared sim number: 4: RAYPy_Simulation_bessy2hi_56m_PGM_2Perc_coupling_errors_off_FLUX/round_1/4_bessy2hi_56m_PGM_2Perc_coupling_errors_off_FLUX.rml
2025-02-07 22:44:09,481 - INFO - Prepared sim number: 5: RAYPy_Simulation_bessy2hi_56m_PGM_2Perc_coupling_errors_off_FLUX/round_1/5_bessy2hi_56m_PGM_2Perc_coupling_errors_off_FLUX.rml
2025-02-07 22:44:09,485 - INFO - Prepared sim number: 6: RAYPy_Simulation_bessy2hi_56m_PGM_2Perc_coupling_errors_off_FLUX/round_1/6_bessy2hi_56m_PGM_2Perc_coupling_errors_off_FLUX.rml
2025-02-07 22:44:09,490 - INFO - Prepared sim number: 7: RAYPy_Simulation_bessy2hi_56m_PGM_2Perc_coupling_errors_off_FLUX/round_1/7_bessy2hi_56m_PGM_2Perc_coupling_errors_off_FLUX.rml
2025-02-07 22:44:09,494 - INFO - Prepared sim number: 8: RAYPy_Simulation_bessy2hi_56m_PGM_2Perc_coupling_errors_off_FLUX/round_1/8_bessy2hi_56m_PGM_2Perc_coupling_errors_off_FLUX.rml
2025-02-07 22:44:09,498 - INFO - Prepared sim number: 9: RAYPy_Simulation_bessy2hi_56m_PGM_2Perc_coupling_errors_off_FLUX/round_1/9_bessy2hi_56m_PGM_2Perc_coupling_errors_off_FLUX.rml
2025-02-07 22:44:09,502 - INFO - Prepared sim number: 10: RAYPy_Simulation_bessy2hi_56m_PGM_2Perc_coupling_errors_off_FLUX/round_1/10_bessy2hi_56m_PGM_2Perc_coupling_errors_off_FLUX.rml
2025-02-07 22:44:09,506 - INFO - Prepared sim number: 11: RAYPy_Simulation_bessy2hi_56m_PGM_2Perc_coupling_errors_off_FLUX/round_1/11_bessy2hi_56m_PGM_2Perc_coupling_errors_off_FLUX.rml
2025-02-07 22:44:09,510 - INFO - Prepared sim number: 12: RAYPy_Simulation_bessy2hi_56m_PGM_2Perc_coupling_errors_off_FLUX/round_1/12_bessy2hi_56m_PGM_2Perc_coupling_errors_off_FLUX.rml
2025-02-07 22:44:09,514 - INFO - Prepared sim number: 13: RAYPy_Simulation_bessy2hi_56m_PGM_2Perc_coupling_errors_off_FLUX/round_1/13_bessy2hi_56m_PGM_2Perc_coupling_errors_off_FLUX.rml
2025-02-07 22:44:09,518 - INFO - Prepared sim number: 14: RAYPy_Simulation_bessy2hi_56m_PGM_2Perc_coupling_errors_off_FLUX/round_1/14_bessy2hi_56m_PGM_2Perc_coupling_errors_off_FLUX.rml
2025-02-07 22:44:09,522 - INFO - Prepared sim number: 15: RAYPy_Simulation_bessy2hi_56m_PGM_2Perc_coupling_errors_off_FLUX/round_1/15_bessy2hi_56m_PGM_2Perc_coupling_errors_off_FLUX.rml
2025-02-07 22:44:09,526 - INFO - Prepared sim number: 16: RAYPy_Simulation_bessy2hi_56m_PGM_2Perc_coupling_errors_off_FLUX/round_1/16_bessy2hi_56m_PGM_2Perc_coupling_errors_off_FLUX.rml
2025-02-07 22:44:09,530 - INFO - Prepared sim number: 17: RAYPy_Simulation_bessy2hi_56m_PGM_2Perc_coupling_errors_off_FLUX/round_1/17_bessy2hi_56m_PGM_2Perc_coupling_errors_off_FLUX.rml
2025-02-07 22:44:09,534 - INFO - Prepared sim number: 18: RAYPy_Simulation_bessy2hi_56m_PGM_2Perc_coupling_errors_off_FLUX/round_1/18_bessy2hi_56m_PGM_2Perc_coupling_errors_off_FLUX.rml
2025-02-07 22:44:09,538 - INFO - Prepared sim number: 19: RAYPy_Simulation_bessy2hi_56m_PGM_2Perc_coupling_errors_off_FLUX/round_1/19_bessy2hi_56m_PGM_2Perc_coupling_errors_off_FLUX.rml
2025-02-07 22:44:09,543 - INFO - Prepared sim number: 20: RAYPy_Simulation_bessy2hi_56m_PGM_2Perc_coupling_errors_off_FLUX/round_1/20_bessy2hi_56m_PGM_2Perc_coupling_errors_off_FLUX.rml
2025-02-07 22:44:09,547 - INFO - Prepared sim number: 21: RAYPy_Simulation_bessy2hi_56m_PGM_2Perc_coupling_errors_off_FLUX/round_1/21_bessy2hi_56m_PGM_2Perc_coupling_errors_off_FLUX.rml
2025-02-07 22:44:09,551 - INFO - Prepared sim number: 22: RAYPy_Simulation_bessy2hi_56m_PGM_2Perc_coupling_errors_off_FLUX/round_1/22_bessy2hi_56m_PGM_2Perc_coupling_errors_off_FLUX.rml
2025-02-07 22:44:09,555 - INFO - Prepared sim number: 23: RAYPy_Simulation_bessy2hi_56m_PGM_2Perc_coupling_errors_off_FLUX/round_1/23_bessy2hi_56m_PGM_2Perc_coupling_errors_off_FLUX.rml
2025-02-07 22:44:09,559 - INFO - Prepared sim number: 24: RAYPy_Simulation_bessy2hi_56m_PGM_2Perc_coupling_errors_off_FLUX/round_1/24_bessy2hi_56m_PGM_2Perc_coupling_errors_off_FLUX.rml
2025-02-07 22:44:09,563 - INFO - Prepared sim number: 25: RAYPy_Simulation_bessy2hi_56m_PGM_2Perc_coupling_errors_off_FLUX/round_1/25_bessy2hi_56m_PGM_2Perc_coupling_errors_off_FLUX.rml
2025-02-07 22:44:09,567 - INFO - Prepared sim number: 26: RAYPy_Simulation_bessy2hi_56m_PGM_2Perc_coupling_errors_off_FLUX/round_1/26_bessy2hi_56m_PGM_2Perc_coupling_errors_off_FLUX.rml
2025-02-07 22:44:09,571 - INFO - Prepared sim number: 27: RAYPy_Simulation_bessy2hi_56m_PGM_2Perc_coupling_errors_off_FLUX/round_1/27_bessy2hi_56m_PGM_2Perc_coupling_errors_off_FLUX.rml
2025-02-07 22:44:09,575 - INFO - Prepared sim number: 28: RAYPy_Simulation_bessy2hi_56m_PGM_2Perc_coupling_errors_off_FLUX/round_1/28_bessy2hi_56m_PGM_2Perc_coupling_errors_off_FLUX.rml
2025-02-07 22:44:09,579 - INFO - Prepared sim number: 29: RAYPy_Simulation_bessy2hi_56m_PGM_2Perc_coupling_errors_off_FLUX/round_1/29_bessy2hi_56m_PGM_2Perc_coupling_errors_off_FLUX.rml
2025-02-07 22:44:09,583 - INFO - Prepared sim number: 30: RAYPy_Simulation_bessy2hi_56m_PGM_2Perc_coupling_errors_off_FLUX/round_1/30_bessy2hi_56m_PGM_2Perc_coupling_errors_off_FLUX.rml
2025-02-07 22:44:09,587 - INFO - Prepared sim number: 31: RAYPy_Simulation_bessy2hi_56m_PGM_2Perc_coupling_errors_off_FLUX/round_1/31_bessy2hi_56m_PGM_2Perc_coupling_errors_off_FLUX.rml
2025-02-07 22:44:09,591 - INFO - Prepared sim number: 32: RAYPy_Simulation_bessy2hi_56m_PGM_2Perc_coupling_errors_off_FLUX/round_1/32_bessy2hi_56m_PGM_2Perc_coupling_errors_off_FLUX.rml
2025-02-07 22:44:09,595 - INFO - Prepared sim number: 33: RAYPy_Simulation_bessy2hi_56m_PGM_2Perc_coupling_errors_off_FLUX/round_1/33_bessy2hi_56m_PGM_2Perc_coupling_errors_off_FLUX.rml
2025-02-07 22:44:09,599 - INFO - Prepared sim number: 34: RAYPy_Simulation_bessy2hi_56m_PGM_2Perc_coupling_errors_off_FLUX/round_1/34_bessy2hi_56m_PGM_2Perc_coupling_errors_off_FLUX.rml
2025-02-07 22:44:09,603 - INFO - Prepared sim number: 35: RAYPy_Simulation_bessy2hi_56m_PGM_2Perc_coupling_errors_off_FLUX/round_1/35_bessy2hi_56m_PGM_2Perc_coupling_errors_off_FLUX.rml
2025-02-07 22:44:09,607 - INFO - Prepared sim number: 36: RAYPy_Simulation_bessy2hi_56m_PGM_2Perc_coupling_errors_off_FLUX/round_1/36_bessy2hi_56m_PGM_2Perc_coupling_errors_off_FLUX.rml
2025-02-07 22:44:09,611 - INFO - Prepared sim number: 37: RAYPy_Simulation_bessy2hi_56m_PGM_2Perc_coupling_errors_off_FLUX/round_1/37_bessy2hi_56m_PGM_2Perc_coupling_errors_off_FLUX.rml
2025-02-07 22:44:09,614 - INFO - Prepared sim number: 38: RAYPy_Simulation_bessy2hi_56m_PGM_2Perc_coupling_errors_off_FLUX/round_1/38_bessy2hi_56m_PGM_2Perc_coupling_errors_off_FLUX.rml
2025-02-07 22:44:09,618 - INFO - Prepared sim number: 39: RAYPy_Simulation_bessy2hi_56m_PGM_2Perc_coupling_errors_off_FLUX/round_1/39_bessy2hi_56m_PGM_2Perc_coupling_errors_off_FLUX.rml
2025-02-07 22:44:09,622 - INFO - Prepared sim number: 40: RAYPy_Simulation_bessy2hi_56m_PGM_2Perc_coupling_errors_off_FLUX/round_1/40_bessy2hi_56m_PGM_2Perc_coupling_errors_off_FLUX.rml
2025-02-07 22:44:09,626 - INFO - Prepared sim number: 41: RAYPy_Simulation_bessy2hi_56m_PGM_2Perc_coupling_errors_off_FLUX/round_1/41_bessy2hi_56m_PGM_2Perc_coupling_errors_off_FLUX.rml
2025-02-07 22:44:09,630 - INFO - Prepared sim number: 42: RAYPy_Simulation_bessy2hi_56m_PGM_2Perc_coupling_errors_off_FLUX/round_1/42_bessy2hi_56m_PGM_2Perc_coupling_errors_off_FLUX.rml
2025-02-07 22:44:09,633 - INFO - Prepared sim number: 43: RAYPy_Simulation_bessy2hi_56m_PGM_2Perc_coupling_errors_off_FLUX/round_1/43_bessy2hi_56m_PGM_2Perc_coupling_errors_off_FLUX.rml
2025-02-07 22:44:09,637 - INFO - Prepared sim number: 44: RAYPy_Simulation_bessy2hi_56m_PGM_2Perc_coupling_errors_off_FLUX/round_1/44_bessy2hi_56m_PGM_2Perc_coupling_errors_off_FLUX.rml
2025-02-07 22:44:09,642 - INFO - Prepared sim number: 45: RAYPy_Simulation_bessy2hi_56m_PGM_2Perc_coupling_errors_off_FLUX/round_1/45_bessy2hi_56m_PGM_2Perc_coupling_errors_off_FLUX.rml
2025-02-07 22:44:09,646 - INFO - Prepared sim number: 46: RAYPy_Simulation_bessy2hi_56m_PGM_2Perc_coupling_errors_off_FLUX/round_1/46_bessy2hi_56m_PGM_2Perc_coupling_errors_off_FLUX.rml
2025-02-07 22:44:09,650 - INFO - Prepared sim number: 47: RAYPy_Simulation_bessy2hi_56m_PGM_2Perc_coupling_errors_off_FLUX/round_1/47_bessy2hi_56m_PGM_2Perc_coupling_errors_off_FLUX.rml
2025-02-07 22:44:09,654 - INFO - Prepared sim number: 48: RAYPy_Simulation_bessy2hi_56m_PGM_2Perc_coupling_errors_off_FLUX/round_1/48_bessy2hi_56m_PGM_2Perc_coupling_errors_off_FLUX.rml
2025-02-07 22:44:09,658 - INFO - Prepared sim number: 49: RAYPy_Simulation_bessy2hi_56m_PGM_2Perc_coupling_errors_off_FLUX/round_1/49_bessy2hi_56m_PGM_2Perc_coupling_errors_off_FLUX.rml
2025-02-07 22:44:09,662 - INFO - Prepared sim number: 50: RAYPy_Simulation_bessy2hi_56m_PGM_2Perc_coupling_errors_off_FLUX/round_1/50_bessy2hi_56m_PGM_2Perc_coupling_errors_off_FLUX.rml
2025-02-07 22:44:09,666 - INFO - Prepared sim number: 51: RAYPy_Simulation_bessy2hi_56m_PGM_2Perc_coupling_errors_off_FLUX/round_1/51_bessy2hi_56m_PGM_2Perc_coupling_errors_off_FLUX.rml
2025-02-07 22:44:09,671 - INFO - Prepared sim number: 52: RAYPy_Simulation_bessy2hi_56m_PGM_2Perc_coupling_errors_off_FLUX/round_1/52_bessy2hi_56m_PGM_2Perc_coupling_errors_off_FLUX.rml
2025-02-07 22:44:09,675 - INFO - Prepared sim number: 53: RAYPy_Simulation_bessy2hi_56m_PGM_2Perc_coupling_errors_off_FLUX/round_1/53_bessy2hi_56m_PGM_2Perc_coupling_errors_off_FLUX.rml
2025-02-07 22:44:09,680 - INFO - Prepared sim number: 54: RAYPy_Simulation_bessy2hi_56m_PGM_2Perc_coupling_errors_off_FLUX/round_1/54_bessy2hi_56m_PGM_2Perc_coupling_errors_off_FLUX.rml
2025-02-07 22:44:09,684 - INFO - Prepared sim number: 55: RAYPy_Simulation_bessy2hi_56m_PGM_2Perc_coupling_errors_off_FLUX/round_1/55_bessy2hi_56m_PGM_2Perc_coupling_errors_off_FLUX.rml
2025-02-07 22:44:09,688 - INFO - Prepared sim number: 56: RAYPy_Simulation_bessy2hi_56m_PGM_2Perc_coupling_errors_off_FLUX/round_1/56_bessy2hi_56m_PGM_2Perc_coupling_errors_off_FLUX.rml
2025-02-07 22:44:09,692 - INFO - Waiting for batch number: 2, timeout: 90.86079183067243s
2025-02-07 22:44:24,356 - INFO - Completed: 1, remaining: 59, RAYPy_Simulation_bessy2hi_56m_PGM_2Perc_coupling_errors_off_FLUX/round_1/4_bessy2hi_56m_PGM_2Perc_coupling_errors_off_FLUX.rml
2025-02-07 22:44:24,493 - INFO - Completed: 2, remaining: 58, RAYPy_Simulation_bessy2hi_56m_PGM_2Perc_coupling_errors_off_FLUX/round_0/121_bessy2hi_56m_PGM_2Perc_coupling_errors_off_FLUX.rml
2025-02-07 22:44:24,512 - INFO - Completed: 3, remaining: 57, RAYPy_Simulation_bessy2hi_56m_PGM_2Perc_coupling_errors_off_FLUX/round_1/2_bessy2hi_56m_PGM_2Perc_coupling_errors_off_FLUX.rml
2025-02-07 22:44:24,539 - INFO - Completed: 4, remaining: 56, RAYPy_Simulation_bessy2hi_56m_PGM_2Perc_coupling_errors_off_FLUX/round_1/3_bessy2hi_56m_PGM_2Perc_coupling_errors_off_FLUX.rml
2025-02-07 22:44:24,608 - INFO - Completed: 5, remaining: 55, RAYPy_Simulation_bessy2hi_56m_PGM_2Perc_coupling_errors_off_FLUX/round_1/8_bessy2hi_56m_PGM_2Perc_coupling_errors_off_FLUX.rml
2025-02-07 22:44:24,620 - INFO - Completed: 6, remaining: 54, RAYPy_Simulation_bessy2hi_56m_PGM_2Perc_coupling_errors_off_FLUX/round_0/120_bessy2hi_56m_PGM_2Perc_coupling_errors_off_FLUX.rml
2025-02-07 22:44:24,665 - INFO - Completed: 7, remaining: 53, RAYPy_Simulation_bessy2hi_56m_PGM_2Perc_coupling_errors_off_FLUX/round_1/0_bessy2hi_56m_PGM_2Perc_coupling_errors_off_FLUX.rml
2025-02-07 22:44:24,737 - INFO - Completed: 8, remaining: 52, RAYPy_Simulation_bessy2hi_56m_PGM_2Perc_coupling_errors_off_FLUX/round_1/6_bessy2hi_56m_PGM_2Perc_coupling_errors_off_FLUX.rml
2025-02-07 22:44:24,762 - INFO - Completed: 9, remaining: 51, RAYPy_Simulation_bessy2hi_56m_PGM_2Perc_coupling_errors_off_FLUX/round_0/122_bessy2hi_56m_PGM_2Perc_coupling_errors_off_FLUX.rml
2025-02-07 22:44:24,936 - INFO - Completed: 10, remaining: 50, RAYPy_Simulation_bessy2hi_56m_PGM_2Perc_coupling_errors_off_FLUX/round_1/7_bessy2hi_56m_PGM_2Perc_coupling_errors_off_FLUX.rml
2025-02-07 22:44:25,879 - INFO - Completed: 11, remaining: 49, RAYPy_Simulation_bessy2hi_56m_PGM_2Perc_coupling_errors_off_FLUX/round_1/5_bessy2hi_56m_PGM_2Perc_coupling_errors_off_FLUX.rml
2025-02-07 22:44:26,107 - INFO - Completed: 12, remaining: 48, RAYPy_Simulation_bessy2hi_56m_PGM_2Perc_coupling_errors_off_FLUX/round_1/1_bessy2hi_56m_PGM_2Perc_coupling_errors_off_FLUX.rml
2025-02-07 22:44:39,264 - INFO - Completed: 13, remaining: 47, RAYPy_Simulation_bessy2hi_56m_PGM_2Perc_coupling_errors_off_FLUX/round_1/11_bessy2hi_56m_PGM_2Perc_coupling_errors_off_FLUX.rml
2025-02-07 22:44:39,358 - INFO - Completed: 14, remaining: 46, RAYPy_Simulation_bessy2hi_56m_PGM_2Perc_coupling_errors_off_FLUX/round_1/12_bessy2hi_56m_PGM_2Perc_coupling_errors_off_FLUX.rml
2025-02-07 22:44:39,554 - INFO - Completed: 15, remaining: 45, RAYPy_Simulation_bessy2hi_56m_PGM_2Perc_coupling_errors_off_FLUX/round_1/13_bessy2hi_56m_PGM_2Perc_coupling_errors_off_FLUX.rml
2025-02-07 22:44:39,624 - INFO - Completed: 16, remaining: 44, RAYPy_Simulation_bessy2hi_56m_PGM_2Perc_coupling_errors_off_FLUX/round_1/10_bessy2hi_56m_PGM_2Perc_coupling_errors_off_FLUX.rml
2025-02-07 22:44:39,641 - INFO - Completed: 17, remaining: 43, RAYPy_Simulation_bessy2hi_56m_PGM_2Perc_coupling_errors_off_FLUX/round_1/15_bessy2hi_56m_PGM_2Perc_coupling_errors_off_FLUX.rml
2025-02-07 22:44:39,766 - INFO - Completed: 18, remaining: 42, RAYPy_Simulation_bessy2hi_56m_PGM_2Perc_coupling_errors_off_FLUX/round_1/14_bessy2hi_56m_PGM_2Perc_coupling_errors_off_FLUX.rml
2025-02-07 22:44:40,000 - INFO - Completed: 19, remaining: 41, RAYPy_Simulation_bessy2hi_56m_PGM_2Perc_coupling_errors_off_FLUX/round_1/16_bessy2hi_56m_PGM_2Perc_coupling_errors_off_FLUX.rml
2025-02-07 22:44:40,022 - INFO - Completed: 20, remaining: 40, RAYPy_Simulation_bessy2hi_56m_PGM_2Perc_coupling_errors_off_FLUX/round_1/17_bessy2hi_56m_PGM_2Perc_coupling_errors_off_FLUX.rml
2025-02-07 22:44:40,238 - INFO - Completed: 21, remaining: 39, RAYPy_Simulation_bessy2hi_56m_PGM_2Perc_coupling_errors_off_FLUX/round_1/18_bessy2hi_56m_PGM_2Perc_coupling_errors_off_FLUX.rml
2025-02-07 22:44:40,441 - INFO - Completed: 22, remaining: 38, RAYPy_Simulation_bessy2hi_56m_PGM_2Perc_coupling_errors_off_FLUX/round_1/9_bessy2hi_56m_PGM_2Perc_coupling_errors_off_FLUX.rml
2025-02-07 22:44:40,607 - INFO - Completed: 23, remaining: 37, RAYPy_Simulation_bessy2hi_56m_PGM_2Perc_coupling_errors_off_FLUX/round_1/19_bessy2hi_56m_PGM_2Perc_coupling_errors_off_FLUX.rml
2025-02-07 22:44:40,658 - INFO - Completed: 24, remaining: 36, RAYPy_Simulation_bessy2hi_56m_PGM_2Perc_coupling_errors_off_FLUX/round_1/20_bessy2hi_56m_PGM_2Perc_coupling_errors_off_FLUX.rml
2025-02-07 22:44:54,389 - INFO - Completed: 25, remaining: 35, RAYPy_Simulation_bessy2hi_56m_PGM_2Perc_coupling_errors_off_FLUX/round_1/25_bessy2hi_56m_PGM_2Perc_coupling_errors_off_FLUX.rml
2025-02-07 22:44:54,448 - INFO - Completed: 26, remaining: 34, RAYPy_Simulation_bessy2hi_56m_PGM_2Perc_coupling_errors_off_FLUX/round_1/23_bessy2hi_56m_PGM_2Perc_coupling_errors_off_FLUX.rml
2025-02-07 22:44:54,735 - INFO - Completed: 27, remaining: 33, RAYPy_Simulation_bessy2hi_56m_PGM_2Perc_coupling_errors_off_FLUX/round_1/26_bessy2hi_56m_PGM_2Perc_coupling_errors_off_FLUX.rml
2025-02-07 22:44:55,011 - INFO - Completed: 28, remaining: 32, RAYPy_Simulation_bessy2hi_56m_PGM_2Perc_coupling_errors_off_FLUX/round_1/21_bessy2hi_56m_PGM_2Perc_coupling_errors_off_FLUX.rml
2025-02-07 22:44:55,017 - INFO - Completed: 29, remaining: 31, RAYPy_Simulation_bessy2hi_56m_PGM_2Perc_coupling_errors_off_FLUX/round_1/28_bessy2hi_56m_PGM_2Perc_coupling_errors_off_FLUX.rml
2025-02-07 22:44:55,204 - INFO - Completed: 30, remaining: 30, RAYPy_Simulation_bessy2hi_56m_PGM_2Perc_coupling_errors_off_FLUX/round_1/24_bessy2hi_56m_PGM_2Perc_coupling_errors_off_FLUX.rml
2025-02-07 22:44:55,205 - INFO - Completed: 31, remaining: 29, RAYPy_Simulation_bessy2hi_56m_PGM_2Perc_coupling_errors_off_FLUX/round_1/27_bessy2hi_56m_PGM_2Perc_coupling_errors_off_FLUX.rml
2025-02-07 22:44:55,301 - INFO - Completed: 32, remaining: 28, RAYPy_Simulation_bessy2hi_56m_PGM_2Perc_coupling_errors_off_FLUX/round_1/29_bessy2hi_56m_PGM_2Perc_coupling_errors_off_FLUX.rml
2025-02-07 22:44:55,401 - INFO - Completed: 33, remaining: 27, RAYPy_Simulation_bessy2hi_56m_PGM_2Perc_coupling_errors_off_FLUX/round_1/30_bessy2hi_56m_PGM_2Perc_coupling_errors_off_FLUX.rml
2025-02-07 22:44:55,628 - INFO - Completed: 34, remaining: 26, RAYPy_Simulation_bessy2hi_56m_PGM_2Perc_coupling_errors_off_FLUX/round_1/31_bessy2hi_56m_PGM_2Perc_coupling_errors_off_FLUX.rml
2025-02-07 22:44:55,815 - INFO - Completed: 35, remaining: 25, RAYPy_Simulation_bessy2hi_56m_PGM_2Perc_coupling_errors_off_FLUX/round_1/32_bessy2hi_56m_PGM_2Perc_coupling_errors_off_FLUX.rml
2025-02-07 22:44:55,858 - INFO - Completed: 36, remaining: 24, RAYPy_Simulation_bessy2hi_56m_PGM_2Perc_coupling_errors_off_FLUX/round_1/22_bessy2hi_56m_PGM_2Perc_coupling_errors_off_FLUX.rml
2025-02-07 22:45:08,677 - INFO - Completed: 37, remaining: 23, RAYPy_Simulation_bessy2hi_56m_PGM_2Perc_coupling_errors_off_FLUX/round_1/34_bessy2hi_56m_PGM_2Perc_coupling_errors_off_FLUX.rml
2025-02-07 22:45:08,804 - INFO - Completed: 38, remaining: 22, RAYPy_Simulation_bessy2hi_56m_PGM_2Perc_coupling_errors_off_FLUX/round_1/33_bessy2hi_56m_PGM_2Perc_coupling_errors_off_FLUX.rml
2025-02-07 22:45:09,683 - INFO - Completed: 39, remaining: 21, RAYPy_Simulation_bessy2hi_56m_PGM_2Perc_coupling_errors_off_FLUX/round_1/35_bessy2hi_56m_PGM_2Perc_coupling_errors_off_FLUX.rml
2025-02-07 22:45:09,801 - INFO - Completed: 40, remaining: 20, RAYPy_Simulation_bessy2hi_56m_PGM_2Perc_coupling_errors_off_FLUX/round_1/41_bessy2hi_56m_PGM_2Perc_coupling_errors_off_FLUX.rml
2025-02-07 22:45:10,104 - INFO - Completed: 41, remaining: 19, RAYPy_Simulation_bessy2hi_56m_PGM_2Perc_coupling_errors_off_FLUX/round_1/42_bessy2hi_56m_PGM_2Perc_coupling_errors_off_FLUX.rml
2025-02-07 22:45:10,194 - INFO - Completed: 42, remaining: 18, RAYPy_Simulation_bessy2hi_56m_PGM_2Perc_coupling_errors_off_FLUX/round_1/36_bessy2hi_56m_PGM_2Perc_coupling_errors_off_FLUX.rml
2025-02-07 22:45:10,327 - INFO - Completed: 43, remaining: 17, RAYPy_Simulation_bessy2hi_56m_PGM_2Perc_coupling_errors_off_FLUX/round_1/37_bessy2hi_56m_PGM_2Perc_coupling_errors_off_FLUX.rml
2025-02-07 22:45:10,385 - INFO - Completed: 44, remaining: 16, RAYPy_Simulation_bessy2hi_56m_PGM_2Perc_coupling_errors_off_FLUX/round_1/39_bessy2hi_56m_PGM_2Perc_coupling_errors_off_FLUX.rml
2025-02-07 22:45:10,673 - INFO - Completed: 45, remaining: 15, RAYPy_Simulation_bessy2hi_56m_PGM_2Perc_coupling_errors_off_FLUX/round_1/40_bessy2hi_56m_PGM_2Perc_coupling_errors_off_FLUX.rml
2025-02-07 22:45:11,012 - INFO - Completed: 46, remaining: 14, RAYPy_Simulation_bessy2hi_56m_PGM_2Perc_coupling_errors_off_FLUX/round_1/44_bessy2hi_56m_PGM_2Perc_coupling_errors_off_FLUX.rml
2025-02-07 22:45:11,232 - INFO - Completed: 47, remaining: 13, RAYPy_Simulation_bessy2hi_56m_PGM_2Perc_coupling_errors_off_FLUX/round_1/38_bessy2hi_56m_PGM_2Perc_coupling_errors_off_FLUX.rml
2025-02-07 22:45:11,405 - INFO - Completed: 48, remaining: 12, RAYPy_Simulation_bessy2hi_56m_PGM_2Perc_coupling_errors_off_FLUX/round_1/43_bessy2hi_56m_PGM_2Perc_coupling_errors_off_FLUX.rml
2025-02-07 22:45:21,928 - INFO - Completed: 49, remaining: 11, RAYPy_Simulation_bessy2hi_56m_PGM_2Perc_coupling_errors_off_FLUX/round_1/45_bessy2hi_56m_PGM_2Perc_coupling_errors_off_FLUX.rml
2025-02-07 22:45:22,374 - INFO - Completed: 50, remaining: 10, RAYPy_Simulation_bessy2hi_56m_PGM_2Perc_coupling_errors_off_FLUX/round_1/46_bessy2hi_56m_PGM_2Perc_coupling_errors_off_FLUX.rml
2025-02-07 22:45:24,272 - INFO - Completed: 51, remaining: 9, RAYPy_Simulation_bessy2hi_56m_PGM_2Perc_coupling_errors_off_FLUX/round_1/47_bessy2hi_56m_PGM_2Perc_coupling_errors_off_FLUX.rml
2025-02-07 22:45:24,643 - INFO - Completed: 52, remaining: 8, RAYPy_Simulation_bessy2hi_56m_PGM_2Perc_coupling_errors_off_FLUX/round_1/50_bessy2hi_56m_PGM_2Perc_coupling_errors_off_FLUX.rml
2025-02-07 22:45:24,788 - INFO - Completed: 53, remaining: 7, RAYPy_Simulation_bessy2hi_56m_PGM_2Perc_coupling_errors_off_FLUX/round_1/48_bessy2hi_56m_PGM_2Perc_coupling_errors_off_FLUX.rml
2025-02-07 22:45:24,870 - INFO - Completed: 54, remaining: 6, RAYPy_Simulation_bessy2hi_56m_PGM_2Perc_coupling_errors_off_FLUX/round_1/49_bessy2hi_56m_PGM_2Perc_coupling_errors_off_FLUX.rml
2025-02-07 22:45:25,045 - INFO - Completed: 55, remaining: 5, RAYPy_Simulation_bessy2hi_56m_PGM_2Perc_coupling_errors_off_FLUX/round_1/51_bessy2hi_56m_PGM_2Perc_coupling_errors_off_FLUX.rml
2025-02-07 22:45:25,211 - INFO - Completed: 56, remaining: 4, RAYPy_Simulation_bessy2hi_56m_PGM_2Perc_coupling_errors_off_FLUX/round_1/53_bessy2hi_56m_PGM_2Perc_coupling_errors_off_FLUX.rml
2025-02-07 22:45:25,270 - INFO - Completed: 57, remaining: 3, RAYPy_Simulation_bessy2hi_56m_PGM_2Perc_coupling_errors_off_FLUX/round_1/54_bessy2hi_56m_PGM_2Perc_coupling_errors_off_FLUX.rml
2025-02-07 22:45:25,377 - INFO - Completed: 58, remaining: 2, RAYPy_Simulation_bessy2hi_56m_PGM_2Perc_coupling_errors_off_FLUX/round_1/55_bessy2hi_56m_PGM_2Perc_coupling_errors_off_FLUX.rml
2025-02-07 22:45:25,519 - INFO - Completed: 59, remaining: 1, RAYPy_Simulation_bessy2hi_56m_PGM_2Perc_coupling_errors_off_FLUX/round_1/56_bessy2hi_56m_PGM_2Perc_coupling_errors_off_FLUX.rml
2025-02-07 22:45:25,633 - INFO - Completed: 60, remaining: 0, RAYPy_Simulation_bessy2hi_56m_PGM_2Perc_coupling_errors_off_FLUX/round_1/52_bessy2hi_56m_PGM_2Perc_coupling_errors_off_FLUX.rml
2025-02-07 22:45:25,633 - INFO - Batch Completed
2025-02-07 22:45:25,633 - INFO - Waiting For batch, 60 simulations to go
2025-02-07 22:45:25,638 - INFO - Prepared sim number: 57: RAYPy_Simulation_bessy2hi_56m_PGM_2Perc_coupling_errors_off_FLUX/round_1/57_bessy2hi_56m_PGM_2Perc_coupling_errors_off_FLUX.rml
2025-02-07 22:45:25,645 - INFO - Prepared sim number: 58: RAYPy_Simulation_bessy2hi_56m_PGM_2Perc_coupling_errors_off_FLUX/round_1/58_bessy2hi_56m_PGM_2Perc_coupling_errors_off_FLUX.rml
2025-02-07 22:45:25,650 - INFO - Prepared sim number: 59: RAYPy_Simulation_bessy2hi_56m_PGM_2Perc_coupling_errors_off_FLUX/round_1/59_bessy2hi_56m_PGM_2Perc_coupling_errors_off_FLUX.rml
2025-02-07 22:45:25,655 - INFO - Prepared sim number: 60: RAYPy_Simulation_bessy2hi_56m_PGM_2Perc_coupling_errors_off_FLUX/round_1/60_bessy2hi_56m_PGM_2Perc_coupling_errors_off_FLUX.rml
2025-02-07 22:45:25,661 - INFO - Prepared sim number: 61: RAYPy_Simulation_bessy2hi_56m_PGM_2Perc_coupling_errors_off_FLUX/round_1/61_bessy2hi_56m_PGM_2Perc_coupling_errors_off_FLUX.rml
2025-02-07 22:45:25,666 - INFO - Prepared sim number: 62: RAYPy_Simulation_bessy2hi_56m_PGM_2Perc_coupling_errors_off_FLUX/round_1/62_bessy2hi_56m_PGM_2Perc_coupling_errors_off_FLUX.rml
2025-02-07 22:45:25,670 - INFO - Prepared sim number: 63: RAYPy_Simulation_bessy2hi_56m_PGM_2Perc_coupling_errors_off_FLUX/round_1/63_bessy2hi_56m_PGM_2Perc_coupling_errors_off_FLUX.rml
2025-02-07 22:45:25,678 - INFO - Prepared sim number: 64: RAYPy_Simulation_bessy2hi_56m_PGM_2Perc_coupling_errors_off_FLUX/round_1/64_bessy2hi_56m_PGM_2Perc_coupling_errors_off_FLUX.rml
2025-02-07 22:45:25,683 - INFO - Prepared sim number: 65: RAYPy_Simulation_bessy2hi_56m_PGM_2Perc_coupling_errors_off_FLUX/round_1/65_bessy2hi_56m_PGM_2Perc_coupling_errors_off_FLUX.rml
2025-02-07 22:45:25,688 - INFO - Prepared sim number: 66: RAYPy_Simulation_bessy2hi_56m_PGM_2Perc_coupling_errors_off_FLUX/round_1/66_bessy2hi_56m_PGM_2Perc_coupling_errors_off_FLUX.rml
2025-02-07 22:45:25,694 - INFO - Prepared sim number: 67: RAYPy_Simulation_bessy2hi_56m_PGM_2Perc_coupling_errors_off_FLUX/round_1/67_bessy2hi_56m_PGM_2Perc_coupling_errors_off_FLUX.rml
2025-02-07 22:45:25,698 - INFO - Prepared sim number: 68: RAYPy_Simulation_bessy2hi_56m_PGM_2Perc_coupling_errors_off_FLUX/round_1/68_bessy2hi_56m_PGM_2Perc_coupling_errors_off_FLUX.rml
2025-02-07 22:45:25,702 - INFO - Prepared sim number: 69: RAYPy_Simulation_bessy2hi_56m_PGM_2Perc_coupling_errors_off_FLUX/round_1/69_bessy2hi_56m_PGM_2Perc_coupling_errors_off_FLUX.rml
2025-02-07 22:45:25,707 - INFO - Prepared sim number: 70: RAYPy_Simulation_bessy2hi_56m_PGM_2Perc_coupling_errors_off_FLUX/round_1/70_bessy2hi_56m_PGM_2Perc_coupling_errors_off_FLUX.rml
2025-02-07 22:45:25,711 - INFO - Prepared sim number: 71: RAYPy_Simulation_bessy2hi_56m_PGM_2Perc_coupling_errors_off_FLUX/round_1/71_bessy2hi_56m_PGM_2Perc_coupling_errors_off_FLUX.rml
2025-02-07 22:45:25,715 - INFO - Prepared sim number: 72: RAYPy_Simulation_bessy2hi_56m_PGM_2Perc_coupling_errors_off_FLUX/round_1/72_bessy2hi_56m_PGM_2Perc_coupling_errors_off_FLUX.rml
2025-02-07 22:45:25,719 - INFO - Prepared sim number: 73: RAYPy_Simulation_bessy2hi_56m_PGM_2Perc_coupling_errors_off_FLUX/round_1/73_bessy2hi_56m_PGM_2Perc_coupling_errors_off_FLUX.rml
2025-02-07 22:45:25,723 - INFO - Prepared sim number: 74: RAYPy_Simulation_bessy2hi_56m_PGM_2Perc_coupling_errors_off_FLUX/round_1/74_bessy2hi_56m_PGM_2Perc_coupling_errors_off_FLUX.rml
2025-02-07 22:45:25,726 - INFO - Prepared sim number: 75: RAYPy_Simulation_bessy2hi_56m_PGM_2Perc_coupling_errors_off_FLUX/round_1/75_bessy2hi_56m_PGM_2Perc_coupling_errors_off_FLUX.rml
2025-02-07 22:45:25,730 - INFO - Prepared sim number: 76: RAYPy_Simulation_bessy2hi_56m_PGM_2Perc_coupling_errors_off_FLUX/round_1/76_bessy2hi_56m_PGM_2Perc_coupling_errors_off_FLUX.rml
2025-02-07 22:45:25,734 - INFO - Prepared sim number: 77: RAYPy_Simulation_bessy2hi_56m_PGM_2Perc_coupling_errors_off_FLUX/round_1/77_bessy2hi_56m_PGM_2Perc_coupling_errors_off_FLUX.rml
2025-02-07 22:45:25,737 - INFO - Prepared sim number: 78: RAYPy_Simulation_bessy2hi_56m_PGM_2Perc_coupling_errors_off_FLUX/round_1/78_bessy2hi_56m_PGM_2Perc_coupling_errors_off_FLUX.rml
2025-02-07 22:45:25,741 - INFO - Prepared sim number: 79: RAYPy_Simulation_bessy2hi_56m_PGM_2Perc_coupling_errors_off_FLUX/round_1/79_bessy2hi_56m_PGM_2Perc_coupling_errors_off_FLUX.rml
2025-02-07 22:45:25,744 - INFO - Prepared sim number: 80: RAYPy_Simulation_bessy2hi_56m_PGM_2Perc_coupling_errors_off_FLUX/round_1/80_bessy2hi_56m_PGM_2Perc_coupling_errors_off_FLUX.rml
2025-02-07 22:45:25,748 - INFO - Prepared sim number: 81: RAYPy_Simulation_bessy2hi_56m_PGM_2Perc_coupling_errors_off_FLUX/round_1/81_bessy2hi_56m_PGM_2Perc_coupling_errors_off_FLUX.rml
2025-02-07 22:45:25,752 - INFO - Prepared sim number: 82: RAYPy_Simulation_bessy2hi_56m_PGM_2Perc_coupling_errors_off_FLUX/round_1/82_bessy2hi_56m_PGM_2Perc_coupling_errors_off_FLUX.rml
2025-02-07 22:45:25,756 - INFO - Prepared sim number: 83: RAYPy_Simulation_bessy2hi_56m_PGM_2Perc_coupling_errors_off_FLUX/round_1/83_bessy2hi_56m_PGM_2Perc_coupling_errors_off_FLUX.rml
2025-02-07 22:45:25,759 - INFO - Prepared sim number: 84: RAYPy_Simulation_bessy2hi_56m_PGM_2Perc_coupling_errors_off_FLUX/round_1/84_bessy2hi_56m_PGM_2Perc_coupling_errors_off_FLUX.rml
2025-02-07 22:45:25,763 - INFO - Prepared sim number: 85: RAYPy_Simulation_bessy2hi_56m_PGM_2Perc_coupling_errors_off_FLUX/round_1/85_bessy2hi_56m_PGM_2Perc_coupling_errors_off_FLUX.rml
2025-02-07 22:45:25,767 - INFO - Prepared sim number: 86: RAYPy_Simulation_bessy2hi_56m_PGM_2Perc_coupling_errors_off_FLUX/round_1/86_bessy2hi_56m_PGM_2Perc_coupling_errors_off_FLUX.rml
2025-02-07 22:45:25,771 - INFO - Prepared sim number: 87: RAYPy_Simulation_bessy2hi_56m_PGM_2Perc_coupling_errors_off_FLUX/round_1/87_bessy2hi_56m_PGM_2Perc_coupling_errors_off_FLUX.rml
2025-02-07 22:45:25,776 - INFO - Prepared sim number: 88: RAYPy_Simulation_bessy2hi_56m_PGM_2Perc_coupling_errors_off_FLUX/round_1/88_bessy2hi_56m_PGM_2Perc_coupling_errors_off_FLUX.rml
2025-02-07 22:45:25,780 - INFO - Prepared sim number: 89: RAYPy_Simulation_bessy2hi_56m_PGM_2Perc_coupling_errors_off_FLUX/round_1/89_bessy2hi_56m_PGM_2Perc_coupling_errors_off_FLUX.rml
2025-02-07 22:45:25,784 - INFO - Prepared sim number: 90: RAYPy_Simulation_bessy2hi_56m_PGM_2Perc_coupling_errors_off_FLUX/round_1/90_bessy2hi_56m_PGM_2Perc_coupling_errors_off_FLUX.rml
2025-02-07 22:45:25,788 - INFO - Prepared sim number: 91: RAYPy_Simulation_bessy2hi_56m_PGM_2Perc_coupling_errors_off_FLUX/round_1/91_bessy2hi_56m_PGM_2Perc_coupling_errors_off_FLUX.rml
2025-02-07 22:45:25,795 - INFO - Prepared sim number: 92: RAYPy_Simulation_bessy2hi_56m_PGM_2Perc_coupling_errors_off_FLUX/round_1/92_bessy2hi_56m_PGM_2Perc_coupling_errors_off_FLUX.rml
2025-02-07 22:45:25,802 - INFO - Prepared sim number: 93: RAYPy_Simulation_bessy2hi_56m_PGM_2Perc_coupling_errors_off_FLUX/round_1/93_bessy2hi_56m_PGM_2Perc_coupling_errors_off_FLUX.rml
2025-02-07 22:45:25,809 - INFO - Prepared sim number: 94: RAYPy_Simulation_bessy2hi_56m_PGM_2Perc_coupling_errors_off_FLUX/round_1/94_bessy2hi_56m_PGM_2Perc_coupling_errors_off_FLUX.rml
2025-02-07 22:45:25,815 - INFO - Prepared sim number: 95: RAYPy_Simulation_bessy2hi_56m_PGM_2Perc_coupling_errors_off_FLUX/round_1/95_bessy2hi_56m_PGM_2Perc_coupling_errors_off_FLUX.rml
2025-02-07 22:45:25,820 - INFO - Prepared sim number: 96: RAYPy_Simulation_bessy2hi_56m_PGM_2Perc_coupling_errors_off_FLUX/round_1/96_bessy2hi_56m_PGM_2Perc_coupling_errors_off_FLUX.rml
2025-02-07 22:45:25,826 - INFO - Prepared sim number: 97: RAYPy_Simulation_bessy2hi_56m_PGM_2Perc_coupling_errors_off_FLUX/round_1/97_bessy2hi_56m_PGM_2Perc_coupling_errors_off_FLUX.rml
2025-02-07 22:45:25,831 - INFO - Prepared sim number: 98: RAYPy_Simulation_bessy2hi_56m_PGM_2Perc_coupling_errors_off_FLUX/round_1/98_bessy2hi_56m_PGM_2Perc_coupling_errors_off_FLUX.rml
2025-02-07 22:45:25,836 - INFO - Prepared sim number: 99: RAYPy_Simulation_bessy2hi_56m_PGM_2Perc_coupling_errors_off_FLUX/round_1/99_bessy2hi_56m_PGM_2Perc_coupling_errors_off_FLUX.rml
2025-02-07 22:45:25,840 - INFO - Prepared sim number: 100: RAYPy_Simulation_bessy2hi_56m_PGM_2Perc_coupling_errors_off_FLUX/round_1/100_bessy2hi_56m_PGM_2Perc_coupling_errors_off_FLUX.rml
2025-02-07 22:45:25,844 - INFO - Prepared sim number: 101: RAYPy_Simulation_bessy2hi_56m_PGM_2Perc_coupling_errors_off_FLUX/round_1/101_bessy2hi_56m_PGM_2Perc_coupling_errors_off_FLUX.rml
2025-02-07 22:45:25,849 - INFO - Prepared sim number: 102: RAYPy_Simulation_bessy2hi_56m_PGM_2Perc_coupling_errors_off_FLUX/round_1/102_bessy2hi_56m_PGM_2Perc_coupling_errors_off_FLUX.rml
2025-02-07 22:45:25,855 - INFO - Prepared sim number: 103: RAYPy_Simulation_bessy2hi_56m_PGM_2Perc_coupling_errors_off_FLUX/round_1/103_bessy2hi_56m_PGM_2Perc_coupling_errors_off_FLUX.rml
2025-02-07 22:45:25,859 - INFO - Prepared sim number: 104: RAYPy_Simulation_bessy2hi_56m_PGM_2Perc_coupling_errors_off_FLUX/round_1/104_bessy2hi_56m_PGM_2Perc_coupling_errors_off_FLUX.rml
2025-02-07 22:45:25,864 - INFO - Prepared sim number: 105: RAYPy_Simulation_bessy2hi_56m_PGM_2Perc_coupling_errors_off_FLUX/round_1/105_bessy2hi_56m_PGM_2Perc_coupling_errors_off_FLUX.rml
2025-02-07 22:45:25,869 - INFO - Prepared sim number: 106: RAYPy_Simulation_bessy2hi_56m_PGM_2Perc_coupling_errors_off_FLUX/round_1/106_bessy2hi_56m_PGM_2Perc_coupling_errors_off_FLUX.rml
2025-02-07 22:45:25,873 - INFO - Prepared sim number: 107: RAYPy_Simulation_bessy2hi_56m_PGM_2Perc_coupling_errors_off_FLUX/round_1/107_bessy2hi_56m_PGM_2Perc_coupling_errors_off_FLUX.rml
2025-02-07 22:45:25,877 - INFO - Prepared sim number: 108: RAYPy_Simulation_bessy2hi_56m_PGM_2Perc_coupling_errors_off_FLUX/round_1/108_bessy2hi_56m_PGM_2Perc_coupling_errors_off_FLUX.rml
2025-02-07 22:45:25,881 - INFO - Prepared sim number: 109: RAYPy_Simulation_bessy2hi_56m_PGM_2Perc_coupling_errors_off_FLUX/round_1/109_bessy2hi_56m_PGM_2Perc_coupling_errors_off_FLUX.rml
2025-02-07 22:45:25,885 - INFO - Prepared sim number: 110: RAYPy_Simulation_bessy2hi_56m_PGM_2Perc_coupling_errors_off_FLUX/round_1/110_bessy2hi_56m_PGM_2Perc_coupling_errors_off_FLUX.rml
2025-02-07 22:45:25,888 - INFO - Prepared sim number: 111: RAYPy_Simulation_bessy2hi_56m_PGM_2Perc_coupling_errors_off_FLUX/round_1/111_bessy2hi_56m_PGM_2Perc_coupling_errors_off_FLUX.rml
2025-02-07 22:45:25,892 - INFO - Prepared sim number: 112: RAYPy_Simulation_bessy2hi_56m_PGM_2Perc_coupling_errors_off_FLUX/round_1/112_bessy2hi_56m_PGM_2Perc_coupling_errors_off_FLUX.rml
2025-02-07 22:45:25,896 - INFO - Prepared sim number: 113: RAYPy_Simulation_bessy2hi_56m_PGM_2Perc_coupling_errors_off_FLUX/round_1/113_bessy2hi_56m_PGM_2Perc_coupling_errors_off_FLUX.rml
2025-02-07 22:45:25,900 - INFO - Prepared sim number: 114: RAYPy_Simulation_bessy2hi_56m_PGM_2Perc_coupling_errors_off_FLUX/round_1/114_bessy2hi_56m_PGM_2Perc_coupling_errors_off_FLUX.rml
2025-02-07 22:45:25,904 - INFO - Prepared sim number: 115: RAYPy_Simulation_bessy2hi_56m_PGM_2Perc_coupling_errors_off_FLUX/round_1/115_bessy2hi_56m_PGM_2Perc_coupling_errors_off_FLUX.rml
2025-02-07 22:45:25,908 - INFO - Prepared sim number: 116: RAYPy_Simulation_bessy2hi_56m_PGM_2Perc_coupling_errors_off_FLUX/round_1/116_bessy2hi_56m_PGM_2Perc_coupling_errors_off_FLUX.rml
2025-02-07 22:45:25,909 - INFO - Waiting for batch number: 3, timeout: 90.47944279992656s
2025-02-07 22:45:40,488 - INFO - Completed: 1, remaining: 59, RAYPy_Simulation_bessy2hi_56m_PGM_2Perc_coupling_errors_off_FLUX/round_1/65_bessy2hi_56m_PGM_2Perc_coupling_errors_off_FLUX.rml
2025-02-07 22:45:40,581 - INFO - Completed: 2, remaining: 58, RAYPy_Simulation_bessy2hi_56m_PGM_2Perc_coupling_errors_off_FLUX/round_1/58_bessy2hi_56m_PGM_2Perc_coupling_errors_off_FLUX.rml
2025-02-07 22:45:40,716 - INFO - Completed: 3, remaining: 57, RAYPy_Simulation_bessy2hi_56m_PGM_2Perc_coupling_errors_off_FLUX/round_1/66_bessy2hi_56m_PGM_2Perc_coupling_errors_off_FLUX.rml
2025-02-07 22:45:40,771 - INFO - Completed: 4, remaining: 56, RAYPy_Simulation_bessy2hi_56m_PGM_2Perc_coupling_errors_off_FLUX/round_1/57_bessy2hi_56m_PGM_2Perc_coupling_errors_off_FLUX.rml
2025-02-07 22:45:40,852 - INFO - Completed: 5, remaining: 55, RAYPy_Simulation_bessy2hi_56m_PGM_2Perc_coupling_errors_off_FLUX/round_1/59_bessy2hi_56m_PGM_2Perc_coupling_errors_off_FLUX.rml
2025-02-07 22:45:40,901 - INFO - Completed: 6, remaining: 54, RAYPy_Simulation_bessy2hi_56m_PGM_2Perc_coupling_errors_off_FLUX/round_1/67_bessy2hi_56m_PGM_2Perc_coupling_errors_off_FLUX.rml
2025-02-07 22:45:41,069 - INFO - Completed: 7, remaining: 53, RAYPy_Simulation_bessy2hi_56m_PGM_2Perc_coupling_errors_off_FLUX/round_1/68_bessy2hi_56m_PGM_2Perc_coupling_errors_off_FLUX.rml
2025-02-07 22:45:41,194 - INFO - Completed: 8, remaining: 52, RAYPy_Simulation_bessy2hi_56m_PGM_2Perc_coupling_errors_off_FLUX/round_1/62_bessy2hi_56m_PGM_2Perc_coupling_errors_off_FLUX.rml
2025-02-07 22:45:42,548 - INFO - Completed: 9, remaining: 51, RAYPy_Simulation_bessy2hi_56m_PGM_2Perc_coupling_errors_off_FLUX/round_1/61_bessy2hi_56m_PGM_2Perc_coupling_errors_off_FLUX.rml
2025-02-07 22:45:42,689 - INFO - Completed: 10, remaining: 50, RAYPy_Simulation_bessy2hi_56m_PGM_2Perc_coupling_errors_off_FLUX/round_1/64_bessy2hi_56m_PGM_2Perc_coupling_errors_off_FLUX.rml
2025-02-07 22:45:42,929 - INFO - Completed: 11, remaining: 49, RAYPy_Simulation_bessy2hi_56m_PGM_2Perc_coupling_errors_off_FLUX/round_1/63_bessy2hi_56m_PGM_2Perc_coupling_errors_off_FLUX.rml
2025-02-07 22:45:43,274 - INFO - Completed: 12, remaining: 48, RAYPy_Simulation_bessy2hi_56m_PGM_2Perc_coupling_errors_off_FLUX/round_1/60_bessy2hi_56m_PGM_2Perc_coupling_errors_off_FLUX.rml
2025-02-07 22:45:54,994 - INFO - Completed: 13, remaining: 47, RAYPy_Simulation_bessy2hi_56m_PGM_2Perc_coupling_errors_off_FLUX/round_1/69_bessy2hi_56m_PGM_2Perc_coupling_errors_off_FLUX.rml
2025-02-07 22:45:55,369 - INFO - Completed: 14, remaining: 46, RAYPy_Simulation_bessy2hi_56m_PGM_2Perc_coupling_errors_off_FLUX/round_1/70_bessy2hi_56m_PGM_2Perc_coupling_errors_off_FLUX.rml
2025-02-07 22:45:55,377 - INFO - Completed: 15, remaining: 45, RAYPy_Simulation_bessy2hi_56m_PGM_2Perc_coupling_errors_off_FLUX/round_1/71_bessy2hi_56m_PGM_2Perc_coupling_errors_off_FLUX.rml
2025-02-07 22:45:55,936 - INFO - Completed: 16, remaining: 44, RAYPy_Simulation_bessy2hi_56m_PGM_2Perc_coupling_errors_off_FLUX/round_1/74_bessy2hi_56m_PGM_2Perc_coupling_errors_off_FLUX.rml
2025-02-07 22:45:56,188 - INFO - Completed: 17, remaining: 43, RAYPy_Simulation_bessy2hi_56m_PGM_2Perc_coupling_errors_off_FLUX/round_1/75_bessy2hi_56m_PGM_2Perc_coupling_errors_off_FLUX.rml
2025-02-07 22:45:56,255 - INFO - Completed: 18, remaining: 42, RAYPy_Simulation_bessy2hi_56m_PGM_2Perc_coupling_errors_off_FLUX/round_1/73_bessy2hi_56m_PGM_2Perc_coupling_errors_off_FLUX.rml
2025-02-07 22:45:56,259 - INFO - Completed: 19, remaining: 41, RAYPy_Simulation_bessy2hi_56m_PGM_2Perc_coupling_errors_off_FLUX/round_1/76_bessy2hi_56m_PGM_2Perc_coupling_errors_off_FLUX.rml
2025-02-07 22:45:57,033 - INFO - Completed: 20, remaining: 40, RAYPy_Simulation_bessy2hi_56m_PGM_2Perc_coupling_errors_off_FLUX/round_1/72_bessy2hi_56m_PGM_2Perc_coupling_errors_off_FLUX.rml
2025-02-07 22:45:57,442 - INFO - Completed: 21, remaining: 39, RAYPy_Simulation_bessy2hi_56m_PGM_2Perc_coupling_errors_off_FLUX/round_1/77_bessy2hi_56m_PGM_2Perc_coupling_errors_off_FLUX.rml
2025-02-07 22:45:57,496 - INFO - Completed: 22, remaining: 38, RAYPy_Simulation_bessy2hi_56m_PGM_2Perc_coupling_errors_off_FLUX/round_1/78_bessy2hi_56m_PGM_2Perc_coupling_errors_off_FLUX.rml
2025-02-07 22:45:57,641 - INFO - Completed: 23, remaining: 37, RAYPy_Simulation_bessy2hi_56m_PGM_2Perc_coupling_errors_off_FLUX/round_1/79_bessy2hi_56m_PGM_2Perc_coupling_errors_off_FLUX.rml
2025-02-07 22:45:57,888 - INFO - Completed: 24, remaining: 36, RAYPy_Simulation_bessy2hi_56m_PGM_2Perc_coupling_errors_off_FLUX/round_1/80_bessy2hi_56m_PGM_2Perc_coupling_errors_off_FLUX.rml
2025-02-07 22:46:09,682 - INFO - Completed: 25, remaining: 35, RAYPy_Simulation_bessy2hi_56m_PGM_2Perc_coupling_errors_off_FLUX/round_1/83_bessy2hi_56m_PGM_2Perc_coupling_errors_off_FLUX.rml
2025-02-07 22:46:09,777 - INFO - Completed: 26, remaining: 34, RAYPy_Simulation_bessy2hi_56m_PGM_2Perc_coupling_errors_off_FLUX/round_1/81_bessy2hi_56m_PGM_2Perc_coupling_errors_off_FLUX.rml
2025-02-07 22:46:10,135 - INFO - Completed: 27, remaining: 33, RAYPy_Simulation_bessy2hi_56m_PGM_2Perc_coupling_errors_off_FLUX/round_1/82_bessy2hi_56m_PGM_2Perc_coupling_errors_off_FLUX.rml
2025-02-07 22:46:10,552 - INFO - Completed: 28, remaining: 32, RAYPy_Simulation_bessy2hi_56m_PGM_2Perc_coupling_errors_off_FLUX/round_1/84_bessy2hi_56m_PGM_2Perc_coupling_errors_off_FLUX.rml
2025-02-07 22:46:11,095 - INFO - Completed: 29, remaining: 31, RAYPy_Simulation_bessy2hi_56m_PGM_2Perc_coupling_errors_off_FLUX/round_1/86_bessy2hi_56m_PGM_2Perc_coupling_errors_off_FLUX.rml
2025-02-07 22:46:11,114 - INFO - Completed: 30, remaining: 30, RAYPy_Simulation_bessy2hi_56m_PGM_2Perc_coupling_errors_off_FLUX/round_1/87_bessy2hi_56m_PGM_2Perc_coupling_errors_off_FLUX.rml
2025-02-07 22:46:11,220 - INFO - Completed: 31, remaining: 29, RAYPy_Simulation_bessy2hi_56m_PGM_2Perc_coupling_errors_off_FLUX/round_1/85_bessy2hi_56m_PGM_2Perc_coupling_errors_off_FLUX.rml
2025-02-07 22:46:12,222 - INFO - Completed: 32, remaining: 28, RAYPy_Simulation_bessy2hi_56m_PGM_2Perc_coupling_errors_off_FLUX/round_1/88_bessy2hi_56m_PGM_2Perc_coupling_errors_off_FLUX.rml
2025-02-07 22:46:12,279 - INFO - Completed: 33, remaining: 27, RAYPy_Simulation_bessy2hi_56m_PGM_2Perc_coupling_errors_off_FLUX/round_1/91_bessy2hi_56m_PGM_2Perc_coupling_errors_off_FLUX.rml
2025-02-07 22:46:12,387 - INFO - Completed: 34, remaining: 26, RAYPy_Simulation_bessy2hi_56m_PGM_2Perc_coupling_errors_off_FLUX/round_1/90_bessy2hi_56m_PGM_2Perc_coupling_errors_off_FLUX.rml
2025-02-07 22:46:12,392 - INFO - Completed: 35, remaining: 25, RAYPy_Simulation_bessy2hi_56m_PGM_2Perc_coupling_errors_off_FLUX/round_1/92_bessy2hi_56m_PGM_2Perc_coupling_errors_off_FLUX.rml
2025-02-07 22:46:12,540 - INFO - Completed: 36, remaining: 24, RAYPy_Simulation_bessy2hi_56m_PGM_2Perc_coupling_errors_off_FLUX/round_1/89_bessy2hi_56m_PGM_2Perc_coupling_errors_off_FLUX.rml
2025-02-07 22:46:23,712 - INFO - Completed: 37, remaining: 23, RAYPy_Simulation_bessy2hi_56m_PGM_2Perc_coupling_errors_off_FLUX/round_1/93_bessy2hi_56m_PGM_2Perc_coupling_errors_off_FLUX.rml
2025-02-07 22:46:23,986 - INFO - Completed: 38, remaining: 22, RAYPy_Simulation_bessy2hi_56m_PGM_2Perc_coupling_errors_off_FLUX/round_1/95_bessy2hi_56m_PGM_2Perc_coupling_errors_off_FLUX.rml
2025-02-07 22:46:24,121 - INFO - Completed: 39, remaining: 21, RAYPy_Simulation_bessy2hi_56m_PGM_2Perc_coupling_errors_off_FLUX/round_1/94_bessy2hi_56m_PGM_2Perc_coupling_errors_off_FLUX.rml
2025-02-07 22:46:25,170 - INFO - Completed: 40, remaining: 20, RAYPy_Simulation_bessy2hi_56m_PGM_2Perc_coupling_errors_off_FLUX/round_1/96_bessy2hi_56m_PGM_2Perc_coupling_errors_off_FLUX.rml
2025-02-07 22:46:25,578 - INFO - Completed: 41, remaining: 19, RAYPy_Simulation_bessy2hi_56m_PGM_2Perc_coupling_errors_off_FLUX/round_1/98_bessy2hi_56m_PGM_2Perc_coupling_errors_off_FLUX.rml
2025-02-07 22:46:25,627 - INFO - Completed: 42, remaining: 18, RAYPy_Simulation_bessy2hi_56m_PGM_2Perc_coupling_errors_off_FLUX/round_1/97_bessy2hi_56m_PGM_2Perc_coupling_errors_off_FLUX.rml
2025-02-07 22:46:25,764 - INFO - Completed: 43, remaining: 17, RAYPy_Simulation_bessy2hi_56m_PGM_2Perc_coupling_errors_off_FLUX/round_1/99_bessy2hi_56m_PGM_2Perc_coupling_errors_off_FLUX.rml
2025-02-07 22:46:26,680 - INFO - Completed: 44, remaining: 16, RAYPy_Simulation_bessy2hi_56m_PGM_2Perc_coupling_errors_off_FLUX/round_1/100_bessy2hi_56m_PGM_2Perc_coupling_errors_off_FLUX.rml
2025-02-07 22:46:26,856 - INFO - Completed: 45, remaining: 15, RAYPy_Simulation_bessy2hi_56m_PGM_2Perc_coupling_errors_off_FLUX/round_1/104_bessy2hi_56m_PGM_2Perc_coupling_errors_off_FLUX.rml
2025-02-07 22:46:26,865 - INFO - Completed: 46, remaining: 14, RAYPy_Simulation_bessy2hi_56m_PGM_2Perc_coupling_errors_off_FLUX/round_1/101_bessy2hi_56m_PGM_2Perc_coupling_errors_off_FLUX.rml
2025-02-07 22:46:27,077 - INFO - Completed: 47, remaining: 13, RAYPy_Simulation_bessy2hi_56m_PGM_2Perc_coupling_errors_off_FLUX/round_1/102_bessy2hi_56m_PGM_2Perc_coupling_errors_off_FLUX.rml
2025-02-07 22:46:27,709 - INFO - Completed: 48, remaining: 12, RAYPy_Simulation_bessy2hi_56m_PGM_2Perc_coupling_errors_off_FLUX/round_1/103_bessy2hi_56m_PGM_2Perc_coupling_errors_off_FLUX.rml
2025-02-07 22:46:37,458 - INFO - Completed: 49, remaining: 11, RAYPy_Simulation_bessy2hi_56m_PGM_2Perc_coupling_errors_off_FLUX/round_1/105_bessy2hi_56m_PGM_2Perc_coupling_errors_off_FLUX.rml
2025-02-07 22:46:38,210 - INFO - Completed: 50, remaining: 10, RAYPy_Simulation_bessy2hi_56m_PGM_2Perc_coupling_errors_off_FLUX/round_1/107_bessy2hi_56m_PGM_2Perc_coupling_errors_off_FLUX.rml
2025-02-07 22:46:38,343 - INFO - Completed: 51, remaining: 9, RAYPy_Simulation_bessy2hi_56m_PGM_2Perc_coupling_errors_off_FLUX/round_1/106_bessy2hi_56m_PGM_2Perc_coupling_errors_off_FLUX.rml
2025-02-07 22:46:39,312 - INFO - Completed: 52, remaining: 8, RAYPy_Simulation_bessy2hi_56m_PGM_2Perc_coupling_errors_off_FLUX/round_1/108_bessy2hi_56m_PGM_2Perc_coupling_errors_off_FLUX.rml
2025-02-07 22:46:39,806 - INFO - Completed: 53, remaining: 7, RAYPy_Simulation_bessy2hi_56m_PGM_2Perc_coupling_errors_off_FLUX/round_1/110_bessy2hi_56m_PGM_2Perc_coupling_errors_off_FLUX.rml
2025-02-07 22:46:39,888 - INFO - Completed: 54, remaining: 6, RAYPy_Simulation_bessy2hi_56m_PGM_2Perc_coupling_errors_off_FLUX/round_1/109_bessy2hi_56m_PGM_2Perc_coupling_errors_off_FLUX.rml
2025-02-07 22:46:39,957 - INFO - Completed: 55, remaining: 5, RAYPy_Simulation_bessy2hi_56m_PGM_2Perc_coupling_errors_off_FLUX/round_1/111_bessy2hi_56m_PGM_2Perc_coupling_errors_off_FLUX.rml
2025-02-07 22:46:40,361 - INFO - Completed: 56, remaining: 4, RAYPy_Simulation_bessy2hi_56m_PGM_2Perc_coupling_errors_off_FLUX/round_1/112_bessy2hi_56m_PGM_2Perc_coupling_errors_off_FLUX.rml
2025-02-07 22:46:40,454 - INFO - Completed: 57, remaining: 3, RAYPy_Simulation_bessy2hi_56m_PGM_2Perc_coupling_errors_off_FLUX/round_1/115_bessy2hi_56m_PGM_2Perc_coupling_errors_off_FLUX.rml
2025-02-07 22:46:40,485 - INFO - Completed: 58, remaining: 2, RAYPy_Simulation_bessy2hi_56m_PGM_2Perc_coupling_errors_off_FLUX/round_1/113_bessy2hi_56m_PGM_2Perc_coupling_errors_off_FLUX.rml
2025-02-07 22:46:40,595 - INFO - Completed: 59, remaining: 1, RAYPy_Simulation_bessy2hi_56m_PGM_2Perc_coupling_errors_off_FLUX/round_1/116_bessy2hi_56m_PGM_2Perc_coupling_errors_off_FLUX.rml
2025-02-07 22:46:40,598 - INFO - Completed: 60, remaining: 0, RAYPy_Simulation_bessy2hi_56m_PGM_2Perc_coupling_errors_off_FLUX/round_1/114_bessy2hi_56m_PGM_2Perc_coupling_errors_off_FLUX.rml
2025-02-07 22:46:40,598 - INFO - Batch Completed
2025-02-07 22:46:40,598 - INFO - Waiting For batch, 60 simulations to go
2025-02-07 22:46:40,604 - INFO - Prepared sim number: 117: RAYPy_Simulation_bessy2hi_56m_PGM_2Perc_coupling_errors_off_FLUX/round_1/117_bessy2hi_56m_PGM_2Perc_coupling_errors_off_FLUX.rml
2025-02-07 22:46:40,614 - INFO - Prepared sim number: 118: RAYPy_Simulation_bessy2hi_56m_PGM_2Perc_coupling_errors_off_FLUX/round_1/118_bessy2hi_56m_PGM_2Perc_coupling_errors_off_FLUX.rml
2025-02-07 22:46:40,619 - INFO - Prepared sim number: 119: RAYPy_Simulation_bessy2hi_56m_PGM_2Perc_coupling_errors_off_FLUX/round_1/119_bessy2hi_56m_PGM_2Perc_coupling_errors_off_FLUX.rml
2025-02-07 22:46:40,625 - INFO - Prepared sim number: 120: RAYPy_Simulation_bessy2hi_56m_PGM_2Perc_coupling_errors_off_FLUX/round_1/120_bessy2hi_56m_PGM_2Perc_coupling_errors_off_FLUX.rml
2025-02-07 22:46:40,630 - INFO - Prepared sim number: 121: RAYPy_Simulation_bessy2hi_56m_PGM_2Perc_coupling_errors_off_FLUX/round_1/121_bessy2hi_56m_PGM_2Perc_coupling_errors_off_FLUX.rml
2025-02-07 22:46:40,639 - INFO - Prepared sim number: 122: RAYPy_Simulation_bessy2hi_56m_PGM_2Perc_coupling_errors_off_FLUX/round_1/122_bessy2hi_56m_PGM_2Perc_coupling_errors_off_FLUX.rml
2025-02-07 22:46:40,639 - INFO - Start round 2
2025-02-07 22:46:40,644 - INFO - Prepared sim number: 0: RAYPy_Simulation_bessy2hi_56m_PGM_2Perc_coupling_errors_off_FLUX/round_2/0_bessy2hi_56m_PGM_2Perc_coupling_errors_off_FLUX.rml
2025-02-07 22:46:40,649 - INFO - Prepared sim number: 1: RAYPy_Simulation_bessy2hi_56m_PGM_2Perc_coupling_errors_off_FLUX/round_2/1_bessy2hi_56m_PGM_2Perc_coupling_errors_off_FLUX.rml
2025-02-07 22:46:40,654 - INFO - Prepared sim number: 2: RAYPy_Simulation_bessy2hi_56m_PGM_2Perc_coupling_errors_off_FLUX/round_2/2_bessy2hi_56m_PGM_2Perc_coupling_errors_off_FLUX.rml
2025-02-07 22:46:40,660 - INFO - Prepared sim number: 3: RAYPy_Simulation_bessy2hi_56m_PGM_2Perc_coupling_errors_off_FLUX/round_2/3_bessy2hi_56m_PGM_2Perc_coupling_errors_off_FLUX.rml
2025-02-07 22:46:40,665 - INFO - Prepared sim number: 4: RAYPy_Simulation_bessy2hi_56m_PGM_2Perc_coupling_errors_off_FLUX/round_2/4_bessy2hi_56m_PGM_2Perc_coupling_errors_off_FLUX.rml
2025-02-07 22:46:40,670 - INFO - Prepared sim number: 5: RAYPy_Simulation_bessy2hi_56m_PGM_2Perc_coupling_errors_off_FLUX/round_2/5_bessy2hi_56m_PGM_2Perc_coupling_errors_off_FLUX.rml
2025-02-07 22:46:40,674 - INFO - Prepared sim number: 6: RAYPy_Simulation_bessy2hi_56m_PGM_2Perc_coupling_errors_off_FLUX/round_2/6_bessy2hi_56m_PGM_2Perc_coupling_errors_off_FLUX.rml
2025-02-07 22:46:40,678 - INFO - Prepared sim number: 7: RAYPy_Simulation_bessy2hi_56m_PGM_2Perc_coupling_errors_off_FLUX/round_2/7_bessy2hi_56m_PGM_2Perc_coupling_errors_off_FLUX.rml
2025-02-07 22:46:40,683 - INFO - Prepared sim number: 8: RAYPy_Simulation_bessy2hi_56m_PGM_2Perc_coupling_errors_off_FLUX/round_2/8_bessy2hi_56m_PGM_2Perc_coupling_errors_off_FLUX.rml
2025-02-07 22:46:40,686 - INFO - Prepared sim number: 9: RAYPy_Simulation_bessy2hi_56m_PGM_2Perc_coupling_errors_off_FLUX/round_2/9_bessy2hi_56m_PGM_2Perc_coupling_errors_off_FLUX.rml
2025-02-07 22:46:40,690 - INFO - Prepared sim number: 10: RAYPy_Simulation_bessy2hi_56m_PGM_2Perc_coupling_errors_off_FLUX/round_2/10_bessy2hi_56m_PGM_2Perc_coupling_errors_off_FLUX.rml
2025-02-07 22:46:40,694 - INFO - Prepared sim number: 11: RAYPy_Simulation_bessy2hi_56m_PGM_2Perc_coupling_errors_off_FLUX/round_2/11_bessy2hi_56m_PGM_2Perc_coupling_errors_off_FLUX.rml
2025-02-07 22:46:40,698 - INFO - Prepared sim number: 12: RAYPy_Simulation_bessy2hi_56m_PGM_2Perc_coupling_errors_off_FLUX/round_2/12_bessy2hi_56m_PGM_2Perc_coupling_errors_off_FLUX.rml
2025-02-07 22:46:40,702 - INFO - Prepared sim number: 13: RAYPy_Simulation_bessy2hi_56m_PGM_2Perc_coupling_errors_off_FLUX/round_2/13_bessy2hi_56m_PGM_2Perc_coupling_errors_off_FLUX.rml
2025-02-07 22:46:40,706 - INFO - Prepared sim number: 14: RAYPy_Simulation_bessy2hi_56m_PGM_2Perc_coupling_errors_off_FLUX/round_2/14_bessy2hi_56m_PGM_2Perc_coupling_errors_off_FLUX.rml
2025-02-07 22:46:40,710 - INFO - Prepared sim number: 15: RAYPy_Simulation_bessy2hi_56m_PGM_2Perc_coupling_errors_off_FLUX/round_2/15_bessy2hi_56m_PGM_2Perc_coupling_errors_off_FLUX.rml
2025-02-07 22:46:40,714 - INFO - Prepared sim number: 16: RAYPy_Simulation_bessy2hi_56m_PGM_2Perc_coupling_errors_off_FLUX/round_2/16_bessy2hi_56m_PGM_2Perc_coupling_errors_off_FLUX.rml
2025-02-07 22:46:40,718 - INFO - Prepared sim number: 17: RAYPy_Simulation_bessy2hi_56m_PGM_2Perc_coupling_errors_off_FLUX/round_2/17_bessy2hi_56m_PGM_2Perc_coupling_errors_off_FLUX.rml
2025-02-07 22:46:40,722 - INFO - Prepared sim number: 18: RAYPy_Simulation_bessy2hi_56m_PGM_2Perc_coupling_errors_off_FLUX/round_2/18_bessy2hi_56m_PGM_2Perc_coupling_errors_off_FLUX.rml
2025-02-07 22:46:40,725 - INFO - Prepared sim number: 19: RAYPy_Simulation_bessy2hi_56m_PGM_2Perc_coupling_errors_off_FLUX/round_2/19_bessy2hi_56m_PGM_2Perc_coupling_errors_off_FLUX.rml
2025-02-07 22:46:40,730 - INFO - Prepared sim number: 20: RAYPy_Simulation_bessy2hi_56m_PGM_2Perc_coupling_errors_off_FLUX/round_2/20_bessy2hi_56m_PGM_2Perc_coupling_errors_off_FLUX.rml
2025-02-07 22:46:40,734 - INFO - Prepared sim number: 21: RAYPy_Simulation_bessy2hi_56m_PGM_2Perc_coupling_errors_off_FLUX/round_2/21_bessy2hi_56m_PGM_2Perc_coupling_errors_off_FLUX.rml
2025-02-07 22:46:40,739 - INFO - Prepared sim number: 22: RAYPy_Simulation_bessy2hi_56m_PGM_2Perc_coupling_errors_off_FLUX/round_2/22_bessy2hi_56m_PGM_2Perc_coupling_errors_off_FLUX.rml
2025-02-07 22:46:40,743 - INFO - Prepared sim number: 23: RAYPy_Simulation_bessy2hi_56m_PGM_2Perc_coupling_errors_off_FLUX/round_2/23_bessy2hi_56m_PGM_2Perc_coupling_errors_off_FLUX.rml
2025-02-07 22:46:40,747 - INFO - Prepared sim number: 24: RAYPy_Simulation_bessy2hi_56m_PGM_2Perc_coupling_errors_off_FLUX/round_2/24_bessy2hi_56m_PGM_2Perc_coupling_errors_off_FLUX.rml
2025-02-07 22:46:40,751 - INFO - Prepared sim number: 25: RAYPy_Simulation_bessy2hi_56m_PGM_2Perc_coupling_errors_off_FLUX/round_2/25_bessy2hi_56m_PGM_2Perc_coupling_errors_off_FLUX.rml
2025-02-07 22:46:40,755 - INFO - Prepared sim number: 26: RAYPy_Simulation_bessy2hi_56m_PGM_2Perc_coupling_errors_off_FLUX/round_2/26_bessy2hi_56m_PGM_2Perc_coupling_errors_off_FLUX.rml
2025-02-07 22:46:40,759 - INFO - Prepared sim number: 27: RAYPy_Simulation_bessy2hi_56m_PGM_2Perc_coupling_errors_off_FLUX/round_2/27_bessy2hi_56m_PGM_2Perc_coupling_errors_off_FLUX.rml
2025-02-07 22:46:40,762 - INFO - Prepared sim number: 28: RAYPy_Simulation_bessy2hi_56m_PGM_2Perc_coupling_errors_off_FLUX/round_2/28_bessy2hi_56m_PGM_2Perc_coupling_errors_off_FLUX.rml
2025-02-07 22:46:40,767 - INFO - Prepared sim number: 29: RAYPy_Simulation_bessy2hi_56m_PGM_2Perc_coupling_errors_off_FLUX/round_2/29_bessy2hi_56m_PGM_2Perc_coupling_errors_off_FLUX.rml
2025-02-07 22:46:40,771 - INFO - Prepared sim number: 30: RAYPy_Simulation_bessy2hi_56m_PGM_2Perc_coupling_errors_off_FLUX/round_2/30_bessy2hi_56m_PGM_2Perc_coupling_errors_off_FLUX.rml
2025-02-07 22:46:40,775 - INFO - Prepared sim number: 31: RAYPy_Simulation_bessy2hi_56m_PGM_2Perc_coupling_errors_off_FLUX/round_2/31_bessy2hi_56m_PGM_2Perc_coupling_errors_off_FLUX.rml
2025-02-07 22:46:40,779 - INFO - Prepared sim number: 32: RAYPy_Simulation_bessy2hi_56m_PGM_2Perc_coupling_errors_off_FLUX/round_2/32_bessy2hi_56m_PGM_2Perc_coupling_errors_off_FLUX.rml
2025-02-07 22:46:40,783 - INFO - Prepared sim number: 33: RAYPy_Simulation_bessy2hi_56m_PGM_2Perc_coupling_errors_off_FLUX/round_2/33_bessy2hi_56m_PGM_2Perc_coupling_errors_off_FLUX.rml
2025-02-07 22:46:40,787 - INFO - Prepared sim number: 34: RAYPy_Simulation_bessy2hi_56m_PGM_2Perc_coupling_errors_off_FLUX/round_2/34_bessy2hi_56m_PGM_2Perc_coupling_errors_off_FLUX.rml
2025-02-07 22:46:40,790 - INFO - Prepared sim number: 35: RAYPy_Simulation_bessy2hi_56m_PGM_2Perc_coupling_errors_off_FLUX/round_2/35_bessy2hi_56m_PGM_2Perc_coupling_errors_off_FLUX.rml
2025-02-07 22:46:40,794 - INFO - Prepared sim number: 36: RAYPy_Simulation_bessy2hi_56m_PGM_2Perc_coupling_errors_off_FLUX/round_2/36_bessy2hi_56m_PGM_2Perc_coupling_errors_off_FLUX.rml
2025-02-07 22:46:40,799 - INFO - Prepared sim number: 37: RAYPy_Simulation_bessy2hi_56m_PGM_2Perc_coupling_errors_off_FLUX/round_2/37_bessy2hi_56m_PGM_2Perc_coupling_errors_off_FLUX.rml
2025-02-07 22:46:40,803 - INFO - Prepared sim number: 38: RAYPy_Simulation_bessy2hi_56m_PGM_2Perc_coupling_errors_off_FLUX/round_2/38_bessy2hi_56m_PGM_2Perc_coupling_errors_off_FLUX.rml
2025-02-07 22:46:40,809 - INFO - Prepared sim number: 39: RAYPy_Simulation_bessy2hi_56m_PGM_2Perc_coupling_errors_off_FLUX/round_2/39_bessy2hi_56m_PGM_2Perc_coupling_errors_off_FLUX.rml
2025-02-07 22:46:40,817 - INFO - Prepared sim number: 40: RAYPy_Simulation_bessy2hi_56m_PGM_2Perc_coupling_errors_off_FLUX/round_2/40_bessy2hi_56m_PGM_2Perc_coupling_errors_off_FLUX.rml
2025-02-07 22:46:40,822 - INFO - Prepared sim number: 41: RAYPy_Simulation_bessy2hi_56m_PGM_2Perc_coupling_errors_off_FLUX/round_2/41_bessy2hi_56m_PGM_2Perc_coupling_errors_off_FLUX.rml
2025-02-07 22:46:40,828 - INFO - Prepared sim number: 42: RAYPy_Simulation_bessy2hi_56m_PGM_2Perc_coupling_errors_off_FLUX/round_2/42_bessy2hi_56m_PGM_2Perc_coupling_errors_off_FLUX.rml
2025-02-07 22:46:40,833 - INFO - Prepared sim number: 43: RAYPy_Simulation_bessy2hi_56m_PGM_2Perc_coupling_errors_off_FLUX/round_2/43_bessy2hi_56m_PGM_2Perc_coupling_errors_off_FLUX.rml
2025-02-07 22:46:40,839 - INFO - Prepared sim number: 44: RAYPy_Simulation_bessy2hi_56m_PGM_2Perc_coupling_errors_off_FLUX/round_2/44_bessy2hi_56m_PGM_2Perc_coupling_errors_off_FLUX.rml
2025-02-07 22:46:40,843 - INFO - Prepared sim number: 45: RAYPy_Simulation_bessy2hi_56m_PGM_2Perc_coupling_errors_off_FLUX/round_2/45_bessy2hi_56m_PGM_2Perc_coupling_errors_off_FLUX.rml
2025-02-07 22:46:40,848 - INFO - Prepared sim number: 46: RAYPy_Simulation_bessy2hi_56m_PGM_2Perc_coupling_errors_off_FLUX/round_2/46_bessy2hi_56m_PGM_2Perc_coupling_errors_off_FLUX.rml
2025-02-07 22:46:40,853 - INFO - Prepared sim number: 47: RAYPy_Simulation_bessy2hi_56m_PGM_2Perc_coupling_errors_off_FLUX/round_2/47_bessy2hi_56m_PGM_2Perc_coupling_errors_off_FLUX.rml
2025-02-07 22:46:40,859 - INFO - Prepared sim number: 48: RAYPy_Simulation_bessy2hi_56m_PGM_2Perc_coupling_errors_off_FLUX/round_2/48_bessy2hi_56m_PGM_2Perc_coupling_errors_off_FLUX.rml
2025-02-07 22:46:40,863 - INFO - Prepared sim number: 49: RAYPy_Simulation_bessy2hi_56m_PGM_2Perc_coupling_errors_off_FLUX/round_2/49_bessy2hi_56m_PGM_2Perc_coupling_errors_off_FLUX.rml
2025-02-07 22:46:40,867 - INFO - Prepared sim number: 50: RAYPy_Simulation_bessy2hi_56m_PGM_2Perc_coupling_errors_off_FLUX/round_2/50_bessy2hi_56m_PGM_2Perc_coupling_errors_off_FLUX.rml
2025-02-07 22:46:40,871 - INFO - Prepared sim number: 51: RAYPy_Simulation_bessy2hi_56m_PGM_2Perc_coupling_errors_off_FLUX/round_2/51_bessy2hi_56m_PGM_2Perc_coupling_errors_off_FLUX.rml
2025-02-07 22:46:40,875 - INFO - Prepared sim number: 52: RAYPy_Simulation_bessy2hi_56m_PGM_2Perc_coupling_errors_off_FLUX/round_2/52_bessy2hi_56m_PGM_2Perc_coupling_errors_off_FLUX.rml
2025-02-07 22:46:40,879 - INFO - Prepared sim number: 53: RAYPy_Simulation_bessy2hi_56m_PGM_2Perc_coupling_errors_off_FLUX/round_2/53_bessy2hi_56m_PGM_2Perc_coupling_errors_off_FLUX.rml
2025-02-07 22:46:40,879 - INFO - Waiting for batch number: 4, timeout: 89.91863733282835s
2025-02-07 22:46:54,205 - INFO - Completed: 1, remaining: 59, RAYPy_Simulation_bessy2hi_56m_PGM_2Perc_coupling_errors_off_FLUX/round_1/121_bessy2hi_56m_PGM_2Perc_coupling_errors_off_FLUX.rml
2025-02-07 22:46:54,426 - INFO - Completed: 2, remaining: 58, RAYPy_Simulation_bessy2hi_56m_PGM_2Perc_coupling_errors_off_FLUX/round_1/117_bessy2hi_56m_PGM_2Perc_coupling_errors_off_FLUX.rml
2025-02-07 22:46:54,536 - INFO - Completed: 3, remaining: 57, RAYPy_Simulation_bessy2hi_56m_PGM_2Perc_coupling_errors_off_FLUX/round_1/120_bessy2hi_56m_PGM_2Perc_coupling_errors_off_FLUX.rml
2025-02-07 22:46:54,558 - INFO - Completed: 4, remaining: 56, RAYPy_Simulation_bessy2hi_56m_PGM_2Perc_coupling_errors_off_FLUX/round_2/1_bessy2hi_56m_PGM_2Perc_coupling_errors_off_FLUX.rml
2025-02-07 22:46:54,572 - INFO - Completed: 5, remaining: 55, RAYPy_Simulation_bessy2hi_56m_PGM_2Perc_coupling_errors_off_FLUX/round_1/118_bessy2hi_56m_PGM_2Perc_coupling_errors_off_FLUX.rml
2025-02-07 22:46:54,677 - INFO - Completed: 6, remaining: 54, RAYPy_Simulation_bessy2hi_56m_PGM_2Perc_coupling_errors_off_FLUX/round_2/0_bessy2hi_56m_PGM_2Perc_coupling_errors_off_FLUX.rml
2025-02-07 22:46:54,802 - INFO - Completed: 7, remaining: 53, RAYPy_Simulation_bessy2hi_56m_PGM_2Perc_coupling_errors_off_FLUX/round_1/119_bessy2hi_56m_PGM_2Perc_coupling_errors_off_FLUX.rml
2025-02-07 22:46:55,165 - INFO - Completed: 8, remaining: 52, RAYPy_Simulation_bessy2hi_56m_PGM_2Perc_coupling_errors_off_FLUX/round_2/2_bessy2hi_56m_PGM_2Perc_coupling_errors_off_FLUX.rml
2025-02-07 22:46:56,554 - INFO - Completed: 9, remaining: 51, RAYPy_Simulation_bessy2hi_56m_PGM_2Perc_coupling_errors_off_FLUX/round_1/122_bessy2hi_56m_PGM_2Perc_coupling_errors_off_FLUX.rml
2025-02-07 22:46:56,675 - INFO - Completed: 10, remaining: 50, RAYPy_Simulation_bessy2hi_56m_PGM_2Perc_coupling_errors_off_FLUX/round_2/5_bessy2hi_56m_PGM_2Perc_coupling_errors_off_FLUX.rml
2025-02-07 22:46:57,164 - INFO - Completed: 11, remaining: 49, RAYPy_Simulation_bessy2hi_56m_PGM_2Perc_coupling_errors_off_FLUX/round_2/3_bessy2hi_56m_PGM_2Perc_coupling_errors_off_FLUX.rml
2025-02-07 22:46:57,627 - INFO - Completed: 12, remaining: 48, RAYPy_Simulation_bessy2hi_56m_PGM_2Perc_coupling_errors_off_FLUX/round_2/4_bessy2hi_56m_PGM_2Perc_coupling_errors_off_FLUX.rml
2025-02-07 22:47:08,396 - INFO - Completed: 13, remaining: 47, RAYPy_Simulation_bessy2hi_56m_PGM_2Perc_coupling_errors_off_FLUX/round_2/6_bessy2hi_56m_PGM_2Perc_coupling_errors_off_FLUX.rml
2025-02-07 22:47:09,348 - INFO - Completed: 14, remaining: 46, RAYPy_Simulation_bessy2hi_56m_PGM_2Perc_coupling_errors_off_FLUX/round_2/10_bessy2hi_56m_PGM_2Perc_coupling_errors_off_FLUX.rml
2025-02-07 22:47:09,371 - INFO - Completed: 15, remaining: 45, RAYPy_Simulation_bessy2hi_56m_PGM_2Perc_coupling_errors_off_FLUX/round_2/9_bessy2hi_56m_PGM_2Perc_coupling_errors_off_FLUX.rml
2025-02-07 22:47:09,399 - INFO - Completed: 16, remaining: 44, RAYPy_Simulation_bessy2hi_56m_PGM_2Perc_coupling_errors_off_FLUX/round_2/11_bessy2hi_56m_PGM_2Perc_coupling_errors_off_FLUX.rml
2025-02-07 22:47:09,581 - INFO - Completed: 17, remaining: 43, RAYPy_Simulation_bessy2hi_56m_PGM_2Perc_coupling_errors_off_FLUX/round_2/8_bessy2hi_56m_PGM_2Perc_coupling_errors_off_FLUX.rml
2025-02-07 22:47:09,763 - INFO - Completed: 18, remaining: 42, RAYPy_Simulation_bessy2hi_56m_PGM_2Perc_coupling_errors_off_FLUX/round_2/12_bessy2hi_56m_PGM_2Perc_coupling_errors_off_FLUX.rml
2025-02-07 22:47:09,883 - INFO - Completed: 19, remaining: 41, RAYPy_Simulation_bessy2hi_56m_PGM_2Perc_coupling_errors_off_FLUX/round_2/7_bessy2hi_56m_PGM_2Perc_coupling_errors_off_FLUX.rml
2025-02-07 22:47:10,174 - INFO - Completed: 20, remaining: 40, RAYPy_Simulation_bessy2hi_56m_PGM_2Perc_coupling_errors_off_FLUX/round_2/13_bessy2hi_56m_PGM_2Perc_coupling_errors_off_FLUX.rml
2025-02-07 22:47:11,327 - INFO - Completed: 21, remaining: 39, RAYPy_Simulation_bessy2hi_56m_PGM_2Perc_coupling_errors_off_FLUX/round_2/16_bessy2hi_56m_PGM_2Perc_coupling_errors_off_FLUX.rml
2025-02-07 22:47:11,540 - INFO - Completed: 22, remaining: 38, RAYPy_Simulation_bessy2hi_56m_PGM_2Perc_coupling_errors_off_FLUX/round_2/14_bessy2hi_56m_PGM_2Perc_coupling_errors_off_FLUX.rml
2025-02-07 22:47:11,546 - INFO - Completed: 23, remaining: 37, RAYPy_Simulation_bessy2hi_56m_PGM_2Perc_coupling_errors_off_FLUX/round_2/17_bessy2hi_56m_PGM_2Perc_coupling_errors_off_FLUX.rml
2025-02-07 22:47:12,296 - INFO - Completed: 24, remaining: 36, RAYPy_Simulation_bessy2hi_56m_PGM_2Perc_coupling_errors_off_FLUX/round_2/15_bessy2hi_56m_PGM_2Perc_coupling_errors_off_FLUX.rml
2025-02-07 22:47:22,052 - INFO - Completed: 25, remaining: 35, RAYPy_Simulation_bessy2hi_56m_PGM_2Perc_coupling_errors_off_FLUX/round_2/18_bessy2hi_56m_PGM_2Perc_coupling_errors_off_FLUX.rml
2025-02-07 22:47:24,124 - INFO - Completed: 26, remaining: 34, RAYPy_Simulation_bessy2hi_56m_PGM_2Perc_coupling_errors_off_FLUX/round_2/19_bessy2hi_56m_PGM_2Perc_coupling_errors_off_FLUX.rml
2025-02-07 22:47:24,268 - INFO - Completed: 27, remaining: 33, RAYPy_Simulation_bessy2hi_56m_PGM_2Perc_coupling_errors_off_FLUX/round_2/20_bessy2hi_56m_PGM_2Perc_coupling_errors_off_FLUX.rml
2025-02-07 22:47:24,448 - INFO - Completed: 28, remaining: 32, RAYPy_Simulation_bessy2hi_56m_PGM_2Perc_coupling_errors_off_FLUX/round_2/21_bessy2hi_56m_PGM_2Perc_coupling_errors_off_FLUX.rml
2025-02-07 22:47:24,644 - INFO - Completed: 29, remaining: 31, RAYPy_Simulation_bessy2hi_56m_PGM_2Perc_coupling_errors_off_FLUX/round_2/22_bessy2hi_56m_PGM_2Perc_coupling_errors_off_FLUX.rml
2025-02-07 22:47:24,707 - INFO - Completed: 30, remaining: 30, RAYPy_Simulation_bessy2hi_56m_PGM_2Perc_coupling_errors_off_FLUX/round_2/23_bessy2hi_56m_PGM_2Perc_coupling_errors_off_FLUX.rml
2025-02-07 22:47:25,454 - INFO - Completed: 31, remaining: 29, RAYPy_Simulation_bessy2hi_56m_PGM_2Perc_coupling_errors_off_FLUX/round_2/25_bessy2hi_56m_PGM_2Perc_coupling_errors_off_FLUX.rml
2025-02-07 22:47:26,061 - INFO - Completed: 32, remaining: 28, RAYPy_Simulation_bessy2hi_56m_PGM_2Perc_coupling_errors_off_FLUX/round_2/24_bessy2hi_56m_PGM_2Perc_coupling_errors_off_FLUX.rml
2025-02-07 22:47:26,384 - INFO - Completed: 33, remaining: 27, RAYPy_Simulation_bessy2hi_56m_PGM_2Perc_coupling_errors_off_FLUX/round_2/27_bessy2hi_56m_PGM_2Perc_coupling_errors_off_FLUX.rml
2025-02-07 22:47:26,499 - INFO - Completed: 34, remaining: 26, RAYPy_Simulation_bessy2hi_56m_PGM_2Perc_coupling_errors_off_FLUX/round_2/26_bessy2hi_56m_PGM_2Perc_coupling_errors_off_FLUX.rml
2025-02-07 22:47:26,602 - INFO - Completed: 35, remaining: 25, RAYPy_Simulation_bessy2hi_56m_PGM_2Perc_coupling_errors_off_FLUX/round_2/28_bessy2hi_56m_PGM_2Perc_coupling_errors_off_FLUX.rml
2025-02-07 22:47:27,489 - INFO - Completed: 36, remaining: 24, RAYPy_Simulation_bessy2hi_56m_PGM_2Perc_coupling_errors_off_FLUX/round_2/29_bessy2hi_56m_PGM_2Perc_coupling_errors_off_FLUX.rml
2025-02-07 22:47:35,573 - INFO - Completed: 37, remaining: 23, RAYPy_Simulation_bessy2hi_56m_PGM_2Perc_coupling_errors_off_FLUX/round_2/30_bessy2hi_56m_PGM_2Perc_coupling_errors_off_FLUX.rml
2025-02-07 22:47:38,817 - INFO - Completed: 38, remaining: 22, RAYPy_Simulation_bessy2hi_56m_PGM_2Perc_coupling_errors_off_FLUX/round_2/31_bessy2hi_56m_PGM_2Perc_coupling_errors_off_FLUX.rml
2025-02-07 22:47:38,923 - INFO - Completed: 39, remaining: 21, RAYPy_Simulation_bessy2hi_56m_PGM_2Perc_coupling_errors_off_FLUX/round_2/32_bessy2hi_56m_PGM_2Perc_coupling_errors_off_FLUX.rml
2025-02-07 22:47:39,412 - INFO - Completed: 40, remaining: 20, RAYPy_Simulation_bessy2hi_56m_PGM_2Perc_coupling_errors_off_FLUX/round_2/33_bessy2hi_56m_PGM_2Perc_coupling_errors_off_FLUX.rml
2025-02-07 22:47:39,636 - INFO - Completed: 41, remaining: 19, RAYPy_Simulation_bessy2hi_56m_PGM_2Perc_coupling_errors_off_FLUX/round_2/35_bessy2hi_56m_PGM_2Perc_coupling_errors_off_FLUX.rml
2025-02-07 22:47:40,890 - INFO - Completed: 42, remaining: 18, RAYPy_Simulation_bessy2hi_56m_PGM_2Perc_coupling_errors_off_FLUX/round_2/36_bessy2hi_56m_PGM_2Perc_coupling_errors_off_FLUX.rml
2025-02-07 22:47:41,023 - INFO - Completed: 43, remaining: 17, RAYPy_Simulation_bessy2hi_56m_PGM_2Perc_coupling_errors_off_FLUX/round_2/34_bessy2hi_56m_PGM_2Perc_coupling_errors_off_FLUX.rml
2025-02-07 22:47:41,331 - INFO - Completed: 44, remaining: 16, RAYPy_Simulation_bessy2hi_56m_PGM_2Perc_coupling_errors_off_FLUX/round_2/37_bessy2hi_56m_PGM_2Perc_coupling_errors_off_FLUX.rml
2025-02-07 22:47:41,515 - INFO - Completed: 45, remaining: 15, RAYPy_Simulation_bessy2hi_56m_PGM_2Perc_coupling_errors_off_FLUX/round_2/38_bessy2hi_56m_PGM_2Perc_coupling_errors_off_FLUX.rml
2025-02-07 22:47:41,638 - INFO - Completed: 46, remaining: 14, RAYPy_Simulation_bessy2hi_56m_PGM_2Perc_coupling_errors_off_FLUX/round_2/41_bessy2hi_56m_PGM_2Perc_coupling_errors_off_FLUX.rml
2025-02-07 22:47:41,684 - INFO - Completed: 47, remaining: 13, RAYPy_Simulation_bessy2hi_56m_PGM_2Perc_coupling_errors_off_FLUX/round_2/40_bessy2hi_56m_PGM_2Perc_coupling_errors_off_FLUX.rml
2025-02-07 22:47:41,854 - INFO - Completed: 48, remaining: 12, RAYPy_Simulation_bessy2hi_56m_PGM_2Perc_coupling_errors_off_FLUX/round_2/39_bessy2hi_56m_PGM_2Perc_coupling_errors_off_FLUX.rml
2025-02-07 22:47:49,212 - INFO - Completed: 49, remaining: 11, RAYPy_Simulation_bessy2hi_56m_PGM_2Perc_coupling_errors_off_FLUX/round_2/42_bessy2hi_56m_PGM_2Perc_coupling_errors_off_FLUX.rml
2025-02-07 22:47:52,245 - INFO - Completed: 50, remaining: 10, RAYPy_Simulation_bessy2hi_56m_PGM_2Perc_coupling_errors_off_FLUX/round_2/43_bessy2hi_56m_PGM_2Perc_coupling_errors_off_FLUX.rml
2025-02-07 22:47:52,968 - INFO - Completed: 51, remaining: 9, RAYPy_Simulation_bessy2hi_56m_PGM_2Perc_coupling_errors_off_FLUX/round_2/44_bessy2hi_56m_PGM_2Perc_coupling_errors_off_FLUX.rml
2025-02-07 22:47:53,118 - INFO - Completed: 52, remaining: 8, RAYPy_Simulation_bessy2hi_56m_PGM_2Perc_coupling_errors_off_FLUX/round_2/45_bessy2hi_56m_PGM_2Perc_coupling_errors_off_FLUX.rml
2025-02-07 22:47:53,188 - INFO - Completed: 53, remaining: 7, RAYPy_Simulation_bessy2hi_56m_PGM_2Perc_coupling_errors_off_FLUX/round_2/46_bessy2hi_56m_PGM_2Perc_coupling_errors_off_FLUX.rml
2025-02-07 22:47:54,322 - INFO - Completed: 54, remaining: 6, RAYPy_Simulation_bessy2hi_56m_PGM_2Perc_coupling_errors_off_FLUX/round_2/48_bessy2hi_56m_PGM_2Perc_coupling_errors_off_FLUX.rml
2025-02-07 22:47:54,457 - INFO - Completed: 55, remaining: 5, RAYPy_Simulation_bessy2hi_56m_PGM_2Perc_coupling_errors_off_FLUX/round_2/49_bessy2hi_56m_PGM_2Perc_coupling_errors_off_FLUX.rml
2025-02-07 22:47:54,540 - INFO - Completed: 56, remaining: 4, RAYPy_Simulation_bessy2hi_56m_PGM_2Perc_coupling_errors_off_FLUX/round_2/47_bessy2hi_56m_PGM_2Perc_coupling_errors_off_FLUX.rml
2025-02-07 22:47:54,628 - INFO - Completed: 57, remaining: 3, RAYPy_Simulation_bessy2hi_56m_PGM_2Perc_coupling_errors_off_FLUX/round_2/50_bessy2hi_56m_PGM_2Perc_coupling_errors_off_FLUX.rml
2025-02-07 22:47:54,646 - INFO - Completed: 58, remaining: 2, RAYPy_Simulation_bessy2hi_56m_PGM_2Perc_coupling_errors_off_FLUX/round_2/51_bessy2hi_56m_PGM_2Perc_coupling_errors_off_FLUX.rml
2025-02-07 22:47:54,727 - INFO - Completed: 59, remaining: 1, RAYPy_Simulation_bessy2hi_56m_PGM_2Perc_coupling_errors_off_FLUX/round_2/53_bessy2hi_56m_PGM_2Perc_coupling_errors_off_FLUX.rml
2025-02-07 22:47:54,831 - INFO - Completed: 60, remaining: 0, RAYPy_Simulation_bessy2hi_56m_PGM_2Perc_coupling_errors_off_FLUX/round_2/52_bessy2hi_56m_PGM_2Perc_coupling_errors_off_FLUX.rml
2025-02-07 22:47:54,831 - INFO - Batch Completed
2025-02-07 22:47:54,832 - INFO - Waiting For batch, 60 simulations to go
2025-02-07 22:47:54,840 - INFO - Prepared sim number: 54: RAYPy_Simulation_bessy2hi_56m_PGM_2Perc_coupling_errors_off_FLUX/round_2/54_bessy2hi_56m_PGM_2Perc_coupling_errors_off_FLUX.rml
2025-02-07 22:47:54,851 - INFO - Prepared sim number: 55: RAYPy_Simulation_bessy2hi_56m_PGM_2Perc_coupling_errors_off_FLUX/round_2/55_bessy2hi_56m_PGM_2Perc_coupling_errors_off_FLUX.rml
2025-02-07 22:47:54,859 - INFO - Prepared sim number: 56: RAYPy_Simulation_bessy2hi_56m_PGM_2Perc_coupling_errors_off_FLUX/round_2/56_bessy2hi_56m_PGM_2Perc_coupling_errors_off_FLUX.rml
2025-02-07 22:47:54,864 - INFO - Prepared sim number: 57: RAYPy_Simulation_bessy2hi_56m_PGM_2Perc_coupling_errors_off_FLUX/round_2/57_bessy2hi_56m_PGM_2Perc_coupling_errors_off_FLUX.rml
2025-02-07 22:47:54,869 - INFO - Prepared sim number: 58: RAYPy_Simulation_bessy2hi_56m_PGM_2Perc_coupling_errors_off_FLUX/round_2/58_bessy2hi_56m_PGM_2Perc_coupling_errors_off_FLUX.rml
2025-02-07 22:47:54,879 - INFO - Prepared sim number: 59: RAYPy_Simulation_bessy2hi_56m_PGM_2Perc_coupling_errors_off_FLUX/round_2/59_bessy2hi_56m_PGM_2Perc_coupling_errors_off_FLUX.rml
2025-02-07 22:47:54,884 - INFO - Prepared sim number: 60: RAYPy_Simulation_bessy2hi_56m_PGM_2Perc_coupling_errors_off_FLUX/round_2/60_bessy2hi_56m_PGM_2Perc_coupling_errors_off_FLUX.rml
2025-02-07 22:47:54,890 - INFO - Prepared sim number: 61: RAYPy_Simulation_bessy2hi_56m_PGM_2Perc_coupling_errors_off_FLUX/round_2/61_bessy2hi_56m_PGM_2Perc_coupling_errors_off_FLUX.rml
2025-02-07 22:47:54,896 - INFO - Prepared sim number: 62: RAYPy_Simulation_bessy2hi_56m_PGM_2Perc_coupling_errors_off_FLUX/round_2/62_bessy2hi_56m_PGM_2Perc_coupling_errors_off_FLUX.rml
2025-02-07 22:47:54,901 - INFO - Prepared sim number: 63: RAYPy_Simulation_bessy2hi_56m_PGM_2Perc_coupling_errors_off_FLUX/round_2/63_bessy2hi_56m_PGM_2Perc_coupling_errors_off_FLUX.rml
2025-02-07 22:47:54,905 - INFO - Prepared sim number: 64: RAYPy_Simulation_bessy2hi_56m_PGM_2Perc_coupling_errors_off_FLUX/round_2/64_bessy2hi_56m_PGM_2Perc_coupling_errors_off_FLUX.rml
2025-02-07 22:47:54,909 - INFO - Prepared sim number: 65: RAYPy_Simulation_bessy2hi_56m_PGM_2Perc_coupling_errors_off_FLUX/round_2/65_bessy2hi_56m_PGM_2Perc_coupling_errors_off_FLUX.rml
2025-02-07 22:47:54,913 - INFO - Prepared sim number: 66: RAYPy_Simulation_bessy2hi_56m_PGM_2Perc_coupling_errors_off_FLUX/round_2/66_bessy2hi_56m_PGM_2Perc_coupling_errors_off_FLUX.rml
2025-02-07 22:47:54,917 - INFO - Prepared sim number: 67: RAYPy_Simulation_bessy2hi_56m_PGM_2Perc_coupling_errors_off_FLUX/round_2/67_bessy2hi_56m_PGM_2Perc_coupling_errors_off_FLUX.rml
2025-02-07 22:47:54,921 - INFO - Prepared sim number: 68: RAYPy_Simulation_bessy2hi_56m_PGM_2Perc_coupling_errors_off_FLUX/round_2/68_bessy2hi_56m_PGM_2Perc_coupling_errors_off_FLUX.rml
2025-02-07 22:47:54,925 - INFO - Prepared sim number: 69: RAYPy_Simulation_bessy2hi_56m_PGM_2Perc_coupling_errors_off_FLUX/round_2/69_bessy2hi_56m_PGM_2Perc_coupling_errors_off_FLUX.rml
2025-02-07 22:47:54,929 - INFO - Prepared sim number: 70: RAYPy_Simulation_bessy2hi_56m_PGM_2Perc_coupling_errors_off_FLUX/round_2/70_bessy2hi_56m_PGM_2Perc_coupling_errors_off_FLUX.rml
2025-02-07 22:47:54,933 - INFO - Prepared sim number: 71: RAYPy_Simulation_bessy2hi_56m_PGM_2Perc_coupling_errors_off_FLUX/round_2/71_bessy2hi_56m_PGM_2Perc_coupling_errors_off_FLUX.rml
2025-02-07 22:47:54,937 - INFO - Prepared sim number: 72: RAYPy_Simulation_bessy2hi_56m_PGM_2Perc_coupling_errors_off_FLUX/round_2/72_bessy2hi_56m_PGM_2Perc_coupling_errors_off_FLUX.rml
2025-02-07 22:47:54,940 - INFO - Prepared sim number: 73: RAYPy_Simulation_bessy2hi_56m_PGM_2Perc_coupling_errors_off_FLUX/round_2/73_bessy2hi_56m_PGM_2Perc_coupling_errors_off_FLUX.rml
2025-02-07 22:47:54,944 - INFO - Prepared sim number: 74: RAYPy_Simulation_bessy2hi_56m_PGM_2Perc_coupling_errors_off_FLUX/round_2/74_bessy2hi_56m_PGM_2Perc_coupling_errors_off_FLUX.rml
2025-02-07 22:47:54,948 - INFO - Prepared sim number: 75: RAYPy_Simulation_bessy2hi_56m_PGM_2Perc_coupling_errors_off_FLUX/round_2/75_bessy2hi_56m_PGM_2Perc_coupling_errors_off_FLUX.rml
2025-02-07 22:47:54,952 - INFO - Prepared sim number: 76: RAYPy_Simulation_bessy2hi_56m_PGM_2Perc_coupling_errors_off_FLUX/round_2/76_bessy2hi_56m_PGM_2Perc_coupling_errors_off_FLUX.rml
2025-02-07 22:47:54,956 - INFO - Prepared sim number: 77: RAYPy_Simulation_bessy2hi_56m_PGM_2Perc_coupling_errors_off_FLUX/round_2/77_bessy2hi_56m_PGM_2Perc_coupling_errors_off_FLUX.rml
2025-02-07 22:47:54,960 - INFO - Prepared sim number: 78: RAYPy_Simulation_bessy2hi_56m_PGM_2Perc_coupling_errors_off_FLUX/round_2/78_bessy2hi_56m_PGM_2Perc_coupling_errors_off_FLUX.rml
2025-02-07 22:47:54,964 - INFO - Prepared sim number: 79: RAYPy_Simulation_bessy2hi_56m_PGM_2Perc_coupling_errors_off_FLUX/round_2/79_bessy2hi_56m_PGM_2Perc_coupling_errors_off_FLUX.rml
2025-02-07 22:47:54,967 - INFO - Prepared sim number: 80: RAYPy_Simulation_bessy2hi_56m_PGM_2Perc_coupling_errors_off_FLUX/round_2/80_bessy2hi_56m_PGM_2Perc_coupling_errors_off_FLUX.rml
2025-02-07 22:47:54,971 - INFO - Prepared sim number: 81: RAYPy_Simulation_bessy2hi_56m_PGM_2Perc_coupling_errors_off_FLUX/round_2/81_bessy2hi_56m_PGM_2Perc_coupling_errors_off_FLUX.rml
2025-02-07 22:47:54,975 - INFO - Prepared sim number: 82: RAYPy_Simulation_bessy2hi_56m_PGM_2Perc_coupling_errors_off_FLUX/round_2/82_bessy2hi_56m_PGM_2Perc_coupling_errors_off_FLUX.rml
2025-02-07 22:47:54,979 - INFO - Prepared sim number: 83: RAYPy_Simulation_bessy2hi_56m_PGM_2Perc_coupling_errors_off_FLUX/round_2/83_bessy2hi_56m_PGM_2Perc_coupling_errors_off_FLUX.rml
2025-02-07 22:47:54,983 - INFO - Prepared sim number: 84: RAYPy_Simulation_bessy2hi_56m_PGM_2Perc_coupling_errors_off_FLUX/round_2/84_bessy2hi_56m_PGM_2Perc_coupling_errors_off_FLUX.rml
2025-02-07 22:47:54,987 - INFO - Prepared sim number: 85: RAYPy_Simulation_bessy2hi_56m_PGM_2Perc_coupling_errors_off_FLUX/round_2/85_bessy2hi_56m_PGM_2Perc_coupling_errors_off_FLUX.rml
2025-02-07 22:47:54,990 - INFO - Prepared sim number: 86: RAYPy_Simulation_bessy2hi_56m_PGM_2Perc_coupling_errors_off_FLUX/round_2/86_bessy2hi_56m_PGM_2Perc_coupling_errors_off_FLUX.rml
2025-02-07 22:47:54,994 - INFO - Prepared sim number: 87: RAYPy_Simulation_bessy2hi_56m_PGM_2Perc_coupling_errors_off_FLUX/round_2/87_bessy2hi_56m_PGM_2Perc_coupling_errors_off_FLUX.rml
2025-02-07 22:47:54,998 - INFO - Prepared sim number: 88: RAYPy_Simulation_bessy2hi_56m_PGM_2Perc_coupling_errors_off_FLUX/round_2/88_bessy2hi_56m_PGM_2Perc_coupling_errors_off_FLUX.rml
2025-02-07 22:47:55,002 - INFO - Prepared sim number: 89: RAYPy_Simulation_bessy2hi_56m_PGM_2Perc_coupling_errors_off_FLUX/round_2/89_bessy2hi_56m_PGM_2Perc_coupling_errors_off_FLUX.rml
2025-02-07 22:47:55,006 - INFO - Prepared sim number: 90: RAYPy_Simulation_bessy2hi_56m_PGM_2Perc_coupling_errors_off_FLUX/round_2/90_bessy2hi_56m_PGM_2Perc_coupling_errors_off_FLUX.rml
2025-02-07 22:47:55,009 - INFO - Prepared sim number: 91: RAYPy_Simulation_bessy2hi_56m_PGM_2Perc_coupling_errors_off_FLUX/round_2/91_bessy2hi_56m_PGM_2Perc_coupling_errors_off_FLUX.rml
2025-02-07 22:47:55,013 - INFO - Prepared sim number: 92: RAYPy_Simulation_bessy2hi_56m_PGM_2Perc_coupling_errors_off_FLUX/round_2/92_bessy2hi_56m_PGM_2Perc_coupling_errors_off_FLUX.rml
2025-02-07 22:47:55,017 - INFO - Prepared sim number: 93: RAYPy_Simulation_bessy2hi_56m_PGM_2Perc_coupling_errors_off_FLUX/round_2/93_bessy2hi_56m_PGM_2Perc_coupling_errors_off_FLUX.rml
2025-02-07 22:47:55,021 - INFO - Prepared sim number: 94: RAYPy_Simulation_bessy2hi_56m_PGM_2Perc_coupling_errors_off_FLUX/round_2/94_bessy2hi_56m_PGM_2Perc_coupling_errors_off_FLUX.rml
2025-02-07 22:47:55,025 - INFO - Prepared sim number: 95: RAYPy_Simulation_bessy2hi_56m_PGM_2Perc_coupling_errors_off_FLUX/round_2/95_bessy2hi_56m_PGM_2Perc_coupling_errors_off_FLUX.rml
2025-02-07 22:47:55,029 - INFO - Prepared sim number: 96: RAYPy_Simulation_bessy2hi_56m_PGM_2Perc_coupling_errors_off_FLUX/round_2/96_bessy2hi_56m_PGM_2Perc_coupling_errors_off_FLUX.rml
2025-02-07 22:47:55,032 - INFO - Prepared sim number: 97: RAYPy_Simulation_bessy2hi_56m_PGM_2Perc_coupling_errors_off_FLUX/round_2/97_bessy2hi_56m_PGM_2Perc_coupling_errors_off_FLUX.rml
2025-02-07 22:47:55,036 - INFO - Prepared sim number: 98: RAYPy_Simulation_bessy2hi_56m_PGM_2Perc_coupling_errors_off_FLUX/round_2/98_bessy2hi_56m_PGM_2Perc_coupling_errors_off_FLUX.rml
2025-02-07 22:47:55,040 - INFO - Prepared sim number: 99: RAYPy_Simulation_bessy2hi_56m_PGM_2Perc_coupling_errors_off_FLUX/round_2/99_bessy2hi_56m_PGM_2Perc_coupling_errors_off_FLUX.rml
2025-02-07 22:47:55,044 - INFO - Prepared sim number: 100: RAYPy_Simulation_bessy2hi_56m_PGM_2Perc_coupling_errors_off_FLUX/round_2/100_bessy2hi_56m_PGM_2Perc_coupling_errors_off_FLUX.rml
2025-02-07 22:47:55,048 - INFO - Prepared sim number: 101: RAYPy_Simulation_bessy2hi_56m_PGM_2Perc_coupling_errors_off_FLUX/round_2/101_bessy2hi_56m_PGM_2Perc_coupling_errors_off_FLUX.rml
2025-02-07 22:47:55,052 - INFO - Prepared sim number: 102: RAYPy_Simulation_bessy2hi_56m_PGM_2Perc_coupling_errors_off_FLUX/round_2/102_bessy2hi_56m_PGM_2Perc_coupling_errors_off_FLUX.rml
2025-02-07 22:47:55,055 - INFO - Prepared sim number: 103: RAYPy_Simulation_bessy2hi_56m_PGM_2Perc_coupling_errors_off_FLUX/round_2/103_bessy2hi_56m_PGM_2Perc_coupling_errors_off_FLUX.rml
2025-02-07 22:47:55,059 - INFO - Prepared sim number: 104: RAYPy_Simulation_bessy2hi_56m_PGM_2Perc_coupling_errors_off_FLUX/round_2/104_bessy2hi_56m_PGM_2Perc_coupling_errors_off_FLUX.rml
2025-02-07 22:47:55,062 - INFO - Prepared sim number: 105: RAYPy_Simulation_bessy2hi_56m_PGM_2Perc_coupling_errors_off_FLUX/round_2/105_bessy2hi_56m_PGM_2Perc_coupling_errors_off_FLUX.rml
2025-02-07 22:47:55,066 - INFO - Prepared sim number: 106: RAYPy_Simulation_bessy2hi_56m_PGM_2Perc_coupling_errors_off_FLUX/round_2/106_bessy2hi_56m_PGM_2Perc_coupling_errors_off_FLUX.rml
2025-02-07 22:47:55,070 - INFO - Prepared sim number: 107: RAYPy_Simulation_bessy2hi_56m_PGM_2Perc_coupling_errors_off_FLUX/round_2/107_bessy2hi_56m_PGM_2Perc_coupling_errors_off_FLUX.rml
2025-02-07 22:47:55,073 - INFO - Prepared sim number: 108: RAYPy_Simulation_bessy2hi_56m_PGM_2Perc_coupling_errors_off_FLUX/round_2/108_bessy2hi_56m_PGM_2Perc_coupling_errors_off_FLUX.rml
2025-02-07 22:47:55,077 - INFO - Prepared sim number: 109: RAYPy_Simulation_bessy2hi_56m_PGM_2Perc_coupling_errors_off_FLUX/round_2/109_bessy2hi_56m_PGM_2Perc_coupling_errors_off_FLUX.rml
2025-02-07 22:47:55,081 - INFO - Prepared sim number: 110: RAYPy_Simulation_bessy2hi_56m_PGM_2Perc_coupling_errors_off_FLUX/round_2/110_bessy2hi_56m_PGM_2Perc_coupling_errors_off_FLUX.rml
2025-02-07 22:47:55,085 - INFO - Prepared sim number: 111: RAYPy_Simulation_bessy2hi_56m_PGM_2Perc_coupling_errors_off_FLUX/round_2/111_bessy2hi_56m_PGM_2Perc_coupling_errors_off_FLUX.rml
2025-02-07 22:47:55,089 - INFO - Prepared sim number: 112: RAYPy_Simulation_bessy2hi_56m_PGM_2Perc_coupling_errors_off_FLUX/round_2/112_bessy2hi_56m_PGM_2Perc_coupling_errors_off_FLUX.rml
2025-02-07 22:47:55,093 - INFO - Prepared sim number: 113: RAYPy_Simulation_bessy2hi_56m_PGM_2Perc_coupling_errors_off_FLUX/round_2/113_bessy2hi_56m_PGM_2Perc_coupling_errors_off_FLUX.rml
2025-02-07 22:47:55,093 - INFO - Waiting for batch number: 5, timeout: 89.33611015464423s
2025-02-07 22:48:08,971 - INFO - Completed: 1, remaining: 59, RAYPy_Simulation_bessy2hi_56m_PGM_2Perc_coupling_errors_off_FLUX/round_2/58_bessy2hi_56m_PGM_2Perc_coupling_errors_off_FLUX.rml
2025-02-07 22:48:09,153 - INFO - Completed: 2, remaining: 58, RAYPy_Simulation_bessy2hi_56m_PGM_2Perc_coupling_errors_off_FLUX/round_2/64_bessy2hi_56m_PGM_2Perc_coupling_errors_off_FLUX.rml
2025-02-07 22:48:09,315 - INFO - Completed: 3, remaining: 57, RAYPy_Simulation_bessy2hi_56m_PGM_2Perc_coupling_errors_off_FLUX/round_2/61_bessy2hi_56m_PGM_2Perc_coupling_errors_off_FLUX.rml
2025-02-07 22:48:09,552 - INFO - Completed: 4, remaining: 56, RAYPy_Simulation_bessy2hi_56m_PGM_2Perc_coupling_errors_off_FLUX/round_2/63_bessy2hi_56m_PGM_2Perc_coupling_errors_off_FLUX.rml
2025-02-07 22:48:09,675 - INFO - Completed: 5, remaining: 55, RAYPy_Simulation_bessy2hi_56m_PGM_2Perc_coupling_errors_off_FLUX/round_2/62_bessy2hi_56m_PGM_2Perc_coupling_errors_off_FLUX.rml
2025-02-07 22:48:09,799 - INFO - Completed: 6, remaining: 54, RAYPy_Simulation_bessy2hi_56m_PGM_2Perc_coupling_errors_off_FLUX/round_2/60_bessy2hi_56m_PGM_2Perc_coupling_errors_off_FLUX.rml
2025-02-07 22:48:09,863 - INFO - Completed: 7, remaining: 53, RAYPy_Simulation_bessy2hi_56m_PGM_2Perc_coupling_errors_off_FLUX/round_2/55_bessy2hi_56m_PGM_2Perc_coupling_errors_off_FLUX.rml
2025-02-07 22:48:09,948 - INFO - Completed: 8, remaining: 52, RAYPy_Simulation_bessy2hi_56m_PGM_2Perc_coupling_errors_off_FLUX/round_2/56_bessy2hi_56m_PGM_2Perc_coupling_errors_off_FLUX.rml
2025-02-07 22:48:10,550 - INFO - Completed: 9, remaining: 51, RAYPy_Simulation_bessy2hi_56m_PGM_2Perc_coupling_errors_off_FLUX/round_2/57_bessy2hi_56m_PGM_2Perc_coupling_errors_off_FLUX.rml
2025-02-07 22:48:11,101 - INFO - Completed: 10, remaining: 50, RAYPy_Simulation_bessy2hi_56m_PGM_2Perc_coupling_errors_off_FLUX/round_2/54_bessy2hi_56m_PGM_2Perc_coupling_errors_off_FLUX.rml
2025-02-07 22:48:11,304 - INFO - Completed: 11, remaining: 49, RAYPy_Simulation_bessy2hi_56m_PGM_2Perc_coupling_errors_off_FLUX/round_2/65_bessy2hi_56m_PGM_2Perc_coupling_errors_off_FLUX.rml
2025-02-07 22:48:11,743 - INFO - Completed: 12, remaining: 48, RAYPy_Simulation_bessy2hi_56m_PGM_2Perc_coupling_errors_off_FLUX/round_2/59_bessy2hi_56m_PGM_2Perc_coupling_errors_off_FLUX.rml
2025-02-07 22:48:23,331 - INFO - Completed: 13, remaining: 47, RAYPy_Simulation_bessy2hi_56m_PGM_2Perc_coupling_errors_off_FLUX/round_2/66_bessy2hi_56m_PGM_2Perc_coupling_errors_off_FLUX.rml
2025-02-07 22:48:23,933 - INFO - Completed: 14, remaining: 46, RAYPy_Simulation_bessy2hi_56m_PGM_2Perc_coupling_errors_off_FLUX/round_2/68_bessy2hi_56m_PGM_2Perc_coupling_errors_off_FLUX.rml
2025-02-07 22:48:24,549 - INFO - Completed: 15, remaining: 45, RAYPy_Simulation_bessy2hi_56m_PGM_2Perc_coupling_errors_off_FLUX/round_2/69_bessy2hi_56m_PGM_2Perc_coupling_errors_off_FLUX.rml
2025-02-07 22:48:24,704 - INFO - Completed: 16, remaining: 44, RAYPy_Simulation_bessy2hi_56m_PGM_2Perc_coupling_errors_off_FLUX/round_2/67_bessy2hi_56m_PGM_2Perc_coupling_errors_off_FLUX.rml
2025-02-07 22:48:24,789 - INFO - Completed: 17, remaining: 43, RAYPy_Simulation_bessy2hi_56m_PGM_2Perc_coupling_errors_off_FLUX/round_2/71_bessy2hi_56m_PGM_2Perc_coupling_errors_off_FLUX.rml
2025-02-07 22:48:24,951 - INFO - Completed: 18, remaining: 42, RAYPy_Simulation_bessy2hi_56m_PGM_2Perc_coupling_errors_off_FLUX/round_2/72_bessy2hi_56m_PGM_2Perc_coupling_errors_off_FLUX.rml
2025-02-07 22:48:24,995 - INFO - Completed: 19, remaining: 41, RAYPy_Simulation_bessy2hi_56m_PGM_2Perc_coupling_errors_off_FLUX/round_2/70_bessy2hi_56m_PGM_2Perc_coupling_errors_off_FLUX.rml
2025-02-07 22:48:25,348 - INFO - Completed: 20, remaining: 40, RAYPy_Simulation_bessy2hi_56m_PGM_2Perc_coupling_errors_off_FLUX/round_2/73_bessy2hi_56m_PGM_2Perc_coupling_errors_off_FLUX.rml
2025-02-07 22:48:25,423 - INFO - Completed: 21, remaining: 39, RAYPy_Simulation_bessy2hi_56m_PGM_2Perc_coupling_errors_off_FLUX/round_2/74_bessy2hi_56m_PGM_2Perc_coupling_errors_off_FLUX.rml
2025-02-07 22:48:25,810 - INFO - Completed: 22, remaining: 38, RAYPy_Simulation_bessy2hi_56m_PGM_2Perc_coupling_errors_off_FLUX/round_2/75_bessy2hi_56m_PGM_2Perc_coupling_errors_off_FLUX.rml
2025-02-07 22:48:26,034 - INFO - Completed: 23, remaining: 37, RAYPy_Simulation_bessy2hi_56m_PGM_2Perc_coupling_errors_off_FLUX/round_2/76_bessy2hi_56m_PGM_2Perc_coupling_errors_off_FLUX.rml
2025-02-07 22:48:26,160 - INFO - Completed: 24, remaining: 36, RAYPy_Simulation_bessy2hi_56m_PGM_2Perc_coupling_errors_off_FLUX/round_2/77_bessy2hi_56m_PGM_2Perc_coupling_errors_off_FLUX.rml
2025-02-07 22:48:36,619 - INFO - Completed: 25, remaining: 35, RAYPy_Simulation_bessy2hi_56m_PGM_2Perc_coupling_errors_off_FLUX/round_2/78_bessy2hi_56m_PGM_2Perc_coupling_errors_off_FLUX.rml
2025-02-07 22:48:38,169 - INFO - Completed: 26, remaining: 34, RAYPy_Simulation_bessy2hi_56m_PGM_2Perc_coupling_errors_off_FLUX/round_2/79_bessy2hi_56m_PGM_2Perc_coupling_errors_off_FLUX.rml
2025-02-07 22:48:39,523 - INFO - Completed: 27, remaining: 33, RAYPy_Simulation_bessy2hi_56m_PGM_2Perc_coupling_errors_off_FLUX/round_2/80_bessy2hi_56m_PGM_2Perc_coupling_errors_off_FLUX.rml
2025-02-07 22:48:39,609 - INFO - Completed: 28, remaining: 32, RAYPy_Simulation_bessy2hi_56m_PGM_2Perc_coupling_errors_off_FLUX/round_2/83_bessy2hi_56m_PGM_2Perc_coupling_errors_off_FLUX.rml
2025-02-07 22:48:39,908 - INFO - Completed: 29, remaining: 31, RAYPy_Simulation_bessy2hi_56m_PGM_2Perc_coupling_errors_off_FLUX/round_2/84_bessy2hi_56m_PGM_2Perc_coupling_errors_off_FLUX.rml
2025-02-07 22:48:39,931 - INFO - Completed: 30, remaining: 30, RAYPy_Simulation_bessy2hi_56m_PGM_2Perc_coupling_errors_off_FLUX/round_2/81_bessy2hi_56m_PGM_2Perc_coupling_errors_off_FLUX.rml
2025-02-07 22:48:40,121 - INFO - Completed: 31, remaining: 29, RAYPy_Simulation_bessy2hi_56m_PGM_2Perc_coupling_errors_off_FLUX/round_2/86_bessy2hi_56m_PGM_2Perc_coupling_errors_off_FLUX.rml
2025-02-07 22:48:40,535 - INFO - Completed: 32, remaining: 28, RAYPy_Simulation_bessy2hi_56m_PGM_2Perc_coupling_errors_off_FLUX/round_2/87_bessy2hi_56m_PGM_2Perc_coupling_errors_off_FLUX.rml
2025-02-07 22:48:40,571 - INFO - Completed: 33, remaining: 27, RAYPy_Simulation_bessy2hi_56m_PGM_2Perc_coupling_errors_off_FLUX/round_2/85_bessy2hi_56m_PGM_2Perc_coupling_errors_off_FLUX.rml
2025-02-07 22:48:40,890 - INFO - Completed: 34, remaining: 26, RAYPy_Simulation_bessy2hi_56m_PGM_2Perc_coupling_errors_off_FLUX/round_2/89_bessy2hi_56m_PGM_2Perc_coupling_errors_off_FLUX.rml
2025-02-07 22:48:40,905 - INFO - Completed: 35, remaining: 25, RAYPy_Simulation_bessy2hi_56m_PGM_2Perc_coupling_errors_off_FLUX/round_2/88_bessy2hi_56m_PGM_2Perc_coupling_errors_off_FLUX.rml
2025-02-07 22:48:40,986 - INFO - Completed: 36, remaining: 24, RAYPy_Simulation_bessy2hi_56m_PGM_2Perc_coupling_errors_off_FLUX/round_2/82_bessy2hi_56m_PGM_2Perc_coupling_errors_off_FLUX.rml
2025-02-07 22:48:49,301 - INFO - Completed: 37, remaining: 23, RAYPy_Simulation_bessy2hi_56m_PGM_2Perc_coupling_errors_off_FLUX/round_2/90_bessy2hi_56m_PGM_2Perc_coupling_errors_off_FLUX.rml
2025-02-07 22:48:51,149 - INFO - Completed: 38, remaining: 22, RAYPy_Simulation_bessy2hi_56m_PGM_2Perc_coupling_errors_off_FLUX/round_2/91_bessy2hi_56m_PGM_2Perc_coupling_errors_off_FLUX.rml
2025-02-07 22:48:54,007 - INFO - Completed: 39, remaining: 21, RAYPy_Simulation_bessy2hi_56m_PGM_2Perc_coupling_errors_off_FLUX/round_2/92_bessy2hi_56m_PGM_2Perc_coupling_errors_off_FLUX.rml
2025-02-07 22:48:54,563 - INFO - Completed: 40, remaining: 20, RAYPy_Simulation_bessy2hi_56m_PGM_2Perc_coupling_errors_off_FLUX/round_2/94_bessy2hi_56m_PGM_2Perc_coupling_errors_off_FLUX.rml
2025-02-07 22:48:54,762 - INFO - Completed: 41, remaining: 19, RAYPy_Simulation_bessy2hi_56m_PGM_2Perc_coupling_errors_off_FLUX/round_2/95_bessy2hi_56m_PGM_2Perc_coupling_errors_off_FLUX.rml
2025-02-07 22:48:55,052 - INFO - Completed: 42, remaining: 18, RAYPy_Simulation_bessy2hi_56m_PGM_2Perc_coupling_errors_off_FLUX/round_2/96_bessy2hi_56m_PGM_2Perc_coupling_errors_off_FLUX.rml
2025-02-07 22:48:55,758 - INFO - Completed: 43, remaining: 17, RAYPy_Simulation_bessy2hi_56m_PGM_2Perc_coupling_errors_off_FLUX/round_2/101_bessy2hi_56m_PGM_2Perc_coupling_errors_off_FLUX.rml
2025-02-07 22:48:55,865 - INFO - Completed: 44, remaining: 16, RAYPy_Simulation_bessy2hi_56m_PGM_2Perc_coupling_errors_off_FLUX/round_2/98_bessy2hi_56m_PGM_2Perc_coupling_errors_off_FLUX.rml
2025-02-07 22:48:55,911 - INFO - Completed: 45, remaining: 15, RAYPy_Simulation_bessy2hi_56m_PGM_2Perc_coupling_errors_off_FLUX/round_2/99_bessy2hi_56m_PGM_2Perc_coupling_errors_off_FLUX.rml
2025-02-07 22:48:55,957 - INFO - Completed: 46, remaining: 14, RAYPy_Simulation_bessy2hi_56m_PGM_2Perc_coupling_errors_off_FLUX/round_2/100_bessy2hi_56m_PGM_2Perc_coupling_errors_off_FLUX.rml
2025-02-07 22:48:56,074 - INFO - Completed: 47, remaining: 13, RAYPy_Simulation_bessy2hi_56m_PGM_2Perc_coupling_errors_off_FLUX/round_2/97_bessy2hi_56m_PGM_2Perc_coupling_errors_off_FLUX.rml
2025-02-07 22:48:56,233 - INFO - Completed: 48, remaining: 12, RAYPy_Simulation_bessy2hi_56m_PGM_2Perc_coupling_errors_off_FLUX/round_2/93_bessy2hi_56m_PGM_2Perc_coupling_errors_off_FLUX.rml
2025-02-07 22:49:02,240 - INFO - Completed: 49, remaining: 11, RAYPy_Simulation_bessy2hi_56m_PGM_2Perc_coupling_errors_off_FLUX/round_2/102_bessy2hi_56m_PGM_2Perc_coupling_errors_off_FLUX.rml
2025-02-07 22:49:04,008 - INFO - Completed: 50, remaining: 10, RAYPy_Simulation_bessy2hi_56m_PGM_2Perc_coupling_errors_off_FLUX/round_2/103_bessy2hi_56m_PGM_2Perc_coupling_errors_off_FLUX.rml
2025-02-07 22:49:07,550 - INFO - Completed: 51, remaining: 9, RAYPy_Simulation_bessy2hi_56m_PGM_2Perc_coupling_errors_off_FLUX/round_2/104_bessy2hi_56m_PGM_2Perc_coupling_errors_off_FLUX.rml
2025-02-07 22:49:08,003 - INFO - Completed: 52, remaining: 8, RAYPy_Simulation_bessy2hi_56m_PGM_2Perc_coupling_errors_off_FLUX/round_2/105_bessy2hi_56m_PGM_2Perc_coupling_errors_off_FLUX.rml
2025-02-07 22:49:08,167 - INFO - Completed: 53, remaining: 7, RAYPy_Simulation_bessy2hi_56m_PGM_2Perc_coupling_errors_off_FLUX/round_2/106_bessy2hi_56m_PGM_2Perc_coupling_errors_off_FLUX.rml
2025-02-07 22:49:08,470 - INFO - Completed: 54, remaining: 6, RAYPy_Simulation_bessy2hi_56m_PGM_2Perc_coupling_errors_off_FLUX/round_2/107_bessy2hi_56m_PGM_2Perc_coupling_errors_off_FLUX.rml
2025-02-07 22:49:09,060 - INFO - Completed: 55, remaining: 5, RAYPy_Simulation_bessy2hi_56m_PGM_2Perc_coupling_errors_off_FLUX/round_2/111_bessy2hi_56m_PGM_2Perc_coupling_errors_off_FLUX.rml
2025-02-07 22:49:09,097 - INFO - Completed: 56, remaining: 4, RAYPy_Simulation_bessy2hi_56m_PGM_2Perc_coupling_errors_off_FLUX/round_2/108_bessy2hi_56m_PGM_2Perc_coupling_errors_off_FLUX.rml
2025-02-07 22:49:09,116 - INFO - Completed: 57, remaining: 3, RAYPy_Simulation_bessy2hi_56m_PGM_2Perc_coupling_errors_off_FLUX/round_2/110_bessy2hi_56m_PGM_2Perc_coupling_errors_off_FLUX.rml
2025-02-07 22:49:09,128 - INFO - Completed: 58, remaining: 2, RAYPy_Simulation_bessy2hi_56m_PGM_2Perc_coupling_errors_off_FLUX/round_2/112_bessy2hi_56m_PGM_2Perc_coupling_errors_off_FLUX.rml
2025-02-07 22:49:09,139 - INFO - Completed: 59, remaining: 1, RAYPy_Simulation_bessy2hi_56m_PGM_2Perc_coupling_errors_off_FLUX/round_2/109_bessy2hi_56m_PGM_2Perc_coupling_errors_off_FLUX.rml
2025-02-07 22:49:09,349 - INFO - Completed: 60, remaining: 0, RAYPy_Simulation_bessy2hi_56m_PGM_2Perc_coupling_errors_off_FLUX/round_2/113_bessy2hi_56m_PGM_2Perc_coupling_errors_off_FLUX.rml
2025-02-07 22:49:09,349 - INFO - Batch Completed
2025-02-07 22:49:09,349 - INFO - Waiting For batch, 60 simulations to go
2025-02-07 22:49:09,355 - INFO - Prepared sim number: 114: RAYPy_Simulation_bessy2hi_56m_PGM_2Perc_coupling_errors_off_FLUX/round_2/114_bessy2hi_56m_PGM_2Perc_coupling_errors_off_FLUX.rml
2025-02-07 22:49:09,361 - INFO - Prepared sim number: 115: RAYPy_Simulation_bessy2hi_56m_PGM_2Perc_coupling_errors_off_FLUX/round_2/115_bessy2hi_56m_PGM_2Perc_coupling_errors_off_FLUX.rml
2025-02-07 22:49:09,368 - INFO - Prepared sim number: 116: RAYPy_Simulation_bessy2hi_56m_PGM_2Perc_coupling_errors_off_FLUX/round_2/116_bessy2hi_56m_PGM_2Perc_coupling_errors_off_FLUX.rml
2025-02-07 22:49:09,373 - INFO - Prepared sim number: 117: RAYPy_Simulation_bessy2hi_56m_PGM_2Perc_coupling_errors_off_FLUX/round_2/117_bessy2hi_56m_PGM_2Perc_coupling_errors_off_FLUX.rml
2025-02-07 22:49:09,378 - INFO - Prepared sim number: 118: RAYPy_Simulation_bessy2hi_56m_PGM_2Perc_coupling_errors_off_FLUX/round_2/118_bessy2hi_56m_PGM_2Perc_coupling_errors_off_FLUX.rml
2025-02-07 22:49:09,382 - INFO - Prepared sim number: 119: RAYPy_Simulation_bessy2hi_56m_PGM_2Perc_coupling_errors_off_FLUX/round_2/119_bessy2hi_56m_PGM_2Perc_coupling_errors_off_FLUX.rml
2025-02-07 22:49:09,387 - INFO - Prepared sim number: 120: RAYPy_Simulation_bessy2hi_56m_PGM_2Perc_coupling_errors_off_FLUX/round_2/120_bessy2hi_56m_PGM_2Perc_coupling_errors_off_FLUX.rml
2025-02-07 22:49:09,395 - INFO - Prepared sim number: 121: RAYPy_Simulation_bessy2hi_56m_PGM_2Perc_coupling_errors_off_FLUX/round_2/121_bessy2hi_56m_PGM_2Perc_coupling_errors_off_FLUX.rml
2025-02-07 22:49:09,401 - INFO - Prepared sim number: 122: RAYPy_Simulation_bessy2hi_56m_PGM_2Perc_coupling_errors_off_FLUX/round_2/122_bessy2hi_56m_PGM_2Perc_coupling_errors_off_FLUX.rml
2025-02-07 22:49:09,401 - INFO - Start round 3
2025-02-07 22:49:09,406 - INFO - Prepared sim number: 0: RAYPy_Simulation_bessy2hi_56m_PGM_2Perc_coupling_errors_off_FLUX/round_3/0_bessy2hi_56m_PGM_2Perc_coupling_errors_off_FLUX.rml
2025-02-07 22:49:09,412 - INFO - Prepared sim number: 1: RAYPy_Simulation_bessy2hi_56m_PGM_2Perc_coupling_errors_off_FLUX/round_3/1_bessy2hi_56m_PGM_2Perc_coupling_errors_off_FLUX.rml
2025-02-07 22:49:09,417 - INFO - Prepared sim number: 2: RAYPy_Simulation_bessy2hi_56m_PGM_2Perc_coupling_errors_off_FLUX/round_3/2_bessy2hi_56m_PGM_2Perc_coupling_errors_off_FLUX.rml
2025-02-07 22:49:09,423 - INFO - Prepared sim number: 3: RAYPy_Simulation_bessy2hi_56m_PGM_2Perc_coupling_errors_off_FLUX/round_3/3_bessy2hi_56m_PGM_2Perc_coupling_errors_off_FLUX.rml
2025-02-07 22:49:09,427 - INFO - Prepared sim number: 4: RAYPy_Simulation_bessy2hi_56m_PGM_2Perc_coupling_errors_off_FLUX/round_3/4_bessy2hi_56m_PGM_2Perc_coupling_errors_off_FLUX.rml
2025-02-07 22:49:09,431 - INFO - Prepared sim number: 5: RAYPy_Simulation_bessy2hi_56m_PGM_2Perc_coupling_errors_off_FLUX/round_3/5_bessy2hi_56m_PGM_2Perc_coupling_errors_off_FLUX.rml
2025-02-07 22:49:09,435 - INFO - Prepared sim number: 6: RAYPy_Simulation_bessy2hi_56m_PGM_2Perc_coupling_errors_off_FLUX/round_3/6_bessy2hi_56m_PGM_2Perc_coupling_errors_off_FLUX.rml
2025-02-07 22:49:09,439 - INFO - Prepared sim number: 7: RAYPy_Simulation_bessy2hi_56m_PGM_2Perc_coupling_errors_off_FLUX/round_3/7_bessy2hi_56m_PGM_2Perc_coupling_errors_off_FLUX.rml
2025-02-07 22:49:09,443 - INFO - Prepared sim number: 8: RAYPy_Simulation_bessy2hi_56m_PGM_2Perc_coupling_errors_off_FLUX/round_3/8_bessy2hi_56m_PGM_2Perc_coupling_errors_off_FLUX.rml
2025-02-07 22:49:09,447 - INFO - Prepared sim number: 9: RAYPy_Simulation_bessy2hi_56m_PGM_2Perc_coupling_errors_off_FLUX/round_3/9_bessy2hi_56m_PGM_2Perc_coupling_errors_off_FLUX.rml
2025-02-07 22:49:09,452 - INFO - Prepared sim number: 10: RAYPy_Simulation_bessy2hi_56m_PGM_2Perc_coupling_errors_off_FLUX/round_3/10_bessy2hi_56m_PGM_2Perc_coupling_errors_off_FLUX.rml
2025-02-07 22:49:09,456 - INFO - Prepared sim number: 11: RAYPy_Simulation_bessy2hi_56m_PGM_2Perc_coupling_errors_off_FLUX/round_3/11_bessy2hi_56m_PGM_2Perc_coupling_errors_off_FLUX.rml
2025-02-07 22:49:09,460 - INFO - Prepared sim number: 12: RAYPy_Simulation_bessy2hi_56m_PGM_2Perc_coupling_errors_off_FLUX/round_3/12_bessy2hi_56m_PGM_2Perc_coupling_errors_off_FLUX.rml
2025-02-07 22:49:09,464 - INFO - Prepared sim number: 13: RAYPy_Simulation_bessy2hi_56m_PGM_2Perc_coupling_errors_off_FLUX/round_3/13_bessy2hi_56m_PGM_2Perc_coupling_errors_off_FLUX.rml
2025-02-07 22:49:09,468 - INFO - Prepared sim number: 14: RAYPy_Simulation_bessy2hi_56m_PGM_2Perc_coupling_errors_off_FLUX/round_3/14_bessy2hi_56m_PGM_2Perc_coupling_errors_off_FLUX.rml
2025-02-07 22:49:09,472 - INFO - Prepared sim number: 15: RAYPy_Simulation_bessy2hi_56m_PGM_2Perc_coupling_errors_off_FLUX/round_3/15_bessy2hi_56m_PGM_2Perc_coupling_errors_off_FLUX.rml
2025-02-07 22:49:09,476 - INFO - Prepared sim number: 16: RAYPy_Simulation_bessy2hi_56m_PGM_2Perc_coupling_errors_off_FLUX/round_3/16_bessy2hi_56m_PGM_2Perc_coupling_errors_off_FLUX.rml
2025-02-07 22:49:09,479 - INFO - Prepared sim number: 17: RAYPy_Simulation_bessy2hi_56m_PGM_2Perc_coupling_errors_off_FLUX/round_3/17_bessy2hi_56m_PGM_2Perc_coupling_errors_off_FLUX.rml
2025-02-07 22:49:09,483 - INFO - Prepared sim number: 18: RAYPy_Simulation_bessy2hi_56m_PGM_2Perc_coupling_errors_off_FLUX/round_3/18_bessy2hi_56m_PGM_2Perc_coupling_errors_off_FLUX.rml
2025-02-07 22:49:09,487 - INFO - Prepared sim number: 19: RAYPy_Simulation_bessy2hi_56m_PGM_2Perc_coupling_errors_off_FLUX/round_3/19_bessy2hi_56m_PGM_2Perc_coupling_errors_off_FLUX.rml
2025-02-07 22:49:09,492 - INFO - Prepared sim number: 20: RAYPy_Simulation_bessy2hi_56m_PGM_2Perc_coupling_errors_off_FLUX/round_3/20_bessy2hi_56m_PGM_2Perc_coupling_errors_off_FLUX.rml
2025-02-07 22:49:09,496 - INFO - Prepared sim number: 21: RAYPy_Simulation_bessy2hi_56m_PGM_2Perc_coupling_errors_off_FLUX/round_3/21_bessy2hi_56m_PGM_2Perc_coupling_errors_off_FLUX.rml
2025-02-07 22:49:09,499 - INFO - Prepared sim number: 22: RAYPy_Simulation_bessy2hi_56m_PGM_2Perc_coupling_errors_off_FLUX/round_3/22_bessy2hi_56m_PGM_2Perc_coupling_errors_off_FLUX.rml
2025-02-07 22:49:09,503 - INFO - Prepared sim number: 23: RAYPy_Simulation_bessy2hi_56m_PGM_2Perc_coupling_errors_off_FLUX/round_3/23_bessy2hi_56m_PGM_2Perc_coupling_errors_off_FLUX.rml
2025-02-07 22:49:09,507 - INFO - Prepared sim number: 24: RAYPy_Simulation_bessy2hi_56m_PGM_2Perc_coupling_errors_off_FLUX/round_3/24_bessy2hi_56m_PGM_2Perc_coupling_errors_off_FLUX.rml
2025-02-07 22:49:09,511 - INFO - Prepared sim number: 25: RAYPy_Simulation_bessy2hi_56m_PGM_2Perc_coupling_errors_off_FLUX/round_3/25_bessy2hi_56m_PGM_2Perc_coupling_errors_off_FLUX.rml
2025-02-07 22:49:09,516 - INFO - Prepared sim number: 26: RAYPy_Simulation_bessy2hi_56m_PGM_2Perc_coupling_errors_off_FLUX/round_3/26_bessy2hi_56m_PGM_2Perc_coupling_errors_off_FLUX.rml
2025-02-07 22:49:09,520 - INFO - Prepared sim number: 27: RAYPy_Simulation_bessy2hi_56m_PGM_2Perc_coupling_errors_off_FLUX/round_3/27_bessy2hi_56m_PGM_2Perc_coupling_errors_off_FLUX.rml
2025-02-07 22:49:09,524 - INFO - Prepared sim number: 28: RAYPy_Simulation_bessy2hi_56m_PGM_2Perc_coupling_errors_off_FLUX/round_3/28_bessy2hi_56m_PGM_2Perc_coupling_errors_off_FLUX.rml
2025-02-07 22:49:09,528 - INFO - Prepared sim number: 29: RAYPy_Simulation_bessy2hi_56m_PGM_2Perc_coupling_errors_off_FLUX/round_3/29_bessy2hi_56m_PGM_2Perc_coupling_errors_off_FLUX.rml
2025-02-07 22:49:09,532 - INFO - Prepared sim number: 30: RAYPy_Simulation_bessy2hi_56m_PGM_2Perc_coupling_errors_off_FLUX/round_3/30_bessy2hi_56m_PGM_2Perc_coupling_errors_off_FLUX.rml
2025-02-07 22:49:09,536 - INFO - Prepared sim number: 31: RAYPy_Simulation_bessy2hi_56m_PGM_2Perc_coupling_errors_off_FLUX/round_3/31_bessy2hi_56m_PGM_2Perc_coupling_errors_off_FLUX.rml
2025-02-07 22:49:09,540 - INFO - Prepared sim number: 32: RAYPy_Simulation_bessy2hi_56m_PGM_2Perc_coupling_errors_off_FLUX/round_3/32_bessy2hi_56m_PGM_2Perc_coupling_errors_off_FLUX.rml
2025-02-07 22:49:09,544 - INFO - Prepared sim number: 33: RAYPy_Simulation_bessy2hi_56m_PGM_2Perc_coupling_errors_off_FLUX/round_3/33_bessy2hi_56m_PGM_2Perc_coupling_errors_off_FLUX.rml
2025-02-07 22:49:09,548 - INFO - Prepared sim number: 34: RAYPy_Simulation_bessy2hi_56m_PGM_2Perc_coupling_errors_off_FLUX/round_3/34_bessy2hi_56m_PGM_2Perc_coupling_errors_off_FLUX.rml
2025-02-07 22:49:09,553 - INFO - Prepared sim number: 35: RAYPy_Simulation_bessy2hi_56m_PGM_2Perc_coupling_errors_off_FLUX/round_3/35_bessy2hi_56m_PGM_2Perc_coupling_errors_off_FLUX.rml
2025-02-07 22:49:09,557 - INFO - Prepared sim number: 36: RAYPy_Simulation_bessy2hi_56m_PGM_2Perc_coupling_errors_off_FLUX/round_3/36_bessy2hi_56m_PGM_2Perc_coupling_errors_off_FLUX.rml
2025-02-07 22:49:09,561 - INFO - Prepared sim number: 37: RAYPy_Simulation_bessy2hi_56m_PGM_2Perc_coupling_errors_off_FLUX/round_3/37_bessy2hi_56m_PGM_2Perc_coupling_errors_off_FLUX.rml
2025-02-07 22:49:09,564 - INFO - Prepared sim number: 38: RAYPy_Simulation_bessy2hi_56m_PGM_2Perc_coupling_errors_off_FLUX/round_3/38_bessy2hi_56m_PGM_2Perc_coupling_errors_off_FLUX.rml
2025-02-07 22:49:09,568 - INFO - Prepared sim number: 39: RAYPy_Simulation_bessy2hi_56m_PGM_2Perc_coupling_errors_off_FLUX/round_3/39_bessy2hi_56m_PGM_2Perc_coupling_errors_off_FLUX.rml
2025-02-07 22:49:09,573 - INFO - Prepared sim number: 40: RAYPy_Simulation_bessy2hi_56m_PGM_2Perc_coupling_errors_off_FLUX/round_3/40_bessy2hi_56m_PGM_2Perc_coupling_errors_off_FLUX.rml
2025-02-07 22:49:09,577 - INFO - Prepared sim number: 41: RAYPy_Simulation_bessy2hi_56m_PGM_2Perc_coupling_errors_off_FLUX/round_3/41_bessy2hi_56m_PGM_2Perc_coupling_errors_off_FLUX.rml
2025-02-07 22:49:09,581 - INFO - Prepared sim number: 42: RAYPy_Simulation_bessy2hi_56m_PGM_2Perc_coupling_errors_off_FLUX/round_3/42_bessy2hi_56m_PGM_2Perc_coupling_errors_off_FLUX.rml
2025-02-07 22:49:09,585 - INFO - Prepared sim number: 43: RAYPy_Simulation_bessy2hi_56m_PGM_2Perc_coupling_errors_off_FLUX/round_3/43_bessy2hi_56m_PGM_2Perc_coupling_errors_off_FLUX.rml
2025-02-07 22:49:09,588 - INFO - Prepared sim number: 44: RAYPy_Simulation_bessy2hi_56m_PGM_2Perc_coupling_errors_off_FLUX/round_3/44_bessy2hi_56m_PGM_2Perc_coupling_errors_off_FLUX.rml
2025-02-07 22:49:09,592 - INFO - Prepared sim number: 45: RAYPy_Simulation_bessy2hi_56m_PGM_2Perc_coupling_errors_off_FLUX/round_3/45_bessy2hi_56m_PGM_2Perc_coupling_errors_off_FLUX.rml
2025-02-07 22:49:09,596 - INFO - Prepared sim number: 46: RAYPy_Simulation_bessy2hi_56m_PGM_2Perc_coupling_errors_off_FLUX/round_3/46_bessy2hi_56m_PGM_2Perc_coupling_errors_off_FLUX.rml
2025-02-07 22:49:09,600 - INFO - Prepared sim number: 47: RAYPy_Simulation_bessy2hi_56m_PGM_2Perc_coupling_errors_off_FLUX/round_3/47_bessy2hi_56m_PGM_2Perc_coupling_errors_off_FLUX.rml
2025-02-07 22:49:09,604 - INFO - Prepared sim number: 48: RAYPy_Simulation_bessy2hi_56m_PGM_2Perc_coupling_errors_off_FLUX/round_3/48_bessy2hi_56m_PGM_2Perc_coupling_errors_off_FLUX.rml
2025-02-07 22:49:09,608 - INFO - Prepared sim number: 49: RAYPy_Simulation_bessy2hi_56m_PGM_2Perc_coupling_errors_off_FLUX/round_3/49_bessy2hi_56m_PGM_2Perc_coupling_errors_off_FLUX.rml
2025-02-07 22:49:09,612 - INFO - Prepared sim number: 50: RAYPy_Simulation_bessy2hi_56m_PGM_2Perc_coupling_errors_off_FLUX/round_3/50_bessy2hi_56m_PGM_2Perc_coupling_errors_off_FLUX.rml
2025-02-07 22:49:09,613 - INFO - Waiting for batch number: 6, timeout: 88.95874113569627s
2025-02-07 22:49:23,905 - INFO - Completed: 1, remaining: 59, RAYPy_Simulation_bessy2hi_56m_PGM_2Perc_coupling_errors_off_FLUX/round_2/120_bessy2hi_56m_PGM_2Perc_coupling_errors_off_FLUX.rml
2025-02-07 22:49:24,087 - INFO - Completed: 2, remaining: 58, RAYPy_Simulation_bessy2hi_56m_PGM_2Perc_coupling_errors_off_FLUX/round_3/2_bessy2hi_56m_PGM_2Perc_coupling_errors_off_FLUX.rml
2025-02-07 22:49:24,152 - INFO - Completed: 3, remaining: 57, RAYPy_Simulation_bessy2hi_56m_PGM_2Perc_coupling_errors_off_FLUX/round_2/116_bessy2hi_56m_PGM_2Perc_coupling_errors_off_FLUX.rml
2025-02-07 22:49:24,210 - INFO - Completed: 4, remaining: 56, RAYPy_Simulation_bessy2hi_56m_PGM_2Perc_coupling_errors_off_FLUX/round_2/118_bessy2hi_56m_PGM_2Perc_coupling_errors_off_FLUX.rml
2025-02-07 22:49:24,271 - INFO - Completed: 5, remaining: 55, RAYPy_Simulation_bessy2hi_56m_PGM_2Perc_coupling_errors_off_FLUX/round_3/0_bessy2hi_56m_PGM_2Perc_coupling_errors_off_FLUX.rml
2025-02-07 22:49:24,318 - INFO - Completed: 6, remaining: 54, RAYPy_Simulation_bessy2hi_56m_PGM_2Perc_coupling_errors_off_FLUX/round_2/117_bessy2hi_56m_PGM_2Perc_coupling_errors_off_FLUX.rml
2025-02-07 22:49:24,440 - INFO - Completed: 7, remaining: 53, RAYPy_Simulation_bessy2hi_56m_PGM_2Perc_coupling_errors_off_FLUX/round_2/119_bessy2hi_56m_PGM_2Perc_coupling_errors_off_FLUX.rml
2025-02-07 22:49:24,632 - INFO - Completed: 8, remaining: 52, RAYPy_Simulation_bessy2hi_56m_PGM_2Perc_coupling_errors_off_FLUX/round_2/122_bessy2hi_56m_PGM_2Perc_coupling_errors_off_FLUX.rml
2025-02-07 22:49:24,641 - INFO - Completed: 9, remaining: 51, RAYPy_Simulation_bessy2hi_56m_PGM_2Perc_coupling_errors_off_FLUX/round_2/114_bessy2hi_56m_PGM_2Perc_coupling_errors_off_FLUX.rml
2025-02-07 22:49:25,710 - INFO - Completed: 10, remaining: 50, RAYPy_Simulation_bessy2hi_56m_PGM_2Perc_coupling_errors_off_FLUX/round_3/1_bessy2hi_56m_PGM_2Perc_coupling_errors_off_FLUX.rml
2025-02-07 22:49:25,803 - INFO - Completed: 11, remaining: 49, RAYPy_Simulation_bessy2hi_56m_PGM_2Perc_coupling_errors_off_FLUX/round_2/121_bessy2hi_56m_PGM_2Perc_coupling_errors_off_FLUX.rml
2025-02-07 22:49:26,004 - INFO - Completed: 12, remaining: 48, RAYPy_Simulation_bessy2hi_56m_PGM_2Perc_coupling_errors_off_FLUX/round_2/115_bessy2hi_56m_PGM_2Perc_coupling_errors_off_FLUX.rml
2025-02-07 22:49:38,961 - INFO - Completed: 13, remaining: 47, RAYPy_Simulation_bessy2hi_56m_PGM_2Perc_coupling_errors_off_FLUX/round_3/3_bessy2hi_56m_PGM_2Perc_coupling_errors_off_FLUX.rml
2025-02-07 22:49:39,274 - INFO - Completed: 14, remaining: 46, RAYPy_Simulation_bessy2hi_56m_PGM_2Perc_coupling_errors_off_FLUX/round_3/7_bessy2hi_56m_PGM_2Perc_coupling_errors_off_FLUX.rml
2025-02-07 22:49:39,330 - INFO - Completed: 15, remaining: 45, RAYPy_Simulation_bessy2hi_56m_PGM_2Perc_coupling_errors_off_FLUX/round_3/5_bessy2hi_56m_PGM_2Perc_coupling_errors_off_FLUX.rml
2025-02-07 22:49:39,522 - INFO - Completed: 16, remaining: 44, RAYPy_Simulation_bessy2hi_56m_PGM_2Perc_coupling_errors_off_FLUX/round_3/6_bessy2hi_56m_PGM_2Perc_coupling_errors_off_FLUX.rml
2025-02-07 22:49:39,558 - INFO - Completed: 17, remaining: 43, RAYPy_Simulation_bessy2hi_56m_PGM_2Perc_coupling_errors_off_FLUX/round_3/8_bessy2hi_56m_PGM_2Perc_coupling_errors_off_FLUX.rml
2025-02-07 22:49:39,749 - INFO - Completed: 18, remaining: 42, RAYPy_Simulation_bessy2hi_56m_PGM_2Perc_coupling_errors_off_FLUX/round_3/9_bessy2hi_56m_PGM_2Perc_coupling_errors_off_FLUX.rml
2025-02-07 22:49:39,864 - INFO - Completed: 19, remaining: 41, RAYPy_Simulation_bessy2hi_56m_PGM_2Perc_coupling_errors_off_FLUX/round_3/10_bessy2hi_56m_PGM_2Perc_coupling_errors_off_FLUX.rml
2025-02-07 22:49:40,167 - INFO - Completed: 20, remaining: 40, RAYPy_Simulation_bessy2hi_56m_PGM_2Perc_coupling_errors_off_FLUX/round_3/4_bessy2hi_56m_PGM_2Perc_coupling_errors_off_FLUX.rml
2025-02-07 22:49:40,447 - INFO - Completed: 21, remaining: 39, RAYPy_Simulation_bessy2hi_56m_PGM_2Perc_coupling_errors_off_FLUX/round_3/11_bessy2hi_56m_PGM_2Perc_coupling_errors_off_FLUX.rml
2025-02-07 22:49:40,646 - INFO - Completed: 22, remaining: 38, RAYPy_Simulation_bessy2hi_56m_PGM_2Perc_coupling_errors_off_FLUX/round_3/12_bessy2hi_56m_PGM_2Perc_coupling_errors_off_FLUX.rml
2025-02-07 22:49:40,825 - INFO - Completed: 23, remaining: 37, RAYPy_Simulation_bessy2hi_56m_PGM_2Perc_coupling_errors_off_FLUX/round_3/13_bessy2hi_56m_PGM_2Perc_coupling_errors_off_FLUX.rml
2025-02-07 22:49:40,971 - INFO - Completed: 24, remaining: 36, RAYPy_Simulation_bessy2hi_56m_PGM_2Perc_coupling_errors_off_FLUX/round_3/14_bessy2hi_56m_PGM_2Perc_coupling_errors_off_FLUX.rml
2025-02-07 22:49:53,227 - INFO - Completed: 25, remaining: 35, RAYPy_Simulation_bessy2hi_56m_PGM_2Perc_coupling_errors_off_FLUX/round_3/15_bessy2hi_56m_PGM_2Perc_coupling_errors_off_FLUX.rml
2025-02-07 22:49:53,883 - INFO - Completed: 26, remaining: 34, RAYPy_Simulation_bessy2hi_56m_PGM_2Perc_coupling_errors_off_FLUX/round_3/16_bessy2hi_56m_PGM_2Perc_coupling_errors_off_FLUX.rml
2025-02-07 22:49:53,964 - INFO - Completed: 27, remaining: 33, RAYPy_Simulation_bessy2hi_56m_PGM_2Perc_coupling_errors_off_FLUX/round_3/17_bessy2hi_56m_PGM_2Perc_coupling_errors_off_FLUX.rml
2025-02-07 22:49:54,123 - INFO - Completed: 28, remaining: 32, RAYPy_Simulation_bessy2hi_56m_PGM_2Perc_coupling_errors_off_FLUX/round_3/18_bessy2hi_56m_PGM_2Perc_coupling_errors_off_FLUX.rml
2025-02-07 22:49:54,564 - INFO - Completed: 29, remaining: 31, RAYPy_Simulation_bessy2hi_56m_PGM_2Perc_coupling_errors_off_FLUX/round_3/19_bessy2hi_56m_PGM_2Perc_coupling_errors_off_FLUX.rml
2025-02-07 22:49:54,615 - INFO - Completed: 30, remaining: 30, RAYPy_Simulation_bessy2hi_56m_PGM_2Perc_coupling_errors_off_FLUX/round_3/21_bessy2hi_56m_PGM_2Perc_coupling_errors_off_FLUX.rml
2025-02-07 22:49:54,746 - INFO - Completed: 31, remaining: 29, RAYPy_Simulation_bessy2hi_56m_PGM_2Perc_coupling_errors_off_FLUX/round_3/20_bessy2hi_56m_PGM_2Perc_coupling_errors_off_FLUX.rml
2025-02-07 22:49:55,083 - INFO - Completed: 32, remaining: 28, RAYPy_Simulation_bessy2hi_56m_PGM_2Perc_coupling_errors_off_FLUX/round_3/23_bessy2hi_56m_PGM_2Perc_coupling_errors_off_FLUX.rml
2025-02-07 22:49:55,529 - INFO - Completed: 33, remaining: 27, RAYPy_Simulation_bessy2hi_56m_PGM_2Perc_coupling_errors_off_FLUX/round_3/26_bessy2hi_56m_PGM_2Perc_coupling_errors_off_FLUX.rml
2025-02-07 22:49:55,752 - INFO - Completed: 34, remaining: 26, RAYPy_Simulation_bessy2hi_56m_PGM_2Perc_coupling_errors_off_FLUX/round_3/22_bessy2hi_56m_PGM_2Perc_coupling_errors_off_FLUX.rml
2025-02-07 22:49:55,774 - INFO - Completed: 35, remaining: 25, RAYPy_Simulation_bessy2hi_56m_PGM_2Perc_coupling_errors_off_FLUX/round_3/25_bessy2hi_56m_PGM_2Perc_coupling_errors_off_FLUX.rml
2025-02-07 22:49:55,859 - INFO - Completed: 36, remaining: 24, RAYPy_Simulation_bessy2hi_56m_PGM_2Perc_coupling_errors_off_FLUX/round_3/24_bessy2hi_56m_PGM_2Perc_coupling_errors_off_FLUX.rml
2025-02-07 22:50:06,287 - INFO - Completed: 37, remaining: 23, RAYPy_Simulation_bessy2hi_56m_PGM_2Perc_coupling_errors_off_FLUX/round_3/27_bessy2hi_56m_PGM_2Perc_coupling_errors_off_FLUX.rml
2025-02-07 22:50:08,714 - INFO - Completed: 38, remaining: 22, RAYPy_Simulation_bessy2hi_56m_PGM_2Perc_coupling_errors_off_FLUX/round_3/29_bessy2hi_56m_PGM_2Perc_coupling_errors_off_FLUX.rml
2025-02-07 22:50:09,128 - INFO - Completed: 39, remaining: 21, RAYPy_Simulation_bessy2hi_56m_PGM_2Perc_coupling_errors_off_FLUX/round_3/30_bessy2hi_56m_PGM_2Perc_coupling_errors_off_FLUX.rml
2025-02-07 22:50:09,574 - INFO - Completed: 40, remaining: 20, RAYPy_Simulation_bessy2hi_56m_PGM_2Perc_coupling_errors_off_FLUX/round_3/31_bessy2hi_56m_PGM_2Perc_coupling_errors_off_FLUX.rml
2025-02-07 22:50:09,941 - INFO - Completed: 41, remaining: 19, RAYPy_Simulation_bessy2hi_56m_PGM_2Perc_coupling_errors_off_FLUX/round_3/32_bessy2hi_56m_PGM_2Perc_coupling_errors_off_FLUX.rml
2025-02-07 22:50:10,230 - INFO - Completed: 42, remaining: 18, RAYPy_Simulation_bessy2hi_56m_PGM_2Perc_coupling_errors_off_FLUX/round_3/33_bessy2hi_56m_PGM_2Perc_coupling_errors_off_FLUX.rml
2025-02-07 22:50:10,427 - INFO - Completed: 43, remaining: 17, RAYPy_Simulation_bessy2hi_56m_PGM_2Perc_coupling_errors_off_FLUX/round_3/28_bessy2hi_56m_PGM_2Perc_coupling_errors_off_FLUX.rml
2025-02-07 22:50:10,705 - INFO - Completed: 44, remaining: 16, RAYPy_Simulation_bessy2hi_56m_PGM_2Perc_coupling_errors_off_FLUX/round_3/35_bessy2hi_56m_PGM_2Perc_coupling_errors_off_FLUX.rml
2025-02-07 22:50:10,804 - INFO - Completed: 45, remaining: 15, RAYPy_Simulation_bessy2hi_56m_PGM_2Perc_coupling_errors_off_FLUX/round_3/34_bessy2hi_56m_PGM_2Perc_coupling_errors_off_FLUX.rml
2025-02-07 22:50:10,998 - INFO - Completed: 46, remaining: 14, RAYPy_Simulation_bessy2hi_56m_PGM_2Perc_coupling_errors_off_FLUX/round_3/36_bessy2hi_56m_PGM_2Perc_coupling_errors_off_FLUX.rml
2025-02-07 22:50:11,085 - INFO - Completed: 47, remaining: 13, RAYPy_Simulation_bessy2hi_56m_PGM_2Perc_coupling_errors_off_FLUX/round_3/37_bessy2hi_56m_PGM_2Perc_coupling_errors_off_FLUX.rml
2025-02-07 22:50:11,214 - INFO - Completed: 48, remaining: 12, RAYPy_Simulation_bessy2hi_56m_PGM_2Perc_coupling_errors_off_FLUX/round_3/38_bessy2hi_56m_PGM_2Perc_coupling_errors_off_FLUX.rml
2025-02-07 22:50:19,288 - INFO - Completed: 49, remaining: 11, RAYPy_Simulation_bessy2hi_56m_PGM_2Perc_coupling_errors_off_FLUX/round_3/39_bessy2hi_56m_PGM_2Perc_coupling_errors_off_FLUX.rml
2025-02-07 22:50:22,514 - INFO - Completed: 50, remaining: 10, RAYPy_Simulation_bessy2hi_56m_PGM_2Perc_coupling_errors_off_FLUX/round_3/40_bessy2hi_56m_PGM_2Perc_coupling_errors_off_FLUX.rml
2025-02-07 22:50:22,852 - INFO - Completed: 51, remaining: 9, RAYPy_Simulation_bessy2hi_56m_PGM_2Perc_coupling_errors_off_FLUX/round_3/41_bessy2hi_56m_PGM_2Perc_coupling_errors_off_FLUX.rml
2025-02-07 22:50:23,589 - INFO - Completed: 52, remaining: 8, RAYPy_Simulation_bessy2hi_56m_PGM_2Perc_coupling_errors_off_FLUX/round_3/42_bessy2hi_56m_PGM_2Perc_coupling_errors_off_FLUX.rml
2025-02-07 22:50:23,978 - INFO - Completed: 53, remaining: 7, RAYPy_Simulation_bessy2hi_56m_PGM_2Perc_coupling_errors_off_FLUX/round_3/43_bessy2hi_56m_PGM_2Perc_coupling_errors_off_FLUX.rml
2025-02-07 22:50:24,285 - INFO - Completed: 54, remaining: 6, RAYPy_Simulation_bessy2hi_56m_PGM_2Perc_coupling_errors_off_FLUX/round_3/45_bessy2hi_56m_PGM_2Perc_coupling_errors_off_FLUX.rml
2025-02-07 22:50:24,463 - INFO - Completed: 55, remaining: 5, RAYPy_Simulation_bessy2hi_56m_PGM_2Perc_coupling_errors_off_FLUX/round_3/44_bessy2hi_56m_PGM_2Perc_coupling_errors_off_FLUX.rml
2025-02-07 22:50:24,576 - INFO - Completed: 56, remaining: 4, RAYPy_Simulation_bessy2hi_56m_PGM_2Perc_coupling_errors_off_FLUX/round_3/47_bessy2hi_56m_PGM_2Perc_coupling_errors_off_FLUX.rml
2025-02-07 22:50:24,727 - INFO - Completed: 57, remaining: 3, RAYPy_Simulation_bessy2hi_56m_PGM_2Perc_coupling_errors_off_FLUX/round_3/46_bessy2hi_56m_PGM_2Perc_coupling_errors_off_FLUX.rml
2025-02-07 22:50:24,805 - INFO - Completed: 58, remaining: 2, RAYPy_Simulation_bessy2hi_56m_PGM_2Perc_coupling_errors_off_FLUX/round_3/49_bessy2hi_56m_PGM_2Perc_coupling_errors_off_FLUX.rml
2025-02-07 22:50:24,918 - INFO - Completed: 59, remaining: 1, RAYPy_Simulation_bessy2hi_56m_PGM_2Perc_coupling_errors_off_FLUX/round_3/48_bessy2hi_56m_PGM_2Perc_coupling_errors_off_FLUX.rml
2025-02-07 22:50:25,228 - INFO - Completed: 60, remaining: 0, RAYPy_Simulation_bessy2hi_56m_PGM_2Perc_coupling_errors_off_FLUX/round_3/50_bessy2hi_56m_PGM_2Perc_coupling_errors_off_FLUX.rml
2025-02-07 22:50:25,228 - INFO - Batch Completed
2025-02-07 22:50:25,229 - INFO - Waiting For batch, 60 simulations to go
2025-02-07 22:50:25,233 - INFO - Prepared sim number: 51: RAYPy_Simulation_bessy2hi_56m_PGM_2Perc_coupling_errors_off_FLUX/round_3/51_bessy2hi_56m_PGM_2Perc_coupling_errors_off_FLUX.rml
2025-02-07 22:50:25,237 - INFO - Prepared sim number: 52: RAYPy_Simulation_bessy2hi_56m_PGM_2Perc_coupling_errors_off_FLUX/round_3/52_bessy2hi_56m_PGM_2Perc_coupling_errors_off_FLUX.rml
2025-02-07 22:50:25,245 - INFO - Prepared sim number: 53: RAYPy_Simulation_bessy2hi_56m_PGM_2Perc_coupling_errors_off_FLUX/round_3/53_bessy2hi_56m_PGM_2Perc_coupling_errors_off_FLUX.rml
2025-02-07 22:50:25,250 - INFO - Prepared sim number: 54: RAYPy_Simulation_bessy2hi_56m_PGM_2Perc_coupling_errors_off_FLUX/round_3/54_bessy2hi_56m_PGM_2Perc_coupling_errors_off_FLUX.rml
2025-02-07 22:50:25,254 - INFO - Prepared sim number: 55: RAYPy_Simulation_bessy2hi_56m_PGM_2Perc_coupling_errors_off_FLUX/round_3/55_bessy2hi_56m_PGM_2Perc_coupling_errors_off_FLUX.rml
2025-02-07 22:50:25,259 - INFO - Prepared sim number: 56: RAYPy_Simulation_bessy2hi_56m_PGM_2Perc_coupling_errors_off_FLUX/round_3/56_bessy2hi_56m_PGM_2Perc_coupling_errors_off_FLUX.rml
2025-02-07 22:50:25,264 - INFO - Prepared sim number: 57: RAYPy_Simulation_bessy2hi_56m_PGM_2Perc_coupling_errors_off_FLUX/round_3/57_bessy2hi_56m_PGM_2Perc_coupling_errors_off_FLUX.rml
2025-02-07 22:50:25,271 - INFO - Prepared sim number: 58: RAYPy_Simulation_bessy2hi_56m_PGM_2Perc_coupling_errors_off_FLUX/round_3/58_bessy2hi_56m_PGM_2Perc_coupling_errors_off_FLUX.rml
2025-02-07 22:50:25,276 - INFO - Prepared sim number: 59: RAYPy_Simulation_bessy2hi_56m_PGM_2Perc_coupling_errors_off_FLUX/round_3/59_bessy2hi_56m_PGM_2Perc_coupling_errors_off_FLUX.rml
2025-02-07 22:50:25,281 - INFO - Prepared sim number: 60: RAYPy_Simulation_bessy2hi_56m_PGM_2Perc_coupling_errors_off_FLUX/round_3/60_bessy2hi_56m_PGM_2Perc_coupling_errors_off_FLUX.rml
2025-02-07 22:50:25,285 - INFO - Prepared sim number: 61: RAYPy_Simulation_bessy2hi_56m_PGM_2Perc_coupling_errors_off_FLUX/round_3/61_bessy2hi_56m_PGM_2Perc_coupling_errors_off_FLUX.rml
2025-02-07 22:50:25,291 - INFO - Prepared sim number: 62: RAYPy_Simulation_bessy2hi_56m_PGM_2Perc_coupling_errors_off_FLUX/round_3/62_bessy2hi_56m_PGM_2Perc_coupling_errors_off_FLUX.rml
2025-02-07 22:50:25,296 - INFO - Prepared sim number: 63: RAYPy_Simulation_bessy2hi_56m_PGM_2Perc_coupling_errors_off_FLUX/round_3/63_bessy2hi_56m_PGM_2Perc_coupling_errors_off_FLUX.rml
2025-02-07 22:50:25,301 - INFO - Prepared sim number: 64: RAYPy_Simulation_bessy2hi_56m_PGM_2Perc_coupling_errors_off_FLUX/round_3/64_bessy2hi_56m_PGM_2Perc_coupling_errors_off_FLUX.rml
2025-02-07 22:50:25,305 - INFO - Prepared sim number: 65: RAYPy_Simulation_bessy2hi_56m_PGM_2Perc_coupling_errors_off_FLUX/round_3/65_bessy2hi_56m_PGM_2Perc_coupling_errors_off_FLUX.rml
2025-02-07 22:50:25,310 - INFO - Prepared sim number: 66: RAYPy_Simulation_bessy2hi_56m_PGM_2Perc_coupling_errors_off_FLUX/round_3/66_bessy2hi_56m_PGM_2Perc_coupling_errors_off_FLUX.rml
2025-02-07 22:50:25,315 - INFO - Prepared sim number: 67: RAYPy_Simulation_bessy2hi_56m_PGM_2Perc_coupling_errors_off_FLUX/round_3/67_bessy2hi_56m_PGM_2Perc_coupling_errors_off_FLUX.rml
2025-02-07 22:50:25,320 - INFO - Prepared sim number: 68: RAYPy_Simulation_bessy2hi_56m_PGM_2Perc_coupling_errors_off_FLUX/round_3/68_bessy2hi_56m_PGM_2Perc_coupling_errors_off_FLUX.rml
2025-02-07 22:50:25,325 - INFO - Prepared sim number: 69: RAYPy_Simulation_bessy2hi_56m_PGM_2Perc_coupling_errors_off_FLUX/round_3/69_bessy2hi_56m_PGM_2Perc_coupling_errors_off_FLUX.rml
2025-02-07 22:50:25,329 - INFO - Prepared sim number: 70: RAYPy_Simulation_bessy2hi_56m_PGM_2Perc_coupling_errors_off_FLUX/round_3/70_bessy2hi_56m_PGM_2Perc_coupling_errors_off_FLUX.rml
2025-02-07 22:50:25,334 - INFO - Prepared sim number: 71: RAYPy_Simulation_bessy2hi_56m_PGM_2Perc_coupling_errors_off_FLUX/round_3/71_bessy2hi_56m_PGM_2Perc_coupling_errors_off_FLUX.rml
2025-02-07 22:50:25,339 - INFO - Prepared sim number: 72: RAYPy_Simulation_bessy2hi_56m_PGM_2Perc_coupling_errors_off_FLUX/round_3/72_bessy2hi_56m_PGM_2Perc_coupling_errors_off_FLUX.rml
2025-02-07 22:50:25,342 - INFO - Prepared sim number: 73: RAYPy_Simulation_bessy2hi_56m_PGM_2Perc_coupling_errors_off_FLUX/round_3/73_bessy2hi_56m_PGM_2Perc_coupling_errors_off_FLUX.rml
2025-02-07 22:50:25,346 - INFO - Prepared sim number: 74: RAYPy_Simulation_bessy2hi_56m_PGM_2Perc_coupling_errors_off_FLUX/round_3/74_bessy2hi_56m_PGM_2Perc_coupling_errors_off_FLUX.rml
2025-02-07 22:50:25,350 - INFO - Prepared sim number: 75: RAYPy_Simulation_bessy2hi_56m_PGM_2Perc_coupling_errors_off_FLUX/round_3/75_bessy2hi_56m_PGM_2Perc_coupling_errors_off_FLUX.rml
2025-02-07 22:50:25,355 - INFO - Prepared sim number: 76: RAYPy_Simulation_bessy2hi_56m_PGM_2Perc_coupling_errors_off_FLUX/round_3/76_bessy2hi_56m_PGM_2Perc_coupling_errors_off_FLUX.rml
2025-02-07 22:50:25,360 - INFO - Prepared sim number: 77: RAYPy_Simulation_bessy2hi_56m_PGM_2Perc_coupling_errors_off_FLUX/round_3/77_bessy2hi_56m_PGM_2Perc_coupling_errors_off_FLUX.rml
2025-02-07 22:50:25,365 - INFO - Prepared sim number: 78: RAYPy_Simulation_bessy2hi_56m_PGM_2Perc_coupling_errors_off_FLUX/round_3/78_bessy2hi_56m_PGM_2Perc_coupling_errors_off_FLUX.rml
2025-02-07 22:50:25,369 - INFO - Prepared sim number: 79: RAYPy_Simulation_bessy2hi_56m_PGM_2Perc_coupling_errors_off_FLUX/round_3/79_bessy2hi_56m_PGM_2Perc_coupling_errors_off_FLUX.rml
2025-02-07 22:50:25,373 - INFO - Prepared sim number: 80: RAYPy_Simulation_bessy2hi_56m_PGM_2Perc_coupling_errors_off_FLUX/round_3/80_bessy2hi_56m_PGM_2Perc_coupling_errors_off_FLUX.rml
2025-02-07 22:50:25,378 - INFO - Prepared sim number: 81: RAYPy_Simulation_bessy2hi_56m_PGM_2Perc_coupling_errors_off_FLUX/round_3/81_bessy2hi_56m_PGM_2Perc_coupling_errors_off_FLUX.rml
2025-02-07 22:50:25,382 - INFO - Prepared sim number: 82: RAYPy_Simulation_bessy2hi_56m_PGM_2Perc_coupling_errors_off_FLUX/round_3/82_bessy2hi_56m_PGM_2Perc_coupling_errors_off_FLUX.rml
2025-02-07 22:50:25,385 - INFO - Prepared sim number: 83: RAYPy_Simulation_bessy2hi_56m_PGM_2Perc_coupling_errors_off_FLUX/round_3/83_bessy2hi_56m_PGM_2Perc_coupling_errors_off_FLUX.rml
2025-02-07 22:50:25,390 - INFO - Prepared sim number: 84: RAYPy_Simulation_bessy2hi_56m_PGM_2Perc_coupling_errors_off_FLUX/round_3/84_bessy2hi_56m_PGM_2Perc_coupling_errors_off_FLUX.rml
2025-02-07 22:50:25,394 - INFO - Prepared sim number: 85: RAYPy_Simulation_bessy2hi_56m_PGM_2Perc_coupling_errors_off_FLUX/round_3/85_bessy2hi_56m_PGM_2Perc_coupling_errors_off_FLUX.rml
2025-02-07 22:50:25,398 - INFO - Prepared sim number: 86: RAYPy_Simulation_bessy2hi_56m_PGM_2Perc_coupling_errors_off_FLUX/round_3/86_bessy2hi_56m_PGM_2Perc_coupling_errors_off_FLUX.rml
2025-02-07 22:50:25,402 - INFO - Prepared sim number: 87: RAYPy_Simulation_bessy2hi_56m_PGM_2Perc_coupling_errors_off_FLUX/round_3/87_bessy2hi_56m_PGM_2Perc_coupling_errors_off_FLUX.rml
2025-02-07 22:50:25,410 - INFO - Prepared sim number: 88: RAYPy_Simulation_bessy2hi_56m_PGM_2Perc_coupling_errors_off_FLUX/round_3/88_bessy2hi_56m_PGM_2Perc_coupling_errors_off_FLUX.rml
2025-02-07 22:50:25,414 - INFO - Prepared sim number: 89: RAYPy_Simulation_bessy2hi_56m_PGM_2Perc_coupling_errors_off_FLUX/round_3/89_bessy2hi_56m_PGM_2Perc_coupling_errors_off_FLUX.rml
2025-02-07 22:50:25,419 - INFO - Prepared sim number: 90: RAYPy_Simulation_bessy2hi_56m_PGM_2Perc_coupling_errors_off_FLUX/round_3/90_bessy2hi_56m_PGM_2Perc_coupling_errors_off_FLUX.rml
2025-02-07 22:50:25,422 - INFO - Prepared sim number: 91: RAYPy_Simulation_bessy2hi_56m_PGM_2Perc_coupling_errors_off_FLUX/round_3/91_bessy2hi_56m_PGM_2Perc_coupling_errors_off_FLUX.rml
2025-02-07 22:50:25,427 - INFO - Prepared sim number: 92: RAYPy_Simulation_bessy2hi_56m_PGM_2Perc_coupling_errors_off_FLUX/round_3/92_bessy2hi_56m_PGM_2Perc_coupling_errors_off_FLUX.rml
2025-02-07 22:50:25,431 - INFO - Prepared sim number: 93: RAYPy_Simulation_bessy2hi_56m_PGM_2Perc_coupling_errors_off_FLUX/round_3/93_bessy2hi_56m_PGM_2Perc_coupling_errors_off_FLUX.rml
2025-02-07 22:50:25,435 - INFO - Prepared sim number: 94: RAYPy_Simulation_bessy2hi_56m_PGM_2Perc_coupling_errors_off_FLUX/round_3/94_bessy2hi_56m_PGM_2Perc_coupling_errors_off_FLUX.rml
2025-02-07 22:50:25,440 - INFO - Prepared sim number: 95: RAYPy_Simulation_bessy2hi_56m_PGM_2Perc_coupling_errors_off_FLUX/round_3/95_bessy2hi_56m_PGM_2Perc_coupling_errors_off_FLUX.rml
2025-02-07 22:50:25,444 - INFO - Prepared sim number: 96: RAYPy_Simulation_bessy2hi_56m_PGM_2Perc_coupling_errors_off_FLUX/round_3/96_bessy2hi_56m_PGM_2Perc_coupling_errors_off_FLUX.rml
2025-02-07 22:50:25,448 - INFO - Prepared sim number: 97: RAYPy_Simulation_bessy2hi_56m_PGM_2Perc_coupling_errors_off_FLUX/round_3/97_bessy2hi_56m_PGM_2Perc_coupling_errors_off_FLUX.rml
2025-02-07 22:50:25,452 - INFO - Prepared sim number: 98: RAYPy_Simulation_bessy2hi_56m_PGM_2Perc_coupling_errors_off_FLUX/round_3/98_bessy2hi_56m_PGM_2Perc_coupling_errors_off_FLUX.rml
2025-02-07 22:50:25,457 - INFO - Prepared sim number: 99: RAYPy_Simulation_bessy2hi_56m_PGM_2Perc_coupling_errors_off_FLUX/round_3/99_bessy2hi_56m_PGM_2Perc_coupling_errors_off_FLUX.rml
2025-02-07 22:50:25,460 - INFO - Prepared sim number: 100: RAYPy_Simulation_bessy2hi_56m_PGM_2Perc_coupling_errors_off_FLUX/round_3/100_bessy2hi_56m_PGM_2Perc_coupling_errors_off_FLUX.rml
2025-02-07 22:50:25,464 - INFO - Prepared sim number: 101: RAYPy_Simulation_bessy2hi_56m_PGM_2Perc_coupling_errors_off_FLUX/round_3/101_bessy2hi_56m_PGM_2Perc_coupling_errors_off_FLUX.rml
2025-02-07 22:50:25,468 - INFO - Prepared sim number: 102: RAYPy_Simulation_bessy2hi_56m_PGM_2Perc_coupling_errors_off_FLUX/round_3/102_bessy2hi_56m_PGM_2Perc_coupling_errors_off_FLUX.rml
2025-02-07 22:50:25,472 - INFO - Prepared sim number: 103: RAYPy_Simulation_bessy2hi_56m_PGM_2Perc_coupling_errors_off_FLUX/round_3/103_bessy2hi_56m_PGM_2Perc_coupling_errors_off_FLUX.rml
2025-02-07 22:50:25,476 - INFO - Prepared sim number: 104: RAYPy_Simulation_bessy2hi_56m_PGM_2Perc_coupling_errors_off_FLUX/round_3/104_bessy2hi_56m_PGM_2Perc_coupling_errors_off_FLUX.rml
2025-02-07 22:50:25,480 - INFO - Prepared sim number: 105: RAYPy_Simulation_bessy2hi_56m_PGM_2Perc_coupling_errors_off_FLUX/round_3/105_bessy2hi_56m_PGM_2Perc_coupling_errors_off_FLUX.rml
2025-02-07 22:50:25,484 - INFO - Prepared sim number: 106: RAYPy_Simulation_bessy2hi_56m_PGM_2Perc_coupling_errors_off_FLUX/round_3/106_bessy2hi_56m_PGM_2Perc_coupling_errors_off_FLUX.rml
2025-02-07 22:50:25,488 - INFO - Prepared sim number: 107: RAYPy_Simulation_bessy2hi_56m_PGM_2Perc_coupling_errors_off_FLUX/round_3/107_bessy2hi_56m_PGM_2Perc_coupling_errors_off_FLUX.rml
2025-02-07 22:50:25,492 - INFO - Prepared sim number: 108: RAYPy_Simulation_bessy2hi_56m_PGM_2Perc_coupling_errors_off_FLUX/round_3/108_bessy2hi_56m_PGM_2Perc_coupling_errors_off_FLUX.rml
2025-02-07 22:50:25,496 - INFO - Prepared sim number: 109: RAYPy_Simulation_bessy2hi_56m_PGM_2Perc_coupling_errors_off_FLUX/round_3/109_bessy2hi_56m_PGM_2Perc_coupling_errors_off_FLUX.rml
2025-02-07 22:50:25,500 - INFO - Prepared sim number: 110: RAYPy_Simulation_bessy2hi_56m_PGM_2Perc_coupling_errors_off_FLUX/round_3/110_bessy2hi_56m_PGM_2Perc_coupling_errors_off_FLUX.rml
2025-02-07 22:50:25,501 - INFO - Waiting for batch number: 7, timeout: 88.96237966575912s
2025-02-07 22:50:39,260 - INFO - Completed: 1, remaining: 59, RAYPy_Simulation_bessy2hi_56m_PGM_2Perc_coupling_errors_off_FLUX/round_3/54_bessy2hi_56m_PGM_2Perc_coupling_errors_off_FLUX.rml
2025-02-07 22:50:39,410 - INFO - Completed: 2, remaining: 58, RAYPy_Simulation_bessy2hi_56m_PGM_2Perc_coupling_errors_off_FLUX/round_3/55_bessy2hi_56m_PGM_2Perc_coupling_errors_off_FLUX.rml
2025-02-07 22:50:39,430 - INFO - Completed: 3, remaining: 57, RAYPy_Simulation_bessy2hi_56m_PGM_2Perc_coupling_errors_off_FLUX/round_3/53_bessy2hi_56m_PGM_2Perc_coupling_errors_off_FLUX.rml
2025-02-07 22:50:39,486 - INFO - Completed: 4, remaining: 56, RAYPy_Simulation_bessy2hi_56m_PGM_2Perc_coupling_errors_off_FLUX/round_3/61_bessy2hi_56m_PGM_2Perc_coupling_errors_off_FLUX.rml
2025-02-07 22:50:39,522 - INFO - Completed: 5, remaining: 55, RAYPy_Simulation_bessy2hi_56m_PGM_2Perc_coupling_errors_off_FLUX/round_3/58_bessy2hi_56m_PGM_2Perc_coupling_errors_off_FLUX.rml
2025-02-07 22:50:39,783 - INFO - Completed: 6, remaining: 54, RAYPy_Simulation_bessy2hi_56m_PGM_2Perc_coupling_errors_off_FLUX/round_3/52_bessy2hi_56m_PGM_2Perc_coupling_errors_off_FLUX.rml
2025-02-07 22:50:39,844 - INFO - Completed: 7, remaining: 53, RAYPy_Simulation_bessy2hi_56m_PGM_2Perc_coupling_errors_off_FLUX/round_3/56_bessy2hi_56m_PGM_2Perc_coupling_errors_off_FLUX.rml
2025-02-07 22:50:40,512 - INFO - Completed: 8, remaining: 52, RAYPy_Simulation_bessy2hi_56m_PGM_2Perc_coupling_errors_off_FLUX/round_3/51_bessy2hi_56m_PGM_2Perc_coupling_errors_off_FLUX.rml
2025-02-07 22:50:41,477 - INFO - Completed: 9, remaining: 51, RAYPy_Simulation_bessy2hi_56m_PGM_2Perc_coupling_errors_off_FLUX/round_3/57_bessy2hi_56m_PGM_2Perc_coupling_errors_off_FLUX.rml
2025-02-07 22:50:41,666 - INFO - Completed: 10, remaining: 50, RAYPy_Simulation_bessy2hi_56m_PGM_2Perc_coupling_errors_off_FLUX/round_3/62_bessy2hi_56m_PGM_2Perc_coupling_errors_off_FLUX.rml
2025-02-07 22:50:42,174 - INFO - Completed: 11, remaining: 49, RAYPy_Simulation_bessy2hi_56m_PGM_2Perc_coupling_errors_off_FLUX/round_3/60_bessy2hi_56m_PGM_2Perc_coupling_errors_off_FLUX.rml
2025-02-07 22:50:42,522 - INFO - Completed: 12, remaining: 48, RAYPy_Simulation_bessy2hi_56m_PGM_2Perc_coupling_errors_off_FLUX/round_3/59_bessy2hi_56m_PGM_2Perc_coupling_errors_off_FLUX.rml
2025-02-07 22:50:53,738 - INFO - Completed: 13, remaining: 47, RAYPy_Simulation_bessy2hi_56m_PGM_2Perc_coupling_errors_off_FLUX/round_3/64_bessy2hi_56m_PGM_2Perc_coupling_errors_off_FLUX.rml
2025-02-07 22:50:53,870 - INFO - Completed: 14, remaining: 46, RAYPy_Simulation_bessy2hi_56m_PGM_2Perc_coupling_errors_off_FLUX/round_3/63_bessy2hi_56m_PGM_2Perc_coupling_errors_off_FLUX.rml
2025-02-07 22:50:54,007 - INFO - Completed: 15, remaining: 45, RAYPy_Simulation_bessy2hi_56m_PGM_2Perc_coupling_errors_off_FLUX/round_3/67_bessy2hi_56m_PGM_2Perc_coupling_errors_off_FLUX.rml
2025-02-07 22:50:54,080 - INFO - Completed: 16, remaining: 44, RAYPy_Simulation_bessy2hi_56m_PGM_2Perc_coupling_errors_off_FLUX/round_3/65_bessy2hi_56m_PGM_2Perc_coupling_errors_off_FLUX.rml
2025-02-07 22:50:54,445 - INFO - Completed: 17, remaining: 43, RAYPy_Simulation_bessy2hi_56m_PGM_2Perc_coupling_errors_off_FLUX/round_3/69_bessy2hi_56m_PGM_2Perc_coupling_errors_off_FLUX.rml
2025-02-07 22:50:54,560 - INFO - Completed: 18, remaining: 42, RAYPy_Simulation_bessy2hi_56m_PGM_2Perc_coupling_errors_off_FLUX/round_3/68_bessy2hi_56m_PGM_2Perc_coupling_errors_off_FLUX.rml
2025-02-07 22:50:55,357 - INFO - Completed: 19, remaining: 41, RAYPy_Simulation_bessy2hi_56m_PGM_2Perc_coupling_errors_off_FLUX/round_3/66_bessy2hi_56m_PGM_2Perc_coupling_errors_off_FLUX.rml
2025-02-07 22:50:55,645 - INFO - Completed: 20, remaining: 40, RAYPy_Simulation_bessy2hi_56m_PGM_2Perc_coupling_errors_off_FLUX/round_3/70_bessy2hi_56m_PGM_2Perc_coupling_errors_off_FLUX.rml
2025-02-07 22:50:55,854 - INFO - Completed: 21, remaining: 39, RAYPy_Simulation_bessy2hi_56m_PGM_2Perc_coupling_errors_off_FLUX/round_3/71_bessy2hi_56m_PGM_2Perc_coupling_errors_off_FLUX.rml
2025-02-07 22:50:56,108 - INFO - Completed: 22, remaining: 38, RAYPy_Simulation_bessy2hi_56m_PGM_2Perc_coupling_errors_off_FLUX/round_3/72_bessy2hi_56m_PGM_2Perc_coupling_errors_off_FLUX.rml
2025-02-07 22:50:56,392 - INFO - Completed: 23, remaining: 37, RAYPy_Simulation_bessy2hi_56m_PGM_2Perc_coupling_errors_off_FLUX/round_3/73_bessy2hi_56m_PGM_2Perc_coupling_errors_off_FLUX.rml
2025-02-07 22:50:56,535 - INFO - Completed: 24, remaining: 36, RAYPy_Simulation_bessy2hi_56m_PGM_2Perc_coupling_errors_off_FLUX/round_3/74_bessy2hi_56m_PGM_2Perc_coupling_errors_off_FLUX.rml
2025-02-07 22:51:07,532 - INFO - Completed: 25, remaining: 35, RAYPy_Simulation_bessy2hi_56m_PGM_2Perc_coupling_errors_off_FLUX/round_3/75_bessy2hi_56m_PGM_2Perc_coupling_errors_off_FLUX.rml
2025-02-07 22:51:07,999 - INFO - Completed: 26, remaining: 34, RAYPy_Simulation_bessy2hi_56m_PGM_2Perc_coupling_errors_off_FLUX/round_3/76_bessy2hi_56m_PGM_2Perc_coupling_errors_off_FLUX.rml
2025-02-07 22:51:08,609 - INFO - Completed: 27, remaining: 33, RAYPy_Simulation_bessy2hi_56m_PGM_2Perc_coupling_errors_off_FLUX/round_3/78_bessy2hi_56m_PGM_2Perc_coupling_errors_off_FLUX.rml
2025-02-07 22:51:09,133 - INFO - Completed: 28, remaining: 32, RAYPy_Simulation_bessy2hi_56m_PGM_2Perc_coupling_errors_off_FLUX/round_3/80_bessy2hi_56m_PGM_2Perc_coupling_errors_off_FLUX.rml
2025-02-07 22:51:09,378 - INFO - Completed: 29, remaining: 31, RAYPy_Simulation_bessy2hi_56m_PGM_2Perc_coupling_errors_off_FLUX/round_3/79_bessy2hi_56m_PGM_2Perc_coupling_errors_off_FLUX.rml
2025-02-07 22:51:09,847 - INFO - Completed: 30, remaining: 30, RAYPy_Simulation_bessy2hi_56m_PGM_2Perc_coupling_errors_off_FLUX/round_3/77_bessy2hi_56m_PGM_2Perc_coupling_errors_off_FLUX.rml
2025-02-07 22:51:10,088 - INFO - Completed: 31, remaining: 29, RAYPy_Simulation_bessy2hi_56m_PGM_2Perc_coupling_errors_off_FLUX/round_3/82_bessy2hi_56m_PGM_2Perc_coupling_errors_off_FLUX.rml
2025-02-07 22:51:10,152 - INFO - Completed: 32, remaining: 28, RAYPy_Simulation_bessy2hi_56m_PGM_2Perc_coupling_errors_off_FLUX/round_3/81_bessy2hi_56m_PGM_2Perc_coupling_errors_off_FLUX.rml
2025-02-07 22:51:10,300 - INFO - Completed: 33, remaining: 27, RAYPy_Simulation_bessy2hi_56m_PGM_2Perc_coupling_errors_off_FLUX/round_3/83_bessy2hi_56m_PGM_2Perc_coupling_errors_off_FLUX.rml
2025-02-07 22:51:10,315 - INFO - Completed: 34, remaining: 26, RAYPy_Simulation_bessy2hi_56m_PGM_2Perc_coupling_errors_off_FLUX/round_3/84_bessy2hi_56m_PGM_2Perc_coupling_errors_off_FLUX.rml
2025-02-07 22:51:10,572 - INFO - Completed: 35, remaining: 25, RAYPy_Simulation_bessy2hi_56m_PGM_2Perc_coupling_errors_off_FLUX/round_3/86_bessy2hi_56m_PGM_2Perc_coupling_errors_off_FLUX.rml
2025-02-07 22:51:10,992 - INFO - Completed: 36, remaining: 24, RAYPy_Simulation_bessy2hi_56m_PGM_2Perc_coupling_errors_off_FLUX/round_3/85_bessy2hi_56m_PGM_2Perc_coupling_errors_off_FLUX.rml
2025-02-07 22:51:20,586 - INFO - Completed: 37, remaining: 23, RAYPy_Simulation_bessy2hi_56m_PGM_2Perc_coupling_errors_off_FLUX/round_3/87_bessy2hi_56m_PGM_2Perc_coupling_errors_off_FLUX.rml
2025-02-07 22:51:21,129 - INFO - Completed: 38, remaining: 22, RAYPy_Simulation_bessy2hi_56m_PGM_2Perc_coupling_errors_off_FLUX/round_3/88_bessy2hi_56m_PGM_2Perc_coupling_errors_off_FLUX.rml
2025-02-07 22:51:22,763 - INFO - Completed: 39, remaining: 21, RAYPy_Simulation_bessy2hi_56m_PGM_2Perc_coupling_errors_off_FLUX/round_3/89_bessy2hi_56m_PGM_2Perc_coupling_errors_off_FLUX.rml
2025-02-07 22:51:23,723 - INFO - Completed: 40, remaining: 20, RAYPy_Simulation_bessy2hi_56m_PGM_2Perc_coupling_errors_off_FLUX/round_3/90_bessy2hi_56m_PGM_2Perc_coupling_errors_off_FLUX.rml
2025-02-07 22:51:24,478 - INFO - Completed: 41, remaining: 19, RAYPy_Simulation_bessy2hi_56m_PGM_2Perc_coupling_errors_off_FLUX/round_3/91_bessy2hi_56m_PGM_2Perc_coupling_errors_off_FLUX.rml
2025-02-07 22:51:24,751 - INFO - Completed: 42, remaining: 18, RAYPy_Simulation_bessy2hi_56m_PGM_2Perc_coupling_errors_off_FLUX/round_3/94_bessy2hi_56m_PGM_2Perc_coupling_errors_off_FLUX.rml
2025-02-07 22:51:24,931 - INFO - Completed: 43, remaining: 17, RAYPy_Simulation_bessy2hi_56m_PGM_2Perc_coupling_errors_off_FLUX/round_3/93_bessy2hi_56m_PGM_2Perc_coupling_errors_off_FLUX.rml
2025-02-07 22:51:25,029 - INFO - Completed: 44, remaining: 16, RAYPy_Simulation_bessy2hi_56m_PGM_2Perc_coupling_errors_off_FLUX/round_3/96_bessy2hi_56m_PGM_2Perc_coupling_errors_off_FLUX.rml
2025-02-07 22:51:25,200 - INFO - Completed: 45, remaining: 15, RAYPy_Simulation_bessy2hi_56m_PGM_2Perc_coupling_errors_off_FLUX/round_3/95_bessy2hi_56m_PGM_2Perc_coupling_errors_off_FLUX.rml
2025-02-07 22:51:25,273 - INFO - Completed: 46, remaining: 14, RAYPy_Simulation_bessy2hi_56m_PGM_2Perc_coupling_errors_off_FLUX/round_3/92_bessy2hi_56m_PGM_2Perc_coupling_errors_off_FLUX.rml
2025-02-07 22:51:25,479 - INFO - Completed: 47, remaining: 13, RAYPy_Simulation_bessy2hi_56m_PGM_2Perc_coupling_errors_off_FLUX/round_3/98_bessy2hi_56m_PGM_2Perc_coupling_errors_off_FLUX.rml
2025-02-07 22:51:25,677 - INFO - Completed: 48, remaining: 12, RAYPy_Simulation_bessy2hi_56m_PGM_2Perc_coupling_errors_off_FLUX/round_3/97_bessy2hi_56m_PGM_2Perc_coupling_errors_off_FLUX.rml
2025-02-07 22:51:33,506 - INFO - Completed: 49, remaining: 11, RAYPy_Simulation_bessy2hi_56m_PGM_2Perc_coupling_errors_off_FLUX/round_3/99_bessy2hi_56m_PGM_2Perc_coupling_errors_off_FLUX.rml
2025-02-07 22:51:34,335 - INFO - Completed: 50, remaining: 10, RAYPy_Simulation_bessy2hi_56m_PGM_2Perc_coupling_errors_off_FLUX/round_3/100_bessy2hi_56m_PGM_2Perc_coupling_errors_off_FLUX.rml
2025-02-07 22:51:36,023 - INFO - Completed: 51, remaining: 9, RAYPy_Simulation_bessy2hi_56m_PGM_2Perc_coupling_errors_off_FLUX/round_3/101_bessy2hi_56m_PGM_2Perc_coupling_errors_off_FLUX.rml
2025-02-07 22:51:37,294 - INFO - Completed: 52, remaining: 8, RAYPy_Simulation_bessy2hi_56m_PGM_2Perc_coupling_errors_off_FLUX/round_3/102_bessy2hi_56m_PGM_2Perc_coupling_errors_off_FLUX.rml
2025-02-07 22:51:37,993 - INFO - Completed: 53, remaining: 7, RAYPy_Simulation_bessy2hi_56m_PGM_2Perc_coupling_errors_off_FLUX/round_3/103_bessy2hi_56m_PGM_2Perc_coupling_errors_off_FLUX.rml
2025-02-07 22:51:38,195 - INFO - Completed: 54, remaining: 6, RAYPy_Simulation_bessy2hi_56m_PGM_2Perc_coupling_errors_off_FLUX/round_3/105_bessy2hi_56m_PGM_2Perc_coupling_errors_off_FLUX.rml
2025-02-07 22:51:38,347 - INFO - Completed: 55, remaining: 5, RAYPy_Simulation_bessy2hi_56m_PGM_2Perc_coupling_errors_off_FLUX/round_3/106_bessy2hi_56m_PGM_2Perc_coupling_errors_off_FLUX.rml
2025-02-07 22:51:38,532 - INFO - Completed: 56, remaining: 4, RAYPy_Simulation_bessy2hi_56m_PGM_2Perc_coupling_errors_off_FLUX/round_3/107_bessy2hi_56m_PGM_2Perc_coupling_errors_off_FLUX.rml
2025-02-07 22:51:38,591 - INFO - Completed: 57, remaining: 3, RAYPy_Simulation_bessy2hi_56m_PGM_2Perc_coupling_errors_off_FLUX/round_3/104_bessy2hi_56m_PGM_2Perc_coupling_errors_off_FLUX.rml
2025-02-07 22:51:38,599 - INFO - Completed: 58, remaining: 2, RAYPy_Simulation_bessy2hi_56m_PGM_2Perc_coupling_errors_off_FLUX/round_3/109_bessy2hi_56m_PGM_2Perc_coupling_errors_off_FLUX.rml
2025-02-07 22:51:38,678 - INFO - Completed: 59, remaining: 1, RAYPy_Simulation_bessy2hi_56m_PGM_2Perc_coupling_errors_off_FLUX/round_3/110_bessy2hi_56m_PGM_2Perc_coupling_errors_off_FLUX.rml
2025-02-07 22:51:39,081 - INFO - Completed: 60, remaining: 0, RAYPy_Simulation_bessy2hi_56m_PGM_2Perc_coupling_errors_off_FLUX/round_3/108_bessy2hi_56m_PGM_2Perc_coupling_errors_off_FLUX.rml
2025-02-07 22:51:39,081 - INFO - Batch Completed
2025-02-07 22:51:39,081 - INFO - Waiting For batch, 60 simulations to go
2025-02-07 22:51:39,087 - INFO - Prepared sim number: 111: RAYPy_Simulation_bessy2hi_56m_PGM_2Perc_coupling_errors_off_FLUX/round_3/111_bessy2hi_56m_PGM_2Perc_coupling_errors_off_FLUX.rml
2025-02-07 22:51:39,096 - INFO - Prepared sim number: 112: RAYPy_Simulation_bessy2hi_56m_PGM_2Perc_coupling_errors_off_FLUX/round_3/112_bessy2hi_56m_PGM_2Perc_coupling_errors_off_FLUX.rml
2025-02-07 22:51:39,101 - INFO - Prepared sim number: 113: RAYPy_Simulation_bessy2hi_56m_PGM_2Perc_coupling_errors_off_FLUX/round_3/113_bessy2hi_56m_PGM_2Perc_coupling_errors_off_FLUX.rml
2025-02-07 22:51:39,105 - INFO - Prepared sim number: 114: RAYPy_Simulation_bessy2hi_56m_PGM_2Perc_coupling_errors_off_FLUX/round_3/114_bessy2hi_56m_PGM_2Perc_coupling_errors_off_FLUX.rml
2025-02-07 22:51:39,110 - INFO - Prepared sim number: 115: RAYPy_Simulation_bessy2hi_56m_PGM_2Perc_coupling_errors_off_FLUX/round_3/115_bessy2hi_56m_PGM_2Perc_coupling_errors_off_FLUX.rml
2025-02-07 22:51:39,119 - INFO - Prepared sim number: 116: RAYPy_Simulation_bessy2hi_56m_PGM_2Perc_coupling_errors_off_FLUX/round_3/116_bessy2hi_56m_PGM_2Perc_coupling_errors_off_FLUX.rml
2025-02-07 22:51:39,124 - INFO - Prepared sim number: 117: RAYPy_Simulation_bessy2hi_56m_PGM_2Perc_coupling_errors_off_FLUX/round_3/117_bessy2hi_56m_PGM_2Perc_coupling_errors_off_FLUX.rml
2025-02-07 22:51:39,129 - INFO - Prepared sim number: 118: RAYPy_Simulation_bessy2hi_56m_PGM_2Perc_coupling_errors_off_FLUX/round_3/118_bessy2hi_56m_PGM_2Perc_coupling_errors_off_FLUX.rml
2025-02-07 22:51:39,134 - INFO - Prepared sim number: 119: RAYPy_Simulation_bessy2hi_56m_PGM_2Perc_coupling_errors_off_FLUX/round_3/119_bessy2hi_56m_PGM_2Perc_coupling_errors_off_FLUX.rml
2025-02-07 22:51:39,139 - INFO - Prepared sim number: 120: RAYPy_Simulation_bessy2hi_56m_PGM_2Perc_coupling_errors_off_FLUX/round_3/120_bessy2hi_56m_PGM_2Perc_coupling_errors_off_FLUX.rml
2025-02-07 22:51:39,143 - INFO - Prepared sim number: 121: RAYPy_Simulation_bessy2hi_56m_PGM_2Perc_coupling_errors_off_FLUX/round_3/121_bessy2hi_56m_PGM_2Perc_coupling_errors_off_FLUX.rml
2025-02-07 22:51:39,147 - INFO - Prepared sim number: 122: RAYPy_Simulation_bessy2hi_56m_PGM_2Perc_coupling_errors_off_FLUX/round_3/122_bessy2hi_56m_PGM_2Perc_coupling_errors_off_FLUX.rml
2025-02-07 22:51:39,147 - INFO - Start round 4
2025-02-07 22:51:39,151 - INFO - Prepared sim number: 0: RAYPy_Simulation_bessy2hi_56m_PGM_2Perc_coupling_errors_off_FLUX/round_4/0_bessy2hi_56m_PGM_2Perc_coupling_errors_off_FLUX.rml
2025-02-07 22:51:39,155 - INFO - Prepared sim number: 1: RAYPy_Simulation_bessy2hi_56m_PGM_2Perc_coupling_errors_off_FLUX/round_4/1_bessy2hi_56m_PGM_2Perc_coupling_errors_off_FLUX.rml
2025-02-07 22:51:39,159 - INFO - Prepared sim number: 2: RAYPy_Simulation_bessy2hi_56m_PGM_2Perc_coupling_errors_off_FLUX/round_4/2_bessy2hi_56m_PGM_2Perc_coupling_errors_off_FLUX.rml
2025-02-07 22:51:39,163 - INFO - Prepared sim number: 3: RAYPy_Simulation_bessy2hi_56m_PGM_2Perc_coupling_errors_off_FLUX/round_4/3_bessy2hi_56m_PGM_2Perc_coupling_errors_off_FLUX.rml
2025-02-07 22:51:39,167 - INFO - Prepared sim number: 4: RAYPy_Simulation_bessy2hi_56m_PGM_2Perc_coupling_errors_off_FLUX/round_4/4_bessy2hi_56m_PGM_2Perc_coupling_errors_off_FLUX.rml
2025-02-07 22:51:39,171 - INFO - Prepared sim number: 5: RAYPy_Simulation_bessy2hi_56m_PGM_2Perc_coupling_errors_off_FLUX/round_4/5_bessy2hi_56m_PGM_2Perc_coupling_errors_off_FLUX.rml
2025-02-07 22:51:39,175 - INFO - Prepared sim number: 6: RAYPy_Simulation_bessy2hi_56m_PGM_2Perc_coupling_errors_off_FLUX/round_4/6_bessy2hi_56m_PGM_2Perc_coupling_errors_off_FLUX.rml
2025-02-07 22:51:39,178 - INFO - Prepared sim number: 7: RAYPy_Simulation_bessy2hi_56m_PGM_2Perc_coupling_errors_off_FLUX/round_4/7_bessy2hi_56m_PGM_2Perc_coupling_errors_off_FLUX.rml
2025-02-07 22:51:39,182 - INFO - Prepared sim number: 8: RAYPy_Simulation_bessy2hi_56m_PGM_2Perc_coupling_errors_off_FLUX/round_4/8_bessy2hi_56m_PGM_2Perc_coupling_errors_off_FLUX.rml
2025-02-07 22:51:39,185 - INFO - Prepared sim number: 9: RAYPy_Simulation_bessy2hi_56m_PGM_2Perc_coupling_errors_off_FLUX/round_4/9_bessy2hi_56m_PGM_2Perc_coupling_errors_off_FLUX.rml
2025-02-07 22:51:39,189 - INFO - Prepared sim number: 10: RAYPy_Simulation_bessy2hi_56m_PGM_2Perc_coupling_errors_off_FLUX/round_4/10_bessy2hi_56m_PGM_2Perc_coupling_errors_off_FLUX.rml
2025-02-07 22:51:39,192 - INFO - Prepared sim number: 11: RAYPy_Simulation_bessy2hi_56m_PGM_2Perc_coupling_errors_off_FLUX/round_4/11_bessy2hi_56m_PGM_2Perc_coupling_errors_off_FLUX.rml
2025-02-07 22:51:39,196 - INFO - Prepared sim number: 12: RAYPy_Simulation_bessy2hi_56m_PGM_2Perc_coupling_errors_off_FLUX/round_4/12_bessy2hi_56m_PGM_2Perc_coupling_errors_off_FLUX.rml
2025-02-07 22:51:39,199 - INFO - Prepared sim number: 13: RAYPy_Simulation_bessy2hi_56m_PGM_2Perc_coupling_errors_off_FLUX/round_4/13_bessy2hi_56m_PGM_2Perc_coupling_errors_off_FLUX.rml
2025-02-07 22:51:39,203 - INFO - Prepared sim number: 14: RAYPy_Simulation_bessy2hi_56m_PGM_2Perc_coupling_errors_off_FLUX/round_4/14_bessy2hi_56m_PGM_2Perc_coupling_errors_off_FLUX.rml
2025-02-07 22:51:39,206 - INFO - Prepared sim number: 15: RAYPy_Simulation_bessy2hi_56m_PGM_2Perc_coupling_errors_off_FLUX/round_4/15_bessy2hi_56m_PGM_2Perc_coupling_errors_off_FLUX.rml
2025-02-07 22:51:39,210 - INFO - Prepared sim number: 16: RAYPy_Simulation_bessy2hi_56m_PGM_2Perc_coupling_errors_off_FLUX/round_4/16_bessy2hi_56m_PGM_2Perc_coupling_errors_off_FLUX.rml
2025-02-07 22:51:39,213 - INFO - Prepared sim number: 17: RAYPy_Simulation_bessy2hi_56m_PGM_2Perc_coupling_errors_off_FLUX/round_4/17_bessy2hi_56m_PGM_2Perc_coupling_errors_off_FLUX.rml
2025-02-07 22:51:39,217 - INFO - Prepared sim number: 18: RAYPy_Simulation_bessy2hi_56m_PGM_2Perc_coupling_errors_off_FLUX/round_4/18_bessy2hi_56m_PGM_2Perc_coupling_errors_off_FLUX.rml
2025-02-07 22:51:39,221 - INFO - Prepared sim number: 19: RAYPy_Simulation_bessy2hi_56m_PGM_2Perc_coupling_errors_off_FLUX/round_4/19_bessy2hi_56m_PGM_2Perc_coupling_errors_off_FLUX.rml
2025-02-07 22:51:39,225 - INFO - Prepared sim number: 20: RAYPy_Simulation_bessy2hi_56m_PGM_2Perc_coupling_errors_off_FLUX/round_4/20_bessy2hi_56m_PGM_2Perc_coupling_errors_off_FLUX.rml
2025-02-07 22:51:39,228 - INFO - Prepared sim number: 21: RAYPy_Simulation_bessy2hi_56m_PGM_2Perc_coupling_errors_off_FLUX/round_4/21_bessy2hi_56m_PGM_2Perc_coupling_errors_off_FLUX.rml
2025-02-07 22:51:39,232 - INFO - Prepared sim number: 22: RAYPy_Simulation_bessy2hi_56m_PGM_2Perc_coupling_errors_off_FLUX/round_4/22_bessy2hi_56m_PGM_2Perc_coupling_errors_off_FLUX.rml
2025-02-07 22:51:39,235 - INFO - Prepared sim number: 23: RAYPy_Simulation_bessy2hi_56m_PGM_2Perc_coupling_errors_off_FLUX/round_4/23_bessy2hi_56m_PGM_2Perc_coupling_errors_off_FLUX.rml
2025-02-07 22:51:39,239 - INFO - Prepared sim number: 24: RAYPy_Simulation_bessy2hi_56m_PGM_2Perc_coupling_errors_off_FLUX/round_4/24_bessy2hi_56m_PGM_2Perc_coupling_errors_off_FLUX.rml
2025-02-07 22:51:39,242 - INFO - Prepared sim number: 25: RAYPy_Simulation_bessy2hi_56m_PGM_2Perc_coupling_errors_off_FLUX/round_4/25_bessy2hi_56m_PGM_2Perc_coupling_errors_off_FLUX.rml
2025-02-07 22:51:39,246 - INFO - Prepared sim number: 26: RAYPy_Simulation_bessy2hi_56m_PGM_2Perc_coupling_errors_off_FLUX/round_4/26_bessy2hi_56m_PGM_2Perc_coupling_errors_off_FLUX.rml
2025-02-07 22:51:39,249 - INFO - Prepared sim number: 27: RAYPy_Simulation_bessy2hi_56m_PGM_2Perc_coupling_errors_off_FLUX/round_4/27_bessy2hi_56m_PGM_2Perc_coupling_errors_off_FLUX.rml
2025-02-07 22:51:39,253 - INFO - Prepared sim number: 28: RAYPy_Simulation_bessy2hi_56m_PGM_2Perc_coupling_errors_off_FLUX/round_4/28_bessy2hi_56m_PGM_2Perc_coupling_errors_off_FLUX.rml
2025-02-07 22:51:39,256 - INFO - Prepared sim number: 29: RAYPy_Simulation_bessy2hi_56m_PGM_2Perc_coupling_errors_off_FLUX/round_4/29_bessy2hi_56m_PGM_2Perc_coupling_errors_off_FLUX.rml
2025-02-07 22:51:39,260 - INFO - Prepared sim number: 30: RAYPy_Simulation_bessy2hi_56m_PGM_2Perc_coupling_errors_off_FLUX/round_4/30_bessy2hi_56m_PGM_2Perc_coupling_errors_off_FLUX.rml
2025-02-07 22:51:39,265 - INFO - Prepared sim number: 31: RAYPy_Simulation_bessy2hi_56m_PGM_2Perc_coupling_errors_off_FLUX/round_4/31_bessy2hi_56m_PGM_2Perc_coupling_errors_off_FLUX.rml
2025-02-07 22:51:39,269 - INFO - Prepared sim number: 32: RAYPy_Simulation_bessy2hi_56m_PGM_2Perc_coupling_errors_off_FLUX/round_4/32_bessy2hi_56m_PGM_2Perc_coupling_errors_off_FLUX.rml
2025-02-07 22:51:39,272 - INFO - Prepared sim number: 33: RAYPy_Simulation_bessy2hi_56m_PGM_2Perc_coupling_errors_off_FLUX/round_4/33_bessy2hi_56m_PGM_2Perc_coupling_errors_off_FLUX.rml
2025-02-07 22:51:39,276 - INFO - Prepared sim number: 34: RAYPy_Simulation_bessy2hi_56m_PGM_2Perc_coupling_errors_off_FLUX/round_4/34_bessy2hi_56m_PGM_2Perc_coupling_errors_off_FLUX.rml
2025-02-07 22:51:39,279 - INFO - Prepared sim number: 35: RAYPy_Simulation_bessy2hi_56m_PGM_2Perc_coupling_errors_off_FLUX/round_4/35_bessy2hi_56m_PGM_2Perc_coupling_errors_off_FLUX.rml
2025-02-07 22:51:39,283 - INFO - Prepared sim number: 36: RAYPy_Simulation_bessy2hi_56m_PGM_2Perc_coupling_errors_off_FLUX/round_4/36_bessy2hi_56m_PGM_2Perc_coupling_errors_off_FLUX.rml
2025-02-07 22:51:39,286 - INFO - Prepared sim number: 37: RAYPy_Simulation_bessy2hi_56m_PGM_2Perc_coupling_errors_off_FLUX/round_4/37_bessy2hi_56m_PGM_2Perc_coupling_errors_off_FLUX.rml
2025-02-07 22:51:39,290 - INFO - Prepared sim number: 38: RAYPy_Simulation_bessy2hi_56m_PGM_2Perc_coupling_errors_off_FLUX/round_4/38_bessy2hi_56m_PGM_2Perc_coupling_errors_off_FLUX.rml
2025-02-07 22:51:39,294 - INFO - Prepared sim number: 39: RAYPy_Simulation_bessy2hi_56m_PGM_2Perc_coupling_errors_off_FLUX/round_4/39_bessy2hi_56m_PGM_2Perc_coupling_errors_off_FLUX.rml
2025-02-07 22:51:39,297 - INFO - Prepared sim number: 40: RAYPy_Simulation_bessy2hi_56m_PGM_2Perc_coupling_errors_off_FLUX/round_4/40_bessy2hi_56m_PGM_2Perc_coupling_errors_off_FLUX.rml
2025-02-07 22:51:39,301 - INFO - Prepared sim number: 41: RAYPy_Simulation_bessy2hi_56m_PGM_2Perc_coupling_errors_off_FLUX/round_4/41_bessy2hi_56m_PGM_2Perc_coupling_errors_off_FLUX.rml
2025-02-07 22:51:39,305 - INFO - Prepared sim number: 42: RAYPy_Simulation_bessy2hi_56m_PGM_2Perc_coupling_errors_off_FLUX/round_4/42_bessy2hi_56m_PGM_2Perc_coupling_errors_off_FLUX.rml
2025-02-07 22:51:39,309 - INFO - Prepared sim number: 43: RAYPy_Simulation_bessy2hi_56m_PGM_2Perc_coupling_errors_off_FLUX/round_4/43_bessy2hi_56m_PGM_2Perc_coupling_errors_off_FLUX.rml
2025-02-07 22:51:39,312 - INFO - Prepared sim number: 44: RAYPy_Simulation_bessy2hi_56m_PGM_2Perc_coupling_errors_off_FLUX/round_4/44_bessy2hi_56m_PGM_2Perc_coupling_errors_off_FLUX.rml
2025-02-07 22:51:39,315 - INFO - Prepared sim number: 45: RAYPy_Simulation_bessy2hi_56m_PGM_2Perc_coupling_errors_off_FLUX/round_4/45_bessy2hi_56m_PGM_2Perc_coupling_errors_off_FLUX.rml
2025-02-07 22:51:39,319 - INFO - Prepared sim number: 46: RAYPy_Simulation_bessy2hi_56m_PGM_2Perc_coupling_errors_off_FLUX/round_4/46_bessy2hi_56m_PGM_2Perc_coupling_errors_off_FLUX.rml
2025-02-07 22:51:39,322 - INFO - Prepared sim number: 47: RAYPy_Simulation_bessy2hi_56m_PGM_2Perc_coupling_errors_off_FLUX/round_4/47_bessy2hi_56m_PGM_2Perc_coupling_errors_off_FLUX.rml
2025-02-07 22:51:39,323 - INFO - Waiting for batch number: 8, timeout: 88.61439405854473s
2025-02-07 22:51:52,323 - INFO - Completed: 1, remaining: 59, RAYPy_Simulation_bessy2hi_56m_PGM_2Perc_coupling_errors_off_FLUX/round_3/118_bessy2hi_56m_PGM_2Perc_coupling_errors_off_FLUX.rml
2025-02-07 22:51:52,383 - INFO - Completed: 2, remaining: 58, RAYPy_Simulation_bessy2hi_56m_PGM_2Perc_coupling_errors_off_FLUX/round_3/113_bessy2hi_56m_PGM_2Perc_coupling_errors_off_FLUX.rml
2025-02-07 22:51:52,625 - INFO - Completed: 3, remaining: 57, RAYPy_Simulation_bessy2hi_56m_PGM_2Perc_coupling_errors_off_FLUX/round_3/115_bessy2hi_56m_PGM_2Perc_coupling_errors_off_FLUX.rml
2025-02-07 22:51:52,691 - INFO - Completed: 4, remaining: 56, RAYPy_Simulation_bessy2hi_56m_PGM_2Perc_coupling_errors_off_FLUX/round_3/122_bessy2hi_56m_PGM_2Perc_coupling_errors_off_FLUX.rml
2025-02-07 22:51:52,772 - INFO - Completed: 5, remaining: 55, RAYPy_Simulation_bessy2hi_56m_PGM_2Perc_coupling_errors_off_FLUX/round_3/119_bessy2hi_56m_PGM_2Perc_coupling_errors_off_FLUX.rml
2025-02-07 22:51:52,880 - INFO - Completed: 6, remaining: 54, RAYPy_Simulation_bessy2hi_56m_PGM_2Perc_coupling_errors_off_FLUX/round_3/117_bessy2hi_56m_PGM_2Perc_coupling_errors_off_FLUX.rml
2025-02-07 22:51:52,974 - INFO - Completed: 7, remaining: 53, RAYPy_Simulation_bessy2hi_56m_PGM_2Perc_coupling_errors_off_FLUX/round_3/112_bessy2hi_56m_PGM_2Perc_coupling_errors_off_FLUX.rml
2025-02-07 22:51:53,083 - INFO - Completed: 8, remaining: 52, RAYPy_Simulation_bessy2hi_56m_PGM_2Perc_coupling_errors_off_FLUX/round_3/116_bessy2hi_56m_PGM_2Perc_coupling_errors_off_FLUX.rml
2025-02-07 22:51:53,226 - INFO - Completed: 9, remaining: 51, RAYPy_Simulation_bessy2hi_56m_PGM_2Perc_coupling_errors_off_FLUX/round_3/120_bessy2hi_56m_PGM_2Perc_coupling_errors_off_FLUX.rml
2025-02-07 22:51:53,568 - INFO - Completed: 10, remaining: 50, RAYPy_Simulation_bessy2hi_56m_PGM_2Perc_coupling_errors_off_FLUX/round_3/111_bessy2hi_56m_PGM_2Perc_coupling_errors_off_FLUX.rml
2025-02-07 22:51:54,158 - INFO - Completed: 11, remaining: 49, RAYPy_Simulation_bessy2hi_56m_PGM_2Perc_coupling_errors_off_FLUX/round_3/121_bessy2hi_56m_PGM_2Perc_coupling_errors_off_FLUX.rml
2025-02-07 22:52:05,510 - INFO - Completed: 12, remaining: 48, RAYPy_Simulation_bessy2hi_56m_PGM_2Perc_coupling_errors_off_FLUX/round_4/0_bessy2hi_56m_PGM_2Perc_coupling_errors_off_FLUX.rml
2025-02-07 22:52:05,978 - INFO - Completed: 13, remaining: 47, RAYPy_Simulation_bessy2hi_56m_PGM_2Perc_coupling_errors_off_FLUX/round_4/3_bessy2hi_56m_PGM_2Perc_coupling_errors_off_FLUX.rml
2025-02-07 22:52:06,027 - INFO - Completed: 14, remaining: 46, RAYPy_Simulation_bessy2hi_56m_PGM_2Perc_coupling_errors_off_FLUX/round_4/2_bessy2hi_56m_PGM_2Perc_coupling_errors_off_FLUX.rml
2025-02-07 22:52:06,217 - INFO - Completed: 15, remaining: 45, RAYPy_Simulation_bessy2hi_56m_PGM_2Perc_coupling_errors_off_FLUX/round_4/1_bessy2hi_56m_PGM_2Perc_coupling_errors_off_FLUX.rml
2025-02-07 22:52:06,476 - INFO - Completed: 16, remaining: 44, RAYPy_Simulation_bessy2hi_56m_PGM_2Perc_coupling_errors_off_FLUX/round_4/5_bessy2hi_56m_PGM_2Perc_coupling_errors_off_FLUX.rml
2025-02-07 22:52:06,744 - INFO - Completed: 17, remaining: 43, RAYPy_Simulation_bessy2hi_56m_PGM_2Perc_coupling_errors_off_FLUX/round_4/6_bessy2hi_56m_PGM_2Perc_coupling_errors_off_FLUX.rml
2025-02-07 22:52:06,918 - INFO - Completed: 18, remaining: 42, RAYPy_Simulation_bessy2hi_56m_PGM_2Perc_coupling_errors_off_FLUX/round_4/4_bessy2hi_56m_PGM_2Perc_coupling_errors_off_FLUX.rml
2025-02-07 22:52:07,025 - INFO - Completed: 19, remaining: 41, RAYPy_Simulation_bessy2hi_56m_PGM_2Perc_coupling_errors_off_FLUX/round_4/7_bessy2hi_56m_PGM_2Perc_coupling_errors_off_FLUX.rml
2025-02-07 22:52:07,069 - INFO - Completed: 20, remaining: 40, RAYPy_Simulation_bessy2hi_56m_PGM_2Perc_coupling_errors_off_FLUX/round_4/9_bessy2hi_56m_PGM_2Perc_coupling_errors_off_FLUX.rml
2025-02-07 22:52:07,224 - INFO - Completed: 21, remaining: 39, RAYPy_Simulation_bessy2hi_56m_PGM_2Perc_coupling_errors_off_FLUX/round_4/8_bessy2hi_56m_PGM_2Perc_coupling_errors_off_FLUX.rml
2025-02-07 22:52:07,426 - INFO - Completed: 22, remaining: 38, RAYPy_Simulation_bessy2hi_56m_PGM_2Perc_coupling_errors_off_FLUX/round_4/10_bessy2hi_56m_PGM_2Perc_coupling_errors_off_FLUX.rml
2025-02-07 22:52:18,183 - INFO - Completed: 23, remaining: 37, RAYPy_Simulation_bessy2hi_56m_PGM_2Perc_coupling_errors_off_FLUX/round_4/11_bessy2hi_56m_PGM_2Perc_coupling_errors_off_FLUX.rml
2025-02-07 22:52:19,364 - INFO - Completed: 24, remaining: 36, RAYPy_Simulation_bessy2hi_56m_PGM_2Perc_coupling_errors_off_FLUX/round_4/13_bessy2hi_56m_PGM_2Perc_coupling_errors_off_FLUX.rml
2025-02-07 22:52:19,372 - INFO - Completed: 25, remaining: 35, RAYPy_Simulation_bessy2hi_56m_PGM_2Perc_coupling_errors_off_FLUX/round_4/12_bessy2hi_56m_PGM_2Perc_coupling_errors_off_FLUX.rml
2025-02-07 22:52:19,602 - INFO - Completed: 26, remaining: 34, RAYPy_Simulation_bessy2hi_56m_PGM_2Perc_coupling_errors_off_FLUX/round_4/14_bessy2hi_56m_PGM_2Perc_coupling_errors_off_FLUX.rml
2025-02-07 22:52:19,817 - INFO - Completed: 27, remaining: 33, RAYPy_Simulation_bessy2hi_56m_PGM_2Perc_coupling_errors_off_FLUX/round_4/15_bessy2hi_56m_PGM_2Perc_coupling_errors_off_FLUX.rml
2025-02-07 22:52:20,318 - INFO - Completed: 28, remaining: 32, RAYPy_Simulation_bessy2hi_56m_PGM_2Perc_coupling_errors_off_FLUX/round_4/16_bessy2hi_56m_PGM_2Perc_coupling_errors_off_FLUX.rml
2025-02-07 22:52:20,549 - INFO - Completed: 29, remaining: 31, RAYPy_Simulation_bessy2hi_56m_PGM_2Perc_coupling_errors_off_FLUX/round_4/17_bessy2hi_56m_PGM_2Perc_coupling_errors_off_FLUX.rml
2025-02-07 22:52:20,665 - INFO - Completed: 30, remaining: 30, RAYPy_Simulation_bessy2hi_56m_PGM_2Perc_coupling_errors_off_FLUX/round_4/18_bessy2hi_56m_PGM_2Perc_coupling_errors_off_FLUX.rml
2025-02-07 22:52:20,714 - INFO - Completed: 31, remaining: 29, RAYPy_Simulation_bessy2hi_56m_PGM_2Perc_coupling_errors_off_FLUX/round_4/20_bessy2hi_56m_PGM_2Perc_coupling_errors_off_FLUX.rml
2025-02-07 22:52:20,821 - INFO - Completed: 32, remaining: 28, RAYPy_Simulation_bessy2hi_56m_PGM_2Perc_coupling_errors_off_FLUX/round_4/21_bessy2hi_56m_PGM_2Perc_coupling_errors_off_FLUX.rml
2025-02-07 22:52:21,157 - INFO - Completed: 33, remaining: 27, RAYPy_Simulation_bessy2hi_56m_PGM_2Perc_coupling_errors_off_FLUX/round_4/19_bessy2hi_56m_PGM_2Perc_coupling_errors_off_FLUX.rml
2025-02-07 22:52:30,263 - INFO - Completed: 34, remaining: 26, RAYPy_Simulation_bessy2hi_56m_PGM_2Perc_coupling_errors_off_FLUX/round_4/22_bessy2hi_56m_PGM_2Perc_coupling_errors_off_FLUX.rml
2025-02-07 22:52:32,991 - INFO - Completed: 35, remaining: 25, RAYPy_Simulation_bessy2hi_56m_PGM_2Perc_coupling_errors_off_FLUX/round_4/24_bessy2hi_56m_PGM_2Perc_coupling_errors_off_FLUX.rml
2025-02-07 22:52:33,494 - INFO - Completed: 36, remaining: 24, RAYPy_Simulation_bessy2hi_56m_PGM_2Perc_coupling_errors_off_FLUX/round_4/25_bessy2hi_56m_PGM_2Perc_coupling_errors_off_FLUX.rml
2025-02-07 22:52:33,917 - INFO - Completed: 37, remaining: 23, RAYPy_Simulation_bessy2hi_56m_PGM_2Perc_coupling_errors_off_FLUX/round_4/26_bessy2hi_56m_PGM_2Perc_coupling_errors_off_FLUX.rml
2025-02-07 22:52:34,330 - INFO - Completed: 38, remaining: 22, RAYPy_Simulation_bessy2hi_56m_PGM_2Perc_coupling_errors_off_FLUX/round_4/27_bessy2hi_56m_PGM_2Perc_coupling_errors_off_FLUX.rml
2025-02-07 22:52:34,711 - INFO - Completed: 39, remaining: 21, RAYPy_Simulation_bessy2hi_56m_PGM_2Perc_coupling_errors_off_FLUX/round_4/23_bessy2hi_56m_PGM_2Perc_coupling_errors_off_FLUX.rml
2025-02-07 22:52:34,865 - INFO - Completed: 40, remaining: 20, RAYPy_Simulation_bessy2hi_56m_PGM_2Perc_coupling_errors_off_FLUX/round_4/30_bessy2hi_56m_PGM_2Perc_coupling_errors_off_FLUX.rml
2025-02-07 22:52:34,945 - INFO - Completed: 41, remaining: 19, RAYPy_Simulation_bessy2hi_56m_PGM_2Perc_coupling_errors_off_FLUX/round_4/29_bessy2hi_56m_PGM_2Perc_coupling_errors_off_FLUX.rml
2025-02-07 22:52:35,048 - INFO - Completed: 42, remaining: 18, RAYPy_Simulation_bessy2hi_56m_PGM_2Perc_coupling_errors_off_FLUX/round_4/28_bessy2hi_56m_PGM_2Perc_coupling_errors_off_FLUX.rml
2025-02-07 22:52:35,139 - INFO - Completed: 43, remaining: 17, RAYPy_Simulation_bessy2hi_56m_PGM_2Perc_coupling_errors_off_FLUX/round_4/31_bessy2hi_56m_PGM_2Perc_coupling_errors_off_FLUX.rml
2025-02-07 22:52:35,811 - INFO - Completed: 44, remaining: 16, RAYPy_Simulation_bessy2hi_56m_PGM_2Perc_coupling_errors_off_FLUX/round_4/32_bessy2hi_56m_PGM_2Perc_coupling_errors_off_FLUX.rml
2025-02-07 22:52:42,297 - INFO - Completed: 45, remaining: 15, RAYPy_Simulation_bessy2hi_56m_PGM_2Perc_coupling_errors_off_FLUX/round_4/33_bessy2hi_56m_PGM_2Perc_coupling_errors_off_FLUX.rml
2025-02-07 22:52:46,156 - INFO - Completed: 46, remaining: 14, RAYPy_Simulation_bessy2hi_56m_PGM_2Perc_coupling_errors_off_FLUX/round_4/34_bessy2hi_56m_PGM_2Perc_coupling_errors_off_FLUX.rml
2025-02-07 22:52:47,262 - INFO - Completed: 47, remaining: 13, RAYPy_Simulation_bessy2hi_56m_PGM_2Perc_coupling_errors_off_FLUX/round_4/35_bessy2hi_56m_PGM_2Perc_coupling_errors_off_FLUX.rml
2025-02-07 22:52:47,742 - INFO - Completed: 48, remaining: 12, RAYPy_Simulation_bessy2hi_56m_PGM_2Perc_coupling_errors_off_FLUX/round_4/36_bessy2hi_56m_PGM_2Perc_coupling_errors_off_FLUX.rml
2025-02-07 22:52:48,355 - INFO - Completed: 49, remaining: 11, RAYPy_Simulation_bessy2hi_56m_PGM_2Perc_coupling_errors_off_FLUX/round_4/37_bessy2hi_56m_PGM_2Perc_coupling_errors_off_FLUX.rml
2025-02-07 22:52:48,549 - INFO - Completed: 50, remaining: 10, RAYPy_Simulation_bessy2hi_56m_PGM_2Perc_coupling_errors_off_FLUX/round_4/41_bessy2hi_56m_PGM_2Perc_coupling_errors_off_FLUX.rml
2025-02-07 22:52:48,663 - INFO - Completed: 51, remaining: 9, RAYPy_Simulation_bessy2hi_56m_PGM_2Perc_coupling_errors_off_FLUX/round_4/42_bessy2hi_56m_PGM_2Perc_coupling_errors_off_FLUX.rml
2025-02-07 22:52:48,886 - INFO - Completed: 52, remaining: 8, RAYPy_Simulation_bessy2hi_56m_PGM_2Perc_coupling_errors_off_FLUX/round_4/39_bessy2hi_56m_PGM_2Perc_coupling_errors_off_FLUX.rml
2025-02-07 22:52:49,002 - INFO - Completed: 53, remaining: 7, RAYPy_Simulation_bessy2hi_56m_PGM_2Perc_coupling_errors_off_FLUX/round_4/43_bessy2hi_56m_PGM_2Perc_coupling_errors_off_FLUX.rml
2025-02-07 22:52:49,152 - INFO - Completed: 54, remaining: 6, RAYPy_Simulation_bessy2hi_56m_PGM_2Perc_coupling_errors_off_FLUX/round_4/40_bessy2hi_56m_PGM_2Perc_coupling_errors_off_FLUX.rml
2025-02-07 22:52:49,623 - INFO - Completed: 55, remaining: 5, RAYPy_Simulation_bessy2hi_56m_PGM_2Perc_coupling_errors_off_FLUX/round_4/38_bessy2hi_56m_PGM_2Perc_coupling_errors_off_FLUX.rml
2025-02-07 22:52:51,363 - INFO - Completed: 56, remaining: 4, RAYPy_Simulation_bessy2hi_56m_PGM_2Perc_coupling_errors_off_FLUX/round_4/44_bessy2hi_56m_PGM_2Perc_coupling_errors_off_FLUX.rml
2025-02-07 22:52:53,299 - INFO - Completed: 57, remaining: 3, RAYPy_Simulation_bessy2hi_56m_PGM_2Perc_coupling_errors_off_FLUX/round_4/46_bessy2hi_56m_PGM_2Perc_coupling_errors_off_FLUX.rml
2025-02-07 22:52:53,442 - INFO - Completed: 58, remaining: 2, RAYPy_Simulation_bessy2hi_56m_PGM_2Perc_coupling_errors_off_FLUX/round_4/45_bessy2hi_56m_PGM_2Perc_coupling_errors_off_FLUX.rml
2025-02-07 22:52:53,656 - INFO - Completed: 59, remaining: 1, RAYPy_Simulation_bessy2hi_56m_PGM_2Perc_coupling_errors_off_FLUX/round_4/47_bessy2hi_56m_PGM_2Perc_coupling_errors_off_FLUX.rml
2025-02-07 22:53:07,939 - INFO - Exception during simulation: 1 (of 60) futures unfinished
2025-02-07 22:53:12,943 - INFO - Waiting for file RAYPy_Simulation_bessy2hi_56m_PGM_2Perc_coupling_errors_off_FLUX/round_3/114_bessy2hi_56m_PGM_2Perc_coupling_errors_off_FLUX.rml, wait_time 16.892046489687853
2025-02-07 22:53:17,946 - INFO - Waiting for file RAYPy_Simulation_bessy2hi_56m_PGM_2Perc_coupling_errors_off_FLUX/round_3/114_bessy2hi_56m_PGM_2Perc_coupling_errors_off_FLUX.rml, wait_time 11.892046489687853
2025-02-07 22:53:22,967 - INFO - Waiting for file RAYPy_Simulation_bessy2hi_56m_PGM_2Perc_coupling_errors_off_FLUX/round_3/114_bessy2hi_56m_PGM_2Perc_coupling_errors_off_FLUX.rml, wait_time 6.8920464896878535
2025-02-07 22:53:27,975 - INFO - Waiting for file RAYPy_Simulation_bessy2hi_56m_PGM_2Perc_coupling_errors_off_FLUX/round_3/114_bessy2hi_56m_PGM_2Perc_coupling_errors_off_FLUX.rml, wait_time 1.8920464896878535
2025-02-07 22:53:32,989 - INFO - Waiting for file RAYPy_Simulation_bessy2hi_56m_PGM_2Perc_coupling_errors_off_FLUX/round_3/114_bessy2hi_56m_PGM_2Perc_coupling_errors_off_FLUX.rml, wait_time -3.1079535103121465
2025-02-07 22:53:33,024 - INFO - Found most simulations of the batch, futures missed at least 1 simulations
2025-02-07 22:53:33,024 - INFO - Updated progress bar
2025-02-07 22:53:33,024 - INFO - Batch Completed
2025-02-07 22:53:33,025 - INFO - Waiting For batch, 60 simulations to go
2025-02-07 22:53:33,029 - INFO - Prepared sim number: 48: RAYPy_Simulation_bessy2hi_56m_PGM_2Perc_coupling_errors_off_FLUX/round_4/48_bessy2hi_56m_PGM_2Perc_coupling_errors_off_FLUX.rml
2025-02-07 22:53:33,033 - INFO - Prepared sim number: 49: RAYPy_Simulation_bessy2hi_56m_PGM_2Perc_coupling_errors_off_FLUX/round_4/49_bessy2hi_56m_PGM_2Perc_coupling_errors_off_FLUX.rml
2025-02-07 22:53:33,037 - INFO - Prepared sim number: 50: RAYPy_Simulation_bessy2hi_56m_PGM_2Perc_coupling_errors_off_FLUX/round_4/50_bessy2hi_56m_PGM_2Perc_coupling_errors_off_FLUX.rml
2025-02-07 22:53:33,048 - INFO - Prepared sim number: 51: RAYPy_Simulation_bessy2hi_56m_PGM_2Perc_coupling_errors_off_FLUX/round_4/51_bessy2hi_56m_PGM_2Perc_coupling_errors_off_FLUX.rml
2025-02-07 22:53:33,052 - INFO - Prepared sim number: 52: RAYPy_Simulation_bessy2hi_56m_PGM_2Perc_coupling_errors_off_FLUX/round_4/52_bessy2hi_56m_PGM_2Perc_coupling_errors_off_FLUX.rml
2025-02-07 22:53:33,056 - INFO - Prepared sim number: 53: RAYPy_Simulation_bessy2hi_56m_PGM_2Perc_coupling_errors_off_FLUX/round_4/53_bessy2hi_56m_PGM_2Perc_coupling_errors_off_FLUX.rml
2025-02-07 22:53:33,060 - INFO - Prepared sim number: 54: RAYPy_Simulation_bessy2hi_56m_PGM_2Perc_coupling_errors_off_FLUX/round_4/54_bessy2hi_56m_PGM_2Perc_coupling_errors_off_FLUX.rml
2025-02-07 22:53:33,067 - INFO - Prepared sim number: 55: RAYPy_Simulation_bessy2hi_56m_PGM_2Perc_coupling_errors_off_FLUX/round_4/55_bessy2hi_56m_PGM_2Perc_coupling_errors_off_FLUX.rml
2025-02-07 22:53:33,072 - INFO - Prepared sim number: 56: RAYPy_Simulation_bessy2hi_56m_PGM_2Perc_coupling_errors_off_FLUX/round_4/56_bessy2hi_56m_PGM_2Perc_coupling_errors_off_FLUX.rml
2025-02-07 22:53:33,076 - INFO - Prepared sim number: 57: RAYPy_Simulation_bessy2hi_56m_PGM_2Perc_coupling_errors_off_FLUX/round_4/57_bessy2hi_56m_PGM_2Perc_coupling_errors_off_FLUX.rml
2025-02-07 22:53:33,080 - INFO - Prepared sim number: 58: RAYPy_Simulation_bessy2hi_56m_PGM_2Perc_coupling_errors_off_FLUX/round_4/58_bessy2hi_56m_PGM_2Perc_coupling_errors_off_FLUX.rml
2025-02-07 22:53:33,085 - INFO - Prepared sim number: 59: RAYPy_Simulation_bessy2hi_56m_PGM_2Perc_coupling_errors_off_FLUX/round_4/59_bessy2hi_56m_PGM_2Perc_coupling_errors_off_FLUX.rml
2025-02-07 22:53:33,089 - INFO - Prepared sim number: 60: RAYPy_Simulation_bessy2hi_56m_PGM_2Perc_coupling_errors_off_FLUX/round_4/60_bessy2hi_56m_PGM_2Perc_coupling_errors_off_FLUX.rml
2025-02-07 22:53:33,093 - INFO - Prepared sim number: 61: RAYPy_Simulation_bessy2hi_56m_PGM_2Perc_coupling_errors_off_FLUX/round_4/61_bessy2hi_56m_PGM_2Perc_coupling_errors_off_FLUX.rml
2025-02-07 22:53:33,096 - INFO - Prepared sim number: 62: RAYPy_Simulation_bessy2hi_56m_PGM_2Perc_coupling_errors_off_FLUX/round_4/62_bessy2hi_56m_PGM_2Perc_coupling_errors_off_FLUX.rml
2025-02-07 22:53:33,100 - INFO - Prepared sim number: 63: RAYPy_Simulation_bessy2hi_56m_PGM_2Perc_coupling_errors_off_FLUX/round_4/63_bessy2hi_56m_PGM_2Perc_coupling_errors_off_FLUX.rml
2025-02-07 22:53:33,104 - INFO - Prepared sim number: 64: RAYPy_Simulation_bessy2hi_56m_PGM_2Perc_coupling_errors_off_FLUX/round_4/64_bessy2hi_56m_PGM_2Perc_coupling_errors_off_FLUX.rml
2025-02-07 22:53:33,108 - INFO - Prepared sim number: 65: RAYPy_Simulation_bessy2hi_56m_PGM_2Perc_coupling_errors_off_FLUX/round_4/65_bessy2hi_56m_PGM_2Perc_coupling_errors_off_FLUX.rml
2025-02-07 22:53:33,111 - INFO - Prepared sim number: 66: RAYPy_Simulation_bessy2hi_56m_PGM_2Perc_coupling_errors_off_FLUX/round_4/66_bessy2hi_56m_PGM_2Perc_coupling_errors_off_FLUX.rml
2025-02-07 22:53:33,115 - INFO - Prepared sim number: 67: RAYPy_Simulation_bessy2hi_56m_PGM_2Perc_coupling_errors_off_FLUX/round_4/67_bessy2hi_56m_PGM_2Perc_coupling_errors_off_FLUX.rml
2025-02-07 22:53:33,118 - INFO - Prepared sim number: 68: RAYPy_Simulation_bessy2hi_56m_PGM_2Perc_coupling_errors_off_FLUX/round_4/68_bessy2hi_56m_PGM_2Perc_coupling_errors_off_FLUX.rml
2025-02-07 22:53:33,122 - INFO - Prepared sim number: 69: RAYPy_Simulation_bessy2hi_56m_PGM_2Perc_coupling_errors_off_FLUX/round_4/69_bessy2hi_56m_PGM_2Perc_coupling_errors_off_FLUX.rml
2025-02-07 22:53:33,125 - INFO - Prepared sim number: 70: RAYPy_Simulation_bessy2hi_56m_PGM_2Perc_coupling_errors_off_FLUX/round_4/70_bessy2hi_56m_PGM_2Perc_coupling_errors_off_FLUX.rml
2025-02-07 22:53:33,128 - INFO - Prepared sim number: 71: RAYPy_Simulation_bessy2hi_56m_PGM_2Perc_coupling_errors_off_FLUX/round_4/71_bessy2hi_56m_PGM_2Perc_coupling_errors_off_FLUX.rml
2025-02-07 22:53:33,131 - INFO - Prepared sim number: 72: RAYPy_Simulation_bessy2hi_56m_PGM_2Perc_coupling_errors_off_FLUX/round_4/72_bessy2hi_56m_PGM_2Perc_coupling_errors_off_FLUX.rml
2025-02-07 22:53:33,135 - INFO - Prepared sim number: 73: RAYPy_Simulation_bessy2hi_56m_PGM_2Perc_coupling_errors_off_FLUX/round_4/73_bessy2hi_56m_PGM_2Perc_coupling_errors_off_FLUX.rml
2025-02-07 22:53:33,139 - INFO - Prepared sim number: 74: RAYPy_Simulation_bessy2hi_56m_PGM_2Perc_coupling_errors_off_FLUX/round_4/74_bessy2hi_56m_PGM_2Perc_coupling_errors_off_FLUX.rml
2025-02-07 22:53:33,142 - INFO - Prepared sim number: 75: RAYPy_Simulation_bessy2hi_56m_PGM_2Perc_coupling_errors_off_FLUX/round_4/75_bessy2hi_56m_PGM_2Perc_coupling_errors_off_FLUX.rml
2025-02-07 22:53:33,145 - INFO - Prepared sim number: 76: RAYPy_Simulation_bessy2hi_56m_PGM_2Perc_coupling_errors_off_FLUX/round_4/76_bessy2hi_56m_PGM_2Perc_coupling_errors_off_FLUX.rml
2025-02-07 22:53:33,149 - INFO - Prepared sim number: 77: RAYPy_Simulation_bessy2hi_56m_PGM_2Perc_coupling_errors_off_FLUX/round_4/77_bessy2hi_56m_PGM_2Perc_coupling_errors_off_FLUX.rml
2025-02-07 22:53:33,153 - INFO - Prepared sim number: 78: RAYPy_Simulation_bessy2hi_56m_PGM_2Perc_coupling_errors_off_FLUX/round_4/78_bessy2hi_56m_PGM_2Perc_coupling_errors_off_FLUX.rml
2025-02-07 22:53:33,156 - INFO - Prepared sim number: 79: RAYPy_Simulation_bessy2hi_56m_PGM_2Perc_coupling_errors_off_FLUX/round_4/79_bessy2hi_56m_PGM_2Perc_coupling_errors_off_FLUX.rml
2025-02-07 22:53:33,160 - INFO - Prepared sim number: 80: RAYPy_Simulation_bessy2hi_56m_PGM_2Perc_coupling_errors_off_FLUX/round_4/80_bessy2hi_56m_PGM_2Perc_coupling_errors_off_FLUX.rml
2025-02-07 22:53:33,163 - INFO - Prepared sim number: 81: RAYPy_Simulation_bessy2hi_56m_PGM_2Perc_coupling_errors_off_FLUX/round_4/81_bessy2hi_56m_PGM_2Perc_coupling_errors_off_FLUX.rml
2025-02-07 22:53:33,166 - INFO - Prepared sim number: 82: RAYPy_Simulation_bessy2hi_56m_PGM_2Perc_coupling_errors_off_FLUX/round_4/82_bessy2hi_56m_PGM_2Perc_coupling_errors_off_FLUX.rml
2025-02-07 22:53:33,170 - INFO - Prepared sim number: 83: RAYPy_Simulation_bessy2hi_56m_PGM_2Perc_coupling_errors_off_FLUX/round_4/83_bessy2hi_56m_PGM_2Perc_coupling_errors_off_FLUX.rml
2025-02-07 22:53:33,173 - INFO - Prepared sim number: 84: RAYPy_Simulation_bessy2hi_56m_PGM_2Perc_coupling_errors_off_FLUX/round_4/84_bessy2hi_56m_PGM_2Perc_coupling_errors_off_FLUX.rml
2025-02-07 22:53:33,177 - INFO - Prepared sim number: 85: RAYPy_Simulation_bessy2hi_56m_PGM_2Perc_coupling_errors_off_FLUX/round_4/85_bessy2hi_56m_PGM_2Perc_coupling_errors_off_FLUX.rml
2025-02-07 22:53:33,180 - INFO - Prepared sim number: 86: RAYPy_Simulation_bessy2hi_56m_PGM_2Perc_coupling_errors_off_FLUX/round_4/86_bessy2hi_56m_PGM_2Perc_coupling_errors_off_FLUX.rml
2025-02-07 22:53:33,184 - INFO - Prepared sim number: 87: RAYPy_Simulation_bessy2hi_56m_PGM_2Perc_coupling_errors_off_FLUX/round_4/87_bessy2hi_56m_PGM_2Perc_coupling_errors_off_FLUX.rml
2025-02-07 22:53:33,187 - INFO - Prepared sim number: 88: RAYPy_Simulation_bessy2hi_56m_PGM_2Perc_coupling_errors_off_FLUX/round_4/88_bessy2hi_56m_PGM_2Perc_coupling_errors_off_FLUX.rml
2025-02-07 22:53:33,191 - INFO - Prepared sim number: 89: RAYPy_Simulation_bessy2hi_56m_PGM_2Perc_coupling_errors_off_FLUX/round_4/89_bessy2hi_56m_PGM_2Perc_coupling_errors_off_FLUX.rml
2025-02-07 22:53:33,194 - INFO - Prepared sim number: 90: RAYPy_Simulation_bessy2hi_56m_PGM_2Perc_coupling_errors_off_FLUX/round_4/90_bessy2hi_56m_PGM_2Perc_coupling_errors_off_FLUX.rml
2025-02-07 22:53:33,197 - INFO - Prepared sim number: 91: RAYPy_Simulation_bessy2hi_56m_PGM_2Perc_coupling_errors_off_FLUX/round_4/91_bessy2hi_56m_PGM_2Perc_coupling_errors_off_FLUX.rml
2025-02-07 22:53:33,201 - INFO - Prepared sim number: 92: RAYPy_Simulation_bessy2hi_56m_PGM_2Perc_coupling_errors_off_FLUX/round_4/92_bessy2hi_56m_PGM_2Perc_coupling_errors_off_FLUX.rml
2025-02-07 22:53:33,205 - INFO - Prepared sim number: 93: RAYPy_Simulation_bessy2hi_56m_PGM_2Perc_coupling_errors_off_FLUX/round_4/93_bessy2hi_56m_PGM_2Perc_coupling_errors_off_FLUX.rml
2025-02-07 22:53:33,209 - INFO - Prepared sim number: 94: RAYPy_Simulation_bessy2hi_56m_PGM_2Perc_coupling_errors_off_FLUX/round_4/94_bessy2hi_56m_PGM_2Perc_coupling_errors_off_FLUX.rml
2025-02-07 22:53:33,212 - INFO - Prepared sim number: 95: RAYPy_Simulation_bessy2hi_56m_PGM_2Perc_coupling_errors_off_FLUX/round_4/95_bessy2hi_56m_PGM_2Perc_coupling_errors_off_FLUX.rml
2025-02-07 22:53:33,215 - INFO - Prepared sim number: 96: RAYPy_Simulation_bessy2hi_56m_PGM_2Perc_coupling_errors_off_FLUX/round_4/96_bessy2hi_56m_PGM_2Perc_coupling_errors_off_FLUX.rml
2025-02-07 22:53:33,219 - INFO - Prepared sim number: 97: RAYPy_Simulation_bessy2hi_56m_PGM_2Perc_coupling_errors_off_FLUX/round_4/97_bessy2hi_56m_PGM_2Perc_coupling_errors_off_FLUX.rml
2025-02-07 22:53:33,222 - INFO - Prepared sim number: 98: RAYPy_Simulation_bessy2hi_56m_PGM_2Perc_coupling_errors_off_FLUX/round_4/98_bessy2hi_56m_PGM_2Perc_coupling_errors_off_FLUX.rml
2025-02-07 22:53:33,225 - INFO - Prepared sim number: 99: RAYPy_Simulation_bessy2hi_56m_PGM_2Perc_coupling_errors_off_FLUX/round_4/99_bessy2hi_56m_PGM_2Perc_coupling_errors_off_FLUX.rml
2025-02-07 22:53:33,229 - INFO - Prepared sim number: 100: RAYPy_Simulation_bessy2hi_56m_PGM_2Perc_coupling_errors_off_FLUX/round_4/100_bessy2hi_56m_PGM_2Perc_coupling_errors_off_FLUX.rml
2025-02-07 22:53:33,232 - INFO - Prepared sim number: 101: RAYPy_Simulation_bessy2hi_56m_PGM_2Perc_coupling_errors_off_FLUX/round_4/101_bessy2hi_56m_PGM_2Perc_coupling_errors_off_FLUX.rml
2025-02-07 22:53:33,236 - INFO - Prepared sim number: 102: RAYPy_Simulation_bessy2hi_56m_PGM_2Perc_coupling_errors_off_FLUX/round_4/102_bessy2hi_56m_PGM_2Perc_coupling_errors_off_FLUX.rml
2025-02-07 22:53:33,239 - INFO - Prepared sim number: 103: RAYPy_Simulation_bessy2hi_56m_PGM_2Perc_coupling_errors_off_FLUX/round_4/103_bessy2hi_56m_PGM_2Perc_coupling_errors_off_FLUX.rml
2025-02-07 22:53:33,242 - INFO - Prepared sim number: 104: RAYPy_Simulation_bessy2hi_56m_PGM_2Perc_coupling_errors_off_FLUX/round_4/104_bessy2hi_56m_PGM_2Perc_coupling_errors_off_FLUX.rml
2025-02-07 22:53:33,246 - INFO - Prepared sim number: 105: RAYPy_Simulation_bessy2hi_56m_PGM_2Perc_coupling_errors_off_FLUX/round_4/105_bessy2hi_56m_PGM_2Perc_coupling_errors_off_FLUX.rml
2025-02-07 22:53:33,249 - INFO - Prepared sim number: 106: RAYPy_Simulation_bessy2hi_56m_PGM_2Perc_coupling_errors_off_FLUX/round_4/106_bessy2hi_56m_PGM_2Perc_coupling_errors_off_FLUX.rml
2025-02-07 22:53:33,253 - INFO - Prepared sim number: 107: RAYPy_Simulation_bessy2hi_56m_PGM_2Perc_coupling_errors_off_FLUX/round_4/107_bessy2hi_56m_PGM_2Perc_coupling_errors_off_FLUX.rml
2025-02-07 22:53:33,254 - INFO - Waiting for batch number: 9, timeout: 87.56818595875141s
2025-02-07 22:53:47,002 - INFO - Completed: 1, remaining: 59, RAYPy_Simulation_bessy2hi_56m_PGM_2Perc_coupling_errors_off_FLUX/round_4/58_bessy2hi_56m_PGM_2Perc_coupling_errors_off_FLUX.rml
2025-02-07 22:53:47,143 - INFO - Completed: 2, remaining: 58, RAYPy_Simulation_bessy2hi_56m_PGM_2Perc_coupling_errors_off_FLUX/round_4/52_bessy2hi_56m_PGM_2Perc_coupling_errors_off_FLUX.rml
2025-02-07 22:53:47,151 - INFO - Completed: 3, remaining: 57, RAYPy_Simulation_bessy2hi_56m_PGM_2Perc_coupling_errors_off_FLUX/round_4/51_bessy2hi_56m_PGM_2Perc_coupling_errors_off_FLUX.rml
2025-02-07 22:53:47,285 - INFO - Completed: 4, remaining: 56, RAYPy_Simulation_bessy2hi_56m_PGM_2Perc_coupling_errors_off_FLUX/round_4/54_bessy2hi_56m_PGM_2Perc_coupling_errors_off_FLUX.rml
2025-02-07 22:53:47,287 - INFO - Completed: 5, remaining: 55, RAYPy_Simulation_bessy2hi_56m_PGM_2Perc_coupling_errors_off_FLUX/round_4/55_bessy2hi_56m_PGM_2Perc_coupling_errors_off_FLUX.rml
2025-02-07 22:53:47,379 - INFO - Completed: 6, remaining: 54, RAYPy_Simulation_bessy2hi_56m_PGM_2Perc_coupling_errors_off_FLUX/round_4/50_bessy2hi_56m_PGM_2Perc_coupling_errors_off_FLUX.rml
2025-02-07 22:53:47,419 - INFO - Completed: 7, remaining: 53, RAYPy_Simulation_bessy2hi_56m_PGM_2Perc_coupling_errors_off_FLUX/round_4/57_bessy2hi_56m_PGM_2Perc_coupling_errors_off_FLUX.rml
2025-02-07 22:53:48,871 - INFO - Completed: 8, remaining: 52, RAYPy_Simulation_bessy2hi_56m_PGM_2Perc_coupling_errors_off_FLUX/round_4/48_bessy2hi_56m_PGM_2Perc_coupling_errors_off_FLUX.rml
2025-02-07 22:53:48,974 - INFO - Completed: 9, remaining: 51, RAYPy_Simulation_bessy2hi_56m_PGM_2Perc_coupling_errors_off_FLUX/round_4/49_bessy2hi_56m_PGM_2Perc_coupling_errors_off_FLUX.rml
2025-02-07 22:53:49,087 - INFO - Completed: 10, remaining: 50, RAYPy_Simulation_bessy2hi_56m_PGM_2Perc_coupling_errors_off_FLUX/round_4/53_bessy2hi_56m_PGM_2Perc_coupling_errors_off_FLUX.rml
2025-02-07 22:53:49,336 - INFO - Completed: 11, remaining: 49, RAYPy_Simulation_bessy2hi_56m_PGM_2Perc_coupling_errors_off_FLUX/round_4/56_bessy2hi_56m_PGM_2Perc_coupling_errors_off_FLUX.rml
2025-02-07 22:54:01,061 - INFO - Completed: 12, remaining: 48, RAYPy_Simulation_bessy2hi_56m_PGM_2Perc_coupling_errors_off_FLUX/round_4/59_bessy2hi_56m_PGM_2Perc_coupling_errors_off_FLUX.rml
2025-02-07 22:54:01,659 - INFO - Completed: 13, remaining: 47, RAYPy_Simulation_bessy2hi_56m_PGM_2Perc_coupling_errors_off_FLUX/round_4/60_bessy2hi_56m_PGM_2Perc_coupling_errors_off_FLUX.rml
2025-02-07 22:54:01,795 - INFO - Completed: 14, remaining: 46, RAYPy_Simulation_bessy2hi_56m_PGM_2Perc_coupling_errors_off_FLUX/round_4/63_bessy2hi_56m_PGM_2Perc_coupling_errors_off_FLUX.rml
2025-02-07 22:54:01,844 - INFO - Completed: 15, remaining: 45, RAYPy_Simulation_bessy2hi_56m_PGM_2Perc_coupling_errors_off_FLUX/round_4/64_bessy2hi_56m_PGM_2Perc_coupling_errors_off_FLUX.rml
2025-02-07 22:54:02,093 - INFO - Completed: 16, remaining: 44, RAYPy_Simulation_bessy2hi_56m_PGM_2Perc_coupling_errors_off_FLUX/round_4/62_bessy2hi_56m_PGM_2Perc_coupling_errors_off_FLUX.rml
2025-02-07 22:54:02,260 - INFO - Completed: 17, remaining: 43, RAYPy_Simulation_bessy2hi_56m_PGM_2Perc_coupling_errors_off_FLUX/round_4/61_bessy2hi_56m_PGM_2Perc_coupling_errors_off_FLUX.rml
2025-02-07 22:54:02,359 - INFO - Completed: 18, remaining: 42, RAYPy_Simulation_bessy2hi_56m_PGM_2Perc_coupling_errors_off_FLUX/round_4/65_bessy2hi_56m_PGM_2Perc_coupling_errors_off_FLUX.rml
2025-02-07 22:54:03,970 - INFO - Completed: 19, remaining: 41, RAYPy_Simulation_bessy2hi_56m_PGM_2Perc_coupling_errors_off_FLUX/round_4/67_bessy2hi_56m_PGM_2Perc_coupling_errors_off_FLUX.rml
2025-02-07 22:54:04,199 - INFO - Completed: 20, remaining: 40, RAYPy_Simulation_bessy2hi_56m_PGM_2Perc_coupling_errors_off_FLUX/round_4/66_bessy2hi_56m_PGM_2Perc_coupling_errors_off_FLUX.rml
2025-02-07 22:54:04,355 - INFO - Completed: 21, remaining: 39, RAYPy_Simulation_bessy2hi_56m_PGM_2Perc_coupling_errors_off_FLUX/round_4/68_bessy2hi_56m_PGM_2Perc_coupling_errors_off_FLUX.rml
2025-02-07 22:54:05,234 - INFO - Completed: 22, remaining: 38, RAYPy_Simulation_bessy2hi_56m_PGM_2Perc_coupling_errors_off_FLUX/round_4/69_bessy2hi_56m_PGM_2Perc_coupling_errors_off_FLUX.rml
2025-02-07 22:54:16,396 - INFO - Completed: 23, remaining: 37, RAYPy_Simulation_bessy2hi_56m_PGM_2Perc_coupling_errors_off_FLUX/round_4/70_bessy2hi_56m_PGM_2Perc_coupling_errors_off_FLUX.rml
2025-02-07 22:54:16,968 - INFO - Completed: 24, remaining: 36, RAYPy_Simulation_bessy2hi_56m_PGM_2Perc_coupling_errors_off_FLUX/round_4/71_bessy2hi_56m_PGM_2Perc_coupling_errors_off_FLUX.rml
2025-02-07 22:54:17,170 - INFO - Completed: 25, remaining: 35, RAYPy_Simulation_bessy2hi_56m_PGM_2Perc_coupling_errors_off_FLUX/round_4/72_bessy2hi_56m_PGM_2Perc_coupling_errors_off_FLUX.rml
2025-02-07 22:54:17,209 - INFO - Completed: 26, remaining: 34, RAYPy_Simulation_bessy2hi_56m_PGM_2Perc_coupling_errors_off_FLUX/round_4/73_bessy2hi_56m_PGM_2Perc_coupling_errors_off_FLUX.rml
2025-02-07 22:54:17,446 - INFO - Completed: 27, remaining: 33, RAYPy_Simulation_bessy2hi_56m_PGM_2Perc_coupling_errors_off_FLUX/round_4/74_bessy2hi_56m_PGM_2Perc_coupling_errors_off_FLUX.rml
2025-02-07 22:54:17,705 - INFO - Completed: 28, remaining: 32, RAYPy_Simulation_bessy2hi_56m_PGM_2Perc_coupling_errors_off_FLUX/round_4/75_bessy2hi_56m_PGM_2Perc_coupling_errors_off_FLUX.rml
2025-02-07 22:54:18,131 - INFO - Completed: 29, remaining: 31, RAYPy_Simulation_bessy2hi_56m_PGM_2Perc_coupling_errors_off_FLUX/round_4/76_bessy2hi_56m_PGM_2Perc_coupling_errors_off_FLUX.rml
2025-02-07 22:54:18,974 - INFO - Completed: 30, remaining: 30, RAYPy_Simulation_bessy2hi_56m_PGM_2Perc_coupling_errors_off_FLUX/round_4/77_bessy2hi_56m_PGM_2Perc_coupling_errors_off_FLUX.rml
2025-02-07 22:54:19,307 - INFO - Completed: 31, remaining: 29, RAYPy_Simulation_bessy2hi_56m_PGM_2Perc_coupling_errors_off_FLUX/round_4/78_bessy2hi_56m_PGM_2Perc_coupling_errors_off_FLUX.rml
2025-02-07 22:54:19,807 - INFO - Completed: 32, remaining: 28, RAYPy_Simulation_bessy2hi_56m_PGM_2Perc_coupling_errors_off_FLUX/round_4/80_bessy2hi_56m_PGM_2Perc_coupling_errors_off_FLUX.rml
2025-02-07 22:54:19,970 - INFO - Completed: 33, remaining: 27, RAYPy_Simulation_bessy2hi_56m_PGM_2Perc_coupling_errors_off_FLUX/round_4/79_bessy2hi_56m_PGM_2Perc_coupling_errors_off_FLUX.rml
2025-02-07 22:54:30,732 - INFO - Completed: 34, remaining: 26, RAYPy_Simulation_bessy2hi_56m_PGM_2Perc_coupling_errors_off_FLUX/round_4/82_bessy2hi_56m_PGM_2Perc_coupling_errors_off_FLUX.rml
2025-02-07 22:54:30,915 - INFO - Completed: 35, remaining: 25, RAYPy_Simulation_bessy2hi_56m_PGM_2Perc_coupling_errors_off_FLUX/round_4/83_bessy2hi_56m_PGM_2Perc_coupling_errors_off_FLUX.rml
2025-02-07 22:54:30,965 - INFO - Completed: 36, remaining: 24, RAYPy_Simulation_bessy2hi_56m_PGM_2Perc_coupling_errors_off_FLUX/round_4/81_bessy2hi_56m_PGM_2Perc_coupling_errors_off_FLUX.rml
2025-02-07 22:54:31,155 - INFO - Completed: 37, remaining: 23, RAYPy_Simulation_bessy2hi_56m_PGM_2Perc_coupling_errors_off_FLUX/round_4/84_bessy2hi_56m_PGM_2Perc_coupling_errors_off_FLUX.rml
2025-02-07 22:54:31,511 - INFO - Completed: 38, remaining: 22, RAYPy_Simulation_bessy2hi_56m_PGM_2Perc_coupling_errors_off_FLUX/round_4/85_bessy2hi_56m_PGM_2Perc_coupling_errors_off_FLUX.rml
2025-02-07 22:54:31,564 - INFO - Completed: 39, remaining: 21, RAYPy_Simulation_bessy2hi_56m_PGM_2Perc_coupling_errors_off_FLUX/round_4/86_bessy2hi_56m_PGM_2Perc_coupling_errors_off_FLUX.rml
2025-02-07 22:54:32,157 - INFO - Completed: 40, remaining: 20, RAYPy_Simulation_bessy2hi_56m_PGM_2Perc_coupling_errors_off_FLUX/round_4/87_bessy2hi_56m_PGM_2Perc_coupling_errors_off_FLUX.rml
2025-02-07 22:54:32,555 - INFO - Completed: 41, remaining: 19, RAYPy_Simulation_bessy2hi_56m_PGM_2Perc_coupling_errors_off_FLUX/round_4/89_bessy2hi_56m_PGM_2Perc_coupling_errors_off_FLUX.rml
2025-02-07 22:54:32,834 - INFO - Completed: 42, remaining: 18, RAYPy_Simulation_bessy2hi_56m_PGM_2Perc_coupling_errors_off_FLUX/round_4/88_bessy2hi_56m_PGM_2Perc_coupling_errors_off_FLUX.rml
2025-02-07 22:54:32,857 - INFO - Completed: 43, remaining: 17, RAYPy_Simulation_bessy2hi_56m_PGM_2Perc_coupling_errors_off_FLUX/round_4/90_bessy2hi_56m_PGM_2Perc_coupling_errors_off_FLUX.rml
2025-02-07 22:54:33,062 - INFO - Completed: 44, remaining: 16, RAYPy_Simulation_bessy2hi_56m_PGM_2Perc_coupling_errors_off_FLUX/round_4/91_bessy2hi_56m_PGM_2Perc_coupling_errors_off_FLUX.rml
2025-02-07 22:54:43,888 - INFO - Completed: 45, remaining: 15, RAYPy_Simulation_bessy2hi_56m_PGM_2Perc_coupling_errors_off_FLUX/round_4/92_bessy2hi_56m_PGM_2Perc_coupling_errors_off_FLUX.rml
2025-02-07 22:54:44,492 - INFO - Completed: 46, remaining: 14, RAYPy_Simulation_bessy2hi_56m_PGM_2Perc_coupling_errors_off_FLUX/round_4/95_bessy2hi_56m_PGM_2Perc_coupling_errors_off_FLUX.rml
2025-02-07 22:54:44,501 - INFO - Completed: 47, remaining: 13, RAYPy_Simulation_bessy2hi_56m_PGM_2Perc_coupling_errors_off_FLUX/round_4/93_bessy2hi_56m_PGM_2Perc_coupling_errors_off_FLUX.rml
2025-02-07 22:54:44,544 - INFO - Completed: 48, remaining: 12, RAYPy_Simulation_bessy2hi_56m_PGM_2Perc_coupling_errors_off_FLUX/round_4/94_bessy2hi_56m_PGM_2Perc_coupling_errors_off_FLUX.rml
2025-02-07 22:54:45,255 - INFO - Completed: 49, remaining: 11, RAYPy_Simulation_bessy2hi_56m_PGM_2Perc_coupling_errors_off_FLUX/round_4/96_bessy2hi_56m_PGM_2Perc_coupling_errors_off_FLUX.rml
2025-02-07 22:54:45,472 - INFO - Completed: 50, remaining: 10, RAYPy_Simulation_bessy2hi_56m_PGM_2Perc_coupling_errors_off_FLUX/round_4/97_bessy2hi_56m_PGM_2Perc_coupling_errors_off_FLUX.rml
2025-02-07 22:54:45,720 - INFO - Completed: 51, remaining: 9, RAYPy_Simulation_bessy2hi_56m_PGM_2Perc_coupling_errors_off_FLUX/round_4/98_bessy2hi_56m_PGM_2Perc_coupling_errors_off_FLUX.rml
2025-02-07 22:54:46,014 - INFO - Completed: 52, remaining: 8, RAYPy_Simulation_bessy2hi_56m_PGM_2Perc_coupling_errors_off_FLUX/round_4/99_bessy2hi_56m_PGM_2Perc_coupling_errors_off_FLUX.rml
2025-02-07 22:54:46,181 - INFO - Completed: 53, remaining: 7, RAYPy_Simulation_bessy2hi_56m_PGM_2Perc_coupling_errors_off_FLUX/round_4/101_bessy2hi_56m_PGM_2Perc_coupling_errors_off_FLUX.rml
2025-02-07 22:54:46,266 - INFO - Completed: 54, remaining: 6, RAYPy_Simulation_bessy2hi_56m_PGM_2Perc_coupling_errors_off_FLUX/round_4/102_bessy2hi_56m_PGM_2Perc_coupling_errors_off_FLUX.rml
2025-02-07 22:54:46,377 - INFO - Completed: 55, remaining: 5, RAYPy_Simulation_bessy2hi_56m_PGM_2Perc_coupling_errors_off_FLUX/round_4/100_bessy2hi_56m_PGM_2Perc_coupling_errors_off_FLUX.rml
2025-02-07 22:54:51,274 - INFO - Completed: 56, remaining: 4, RAYPy_Simulation_bessy2hi_56m_PGM_2Perc_coupling_errors_off_FLUX/round_4/103_bessy2hi_56m_PGM_2Perc_coupling_errors_off_FLUX.rml
2025-02-07 22:54:51,938 - INFO - Completed: 57, remaining: 3, RAYPy_Simulation_bessy2hi_56m_PGM_2Perc_coupling_errors_off_FLUX/round_4/104_bessy2hi_56m_PGM_2Perc_coupling_errors_off_FLUX.rml
2025-02-07 22:54:52,013 - INFO - Completed: 58, remaining: 2, RAYPy_Simulation_bessy2hi_56m_PGM_2Perc_coupling_errors_off_FLUX/round_4/105_bessy2hi_56m_PGM_2Perc_coupling_errors_off_FLUX.rml
2025-02-07 22:54:52,336 - INFO - Completed: 59, remaining: 1, RAYPy_Simulation_bessy2hi_56m_PGM_2Perc_coupling_errors_off_FLUX/round_4/107_bessy2hi_56m_PGM_2Perc_coupling_errors_off_FLUX.rml
2025-02-07 22:54:52,434 - INFO - Completed: 60, remaining: 0, RAYPy_Simulation_bessy2hi_56m_PGM_2Perc_coupling_errors_off_FLUX/round_4/106_bessy2hi_56m_PGM_2Perc_coupling_errors_off_FLUX.rml
2025-02-07 22:54:52,434 - INFO - Batch Completed
2025-02-07 22:54:52,435 - INFO - Waiting For batch, 60 simulations to go
2025-02-07 22:54:52,440 - INFO - Prepared sim number: 108: RAYPy_Simulation_bessy2hi_56m_PGM_2Perc_coupling_errors_off_FLUX/round_4/108_bessy2hi_56m_PGM_2Perc_coupling_errors_off_FLUX.rml
2025-02-07 22:54:52,450 - INFO - Prepared sim number: 109: RAYPy_Simulation_bessy2hi_56m_PGM_2Perc_coupling_errors_off_FLUX/round_4/109_bessy2hi_56m_PGM_2Perc_coupling_errors_off_FLUX.rml
2025-02-07 22:54:52,455 - INFO - Prepared sim number: 110: RAYPy_Simulation_bessy2hi_56m_PGM_2Perc_coupling_errors_off_FLUX/round_4/110_bessy2hi_56m_PGM_2Perc_coupling_errors_off_FLUX.rml
2025-02-07 22:54:52,460 - INFO - Prepared sim number: 111: RAYPy_Simulation_bessy2hi_56m_PGM_2Perc_coupling_errors_off_FLUX/round_4/111_bessy2hi_56m_PGM_2Perc_coupling_errors_off_FLUX.rml
2025-02-07 22:54:52,466 - INFO - Prepared sim number: 112: RAYPy_Simulation_bessy2hi_56m_PGM_2Perc_coupling_errors_off_FLUX/round_4/112_bessy2hi_56m_PGM_2Perc_coupling_errors_off_FLUX.rml
2025-02-07 22:54:52,474 - INFO - Prepared sim number: 113: RAYPy_Simulation_bessy2hi_56m_PGM_2Perc_coupling_errors_off_FLUX/round_4/113_bessy2hi_56m_PGM_2Perc_coupling_errors_off_FLUX.rml
2025-02-07 22:54:52,483 - INFO - Prepared sim number: 114: RAYPy_Simulation_bessy2hi_56m_PGM_2Perc_coupling_errors_off_FLUX/round_4/114_bessy2hi_56m_PGM_2Perc_coupling_errors_off_FLUX.rml
2025-02-07 22:54:52,487 - INFO - Prepared sim number: 115: RAYPy_Simulation_bessy2hi_56m_PGM_2Perc_coupling_errors_off_FLUX/round_4/115_bessy2hi_56m_PGM_2Perc_coupling_errors_off_FLUX.rml
2025-02-07 22:54:52,493 - INFO - Prepared sim number: 116: RAYPy_Simulation_bessy2hi_56m_PGM_2Perc_coupling_errors_off_FLUX/round_4/116_bessy2hi_56m_PGM_2Perc_coupling_errors_off_FLUX.rml
2025-02-07 22:54:52,498 - INFO - Prepared sim number: 117: RAYPy_Simulation_bessy2hi_56m_PGM_2Perc_coupling_errors_off_FLUX/round_4/117_bessy2hi_56m_PGM_2Perc_coupling_errors_off_FLUX.rml
2025-02-07 22:54:52,502 - INFO - Prepared sim number: 118: RAYPy_Simulation_bessy2hi_56m_PGM_2Perc_coupling_errors_off_FLUX/round_4/118_bessy2hi_56m_PGM_2Perc_coupling_errors_off_FLUX.rml
2025-02-07 22:54:52,507 - INFO - Prepared sim number: 119: RAYPy_Simulation_bessy2hi_56m_PGM_2Perc_coupling_errors_off_FLUX/round_4/119_bessy2hi_56m_PGM_2Perc_coupling_errors_off_FLUX.rml
2025-02-07 22:54:52,511 - INFO - Prepared sim number: 120: RAYPy_Simulation_bessy2hi_56m_PGM_2Perc_coupling_errors_off_FLUX/round_4/120_bessy2hi_56m_PGM_2Perc_coupling_errors_off_FLUX.rml
2025-02-07 22:54:52,515 - INFO - Prepared sim number: 121: RAYPy_Simulation_bessy2hi_56m_PGM_2Perc_coupling_errors_off_FLUX/round_4/121_bessy2hi_56m_PGM_2Perc_coupling_errors_off_FLUX.rml
2025-02-07 22:54:52,519 - INFO - Prepared sim number: 122: RAYPy_Simulation_bessy2hi_56m_PGM_2Perc_coupling_errors_off_FLUX/round_4/122_bessy2hi_56m_PGM_2Perc_coupling_errors_off_FLUX.rml
2025-02-07 22:54:52,519 - INFO - Start round 5
2025-02-07 22:54:52,523 - INFO - Prepared sim number: 0: RAYPy_Simulation_bessy2hi_56m_PGM_2Perc_coupling_errors_off_FLUX/round_5/0_bessy2hi_56m_PGM_2Perc_coupling_errors_off_FLUX.rml
2025-02-07 22:54:52,527 - INFO - Prepared sim number: 1: RAYPy_Simulation_bessy2hi_56m_PGM_2Perc_coupling_errors_off_FLUX/round_5/1_bessy2hi_56m_PGM_2Perc_coupling_errors_off_FLUX.rml
2025-02-07 22:54:52,531 - INFO - Prepared sim number: 2: RAYPy_Simulation_bessy2hi_56m_PGM_2Perc_coupling_errors_off_FLUX/round_5/2_bessy2hi_56m_PGM_2Perc_coupling_errors_off_FLUX.rml
2025-02-07 22:54:52,536 - INFO - Prepared sim number: 3: RAYPy_Simulation_bessy2hi_56m_PGM_2Perc_coupling_errors_off_FLUX/round_5/3_bessy2hi_56m_PGM_2Perc_coupling_errors_off_FLUX.rml
2025-02-07 22:54:52,540 - INFO - Prepared sim number: 4: RAYPy_Simulation_bessy2hi_56m_PGM_2Perc_coupling_errors_off_FLUX/round_5/4_bessy2hi_56m_PGM_2Perc_coupling_errors_off_FLUX.rml
2025-02-07 22:54:52,544 - INFO - Prepared sim number: 5: RAYPy_Simulation_bessy2hi_56m_PGM_2Perc_coupling_errors_off_FLUX/round_5/5_bessy2hi_56m_PGM_2Perc_coupling_errors_off_FLUX.rml
2025-02-07 22:54:52,548 - INFO - Prepared sim number: 6: RAYPy_Simulation_bessy2hi_56m_PGM_2Perc_coupling_errors_off_FLUX/round_5/6_bessy2hi_56m_PGM_2Perc_coupling_errors_off_FLUX.rml
2025-02-07 22:54:52,551 - INFO - Prepared sim number: 7: RAYPy_Simulation_bessy2hi_56m_PGM_2Perc_coupling_errors_off_FLUX/round_5/7_bessy2hi_56m_PGM_2Perc_coupling_errors_off_FLUX.rml
2025-02-07 22:54:52,555 - INFO - Prepared sim number: 8: RAYPy_Simulation_bessy2hi_56m_PGM_2Perc_coupling_errors_off_FLUX/round_5/8_bessy2hi_56m_PGM_2Perc_coupling_errors_off_FLUX.rml
2025-02-07 22:54:52,560 - INFO - Prepared sim number: 9: RAYPy_Simulation_bessy2hi_56m_PGM_2Perc_coupling_errors_off_FLUX/round_5/9_bessy2hi_56m_PGM_2Perc_coupling_errors_off_FLUX.rml
2025-02-07 22:54:52,563 - INFO - Prepared sim number: 10: RAYPy_Simulation_bessy2hi_56m_PGM_2Perc_coupling_errors_off_FLUX/round_5/10_bessy2hi_56m_PGM_2Perc_coupling_errors_off_FLUX.rml
2025-02-07 22:54:52,567 - INFO - Prepared sim number: 11: RAYPy_Simulation_bessy2hi_56m_PGM_2Perc_coupling_errors_off_FLUX/round_5/11_bessy2hi_56m_PGM_2Perc_coupling_errors_off_FLUX.rml
2025-02-07 22:54:52,571 - INFO - Prepared sim number: 12: RAYPy_Simulation_bessy2hi_56m_PGM_2Perc_coupling_errors_off_FLUX/round_5/12_bessy2hi_56m_PGM_2Perc_coupling_errors_off_FLUX.rml
2025-02-07 22:54:52,575 - INFO - Prepared sim number: 13: RAYPy_Simulation_bessy2hi_56m_PGM_2Perc_coupling_errors_off_FLUX/round_5/13_bessy2hi_56m_PGM_2Perc_coupling_errors_off_FLUX.rml
2025-02-07 22:54:52,579 - INFO - Prepared sim number: 14: RAYPy_Simulation_bessy2hi_56m_PGM_2Perc_coupling_errors_off_FLUX/round_5/14_bessy2hi_56m_PGM_2Perc_coupling_errors_off_FLUX.rml
2025-02-07 22:54:52,583 - INFO - Prepared sim number: 15: RAYPy_Simulation_bessy2hi_56m_PGM_2Perc_coupling_errors_off_FLUX/round_5/15_bessy2hi_56m_PGM_2Perc_coupling_errors_off_FLUX.rml
2025-02-07 22:54:52,587 - INFO - Prepared sim number: 16: RAYPy_Simulation_bessy2hi_56m_PGM_2Perc_coupling_errors_off_FLUX/round_5/16_bessy2hi_56m_PGM_2Perc_coupling_errors_off_FLUX.rml
2025-02-07 22:54:52,591 - INFO - Prepared sim number: 17: RAYPy_Simulation_bessy2hi_56m_PGM_2Perc_coupling_errors_off_FLUX/round_5/17_bessy2hi_56m_PGM_2Perc_coupling_errors_off_FLUX.rml
2025-02-07 22:54:52,594 - INFO - Prepared sim number: 18: RAYPy_Simulation_bessy2hi_56m_PGM_2Perc_coupling_errors_off_FLUX/round_5/18_bessy2hi_56m_PGM_2Perc_coupling_errors_off_FLUX.rml
2025-02-07 22:54:52,598 - INFO - Prepared sim number: 19: RAYPy_Simulation_bessy2hi_56m_PGM_2Perc_coupling_errors_off_FLUX/round_5/19_bessy2hi_56m_PGM_2Perc_coupling_errors_off_FLUX.rml
2025-02-07 22:54:52,603 - INFO - Prepared sim number: 20: RAYPy_Simulation_bessy2hi_56m_PGM_2Perc_coupling_errors_off_FLUX/round_5/20_bessy2hi_56m_PGM_2Perc_coupling_errors_off_FLUX.rml
2025-02-07 22:54:52,607 - INFO - Prepared sim number: 21: RAYPy_Simulation_bessy2hi_56m_PGM_2Perc_coupling_errors_off_FLUX/round_5/21_bessy2hi_56m_PGM_2Perc_coupling_errors_off_FLUX.rml
2025-02-07 22:54:52,611 - INFO - Prepared sim number: 22: RAYPy_Simulation_bessy2hi_56m_PGM_2Perc_coupling_errors_off_FLUX/round_5/22_bessy2hi_56m_PGM_2Perc_coupling_errors_off_FLUX.rml
2025-02-07 22:54:52,615 - INFO - Prepared sim number: 23: RAYPy_Simulation_bessy2hi_56m_PGM_2Perc_coupling_errors_off_FLUX/round_5/23_bessy2hi_56m_PGM_2Perc_coupling_errors_off_FLUX.rml
2025-02-07 22:54:52,618 - INFO - Prepared sim number: 24: RAYPy_Simulation_bessy2hi_56m_PGM_2Perc_coupling_errors_off_FLUX/round_5/24_bessy2hi_56m_PGM_2Perc_coupling_errors_off_FLUX.rml
2025-02-07 22:54:52,622 - INFO - Prepared sim number: 25: RAYPy_Simulation_bessy2hi_56m_PGM_2Perc_coupling_errors_off_FLUX/round_5/25_bessy2hi_56m_PGM_2Perc_coupling_errors_off_FLUX.rml
2025-02-07 22:54:52,626 - INFO - Prepared sim number: 26: RAYPy_Simulation_bessy2hi_56m_PGM_2Perc_coupling_errors_off_FLUX/round_5/26_bessy2hi_56m_PGM_2Perc_coupling_errors_off_FLUX.rml
2025-02-07 22:54:52,630 - INFO - Prepared sim number: 27: RAYPy_Simulation_bessy2hi_56m_PGM_2Perc_coupling_errors_off_FLUX/round_5/27_bessy2hi_56m_PGM_2Perc_coupling_errors_off_FLUX.rml
2025-02-07 22:54:52,634 - INFO - Prepared sim number: 28: RAYPy_Simulation_bessy2hi_56m_PGM_2Perc_coupling_errors_off_FLUX/round_5/28_bessy2hi_56m_PGM_2Perc_coupling_errors_off_FLUX.rml
2025-02-07 22:54:52,638 - INFO - Prepared sim number: 29: RAYPy_Simulation_bessy2hi_56m_PGM_2Perc_coupling_errors_off_FLUX/round_5/29_bessy2hi_56m_PGM_2Perc_coupling_errors_off_FLUX.rml
2025-02-07 22:54:52,642 - INFO - Prepared sim number: 30: RAYPy_Simulation_bessy2hi_56m_PGM_2Perc_coupling_errors_off_FLUX/round_5/30_bessy2hi_56m_PGM_2Perc_coupling_errors_off_FLUX.rml
2025-02-07 22:54:52,646 - INFO - Prepared sim number: 31: RAYPy_Simulation_bessy2hi_56m_PGM_2Perc_coupling_errors_off_FLUX/round_5/31_bessy2hi_56m_PGM_2Perc_coupling_errors_off_FLUX.rml
2025-02-07 22:54:52,649 - INFO - Prepared sim number: 32: RAYPy_Simulation_bessy2hi_56m_PGM_2Perc_coupling_errors_off_FLUX/round_5/32_bessy2hi_56m_PGM_2Perc_coupling_errors_off_FLUX.rml
2025-02-07 22:54:52,653 - INFO - Prepared sim number: 33: RAYPy_Simulation_bessy2hi_56m_PGM_2Perc_coupling_errors_off_FLUX/round_5/33_bessy2hi_56m_PGM_2Perc_coupling_errors_off_FLUX.rml
2025-02-07 22:54:52,657 - INFO - Prepared sim number: 34: RAYPy_Simulation_bessy2hi_56m_PGM_2Perc_coupling_errors_off_FLUX/round_5/34_bessy2hi_56m_PGM_2Perc_coupling_errors_off_FLUX.rml
2025-02-07 22:54:52,660 - INFO - Prepared sim number: 35: RAYPy_Simulation_bessy2hi_56m_PGM_2Perc_coupling_errors_off_FLUX/round_5/35_bessy2hi_56m_PGM_2Perc_coupling_errors_off_FLUX.rml
2025-02-07 22:54:52,664 - INFO - Prepared sim number: 36: RAYPy_Simulation_bessy2hi_56m_PGM_2Perc_coupling_errors_off_FLUX/round_5/36_bessy2hi_56m_PGM_2Perc_coupling_errors_off_FLUX.rml
2025-02-07 22:54:52,668 - INFO - Prepared sim number: 37: RAYPy_Simulation_bessy2hi_56m_PGM_2Perc_coupling_errors_off_FLUX/round_5/37_bessy2hi_56m_PGM_2Perc_coupling_errors_off_FLUX.rml
2025-02-07 22:54:52,672 - INFO - Prepared sim number: 38: RAYPy_Simulation_bessy2hi_56m_PGM_2Perc_coupling_errors_off_FLUX/round_5/38_bessy2hi_56m_PGM_2Perc_coupling_errors_off_FLUX.rml
2025-02-07 22:54:52,675 - INFO - Prepared sim number: 39: RAYPy_Simulation_bessy2hi_56m_PGM_2Perc_coupling_errors_off_FLUX/round_5/39_bessy2hi_56m_PGM_2Perc_coupling_errors_off_FLUX.rml
2025-02-07 22:54:52,679 - INFO - Prepared sim number: 40: RAYPy_Simulation_bessy2hi_56m_PGM_2Perc_coupling_errors_off_FLUX/round_5/40_bessy2hi_56m_PGM_2Perc_coupling_errors_off_FLUX.rml
2025-02-07 22:54:52,686 - INFO - Prepared sim number: 41: RAYPy_Simulation_bessy2hi_56m_PGM_2Perc_coupling_errors_off_FLUX/round_5/41_bessy2hi_56m_PGM_2Perc_coupling_errors_off_FLUX.rml
2025-02-07 22:54:52,693 - INFO - Prepared sim number: 42: RAYPy_Simulation_bessy2hi_56m_PGM_2Perc_coupling_errors_off_FLUX/round_5/42_bessy2hi_56m_PGM_2Perc_coupling_errors_off_FLUX.rml
2025-02-07 22:54:52,698 - INFO - Prepared sim number: 43: RAYPy_Simulation_bessy2hi_56m_PGM_2Perc_coupling_errors_off_FLUX/round_5/43_bessy2hi_56m_PGM_2Perc_coupling_errors_off_FLUX.rml
2025-02-07 22:54:52,703 - INFO - Prepared sim number: 44: RAYPy_Simulation_bessy2hi_56m_PGM_2Perc_coupling_errors_off_FLUX/round_5/44_bessy2hi_56m_PGM_2Perc_coupling_errors_off_FLUX.rml
2025-02-07 22:54:52,704 - INFO - Waiting for batch number: 10, timeout: 87.09444517642258s
2025-02-07 22:55:05,605 - INFO - Completed: 1, remaining: 59, RAYPy_Simulation_bessy2hi_56m_PGM_2Perc_coupling_errors_off_FLUX/round_4/113_bessy2hi_56m_PGM_2Perc_coupling_errors_off_FLUX.rml
2025-02-07 22:55:05,639 - INFO - Completed: 2, remaining: 58, RAYPy_Simulation_bessy2hi_56m_PGM_2Perc_coupling_errors_off_FLUX/round_4/110_bessy2hi_56m_PGM_2Perc_coupling_errors_off_FLUX.rml
2025-02-07 22:55:05,708 - INFO - Completed: 3, remaining: 57, RAYPy_Simulation_bessy2hi_56m_PGM_2Perc_coupling_errors_off_FLUX/round_4/115_bessy2hi_56m_PGM_2Perc_coupling_errors_off_FLUX.rml
2025-02-07 22:55:05,838 - INFO - Completed: 4, remaining: 56, RAYPy_Simulation_bessy2hi_56m_PGM_2Perc_coupling_errors_off_FLUX/round_4/112_bessy2hi_56m_PGM_2Perc_coupling_errors_off_FLUX.rml
2025-02-07 22:55:05,869 - INFO - Completed: 5, remaining: 55, RAYPy_Simulation_bessy2hi_56m_PGM_2Perc_coupling_errors_off_FLUX/round_4/116_bessy2hi_56m_PGM_2Perc_coupling_errors_off_FLUX.rml
2025-02-07 22:55:06,060 - INFO - Completed: 6, remaining: 54, RAYPy_Simulation_bessy2hi_56m_PGM_2Perc_coupling_errors_off_FLUX/round_4/117_bessy2hi_56m_PGM_2Perc_coupling_errors_off_FLUX.rml
2025-02-07 22:55:06,451 - INFO - Completed: 7, remaining: 53, RAYPy_Simulation_bessy2hi_56m_PGM_2Perc_coupling_errors_off_FLUX/round_4/114_bessy2hi_56m_PGM_2Perc_coupling_errors_off_FLUX.rml
2025-02-07 22:55:07,521 - INFO - Completed: 8, remaining: 52, RAYPy_Simulation_bessy2hi_56m_PGM_2Perc_coupling_errors_off_FLUX/round_4/111_bessy2hi_56m_PGM_2Perc_coupling_errors_off_FLUX.rml
2025-02-07 22:55:07,700 - INFO - Completed: 9, remaining: 51, RAYPy_Simulation_bessy2hi_56m_PGM_2Perc_coupling_errors_off_FLUX/round_4/118_bessy2hi_56m_PGM_2Perc_coupling_errors_off_FLUX.rml
2025-02-07 22:55:07,791 - INFO - Completed: 10, remaining: 50, RAYPy_Simulation_bessy2hi_56m_PGM_2Perc_coupling_errors_off_FLUX/round_4/109_bessy2hi_56m_PGM_2Perc_coupling_errors_off_FLUX.rml
2025-02-07 22:55:07,818 - INFO - Completed: 11, remaining: 49, RAYPy_Simulation_bessy2hi_56m_PGM_2Perc_coupling_errors_off_FLUX/round_4/108_bessy2hi_56m_PGM_2Perc_coupling_errors_off_FLUX.rml
2025-02-07 22:55:18,529 - INFO - Completed: 12, remaining: 48, RAYPy_Simulation_bessy2hi_56m_PGM_2Perc_coupling_errors_off_FLUX/round_4/119_bessy2hi_56m_PGM_2Perc_coupling_errors_off_FLUX.rml
2025-02-07 22:55:18,936 - INFO - Completed: 13, remaining: 47, RAYPy_Simulation_bessy2hi_56m_PGM_2Perc_coupling_errors_off_FLUX/round_4/122_bessy2hi_56m_PGM_2Perc_coupling_errors_off_FLUX.rml
2025-02-07 22:55:19,073 - INFO - Completed: 14, remaining: 46, RAYPy_Simulation_bessy2hi_56m_PGM_2Perc_coupling_errors_off_FLUX/round_4/121_bessy2hi_56m_PGM_2Perc_coupling_errors_off_FLUX.rml
2025-02-07 22:55:19,184 - INFO - Completed: 15, remaining: 45, RAYPy_Simulation_bessy2hi_56m_PGM_2Perc_coupling_errors_off_FLUX/round_5/0_bessy2hi_56m_PGM_2Perc_coupling_errors_off_FLUX.rml
2025-02-07 22:55:19,479 - INFO - Completed: 16, remaining: 44, RAYPy_Simulation_bessy2hi_56m_PGM_2Perc_coupling_errors_off_FLUX/round_5/1_bessy2hi_56m_PGM_2Perc_coupling_errors_off_FLUX.rml
2025-02-07 22:55:19,690 - INFO - Completed: 17, remaining: 43, RAYPy_Simulation_bessy2hi_56m_PGM_2Perc_coupling_errors_off_FLUX/round_5/2_bessy2hi_56m_PGM_2Perc_coupling_errors_off_FLUX.rml
2025-02-07 22:55:20,324 - INFO - Completed: 18, remaining: 42, RAYPy_Simulation_bessy2hi_56m_PGM_2Perc_coupling_errors_off_FLUX/round_4/120_bessy2hi_56m_PGM_2Perc_coupling_errors_off_FLUX.rml
2025-02-07 22:55:20,760 - INFO - Completed: 19, remaining: 41, RAYPy_Simulation_bessy2hi_56m_PGM_2Perc_coupling_errors_off_FLUX/round_5/3_bessy2hi_56m_PGM_2Perc_coupling_errors_off_FLUX.rml
2025-02-07 22:55:20,968 - INFO - Completed: 20, remaining: 40, RAYPy_Simulation_bessy2hi_56m_PGM_2Perc_coupling_errors_off_FLUX/round_5/6_bessy2hi_56m_PGM_2Perc_coupling_errors_off_FLUX.rml
2025-02-07 22:55:20,990 - INFO - Completed: 21, remaining: 39, RAYPy_Simulation_bessy2hi_56m_PGM_2Perc_coupling_errors_off_FLUX/round_5/4_bessy2hi_56m_PGM_2Perc_coupling_errors_off_FLUX.rml
2025-02-07 22:55:21,073 - INFO - Completed: 22, remaining: 38, RAYPy_Simulation_bessy2hi_56m_PGM_2Perc_coupling_errors_off_FLUX/round_5/5_bessy2hi_56m_PGM_2Perc_coupling_errors_off_FLUX.rml
2025-02-07 22:55:31,069 - INFO - Completed: 23, remaining: 37, RAYPy_Simulation_bessy2hi_56m_PGM_2Perc_coupling_errors_off_FLUX/round_5/7_bessy2hi_56m_PGM_2Perc_coupling_errors_off_FLUX.rml
2025-02-07 22:55:32,055 - INFO - Completed: 24, remaining: 36, RAYPy_Simulation_bessy2hi_56m_PGM_2Perc_coupling_errors_off_FLUX/round_5/8_bessy2hi_56m_PGM_2Perc_coupling_errors_off_FLUX.rml
2025-02-07 22:55:32,516 - INFO - Completed: 25, remaining: 35, RAYPy_Simulation_bessy2hi_56m_PGM_2Perc_coupling_errors_off_FLUX/round_5/10_bessy2hi_56m_PGM_2Perc_coupling_errors_off_FLUX.rml
2025-02-07 22:55:32,920 - INFO - Completed: 26, remaining: 34, RAYPy_Simulation_bessy2hi_56m_PGM_2Perc_coupling_errors_off_FLUX/round_5/11_bessy2hi_56m_PGM_2Perc_coupling_errors_off_FLUX.rml
2025-02-07 22:55:33,124 - INFO - Completed: 27, remaining: 33, RAYPy_Simulation_bessy2hi_56m_PGM_2Perc_coupling_errors_off_FLUX/round_5/12_bessy2hi_56m_PGM_2Perc_coupling_errors_off_FLUX.rml
2025-02-07 22:55:34,030 - INFO - Completed: 28, remaining: 32, RAYPy_Simulation_bessy2hi_56m_PGM_2Perc_coupling_errors_off_FLUX/round_5/9_bessy2hi_56m_PGM_2Perc_coupling_errors_off_FLUX.rml
2025-02-07 22:55:34,222 - INFO - Completed: 29, remaining: 31, RAYPy_Simulation_bessy2hi_56m_PGM_2Perc_coupling_errors_off_FLUX/round_5/13_bessy2hi_56m_PGM_2Perc_coupling_errors_off_FLUX.rml
2025-02-07 22:55:34,823 - INFO - Completed: 30, remaining: 30, RAYPy_Simulation_bessy2hi_56m_PGM_2Perc_coupling_errors_off_FLUX/round_5/14_bessy2hi_56m_PGM_2Perc_coupling_errors_off_FLUX.rml
2025-02-07 22:55:34,909 - INFO - Completed: 31, remaining: 29, RAYPy_Simulation_bessy2hi_56m_PGM_2Perc_coupling_errors_off_FLUX/round_5/16_bessy2hi_56m_PGM_2Perc_coupling_errors_off_FLUX.rml
2025-02-07 22:55:34,959 - INFO - Completed: 32, remaining: 28, RAYPy_Simulation_bessy2hi_56m_PGM_2Perc_coupling_errors_off_FLUX/round_5/15_bessy2hi_56m_PGM_2Perc_coupling_errors_off_FLUX.rml
2025-02-07 22:55:35,236 - INFO - Completed: 33, remaining: 27, RAYPy_Simulation_bessy2hi_56m_PGM_2Perc_coupling_errors_off_FLUX/round_5/17_bessy2hi_56m_PGM_2Perc_coupling_errors_off_FLUX.rml
2025-02-07 22:55:43,891 - INFO - Completed: 34, remaining: 26, RAYPy_Simulation_bessy2hi_56m_PGM_2Perc_coupling_errors_off_FLUX/round_5/18_bessy2hi_56m_PGM_2Perc_coupling_errors_off_FLUX.rml
2025-02-07 22:55:44,904 - INFO - Completed: 35, remaining: 25, RAYPy_Simulation_bessy2hi_56m_PGM_2Perc_coupling_errors_off_FLUX/round_5/19_bessy2hi_56m_PGM_2Perc_coupling_errors_off_FLUX.rml
2025-02-07 22:55:45,943 - INFO - Completed: 36, remaining: 24, RAYPy_Simulation_bessy2hi_56m_PGM_2Perc_coupling_errors_off_FLUX/round_5/20_bessy2hi_56m_PGM_2Perc_coupling_errors_off_FLUX.rml
2025-02-07 22:55:46,370 - INFO - Completed: 37, remaining: 23, RAYPy_Simulation_bessy2hi_56m_PGM_2Perc_coupling_errors_off_FLUX/round_5/21_bessy2hi_56m_PGM_2Perc_coupling_errors_off_FLUX.rml
2025-02-07 22:55:46,631 - INFO - Completed: 38, remaining: 22, RAYPy_Simulation_bessy2hi_56m_PGM_2Perc_coupling_errors_off_FLUX/round_5/22_bessy2hi_56m_PGM_2Perc_coupling_errors_off_FLUX.rml
2025-02-07 22:55:47,996 - INFO - Completed: 39, remaining: 21, RAYPy_Simulation_bessy2hi_56m_PGM_2Perc_coupling_errors_off_FLUX/round_5/24_bessy2hi_56m_PGM_2Perc_coupling_errors_off_FLUX.rml
2025-02-07 22:55:48,566 - INFO - Completed: 40, remaining: 20, RAYPy_Simulation_bessy2hi_56m_PGM_2Perc_coupling_errors_off_FLUX/round_5/23_bessy2hi_56m_PGM_2Perc_coupling_errors_off_FLUX.rml
2025-02-07 22:55:48,713 - INFO - Completed: 41, remaining: 19, RAYPy_Simulation_bessy2hi_56m_PGM_2Perc_coupling_errors_off_FLUX/round_5/26_bessy2hi_56m_PGM_2Perc_coupling_errors_off_FLUX.rml
2025-02-07 22:55:48,786 - INFO - Completed: 42, remaining: 18, RAYPy_Simulation_bessy2hi_56m_PGM_2Perc_coupling_errors_off_FLUX/round_5/25_bessy2hi_56m_PGM_2Perc_coupling_errors_off_FLUX.rml
2025-02-07 22:55:48,847 - INFO - Completed: 43, remaining: 17, RAYPy_Simulation_bessy2hi_56m_PGM_2Perc_coupling_errors_off_FLUX/round_5/28_bessy2hi_56m_PGM_2Perc_coupling_errors_off_FLUX.rml
2025-02-07 22:55:48,897 - INFO - Completed: 44, remaining: 16, RAYPy_Simulation_bessy2hi_56m_PGM_2Perc_coupling_errors_off_FLUX/round_5/27_bessy2hi_56m_PGM_2Perc_coupling_errors_off_FLUX.rml
2025-02-07 22:55:56,980 - INFO - Completed: 45, remaining: 15, RAYPy_Simulation_bessy2hi_56m_PGM_2Perc_coupling_errors_off_FLUX/round_5/29_bessy2hi_56m_PGM_2Perc_coupling_errors_off_FLUX.rml
2025-02-07 22:55:58,009 - INFO - Completed: 46, remaining: 14, RAYPy_Simulation_bessy2hi_56m_PGM_2Perc_coupling_errors_off_FLUX/round_5/30_bessy2hi_56m_PGM_2Perc_coupling_errors_off_FLUX.rml
2025-02-07 22:56:00,100 - INFO - Completed: 47, remaining: 13, RAYPy_Simulation_bessy2hi_56m_PGM_2Perc_coupling_errors_off_FLUX/round_5/32_bessy2hi_56m_PGM_2Perc_coupling_errors_off_FLUX.rml
2025-02-07 22:56:00,642 - INFO - Completed: 48, remaining: 12, RAYPy_Simulation_bessy2hi_56m_PGM_2Perc_coupling_errors_off_FLUX/round_5/31_bessy2hi_56m_PGM_2Perc_coupling_errors_off_FLUX.rml
2025-02-07 22:56:00,708 - INFO - Completed: 49, remaining: 11, RAYPy_Simulation_bessy2hi_56m_PGM_2Perc_coupling_errors_off_FLUX/round_5/33_bessy2hi_56m_PGM_2Perc_coupling_errors_off_FLUX.rml
2025-02-07 22:56:02,179 - INFO - Completed: 50, remaining: 10, RAYPy_Simulation_bessy2hi_56m_PGM_2Perc_coupling_errors_off_FLUX/round_5/34_bessy2hi_56m_PGM_2Perc_coupling_errors_off_FLUX.rml
2025-02-07 22:56:02,920 - INFO - Completed: 51, remaining: 9, RAYPy_Simulation_bessy2hi_56m_PGM_2Perc_coupling_errors_off_FLUX/round_5/37_bessy2hi_56m_PGM_2Perc_coupling_errors_off_FLUX.rml
2025-02-07 22:56:02,994 - INFO - Completed: 52, remaining: 8, RAYPy_Simulation_bessy2hi_56m_PGM_2Perc_coupling_errors_off_FLUX/round_5/35_bessy2hi_56m_PGM_2Perc_coupling_errors_off_FLUX.rml
2025-02-07 22:56:03,055 - INFO - Completed: 53, remaining: 7, RAYPy_Simulation_bessy2hi_56m_PGM_2Perc_coupling_errors_off_FLUX/round_5/36_bessy2hi_56m_PGM_2Perc_coupling_errors_off_FLUX.rml
2025-02-07 22:56:03,124 - INFO - Completed: 54, remaining: 6, RAYPy_Simulation_bessy2hi_56m_PGM_2Perc_coupling_errors_off_FLUX/round_5/38_bessy2hi_56m_PGM_2Perc_coupling_errors_off_FLUX.rml
2025-02-07 22:56:03,234 - INFO - Completed: 55, remaining: 5, RAYPy_Simulation_bessy2hi_56m_PGM_2Perc_coupling_errors_off_FLUX/round_5/39_bessy2hi_56m_PGM_2Perc_coupling_errors_off_FLUX.rml
2025-02-07 22:56:06,895 - INFO - Completed: 56, remaining: 4, RAYPy_Simulation_bessy2hi_56m_PGM_2Perc_coupling_errors_off_FLUX/round_5/41_bessy2hi_56m_PGM_2Perc_coupling_errors_off_FLUX.rml
2025-02-07 22:56:06,986 - INFO - Completed: 57, remaining: 3, RAYPy_Simulation_bessy2hi_56m_PGM_2Perc_coupling_errors_off_FLUX/round_5/40_bessy2hi_56m_PGM_2Perc_coupling_errors_off_FLUX.rml
2025-02-07 22:56:07,788 - INFO - Completed: 58, remaining: 2, RAYPy_Simulation_bessy2hi_56m_PGM_2Perc_coupling_errors_off_FLUX/round_5/42_bessy2hi_56m_PGM_2Perc_coupling_errors_off_FLUX.rml
2025-02-07 22:56:07,927 - INFO - Completed: 59, remaining: 1, RAYPy_Simulation_bessy2hi_56m_PGM_2Perc_coupling_errors_off_FLUX/round_5/44_bessy2hi_56m_PGM_2Perc_coupling_errors_off_FLUX.rml
2025-02-07 22:56:07,959 - INFO - Completed: 60, remaining: 0, RAYPy_Simulation_bessy2hi_56m_PGM_2Perc_coupling_errors_off_FLUX/round_5/43_bessy2hi_56m_PGM_2Perc_coupling_errors_off_FLUX.rml
2025-02-07 22:56:07,959 - INFO - Batch Completed
2025-02-07 22:56:07,959 - INFO - Waiting For batch, 60 simulations to go
2025-02-07 22:56:07,968 - INFO - Prepared sim number: 45: RAYPy_Simulation_bessy2hi_56m_PGM_2Perc_coupling_errors_off_FLUX/round_5/45_bessy2hi_56m_PGM_2Perc_coupling_errors_off_FLUX.rml
2025-02-07 22:56:07,975 - INFO - Prepared sim number: 46: RAYPy_Simulation_bessy2hi_56m_PGM_2Perc_coupling_errors_off_FLUX/round_5/46_bessy2hi_56m_PGM_2Perc_coupling_errors_off_FLUX.rml
2025-02-07 22:56:07,981 - INFO - Prepared sim number: 47: RAYPy_Simulation_bessy2hi_56m_PGM_2Perc_coupling_errors_off_FLUX/round_5/47_bessy2hi_56m_PGM_2Perc_coupling_errors_off_FLUX.rml
2025-02-07 22:56:07,986 - INFO - Prepared sim number: 48: RAYPy_Simulation_bessy2hi_56m_PGM_2Perc_coupling_errors_off_FLUX/round_5/48_bessy2hi_56m_PGM_2Perc_coupling_errors_off_FLUX.rml
2025-02-07 22:56:07,994 - INFO - Prepared sim number: 49: RAYPy_Simulation_bessy2hi_56m_PGM_2Perc_coupling_errors_off_FLUX/round_5/49_bessy2hi_56m_PGM_2Perc_coupling_errors_off_FLUX.rml
2025-02-07 22:56:07,999 - INFO - Prepared sim number: 50: RAYPy_Simulation_bessy2hi_56m_PGM_2Perc_coupling_errors_off_FLUX/round_5/50_bessy2hi_56m_PGM_2Perc_coupling_errors_off_FLUX.rml
2025-02-07 22:56:08,004 - INFO - Prepared sim number: 51: RAYPy_Simulation_bessy2hi_56m_PGM_2Perc_coupling_errors_off_FLUX/round_5/51_bessy2hi_56m_PGM_2Perc_coupling_errors_off_FLUX.rml
2025-02-07 22:56:08,009 - INFO - Prepared sim number: 52: RAYPy_Simulation_bessy2hi_56m_PGM_2Perc_coupling_errors_off_FLUX/round_5/52_bessy2hi_56m_PGM_2Perc_coupling_errors_off_FLUX.rml
2025-02-07 22:56:08,014 - INFO - Prepared sim number: 53: RAYPy_Simulation_bessy2hi_56m_PGM_2Perc_coupling_errors_off_FLUX/round_5/53_bessy2hi_56m_PGM_2Perc_coupling_errors_off_FLUX.rml
2025-02-07 22:56:08,018 - INFO - Prepared sim number: 54: RAYPy_Simulation_bessy2hi_56m_PGM_2Perc_coupling_errors_off_FLUX/round_5/54_bessy2hi_56m_PGM_2Perc_coupling_errors_off_FLUX.rml
2025-02-07 22:56:08,023 - INFO - Prepared sim number: 55: RAYPy_Simulation_bessy2hi_56m_PGM_2Perc_coupling_errors_off_FLUX/round_5/55_bessy2hi_56m_PGM_2Perc_coupling_errors_off_FLUX.rml
2025-02-07 22:56:08,027 - INFO - Prepared sim number: 56: RAYPy_Simulation_bessy2hi_56m_PGM_2Perc_coupling_errors_off_FLUX/round_5/56_bessy2hi_56m_PGM_2Perc_coupling_errors_off_FLUX.rml
2025-02-07 22:56:08,032 - INFO - Prepared sim number: 57: RAYPy_Simulation_bessy2hi_56m_PGM_2Perc_coupling_errors_off_FLUX/round_5/57_bessy2hi_56m_PGM_2Perc_coupling_errors_off_FLUX.rml
2025-02-07 22:56:08,036 - INFO - Prepared sim number: 58: RAYPy_Simulation_bessy2hi_56m_PGM_2Perc_coupling_errors_off_FLUX/round_5/58_bessy2hi_56m_PGM_2Perc_coupling_errors_off_FLUX.rml
2025-02-07 22:56:08,040 - INFO - Prepared sim number: 59: RAYPy_Simulation_bessy2hi_56m_PGM_2Perc_coupling_errors_off_FLUX/round_5/59_bessy2hi_56m_PGM_2Perc_coupling_errors_off_FLUX.rml
2025-02-07 22:56:08,044 - INFO - Prepared sim number: 60: RAYPy_Simulation_bessy2hi_56m_PGM_2Perc_coupling_errors_off_FLUX/round_5/60_bessy2hi_56m_PGM_2Perc_coupling_errors_off_FLUX.rml
2025-02-07 22:56:08,048 - INFO - Prepared sim number: 61: RAYPy_Simulation_bessy2hi_56m_PGM_2Perc_coupling_errors_off_FLUX/round_5/61_bessy2hi_56m_PGM_2Perc_coupling_errors_off_FLUX.rml
2025-02-07 22:56:08,053 - INFO - Prepared sim number: 62: RAYPy_Simulation_bessy2hi_56m_PGM_2Perc_coupling_errors_off_FLUX/round_5/62_bessy2hi_56m_PGM_2Perc_coupling_errors_off_FLUX.rml
2025-02-07 22:56:08,058 - INFO - Prepared sim number: 63: RAYPy_Simulation_bessy2hi_56m_PGM_2Perc_coupling_errors_off_FLUX/round_5/63_bessy2hi_56m_PGM_2Perc_coupling_errors_off_FLUX.rml
2025-02-07 22:56:08,062 - INFO - Prepared sim number: 64: RAYPy_Simulation_bessy2hi_56m_PGM_2Perc_coupling_errors_off_FLUX/round_5/64_bessy2hi_56m_PGM_2Perc_coupling_errors_off_FLUX.rml
2025-02-07 22:56:08,066 - INFO - Prepared sim number: 65: RAYPy_Simulation_bessy2hi_56m_PGM_2Perc_coupling_errors_off_FLUX/round_5/65_bessy2hi_56m_PGM_2Perc_coupling_errors_off_FLUX.rml
2025-02-07 22:56:08,070 - INFO - Prepared sim number: 66: RAYPy_Simulation_bessy2hi_56m_PGM_2Perc_coupling_errors_off_FLUX/round_5/66_bessy2hi_56m_PGM_2Perc_coupling_errors_off_FLUX.rml
2025-02-07 22:56:08,074 - INFO - Prepared sim number: 67: RAYPy_Simulation_bessy2hi_56m_PGM_2Perc_coupling_errors_off_FLUX/round_5/67_bessy2hi_56m_PGM_2Perc_coupling_errors_off_FLUX.rml
2025-02-07 22:56:08,077 - INFO - Prepared sim number: 68: RAYPy_Simulation_bessy2hi_56m_PGM_2Perc_coupling_errors_off_FLUX/round_5/68_bessy2hi_56m_PGM_2Perc_coupling_errors_off_FLUX.rml
2025-02-07 22:56:08,081 - INFO - Prepared sim number: 69: RAYPy_Simulation_bessy2hi_56m_PGM_2Perc_coupling_errors_off_FLUX/round_5/69_bessy2hi_56m_PGM_2Perc_coupling_errors_off_FLUX.rml
2025-02-07 22:56:08,085 - INFO - Prepared sim number: 70: RAYPy_Simulation_bessy2hi_56m_PGM_2Perc_coupling_errors_off_FLUX/round_5/70_bessy2hi_56m_PGM_2Perc_coupling_errors_off_FLUX.rml
2025-02-07 22:56:08,089 - INFO - Prepared sim number: 71: RAYPy_Simulation_bessy2hi_56m_PGM_2Perc_coupling_errors_off_FLUX/round_5/71_bessy2hi_56m_PGM_2Perc_coupling_errors_off_FLUX.rml
2025-02-07 22:56:08,092 - INFO - Prepared sim number: 72: RAYPy_Simulation_bessy2hi_56m_PGM_2Perc_coupling_errors_off_FLUX/round_5/72_bessy2hi_56m_PGM_2Perc_coupling_errors_off_FLUX.rml
2025-02-07 22:56:08,097 - INFO - Prepared sim number: 73: RAYPy_Simulation_bessy2hi_56m_PGM_2Perc_coupling_errors_off_FLUX/round_5/73_bessy2hi_56m_PGM_2Perc_coupling_errors_off_FLUX.rml
2025-02-07 22:56:08,101 - INFO - Prepared sim number: 74: RAYPy_Simulation_bessy2hi_56m_PGM_2Perc_coupling_errors_off_FLUX/round_5/74_bessy2hi_56m_PGM_2Perc_coupling_errors_off_FLUX.rml
2025-02-07 22:56:08,104 - INFO - Prepared sim number: 75: RAYPy_Simulation_bessy2hi_56m_PGM_2Perc_coupling_errors_off_FLUX/round_5/75_bessy2hi_56m_PGM_2Perc_coupling_errors_off_FLUX.rml
2025-02-07 22:56:08,108 - INFO - Prepared sim number: 76: RAYPy_Simulation_bessy2hi_56m_PGM_2Perc_coupling_errors_off_FLUX/round_5/76_bessy2hi_56m_PGM_2Perc_coupling_errors_off_FLUX.rml
2025-02-07 22:56:08,113 - INFO - Prepared sim number: 77: RAYPy_Simulation_bessy2hi_56m_PGM_2Perc_coupling_errors_off_FLUX/round_5/77_bessy2hi_56m_PGM_2Perc_coupling_errors_off_FLUX.rml
2025-02-07 22:56:08,117 - INFO - Prepared sim number: 78: RAYPy_Simulation_bessy2hi_56m_PGM_2Perc_coupling_errors_off_FLUX/round_5/78_bessy2hi_56m_PGM_2Perc_coupling_errors_off_FLUX.rml
2025-02-07 22:56:08,121 - INFO - Prepared sim number: 79: RAYPy_Simulation_bessy2hi_56m_PGM_2Perc_coupling_errors_off_FLUX/round_5/79_bessy2hi_56m_PGM_2Perc_coupling_errors_off_FLUX.rml
2025-02-07 22:56:08,124 - INFO - Prepared sim number: 80: RAYPy_Simulation_bessy2hi_56m_PGM_2Perc_coupling_errors_off_FLUX/round_5/80_bessy2hi_56m_PGM_2Perc_coupling_errors_off_FLUX.rml
2025-02-07 22:56:08,128 - INFO - Prepared sim number: 81: RAYPy_Simulation_bessy2hi_56m_PGM_2Perc_coupling_errors_off_FLUX/round_5/81_bessy2hi_56m_PGM_2Perc_coupling_errors_off_FLUX.rml
2025-02-07 22:56:08,133 - INFO - Prepared sim number: 82: RAYPy_Simulation_bessy2hi_56m_PGM_2Perc_coupling_errors_off_FLUX/round_5/82_bessy2hi_56m_PGM_2Perc_coupling_errors_off_FLUX.rml
2025-02-07 22:56:08,136 - INFO - Prepared sim number: 83: RAYPy_Simulation_bessy2hi_56m_PGM_2Perc_coupling_errors_off_FLUX/round_5/83_bessy2hi_56m_PGM_2Perc_coupling_errors_off_FLUX.rml
2025-02-07 22:56:08,140 - INFO - Prepared sim number: 84: RAYPy_Simulation_bessy2hi_56m_PGM_2Perc_coupling_errors_off_FLUX/round_5/84_bessy2hi_56m_PGM_2Perc_coupling_errors_off_FLUX.rml
2025-02-07 22:56:08,144 - INFO - Prepared sim number: 85: RAYPy_Simulation_bessy2hi_56m_PGM_2Perc_coupling_errors_off_FLUX/round_5/85_bessy2hi_56m_PGM_2Perc_coupling_errors_off_FLUX.rml
2025-02-07 22:56:08,148 - INFO - Prepared sim number: 86: RAYPy_Simulation_bessy2hi_56m_PGM_2Perc_coupling_errors_off_FLUX/round_5/86_bessy2hi_56m_PGM_2Perc_coupling_errors_off_FLUX.rml
2025-02-07 22:56:08,152 - INFO - Prepared sim number: 87: RAYPy_Simulation_bessy2hi_56m_PGM_2Perc_coupling_errors_off_FLUX/round_5/87_bessy2hi_56m_PGM_2Perc_coupling_errors_off_FLUX.rml
2025-02-07 22:56:08,156 - INFO - Prepared sim number: 88: RAYPy_Simulation_bessy2hi_56m_PGM_2Perc_coupling_errors_off_FLUX/round_5/88_bessy2hi_56m_PGM_2Perc_coupling_errors_off_FLUX.rml
2025-02-07 22:56:08,160 - INFO - Prepared sim number: 89: RAYPy_Simulation_bessy2hi_56m_PGM_2Perc_coupling_errors_off_FLUX/round_5/89_bessy2hi_56m_PGM_2Perc_coupling_errors_off_FLUX.rml
2025-02-07 22:56:08,164 - INFO - Prepared sim number: 90: RAYPy_Simulation_bessy2hi_56m_PGM_2Perc_coupling_errors_off_FLUX/round_5/90_bessy2hi_56m_PGM_2Perc_coupling_errors_off_FLUX.rml
2025-02-07 22:56:08,168 - INFO - Prepared sim number: 91: RAYPy_Simulation_bessy2hi_56m_PGM_2Perc_coupling_errors_off_FLUX/round_5/91_bessy2hi_56m_PGM_2Perc_coupling_errors_off_FLUX.rml
2025-02-07 22:56:08,172 - INFO - Prepared sim number: 92: RAYPy_Simulation_bessy2hi_56m_PGM_2Perc_coupling_errors_off_FLUX/round_5/92_bessy2hi_56m_PGM_2Perc_coupling_errors_off_FLUX.rml
2025-02-07 22:56:08,176 - INFO - Prepared sim number: 93: RAYPy_Simulation_bessy2hi_56m_PGM_2Perc_coupling_errors_off_FLUX/round_5/93_bessy2hi_56m_PGM_2Perc_coupling_errors_off_FLUX.rml
2025-02-07 22:56:08,179 - INFO - Prepared sim number: 94: RAYPy_Simulation_bessy2hi_56m_PGM_2Perc_coupling_errors_off_FLUX/round_5/94_bessy2hi_56m_PGM_2Perc_coupling_errors_off_FLUX.rml
2025-02-07 22:56:08,183 - INFO - Prepared sim number: 95: RAYPy_Simulation_bessy2hi_56m_PGM_2Perc_coupling_errors_off_FLUX/round_5/95_bessy2hi_56m_PGM_2Perc_coupling_errors_off_FLUX.rml
2025-02-07 22:56:08,188 - INFO - Prepared sim number: 96: RAYPy_Simulation_bessy2hi_56m_PGM_2Perc_coupling_errors_off_FLUX/round_5/96_bessy2hi_56m_PGM_2Perc_coupling_errors_off_FLUX.rml
2025-02-07 22:56:08,191 - INFO - Prepared sim number: 97: RAYPy_Simulation_bessy2hi_56m_PGM_2Perc_coupling_errors_off_FLUX/round_5/97_bessy2hi_56m_PGM_2Perc_coupling_errors_off_FLUX.rml
2025-02-07 22:56:08,195 - INFO - Prepared sim number: 98: RAYPy_Simulation_bessy2hi_56m_PGM_2Perc_coupling_errors_off_FLUX/round_5/98_bessy2hi_56m_PGM_2Perc_coupling_errors_off_FLUX.rml
2025-02-07 22:56:08,199 - INFO - Prepared sim number: 99: RAYPy_Simulation_bessy2hi_56m_PGM_2Perc_coupling_errors_off_FLUX/round_5/99_bessy2hi_56m_PGM_2Perc_coupling_errors_off_FLUX.rml
2025-02-07 22:56:08,203 - INFO - Prepared sim number: 100: RAYPy_Simulation_bessy2hi_56m_PGM_2Perc_coupling_errors_off_FLUX/round_5/100_bessy2hi_56m_PGM_2Perc_coupling_errors_off_FLUX.rml
2025-02-07 22:56:08,207 - INFO - Prepared sim number: 101: RAYPy_Simulation_bessy2hi_56m_PGM_2Perc_coupling_errors_off_FLUX/round_5/101_bessy2hi_56m_PGM_2Perc_coupling_errors_off_FLUX.rml
2025-02-07 22:56:08,211 - INFO - Prepared sim number: 102: RAYPy_Simulation_bessy2hi_56m_PGM_2Perc_coupling_errors_off_FLUX/round_5/102_bessy2hi_56m_PGM_2Perc_coupling_errors_off_FLUX.rml
2025-02-07 22:56:08,214 - INFO - Prepared sim number: 103: RAYPy_Simulation_bessy2hi_56m_PGM_2Perc_coupling_errors_off_FLUX/round_5/103_bessy2hi_56m_PGM_2Perc_coupling_errors_off_FLUX.rml
2025-02-07 22:56:08,218 - INFO - Prepared sim number: 104: RAYPy_Simulation_bessy2hi_56m_PGM_2Perc_coupling_errors_off_FLUX/round_5/104_bessy2hi_56m_PGM_2Perc_coupling_errors_off_FLUX.rml
2025-02-07 22:56:08,219 - INFO - Waiting for batch number: 11, timeout: 86.38062940003736s
2025-02-07 22:56:21,796 - INFO - Completed: 1, remaining: 59, RAYPy_Simulation_bessy2hi_56m_PGM_2Perc_coupling_errors_off_FLUX/round_5/49_bessy2hi_56m_PGM_2Perc_coupling_errors_off_FLUX.rml
2025-02-07 22:56:21,803 - INFO - Completed: 2, remaining: 58, RAYPy_Simulation_bessy2hi_56m_PGM_2Perc_coupling_errors_off_FLUX/round_5/46_bessy2hi_56m_PGM_2Perc_coupling_errors_off_FLUX.rml
2025-02-07 22:56:21,893 - INFO - Completed: 3, remaining: 57, RAYPy_Simulation_bessy2hi_56m_PGM_2Perc_coupling_errors_off_FLUX/round_5/52_bessy2hi_56m_PGM_2Perc_coupling_errors_off_FLUX.rml
2025-02-07 22:56:21,926 - INFO - Completed: 4, remaining: 56, RAYPy_Simulation_bessy2hi_56m_PGM_2Perc_coupling_errors_off_FLUX/round_5/47_bessy2hi_56m_PGM_2Perc_coupling_errors_off_FLUX.rml
2025-02-07 22:56:22,007 - INFO - Completed: 5, remaining: 55, RAYPy_Simulation_bessy2hi_56m_PGM_2Perc_coupling_errors_off_FLUX/round_5/51_bessy2hi_56m_PGM_2Perc_coupling_errors_off_FLUX.rml
2025-02-07 22:56:22,203 - INFO - Completed: 6, remaining: 54, RAYPy_Simulation_bessy2hi_56m_PGM_2Perc_coupling_errors_off_FLUX/round_5/54_bessy2hi_56m_PGM_2Perc_coupling_errors_off_FLUX.rml
2025-02-07 22:56:22,236 - INFO - Completed: 7, remaining: 53, RAYPy_Simulation_bessy2hi_56m_PGM_2Perc_coupling_errors_off_FLUX/round_5/48_bessy2hi_56m_PGM_2Perc_coupling_errors_off_FLUX.rml
2025-02-07 22:56:22,258 - INFO - Completed: 8, remaining: 52, RAYPy_Simulation_bessy2hi_56m_PGM_2Perc_coupling_errors_off_FLUX/round_5/55_bessy2hi_56m_PGM_2Perc_coupling_errors_off_FLUX.rml
2025-02-07 22:56:23,121 - INFO - Completed: 9, remaining: 51, RAYPy_Simulation_bessy2hi_56m_PGM_2Perc_coupling_errors_off_FLUX/round_5/53_bessy2hi_56m_PGM_2Perc_coupling_errors_off_FLUX.rml
2025-02-07 22:56:23,364 - INFO - Completed: 10, remaining: 50, RAYPy_Simulation_bessy2hi_56m_PGM_2Perc_coupling_errors_off_FLUX/round_5/50_bessy2hi_56m_PGM_2Perc_coupling_errors_off_FLUX.rml
2025-02-07 22:56:23,416 - INFO - Completed: 11, remaining: 49, RAYPy_Simulation_bessy2hi_56m_PGM_2Perc_coupling_errors_off_FLUX/round_5/45_bessy2hi_56m_PGM_2Perc_coupling_errors_off_FLUX.rml
2025-02-07 22:56:35,548 - INFO - Completed: 12, remaining: 48, RAYPy_Simulation_bessy2hi_56m_PGM_2Perc_coupling_errors_off_FLUX/round_5/56_bessy2hi_56m_PGM_2Perc_coupling_errors_off_FLUX.rml
2025-02-07 22:56:35,614 - INFO - Completed: 13, remaining: 47, RAYPy_Simulation_bessy2hi_56m_PGM_2Perc_coupling_errors_off_FLUX/round_5/57_bessy2hi_56m_PGM_2Perc_coupling_errors_off_FLUX.rml
2025-02-07 22:56:35,702 - INFO - Completed: 14, remaining: 46, RAYPy_Simulation_bessy2hi_56m_PGM_2Perc_coupling_errors_off_FLUX/round_5/59_bessy2hi_56m_PGM_2Perc_coupling_errors_off_FLUX.rml
2025-02-07 22:56:35,859 - INFO - Completed: 15, remaining: 45, RAYPy_Simulation_bessy2hi_56m_PGM_2Perc_coupling_errors_off_FLUX/round_5/60_bessy2hi_56m_PGM_2Perc_coupling_errors_off_FLUX.rml
2025-02-07 22:56:35,894 - INFO - Completed: 16, remaining: 44, RAYPy_Simulation_bessy2hi_56m_PGM_2Perc_coupling_errors_off_FLUX/round_5/61_bessy2hi_56m_PGM_2Perc_coupling_errors_off_FLUX.rml
2025-02-07 22:56:35,929 - INFO - Completed: 17, remaining: 43, RAYPy_Simulation_bessy2hi_56m_PGM_2Perc_coupling_errors_off_FLUX/round_5/58_bessy2hi_56m_PGM_2Perc_coupling_errors_off_FLUX.rml
2025-02-07 22:56:35,961 - INFO - Completed: 18, remaining: 42, RAYPy_Simulation_bessy2hi_56m_PGM_2Perc_coupling_errors_off_FLUX/round_5/62_bessy2hi_56m_PGM_2Perc_coupling_errors_off_FLUX.rml
2025-02-07 22:56:37,002 - INFO - Completed: 19, remaining: 41, RAYPy_Simulation_bessy2hi_56m_PGM_2Perc_coupling_errors_off_FLUX/round_5/66_bessy2hi_56m_PGM_2Perc_coupling_errors_off_FLUX.rml
2025-02-07 22:56:37,037 - INFO - Completed: 20, remaining: 40, RAYPy_Simulation_bessy2hi_56m_PGM_2Perc_coupling_errors_off_FLUX/round_5/64_bessy2hi_56m_PGM_2Perc_coupling_errors_off_FLUX.rml
2025-02-07 22:56:37,069 - INFO - Completed: 21, remaining: 39, RAYPy_Simulation_bessy2hi_56m_PGM_2Perc_coupling_errors_off_FLUX/round_5/63_bessy2hi_56m_PGM_2Perc_coupling_errors_off_FLUX.rml
2025-02-07 22:56:37,090 - INFO - Completed: 22, remaining: 38, RAYPy_Simulation_bessy2hi_56m_PGM_2Perc_coupling_errors_off_FLUX/round_5/65_bessy2hi_56m_PGM_2Perc_coupling_errors_off_FLUX.rml
2025-02-07 22:56:49,448 - INFO - Completed: 23, remaining: 37, RAYPy_Simulation_bessy2hi_56m_PGM_2Perc_coupling_errors_off_FLUX/round_5/67_bessy2hi_56m_PGM_2Perc_coupling_errors_off_FLUX.rml
2025-02-07 22:56:49,939 - INFO - Completed: 24, remaining: 36, RAYPy_Simulation_bessy2hi_56m_PGM_2Perc_coupling_errors_off_FLUX/round_5/69_bessy2hi_56m_PGM_2Perc_coupling_errors_off_FLUX.rml
2025-02-07 22:56:50,470 - INFO - Completed: 25, remaining: 35, RAYPy_Simulation_bessy2hi_56m_PGM_2Perc_coupling_errors_off_FLUX/round_5/68_bessy2hi_56m_PGM_2Perc_coupling_errors_off_FLUX.rml
2025-02-07 22:56:50,532 - INFO - Completed: 26, remaining: 34, RAYPy_Simulation_bessy2hi_56m_PGM_2Perc_coupling_errors_off_FLUX/round_5/73_bessy2hi_56m_PGM_2Perc_coupling_errors_off_FLUX.rml
2025-02-07 22:56:50,641 - INFO - Completed: 27, remaining: 33, RAYPy_Simulation_bessy2hi_56m_PGM_2Perc_coupling_errors_off_FLUX/round_5/72_bessy2hi_56m_PGM_2Perc_coupling_errors_off_FLUX.rml
2025-02-07 22:56:50,850 - INFO - Completed: 28, remaining: 32, RAYPy_Simulation_bessy2hi_56m_PGM_2Perc_coupling_errors_off_FLUX/round_5/71_bessy2hi_56m_PGM_2Perc_coupling_errors_off_FLUX.rml
2025-02-07 22:56:51,025 - INFO - Completed: 29, remaining: 31, RAYPy_Simulation_bessy2hi_56m_PGM_2Perc_coupling_errors_off_FLUX/round_5/70_bessy2hi_56m_PGM_2Perc_coupling_errors_off_FLUX.rml
2025-02-07 22:56:51,374 - INFO - Completed: 30, remaining: 30, RAYPy_Simulation_bessy2hi_56m_PGM_2Perc_coupling_errors_off_FLUX/round_5/75_bessy2hi_56m_PGM_2Perc_coupling_errors_off_FLUX.rml
2025-02-07 22:56:51,508 - INFO - Completed: 31, remaining: 29, RAYPy_Simulation_bessy2hi_56m_PGM_2Perc_coupling_errors_off_FLUX/round_5/77_bessy2hi_56m_PGM_2Perc_coupling_errors_off_FLUX.rml
2025-02-07 22:56:51,631 - INFO - Completed: 32, remaining: 28, RAYPy_Simulation_bessy2hi_56m_PGM_2Perc_coupling_errors_off_FLUX/round_5/74_bessy2hi_56m_PGM_2Perc_coupling_errors_off_FLUX.rml
2025-02-07 22:56:52,038 - INFO - Completed: 33, remaining: 27, RAYPy_Simulation_bessy2hi_56m_PGM_2Perc_coupling_errors_off_FLUX/round_5/76_bessy2hi_56m_PGM_2Perc_coupling_errors_off_FLUX.rml
2025-02-07 22:57:02,372 - INFO - Completed: 34, remaining: 26, RAYPy_Simulation_bessy2hi_56m_PGM_2Perc_coupling_errors_off_FLUX/round_5/78_bessy2hi_56m_PGM_2Perc_coupling_errors_off_FLUX.rml
2025-02-07 22:57:04,505 - INFO - Completed: 35, remaining: 25, RAYPy_Simulation_bessy2hi_56m_PGM_2Perc_coupling_errors_off_FLUX/round_5/81_bessy2hi_56m_PGM_2Perc_coupling_errors_off_FLUX.rml
2025-02-07 22:57:04,956 - INFO - Completed: 36, remaining: 24, RAYPy_Simulation_bessy2hi_56m_PGM_2Perc_coupling_errors_off_FLUX/round_5/83_bessy2hi_56m_PGM_2Perc_coupling_errors_off_FLUX.rml
2025-02-07 22:57:05,062 - INFO - Completed: 37, remaining: 23, RAYPy_Simulation_bessy2hi_56m_PGM_2Perc_coupling_errors_off_FLUX/round_5/82_bessy2hi_56m_PGM_2Perc_coupling_errors_off_FLUX.rml
2025-02-07 22:57:05,196 - INFO - Completed: 38, remaining: 22, RAYPy_Simulation_bessy2hi_56m_PGM_2Perc_coupling_errors_off_FLUX/round_5/84_bessy2hi_56m_PGM_2Perc_coupling_errors_off_FLUX.rml
2025-02-07 22:57:05,352 - INFO - Completed: 39, remaining: 21, RAYPy_Simulation_bessy2hi_56m_PGM_2Perc_coupling_errors_off_FLUX/round_5/80_bessy2hi_56m_PGM_2Perc_coupling_errors_off_FLUX.rml
2025-02-07 22:57:05,525 - INFO - Completed: 40, remaining: 20, RAYPy_Simulation_bessy2hi_56m_PGM_2Perc_coupling_errors_off_FLUX/round_5/79_bessy2hi_56m_PGM_2Perc_coupling_errors_off_FLUX.rml
2025-02-07 22:57:05,679 - INFO - Completed: 41, remaining: 19, RAYPy_Simulation_bessy2hi_56m_PGM_2Perc_coupling_errors_off_FLUX/round_5/85_bessy2hi_56m_PGM_2Perc_coupling_errors_off_FLUX.rml
2025-02-07 22:57:05,773 - INFO - Completed: 42, remaining: 18, RAYPy_Simulation_bessy2hi_56m_PGM_2Perc_coupling_errors_off_FLUX/round_5/86_bessy2hi_56m_PGM_2Perc_coupling_errors_off_FLUX.rml
2025-02-07 22:57:05,911 - INFO - Completed: 43, remaining: 17, RAYPy_Simulation_bessy2hi_56m_PGM_2Perc_coupling_errors_off_FLUX/round_5/87_bessy2hi_56m_PGM_2Perc_coupling_errors_off_FLUX.rml
2025-02-07 22:57:06,005 - INFO - Completed: 44, remaining: 16, RAYPy_Simulation_bessy2hi_56m_PGM_2Perc_coupling_errors_off_FLUX/round_5/88_bessy2hi_56m_PGM_2Perc_coupling_errors_off_FLUX.rml
2025-02-07 22:57:16,228 - INFO - Completed: 45, remaining: 15, RAYPy_Simulation_bessy2hi_56m_PGM_2Perc_coupling_errors_off_FLUX/round_5/89_bessy2hi_56m_PGM_2Perc_coupling_errors_off_FLUX.rml
2025-02-07 22:57:18,163 - INFO - Completed: 46, remaining: 14, RAYPy_Simulation_bessy2hi_56m_PGM_2Perc_coupling_errors_off_FLUX/round_5/90_bessy2hi_56m_PGM_2Perc_coupling_errors_off_FLUX.rml
2025-02-07 22:57:19,172 - INFO - Completed: 47, remaining: 13, RAYPy_Simulation_bessy2hi_56m_PGM_2Perc_coupling_errors_off_FLUX/round_5/92_bessy2hi_56m_PGM_2Perc_coupling_errors_off_FLUX.rml
2025-02-07 22:57:19,334 - INFO - Completed: 48, remaining: 12, RAYPy_Simulation_bessy2hi_56m_PGM_2Perc_coupling_errors_off_FLUX/round_5/91_bessy2hi_56m_PGM_2Perc_coupling_errors_off_FLUX.rml
2025-02-07 22:57:19,422 - INFO - Completed: 49, remaining: 11, RAYPy_Simulation_bessy2hi_56m_PGM_2Perc_coupling_errors_off_FLUX/round_5/93_bessy2hi_56m_PGM_2Perc_coupling_errors_off_FLUX.rml
2025-02-07 22:57:19,629 - INFO - Completed: 50, remaining: 10, RAYPy_Simulation_bessy2hi_56m_PGM_2Perc_coupling_errors_off_FLUX/round_5/96_bessy2hi_56m_PGM_2Perc_coupling_errors_off_FLUX.rml
2025-02-07 22:57:19,791 - INFO - Completed: 51, remaining: 9, RAYPy_Simulation_bessy2hi_56m_PGM_2Perc_coupling_errors_off_FLUX/round_5/94_bessy2hi_56m_PGM_2Perc_coupling_errors_off_FLUX.rml
2025-02-07 22:57:19,916 - INFO - Completed: 52, remaining: 8, RAYPy_Simulation_bessy2hi_56m_PGM_2Perc_coupling_errors_off_FLUX/round_5/97_bessy2hi_56m_PGM_2Perc_coupling_errors_off_FLUX.rml
2025-02-07 22:57:19,926 - INFO - Completed: 53, remaining: 7, RAYPy_Simulation_bessy2hi_56m_PGM_2Perc_coupling_errors_off_FLUX/round_5/95_bessy2hi_56m_PGM_2Perc_coupling_errors_off_FLUX.rml
2025-02-07 22:57:19,997 - INFO - Completed: 54, remaining: 6, RAYPy_Simulation_bessy2hi_56m_PGM_2Perc_coupling_errors_off_FLUX/round_5/99_bessy2hi_56m_PGM_2Perc_coupling_errors_off_FLUX.rml
2025-02-07 22:57:20,085 - INFO - Completed: 55, remaining: 5, RAYPy_Simulation_bessy2hi_56m_PGM_2Perc_coupling_errors_off_FLUX/round_5/98_bessy2hi_56m_PGM_2Perc_coupling_errors_off_FLUX.rml
2025-02-07 22:57:24,217 - INFO - Completed: 56, remaining: 4, RAYPy_Simulation_bessy2hi_56m_PGM_2Perc_coupling_errors_off_FLUX/round_5/100_bessy2hi_56m_PGM_2Perc_coupling_errors_off_FLUX.rml
2025-02-07 22:57:25,811 - INFO - Completed: 57, remaining: 3, RAYPy_Simulation_bessy2hi_56m_PGM_2Perc_coupling_errors_off_FLUX/round_5/101_bessy2hi_56m_PGM_2Perc_coupling_errors_off_FLUX.rml
2025-02-07 22:57:26,511 - INFO - Completed: 58, remaining: 2, RAYPy_Simulation_bessy2hi_56m_PGM_2Perc_coupling_errors_off_FLUX/round_5/102_bessy2hi_56m_PGM_2Perc_coupling_errors_off_FLUX.rml
2025-02-07 22:57:26,595 - INFO - Completed: 59, remaining: 1, RAYPy_Simulation_bessy2hi_56m_PGM_2Perc_coupling_errors_off_FLUX/round_5/104_bessy2hi_56m_PGM_2Perc_coupling_errors_off_FLUX.rml
2025-02-07 22:57:26,602 - INFO - Completed: 60, remaining: 0, RAYPy_Simulation_bessy2hi_56m_PGM_2Perc_coupling_errors_off_FLUX/round_5/103_bessy2hi_56m_PGM_2Perc_coupling_errors_off_FLUX.rml
2025-02-07 22:57:26,603 - INFO - Batch Completed
2025-02-07 22:57:26,603 - INFO - Waiting For batch, 60 simulations to go
2025-02-07 22:57:26,614 - INFO - Prepared sim number: 105: RAYPy_Simulation_bessy2hi_56m_PGM_2Perc_coupling_errors_off_FLUX/round_5/105_bessy2hi_56m_PGM_2Perc_coupling_errors_off_FLUX.rml
2025-02-07 22:57:26,620 - INFO - Prepared sim number: 106: RAYPy_Simulation_bessy2hi_56m_PGM_2Perc_coupling_errors_off_FLUX/round_5/106_bessy2hi_56m_PGM_2Perc_coupling_errors_off_FLUX.rml
2025-02-07 22:57:26,627 - INFO - Prepared sim number: 107: RAYPy_Simulation_bessy2hi_56m_PGM_2Perc_coupling_errors_off_FLUX/round_5/107_bessy2hi_56m_PGM_2Perc_coupling_errors_off_FLUX.rml
2025-02-07 22:57:26,635 - INFO - Prepared sim number: 108: RAYPy_Simulation_bessy2hi_56m_PGM_2Perc_coupling_errors_off_FLUX/round_5/108_bessy2hi_56m_PGM_2Perc_coupling_errors_off_FLUX.rml
2025-02-07 22:57:26,641 - INFO - Prepared sim number: 109: RAYPy_Simulation_bessy2hi_56m_PGM_2Perc_coupling_errors_off_FLUX/round_5/109_bessy2hi_56m_PGM_2Perc_coupling_errors_off_FLUX.rml
2025-02-07 22:57:26,647 - INFO - Prepared sim number: 110: RAYPy_Simulation_bessy2hi_56m_PGM_2Perc_coupling_errors_off_FLUX/round_5/110_bessy2hi_56m_PGM_2Perc_coupling_errors_off_FLUX.rml
2025-02-07 22:57:26,652 - INFO - Prepared sim number: 111: RAYPy_Simulation_bessy2hi_56m_PGM_2Perc_coupling_errors_off_FLUX/round_5/111_bessy2hi_56m_PGM_2Perc_coupling_errors_off_FLUX.rml
2025-02-07 22:57:26,662 - INFO - Prepared sim number: 112: RAYPy_Simulation_bessy2hi_56m_PGM_2Perc_coupling_errors_off_FLUX/round_5/112_bessy2hi_56m_PGM_2Perc_coupling_errors_off_FLUX.rml
2025-02-07 22:57:26,667 - INFO - Prepared sim number: 113: RAYPy_Simulation_bessy2hi_56m_PGM_2Perc_coupling_errors_off_FLUX/round_5/113_bessy2hi_56m_PGM_2Perc_coupling_errors_off_FLUX.rml
2025-02-07 22:57:26,671 - INFO - Prepared sim number: 114: RAYPy_Simulation_bessy2hi_56m_PGM_2Perc_coupling_errors_off_FLUX/round_5/114_bessy2hi_56m_PGM_2Perc_coupling_errors_off_FLUX.rml
2025-02-07 22:57:26,677 - INFO - Prepared sim number: 115: RAYPy_Simulation_bessy2hi_56m_PGM_2Perc_coupling_errors_off_FLUX/round_5/115_bessy2hi_56m_PGM_2Perc_coupling_errors_off_FLUX.rml
2025-02-07 22:57:26,683 - INFO - Prepared sim number: 116: RAYPy_Simulation_bessy2hi_56m_PGM_2Perc_coupling_errors_off_FLUX/round_5/116_bessy2hi_56m_PGM_2Perc_coupling_errors_off_FLUX.rml
2025-02-07 22:57:26,688 - INFO - Prepared sim number: 117: RAYPy_Simulation_bessy2hi_56m_PGM_2Perc_coupling_errors_off_FLUX/round_5/117_bessy2hi_56m_PGM_2Perc_coupling_errors_off_FLUX.rml
2025-02-07 22:57:26,693 - INFO - Prepared sim number: 118: RAYPy_Simulation_bessy2hi_56m_PGM_2Perc_coupling_errors_off_FLUX/round_5/118_bessy2hi_56m_PGM_2Perc_coupling_errors_off_FLUX.rml
2025-02-07 22:57:26,698 - INFO - Prepared sim number: 119: RAYPy_Simulation_bessy2hi_56m_PGM_2Perc_coupling_errors_off_FLUX/round_5/119_bessy2hi_56m_PGM_2Perc_coupling_errors_off_FLUX.rml
2025-02-07 22:57:26,702 - INFO - Prepared sim number: 120: RAYPy_Simulation_bessy2hi_56m_PGM_2Perc_coupling_errors_off_FLUX/round_5/120_bessy2hi_56m_PGM_2Perc_coupling_errors_off_FLUX.rml
2025-02-07 22:57:26,707 - INFO - Prepared sim number: 121: RAYPy_Simulation_bessy2hi_56m_PGM_2Perc_coupling_errors_off_FLUX/round_5/121_bessy2hi_56m_PGM_2Perc_coupling_errors_off_FLUX.rml
2025-02-07 22:57:26,711 - INFO - Prepared sim number: 122: RAYPy_Simulation_bessy2hi_56m_PGM_2Perc_coupling_errors_off_FLUX/round_5/122_bessy2hi_56m_PGM_2Perc_coupling_errors_off_FLUX.rml
2025-02-07 22:57:26,711 - INFO - Start round 6
2025-02-07 22:57:26,715 - INFO - Prepared sim number: 0: RAYPy_Simulation_bessy2hi_56m_PGM_2Perc_coupling_errors_off_FLUX/round_6/0_bessy2hi_56m_PGM_2Perc_coupling_errors_off_FLUX.rml
2025-02-07 22:57:26,719 - INFO - Prepared sim number: 1: RAYPy_Simulation_bessy2hi_56m_PGM_2Perc_coupling_errors_off_FLUX/round_6/1_bessy2hi_56m_PGM_2Perc_coupling_errors_off_FLUX.rml
2025-02-07 22:57:26,723 - INFO - Prepared sim number: 2: RAYPy_Simulation_bessy2hi_56m_PGM_2Perc_coupling_errors_off_FLUX/round_6/2_bessy2hi_56m_PGM_2Perc_coupling_errors_off_FLUX.rml
2025-02-07 22:57:26,727 - INFO - Prepared sim number: 3: RAYPy_Simulation_bessy2hi_56m_PGM_2Perc_coupling_errors_off_FLUX/round_6/3_bessy2hi_56m_PGM_2Perc_coupling_errors_off_FLUX.rml
2025-02-07 22:57:26,732 - INFO - Prepared sim number: 4: RAYPy_Simulation_bessy2hi_56m_PGM_2Perc_coupling_errors_off_FLUX/round_6/4_bessy2hi_56m_PGM_2Perc_coupling_errors_off_FLUX.rml
2025-02-07 22:57:26,736 - INFO - Prepared sim number: 5: RAYPy_Simulation_bessy2hi_56m_PGM_2Perc_coupling_errors_off_FLUX/round_6/5_bessy2hi_56m_PGM_2Perc_coupling_errors_off_FLUX.rml
2025-02-07 22:57:26,740 - INFO - Prepared sim number: 6: RAYPy_Simulation_bessy2hi_56m_PGM_2Perc_coupling_errors_off_FLUX/round_6/6_bessy2hi_56m_PGM_2Perc_coupling_errors_off_FLUX.rml
2025-02-07 22:57:26,744 - INFO - Prepared sim number: 7: RAYPy_Simulation_bessy2hi_56m_PGM_2Perc_coupling_errors_off_FLUX/round_6/7_bessy2hi_56m_PGM_2Perc_coupling_errors_off_FLUX.rml
2025-02-07 22:57:26,747 - INFO - Prepared sim number: 8: RAYPy_Simulation_bessy2hi_56m_PGM_2Perc_coupling_errors_off_FLUX/round_6/8_bessy2hi_56m_PGM_2Perc_coupling_errors_off_FLUX.rml
2025-02-07 22:57:26,753 - INFO - Prepared sim number: 9: RAYPy_Simulation_bessy2hi_56m_PGM_2Perc_coupling_errors_off_FLUX/round_6/9_bessy2hi_56m_PGM_2Perc_coupling_errors_off_FLUX.rml
2025-02-07 22:57:26,758 - INFO - Prepared sim number: 10: RAYPy_Simulation_bessy2hi_56m_PGM_2Perc_coupling_errors_off_FLUX/round_6/10_bessy2hi_56m_PGM_2Perc_coupling_errors_off_FLUX.rml
2025-02-07 22:57:26,763 - INFO - Prepared sim number: 11: RAYPy_Simulation_bessy2hi_56m_PGM_2Perc_coupling_errors_off_FLUX/round_6/11_bessy2hi_56m_PGM_2Perc_coupling_errors_off_FLUX.rml
2025-02-07 22:57:26,769 - INFO - Prepared sim number: 12: RAYPy_Simulation_bessy2hi_56m_PGM_2Perc_coupling_errors_off_FLUX/round_6/12_bessy2hi_56m_PGM_2Perc_coupling_errors_off_FLUX.rml
2025-02-07 22:57:26,773 - INFO - Prepared sim number: 13: RAYPy_Simulation_bessy2hi_56m_PGM_2Perc_coupling_errors_off_FLUX/round_6/13_bessy2hi_56m_PGM_2Perc_coupling_errors_off_FLUX.rml
2025-02-07 22:57:26,777 - INFO - Prepared sim number: 14: RAYPy_Simulation_bessy2hi_56m_PGM_2Perc_coupling_errors_off_FLUX/round_6/14_bessy2hi_56m_PGM_2Perc_coupling_errors_off_FLUX.rml
2025-02-07 22:57:26,781 - INFO - Prepared sim number: 15: RAYPy_Simulation_bessy2hi_56m_PGM_2Perc_coupling_errors_off_FLUX/round_6/15_bessy2hi_56m_PGM_2Perc_coupling_errors_off_FLUX.rml
2025-02-07 22:57:26,785 - INFO - Prepared sim number: 16: RAYPy_Simulation_bessy2hi_56m_PGM_2Perc_coupling_errors_off_FLUX/round_6/16_bessy2hi_56m_PGM_2Perc_coupling_errors_off_FLUX.rml
2025-02-07 22:57:26,788 - INFO - Prepared sim number: 17: RAYPy_Simulation_bessy2hi_56m_PGM_2Perc_coupling_errors_off_FLUX/round_6/17_bessy2hi_56m_PGM_2Perc_coupling_errors_off_FLUX.rml
2025-02-07 22:57:26,792 - INFO - Prepared sim number: 18: RAYPy_Simulation_bessy2hi_56m_PGM_2Perc_coupling_errors_off_FLUX/round_6/18_bessy2hi_56m_PGM_2Perc_coupling_errors_off_FLUX.rml
2025-02-07 22:57:26,796 - INFO - Prepared sim number: 19: RAYPy_Simulation_bessy2hi_56m_PGM_2Perc_coupling_errors_off_FLUX/round_6/19_bessy2hi_56m_PGM_2Perc_coupling_errors_off_FLUX.rml
2025-02-07 22:57:26,801 - INFO - Prepared sim number: 20: RAYPy_Simulation_bessy2hi_56m_PGM_2Perc_coupling_errors_off_FLUX/round_6/20_bessy2hi_56m_PGM_2Perc_coupling_errors_off_FLUX.rml
2025-02-07 22:57:26,804 - INFO - Prepared sim number: 21: RAYPy_Simulation_bessy2hi_56m_PGM_2Perc_coupling_errors_off_FLUX/round_6/21_bessy2hi_56m_PGM_2Perc_coupling_errors_off_FLUX.rml
2025-02-07 22:57:26,808 - INFO - Prepared sim number: 22: RAYPy_Simulation_bessy2hi_56m_PGM_2Perc_coupling_errors_off_FLUX/round_6/22_bessy2hi_56m_PGM_2Perc_coupling_errors_off_FLUX.rml
2025-02-07 22:57:26,812 - INFO - Prepared sim number: 23: RAYPy_Simulation_bessy2hi_56m_PGM_2Perc_coupling_errors_off_FLUX/round_6/23_bessy2hi_56m_PGM_2Perc_coupling_errors_off_FLUX.rml
2025-02-07 22:57:26,815 - INFO - Prepared sim number: 24: RAYPy_Simulation_bessy2hi_56m_PGM_2Perc_coupling_errors_off_FLUX/round_6/24_bessy2hi_56m_PGM_2Perc_coupling_errors_off_FLUX.rml
2025-02-07 22:57:26,819 - INFO - Prepared sim number: 25: RAYPy_Simulation_bessy2hi_56m_PGM_2Perc_coupling_errors_off_FLUX/round_6/25_bessy2hi_56m_PGM_2Perc_coupling_errors_off_FLUX.rml
2025-02-07 22:57:26,823 - INFO - Prepared sim number: 26: RAYPy_Simulation_bessy2hi_56m_PGM_2Perc_coupling_errors_off_FLUX/round_6/26_bessy2hi_56m_PGM_2Perc_coupling_errors_off_FLUX.rml
2025-02-07 22:57:26,826 - INFO - Prepared sim number: 27: RAYPy_Simulation_bessy2hi_56m_PGM_2Perc_coupling_errors_off_FLUX/round_6/27_bessy2hi_56m_PGM_2Perc_coupling_errors_off_FLUX.rml
2025-02-07 22:57:26,830 - INFO - Prepared sim number: 28: RAYPy_Simulation_bessy2hi_56m_PGM_2Perc_coupling_errors_off_FLUX/round_6/28_bessy2hi_56m_PGM_2Perc_coupling_errors_off_FLUX.rml
2025-02-07 22:57:26,833 - INFO - Prepared sim number: 29: RAYPy_Simulation_bessy2hi_56m_PGM_2Perc_coupling_errors_off_FLUX/round_6/29_bessy2hi_56m_PGM_2Perc_coupling_errors_off_FLUX.rml
2025-02-07 22:57:26,837 - INFO - Prepared sim number: 30: RAYPy_Simulation_bessy2hi_56m_PGM_2Perc_coupling_errors_off_FLUX/round_6/30_bessy2hi_56m_PGM_2Perc_coupling_errors_off_FLUX.rml
2025-02-07 22:57:26,841 - INFO - Prepared sim number: 31: RAYPy_Simulation_bessy2hi_56m_PGM_2Perc_coupling_errors_off_FLUX/round_6/31_bessy2hi_56m_PGM_2Perc_coupling_errors_off_FLUX.rml
2025-02-07 22:57:26,844 - INFO - Prepared sim number: 32: RAYPy_Simulation_bessy2hi_56m_PGM_2Perc_coupling_errors_off_FLUX/round_6/32_bessy2hi_56m_PGM_2Perc_coupling_errors_off_FLUX.rml
2025-02-07 22:57:26,848 - INFO - Prepared sim number: 33: RAYPy_Simulation_bessy2hi_56m_PGM_2Perc_coupling_errors_off_FLUX/round_6/33_bessy2hi_56m_PGM_2Perc_coupling_errors_off_FLUX.rml
2025-02-07 22:57:26,852 - INFO - Prepared sim number: 34: RAYPy_Simulation_bessy2hi_56m_PGM_2Perc_coupling_errors_off_FLUX/round_6/34_bessy2hi_56m_PGM_2Perc_coupling_errors_off_FLUX.rml
2025-02-07 22:57:26,856 - INFO - Prepared sim number: 35: RAYPy_Simulation_bessy2hi_56m_PGM_2Perc_coupling_errors_off_FLUX/round_6/35_bessy2hi_56m_PGM_2Perc_coupling_errors_off_FLUX.rml
2025-02-07 22:57:26,860 - INFO - Prepared sim number: 36: RAYPy_Simulation_bessy2hi_56m_PGM_2Perc_coupling_errors_off_FLUX/round_6/36_bessy2hi_56m_PGM_2Perc_coupling_errors_off_FLUX.rml
2025-02-07 22:57:26,863 - INFO - Prepared sim number: 37: RAYPy_Simulation_bessy2hi_56m_PGM_2Perc_coupling_errors_off_FLUX/round_6/37_bessy2hi_56m_PGM_2Perc_coupling_errors_off_FLUX.rml
2025-02-07 22:57:26,867 - INFO - Prepared sim number: 38: RAYPy_Simulation_bessy2hi_56m_PGM_2Perc_coupling_errors_off_FLUX/round_6/38_bessy2hi_56m_PGM_2Perc_coupling_errors_off_FLUX.rml
2025-02-07 22:57:26,870 - INFO - Prepared sim number: 39: RAYPy_Simulation_bessy2hi_56m_PGM_2Perc_coupling_errors_off_FLUX/round_6/39_bessy2hi_56m_PGM_2Perc_coupling_errors_off_FLUX.rml
2025-02-07 22:57:26,874 - INFO - Prepared sim number: 40: RAYPy_Simulation_bessy2hi_56m_PGM_2Perc_coupling_errors_off_FLUX/round_6/40_bessy2hi_56m_PGM_2Perc_coupling_errors_off_FLUX.rml
2025-02-07 22:57:26,878 - INFO - Prepared sim number: 41: RAYPy_Simulation_bessy2hi_56m_PGM_2Perc_coupling_errors_off_FLUX/round_6/41_bessy2hi_56m_PGM_2Perc_coupling_errors_off_FLUX.rml
2025-02-07 22:57:26,878 - INFO - Waiting for batch number: 12, timeout: 85.99123365098033s
2025-02-07 22:57:40,331 - INFO - Completed: 1, remaining: 59, RAYPy_Simulation_bessy2hi_56m_PGM_2Perc_coupling_errors_off_FLUX/round_5/112_bessy2hi_56m_PGM_2Perc_coupling_errors_off_FLUX.rml
2025-02-07 22:57:40,464 - INFO - Completed: 2, remaining: 58, RAYPy_Simulation_bessy2hi_56m_PGM_2Perc_coupling_errors_off_FLUX/round_5/115_bessy2hi_56m_PGM_2Perc_coupling_errors_off_FLUX.rml
2025-02-07 22:57:40,502 - INFO - Completed: 3, remaining: 57, RAYPy_Simulation_bessy2hi_56m_PGM_2Perc_coupling_errors_off_FLUX/round_5/109_bessy2hi_56m_PGM_2Perc_coupling_errors_off_FLUX.rml
2025-02-07 22:57:40,509 - INFO - Completed: 4, remaining: 56, RAYPy_Simulation_bessy2hi_56m_PGM_2Perc_coupling_errors_off_FLUX/round_5/110_bessy2hi_56m_PGM_2Perc_coupling_errors_off_FLUX.rml
2025-02-07 22:57:40,651 - INFO - Completed: 5, remaining: 55, RAYPy_Simulation_bessy2hi_56m_PGM_2Perc_coupling_errors_off_FLUX/round_5/108_bessy2hi_56m_PGM_2Perc_coupling_errors_off_FLUX.rml
2025-02-07 22:57:40,675 - INFO - Completed: 6, remaining: 54, RAYPy_Simulation_bessy2hi_56m_PGM_2Perc_coupling_errors_off_FLUX/round_5/105_bessy2hi_56m_PGM_2Perc_coupling_errors_off_FLUX.rml
2025-02-07 22:57:40,761 - INFO - Completed: 7, remaining: 53, RAYPy_Simulation_bessy2hi_56m_PGM_2Perc_coupling_errors_off_FLUX/round_5/111_bessy2hi_56m_PGM_2Perc_coupling_errors_off_FLUX.rml
2025-02-07 22:57:40,885 - INFO - Completed: 8, remaining: 52, RAYPy_Simulation_bessy2hi_56m_PGM_2Perc_coupling_errors_off_FLUX/round_5/113_bessy2hi_56m_PGM_2Perc_coupling_errors_off_FLUX.rml
2025-02-07 22:57:41,091 - INFO - Completed: 9, remaining: 51, RAYPy_Simulation_bessy2hi_56m_PGM_2Perc_coupling_errors_off_FLUX/round_5/114_bessy2hi_56m_PGM_2Perc_coupling_errors_off_FLUX.rml
2025-02-07 22:57:41,831 - INFO - Completed: 10, remaining: 50, RAYPy_Simulation_bessy2hi_56m_PGM_2Perc_coupling_errors_off_FLUX/round_5/106_bessy2hi_56m_PGM_2Perc_coupling_errors_off_FLUX.rml
2025-02-07 22:57:41,985 - INFO - Completed: 11, remaining: 49, RAYPy_Simulation_bessy2hi_56m_PGM_2Perc_coupling_errors_off_FLUX/round_5/107_bessy2hi_56m_PGM_2Perc_coupling_errors_off_FLUX.rml
2025-02-07 22:57:53,841 - INFO - Completed: 12, remaining: 48, RAYPy_Simulation_bessy2hi_56m_PGM_2Perc_coupling_errors_off_FLUX/round_5/116_bessy2hi_56m_PGM_2Perc_coupling_errors_off_FLUX.rml
2025-02-07 22:57:54,103 - INFO - Completed: 13, remaining: 47, RAYPy_Simulation_bessy2hi_56m_PGM_2Perc_coupling_errors_off_FLUX/round_5/117_bessy2hi_56m_PGM_2Perc_coupling_errors_off_FLUX.rml
2025-02-07 22:57:54,325 - INFO - Completed: 14, remaining: 46, RAYPy_Simulation_bessy2hi_56m_PGM_2Perc_coupling_errors_off_FLUX/round_5/120_bessy2hi_56m_PGM_2Perc_coupling_errors_off_FLUX.rml
2025-02-07 22:57:54,395 - INFO - Completed: 15, remaining: 45, RAYPy_Simulation_bessy2hi_56m_PGM_2Perc_coupling_errors_off_FLUX/round_5/119_bessy2hi_56m_PGM_2Perc_coupling_errors_off_FLUX.rml
2025-02-07 22:57:54,497 - INFO - Completed: 16, remaining: 44, RAYPy_Simulation_bessy2hi_56m_PGM_2Perc_coupling_errors_off_FLUX/round_5/121_bessy2hi_56m_PGM_2Perc_coupling_errors_off_FLUX.rml
2025-02-07 22:57:54,617 - INFO - Completed: 17, remaining: 43, RAYPy_Simulation_bessy2hi_56m_PGM_2Perc_coupling_errors_off_FLUX/round_5/122_bessy2hi_56m_PGM_2Perc_coupling_errors_off_FLUX.rml
2025-02-07 22:57:54,815 - INFO - Completed: 18, remaining: 42, RAYPy_Simulation_bessy2hi_56m_PGM_2Perc_coupling_errors_off_FLUX/round_6/0_bessy2hi_56m_PGM_2Perc_coupling_errors_off_FLUX.rml
2025-02-07 22:57:55,303 - INFO - Completed: 19, remaining: 41, RAYPy_Simulation_bessy2hi_56m_PGM_2Perc_coupling_errors_off_FLUX/round_6/1_bessy2hi_56m_PGM_2Perc_coupling_errors_off_FLUX.rml
2025-02-07 22:57:55,459 - INFO - Completed: 20, remaining: 40, RAYPy_Simulation_bessy2hi_56m_PGM_2Perc_coupling_errors_off_FLUX/round_5/118_bessy2hi_56m_PGM_2Perc_coupling_errors_off_FLUX.rml
2025-02-07 22:57:55,684 - INFO - Completed: 21, remaining: 39, RAYPy_Simulation_bessy2hi_56m_PGM_2Perc_coupling_errors_off_FLUX/round_6/2_bessy2hi_56m_PGM_2Perc_coupling_errors_off_FLUX.rml
2025-02-07 22:57:55,800 - INFO - Completed: 22, remaining: 38, RAYPy_Simulation_bessy2hi_56m_PGM_2Perc_coupling_errors_off_FLUX/round_6/3_bessy2hi_56m_PGM_2Perc_coupling_errors_off_FLUX.rml
2025-02-07 22:58:07,856 - INFO - Completed: 23, remaining: 37, RAYPy_Simulation_bessy2hi_56m_PGM_2Perc_coupling_errors_off_FLUX/round_6/4_bessy2hi_56m_PGM_2Perc_coupling_errors_off_FLUX.rml
2025-02-07 22:58:07,873 - INFO - Completed: 24, remaining: 36, RAYPy_Simulation_bessy2hi_56m_PGM_2Perc_coupling_errors_off_FLUX/round_6/5_bessy2hi_56m_PGM_2Perc_coupling_errors_off_FLUX.rml
2025-02-07 22:58:08,163 - INFO - Completed: 25, remaining: 35, RAYPy_Simulation_bessy2hi_56m_PGM_2Perc_coupling_errors_off_FLUX/round_6/7_bessy2hi_56m_PGM_2Perc_coupling_errors_off_FLUX.rml
2025-02-07 22:58:08,262 - INFO - Completed: 26, remaining: 34, RAYPy_Simulation_bessy2hi_56m_PGM_2Perc_coupling_errors_off_FLUX/round_6/8_bessy2hi_56m_PGM_2Perc_coupling_errors_off_FLUX.rml
2025-02-07 22:58:08,378 - INFO - Completed: 27, remaining: 33, RAYPy_Simulation_bessy2hi_56m_PGM_2Perc_coupling_errors_off_FLUX/round_6/6_bessy2hi_56m_PGM_2Perc_coupling_errors_off_FLUX.rml
2025-02-07 22:58:08,541 - INFO - Completed: 28, remaining: 32, RAYPy_Simulation_bessy2hi_56m_PGM_2Perc_coupling_errors_off_FLUX/round_6/9_bessy2hi_56m_PGM_2Perc_coupling_errors_off_FLUX.rml
2025-02-07 22:58:08,783 - INFO - Completed: 29, remaining: 31, RAYPy_Simulation_bessy2hi_56m_PGM_2Perc_coupling_errors_off_FLUX/round_6/10_bessy2hi_56m_PGM_2Perc_coupling_errors_off_FLUX.rml
2025-02-07 22:58:09,233 - INFO - Completed: 30, remaining: 30, RAYPy_Simulation_bessy2hi_56m_PGM_2Perc_coupling_errors_off_FLUX/round_6/12_bessy2hi_56m_PGM_2Perc_coupling_errors_off_FLUX.rml
2025-02-07 22:58:09,341 - INFO - Completed: 31, remaining: 29, RAYPy_Simulation_bessy2hi_56m_PGM_2Perc_coupling_errors_off_FLUX/round_6/11_bessy2hi_56m_PGM_2Perc_coupling_errors_off_FLUX.rml
2025-02-07 22:58:09,476 - INFO - Completed: 32, remaining: 28, RAYPy_Simulation_bessy2hi_56m_PGM_2Perc_coupling_errors_off_FLUX/round_6/13_bessy2hi_56m_PGM_2Perc_coupling_errors_off_FLUX.rml
2025-02-07 22:58:09,539 - INFO - Completed: 33, remaining: 27, RAYPy_Simulation_bessy2hi_56m_PGM_2Perc_coupling_errors_off_FLUX/round_6/14_bessy2hi_56m_PGM_2Perc_coupling_errors_off_FLUX.rml
2025-02-07 22:58:21,510 - INFO - Completed: 34, remaining: 26, RAYPy_Simulation_bessy2hi_56m_PGM_2Perc_coupling_errors_off_FLUX/round_6/15_bessy2hi_56m_PGM_2Perc_coupling_errors_off_FLUX.rml
2025-02-07 22:58:21,823 - INFO - Completed: 35, remaining: 25, RAYPy_Simulation_bessy2hi_56m_PGM_2Perc_coupling_errors_off_FLUX/round_6/16_bessy2hi_56m_PGM_2Perc_coupling_errors_off_FLUX.rml
2025-02-07 22:58:22,233 - INFO - Completed: 36, remaining: 24, RAYPy_Simulation_bessy2hi_56m_PGM_2Perc_coupling_errors_off_FLUX/round_6/17_bessy2hi_56m_PGM_2Perc_coupling_errors_off_FLUX.rml
2025-02-07 22:58:22,613 - INFO - Completed: 37, remaining: 23, RAYPy_Simulation_bessy2hi_56m_PGM_2Perc_coupling_errors_off_FLUX/round_6/18_bessy2hi_56m_PGM_2Perc_coupling_errors_off_FLUX.rml
2025-02-07 22:58:22,700 - INFO - Completed: 38, remaining: 22, RAYPy_Simulation_bessy2hi_56m_PGM_2Perc_coupling_errors_off_FLUX/round_6/19_bessy2hi_56m_PGM_2Perc_coupling_errors_off_FLUX.rml
2025-02-07 22:58:22,982 - INFO - Completed: 39, remaining: 21, RAYPy_Simulation_bessy2hi_56m_PGM_2Perc_coupling_errors_off_FLUX/round_6/21_bessy2hi_56m_PGM_2Perc_coupling_errors_off_FLUX.rml
2025-02-07 22:58:23,047 - INFO - Completed: 40, remaining: 20, RAYPy_Simulation_bessy2hi_56m_PGM_2Perc_coupling_errors_off_FLUX/round_6/20_bessy2hi_56m_PGM_2Perc_coupling_errors_off_FLUX.rml
2025-02-07 22:58:23,303 - INFO - Completed: 41, remaining: 19, RAYPy_Simulation_bessy2hi_56m_PGM_2Perc_coupling_errors_off_FLUX/round_6/22_bessy2hi_56m_PGM_2Perc_coupling_errors_off_FLUX.rml
2025-02-07 22:58:23,374 - INFO - Completed: 42, remaining: 18, RAYPy_Simulation_bessy2hi_56m_PGM_2Perc_coupling_errors_off_FLUX/round_6/23_bessy2hi_56m_PGM_2Perc_coupling_errors_off_FLUX.rml
2025-02-07 22:58:23,700 - INFO - Completed: 43, remaining: 17, RAYPy_Simulation_bessy2hi_56m_PGM_2Perc_coupling_errors_off_FLUX/round_6/25_bessy2hi_56m_PGM_2Perc_coupling_errors_off_FLUX.rml
2025-02-07 22:58:23,823 - INFO - Completed: 44, remaining: 16, RAYPy_Simulation_bessy2hi_56m_PGM_2Perc_coupling_errors_off_FLUX/round_6/24_bessy2hi_56m_PGM_2Perc_coupling_errors_off_FLUX.rml
2025-02-07 22:58:34,911 - INFO - Completed: 45, remaining: 15, RAYPy_Simulation_bessy2hi_56m_PGM_2Perc_coupling_errors_off_FLUX/round_6/26_bessy2hi_56m_PGM_2Perc_coupling_errors_off_FLUX.rml
2025-02-07 22:58:35,263 - INFO - Completed: 46, remaining: 14, RAYPy_Simulation_bessy2hi_56m_PGM_2Perc_coupling_errors_off_FLUX/round_6/27_bessy2hi_56m_PGM_2Perc_coupling_errors_off_FLUX.rml
2025-02-07 22:58:36,483 - INFO - Completed: 47, remaining: 13, RAYPy_Simulation_bessy2hi_56m_PGM_2Perc_coupling_errors_off_FLUX/round_6/28_bessy2hi_56m_PGM_2Perc_coupling_errors_off_FLUX.rml
2025-02-07 22:58:36,803 - INFO - Completed: 48, remaining: 12, RAYPy_Simulation_bessy2hi_56m_PGM_2Perc_coupling_errors_off_FLUX/round_6/30_bessy2hi_56m_PGM_2Perc_coupling_errors_off_FLUX.rml
2025-02-07 22:58:37,179 - INFO - Completed: 49, remaining: 11, RAYPy_Simulation_bessy2hi_56m_PGM_2Perc_coupling_errors_off_FLUX/round_6/32_bessy2hi_56m_PGM_2Perc_coupling_errors_off_FLUX.rml
2025-02-07 22:58:37,298 - INFO - Completed: 50, remaining: 10, RAYPy_Simulation_bessy2hi_56m_PGM_2Perc_coupling_errors_off_FLUX/round_6/31_bessy2hi_56m_PGM_2Perc_coupling_errors_off_FLUX.rml
2025-02-07 22:58:37,342 - INFO - Completed: 51, remaining: 9, RAYPy_Simulation_bessy2hi_56m_PGM_2Perc_coupling_errors_off_FLUX/round_6/29_bessy2hi_56m_PGM_2Perc_coupling_errors_off_FLUX.rml
2025-02-07 22:58:37,530 - INFO - Completed: 52, remaining: 8, RAYPy_Simulation_bessy2hi_56m_PGM_2Perc_coupling_errors_off_FLUX/round_6/33_bessy2hi_56m_PGM_2Perc_coupling_errors_off_FLUX.rml
2025-02-07 22:58:37,567 - INFO - Completed: 53, remaining: 7, RAYPy_Simulation_bessy2hi_56m_PGM_2Perc_coupling_errors_off_FLUX/round_6/34_bessy2hi_56m_PGM_2Perc_coupling_errors_off_FLUX.rml
2025-02-07 22:58:37,659 - INFO - Completed: 54, remaining: 6, RAYPy_Simulation_bessy2hi_56m_PGM_2Perc_coupling_errors_off_FLUX/round_6/35_bessy2hi_56m_PGM_2Perc_coupling_errors_off_FLUX.rml
2025-02-07 22:58:37,755 - INFO - Completed: 55, remaining: 5, RAYPy_Simulation_bessy2hi_56m_PGM_2Perc_coupling_errors_off_FLUX/round_6/36_bessy2hi_56m_PGM_2Perc_coupling_errors_off_FLUX.rml
2025-02-07 22:58:42,765 - INFO - Completed: 56, remaining: 4, RAYPy_Simulation_bessy2hi_56m_PGM_2Perc_coupling_errors_off_FLUX/round_6/37_bessy2hi_56m_PGM_2Perc_coupling_errors_off_FLUX.rml
2025-02-07 22:58:42,989 - INFO - Completed: 57, remaining: 3, RAYPy_Simulation_bessy2hi_56m_PGM_2Perc_coupling_errors_off_FLUX/round_6/38_bessy2hi_56m_PGM_2Perc_coupling_errors_off_FLUX.rml
2025-02-07 22:58:44,151 - INFO - Completed: 58, remaining: 2, RAYPy_Simulation_bessy2hi_56m_PGM_2Perc_coupling_errors_off_FLUX/round_6/39_bessy2hi_56m_PGM_2Perc_coupling_errors_off_FLUX.rml
2025-02-07 22:58:44,304 - INFO - Completed: 59, remaining: 1, RAYPy_Simulation_bessy2hi_56m_PGM_2Perc_coupling_errors_off_FLUX/round_6/40_bessy2hi_56m_PGM_2Perc_coupling_errors_off_FLUX.rml
2025-02-07 22:58:44,441 - INFO - Completed: 60, remaining: 0, RAYPy_Simulation_bessy2hi_56m_PGM_2Perc_coupling_errors_off_FLUX/round_6/41_bessy2hi_56m_PGM_2Perc_coupling_errors_off_FLUX.rml
2025-02-07 22:58:44,441 - INFO - Batch Completed
2025-02-07 22:58:44,441 - INFO - Waiting For batch, 60 simulations to go
2025-02-07 22:58:44,445 - INFO - Prepared sim number: 42: RAYPy_Simulation_bessy2hi_56m_PGM_2Perc_coupling_errors_off_FLUX/round_6/42_bessy2hi_56m_PGM_2Perc_coupling_errors_off_FLUX.rml
2025-02-07 22:58:44,450 - INFO - Prepared sim number: 43: RAYPy_Simulation_bessy2hi_56m_PGM_2Perc_coupling_errors_off_FLUX/round_6/43_bessy2hi_56m_PGM_2Perc_coupling_errors_off_FLUX.rml
2025-02-07 22:58:44,459 - INFO - Prepared sim number: 44: RAYPy_Simulation_bessy2hi_56m_PGM_2Perc_coupling_errors_off_FLUX/round_6/44_bessy2hi_56m_PGM_2Perc_coupling_errors_off_FLUX.rml
2025-02-07 22:58:44,465 - INFO - Prepared sim number: 45: RAYPy_Simulation_bessy2hi_56m_PGM_2Perc_coupling_errors_off_FLUX/round_6/45_bessy2hi_56m_PGM_2Perc_coupling_errors_off_FLUX.rml
2025-02-07 22:58:44,470 - INFO - Prepared sim number: 46: RAYPy_Simulation_bessy2hi_56m_PGM_2Perc_coupling_errors_off_FLUX/round_6/46_bessy2hi_56m_PGM_2Perc_coupling_errors_off_FLUX.rml
2025-02-07 22:58:44,478 - INFO - Prepared sim number: 47: RAYPy_Simulation_bessy2hi_56m_PGM_2Perc_coupling_errors_off_FLUX/round_6/47_bessy2hi_56m_PGM_2Perc_coupling_errors_off_FLUX.rml
2025-02-07 22:58:44,485 - INFO - Prepared sim number: 48: RAYPy_Simulation_bessy2hi_56m_PGM_2Perc_coupling_errors_off_FLUX/round_6/48_bessy2hi_56m_PGM_2Perc_coupling_errors_off_FLUX.rml
2025-02-07 22:58:44,491 - INFO - Prepared sim number: 49: RAYPy_Simulation_bessy2hi_56m_PGM_2Perc_coupling_errors_off_FLUX/round_6/49_bessy2hi_56m_PGM_2Perc_coupling_errors_off_FLUX.rml
2025-02-07 22:58:44,497 - INFO - Prepared sim number: 50: RAYPy_Simulation_bessy2hi_56m_PGM_2Perc_coupling_errors_off_FLUX/round_6/50_bessy2hi_56m_PGM_2Perc_coupling_errors_off_FLUX.rml
2025-02-07 22:58:44,501 - INFO - Prepared sim number: 51: RAYPy_Simulation_bessy2hi_56m_PGM_2Perc_coupling_errors_off_FLUX/round_6/51_bessy2hi_56m_PGM_2Perc_coupling_errors_off_FLUX.rml
2025-02-07 22:58:44,506 - INFO - Prepared sim number: 52: RAYPy_Simulation_bessy2hi_56m_PGM_2Perc_coupling_errors_off_FLUX/round_6/52_bessy2hi_56m_PGM_2Perc_coupling_errors_off_FLUX.rml
2025-02-07 22:58:44,510 - INFO - Prepared sim number: 53: RAYPy_Simulation_bessy2hi_56m_PGM_2Perc_coupling_errors_off_FLUX/round_6/53_bessy2hi_56m_PGM_2Perc_coupling_errors_off_FLUX.rml
2025-02-07 22:58:44,514 - INFO - Prepared sim number: 54: RAYPy_Simulation_bessy2hi_56m_PGM_2Perc_coupling_errors_off_FLUX/round_6/54_bessy2hi_56m_PGM_2Perc_coupling_errors_off_FLUX.rml
2025-02-07 22:58:44,519 - INFO - Prepared sim number: 55: RAYPy_Simulation_bessy2hi_56m_PGM_2Perc_coupling_errors_off_FLUX/round_6/55_bessy2hi_56m_PGM_2Perc_coupling_errors_off_FLUX.rml
2025-02-07 22:58:44,523 - INFO - Prepared sim number: 56: RAYPy_Simulation_bessy2hi_56m_PGM_2Perc_coupling_errors_off_FLUX/round_6/56_bessy2hi_56m_PGM_2Perc_coupling_errors_off_FLUX.rml
2025-02-07 22:58:44,527 - INFO - Prepared sim number: 57: RAYPy_Simulation_bessy2hi_56m_PGM_2Perc_coupling_errors_off_FLUX/round_6/57_bessy2hi_56m_PGM_2Perc_coupling_errors_off_FLUX.rml
2025-02-07 22:58:44,531 - INFO - Prepared sim number: 58: RAYPy_Simulation_bessy2hi_56m_PGM_2Perc_coupling_errors_off_FLUX/round_6/58_bessy2hi_56m_PGM_2Perc_coupling_errors_off_FLUX.rml
2025-02-07 22:58:44,535 - INFO - Prepared sim number: 59: RAYPy_Simulation_bessy2hi_56m_PGM_2Perc_coupling_errors_off_FLUX/round_6/59_bessy2hi_56m_PGM_2Perc_coupling_errors_off_FLUX.rml
2025-02-07 22:58:44,539 - INFO - Prepared sim number: 60: RAYPy_Simulation_bessy2hi_56m_PGM_2Perc_coupling_errors_off_FLUX/round_6/60_bessy2hi_56m_PGM_2Perc_coupling_errors_off_FLUX.rml
2025-02-07 22:58:44,543 - INFO - Prepared sim number: 61: RAYPy_Simulation_bessy2hi_56m_PGM_2Perc_coupling_errors_off_FLUX/round_6/61_bessy2hi_56m_PGM_2Perc_coupling_errors_off_FLUX.rml
2025-02-07 22:58:44,547 - INFO - Prepared sim number: 62: RAYPy_Simulation_bessy2hi_56m_PGM_2Perc_coupling_errors_off_FLUX/round_6/62_bessy2hi_56m_PGM_2Perc_coupling_errors_off_FLUX.rml
2025-02-07 22:58:44,551 - INFO - Prepared sim number: 63: RAYPy_Simulation_bessy2hi_56m_PGM_2Perc_coupling_errors_off_FLUX/round_6/63_bessy2hi_56m_PGM_2Perc_coupling_errors_off_FLUX.rml
2025-02-07 22:58:44,555 - INFO - Prepared sim number: 64: RAYPy_Simulation_bessy2hi_56m_PGM_2Perc_coupling_errors_off_FLUX/round_6/64_bessy2hi_56m_PGM_2Perc_coupling_errors_off_FLUX.rml
2025-02-07 22:58:44,560 - INFO - Prepared sim number: 65: RAYPy_Simulation_bessy2hi_56m_PGM_2Perc_coupling_errors_off_FLUX/round_6/65_bessy2hi_56m_PGM_2Perc_coupling_errors_off_FLUX.rml
2025-02-07 22:58:44,565 - INFO - Prepared sim number: 66: RAYPy_Simulation_bessy2hi_56m_PGM_2Perc_coupling_errors_off_FLUX/round_6/66_bessy2hi_56m_PGM_2Perc_coupling_errors_off_FLUX.rml
2025-02-07 22:58:44,569 - INFO - Prepared sim number: 67: RAYPy_Simulation_bessy2hi_56m_PGM_2Perc_coupling_errors_off_FLUX/round_6/67_bessy2hi_56m_PGM_2Perc_coupling_errors_off_FLUX.rml
2025-02-07 22:58:44,573 - INFO - Prepared sim number: 68: RAYPy_Simulation_bessy2hi_56m_PGM_2Perc_coupling_errors_off_FLUX/round_6/68_bessy2hi_56m_PGM_2Perc_coupling_errors_off_FLUX.rml
2025-02-07 22:58:44,577 - INFO - Prepared sim number: 69: RAYPy_Simulation_bessy2hi_56m_PGM_2Perc_coupling_errors_off_FLUX/round_6/69_bessy2hi_56m_PGM_2Perc_coupling_errors_off_FLUX.rml
2025-02-07 22:58:44,581 - INFO - Prepared sim number: 70: RAYPy_Simulation_bessy2hi_56m_PGM_2Perc_coupling_errors_off_FLUX/round_6/70_bessy2hi_56m_PGM_2Perc_coupling_errors_off_FLUX.rml
2025-02-07 22:58:44,585 - INFO - Prepared sim number: 71: RAYPy_Simulation_bessy2hi_56m_PGM_2Perc_coupling_errors_off_FLUX/round_6/71_bessy2hi_56m_PGM_2Perc_coupling_errors_off_FLUX.rml
2025-02-07 22:58:44,590 - INFO - Prepared sim number: 72: RAYPy_Simulation_bessy2hi_56m_PGM_2Perc_coupling_errors_off_FLUX/round_6/72_bessy2hi_56m_PGM_2Perc_coupling_errors_off_FLUX.rml
2025-02-07 22:58:44,594 - INFO - Prepared sim number: 73: RAYPy_Simulation_bessy2hi_56m_PGM_2Perc_coupling_errors_off_FLUX/round_6/73_bessy2hi_56m_PGM_2Perc_coupling_errors_off_FLUX.rml
2025-02-07 22:58:44,599 - INFO - Prepared sim number: 74: RAYPy_Simulation_bessy2hi_56m_PGM_2Perc_coupling_errors_off_FLUX/round_6/74_bessy2hi_56m_PGM_2Perc_coupling_errors_off_FLUX.rml
2025-02-07 22:58:44,604 - INFO - Prepared sim number: 75: RAYPy_Simulation_bessy2hi_56m_PGM_2Perc_coupling_errors_off_FLUX/round_6/75_bessy2hi_56m_PGM_2Perc_coupling_errors_off_FLUX.rml
2025-02-07 22:58:44,608 - INFO - Prepared sim number: 76: RAYPy_Simulation_bessy2hi_56m_PGM_2Perc_coupling_errors_off_FLUX/round_6/76_bessy2hi_56m_PGM_2Perc_coupling_errors_off_FLUX.rml
2025-02-07 22:58:44,613 - INFO - Prepared sim number: 77: RAYPy_Simulation_bessy2hi_56m_PGM_2Perc_coupling_errors_off_FLUX/round_6/77_bessy2hi_56m_PGM_2Perc_coupling_errors_off_FLUX.rml
2025-02-07 22:58:44,617 - INFO - Prepared sim number: 78: RAYPy_Simulation_bessy2hi_56m_PGM_2Perc_coupling_errors_off_FLUX/round_6/78_bessy2hi_56m_PGM_2Perc_coupling_errors_off_FLUX.rml
2025-02-07 22:58:44,621 - INFO - Prepared sim number: 79: RAYPy_Simulation_bessy2hi_56m_PGM_2Perc_coupling_errors_off_FLUX/round_6/79_bessy2hi_56m_PGM_2Perc_coupling_errors_off_FLUX.rml
2025-02-07 22:58:44,625 - INFO - Prepared sim number: 80: RAYPy_Simulation_bessy2hi_56m_PGM_2Perc_coupling_errors_off_FLUX/round_6/80_bessy2hi_56m_PGM_2Perc_coupling_errors_off_FLUX.rml
2025-02-07 22:58:44,629 - INFO - Prepared sim number: 81: RAYPy_Simulation_bessy2hi_56m_PGM_2Perc_coupling_errors_off_FLUX/round_6/81_bessy2hi_56m_PGM_2Perc_coupling_errors_off_FLUX.rml
2025-02-07 22:58:44,634 - INFO - Prepared sim number: 82: RAYPy_Simulation_bessy2hi_56m_PGM_2Perc_coupling_errors_off_FLUX/round_6/82_bessy2hi_56m_PGM_2Perc_coupling_errors_off_FLUX.rml
2025-02-07 22:58:44,638 - INFO - Prepared sim number: 83: RAYPy_Simulation_bessy2hi_56m_PGM_2Perc_coupling_errors_off_FLUX/round_6/83_bessy2hi_56m_PGM_2Perc_coupling_errors_off_FLUX.rml
2025-02-07 22:58:44,642 - INFO - Prepared sim number: 84: RAYPy_Simulation_bessy2hi_56m_PGM_2Perc_coupling_errors_off_FLUX/round_6/84_bessy2hi_56m_PGM_2Perc_coupling_errors_off_FLUX.rml
2025-02-07 22:58:44,646 - INFO - Prepared sim number: 85: RAYPy_Simulation_bessy2hi_56m_PGM_2Perc_coupling_errors_off_FLUX/round_6/85_bessy2hi_56m_PGM_2Perc_coupling_errors_off_FLUX.rml
2025-02-07 22:58:44,650 - INFO - Prepared sim number: 86: RAYPy_Simulation_bessy2hi_56m_PGM_2Perc_coupling_errors_off_FLUX/round_6/86_bessy2hi_56m_PGM_2Perc_coupling_errors_off_FLUX.rml
2025-02-07 22:58:44,654 - INFO - Prepared sim number: 87: RAYPy_Simulation_bessy2hi_56m_PGM_2Perc_coupling_errors_off_FLUX/round_6/87_bessy2hi_56m_PGM_2Perc_coupling_errors_off_FLUX.rml
2025-02-07 22:58:44,658 - INFO - Prepared sim number: 88: RAYPy_Simulation_bessy2hi_56m_PGM_2Perc_coupling_errors_off_FLUX/round_6/88_bessy2hi_56m_PGM_2Perc_coupling_errors_off_FLUX.rml
2025-02-07 22:58:44,662 - INFO - Prepared sim number: 89: RAYPy_Simulation_bessy2hi_56m_PGM_2Perc_coupling_errors_off_FLUX/round_6/89_bessy2hi_56m_PGM_2Perc_coupling_errors_off_FLUX.rml
2025-02-07 22:58:44,666 - INFO - Prepared sim number: 90: RAYPy_Simulation_bessy2hi_56m_PGM_2Perc_coupling_errors_off_FLUX/round_6/90_bessy2hi_56m_PGM_2Perc_coupling_errors_off_FLUX.rml
2025-02-07 22:58:44,670 - INFO - Prepared sim number: 91: RAYPy_Simulation_bessy2hi_56m_PGM_2Perc_coupling_errors_off_FLUX/round_6/91_bessy2hi_56m_PGM_2Perc_coupling_errors_off_FLUX.rml
2025-02-07 22:58:44,675 - INFO - Prepared sim number: 92: RAYPy_Simulation_bessy2hi_56m_PGM_2Perc_coupling_errors_off_FLUX/round_6/92_bessy2hi_56m_PGM_2Perc_coupling_errors_off_FLUX.rml
2025-02-07 22:58:44,679 - INFO - Prepared sim number: 93: RAYPy_Simulation_bessy2hi_56m_PGM_2Perc_coupling_errors_off_FLUX/round_6/93_bessy2hi_56m_PGM_2Perc_coupling_errors_off_FLUX.rml
2025-02-07 22:58:44,684 - INFO - Prepared sim number: 94: RAYPy_Simulation_bessy2hi_56m_PGM_2Perc_coupling_errors_off_FLUX/round_6/94_bessy2hi_56m_PGM_2Perc_coupling_errors_off_FLUX.rml
2025-02-07 22:58:44,689 - INFO - Prepared sim number: 95: RAYPy_Simulation_bessy2hi_56m_PGM_2Perc_coupling_errors_off_FLUX/round_6/95_bessy2hi_56m_PGM_2Perc_coupling_errors_off_FLUX.rml
2025-02-07 22:58:44,694 - INFO - Prepared sim number: 96: RAYPy_Simulation_bessy2hi_56m_PGM_2Perc_coupling_errors_off_FLUX/round_6/96_bessy2hi_56m_PGM_2Perc_coupling_errors_off_FLUX.rml
2025-02-07 22:58:44,698 - INFO - Prepared sim number: 97: RAYPy_Simulation_bessy2hi_56m_PGM_2Perc_coupling_errors_off_FLUX/round_6/97_bessy2hi_56m_PGM_2Perc_coupling_errors_off_FLUX.rml
2025-02-07 22:58:44,703 - INFO - Prepared sim number: 98: RAYPy_Simulation_bessy2hi_56m_PGM_2Perc_coupling_errors_off_FLUX/round_6/98_bessy2hi_56m_PGM_2Perc_coupling_errors_off_FLUX.rml
2025-02-07 22:58:44,707 - INFO - Prepared sim number: 99: RAYPy_Simulation_bessy2hi_56m_PGM_2Perc_coupling_errors_off_FLUX/round_6/99_bessy2hi_56m_PGM_2Perc_coupling_errors_off_FLUX.rml
2025-02-07 22:58:44,712 - INFO - Prepared sim number: 100: RAYPy_Simulation_bessy2hi_56m_PGM_2Perc_coupling_errors_off_FLUX/round_6/100_bessy2hi_56m_PGM_2Perc_coupling_errors_off_FLUX.rml
2025-02-07 22:58:44,716 - INFO - Prepared sim number: 101: RAYPy_Simulation_bessy2hi_56m_PGM_2Perc_coupling_errors_off_FLUX/round_6/101_bessy2hi_56m_PGM_2Perc_coupling_errors_off_FLUX.rml
2025-02-07 22:58:44,717 - INFO - Waiting for batch number: 13, timeout: 85.58006531094748s
2025-02-07 22:58:57,292 - INFO - Completed: 1, remaining: 59, RAYPy_Simulation_bessy2hi_56m_PGM_2Perc_coupling_errors_off_FLUX/round_6/44_bessy2hi_56m_PGM_2Perc_coupling_errors_off_FLUX.rml
2025-02-07 22:58:57,571 - INFO - Completed: 2, remaining: 58, RAYPy_Simulation_bessy2hi_56m_PGM_2Perc_coupling_errors_off_FLUX/round_6/43_bessy2hi_56m_PGM_2Perc_coupling_errors_off_FLUX.rml
2025-02-07 22:58:57,697 - INFO - Completed: 3, remaining: 57, RAYPy_Simulation_bessy2hi_56m_PGM_2Perc_coupling_errors_off_FLUX/round_6/49_bessy2hi_56m_PGM_2Perc_coupling_errors_off_FLUX.rml
2025-02-07 22:58:57,741 - INFO - Completed: 4, remaining: 56, RAYPy_Simulation_bessy2hi_56m_PGM_2Perc_coupling_errors_off_FLUX/round_6/42_bessy2hi_56m_PGM_2Perc_coupling_errors_off_FLUX.rml
2025-02-07 22:58:57,801 - INFO - Completed: 5, remaining: 55, RAYPy_Simulation_bessy2hi_56m_PGM_2Perc_coupling_errors_off_FLUX/round_6/50_bessy2hi_56m_PGM_2Perc_coupling_errors_off_FLUX.rml
2025-02-07 22:58:57,900 - INFO - Completed: 6, remaining: 54, RAYPy_Simulation_bessy2hi_56m_PGM_2Perc_coupling_errors_off_FLUX/round_6/48_bessy2hi_56m_PGM_2Perc_coupling_errors_off_FLUX.rml
2025-02-07 22:58:57,936 - INFO - Completed: 7, remaining: 53, RAYPy_Simulation_bessy2hi_56m_PGM_2Perc_coupling_errors_off_FLUX/round_6/46_bessy2hi_56m_PGM_2Perc_coupling_errors_off_FLUX.rml
2025-02-07 22:58:58,301 - INFO - Completed: 8, remaining: 52, RAYPy_Simulation_bessy2hi_56m_PGM_2Perc_coupling_errors_off_FLUX/round_6/47_bessy2hi_56m_PGM_2Perc_coupling_errors_off_FLUX.rml
2025-02-07 22:58:59,697 - INFO - Completed: 9, remaining: 51, RAYPy_Simulation_bessy2hi_56m_PGM_2Perc_coupling_errors_off_FLUX/round_6/51_bessy2hi_56m_PGM_2Perc_coupling_errors_off_FLUX.rml
2025-02-07 22:59:00,118 - INFO - Completed: 10, remaining: 50, RAYPy_Simulation_bessy2hi_56m_PGM_2Perc_coupling_errors_off_FLUX/round_6/45_bessy2hi_56m_PGM_2Perc_coupling_errors_off_FLUX.rml
2025-02-07 22:59:00,796 - INFO - Completed: 11, remaining: 49, RAYPy_Simulation_bessy2hi_56m_PGM_2Perc_coupling_errors_off_FLUX/round_6/52_bessy2hi_56m_PGM_2Perc_coupling_errors_off_FLUX.rml
2025-02-07 22:59:11,235 - INFO - Completed: 12, remaining: 48, RAYPy_Simulation_bessy2hi_56m_PGM_2Perc_coupling_errors_off_FLUX/round_6/53_bessy2hi_56m_PGM_2Perc_coupling_errors_off_FLUX.rml
2025-02-07 22:59:11,659 - INFO - Completed: 13, remaining: 47, RAYPy_Simulation_bessy2hi_56m_PGM_2Perc_coupling_errors_off_FLUX/round_6/55_bessy2hi_56m_PGM_2Perc_coupling_errors_off_FLUX.rml
2025-02-07 22:59:11,882 - INFO - Completed: 14, remaining: 46, RAYPy_Simulation_bessy2hi_56m_PGM_2Perc_coupling_errors_off_FLUX/round_6/54_bessy2hi_56m_PGM_2Perc_coupling_errors_off_FLUX.rml
2025-02-07 22:59:12,247 - INFO - Completed: 15, remaining: 45, RAYPy_Simulation_bessy2hi_56m_PGM_2Perc_coupling_errors_off_FLUX/round_6/58_bessy2hi_56m_PGM_2Perc_coupling_errors_off_FLUX.rml
2025-02-07 22:59:12,378 - INFO - Completed: 16, remaining: 44, RAYPy_Simulation_bessy2hi_56m_PGM_2Perc_coupling_errors_off_FLUX/round_6/59_bessy2hi_56m_PGM_2Perc_coupling_errors_off_FLUX.rml
2025-02-07 22:59:12,738 - INFO - Completed: 17, remaining: 43, RAYPy_Simulation_bessy2hi_56m_PGM_2Perc_coupling_errors_off_FLUX/round_6/57_bessy2hi_56m_PGM_2Perc_coupling_errors_off_FLUX.rml
2025-02-07 22:59:12,754 - INFO - Completed: 18, remaining: 42, RAYPy_Simulation_bessy2hi_56m_PGM_2Perc_coupling_errors_off_FLUX/round_6/60_bessy2hi_56m_PGM_2Perc_coupling_errors_off_FLUX.rml
2025-02-07 22:59:13,368 - INFO - Completed: 19, remaining: 41, RAYPy_Simulation_bessy2hi_56m_PGM_2Perc_coupling_errors_off_FLUX/round_6/56_bessy2hi_56m_PGM_2Perc_coupling_errors_off_FLUX.rml
2025-02-07 22:59:13,736 - INFO - Completed: 20, remaining: 40, RAYPy_Simulation_bessy2hi_56m_PGM_2Perc_coupling_errors_off_FLUX/round_6/61_bessy2hi_56m_PGM_2Perc_coupling_errors_off_FLUX.rml
2025-02-07 22:59:14,186 - INFO - Completed: 21, remaining: 39, RAYPy_Simulation_bessy2hi_56m_PGM_2Perc_coupling_errors_off_FLUX/round_6/63_bessy2hi_56m_PGM_2Perc_coupling_errors_off_FLUX.rml
2025-02-07 22:59:14,484 - INFO - Completed: 22, remaining: 38, RAYPy_Simulation_bessy2hi_56m_PGM_2Perc_coupling_errors_off_FLUX/round_6/62_bessy2hi_56m_PGM_2Perc_coupling_errors_off_FLUX.rml
2025-02-07 22:59:25,002 - INFO - Completed: 23, remaining: 37, RAYPy_Simulation_bessy2hi_56m_PGM_2Perc_coupling_errors_off_FLUX/round_6/64_bessy2hi_56m_PGM_2Perc_coupling_errors_off_FLUX.rml
2025-02-07 22:59:25,490 - INFO - Completed: 24, remaining: 36, RAYPy_Simulation_bessy2hi_56m_PGM_2Perc_coupling_errors_off_FLUX/round_6/65_bessy2hi_56m_PGM_2Perc_coupling_errors_off_FLUX.rml
2025-02-07 22:59:26,054 - INFO - Completed: 25, remaining: 35, RAYPy_Simulation_bessy2hi_56m_PGM_2Perc_coupling_errors_off_FLUX/round_6/66_bessy2hi_56m_PGM_2Perc_coupling_errors_off_FLUX.rml
2025-02-07 22:59:26,524 - INFO - Completed: 26, remaining: 34, RAYPy_Simulation_bessy2hi_56m_PGM_2Perc_coupling_errors_off_FLUX/round_6/67_bessy2hi_56m_PGM_2Perc_coupling_errors_off_FLUX.rml
2025-02-07 22:59:27,346 - INFO - Completed: 27, remaining: 33, RAYPy_Simulation_bessy2hi_56m_PGM_2Perc_coupling_errors_off_FLUX/round_6/70_bessy2hi_56m_PGM_2Perc_coupling_errors_off_FLUX.rml
2025-02-07 22:59:27,713 - INFO - Completed: 28, remaining: 32, RAYPy_Simulation_bessy2hi_56m_PGM_2Perc_coupling_errors_off_FLUX/round_6/69_bessy2hi_56m_PGM_2Perc_coupling_errors_off_FLUX.rml
2025-02-07 22:59:27,982 - INFO - Completed: 29, remaining: 31, RAYPy_Simulation_bessy2hi_56m_PGM_2Perc_coupling_errors_off_FLUX/round_6/71_bessy2hi_56m_PGM_2Perc_coupling_errors_off_FLUX.rml
2025-02-07 22:59:28,235 - INFO - Completed: 30, remaining: 30, RAYPy_Simulation_bessy2hi_56m_PGM_2Perc_coupling_errors_off_FLUX/round_6/68_bessy2hi_56m_PGM_2Perc_coupling_errors_off_FLUX.rml
2025-02-07 22:59:28,634 - INFO - Completed: 31, remaining: 29, RAYPy_Simulation_bessy2hi_56m_PGM_2Perc_coupling_errors_off_FLUX/round_6/72_bessy2hi_56m_PGM_2Perc_coupling_errors_off_FLUX.rml
2025-02-07 22:59:28,804 - INFO - Completed: 32, remaining: 28, RAYPy_Simulation_bessy2hi_56m_PGM_2Perc_coupling_errors_off_FLUX/round_6/73_bessy2hi_56m_PGM_2Perc_coupling_errors_off_FLUX.rml
2025-02-07 22:59:28,900 - INFO - Completed: 33, remaining: 27, RAYPy_Simulation_bessy2hi_56m_PGM_2Perc_coupling_errors_off_FLUX/round_6/74_bessy2hi_56m_PGM_2Perc_coupling_errors_off_FLUX.rml
2025-02-07 22:59:39,353 - INFO - Completed: 34, remaining: 26, RAYPy_Simulation_bessy2hi_56m_PGM_2Perc_coupling_errors_off_FLUX/round_6/75_bessy2hi_56m_PGM_2Perc_coupling_errors_off_FLUX.rml
2025-02-07 22:59:39,861 - INFO - Completed: 35, remaining: 25, RAYPy_Simulation_bessy2hi_56m_PGM_2Perc_coupling_errors_off_FLUX/round_6/76_bessy2hi_56m_PGM_2Perc_coupling_errors_off_FLUX.rml
2025-02-07 22:59:40,418 - INFO - Completed: 36, remaining: 24, RAYPy_Simulation_bessy2hi_56m_PGM_2Perc_coupling_errors_off_FLUX/round_6/77_bessy2hi_56m_PGM_2Perc_coupling_errors_off_FLUX.rml
2025-02-07 22:59:41,365 - INFO - Completed: 37, remaining: 23, RAYPy_Simulation_bessy2hi_56m_PGM_2Perc_coupling_errors_off_FLUX/round_6/78_bessy2hi_56m_PGM_2Perc_coupling_errors_off_FLUX.rml
2025-02-07 22:59:42,416 - INFO - Completed: 38, remaining: 22, RAYPy_Simulation_bessy2hi_56m_PGM_2Perc_coupling_errors_off_FLUX/round_6/79_bessy2hi_56m_PGM_2Perc_coupling_errors_off_FLUX.rml
2025-02-07 22:59:43,097 - INFO - Completed: 39, remaining: 21, RAYPy_Simulation_bessy2hi_56m_PGM_2Perc_coupling_errors_off_FLUX/round_6/84_bessy2hi_56m_PGM_2Perc_coupling_errors_off_FLUX.rml
2025-02-07 22:59:43,117 - INFO - Completed: 40, remaining: 20, RAYPy_Simulation_bessy2hi_56m_PGM_2Perc_coupling_errors_off_FLUX/round_6/83_bessy2hi_56m_PGM_2Perc_coupling_errors_off_FLUX.rml
2025-02-07 22:59:43,309 - INFO - Completed: 41, remaining: 19, RAYPy_Simulation_bessy2hi_56m_PGM_2Perc_coupling_errors_off_FLUX/round_6/85_bessy2hi_56m_PGM_2Perc_coupling_errors_off_FLUX.rml
2025-02-07 22:59:43,405 - INFO - Completed: 42, remaining: 18, RAYPy_Simulation_bessy2hi_56m_PGM_2Perc_coupling_errors_off_FLUX/round_6/80_bessy2hi_56m_PGM_2Perc_coupling_errors_off_FLUX.rml
2025-02-07 22:59:43,435 - INFO - Completed: 43, remaining: 17, RAYPy_Simulation_bessy2hi_56m_PGM_2Perc_coupling_errors_off_FLUX/round_6/81_bessy2hi_56m_PGM_2Perc_coupling_errors_off_FLUX.rml
2025-02-07 22:59:43,468 - INFO - Completed: 44, remaining: 16, RAYPy_Simulation_bessy2hi_56m_PGM_2Perc_coupling_errors_off_FLUX/round_6/82_bessy2hi_56m_PGM_2Perc_coupling_errors_off_FLUX.rml
2025-02-07 22:59:52,762 - INFO - Completed: 45, remaining: 15, RAYPy_Simulation_bessy2hi_56m_PGM_2Perc_coupling_errors_off_FLUX/round_6/86_bessy2hi_56m_PGM_2Perc_coupling_errors_off_FLUX.rml
2025-02-07 22:59:53,203 - INFO - Completed: 46, remaining: 14, RAYPy_Simulation_bessy2hi_56m_PGM_2Perc_coupling_errors_off_FLUX/round_6/87_bessy2hi_56m_PGM_2Perc_coupling_errors_off_FLUX.rml
2025-02-07 22:59:53,977 - INFO - Completed: 47, remaining: 13, RAYPy_Simulation_bessy2hi_56m_PGM_2Perc_coupling_errors_off_FLUX/round_6/88_bessy2hi_56m_PGM_2Perc_coupling_errors_off_FLUX.rml
2025-02-07 22:59:55,155 - INFO - Completed: 48, remaining: 12, RAYPy_Simulation_bessy2hi_56m_PGM_2Perc_coupling_errors_off_FLUX/round_6/89_bessy2hi_56m_PGM_2Perc_coupling_errors_off_FLUX.rml
2025-02-07 22:59:56,668 - INFO - Completed: 49, remaining: 11, RAYPy_Simulation_bessy2hi_56m_PGM_2Perc_coupling_errors_off_FLUX/round_6/90_bessy2hi_56m_PGM_2Perc_coupling_errors_off_FLUX.rml
2025-02-07 22:59:57,276 - INFO - Completed: 50, remaining: 10, RAYPy_Simulation_bessy2hi_56m_PGM_2Perc_coupling_errors_off_FLUX/round_6/91_bessy2hi_56m_PGM_2Perc_coupling_errors_off_FLUX.rml
2025-02-07 22:59:57,401 - INFO - Completed: 51, remaining: 9, RAYPy_Simulation_bessy2hi_56m_PGM_2Perc_coupling_errors_off_FLUX/round_6/95_bessy2hi_56m_PGM_2Perc_coupling_errors_off_FLUX.rml
2025-02-07 22:59:57,506 - INFO - Completed: 52, remaining: 8, RAYPy_Simulation_bessy2hi_56m_PGM_2Perc_coupling_errors_off_FLUX/round_6/93_bessy2hi_56m_PGM_2Perc_coupling_errors_off_FLUX.rml
2025-02-07 22:59:57,654 - INFO - Completed: 53, remaining: 7, RAYPy_Simulation_bessy2hi_56m_PGM_2Perc_coupling_errors_off_FLUX/round_6/94_bessy2hi_56m_PGM_2Perc_coupling_errors_off_FLUX.rml
2025-02-07 22:59:58,077 - INFO - Completed: 54, remaining: 6, RAYPy_Simulation_bessy2hi_56m_PGM_2Perc_coupling_errors_off_FLUX/round_6/92_bessy2hi_56m_PGM_2Perc_coupling_errors_off_FLUX.rml
2025-02-07 22:59:58,086 - INFO - Completed: 55, remaining: 5, RAYPy_Simulation_bessy2hi_56m_PGM_2Perc_coupling_errors_off_FLUX/round_6/96_bessy2hi_56m_PGM_2Perc_coupling_errors_off_FLUX.rml
2025-02-07 23:00:02,224 - INFO - Completed: 56, remaining: 4, RAYPy_Simulation_bessy2hi_56m_PGM_2Perc_coupling_errors_off_FLUX/round_6/97_bessy2hi_56m_PGM_2Perc_coupling_errors_off_FLUX.rml
2025-02-07 23:00:02,248 - INFO - Completed: 57, remaining: 3, RAYPy_Simulation_bessy2hi_56m_PGM_2Perc_coupling_errors_off_FLUX/round_6/98_bessy2hi_56m_PGM_2Perc_coupling_errors_off_FLUX.rml
2025-02-07 23:00:02,618 - INFO - Completed: 58, remaining: 2, RAYPy_Simulation_bessy2hi_56m_PGM_2Perc_coupling_errors_off_FLUX/round_6/99_bessy2hi_56m_PGM_2Perc_coupling_errors_off_FLUX.rml
2025-02-07 23:00:03,076 - INFO - Completed: 59, remaining: 1, RAYPy_Simulation_bessy2hi_56m_PGM_2Perc_coupling_errors_off_FLUX/round_6/100_bessy2hi_56m_PGM_2Perc_coupling_errors_off_FLUX.rml
2025-02-07 23:00:03,527 - INFO - Completed: 60, remaining: 0, RAYPy_Simulation_bessy2hi_56m_PGM_2Perc_coupling_errors_off_FLUX/round_6/101_bessy2hi_56m_PGM_2Perc_coupling_errors_off_FLUX.rml
2025-02-07 23:00:03,527 - INFO - Batch Completed
2025-02-07 23:00:03,528 - INFO - Waiting For batch, 60 simulations to go
2025-02-07 23:00:03,533 - INFO - Prepared sim number: 102: RAYPy_Simulation_bessy2hi_56m_PGM_2Perc_coupling_errors_off_FLUX/round_6/102_bessy2hi_56m_PGM_2Perc_coupling_errors_off_FLUX.rml
2025-02-07 23:00:03,539 - INFO - Prepared sim number: 103: RAYPy_Simulation_bessy2hi_56m_PGM_2Perc_coupling_errors_off_FLUX/round_6/103_bessy2hi_56m_PGM_2Perc_coupling_errors_off_FLUX.rml
2025-02-07 23:00:03,546 - INFO - Prepared sim number: 104: RAYPy_Simulation_bessy2hi_56m_PGM_2Perc_coupling_errors_off_FLUX/round_6/104_bessy2hi_56m_PGM_2Perc_coupling_errors_off_FLUX.rml
2025-02-07 23:00:03,552 - INFO - Prepared sim number: 105: RAYPy_Simulation_bessy2hi_56m_PGM_2Perc_coupling_errors_off_FLUX/round_6/105_bessy2hi_56m_PGM_2Perc_coupling_errors_off_FLUX.rml
2025-02-07 23:00:03,557 - INFO - Prepared sim number: 106: RAYPy_Simulation_bessy2hi_56m_PGM_2Perc_coupling_errors_off_FLUX/round_6/106_bessy2hi_56m_PGM_2Perc_coupling_errors_off_FLUX.rml
2025-02-07 23:00:03,562 - INFO - Prepared sim number: 107: RAYPy_Simulation_bessy2hi_56m_PGM_2Perc_coupling_errors_off_FLUX/round_6/107_bessy2hi_56m_PGM_2Perc_coupling_errors_off_FLUX.rml
2025-02-07 23:00:03,567 - INFO - Prepared sim number: 108: RAYPy_Simulation_bessy2hi_56m_PGM_2Perc_coupling_errors_off_FLUX/round_6/108_bessy2hi_56m_PGM_2Perc_coupling_errors_off_FLUX.rml
2025-02-07 23:00:03,574 - INFO - Prepared sim number: 109: RAYPy_Simulation_bessy2hi_56m_PGM_2Perc_coupling_errors_off_FLUX/round_6/109_bessy2hi_56m_PGM_2Perc_coupling_errors_off_FLUX.rml
2025-02-07 23:00:03,580 - INFO - Prepared sim number: 110: RAYPy_Simulation_bessy2hi_56m_PGM_2Perc_coupling_errors_off_FLUX/round_6/110_bessy2hi_56m_PGM_2Perc_coupling_errors_off_FLUX.rml
2025-02-07 23:00:03,586 - INFO - Prepared sim number: 111: RAYPy_Simulation_bessy2hi_56m_PGM_2Perc_coupling_errors_off_FLUX/round_6/111_bessy2hi_56m_PGM_2Perc_coupling_errors_off_FLUX.rml
2025-02-07 23:00:03,595 - INFO - Prepared sim number: 112: RAYPy_Simulation_bessy2hi_56m_PGM_2Perc_coupling_errors_off_FLUX/round_6/112_bessy2hi_56m_PGM_2Perc_coupling_errors_off_FLUX.rml
2025-02-07 23:00:03,601 - INFO - Prepared sim number: 113: RAYPy_Simulation_bessy2hi_56m_PGM_2Perc_coupling_errors_off_FLUX/round_6/113_bessy2hi_56m_PGM_2Perc_coupling_errors_off_FLUX.rml
2025-02-07 23:00:03,606 - INFO - Prepared sim number: 114: RAYPy_Simulation_bessy2hi_56m_PGM_2Perc_coupling_errors_off_FLUX/round_6/114_bessy2hi_56m_PGM_2Perc_coupling_errors_off_FLUX.rml
2025-02-07 23:00:03,611 - INFO - Prepared sim number: 115: RAYPy_Simulation_bessy2hi_56m_PGM_2Perc_coupling_errors_off_FLUX/round_6/115_bessy2hi_56m_PGM_2Perc_coupling_errors_off_FLUX.rml
2025-02-07 23:00:03,616 - INFO - Prepared sim number: 116: RAYPy_Simulation_bessy2hi_56m_PGM_2Perc_coupling_errors_off_FLUX/round_6/116_bessy2hi_56m_PGM_2Perc_coupling_errors_off_FLUX.rml
2025-02-07 23:00:03,620 - INFO - Prepared sim number: 117: RAYPy_Simulation_bessy2hi_56m_PGM_2Perc_coupling_errors_off_FLUX/round_6/117_bessy2hi_56m_PGM_2Perc_coupling_errors_off_FLUX.rml
2025-02-07 23:00:03,627 - INFO - Prepared sim number: 118: RAYPy_Simulation_bessy2hi_56m_PGM_2Perc_coupling_errors_off_FLUX/round_6/118_bessy2hi_56m_PGM_2Perc_coupling_errors_off_FLUX.rml
2025-02-07 23:00:03,633 - INFO - Prepared sim number: 119: RAYPy_Simulation_bessy2hi_56m_PGM_2Perc_coupling_errors_off_FLUX/round_6/119_bessy2hi_56m_PGM_2Perc_coupling_errors_off_FLUX.rml
2025-02-07 23:00:03,638 - INFO - Prepared sim number: 120: RAYPy_Simulation_bessy2hi_56m_PGM_2Perc_coupling_errors_off_FLUX/round_6/120_bessy2hi_56m_PGM_2Perc_coupling_errors_off_FLUX.rml
2025-02-07 23:00:03,642 - INFO - Prepared sim number: 121: RAYPy_Simulation_bessy2hi_56m_PGM_2Perc_coupling_errors_off_FLUX/round_6/121_bessy2hi_56m_PGM_2Perc_coupling_errors_off_FLUX.rml
2025-02-07 23:00:03,647 - INFO - Prepared sim number: 122: RAYPy_Simulation_bessy2hi_56m_PGM_2Perc_coupling_errors_off_FLUX/round_6/122_bessy2hi_56m_PGM_2Perc_coupling_errors_off_FLUX.rml
2025-02-07 23:00:03,647 - INFO - Start round 7
2025-02-07 23:00:03,651 - INFO - Prepared sim number: 0: RAYPy_Simulation_bessy2hi_56m_PGM_2Perc_coupling_errors_off_FLUX/round_7/0_bessy2hi_56m_PGM_2Perc_coupling_errors_off_FLUX.rml
2025-02-07 23:00:03,655 - INFO - Prepared sim number: 1: RAYPy_Simulation_bessy2hi_56m_PGM_2Perc_coupling_errors_off_FLUX/round_7/1_bessy2hi_56m_PGM_2Perc_coupling_errors_off_FLUX.rml
2025-02-07 23:00:03,660 - INFO - Prepared sim number: 2: RAYPy_Simulation_bessy2hi_56m_PGM_2Perc_coupling_errors_off_FLUX/round_7/2_bessy2hi_56m_PGM_2Perc_coupling_errors_off_FLUX.rml
2025-02-07 23:00:03,665 - INFO - Prepared sim number: 3: RAYPy_Simulation_bessy2hi_56m_PGM_2Perc_coupling_errors_off_FLUX/round_7/3_bessy2hi_56m_PGM_2Perc_coupling_errors_off_FLUX.rml
2025-02-07 23:00:03,669 - INFO - Prepared sim number: 4: RAYPy_Simulation_bessy2hi_56m_PGM_2Perc_coupling_errors_off_FLUX/round_7/4_bessy2hi_56m_PGM_2Perc_coupling_errors_off_FLUX.rml
2025-02-07 23:00:03,674 - INFO - Prepared sim number: 5: RAYPy_Simulation_bessy2hi_56m_PGM_2Perc_coupling_errors_off_FLUX/round_7/5_bessy2hi_56m_PGM_2Perc_coupling_errors_off_FLUX.rml
2025-02-07 23:00:03,678 - INFO - Prepared sim number: 6: RAYPy_Simulation_bessy2hi_56m_PGM_2Perc_coupling_errors_off_FLUX/round_7/6_bessy2hi_56m_PGM_2Perc_coupling_errors_off_FLUX.rml
2025-02-07 23:00:03,682 - INFO - Prepared sim number: 7: RAYPy_Simulation_bessy2hi_56m_PGM_2Perc_coupling_errors_off_FLUX/round_7/7_bessy2hi_56m_PGM_2Perc_coupling_errors_off_FLUX.rml
2025-02-07 23:00:03,686 - INFO - Prepared sim number: 8: RAYPy_Simulation_bessy2hi_56m_PGM_2Perc_coupling_errors_off_FLUX/round_7/8_bessy2hi_56m_PGM_2Perc_coupling_errors_off_FLUX.rml
2025-02-07 23:00:03,690 - INFO - Prepared sim number: 9: RAYPy_Simulation_bessy2hi_56m_PGM_2Perc_coupling_errors_off_FLUX/round_7/9_bessy2hi_56m_PGM_2Perc_coupling_errors_off_FLUX.rml
2025-02-07 23:00:03,695 - INFO - Prepared sim number: 10: RAYPy_Simulation_bessy2hi_56m_PGM_2Perc_coupling_errors_off_FLUX/round_7/10_bessy2hi_56m_PGM_2Perc_coupling_errors_off_FLUX.rml
2025-02-07 23:00:03,699 - INFO - Prepared sim number: 11: RAYPy_Simulation_bessy2hi_56m_PGM_2Perc_coupling_errors_off_FLUX/round_7/11_bessy2hi_56m_PGM_2Perc_coupling_errors_off_FLUX.rml
2025-02-07 23:00:03,703 - INFO - Prepared sim number: 12: RAYPy_Simulation_bessy2hi_56m_PGM_2Perc_coupling_errors_off_FLUX/round_7/12_bessy2hi_56m_PGM_2Perc_coupling_errors_off_FLUX.rml
2025-02-07 23:00:03,707 - INFO - Prepared sim number: 13: RAYPy_Simulation_bessy2hi_56m_PGM_2Perc_coupling_errors_off_FLUX/round_7/13_bessy2hi_56m_PGM_2Perc_coupling_errors_off_FLUX.rml
2025-02-07 23:00:03,712 - INFO - Prepared sim number: 14: RAYPy_Simulation_bessy2hi_56m_PGM_2Perc_coupling_errors_off_FLUX/round_7/14_bessy2hi_56m_PGM_2Perc_coupling_errors_off_FLUX.rml
2025-02-07 23:00:03,716 - INFO - Prepared sim number: 15: RAYPy_Simulation_bessy2hi_56m_PGM_2Perc_coupling_errors_off_FLUX/round_7/15_bessy2hi_56m_PGM_2Perc_coupling_errors_off_FLUX.rml
2025-02-07 23:00:03,720 - INFO - Prepared sim number: 16: RAYPy_Simulation_bessy2hi_56m_PGM_2Perc_coupling_errors_off_FLUX/round_7/16_bessy2hi_56m_PGM_2Perc_coupling_errors_off_FLUX.rml
2025-02-07 23:00:03,725 - INFO - Prepared sim number: 17: RAYPy_Simulation_bessy2hi_56m_PGM_2Perc_coupling_errors_off_FLUX/round_7/17_bessy2hi_56m_PGM_2Perc_coupling_errors_off_FLUX.rml
2025-02-07 23:00:03,730 - INFO - Prepared sim number: 18: RAYPy_Simulation_bessy2hi_56m_PGM_2Perc_coupling_errors_off_FLUX/round_7/18_bessy2hi_56m_PGM_2Perc_coupling_errors_off_FLUX.rml
2025-02-07 23:00:03,734 - INFO - Prepared sim number: 19: RAYPy_Simulation_bessy2hi_56m_PGM_2Perc_coupling_errors_off_FLUX/round_7/19_bessy2hi_56m_PGM_2Perc_coupling_errors_off_FLUX.rml
2025-02-07 23:00:03,738 - INFO - Prepared sim number: 20: RAYPy_Simulation_bessy2hi_56m_PGM_2Perc_coupling_errors_off_FLUX/round_7/20_bessy2hi_56m_PGM_2Perc_coupling_errors_off_FLUX.rml
2025-02-07 23:00:03,742 - INFO - Prepared sim number: 21: RAYPy_Simulation_bessy2hi_56m_PGM_2Perc_coupling_errors_off_FLUX/round_7/21_bessy2hi_56m_PGM_2Perc_coupling_errors_off_FLUX.rml
2025-02-07 23:00:03,746 - INFO - Prepared sim number: 22: RAYPy_Simulation_bessy2hi_56m_PGM_2Perc_coupling_errors_off_FLUX/round_7/22_bessy2hi_56m_PGM_2Perc_coupling_errors_off_FLUX.rml
2025-02-07 23:00:03,750 - INFO - Prepared sim number: 23: RAYPy_Simulation_bessy2hi_56m_PGM_2Perc_coupling_errors_off_FLUX/round_7/23_bessy2hi_56m_PGM_2Perc_coupling_errors_off_FLUX.rml
2025-02-07 23:00:03,754 - INFO - Prepared sim number: 24: RAYPy_Simulation_bessy2hi_56m_PGM_2Perc_coupling_errors_off_FLUX/round_7/24_bessy2hi_56m_PGM_2Perc_coupling_errors_off_FLUX.rml
2025-02-07 23:00:03,758 - INFO - Prepared sim number: 25: RAYPy_Simulation_bessy2hi_56m_PGM_2Perc_coupling_errors_off_FLUX/round_7/25_bessy2hi_56m_PGM_2Perc_coupling_errors_off_FLUX.rml
2025-02-07 23:00:03,762 - INFO - Prepared sim number: 26: RAYPy_Simulation_bessy2hi_56m_PGM_2Perc_coupling_errors_off_FLUX/round_7/26_bessy2hi_56m_PGM_2Perc_coupling_errors_off_FLUX.rml
2025-02-07 23:00:03,766 - INFO - Prepared sim number: 27: RAYPy_Simulation_bessy2hi_56m_PGM_2Perc_coupling_errors_off_FLUX/round_7/27_bessy2hi_56m_PGM_2Perc_coupling_errors_off_FLUX.rml
2025-02-07 23:00:03,772 - INFO - Prepared sim number: 28: RAYPy_Simulation_bessy2hi_56m_PGM_2Perc_coupling_errors_off_FLUX/round_7/28_bessy2hi_56m_PGM_2Perc_coupling_errors_off_FLUX.rml
2025-02-07 23:00:03,776 - INFO - Prepared sim number: 29: RAYPy_Simulation_bessy2hi_56m_PGM_2Perc_coupling_errors_off_FLUX/round_7/29_bessy2hi_56m_PGM_2Perc_coupling_errors_off_FLUX.rml
2025-02-07 23:00:03,780 - INFO - Prepared sim number: 30: RAYPy_Simulation_bessy2hi_56m_PGM_2Perc_coupling_errors_off_FLUX/round_7/30_bessy2hi_56m_PGM_2Perc_coupling_errors_off_FLUX.rml
2025-02-07 23:00:03,784 - INFO - Prepared sim number: 31: RAYPy_Simulation_bessy2hi_56m_PGM_2Perc_coupling_errors_off_FLUX/round_7/31_bessy2hi_56m_PGM_2Perc_coupling_errors_off_FLUX.rml
2025-02-07 23:00:03,789 - INFO - Prepared sim number: 32: RAYPy_Simulation_bessy2hi_56m_PGM_2Perc_coupling_errors_off_FLUX/round_7/32_bessy2hi_56m_PGM_2Perc_coupling_errors_off_FLUX.rml
2025-02-07 23:00:03,793 - INFO - Prepared sim number: 33: RAYPy_Simulation_bessy2hi_56m_PGM_2Perc_coupling_errors_off_FLUX/round_7/33_bessy2hi_56m_PGM_2Perc_coupling_errors_off_FLUX.rml
2025-02-07 23:00:03,797 - INFO - Prepared sim number: 34: RAYPy_Simulation_bessy2hi_56m_PGM_2Perc_coupling_errors_off_FLUX/round_7/34_bessy2hi_56m_PGM_2Perc_coupling_errors_off_FLUX.rml
2025-02-07 23:00:03,801 - INFO - Prepared sim number: 35: RAYPy_Simulation_bessy2hi_56m_PGM_2Perc_coupling_errors_off_FLUX/round_7/35_bessy2hi_56m_PGM_2Perc_coupling_errors_off_FLUX.rml
2025-02-07 23:00:03,806 - INFO - Prepared sim number: 36: RAYPy_Simulation_bessy2hi_56m_PGM_2Perc_coupling_errors_off_FLUX/round_7/36_bessy2hi_56m_PGM_2Perc_coupling_errors_off_FLUX.rml
2025-02-07 23:00:03,810 - INFO - Prepared sim number: 37: RAYPy_Simulation_bessy2hi_56m_PGM_2Perc_coupling_errors_off_FLUX/round_7/37_bessy2hi_56m_PGM_2Perc_coupling_errors_off_FLUX.rml
2025-02-07 23:00:03,814 - INFO - Prepared sim number: 38: RAYPy_Simulation_bessy2hi_56m_PGM_2Perc_coupling_errors_off_FLUX/round_7/38_bessy2hi_56m_PGM_2Perc_coupling_errors_off_FLUX.rml
2025-02-07 23:00:03,815 - INFO - Waiting for batch number: 14, timeout: 85.37393844828885s
2025-02-07 23:00:16,613 - INFO - Completed: 1, remaining: 59, RAYPy_Simulation_bessy2hi_56m_PGM_2Perc_coupling_errors_off_FLUX/round_6/103_bessy2hi_56m_PGM_2Perc_coupling_errors_off_FLUX.rml
2025-02-07 23:00:16,841 - INFO - Completed: 2, remaining: 58, RAYPy_Simulation_bessy2hi_56m_PGM_2Perc_coupling_errors_off_FLUX/round_6/110_bessy2hi_56m_PGM_2Perc_coupling_errors_off_FLUX.rml
2025-02-07 23:00:16,892 - INFO - Completed: 3, remaining: 57, RAYPy_Simulation_bessy2hi_56m_PGM_2Perc_coupling_errors_off_FLUX/round_6/112_bessy2hi_56m_PGM_2Perc_coupling_errors_off_FLUX.rml
2025-02-07 23:00:16,938 - INFO - Completed: 4, remaining: 56, RAYPy_Simulation_bessy2hi_56m_PGM_2Perc_coupling_errors_off_FLUX/round_6/104_bessy2hi_56m_PGM_2Perc_coupling_errors_off_FLUX.rml
2025-02-07 23:00:17,003 - INFO - Completed: 5, remaining: 55, RAYPy_Simulation_bessy2hi_56m_PGM_2Perc_coupling_errors_off_FLUX/round_6/111_bessy2hi_56m_PGM_2Perc_coupling_errors_off_FLUX.rml
2025-02-07 23:00:18,051 - INFO - Completed: 6, remaining: 54, RAYPy_Simulation_bessy2hi_56m_PGM_2Perc_coupling_errors_off_FLUX/round_6/108_bessy2hi_56m_PGM_2Perc_coupling_errors_off_FLUX.rml
2025-02-07 23:00:19,228 - INFO - Completed: 7, remaining: 53, RAYPy_Simulation_bessy2hi_56m_PGM_2Perc_coupling_errors_off_FLUX/round_6/102_bessy2hi_56m_PGM_2Perc_coupling_errors_off_FLUX.rml
2025-02-07 23:00:19,634 - INFO - Completed: 8, remaining: 52, RAYPy_Simulation_bessy2hi_56m_PGM_2Perc_coupling_errors_off_FLUX/round_6/107_bessy2hi_56m_PGM_2Perc_coupling_errors_off_FLUX.rml
2025-02-07 23:00:19,656 - INFO - Completed: 9, remaining: 51, RAYPy_Simulation_bessy2hi_56m_PGM_2Perc_coupling_errors_off_FLUX/round_6/106_bessy2hi_56m_PGM_2Perc_coupling_errors_off_FLUX.rml
2025-02-07 23:00:19,759 - INFO - Completed: 10, remaining: 50, RAYPy_Simulation_bessy2hi_56m_PGM_2Perc_coupling_errors_off_FLUX/round_6/109_bessy2hi_56m_PGM_2Perc_coupling_errors_off_FLUX.rml
2025-02-07 23:00:20,052 - INFO - Completed: 11, remaining: 49, RAYPy_Simulation_bessy2hi_56m_PGM_2Perc_coupling_errors_off_FLUX/round_6/105_bessy2hi_56m_PGM_2Perc_coupling_errors_off_FLUX.rml
2025-02-07 23:00:30,712 - INFO - Completed: 12, remaining: 48, RAYPy_Simulation_bessy2hi_56m_PGM_2Perc_coupling_errors_off_FLUX/round_6/113_bessy2hi_56m_PGM_2Perc_coupling_errors_off_FLUX.rml
2025-02-07 23:00:30,720 - INFO - Completed: 13, remaining: 47, RAYPy_Simulation_bessy2hi_56m_PGM_2Perc_coupling_errors_off_FLUX/round_6/114_bessy2hi_56m_PGM_2Perc_coupling_errors_off_FLUX.rml
2025-02-07 23:00:30,922 - INFO - Completed: 14, remaining: 46, RAYPy_Simulation_bessy2hi_56m_PGM_2Perc_coupling_errors_off_FLUX/round_6/116_bessy2hi_56m_PGM_2Perc_coupling_errors_off_FLUX.rml
2025-02-07 23:00:30,991 - INFO - Completed: 15, remaining: 45, RAYPy_Simulation_bessy2hi_56m_PGM_2Perc_coupling_errors_off_FLUX/round_6/117_bessy2hi_56m_PGM_2Perc_coupling_errors_off_FLUX.rml
2025-02-07 23:00:31,272 - INFO - Completed: 16, remaining: 44, RAYPy_Simulation_bessy2hi_56m_PGM_2Perc_coupling_errors_off_FLUX/round_6/115_bessy2hi_56m_PGM_2Perc_coupling_errors_off_FLUX.rml
2025-02-07 23:00:32,156 - INFO - Completed: 17, remaining: 43, RAYPy_Simulation_bessy2hi_56m_PGM_2Perc_coupling_errors_off_FLUX/round_6/118_bessy2hi_56m_PGM_2Perc_coupling_errors_off_FLUX.rml
2025-02-07 23:00:33,049 - INFO - Completed: 18, remaining: 42, RAYPy_Simulation_bessy2hi_56m_PGM_2Perc_coupling_errors_off_FLUX/round_6/119_bessy2hi_56m_PGM_2Perc_coupling_errors_off_FLUX.rml
2025-02-07 23:00:33,477 - INFO - Completed: 19, remaining: 41, RAYPy_Simulation_bessy2hi_56m_PGM_2Perc_coupling_errors_off_FLUX/round_6/120_bessy2hi_56m_PGM_2Perc_coupling_errors_off_FLUX.rml
2025-02-07 23:00:33,521 - INFO - Completed: 20, remaining: 40, RAYPy_Simulation_bessy2hi_56m_PGM_2Perc_coupling_errors_off_FLUX/round_6/122_bessy2hi_56m_PGM_2Perc_coupling_errors_off_FLUX.rml
2025-02-07 23:00:33,530 - INFO - Completed: 21, remaining: 39, RAYPy_Simulation_bessy2hi_56m_PGM_2Perc_coupling_errors_off_FLUX/round_6/121_bessy2hi_56m_PGM_2Perc_coupling_errors_off_FLUX.rml
2025-02-07 23:00:33,586 - INFO - Completed: 22, remaining: 38, RAYPy_Simulation_bessy2hi_56m_PGM_2Perc_coupling_errors_off_FLUX/round_7/0_bessy2hi_56m_PGM_2Perc_coupling_errors_off_FLUX.rml
2025-02-07 23:00:44,133 - INFO - Completed: 23, remaining: 37, RAYPy_Simulation_bessy2hi_56m_PGM_2Perc_coupling_errors_off_FLUX/round_7/1_bessy2hi_56m_PGM_2Perc_coupling_errors_off_FLUX.rml
2025-02-07 23:00:44,199 - INFO - Completed: 24, remaining: 36, RAYPy_Simulation_bessy2hi_56m_PGM_2Perc_coupling_errors_off_FLUX/round_7/2_bessy2hi_56m_PGM_2Perc_coupling_errors_off_FLUX.rml
2025-02-07 23:00:44,406 - INFO - Completed: 25, remaining: 35, RAYPy_Simulation_bessy2hi_56m_PGM_2Perc_coupling_errors_off_FLUX/round_7/3_bessy2hi_56m_PGM_2Perc_coupling_errors_off_FLUX.rml
2025-02-07 23:00:45,372 - INFO - Completed: 26, remaining: 34, RAYPy_Simulation_bessy2hi_56m_PGM_2Perc_coupling_errors_off_FLUX/round_7/5_bessy2hi_56m_PGM_2Perc_coupling_errors_off_FLUX.rml
2025-02-07 23:00:45,867 - INFO - Completed: 27, remaining: 33, RAYPy_Simulation_bessy2hi_56m_PGM_2Perc_coupling_errors_off_FLUX/round_7/4_bessy2hi_56m_PGM_2Perc_coupling_errors_off_FLUX.rml
2025-02-07 23:00:46,542 - INFO - Completed: 28, remaining: 32, RAYPy_Simulation_bessy2hi_56m_PGM_2Perc_coupling_errors_off_FLUX/round_7/6_bessy2hi_56m_PGM_2Perc_coupling_errors_off_FLUX.rml
2025-02-07 23:00:47,204 - INFO - Completed: 29, remaining: 31, RAYPy_Simulation_bessy2hi_56m_PGM_2Perc_coupling_errors_off_FLUX/round_7/7_bessy2hi_56m_PGM_2Perc_coupling_errors_off_FLUX.rml
2025-02-07 23:00:47,585 - INFO - Completed: 30, remaining: 30, RAYPy_Simulation_bessy2hi_56m_PGM_2Perc_coupling_errors_off_FLUX/round_7/10_bessy2hi_56m_PGM_2Perc_coupling_errors_off_FLUX.rml
2025-02-07 23:00:47,727 - INFO - Completed: 31, remaining: 29, RAYPy_Simulation_bessy2hi_56m_PGM_2Perc_coupling_errors_off_FLUX/round_7/8_bessy2hi_56m_PGM_2Perc_coupling_errors_off_FLUX.rml
2025-02-07 23:00:47,801 - INFO - Completed: 32, remaining: 28, RAYPy_Simulation_bessy2hi_56m_PGM_2Perc_coupling_errors_off_FLUX/round_7/11_bessy2hi_56m_PGM_2Perc_coupling_errors_off_FLUX.rml
2025-02-07 23:00:48,000 - INFO - Completed: 33, remaining: 27, RAYPy_Simulation_bessy2hi_56m_PGM_2Perc_coupling_errors_off_FLUX/round_7/9_bessy2hi_56m_PGM_2Perc_coupling_errors_off_FLUX.rml
2025-02-07 23:00:58,094 - INFO - Completed: 34, remaining: 26, RAYPy_Simulation_bessy2hi_56m_PGM_2Perc_coupling_errors_off_FLUX/round_7/12_bessy2hi_56m_PGM_2Perc_coupling_errors_off_FLUX.rml
2025-02-07 23:00:58,455 - INFO - Completed: 35, remaining: 25, RAYPy_Simulation_bessy2hi_56m_PGM_2Perc_coupling_errors_off_FLUX/round_7/13_bessy2hi_56m_PGM_2Perc_coupling_errors_off_FLUX.rml
2025-02-07 23:00:58,566 - INFO - Completed: 36, remaining: 24, RAYPy_Simulation_bessy2hi_56m_PGM_2Perc_coupling_errors_off_FLUX/round_7/14_bessy2hi_56m_PGM_2Perc_coupling_errors_off_FLUX.rml
2025-02-07 23:00:59,839 - INFO - Completed: 37, remaining: 23, RAYPy_Simulation_bessy2hi_56m_PGM_2Perc_coupling_errors_off_FLUX/round_7/15_bessy2hi_56m_PGM_2Perc_coupling_errors_off_FLUX.rml
2025-02-07 23:01:00,618 - INFO - Completed: 38, remaining: 22, RAYPy_Simulation_bessy2hi_56m_PGM_2Perc_coupling_errors_off_FLUX/round_7/16_bessy2hi_56m_PGM_2Perc_coupling_errors_off_FLUX.rml
2025-02-07 23:01:01,027 - INFO - Completed: 39, remaining: 21, RAYPy_Simulation_bessy2hi_56m_PGM_2Perc_coupling_errors_off_FLUX/round_7/17_bessy2hi_56m_PGM_2Perc_coupling_errors_off_FLUX.rml
2025-02-07 23:01:02,051 - INFO - Completed: 40, remaining: 20, RAYPy_Simulation_bessy2hi_56m_PGM_2Perc_coupling_errors_off_FLUX/round_7/19_bessy2hi_56m_PGM_2Perc_coupling_errors_off_FLUX.rml
2025-02-07 23:01:02,070 - INFO - Completed: 41, remaining: 19, RAYPy_Simulation_bessy2hi_56m_PGM_2Perc_coupling_errors_off_FLUX/round_7/18_bessy2hi_56m_PGM_2Perc_coupling_errors_off_FLUX.rml
2025-02-07 23:01:02,217 - INFO - Completed: 42, remaining: 18, RAYPy_Simulation_bessy2hi_56m_PGM_2Perc_coupling_errors_off_FLUX/round_7/20_bessy2hi_56m_PGM_2Perc_coupling_errors_off_FLUX.rml
2025-02-07 23:01:02,282 - INFO - Completed: 43, remaining: 17, RAYPy_Simulation_bessy2hi_56m_PGM_2Perc_coupling_errors_off_FLUX/round_7/21_bessy2hi_56m_PGM_2Perc_coupling_errors_off_FLUX.rml
2025-02-07 23:01:02,390 - INFO - Completed: 44, remaining: 16, RAYPy_Simulation_bessy2hi_56m_PGM_2Perc_coupling_errors_off_FLUX/round_7/22_bessy2hi_56m_PGM_2Perc_coupling_errors_off_FLUX.rml
2025-02-07 23:01:11,509 - INFO - Completed: 45, remaining: 15, RAYPy_Simulation_bessy2hi_56m_PGM_2Perc_coupling_errors_off_FLUX/round_7/23_bessy2hi_56m_PGM_2Perc_coupling_errors_off_FLUX.rml
2025-02-07 23:01:12,045 - INFO - Completed: 46, remaining: 14, RAYPy_Simulation_bessy2hi_56m_PGM_2Perc_coupling_errors_off_FLUX/round_7/24_bessy2hi_56m_PGM_2Perc_coupling_errors_off_FLUX.rml
2025-02-07 23:01:12,154 - INFO - Completed: 47, remaining: 13, RAYPy_Simulation_bessy2hi_56m_PGM_2Perc_coupling_errors_off_FLUX/round_7/25_bessy2hi_56m_PGM_2Perc_coupling_errors_off_FLUX.rml
2025-02-07 23:01:14,754 - INFO - Completed: 48, remaining: 12, RAYPy_Simulation_bessy2hi_56m_PGM_2Perc_coupling_errors_off_FLUX/round_7/26_bessy2hi_56m_PGM_2Perc_coupling_errors_off_FLUX.rml
2025-02-07 23:01:14,948 - INFO - Completed: 49, remaining: 11, RAYPy_Simulation_bessy2hi_56m_PGM_2Perc_coupling_errors_off_FLUX/round_7/27_bessy2hi_56m_PGM_2Perc_coupling_errors_off_FLUX.rml
2025-02-07 23:01:15,143 - INFO - Completed: 50, remaining: 10, RAYPy_Simulation_bessy2hi_56m_PGM_2Perc_coupling_errors_off_FLUX/round_7/28_bessy2hi_56m_PGM_2Perc_coupling_errors_off_FLUX.rml
2025-02-07 23:01:16,144 - INFO - Completed: 51, remaining: 9, RAYPy_Simulation_bessy2hi_56m_PGM_2Perc_coupling_errors_off_FLUX/round_7/30_bessy2hi_56m_PGM_2Perc_coupling_errors_off_FLUX.rml
2025-02-07 23:01:16,360 - INFO - Completed: 52, remaining: 8, RAYPy_Simulation_bessy2hi_56m_PGM_2Perc_coupling_errors_off_FLUX/round_7/31_bessy2hi_56m_PGM_2Perc_coupling_errors_off_FLUX.rml
2025-02-07 23:01:16,441 - INFO - Completed: 53, remaining: 7, RAYPy_Simulation_bessy2hi_56m_PGM_2Perc_coupling_errors_off_FLUX/round_7/29_bessy2hi_56m_PGM_2Perc_coupling_errors_off_FLUX.rml
2025-02-07 23:01:16,661 - INFO - Completed: 54, remaining: 6, RAYPy_Simulation_bessy2hi_56m_PGM_2Perc_coupling_errors_off_FLUX/round_7/32_bessy2hi_56m_PGM_2Perc_coupling_errors_off_FLUX.rml
2025-02-07 23:01:16,866 - INFO - Completed: 55, remaining: 5, RAYPy_Simulation_bessy2hi_56m_PGM_2Perc_coupling_errors_off_FLUX/round_7/33_bessy2hi_56m_PGM_2Perc_coupling_errors_off_FLUX.rml
2025-02-07 23:01:21,108 - INFO - Completed: 56, remaining: 4, RAYPy_Simulation_bessy2hi_56m_PGM_2Perc_coupling_errors_off_FLUX/round_7/34_bessy2hi_56m_PGM_2Perc_coupling_errors_off_FLUX.rml
2025-02-07 23:01:21,358 - INFO - Completed: 57, remaining: 3, RAYPy_Simulation_bessy2hi_56m_PGM_2Perc_coupling_errors_off_FLUX/round_7/35_bessy2hi_56m_PGM_2Perc_coupling_errors_off_FLUX.rml
2025-02-07 23:01:21,442 - INFO - Completed: 58, remaining: 2, RAYPy_Simulation_bessy2hi_56m_PGM_2Perc_coupling_errors_off_FLUX/round_7/36_bessy2hi_56m_PGM_2Perc_coupling_errors_off_FLUX.rml
2025-02-07 23:01:22,188 - INFO - Completed: 59, remaining: 1, RAYPy_Simulation_bessy2hi_56m_PGM_2Perc_coupling_errors_off_FLUX/round_7/37_bessy2hi_56m_PGM_2Perc_coupling_errors_off_FLUX.rml
2025-02-07 23:01:22,285 - INFO - Completed: 60, remaining: 0, RAYPy_Simulation_bessy2hi_56m_PGM_2Perc_coupling_errors_off_FLUX/round_7/38_bessy2hi_56m_PGM_2Perc_coupling_errors_off_FLUX.rml
2025-02-07 23:01:22,285 - INFO - Batch Completed
2025-02-07 23:01:22,285 - INFO - Waiting For batch, 60 simulations to go
2025-02-07 23:01:22,291 - INFO - Prepared sim number: 39: RAYPy_Simulation_bessy2hi_56m_PGM_2Perc_coupling_errors_off_FLUX/round_7/39_bessy2hi_56m_PGM_2Perc_coupling_errors_off_FLUX.rml
2025-02-07 23:01:22,302 - INFO - Prepared sim number: 40: RAYPy_Simulation_bessy2hi_56m_PGM_2Perc_coupling_errors_off_FLUX/round_7/40_bessy2hi_56m_PGM_2Perc_coupling_errors_off_FLUX.rml
2025-02-07 23:01:22,308 - INFO - Prepared sim number: 41: RAYPy_Simulation_bessy2hi_56m_PGM_2Perc_coupling_errors_off_FLUX/round_7/41_bessy2hi_56m_PGM_2Perc_coupling_errors_off_FLUX.rml
2025-02-07 23:01:22,314 - INFO - Prepared sim number: 42: RAYPy_Simulation_bessy2hi_56m_PGM_2Perc_coupling_errors_off_FLUX/round_7/42_bessy2hi_56m_PGM_2Perc_coupling_errors_off_FLUX.rml
2025-02-07 23:01:22,320 - INFO - Prepared sim number: 43: RAYPy_Simulation_bessy2hi_56m_PGM_2Perc_coupling_errors_off_FLUX/round_7/43_bessy2hi_56m_PGM_2Perc_coupling_errors_off_FLUX.rml
2025-02-07 23:01:22,329 - INFO - Prepared sim number: 44: RAYPy_Simulation_bessy2hi_56m_PGM_2Perc_coupling_errors_off_FLUX/round_7/44_bessy2hi_56m_PGM_2Perc_coupling_errors_off_FLUX.rml
2025-02-07 23:01:22,335 - INFO - Prepared sim number: 45: RAYPy_Simulation_bessy2hi_56m_PGM_2Perc_coupling_errors_off_FLUX/round_7/45_bessy2hi_56m_PGM_2Perc_coupling_errors_off_FLUX.rml
2025-02-07 23:01:22,341 - INFO - Prepared sim number: 46: RAYPy_Simulation_bessy2hi_56m_PGM_2Perc_coupling_errors_off_FLUX/round_7/46_bessy2hi_56m_PGM_2Perc_coupling_errors_off_FLUX.rml
2025-02-07 23:01:22,347 - INFO - Prepared sim number: 47: RAYPy_Simulation_bessy2hi_56m_PGM_2Perc_coupling_errors_off_FLUX/round_7/47_bessy2hi_56m_PGM_2Perc_coupling_errors_off_FLUX.rml
2025-02-07 23:01:22,353 - INFO - Prepared sim number: 48: RAYPy_Simulation_bessy2hi_56m_PGM_2Perc_coupling_errors_off_FLUX/round_7/48_bessy2hi_56m_PGM_2Perc_coupling_errors_off_FLUX.rml
2025-02-07 23:01:22,358 - INFO - Prepared sim number: 49: RAYPy_Simulation_bessy2hi_56m_PGM_2Perc_coupling_errors_off_FLUX/round_7/49_bessy2hi_56m_PGM_2Perc_coupling_errors_off_FLUX.rml
2025-02-07 23:01:22,362 - INFO - Prepared sim number: 50: RAYPy_Simulation_bessy2hi_56m_PGM_2Perc_coupling_errors_off_FLUX/round_7/50_bessy2hi_56m_PGM_2Perc_coupling_errors_off_FLUX.rml
2025-02-07 23:01:22,367 - INFO - Prepared sim number: 51: RAYPy_Simulation_bessy2hi_56m_PGM_2Perc_coupling_errors_off_FLUX/round_7/51_bessy2hi_56m_PGM_2Perc_coupling_errors_off_FLUX.rml
2025-02-07 23:01:22,371 - INFO - Prepared sim number: 52: RAYPy_Simulation_bessy2hi_56m_PGM_2Perc_coupling_errors_off_FLUX/round_7/52_bessy2hi_56m_PGM_2Perc_coupling_errors_off_FLUX.rml
2025-02-07 23:01:22,376 - INFO - Prepared sim number: 53: RAYPy_Simulation_bessy2hi_56m_PGM_2Perc_coupling_errors_off_FLUX/round_7/53_bessy2hi_56m_PGM_2Perc_coupling_errors_off_FLUX.rml
2025-02-07 23:01:22,380 - INFO - Prepared sim number: 54: RAYPy_Simulation_bessy2hi_56m_PGM_2Perc_coupling_errors_off_FLUX/round_7/54_bessy2hi_56m_PGM_2Perc_coupling_errors_off_FLUX.rml
2025-02-07 23:01:22,385 - INFO - Prepared sim number: 55: RAYPy_Simulation_bessy2hi_56m_PGM_2Perc_coupling_errors_off_FLUX/round_7/55_bessy2hi_56m_PGM_2Perc_coupling_errors_off_FLUX.rml
2025-02-07 23:01:22,389 - INFO - Prepared sim number: 56: RAYPy_Simulation_bessy2hi_56m_PGM_2Perc_coupling_errors_off_FLUX/round_7/56_bessy2hi_56m_PGM_2Perc_coupling_errors_off_FLUX.rml
2025-02-07 23:01:22,394 - INFO - Prepared sim number: 57: RAYPy_Simulation_bessy2hi_56m_PGM_2Perc_coupling_errors_off_FLUX/round_7/57_bessy2hi_56m_PGM_2Perc_coupling_errors_off_FLUX.rml
2025-02-07 23:01:22,398 - INFO - Prepared sim number: 58: RAYPy_Simulation_bessy2hi_56m_PGM_2Perc_coupling_errors_off_FLUX/round_7/58_bessy2hi_56m_PGM_2Perc_coupling_errors_off_FLUX.rml
2025-02-07 23:01:22,403 - INFO - Prepared sim number: 59: RAYPy_Simulation_bessy2hi_56m_PGM_2Perc_coupling_errors_off_FLUX/round_7/59_bessy2hi_56m_PGM_2Perc_coupling_errors_off_FLUX.rml
2025-02-07 23:01:22,407 - INFO - Prepared sim number: 60: RAYPy_Simulation_bessy2hi_56m_PGM_2Perc_coupling_errors_off_FLUX/round_7/60_bessy2hi_56m_PGM_2Perc_coupling_errors_off_FLUX.rml
2025-02-07 23:01:22,412 - INFO - Prepared sim number: 61: RAYPy_Simulation_bessy2hi_56m_PGM_2Perc_coupling_errors_off_FLUX/round_7/61_bessy2hi_56m_PGM_2Perc_coupling_errors_off_FLUX.rml
2025-02-07 23:01:22,416 - INFO - Prepared sim number: 62: RAYPy_Simulation_bessy2hi_56m_PGM_2Perc_coupling_errors_off_FLUX/round_7/62_bessy2hi_56m_PGM_2Perc_coupling_errors_off_FLUX.rml
2025-02-07 23:01:22,420 - INFO - Prepared sim number: 63: RAYPy_Simulation_bessy2hi_56m_PGM_2Perc_coupling_errors_off_FLUX/round_7/63_bessy2hi_56m_PGM_2Perc_coupling_errors_off_FLUX.rml
2025-02-07 23:01:22,424 - INFO - Prepared sim number: 64: RAYPy_Simulation_bessy2hi_56m_PGM_2Perc_coupling_errors_off_FLUX/round_7/64_bessy2hi_56m_PGM_2Perc_coupling_errors_off_FLUX.rml
2025-02-07 23:01:22,428 - INFO - Prepared sim number: 65: RAYPy_Simulation_bessy2hi_56m_PGM_2Perc_coupling_errors_off_FLUX/round_7/65_bessy2hi_56m_PGM_2Perc_coupling_errors_off_FLUX.rml
2025-02-07 23:01:22,432 - INFO - Prepared sim number: 66: RAYPy_Simulation_bessy2hi_56m_PGM_2Perc_coupling_errors_off_FLUX/round_7/66_bessy2hi_56m_PGM_2Perc_coupling_errors_off_FLUX.rml
2025-02-07 23:01:22,437 - INFO - Prepared sim number: 67: RAYPy_Simulation_bessy2hi_56m_PGM_2Perc_coupling_errors_off_FLUX/round_7/67_bessy2hi_56m_PGM_2Perc_coupling_errors_off_FLUX.rml
2025-02-07 23:01:22,442 - INFO - Prepared sim number: 68: RAYPy_Simulation_bessy2hi_56m_PGM_2Perc_coupling_errors_off_FLUX/round_7/68_bessy2hi_56m_PGM_2Perc_coupling_errors_off_FLUX.rml
2025-02-07 23:01:22,446 - INFO - Prepared sim number: 69: RAYPy_Simulation_bessy2hi_56m_PGM_2Perc_coupling_errors_off_FLUX/round_7/69_bessy2hi_56m_PGM_2Perc_coupling_errors_off_FLUX.rml
2025-02-07 23:01:22,451 - INFO - Prepared sim number: 70: RAYPy_Simulation_bessy2hi_56m_PGM_2Perc_coupling_errors_off_FLUX/round_7/70_bessy2hi_56m_PGM_2Perc_coupling_errors_off_FLUX.rml
2025-02-07 23:01:22,455 - INFO - Prepared sim number: 71: RAYPy_Simulation_bessy2hi_56m_PGM_2Perc_coupling_errors_off_FLUX/round_7/71_bessy2hi_56m_PGM_2Perc_coupling_errors_off_FLUX.rml
2025-02-07 23:01:22,458 - INFO - Prepared sim number: 72: RAYPy_Simulation_bessy2hi_56m_PGM_2Perc_coupling_errors_off_FLUX/round_7/72_bessy2hi_56m_PGM_2Perc_coupling_errors_off_FLUX.rml
2025-02-07 23:01:22,463 - INFO - Prepared sim number: 73: RAYPy_Simulation_bessy2hi_56m_PGM_2Perc_coupling_errors_off_FLUX/round_7/73_bessy2hi_56m_PGM_2Perc_coupling_errors_off_FLUX.rml
2025-02-07 23:01:22,467 - INFO - Prepared sim number: 74: RAYPy_Simulation_bessy2hi_56m_PGM_2Perc_coupling_errors_off_FLUX/round_7/74_bessy2hi_56m_PGM_2Perc_coupling_errors_off_FLUX.rml
2025-02-07 23:01:22,471 - INFO - Prepared sim number: 75: RAYPy_Simulation_bessy2hi_56m_PGM_2Perc_coupling_errors_off_FLUX/round_7/75_bessy2hi_56m_PGM_2Perc_coupling_errors_off_FLUX.rml
2025-02-07 23:01:22,475 - INFO - Prepared sim number: 76: RAYPy_Simulation_bessy2hi_56m_PGM_2Perc_coupling_errors_off_FLUX/round_7/76_bessy2hi_56m_PGM_2Perc_coupling_errors_off_FLUX.rml
2025-02-07 23:01:22,479 - INFO - Prepared sim number: 77: RAYPy_Simulation_bessy2hi_56m_PGM_2Perc_coupling_errors_off_FLUX/round_7/77_bessy2hi_56m_PGM_2Perc_coupling_errors_off_FLUX.rml
2025-02-07 23:01:22,483 - INFO - Prepared sim number: 78: RAYPy_Simulation_bessy2hi_56m_PGM_2Perc_coupling_errors_off_FLUX/round_7/78_bessy2hi_56m_PGM_2Perc_coupling_errors_off_FLUX.rml
2025-02-07 23:01:22,487 - INFO - Prepared sim number: 79: RAYPy_Simulation_bessy2hi_56m_PGM_2Perc_coupling_errors_off_FLUX/round_7/79_bessy2hi_56m_PGM_2Perc_coupling_errors_off_FLUX.rml
2025-02-07 23:01:22,491 - INFO - Prepared sim number: 80: RAYPy_Simulation_bessy2hi_56m_PGM_2Perc_coupling_errors_off_FLUX/round_7/80_bessy2hi_56m_PGM_2Perc_coupling_errors_off_FLUX.rml
2025-02-07 23:01:22,495 - INFO - Prepared sim number: 81: RAYPy_Simulation_bessy2hi_56m_PGM_2Perc_coupling_errors_off_FLUX/round_7/81_bessy2hi_56m_PGM_2Perc_coupling_errors_off_FLUX.rml
2025-02-07 23:01:22,499 - INFO - Prepared sim number: 82: RAYPy_Simulation_bessy2hi_56m_PGM_2Perc_coupling_errors_off_FLUX/round_7/82_bessy2hi_56m_PGM_2Perc_coupling_errors_off_FLUX.rml
2025-02-07 23:01:22,503 - INFO - Prepared sim number: 83: RAYPy_Simulation_bessy2hi_56m_PGM_2Perc_coupling_errors_off_FLUX/round_7/83_bessy2hi_56m_PGM_2Perc_coupling_errors_off_FLUX.rml
2025-02-07 23:01:22,507 - INFO - Prepared sim number: 84: RAYPy_Simulation_bessy2hi_56m_PGM_2Perc_coupling_errors_off_FLUX/round_7/84_bessy2hi_56m_PGM_2Perc_coupling_errors_off_FLUX.rml
2025-02-07 23:01:22,511 - INFO - Prepared sim number: 85: RAYPy_Simulation_bessy2hi_56m_PGM_2Perc_coupling_errors_off_FLUX/round_7/85_bessy2hi_56m_PGM_2Perc_coupling_errors_off_FLUX.rml
2025-02-07 23:01:22,515 - INFO - Prepared sim number: 86: RAYPy_Simulation_bessy2hi_56m_PGM_2Perc_coupling_errors_off_FLUX/round_7/86_bessy2hi_56m_PGM_2Perc_coupling_errors_off_FLUX.rml
2025-02-07 23:01:22,519 - INFO - Prepared sim number: 87: RAYPy_Simulation_bessy2hi_56m_PGM_2Perc_coupling_errors_off_FLUX/round_7/87_bessy2hi_56m_PGM_2Perc_coupling_errors_off_FLUX.rml
2025-02-07 23:01:22,524 - INFO - Prepared sim number: 88: RAYPy_Simulation_bessy2hi_56m_PGM_2Perc_coupling_errors_off_FLUX/round_7/88_bessy2hi_56m_PGM_2Perc_coupling_errors_off_FLUX.rml
2025-02-07 23:01:22,528 - INFO - Prepared sim number: 89: RAYPy_Simulation_bessy2hi_56m_PGM_2Perc_coupling_errors_off_FLUX/round_7/89_bessy2hi_56m_PGM_2Perc_coupling_errors_off_FLUX.rml
2025-02-07 23:01:22,533 - INFO - Prepared sim number: 90: RAYPy_Simulation_bessy2hi_56m_PGM_2Perc_coupling_errors_off_FLUX/round_7/90_bessy2hi_56m_PGM_2Perc_coupling_errors_off_FLUX.rml
2025-02-07 23:01:22,539 - INFO - Prepared sim number: 91: RAYPy_Simulation_bessy2hi_56m_PGM_2Perc_coupling_errors_off_FLUX/round_7/91_bessy2hi_56m_PGM_2Perc_coupling_errors_off_FLUX.rml
2025-02-07 23:01:22,544 - INFO - Prepared sim number: 92: RAYPy_Simulation_bessy2hi_56m_PGM_2Perc_coupling_errors_off_FLUX/round_7/92_bessy2hi_56m_PGM_2Perc_coupling_errors_off_FLUX.rml
2025-02-07 23:01:22,549 - INFO - Prepared sim number: 93: RAYPy_Simulation_bessy2hi_56m_PGM_2Perc_coupling_errors_off_FLUX/round_7/93_bessy2hi_56m_PGM_2Perc_coupling_errors_off_FLUX.rml
2025-02-07 23:01:22,554 - INFO - Prepared sim number: 94: RAYPy_Simulation_bessy2hi_56m_PGM_2Perc_coupling_errors_off_FLUX/round_7/94_bessy2hi_56m_PGM_2Perc_coupling_errors_off_FLUX.rml
2025-02-07 23:01:22,558 - INFO - Prepared sim number: 95: RAYPy_Simulation_bessy2hi_56m_PGM_2Perc_coupling_errors_off_FLUX/round_7/95_bessy2hi_56m_PGM_2Perc_coupling_errors_off_FLUX.rml
2025-02-07 23:01:22,562 - INFO - Prepared sim number: 96: RAYPy_Simulation_bessy2hi_56m_PGM_2Perc_coupling_errors_off_FLUX/round_7/96_bessy2hi_56m_PGM_2Perc_coupling_errors_off_FLUX.rml
2025-02-07 23:01:22,566 - INFO - Prepared sim number: 97: RAYPy_Simulation_bessy2hi_56m_PGM_2Perc_coupling_errors_off_FLUX/round_7/97_bessy2hi_56m_PGM_2Perc_coupling_errors_off_FLUX.rml
2025-02-07 23:01:22,571 - INFO - Prepared sim number: 98: RAYPy_Simulation_bessy2hi_56m_PGM_2Perc_coupling_errors_off_FLUX/round_7/98_bessy2hi_56m_PGM_2Perc_coupling_errors_off_FLUX.rml
2025-02-07 23:01:22,571 - INFO - Waiting for batch number: 15, timeout: 85.17022567089289s
2025-02-07 23:01:35,621 - INFO - Completed: 1, remaining: 59, RAYPy_Simulation_bessy2hi_56m_PGM_2Perc_coupling_errors_off_FLUX/round_7/49_bessy2hi_56m_PGM_2Perc_coupling_errors_off_FLUX.rml
2025-02-07 23:01:35,723 - INFO - Completed: 2, remaining: 58, RAYPy_Simulation_bessy2hi_56m_PGM_2Perc_coupling_errors_off_FLUX/round_7/48_bessy2hi_56m_PGM_2Perc_coupling_errors_off_FLUX.rml
2025-02-07 23:01:35,748 - INFO - Completed: 3, remaining: 57, RAYPy_Simulation_bessy2hi_56m_PGM_2Perc_coupling_errors_off_FLUX/round_7/47_bessy2hi_56m_PGM_2Perc_coupling_errors_off_FLUX.rml
2025-02-07 23:01:35,893 - INFO - Completed: 4, remaining: 56, RAYPy_Simulation_bessy2hi_56m_PGM_2Perc_coupling_errors_off_FLUX/round_7/42_bessy2hi_56m_PGM_2Perc_coupling_errors_off_FLUX.rml
2025-02-07 23:01:36,155 - INFO - Completed: 5, remaining: 55, RAYPy_Simulation_bessy2hi_56m_PGM_2Perc_coupling_errors_off_FLUX/round_7/39_bessy2hi_56m_PGM_2Perc_coupling_errors_off_FLUX.rml
2025-02-07 23:01:38,450 - INFO - Completed: 6, remaining: 54, RAYPy_Simulation_bessy2hi_56m_PGM_2Perc_coupling_errors_off_FLUX/round_7/46_bessy2hi_56m_PGM_2Perc_coupling_errors_off_FLUX.rml
2025-02-07 23:01:38,556 - INFO - Completed: 7, remaining: 53, RAYPy_Simulation_bessy2hi_56m_PGM_2Perc_coupling_errors_off_FLUX/round_7/41_bessy2hi_56m_PGM_2Perc_coupling_errors_off_FLUX.rml
2025-02-07 23:01:38,784 - INFO - Completed: 8, remaining: 52, RAYPy_Simulation_bessy2hi_56m_PGM_2Perc_coupling_errors_off_FLUX/round_7/44_bessy2hi_56m_PGM_2Perc_coupling_errors_off_FLUX.rml
2025-02-07 23:01:38,863 - INFO - Completed: 9, remaining: 51, RAYPy_Simulation_bessy2hi_56m_PGM_2Perc_coupling_errors_off_FLUX/round_7/45_bessy2hi_56m_PGM_2Perc_coupling_errors_off_FLUX.rml
2025-02-07 23:01:39,241 - INFO - Completed: 10, remaining: 50, RAYPy_Simulation_bessy2hi_56m_PGM_2Perc_coupling_errors_off_FLUX/round_7/40_bessy2hi_56m_PGM_2Perc_coupling_errors_off_FLUX.rml
2025-02-07 23:01:39,418 - INFO - Completed: 11, remaining: 49, RAYPy_Simulation_bessy2hi_56m_PGM_2Perc_coupling_errors_off_FLUX/round_7/43_bessy2hi_56m_PGM_2Perc_coupling_errors_off_FLUX.rml
2025-02-07 23:01:50,031 - INFO - Completed: 12, remaining: 48, RAYPy_Simulation_bessy2hi_56m_PGM_2Perc_coupling_errors_off_FLUX/round_7/51_bessy2hi_56m_PGM_2Perc_coupling_errors_off_FLUX.rml
2025-02-07 23:01:50,321 - INFO - Completed: 13, remaining: 47, RAYPy_Simulation_bessy2hi_56m_PGM_2Perc_coupling_errors_off_FLUX/round_7/52_bessy2hi_56m_PGM_2Perc_coupling_errors_off_FLUX.rml
2025-02-07 23:01:50,820 - INFO - Completed: 14, remaining: 46, RAYPy_Simulation_bessy2hi_56m_PGM_2Perc_coupling_errors_off_FLUX/round_7/54_bessy2hi_56m_PGM_2Perc_coupling_errors_off_FLUX.rml
2025-02-07 23:01:51,166 - INFO - Completed: 15, remaining: 45, RAYPy_Simulation_bessy2hi_56m_PGM_2Perc_coupling_errors_off_FLUX/round_7/53_bessy2hi_56m_PGM_2Perc_coupling_errors_off_FLUX.rml
2025-02-07 23:01:51,485 - INFO - Completed: 16, remaining: 44, RAYPy_Simulation_bessy2hi_56m_PGM_2Perc_coupling_errors_off_FLUX/round_7/50_bessy2hi_56m_PGM_2Perc_coupling_errors_off_FLUX.rml
2025-02-07 23:01:53,121 - INFO - Completed: 17, remaining: 43, RAYPy_Simulation_bessy2hi_56m_PGM_2Perc_coupling_errors_off_FLUX/round_7/56_bessy2hi_56m_PGM_2Perc_coupling_errors_off_FLUX.rml
2025-02-07 23:01:53,373 - INFO - Completed: 18, remaining: 42, RAYPy_Simulation_bessy2hi_56m_PGM_2Perc_coupling_errors_off_FLUX/round_7/55_bessy2hi_56m_PGM_2Perc_coupling_errors_off_FLUX.rml
2025-02-07 23:01:53,558 - INFO - Completed: 19, remaining: 41, RAYPy_Simulation_bessy2hi_56m_PGM_2Perc_coupling_errors_off_FLUX/round_7/58_bessy2hi_56m_PGM_2Perc_coupling_errors_off_FLUX.rml
2025-02-07 23:01:53,778 - INFO - Completed: 20, remaining: 40, RAYPy_Simulation_bessy2hi_56m_PGM_2Perc_coupling_errors_off_FLUX/round_7/57_bessy2hi_56m_PGM_2Perc_coupling_errors_off_FLUX.rml
2025-02-07 23:01:53,863 - INFO - Completed: 21, remaining: 39, RAYPy_Simulation_bessy2hi_56m_PGM_2Perc_coupling_errors_off_FLUX/round_7/59_bessy2hi_56m_PGM_2Perc_coupling_errors_off_FLUX.rml
2025-02-07 23:01:53,942 - INFO - Completed: 22, remaining: 38, RAYPy_Simulation_bessy2hi_56m_PGM_2Perc_coupling_errors_off_FLUX/round_7/60_bessy2hi_56m_PGM_2Perc_coupling_errors_off_FLUX.rml
2025-02-07 23:02:03,974 - INFO - Completed: 23, remaining: 37, RAYPy_Simulation_bessy2hi_56m_PGM_2Perc_coupling_errors_off_FLUX/round_7/61_bessy2hi_56m_PGM_2Perc_coupling_errors_off_FLUX.rml
2025-02-07 23:02:04,077 - INFO - Completed: 24, remaining: 36, RAYPy_Simulation_bessy2hi_56m_PGM_2Perc_coupling_errors_off_FLUX/round_7/62_bessy2hi_56m_PGM_2Perc_coupling_errors_off_FLUX.rml
2025-02-07 23:02:04,789 - INFO - Completed: 25, remaining: 35, RAYPy_Simulation_bessy2hi_56m_PGM_2Perc_coupling_errors_off_FLUX/round_7/63_bessy2hi_56m_PGM_2Perc_coupling_errors_off_FLUX.rml
2025-02-07 23:02:05,133 - INFO - Completed: 26, remaining: 34, RAYPy_Simulation_bessy2hi_56m_PGM_2Perc_coupling_errors_off_FLUX/round_7/64_bessy2hi_56m_PGM_2Perc_coupling_errors_off_FLUX.rml
2025-02-07 23:02:07,026 - INFO - Completed: 27, remaining: 33, RAYPy_Simulation_bessy2hi_56m_PGM_2Perc_coupling_errors_off_FLUX/round_7/65_bessy2hi_56m_PGM_2Perc_coupling_errors_off_FLUX.rml
2025-02-07 23:02:07,707 - INFO - Completed: 28, remaining: 32, RAYPy_Simulation_bessy2hi_56m_PGM_2Perc_coupling_errors_off_FLUX/round_7/67_bessy2hi_56m_PGM_2Perc_coupling_errors_off_FLUX.rml
2025-02-07 23:02:07,773 - INFO - Completed: 29, remaining: 31, RAYPy_Simulation_bessy2hi_56m_PGM_2Perc_coupling_errors_off_FLUX/round_7/66_bessy2hi_56m_PGM_2Perc_coupling_errors_off_FLUX.rml
2025-02-07 23:02:08,061 - INFO - Completed: 30, remaining: 30, RAYPy_Simulation_bessy2hi_56m_PGM_2Perc_coupling_errors_off_FLUX/round_7/69_bessy2hi_56m_PGM_2Perc_coupling_errors_off_FLUX.rml
2025-02-07 23:02:08,152 - INFO - Completed: 31, remaining: 29, RAYPy_Simulation_bessy2hi_56m_PGM_2Perc_coupling_errors_off_FLUX/round_7/68_bessy2hi_56m_PGM_2Perc_coupling_errors_off_FLUX.rml
2025-02-07 23:02:08,259 - INFO - Completed: 32, remaining: 28, RAYPy_Simulation_bessy2hi_56m_PGM_2Perc_coupling_errors_off_FLUX/round_7/71_bessy2hi_56m_PGM_2Perc_coupling_errors_off_FLUX.rml
2025-02-07 23:02:08,365 - INFO - Completed: 33, remaining: 27, RAYPy_Simulation_bessy2hi_56m_PGM_2Perc_coupling_errors_off_FLUX/round_7/70_bessy2hi_56m_PGM_2Perc_coupling_errors_off_FLUX.rml
2025-02-07 23:02:17,727 - INFO - Completed: 34, remaining: 26, RAYPy_Simulation_bessy2hi_56m_PGM_2Perc_coupling_errors_off_FLUX/round_7/73_bessy2hi_56m_PGM_2Perc_coupling_errors_off_FLUX.rml
2025-02-07 23:02:17,928 - INFO - Completed: 35, remaining: 25, RAYPy_Simulation_bessy2hi_56m_PGM_2Perc_coupling_errors_off_FLUX/round_7/72_bessy2hi_56m_PGM_2Perc_coupling_errors_off_FLUX.rml
2025-02-07 23:02:18,450 - INFO - Completed: 36, remaining: 24, RAYPy_Simulation_bessy2hi_56m_PGM_2Perc_coupling_errors_off_FLUX/round_7/74_bessy2hi_56m_PGM_2Perc_coupling_errors_off_FLUX.rml
2025-02-07 23:02:19,133 - INFO - Completed: 37, remaining: 23, RAYPy_Simulation_bessy2hi_56m_PGM_2Perc_coupling_errors_off_FLUX/round_7/75_bessy2hi_56m_PGM_2Perc_coupling_errors_off_FLUX.rml
2025-02-07 23:02:21,263 - INFO - Completed: 38, remaining: 22, RAYPy_Simulation_bessy2hi_56m_PGM_2Perc_coupling_errors_off_FLUX/round_7/76_bessy2hi_56m_PGM_2Perc_coupling_errors_off_FLUX.rml
2025-02-07 23:02:21,884 - INFO - Completed: 39, remaining: 21, RAYPy_Simulation_bessy2hi_56m_PGM_2Perc_coupling_errors_off_FLUX/round_7/77_bessy2hi_56m_PGM_2Perc_coupling_errors_off_FLUX.rml
2025-02-07 23:02:22,313 - INFO - Completed: 40, remaining: 20, RAYPy_Simulation_bessy2hi_56m_PGM_2Perc_coupling_errors_off_FLUX/round_7/82_bessy2hi_56m_PGM_2Perc_coupling_errors_off_FLUX.rml
2025-02-07 23:02:22,421 - INFO - Completed: 41, remaining: 19, RAYPy_Simulation_bessy2hi_56m_PGM_2Perc_coupling_errors_off_FLUX/round_7/79_bessy2hi_56m_PGM_2Perc_coupling_errors_off_FLUX.rml
2025-02-07 23:02:22,529 - INFO - Completed: 42, remaining: 18, RAYPy_Simulation_bessy2hi_56m_PGM_2Perc_coupling_errors_off_FLUX/round_7/81_bessy2hi_56m_PGM_2Perc_coupling_errors_off_FLUX.rml
2025-02-07 23:02:22,688 - INFO - Completed: 43, remaining: 17, RAYPy_Simulation_bessy2hi_56m_PGM_2Perc_coupling_errors_off_FLUX/round_7/80_bessy2hi_56m_PGM_2Perc_coupling_errors_off_FLUX.rml
2025-02-07 23:02:23,213 - INFO - Completed: 44, remaining: 16, RAYPy_Simulation_bessy2hi_56m_PGM_2Perc_coupling_errors_off_FLUX/round_7/78_bessy2hi_56m_PGM_2Perc_coupling_errors_off_FLUX.rml
2025-02-07 23:02:31,599 - INFO - Completed: 45, remaining: 15, RAYPy_Simulation_bessy2hi_56m_PGM_2Perc_coupling_errors_off_FLUX/round_7/83_bessy2hi_56m_PGM_2Perc_coupling_errors_off_FLUX.rml
2025-02-07 23:02:31,701 - INFO - Completed: 46, remaining: 14, RAYPy_Simulation_bessy2hi_56m_PGM_2Perc_coupling_errors_off_FLUX/round_7/85_bessy2hi_56m_PGM_2Perc_coupling_errors_off_FLUX.rml
2025-02-07 23:02:31,723 - INFO - Completed: 47, remaining: 13, RAYPy_Simulation_bessy2hi_56m_PGM_2Perc_coupling_errors_off_FLUX/round_7/84_bessy2hi_56m_PGM_2Perc_coupling_errors_off_FLUX.rml
2025-02-07 23:02:32,577 - INFO - Completed: 48, remaining: 12, RAYPy_Simulation_bessy2hi_56m_PGM_2Perc_coupling_errors_off_FLUX/round_7/86_bessy2hi_56m_PGM_2Perc_coupling_errors_off_FLUX.rml
2025-02-07 23:02:35,187 - INFO - Completed: 49, remaining: 11, RAYPy_Simulation_bessy2hi_56m_PGM_2Perc_coupling_errors_off_FLUX/round_7/87_bessy2hi_56m_PGM_2Perc_coupling_errors_off_FLUX.rml
2025-02-07 23:02:35,825 - INFO - Completed: 50, remaining: 10, RAYPy_Simulation_bessy2hi_56m_PGM_2Perc_coupling_errors_off_FLUX/round_7/88_bessy2hi_56m_PGM_2Perc_coupling_errors_off_FLUX.rml
2025-02-07 23:02:36,353 - INFO - Completed: 51, remaining: 9, RAYPy_Simulation_bessy2hi_56m_PGM_2Perc_coupling_errors_off_FLUX/round_7/90_bessy2hi_56m_PGM_2Perc_coupling_errors_off_FLUX.rml
2025-02-07 23:02:36,408 - INFO - Completed: 52, remaining: 8, RAYPy_Simulation_bessy2hi_56m_PGM_2Perc_coupling_errors_off_FLUX/round_7/91_bessy2hi_56m_PGM_2Perc_coupling_errors_off_FLUX.rml
2025-02-07 23:02:36,434 - INFO - Completed: 53, remaining: 7, RAYPy_Simulation_bessy2hi_56m_PGM_2Perc_coupling_errors_off_FLUX/round_7/89_bessy2hi_56m_PGM_2Perc_coupling_errors_off_FLUX.rml
2025-02-07 23:02:36,497 - INFO - Completed: 54, remaining: 6, RAYPy_Simulation_bessy2hi_56m_PGM_2Perc_coupling_errors_off_FLUX/round_7/92_bessy2hi_56m_PGM_2Perc_coupling_errors_off_FLUX.rml
2025-02-07 23:02:37,222 - INFO - Completed: 55, remaining: 5, RAYPy_Simulation_bessy2hi_56m_PGM_2Perc_coupling_errors_off_FLUX/round_7/93_bessy2hi_56m_PGM_2Perc_coupling_errors_off_FLUX.rml
2025-02-07 23:02:40,802 - INFO - Completed: 56, remaining: 4, RAYPy_Simulation_bessy2hi_56m_PGM_2Perc_coupling_errors_off_FLUX/round_7/94_bessy2hi_56m_PGM_2Perc_coupling_errors_off_FLUX.rml
2025-02-07 23:02:40,907 - INFO - Completed: 57, remaining: 3, RAYPy_Simulation_bessy2hi_56m_PGM_2Perc_coupling_errors_off_FLUX/round_7/95_bessy2hi_56m_PGM_2Perc_coupling_errors_off_FLUX.rml
2025-02-07 23:02:40,940 - INFO - Completed: 58, remaining: 2, RAYPy_Simulation_bessy2hi_56m_PGM_2Perc_coupling_errors_off_FLUX/round_7/96_bessy2hi_56m_PGM_2Perc_coupling_errors_off_FLUX.rml
2025-02-07 23:02:41,131 - INFO - Completed: 59, remaining: 1, RAYPy_Simulation_bessy2hi_56m_PGM_2Perc_coupling_errors_off_FLUX/round_7/97_bessy2hi_56m_PGM_2Perc_coupling_errors_off_FLUX.rml
2025-02-07 23:02:41,764 - INFO - Completed: 60, remaining: 0, RAYPy_Simulation_bessy2hi_56m_PGM_2Perc_coupling_errors_off_FLUX/round_7/98_bessy2hi_56m_PGM_2Perc_coupling_errors_off_FLUX.rml
2025-02-07 23:02:41,765 - INFO - Batch Completed
2025-02-07 23:02:41,765 - INFO - Waiting For batch, 60 simulations to go
2025-02-07 23:02:41,770 - INFO - Prepared sim number: 99: RAYPy_Simulation_bessy2hi_56m_PGM_2Perc_coupling_errors_off_FLUX/round_7/99_bessy2hi_56m_PGM_2Perc_coupling_errors_off_FLUX.rml
2025-02-07 23:02:41,775 - INFO - Prepared sim number: 100: RAYPy_Simulation_bessy2hi_56m_PGM_2Perc_coupling_errors_off_FLUX/round_7/100_bessy2hi_56m_PGM_2Perc_coupling_errors_off_FLUX.rml
2025-02-07 23:02:41,785 - INFO - Prepared sim number: 101: RAYPy_Simulation_bessy2hi_56m_PGM_2Perc_coupling_errors_off_FLUX/round_7/101_bessy2hi_56m_PGM_2Perc_coupling_errors_off_FLUX.rml
2025-02-07 23:02:41,791 - INFO - Prepared sim number: 102: RAYPy_Simulation_bessy2hi_56m_PGM_2Perc_coupling_errors_off_FLUX/round_7/102_bessy2hi_56m_PGM_2Perc_coupling_errors_off_FLUX.rml
2025-02-07 23:02:41,797 - INFO - Prepared sim number: 103: RAYPy_Simulation_bessy2hi_56m_PGM_2Perc_coupling_errors_off_FLUX/round_7/103_bessy2hi_56m_PGM_2Perc_coupling_errors_off_FLUX.rml
2025-02-07 23:02:41,805 - INFO - Prepared sim number: 104: RAYPy_Simulation_bessy2hi_56m_PGM_2Perc_coupling_errors_off_FLUX/round_7/104_bessy2hi_56m_PGM_2Perc_coupling_errors_off_FLUX.rml
2025-02-07 23:02:41,809 - INFO - Prepared sim number: 105: RAYPy_Simulation_bessy2hi_56m_PGM_2Perc_coupling_errors_off_FLUX/round_7/105_bessy2hi_56m_PGM_2Perc_coupling_errors_off_FLUX.rml
2025-02-07 23:02:41,816 - INFO - Prepared sim number: 106: RAYPy_Simulation_bessy2hi_56m_PGM_2Perc_coupling_errors_off_FLUX/round_7/106_bessy2hi_56m_PGM_2Perc_coupling_errors_off_FLUX.rml
2025-02-07 23:02:41,821 - INFO - Prepared sim number: 107: RAYPy_Simulation_bessy2hi_56m_PGM_2Perc_coupling_errors_off_FLUX/round_7/107_bessy2hi_56m_PGM_2Perc_coupling_errors_off_FLUX.rml
2025-02-07 23:02:41,827 - INFO - Prepared sim number: 108: RAYPy_Simulation_bessy2hi_56m_PGM_2Perc_coupling_errors_off_FLUX/round_7/108_bessy2hi_56m_PGM_2Perc_coupling_errors_off_FLUX.rml
2025-02-07 23:02:41,832 - INFO - Prepared sim number: 109: RAYPy_Simulation_bessy2hi_56m_PGM_2Perc_coupling_errors_off_FLUX/round_7/109_bessy2hi_56m_PGM_2Perc_coupling_errors_off_FLUX.rml
2025-02-07 23:02:41,838 - INFO - Prepared sim number: 110: RAYPy_Simulation_bessy2hi_56m_PGM_2Perc_coupling_errors_off_FLUX/round_7/110_bessy2hi_56m_PGM_2Perc_coupling_errors_off_FLUX.rml
2025-02-07 23:02:41,843 - INFO - Prepared sim number: 111: RAYPy_Simulation_bessy2hi_56m_PGM_2Perc_coupling_errors_off_FLUX/round_7/111_bessy2hi_56m_PGM_2Perc_coupling_errors_off_FLUX.rml
2025-02-07 23:02:41,847 - INFO - Prepared sim number: 112: RAYPy_Simulation_bessy2hi_56m_PGM_2Perc_coupling_errors_off_FLUX/round_7/112_bessy2hi_56m_PGM_2Perc_coupling_errors_off_FLUX.rml
2025-02-07 23:02:41,852 - INFO - Prepared sim number: 113: RAYPy_Simulation_bessy2hi_56m_PGM_2Perc_coupling_errors_off_FLUX/round_7/113_bessy2hi_56m_PGM_2Perc_coupling_errors_off_FLUX.rml
2025-02-07 23:02:41,857 - INFO - Prepared sim number: 114: RAYPy_Simulation_bessy2hi_56m_PGM_2Perc_coupling_errors_off_FLUX/round_7/114_bessy2hi_56m_PGM_2Perc_coupling_errors_off_FLUX.rml
2025-02-07 23:02:41,863 - INFO - Prepared sim number: 115: RAYPy_Simulation_bessy2hi_56m_PGM_2Perc_coupling_errors_off_FLUX/round_7/115_bessy2hi_56m_PGM_2Perc_coupling_errors_off_FLUX.rml
2025-02-07 23:02:41,867 - INFO - Prepared sim number: 116: RAYPy_Simulation_bessy2hi_56m_PGM_2Perc_coupling_errors_off_FLUX/round_7/116_bessy2hi_56m_PGM_2Perc_coupling_errors_off_FLUX.rml
2025-02-07 23:02:41,872 - INFO - Prepared sim number: 117: RAYPy_Simulation_bessy2hi_56m_PGM_2Perc_coupling_errors_off_FLUX/round_7/117_bessy2hi_56m_PGM_2Perc_coupling_errors_off_FLUX.rml
2025-02-07 23:02:41,878 - INFO - Prepared sim number: 118: RAYPy_Simulation_bessy2hi_56m_PGM_2Perc_coupling_errors_off_FLUX/round_7/118_bessy2hi_56m_PGM_2Perc_coupling_errors_off_FLUX.rml
2025-02-07 23:02:41,883 - INFO - Prepared sim number: 119: RAYPy_Simulation_bessy2hi_56m_PGM_2Perc_coupling_errors_off_FLUX/round_7/119_bessy2hi_56m_PGM_2Perc_coupling_errors_off_FLUX.rml
2025-02-07 23:02:41,889 - INFO - Prepared sim number: 120: RAYPy_Simulation_bessy2hi_56m_PGM_2Perc_coupling_errors_off_FLUX/round_7/120_bessy2hi_56m_PGM_2Perc_coupling_errors_off_FLUX.rml
2025-02-07 23:02:41,894 - INFO - Prepared sim number: 121: RAYPy_Simulation_bessy2hi_56m_PGM_2Perc_coupling_errors_off_FLUX/round_7/121_bessy2hi_56m_PGM_2Perc_coupling_errors_off_FLUX.rml
2025-02-07 23:02:41,898 - INFO - Prepared sim number: 122: RAYPy_Simulation_bessy2hi_56m_PGM_2Perc_coupling_errors_off_FLUX/round_7/122_bessy2hi_56m_PGM_2Perc_coupling_errors_off_FLUX.rml
2025-02-07 23:02:41,898 - INFO - Start round 8
2025-02-07 23:02:41,902 - INFO - Prepared sim number: 0: RAYPy_Simulation_bessy2hi_56m_PGM_2Perc_coupling_errors_off_FLUX/round_8/0_bessy2hi_56m_PGM_2Perc_coupling_errors_off_FLUX.rml
2025-02-07 23:02:41,906 - INFO - Prepared sim number: 1: RAYPy_Simulation_bessy2hi_56m_PGM_2Perc_coupling_errors_off_FLUX/round_8/1_bessy2hi_56m_PGM_2Perc_coupling_errors_off_FLUX.rml
2025-02-07 23:02:41,910 - INFO - Prepared sim number: 2: RAYPy_Simulation_bessy2hi_56m_PGM_2Perc_coupling_errors_off_FLUX/round_8/2_bessy2hi_56m_PGM_2Perc_coupling_errors_off_FLUX.rml
2025-02-07 23:02:41,915 - INFO - Prepared sim number: 3: RAYPy_Simulation_bessy2hi_56m_PGM_2Perc_coupling_errors_off_FLUX/round_8/3_bessy2hi_56m_PGM_2Perc_coupling_errors_off_FLUX.rml
2025-02-07 23:02:41,919 - INFO - Prepared sim number: 4: RAYPy_Simulation_bessy2hi_56m_PGM_2Perc_coupling_errors_off_FLUX/round_8/4_bessy2hi_56m_PGM_2Perc_coupling_errors_off_FLUX.rml
2025-02-07 23:02:41,923 - INFO - Prepared sim number: 5: RAYPy_Simulation_bessy2hi_56m_PGM_2Perc_coupling_errors_off_FLUX/round_8/5_bessy2hi_56m_PGM_2Perc_coupling_errors_off_FLUX.rml
2025-02-07 23:02:41,927 - INFO - Prepared sim number: 6: RAYPy_Simulation_bessy2hi_56m_PGM_2Perc_coupling_errors_off_FLUX/round_8/6_bessy2hi_56m_PGM_2Perc_coupling_errors_off_FLUX.rml
2025-02-07 23:02:41,931 - INFO - Prepared sim number: 7: RAYPy_Simulation_bessy2hi_56m_PGM_2Perc_coupling_errors_off_FLUX/round_8/7_bessy2hi_56m_PGM_2Perc_coupling_errors_off_FLUX.rml
2025-02-07 23:02:41,936 - INFO - Prepared sim number: 8: RAYPy_Simulation_bessy2hi_56m_PGM_2Perc_coupling_errors_off_FLUX/round_8/8_bessy2hi_56m_PGM_2Perc_coupling_errors_off_FLUX.rml
2025-02-07 23:02:41,940 - INFO - Prepared sim number: 9: RAYPy_Simulation_bessy2hi_56m_PGM_2Perc_coupling_errors_off_FLUX/round_8/9_bessy2hi_56m_PGM_2Perc_coupling_errors_off_FLUX.rml
2025-02-07 23:02:41,944 - INFO - Prepared sim number: 10: RAYPy_Simulation_bessy2hi_56m_PGM_2Perc_coupling_errors_off_FLUX/round_8/10_bessy2hi_56m_PGM_2Perc_coupling_errors_off_FLUX.rml
2025-02-07 23:02:41,949 - INFO - Prepared sim number: 11: RAYPy_Simulation_bessy2hi_56m_PGM_2Perc_coupling_errors_off_FLUX/round_8/11_bessy2hi_56m_PGM_2Perc_coupling_errors_off_FLUX.rml
2025-02-07 23:02:41,953 - INFO - Prepared sim number: 12: RAYPy_Simulation_bessy2hi_56m_PGM_2Perc_coupling_errors_off_FLUX/round_8/12_bessy2hi_56m_PGM_2Perc_coupling_errors_off_FLUX.rml
2025-02-07 23:02:41,957 - INFO - Prepared sim number: 13: RAYPy_Simulation_bessy2hi_56m_PGM_2Perc_coupling_errors_off_FLUX/round_8/13_bessy2hi_56m_PGM_2Perc_coupling_errors_off_FLUX.rml
2025-02-07 23:02:41,960 - INFO - Prepared sim number: 14: RAYPy_Simulation_bessy2hi_56m_PGM_2Perc_coupling_errors_off_FLUX/round_8/14_bessy2hi_56m_PGM_2Perc_coupling_errors_off_FLUX.rml
2025-02-07 23:02:41,964 - INFO - Prepared sim number: 15: RAYPy_Simulation_bessy2hi_56m_PGM_2Perc_coupling_errors_off_FLUX/round_8/15_bessy2hi_56m_PGM_2Perc_coupling_errors_off_FLUX.rml
2025-02-07 23:02:41,969 - INFO - Prepared sim number: 16: RAYPy_Simulation_bessy2hi_56m_PGM_2Perc_coupling_errors_off_FLUX/round_8/16_bessy2hi_56m_PGM_2Perc_coupling_errors_off_FLUX.rml
2025-02-07 23:02:41,973 - INFO - Prepared sim number: 17: RAYPy_Simulation_bessy2hi_56m_PGM_2Perc_coupling_errors_off_FLUX/round_8/17_bessy2hi_56m_PGM_2Perc_coupling_errors_off_FLUX.rml
2025-02-07 23:02:41,977 - INFO - Prepared sim number: 18: RAYPy_Simulation_bessy2hi_56m_PGM_2Perc_coupling_errors_off_FLUX/round_8/18_bessy2hi_56m_PGM_2Perc_coupling_errors_off_FLUX.rml
2025-02-07 23:02:41,981 - INFO - Prepared sim number: 19: RAYPy_Simulation_bessy2hi_56m_PGM_2Perc_coupling_errors_off_FLUX/round_8/19_bessy2hi_56m_PGM_2Perc_coupling_errors_off_FLUX.rml
2025-02-07 23:02:41,985 - INFO - Prepared sim number: 20: RAYPy_Simulation_bessy2hi_56m_PGM_2Perc_coupling_errors_off_FLUX/round_8/20_bessy2hi_56m_PGM_2Perc_coupling_errors_off_FLUX.rml
2025-02-07 23:02:41,989 - INFO - Prepared sim number: 21: RAYPy_Simulation_bessy2hi_56m_PGM_2Perc_coupling_errors_off_FLUX/round_8/21_bessy2hi_56m_PGM_2Perc_coupling_errors_off_FLUX.rml
2025-02-07 23:02:41,993 - INFO - Prepared sim number: 22: RAYPy_Simulation_bessy2hi_56m_PGM_2Perc_coupling_errors_off_FLUX/round_8/22_bessy2hi_56m_PGM_2Perc_coupling_errors_off_FLUX.rml
2025-02-07 23:02:41,997 - INFO - Prepared sim number: 23: RAYPy_Simulation_bessy2hi_56m_PGM_2Perc_coupling_errors_off_FLUX/round_8/23_bessy2hi_56m_PGM_2Perc_coupling_errors_off_FLUX.rml
2025-02-07 23:02:42,001 - INFO - Prepared sim number: 24: RAYPy_Simulation_bessy2hi_56m_PGM_2Perc_coupling_errors_off_FLUX/round_8/24_bessy2hi_56m_PGM_2Perc_coupling_errors_off_FLUX.rml
2025-02-07 23:02:42,005 - INFO - Prepared sim number: 25: RAYPy_Simulation_bessy2hi_56m_PGM_2Perc_coupling_errors_off_FLUX/round_8/25_bessy2hi_56m_PGM_2Perc_coupling_errors_off_FLUX.rml
2025-02-07 23:02:42,009 - INFO - Prepared sim number: 26: RAYPy_Simulation_bessy2hi_56m_PGM_2Perc_coupling_errors_off_FLUX/round_8/26_bessy2hi_56m_PGM_2Perc_coupling_errors_off_FLUX.rml
2025-02-07 23:02:42,013 - INFO - Prepared sim number: 27: RAYPy_Simulation_bessy2hi_56m_PGM_2Perc_coupling_errors_off_FLUX/round_8/27_bessy2hi_56m_PGM_2Perc_coupling_errors_off_FLUX.rml
2025-02-07 23:02:42,017 - INFO - Prepared sim number: 28: RAYPy_Simulation_bessy2hi_56m_PGM_2Perc_coupling_errors_off_FLUX/round_8/28_bessy2hi_56m_PGM_2Perc_coupling_errors_off_FLUX.rml
2025-02-07 23:02:42,021 - INFO - Prepared sim number: 29: RAYPy_Simulation_bessy2hi_56m_PGM_2Perc_coupling_errors_off_FLUX/round_8/29_bessy2hi_56m_PGM_2Perc_coupling_errors_off_FLUX.rml
2025-02-07 23:02:42,025 - INFO - Prepared sim number: 30: RAYPy_Simulation_bessy2hi_56m_PGM_2Perc_coupling_errors_off_FLUX/round_8/30_bessy2hi_56m_PGM_2Perc_coupling_errors_off_FLUX.rml
2025-02-07 23:02:42,029 - INFO - Prepared sim number: 31: RAYPy_Simulation_bessy2hi_56m_PGM_2Perc_coupling_errors_off_FLUX/round_8/31_bessy2hi_56m_PGM_2Perc_coupling_errors_off_FLUX.rml
2025-02-07 23:02:42,032 - INFO - Prepared sim number: 32: RAYPy_Simulation_bessy2hi_56m_PGM_2Perc_coupling_errors_off_FLUX/round_8/32_bessy2hi_56m_PGM_2Perc_coupling_errors_off_FLUX.rml
2025-02-07 23:02:42,036 - INFO - Prepared sim number: 33: RAYPy_Simulation_bessy2hi_56m_PGM_2Perc_coupling_errors_off_FLUX/round_8/33_bessy2hi_56m_PGM_2Perc_coupling_errors_off_FLUX.rml
2025-02-07 23:02:42,040 - INFO - Prepared sim number: 34: RAYPy_Simulation_bessy2hi_56m_PGM_2Perc_coupling_errors_off_FLUX/round_8/34_bessy2hi_56m_PGM_2Perc_coupling_errors_off_FLUX.rml
2025-02-07 23:02:42,044 - INFO - Prepared sim number: 35: RAYPy_Simulation_bessy2hi_56m_PGM_2Perc_coupling_errors_off_FLUX/round_8/35_bessy2hi_56m_PGM_2Perc_coupling_errors_off_FLUX.rml
2025-02-07 23:02:42,045 - INFO - Waiting for batch number: 16, timeout: 85.06936995799724s
2025-02-07 23:02:56,047 - INFO - Completed: 1, remaining: 59, RAYPy_Simulation_bessy2hi_56m_PGM_2Perc_coupling_errors_off_FLUX/round_7/101_bessy2hi_56m_PGM_2Perc_coupling_errors_off_FLUX.rml
2025-02-07 23:02:56,174 - INFO - Completed: 2, remaining: 58, RAYPy_Simulation_bessy2hi_56m_PGM_2Perc_coupling_errors_off_FLUX/round_7/108_bessy2hi_56m_PGM_2Perc_coupling_errors_off_FLUX.rml
2025-02-07 23:02:56,200 - INFO - Completed: 3, remaining: 57, RAYPy_Simulation_bessy2hi_56m_PGM_2Perc_coupling_errors_off_FLUX/round_7/104_bessy2hi_56m_PGM_2Perc_coupling_errors_off_FLUX.rml
2025-02-07 23:02:56,245 - INFO - Completed: 4, remaining: 56, RAYPy_Simulation_bessy2hi_56m_PGM_2Perc_coupling_errors_off_FLUX/round_7/99_bessy2hi_56m_PGM_2Perc_coupling_errors_off_FLUX.rml
2025-02-07 23:02:56,431 - INFO - Completed: 5, remaining: 55, RAYPy_Simulation_bessy2hi_56m_PGM_2Perc_coupling_errors_off_FLUX/round_7/100_bessy2hi_56m_PGM_2Perc_coupling_errors_off_FLUX.rml
2025-02-07 23:02:56,480 - INFO - Completed: 6, remaining: 54, RAYPy_Simulation_bessy2hi_56m_PGM_2Perc_coupling_errors_off_FLUX/round_7/109_bessy2hi_56m_PGM_2Perc_coupling_errors_off_FLUX.rml
2025-02-07 23:02:56,521 - INFO - Completed: 7, remaining: 53, RAYPy_Simulation_bessy2hi_56m_PGM_2Perc_coupling_errors_off_FLUX/round_7/102_bessy2hi_56m_PGM_2Perc_coupling_errors_off_FLUX.rml
2025-02-07 23:02:56,598 - INFO - Completed: 8, remaining: 52, RAYPy_Simulation_bessy2hi_56m_PGM_2Perc_coupling_errors_off_FLUX/round_7/107_bessy2hi_56m_PGM_2Perc_coupling_errors_off_FLUX.rml
2025-02-07 23:02:57,397 - INFO - Completed: 9, remaining: 51, RAYPy_Simulation_bessy2hi_56m_PGM_2Perc_coupling_errors_off_FLUX/round_7/103_bessy2hi_56m_PGM_2Perc_coupling_errors_off_FLUX.rml
2025-02-07 23:02:57,726 - INFO - Completed: 10, remaining: 50, RAYPy_Simulation_bessy2hi_56m_PGM_2Perc_coupling_errors_off_FLUX/round_7/106_bessy2hi_56m_PGM_2Perc_coupling_errors_off_FLUX.rml
2025-02-07 23:02:57,742 - INFO - Completed: 11, remaining: 49, RAYPy_Simulation_bessy2hi_56m_PGM_2Perc_coupling_errors_off_FLUX/round_7/105_bessy2hi_56m_PGM_2Perc_coupling_errors_off_FLUX.rml
2025-02-07 23:03:09,494 - INFO - Completed: 12, remaining: 48, RAYPy_Simulation_bessy2hi_56m_PGM_2Perc_coupling_errors_off_FLUX/round_7/110_bessy2hi_56m_PGM_2Perc_coupling_errors_off_FLUX.rml
2025-02-07 23:03:09,766 - INFO - Completed: 13, remaining: 47, RAYPy_Simulation_bessy2hi_56m_PGM_2Perc_coupling_errors_off_FLUX/round_7/112_bessy2hi_56m_PGM_2Perc_coupling_errors_off_FLUX.rml
2025-02-07 23:03:10,260 - INFO - Completed: 14, remaining: 46, RAYPy_Simulation_bessy2hi_56m_PGM_2Perc_coupling_errors_off_FLUX/round_7/115_bessy2hi_56m_PGM_2Perc_coupling_errors_off_FLUX.rml
2025-02-07 23:03:10,308 - INFO - Completed: 15, remaining: 45, RAYPy_Simulation_bessy2hi_56m_PGM_2Perc_coupling_errors_off_FLUX/round_7/116_bessy2hi_56m_PGM_2Perc_coupling_errors_off_FLUX.rml
2025-02-07 23:03:10,371 - INFO - Completed: 16, remaining: 44, RAYPy_Simulation_bessy2hi_56m_PGM_2Perc_coupling_errors_off_FLUX/round_7/113_bessy2hi_56m_PGM_2Perc_coupling_errors_off_FLUX.rml
2025-02-07 23:03:10,444 - INFO - Completed: 17, remaining: 43, RAYPy_Simulation_bessy2hi_56m_PGM_2Perc_coupling_errors_off_FLUX/round_7/114_bessy2hi_56m_PGM_2Perc_coupling_errors_off_FLUX.rml
2025-02-07 23:03:11,348 - INFO - Completed: 18, remaining: 42, RAYPy_Simulation_bessy2hi_56m_PGM_2Perc_coupling_errors_off_FLUX/round_7/118_bessy2hi_56m_PGM_2Perc_coupling_errors_off_FLUX.rml
2025-02-07 23:03:11,448 - INFO - Completed: 19, remaining: 41, RAYPy_Simulation_bessy2hi_56m_PGM_2Perc_coupling_errors_off_FLUX/round_7/111_bessy2hi_56m_PGM_2Perc_coupling_errors_off_FLUX.rml
2025-02-07 23:03:11,596 - INFO - Completed: 20, remaining: 40, RAYPy_Simulation_bessy2hi_56m_PGM_2Perc_coupling_errors_off_FLUX/round_7/119_bessy2hi_56m_PGM_2Perc_coupling_errors_off_FLUX.rml
2025-02-07 23:03:11,665 - INFO - Completed: 21, remaining: 39, RAYPy_Simulation_bessy2hi_56m_PGM_2Perc_coupling_errors_off_FLUX/round_7/117_bessy2hi_56m_PGM_2Perc_coupling_errors_off_FLUX.rml
2025-02-07 23:03:12,063 - INFO - Completed: 22, remaining: 38, RAYPy_Simulation_bessy2hi_56m_PGM_2Perc_coupling_errors_off_FLUX/round_7/120_bessy2hi_56m_PGM_2Perc_coupling_errors_off_FLUX.rml
2025-02-07 23:03:23,803 - INFO - Completed: 23, remaining: 37, RAYPy_Simulation_bessy2hi_56m_PGM_2Perc_coupling_errors_off_FLUX/round_7/121_bessy2hi_56m_PGM_2Perc_coupling_errors_off_FLUX.rml
2025-02-07 23:03:24,101 - INFO - Completed: 24, remaining: 36, RAYPy_Simulation_bessy2hi_56m_PGM_2Perc_coupling_errors_off_FLUX/round_7/122_bessy2hi_56m_PGM_2Perc_coupling_errors_off_FLUX.rml
2025-02-07 23:03:24,589 - INFO - Completed: 25, remaining: 35, RAYPy_Simulation_bessy2hi_56m_PGM_2Perc_coupling_errors_off_FLUX/round_8/0_bessy2hi_56m_PGM_2Perc_coupling_errors_off_FLUX.rml
2025-02-07 23:03:25,064 - INFO - Completed: 26, remaining: 34, RAYPy_Simulation_bessy2hi_56m_PGM_2Perc_coupling_errors_off_FLUX/round_8/1_bessy2hi_56m_PGM_2Perc_coupling_errors_off_FLUX.rml
2025-02-07 23:03:25,236 - INFO - Completed: 27, remaining: 33, RAYPy_Simulation_bessy2hi_56m_PGM_2Perc_coupling_errors_off_FLUX/round_8/2_bessy2hi_56m_PGM_2Perc_coupling_errors_off_FLUX.rml
2025-02-07 23:03:25,266 - INFO - Completed: 28, remaining: 32, RAYPy_Simulation_bessy2hi_56m_PGM_2Perc_coupling_errors_off_FLUX/round_8/3_bessy2hi_56m_PGM_2Perc_coupling_errors_off_FLUX.rml
2025-02-07 23:03:25,697 - INFO - Completed: 29, remaining: 31, RAYPy_Simulation_bessy2hi_56m_PGM_2Perc_coupling_errors_off_FLUX/round_8/5_bessy2hi_56m_PGM_2Perc_coupling_errors_off_FLUX.rml
2025-02-07 23:03:26,263 - INFO - Completed: 30, remaining: 30, RAYPy_Simulation_bessy2hi_56m_PGM_2Perc_coupling_errors_off_FLUX/round_8/4_bessy2hi_56m_PGM_2Perc_coupling_errors_off_FLUX.rml
2025-02-07 23:03:26,267 - INFO - Completed: 31, remaining: 29, RAYPy_Simulation_bessy2hi_56m_PGM_2Perc_coupling_errors_off_FLUX/round_8/7_bessy2hi_56m_PGM_2Perc_coupling_errors_off_FLUX.rml
2025-02-07 23:03:26,407 - INFO - Completed: 32, remaining: 28, RAYPy_Simulation_bessy2hi_56m_PGM_2Perc_coupling_errors_off_FLUX/round_8/6_bessy2hi_56m_PGM_2Perc_coupling_errors_off_FLUX.rml
2025-02-07 23:03:26,497 - INFO - Completed: 33, remaining: 27, RAYPy_Simulation_bessy2hi_56m_PGM_2Perc_coupling_errors_off_FLUX/round_8/8_bessy2hi_56m_PGM_2Perc_coupling_errors_off_FLUX.rml
2025-02-07 23:03:37,292 - INFO - Completed: 34, remaining: 26, RAYPy_Simulation_bessy2hi_56m_PGM_2Perc_coupling_errors_off_FLUX/round_8/9_bessy2hi_56m_PGM_2Perc_coupling_errors_off_FLUX.rml
2025-02-07 23:03:38,126 - INFO - Completed: 35, remaining: 25, RAYPy_Simulation_bessy2hi_56m_PGM_2Perc_coupling_errors_off_FLUX/round_8/10_bessy2hi_56m_PGM_2Perc_coupling_errors_off_FLUX.rml
2025-02-07 23:03:39,069 - INFO - Completed: 36, remaining: 24, RAYPy_Simulation_bessy2hi_56m_PGM_2Perc_coupling_errors_off_FLUX/round_8/11_bessy2hi_56m_PGM_2Perc_coupling_errors_off_FLUX.rml
2025-02-07 23:03:40,540 - INFO - Completed: 37, remaining: 23, RAYPy_Simulation_bessy2hi_56m_PGM_2Perc_coupling_errors_off_FLUX/round_8/13_bessy2hi_56m_PGM_2Perc_coupling_errors_off_FLUX.rml
2025-02-07 23:03:40,560 - INFO - Completed: 38, remaining: 22, RAYPy_Simulation_bessy2hi_56m_PGM_2Perc_coupling_errors_off_FLUX/round_8/14_bessy2hi_56m_PGM_2Perc_coupling_errors_off_FLUX.rml
2025-02-07 23:03:40,752 - INFO - Completed: 39, remaining: 21, RAYPy_Simulation_bessy2hi_56m_PGM_2Perc_coupling_errors_off_FLUX/round_8/12_bessy2hi_56m_PGM_2Perc_coupling_errors_off_FLUX.rml
2025-02-07 23:03:40,914 - INFO - Completed: 40, remaining: 20, RAYPy_Simulation_bessy2hi_56m_PGM_2Perc_coupling_errors_off_FLUX/round_8/15_bessy2hi_56m_PGM_2Perc_coupling_errors_off_FLUX.rml
2025-02-07 23:03:41,644 - INFO - Completed: 41, remaining: 19, RAYPy_Simulation_bessy2hi_56m_PGM_2Perc_coupling_errors_off_FLUX/round_8/18_bessy2hi_56m_PGM_2Perc_coupling_errors_off_FLUX.rml
2025-02-07 23:03:41,682 - INFO - Completed: 42, remaining: 18, RAYPy_Simulation_bessy2hi_56m_PGM_2Perc_coupling_errors_off_FLUX/round_8/19_bessy2hi_56m_PGM_2Perc_coupling_errors_off_FLUX.rml
2025-02-07 23:03:41,717 - INFO - Completed: 43, remaining: 17, RAYPy_Simulation_bessy2hi_56m_PGM_2Perc_coupling_errors_off_FLUX/round_8/17_bessy2hi_56m_PGM_2Perc_coupling_errors_off_FLUX.rml
2025-02-07 23:03:42,020 - INFO - Completed: 44, remaining: 16, RAYPy_Simulation_bessy2hi_56m_PGM_2Perc_coupling_errors_off_FLUX/round_8/16_bessy2hi_56m_PGM_2Perc_coupling_errors_off_FLUX.rml
2025-02-07 23:03:51,300 - INFO - Completed: 45, remaining: 15, RAYPy_Simulation_bessy2hi_56m_PGM_2Perc_coupling_errors_off_FLUX/round_8/20_bessy2hi_56m_PGM_2Perc_coupling_errors_off_FLUX.rml
2025-02-07 23:03:51,964 - INFO - Completed: 46, remaining: 14, RAYPy_Simulation_bessy2hi_56m_PGM_2Perc_coupling_errors_off_FLUX/round_8/21_bessy2hi_56m_PGM_2Perc_coupling_errors_off_FLUX.rml
2025-02-07 23:03:53,285 - INFO - Completed: 47, remaining: 13, RAYPy_Simulation_bessy2hi_56m_PGM_2Perc_coupling_errors_off_FLUX/round_8/22_bessy2hi_56m_PGM_2Perc_coupling_errors_off_FLUX.rml
2025-02-07 23:03:55,695 - INFO - Completed: 48, remaining: 12, RAYPy_Simulation_bessy2hi_56m_PGM_2Perc_coupling_errors_off_FLUX/round_8/24_bessy2hi_56m_PGM_2Perc_coupling_errors_off_FLUX.rml
2025-02-07 23:03:55,981 - INFO - Completed: 49, remaining: 11, RAYPy_Simulation_bessy2hi_56m_PGM_2Perc_coupling_errors_off_FLUX/round_8/23_bessy2hi_56m_PGM_2Perc_coupling_errors_off_FLUX.rml
2025-02-07 23:03:56,202 - INFO - Completed: 50, remaining: 10, RAYPy_Simulation_bessy2hi_56m_PGM_2Perc_coupling_errors_off_FLUX/round_8/26_bessy2hi_56m_PGM_2Perc_coupling_errors_off_FLUX.rml
2025-02-07 23:03:56,484 - INFO - Completed: 51, remaining: 9, RAYPy_Simulation_bessy2hi_56m_PGM_2Perc_coupling_errors_off_FLUX/round_8/25_bessy2hi_56m_PGM_2Perc_coupling_errors_off_FLUX.rml
2025-02-07 23:03:57,002 - INFO - Completed: 52, remaining: 8, RAYPy_Simulation_bessy2hi_56m_PGM_2Perc_coupling_errors_off_FLUX/round_8/29_bessy2hi_56m_PGM_2Perc_coupling_errors_off_FLUX.rml
2025-02-07 23:03:57,162 - INFO - Completed: 53, remaining: 7, RAYPy_Simulation_bessy2hi_56m_PGM_2Perc_coupling_errors_off_FLUX/round_8/27_bessy2hi_56m_PGM_2Perc_coupling_errors_off_FLUX.rml
2025-02-07 23:03:57,231 - INFO - Completed: 54, remaining: 6, RAYPy_Simulation_bessy2hi_56m_PGM_2Perc_coupling_errors_off_FLUX/round_8/30_bessy2hi_56m_PGM_2Perc_coupling_errors_off_FLUX.rml
2025-02-07 23:03:57,279 - INFO - Completed: 55, remaining: 5, RAYPy_Simulation_bessy2hi_56m_PGM_2Perc_coupling_errors_off_FLUX/round_8/28_bessy2hi_56m_PGM_2Perc_coupling_errors_off_FLUX.rml
2025-02-07 23:04:01,416 - INFO - Completed: 56, remaining: 4, RAYPy_Simulation_bessy2hi_56m_PGM_2Perc_coupling_errors_off_FLUX/round_8/31_bessy2hi_56m_PGM_2Perc_coupling_errors_off_FLUX.rml
2025-02-07 23:04:02,246 - INFO - Completed: 57, remaining: 3, RAYPy_Simulation_bessy2hi_56m_PGM_2Perc_coupling_errors_off_FLUX/round_8/32_bessy2hi_56m_PGM_2Perc_coupling_errors_off_FLUX.rml
2025-02-07 23:04:02,355 - INFO - Completed: 58, remaining: 2, RAYPy_Simulation_bessy2hi_56m_PGM_2Perc_coupling_errors_off_FLUX/round_8/33_bessy2hi_56m_PGM_2Perc_coupling_errors_off_FLUX.rml
2025-02-07 23:04:03,178 - INFO - Completed: 59, remaining: 1, RAYPy_Simulation_bessy2hi_56m_PGM_2Perc_coupling_errors_off_FLUX/round_8/34_bessy2hi_56m_PGM_2Perc_coupling_errors_off_FLUX.rml
2025-02-07 23:04:03,323 - INFO - Completed: 60, remaining: 0, RAYPy_Simulation_bessy2hi_56m_PGM_2Perc_coupling_errors_off_FLUX/round_8/35_bessy2hi_56m_PGM_2Perc_coupling_errors_off_FLUX.rml
2025-02-07 23:04:03,324 - INFO - Batch Completed
2025-02-07 23:04:03,324 - INFO - Waiting For batch, 60 simulations to go
2025-02-07 23:04:03,329 - INFO - Prepared sim number: 36: RAYPy_Simulation_bessy2hi_56m_PGM_2Perc_coupling_errors_off_FLUX/round_8/36_bessy2hi_56m_PGM_2Perc_coupling_errors_off_FLUX.rml
2025-02-07 23:04:03,334 - INFO - Prepared sim number: 37: RAYPy_Simulation_bessy2hi_56m_PGM_2Perc_coupling_errors_off_FLUX/round_8/37_bessy2hi_56m_PGM_2Perc_coupling_errors_off_FLUX.rml
2025-02-07 23:04:03,344 - INFO - Prepared sim number: 38: RAYPy_Simulation_bessy2hi_56m_PGM_2Perc_coupling_errors_off_FLUX/round_8/38_bessy2hi_56m_PGM_2Perc_coupling_errors_off_FLUX.rml
2025-02-07 23:04:03,349 - INFO - Prepared sim number: 39: RAYPy_Simulation_bessy2hi_56m_PGM_2Perc_coupling_errors_off_FLUX/round_8/39_bessy2hi_56m_PGM_2Perc_coupling_errors_off_FLUX.rml
2025-02-07 23:04:03,356 - INFO - Prepared sim number: 40: RAYPy_Simulation_bessy2hi_56m_PGM_2Perc_coupling_errors_off_FLUX/round_8/40_bessy2hi_56m_PGM_2Perc_coupling_errors_off_FLUX.rml
2025-02-07 23:04:03,364 - INFO - Prepared sim number: 41: RAYPy_Simulation_bessy2hi_56m_PGM_2Perc_coupling_errors_off_FLUX/round_8/41_bessy2hi_56m_PGM_2Perc_coupling_errors_off_FLUX.rml
2025-02-07 23:04:03,373 - INFO - Prepared sim number: 42: RAYPy_Simulation_bessy2hi_56m_PGM_2Perc_coupling_errors_off_FLUX/round_8/42_bessy2hi_56m_PGM_2Perc_coupling_errors_off_FLUX.rml
2025-02-07 23:04:03,379 - INFO - Prepared sim number: 43: RAYPy_Simulation_bessy2hi_56m_PGM_2Perc_coupling_errors_off_FLUX/round_8/43_bessy2hi_56m_PGM_2Perc_coupling_errors_off_FLUX.rml
2025-02-07 23:04:03,387 - INFO - Prepared sim number: 44: RAYPy_Simulation_bessy2hi_56m_PGM_2Perc_coupling_errors_off_FLUX/round_8/44_bessy2hi_56m_PGM_2Perc_coupling_errors_off_FLUX.rml
2025-02-07 23:04:03,392 - INFO - Prepared sim number: 45: RAYPy_Simulation_bessy2hi_56m_PGM_2Perc_coupling_errors_off_FLUX/round_8/45_bessy2hi_56m_PGM_2Perc_coupling_errors_off_FLUX.rml
2025-02-07 23:04:03,398 - INFO - Prepared sim number: 46: RAYPy_Simulation_bessy2hi_56m_PGM_2Perc_coupling_errors_off_FLUX/round_8/46_bessy2hi_56m_PGM_2Perc_coupling_errors_off_FLUX.rml
2025-02-07 23:04:03,403 - INFO - Prepared sim number: 47: RAYPy_Simulation_bessy2hi_56m_PGM_2Perc_coupling_errors_off_FLUX/round_8/47_bessy2hi_56m_PGM_2Perc_coupling_errors_off_FLUX.rml
2025-02-07 23:04:03,407 - INFO - Prepared sim number: 48: RAYPy_Simulation_bessy2hi_56m_PGM_2Perc_coupling_errors_off_FLUX/round_8/48_bessy2hi_56m_PGM_2Perc_coupling_errors_off_FLUX.rml
2025-02-07 23:04:03,411 - INFO - Prepared sim number: 49: RAYPy_Simulation_bessy2hi_56m_PGM_2Perc_coupling_errors_off_FLUX/round_8/49_bessy2hi_56m_PGM_2Perc_coupling_errors_off_FLUX.rml
2025-02-07 23:04:03,415 - INFO - Prepared sim number: 50: RAYPy_Simulation_bessy2hi_56m_PGM_2Perc_coupling_errors_off_FLUX/round_8/50_bessy2hi_56m_PGM_2Perc_coupling_errors_off_FLUX.rml
2025-02-07 23:04:03,420 - INFO - Prepared sim number: 51: RAYPy_Simulation_bessy2hi_56m_PGM_2Perc_coupling_errors_off_FLUX/round_8/51_bessy2hi_56m_PGM_2Perc_coupling_errors_off_FLUX.rml
2025-02-07 23:04:03,424 - INFO - Prepared sim number: 52: RAYPy_Simulation_bessy2hi_56m_PGM_2Perc_coupling_errors_off_FLUX/round_8/52_bessy2hi_56m_PGM_2Perc_coupling_errors_off_FLUX.rml
2025-02-07 23:04:03,427 - INFO - Prepared sim number: 53: RAYPy_Simulation_bessy2hi_56m_PGM_2Perc_coupling_errors_off_FLUX/round_8/53_bessy2hi_56m_PGM_2Perc_coupling_errors_off_FLUX.rml
2025-02-07 23:04:03,432 - INFO - Prepared sim number: 54: RAYPy_Simulation_bessy2hi_56m_PGM_2Perc_coupling_errors_off_FLUX/round_8/54_bessy2hi_56m_PGM_2Perc_coupling_errors_off_FLUX.rml
2025-02-07 23:04:03,436 - INFO - Prepared sim number: 55: RAYPy_Simulation_bessy2hi_56m_PGM_2Perc_coupling_errors_off_FLUX/round_8/55_bessy2hi_56m_PGM_2Perc_coupling_errors_off_FLUX.rml
2025-02-07 23:04:03,440 - INFO - Prepared sim number: 56: RAYPy_Simulation_bessy2hi_56m_PGM_2Perc_coupling_errors_off_FLUX/round_8/56_bessy2hi_56m_PGM_2Perc_coupling_errors_off_FLUX.rml
2025-02-07 23:04:03,445 - INFO - Prepared sim number: 57: RAYPy_Simulation_bessy2hi_56m_PGM_2Perc_coupling_errors_off_FLUX/round_8/57_bessy2hi_56m_PGM_2Perc_coupling_errors_off_FLUX.rml
2025-02-07 23:04:03,449 - INFO - Prepared sim number: 58: RAYPy_Simulation_bessy2hi_56m_PGM_2Perc_coupling_errors_off_FLUX/round_8/58_bessy2hi_56m_PGM_2Perc_coupling_errors_off_FLUX.rml
2025-02-07 23:04:03,453 - INFO - Prepared sim number: 59: RAYPy_Simulation_bessy2hi_56m_PGM_2Perc_coupling_errors_off_FLUX/round_8/59_bessy2hi_56m_PGM_2Perc_coupling_errors_off_FLUX.rml
2025-02-07 23:04:03,457 - INFO - Prepared sim number: 60: RAYPy_Simulation_bessy2hi_56m_PGM_2Perc_coupling_errors_off_FLUX/round_8/60_bessy2hi_56m_PGM_2Perc_coupling_errors_off_FLUX.rml
2025-02-07 23:04:03,461 - INFO - Prepared sim number: 61: RAYPy_Simulation_bessy2hi_56m_PGM_2Perc_coupling_errors_off_FLUX/round_8/61_bessy2hi_56m_PGM_2Perc_coupling_errors_off_FLUX.rml
2025-02-07 23:04:03,465 - INFO - Prepared sim number: 62: RAYPy_Simulation_bessy2hi_56m_PGM_2Perc_coupling_errors_off_FLUX/round_8/62_bessy2hi_56m_PGM_2Perc_coupling_errors_off_FLUX.rml
2025-02-07 23:04:03,469 - INFO - Prepared sim number: 63: RAYPy_Simulation_bessy2hi_56m_PGM_2Perc_coupling_errors_off_FLUX/round_8/63_bessy2hi_56m_PGM_2Perc_coupling_errors_off_FLUX.rml
2025-02-07 23:04:03,473 - INFO - Prepared sim number: 64: RAYPy_Simulation_bessy2hi_56m_PGM_2Perc_coupling_errors_off_FLUX/round_8/64_bessy2hi_56m_PGM_2Perc_coupling_errors_off_FLUX.rml
2025-02-07 23:04:03,477 - INFO - Prepared sim number: 65: RAYPy_Simulation_bessy2hi_56m_PGM_2Perc_coupling_errors_off_FLUX/round_8/65_bessy2hi_56m_PGM_2Perc_coupling_errors_off_FLUX.rml
2025-02-07 23:04:03,481 - INFO - Prepared sim number: 66: RAYPy_Simulation_bessy2hi_56m_PGM_2Perc_coupling_errors_off_FLUX/round_8/66_bessy2hi_56m_PGM_2Perc_coupling_errors_off_FLUX.rml
2025-02-07 23:04:03,485 - INFO - Prepared sim number: 67: RAYPy_Simulation_bessy2hi_56m_PGM_2Perc_coupling_errors_off_FLUX/round_8/67_bessy2hi_56m_PGM_2Perc_coupling_errors_off_FLUX.rml
2025-02-07 23:04:03,489 - INFO - Prepared sim number: 68: RAYPy_Simulation_bessy2hi_56m_PGM_2Perc_coupling_errors_off_FLUX/round_8/68_bessy2hi_56m_PGM_2Perc_coupling_errors_off_FLUX.rml
2025-02-07 23:04:03,493 - INFO - Prepared sim number: 69: RAYPy_Simulation_bessy2hi_56m_PGM_2Perc_coupling_errors_off_FLUX/round_8/69_bessy2hi_56m_PGM_2Perc_coupling_errors_off_FLUX.rml
2025-02-07 23:04:03,496 - INFO - Prepared sim number: 70: RAYPy_Simulation_bessy2hi_56m_PGM_2Perc_coupling_errors_off_FLUX/round_8/70_bessy2hi_56m_PGM_2Perc_coupling_errors_off_FLUX.rml
2025-02-07 23:04:03,501 - INFO - Prepared sim number: 71: RAYPy_Simulation_bessy2hi_56m_PGM_2Perc_coupling_errors_off_FLUX/round_8/71_bessy2hi_56m_PGM_2Perc_coupling_errors_off_FLUX.rml
2025-02-07 23:04:03,505 - INFO - Prepared sim number: 72: RAYPy_Simulation_bessy2hi_56m_PGM_2Perc_coupling_errors_off_FLUX/round_8/72_bessy2hi_56m_PGM_2Perc_coupling_errors_off_FLUX.rml
2025-02-07 23:04:03,509 - INFO - Prepared sim number: 73: RAYPy_Simulation_bessy2hi_56m_PGM_2Perc_coupling_errors_off_FLUX/round_8/73_bessy2hi_56m_PGM_2Perc_coupling_errors_off_FLUX.rml
2025-02-07 23:04:03,514 - INFO - Prepared sim number: 74: RAYPy_Simulation_bessy2hi_56m_PGM_2Perc_coupling_errors_off_FLUX/round_8/74_bessy2hi_56m_PGM_2Perc_coupling_errors_off_FLUX.rml
2025-02-07 23:04:03,518 - INFO - Prepared sim number: 75: RAYPy_Simulation_bessy2hi_56m_PGM_2Perc_coupling_errors_off_FLUX/round_8/75_bessy2hi_56m_PGM_2Perc_coupling_errors_off_FLUX.rml
2025-02-07 23:04:03,522 - INFO - Prepared sim number: 76: RAYPy_Simulation_bessy2hi_56m_PGM_2Perc_coupling_errors_off_FLUX/round_8/76_bessy2hi_56m_PGM_2Perc_coupling_errors_off_FLUX.rml
2025-02-07 23:04:03,527 - INFO - Prepared sim number: 77: RAYPy_Simulation_bessy2hi_56m_PGM_2Perc_coupling_errors_off_FLUX/round_8/77_bessy2hi_56m_PGM_2Perc_coupling_errors_off_FLUX.rml
2025-02-07 23:04:03,531 - INFO - Prepared sim number: 78: RAYPy_Simulation_bessy2hi_56m_PGM_2Perc_coupling_errors_off_FLUX/round_8/78_bessy2hi_56m_PGM_2Perc_coupling_errors_off_FLUX.rml
2025-02-07 23:04:03,535 - INFO - Prepared sim number: 79: RAYPy_Simulation_bessy2hi_56m_PGM_2Perc_coupling_errors_off_FLUX/round_8/79_bessy2hi_56m_PGM_2Perc_coupling_errors_off_FLUX.rml
2025-02-07 23:04:03,538 - INFO - Prepared sim number: 80: RAYPy_Simulation_bessy2hi_56m_PGM_2Perc_coupling_errors_off_FLUX/round_8/80_bessy2hi_56m_PGM_2Perc_coupling_errors_off_FLUX.rml
2025-02-07 23:04:03,542 - INFO - Prepared sim number: 81: RAYPy_Simulation_bessy2hi_56m_PGM_2Perc_coupling_errors_off_FLUX/round_8/81_bessy2hi_56m_PGM_2Perc_coupling_errors_off_FLUX.rml
2025-02-07 23:04:03,546 - INFO - Prepared sim number: 82: RAYPy_Simulation_bessy2hi_56m_PGM_2Perc_coupling_errors_off_FLUX/round_8/82_bessy2hi_56m_PGM_2Perc_coupling_errors_off_FLUX.rml
2025-02-07 23:04:03,549 - INFO - Prepared sim number: 83: RAYPy_Simulation_bessy2hi_56m_PGM_2Perc_coupling_errors_off_FLUX/round_8/83_bessy2hi_56m_PGM_2Perc_coupling_errors_off_FLUX.rml
2025-02-07 23:04:03,553 - INFO - Prepared sim number: 84: RAYPy_Simulation_bessy2hi_56m_PGM_2Perc_coupling_errors_off_FLUX/round_8/84_bessy2hi_56m_PGM_2Perc_coupling_errors_off_FLUX.rml
2025-02-07 23:04:03,557 - INFO - Prepared sim number: 85: RAYPy_Simulation_bessy2hi_56m_PGM_2Perc_coupling_errors_off_FLUX/round_8/85_bessy2hi_56m_PGM_2Perc_coupling_errors_off_FLUX.rml
2025-02-07 23:04:03,562 - INFO - Prepared sim number: 86: RAYPy_Simulation_bessy2hi_56m_PGM_2Perc_coupling_errors_off_FLUX/round_8/86_bessy2hi_56m_PGM_2Perc_coupling_errors_off_FLUX.rml
2025-02-07 23:04:03,566 - INFO - Prepared sim number: 87: RAYPy_Simulation_bessy2hi_56m_PGM_2Perc_coupling_errors_off_FLUX/round_8/87_bessy2hi_56m_PGM_2Perc_coupling_errors_off_FLUX.rml
2025-02-07 23:04:03,570 - INFO - Prepared sim number: 88: RAYPy_Simulation_bessy2hi_56m_PGM_2Perc_coupling_errors_off_FLUX/round_8/88_bessy2hi_56m_PGM_2Perc_coupling_errors_off_FLUX.rml
2025-02-07 23:04:03,574 - INFO - Prepared sim number: 89: RAYPy_Simulation_bessy2hi_56m_PGM_2Perc_coupling_errors_off_FLUX/round_8/89_bessy2hi_56m_PGM_2Perc_coupling_errors_off_FLUX.rml
2025-02-07 23:04:03,578 - INFO - Prepared sim number: 90: RAYPy_Simulation_bessy2hi_56m_PGM_2Perc_coupling_errors_off_FLUX/round_8/90_bessy2hi_56m_PGM_2Perc_coupling_errors_off_FLUX.rml
2025-02-07 23:04:03,582 - INFO - Prepared sim number: 91: RAYPy_Simulation_bessy2hi_56m_PGM_2Perc_coupling_errors_off_FLUX/round_8/91_bessy2hi_56m_PGM_2Perc_coupling_errors_off_FLUX.rml
2025-02-07 23:04:03,586 - INFO - Prepared sim number: 92: RAYPy_Simulation_bessy2hi_56m_PGM_2Perc_coupling_errors_off_FLUX/round_8/92_bessy2hi_56m_PGM_2Perc_coupling_errors_off_FLUX.rml
2025-02-07 23:04:03,590 - INFO - Prepared sim number: 93: RAYPy_Simulation_bessy2hi_56m_PGM_2Perc_coupling_errors_off_FLUX/round_8/93_bessy2hi_56m_PGM_2Perc_coupling_errors_off_FLUX.rml
2025-02-07 23:04:03,594 - INFO - Prepared sim number: 94: RAYPy_Simulation_bessy2hi_56m_PGM_2Perc_coupling_errors_off_FLUX/round_8/94_bessy2hi_56m_PGM_2Perc_coupling_errors_off_FLUX.rml
2025-02-07 23:04:03,598 - INFO - Prepared sim number: 95: RAYPy_Simulation_bessy2hi_56m_PGM_2Perc_coupling_errors_off_FLUX/round_8/95_bessy2hi_56m_PGM_2Perc_coupling_errors_off_FLUX.rml
2025-02-07 23:04:03,598 - INFO - Waiting for batch number: 17, timeout: 85.07332875498805s
2025-02-07 23:04:17,378 - INFO - Completed: 1, remaining: 59, RAYPy_Simulation_bessy2hi_56m_PGM_2Perc_coupling_errors_off_FLUX/round_8/42_bessy2hi_56m_PGM_2Perc_coupling_errors_off_FLUX.rml
2025-02-07 23:04:17,647 - INFO - Completed: 2, remaining: 58, RAYPy_Simulation_bessy2hi_56m_PGM_2Perc_coupling_errors_off_FLUX/round_8/44_bessy2hi_56m_PGM_2Perc_coupling_errors_off_FLUX.rml
2025-02-07 23:04:17,662 - INFO - Completed: 3, remaining: 57, RAYPy_Simulation_bessy2hi_56m_PGM_2Perc_coupling_errors_off_FLUX/round_8/46_bessy2hi_56m_PGM_2Perc_coupling_errors_off_FLUX.rml
2025-02-07 23:04:17,959 - INFO - Completed: 4, remaining: 56, RAYPy_Simulation_bessy2hi_56m_PGM_2Perc_coupling_errors_off_FLUX/round_8/38_bessy2hi_56m_PGM_2Perc_coupling_errors_off_FLUX.rml
2025-02-07 23:04:18,050 - INFO - Completed: 5, remaining: 55, RAYPy_Simulation_bessy2hi_56m_PGM_2Perc_coupling_errors_off_FLUX/round_8/39_bessy2hi_56m_PGM_2Perc_coupling_errors_off_FLUX.rml
2025-02-07 23:04:18,187 - INFO - Completed: 6, remaining: 54, RAYPy_Simulation_bessy2hi_56m_PGM_2Perc_coupling_errors_off_FLUX/round_8/45_bessy2hi_56m_PGM_2Perc_coupling_errors_off_FLUX.rml
2025-02-07 23:04:18,370 - INFO - Completed: 7, remaining: 53, RAYPy_Simulation_bessy2hi_56m_PGM_2Perc_coupling_errors_off_FLUX/round_8/36_bessy2hi_56m_PGM_2Perc_coupling_errors_off_FLUX.rml
2025-02-07 23:04:18,811 - INFO - Completed: 8, remaining: 52, RAYPy_Simulation_bessy2hi_56m_PGM_2Perc_coupling_errors_off_FLUX/round_8/41_bessy2hi_56m_PGM_2Perc_coupling_errors_off_FLUX.rml
2025-02-07 23:04:19,596 - INFO - Completed: 9, remaining: 51, RAYPy_Simulation_bessy2hi_56m_PGM_2Perc_coupling_errors_off_FLUX/round_8/43_bessy2hi_56m_PGM_2Perc_coupling_errors_off_FLUX.rml
2025-02-07 23:04:19,727 - INFO - Completed: 10, remaining: 50, RAYPy_Simulation_bessy2hi_56m_PGM_2Perc_coupling_errors_off_FLUX/round_8/40_bessy2hi_56m_PGM_2Perc_coupling_errors_off_FLUX.rml
2025-02-07 23:04:19,896 - INFO - Completed: 11, remaining: 49, RAYPy_Simulation_bessy2hi_56m_PGM_2Perc_coupling_errors_off_FLUX/round_8/37_bessy2hi_56m_PGM_2Perc_coupling_errors_off_FLUX.rml
2025-02-07 23:04:31,174 - INFO - Completed: 12, remaining: 48, RAYPy_Simulation_bessy2hi_56m_PGM_2Perc_coupling_errors_off_FLUX/round_8/47_bessy2hi_56m_PGM_2Perc_coupling_errors_off_FLUX.rml
2025-02-07 23:04:31,793 - INFO - Completed: 13, remaining: 47, RAYPy_Simulation_bessy2hi_56m_PGM_2Perc_coupling_errors_off_FLUX/round_8/49_bessy2hi_56m_PGM_2Perc_coupling_errors_off_FLUX.rml
2025-02-07 23:04:31,973 - INFO - Completed: 14, remaining: 46, RAYPy_Simulation_bessy2hi_56m_PGM_2Perc_coupling_errors_off_FLUX/round_8/50_bessy2hi_56m_PGM_2Perc_coupling_errors_off_FLUX.rml
2025-02-07 23:04:32,243 - INFO - Completed: 15, remaining: 45, RAYPy_Simulation_bessy2hi_56m_PGM_2Perc_coupling_errors_off_FLUX/round_8/51_bessy2hi_56m_PGM_2Perc_coupling_errors_off_FLUX.rml
2025-02-07 23:04:32,368 - INFO - Completed: 16, remaining: 44, RAYPy_Simulation_bessy2hi_56m_PGM_2Perc_coupling_errors_off_FLUX/round_8/52_bessy2hi_56m_PGM_2Perc_coupling_errors_off_FLUX.rml
2025-02-07 23:04:32,451 - INFO - Completed: 17, remaining: 43, RAYPy_Simulation_bessy2hi_56m_PGM_2Perc_coupling_errors_off_FLUX/round_8/53_bessy2hi_56m_PGM_2Perc_coupling_errors_off_FLUX.rml
2025-02-07 23:04:32,650 - INFO - Completed: 18, remaining: 42, RAYPy_Simulation_bessy2hi_56m_PGM_2Perc_coupling_errors_off_FLUX/round_8/48_bessy2hi_56m_PGM_2Perc_coupling_errors_off_FLUX.rml
2025-02-07 23:04:33,439 - INFO - Completed: 19, remaining: 41, RAYPy_Simulation_bessy2hi_56m_PGM_2Perc_coupling_errors_off_FLUX/round_8/55_bessy2hi_56m_PGM_2Perc_coupling_errors_off_FLUX.rml
2025-02-07 23:04:33,543 - INFO - Completed: 20, remaining: 40, RAYPy_Simulation_bessy2hi_56m_PGM_2Perc_coupling_errors_off_FLUX/round_8/57_bessy2hi_56m_PGM_2Perc_coupling_errors_off_FLUX.rml
2025-02-07 23:04:33,703 - INFO - Completed: 21, remaining: 39, RAYPy_Simulation_bessy2hi_56m_PGM_2Perc_coupling_errors_off_FLUX/round_8/54_bessy2hi_56m_PGM_2Perc_coupling_errors_off_FLUX.rml
2025-02-07 23:04:34,128 - INFO - Completed: 22, remaining: 38, RAYPy_Simulation_bessy2hi_56m_PGM_2Perc_coupling_errors_off_FLUX/round_8/56_bessy2hi_56m_PGM_2Perc_coupling_errors_off_FLUX.rml
2025-02-07 23:04:43,745 - INFO - Completed: 23, remaining: 37, RAYPy_Simulation_bessy2hi_56m_PGM_2Perc_coupling_errors_off_FLUX/round_8/58_bessy2hi_56m_PGM_2Perc_coupling_errors_off_FLUX.rml
2025-02-07 23:04:45,368 - INFO - Completed: 24, remaining: 36, RAYPy_Simulation_bessy2hi_56m_PGM_2Perc_coupling_errors_off_FLUX/round_8/59_bessy2hi_56m_PGM_2Perc_coupling_errors_off_FLUX.rml
2025-02-07 23:04:46,117 - INFO - Completed: 25, remaining: 35, RAYPy_Simulation_bessy2hi_56m_PGM_2Perc_coupling_errors_off_FLUX/round_8/60_bessy2hi_56m_PGM_2Perc_coupling_errors_off_FLUX.rml
2025-02-07 23:04:46,442 - INFO - Completed: 26, remaining: 34, RAYPy_Simulation_bessy2hi_56m_PGM_2Perc_coupling_errors_off_FLUX/round_8/61_bessy2hi_56m_PGM_2Perc_coupling_errors_off_FLUX.rml
2025-02-07 23:04:46,618 - INFO - Completed: 27, remaining: 33, RAYPy_Simulation_bessy2hi_56m_PGM_2Perc_coupling_errors_off_FLUX/round_8/62_bessy2hi_56m_PGM_2Perc_coupling_errors_off_FLUX.rml
2025-02-07 23:04:46,875 - INFO - Completed: 28, remaining: 32, RAYPy_Simulation_bessy2hi_56m_PGM_2Perc_coupling_errors_off_FLUX/round_8/64_bessy2hi_56m_PGM_2Perc_coupling_errors_off_FLUX.rml
2025-02-07 23:04:47,882 - INFO - Completed: 29, remaining: 31, RAYPy_Simulation_bessy2hi_56m_PGM_2Perc_coupling_errors_off_FLUX/round_8/67_bessy2hi_56m_PGM_2Perc_coupling_errors_off_FLUX.rml
2025-02-07 23:04:47,919 - INFO - Completed: 30, remaining: 30, RAYPy_Simulation_bessy2hi_56m_PGM_2Perc_coupling_errors_off_FLUX/round_8/63_bessy2hi_56m_PGM_2Perc_coupling_errors_off_FLUX.rml
2025-02-07 23:04:48,157 - INFO - Completed: 31, remaining: 29, RAYPy_Simulation_bessy2hi_56m_PGM_2Perc_coupling_errors_off_FLUX/round_8/65_bessy2hi_56m_PGM_2Perc_coupling_errors_off_FLUX.rml
2025-02-07 23:04:48,205 - INFO - Completed: 32, remaining: 28, RAYPy_Simulation_bessy2hi_56m_PGM_2Perc_coupling_errors_off_FLUX/round_8/68_bessy2hi_56m_PGM_2Perc_coupling_errors_off_FLUX.rml
2025-02-07 23:04:48,219 - INFO - Completed: 33, remaining: 27, RAYPy_Simulation_bessy2hi_56m_PGM_2Perc_coupling_errors_off_FLUX/round_8/66_bessy2hi_56m_PGM_2Perc_coupling_errors_off_FLUX.rml
2025-02-07 23:04:56,311 - INFO - Completed: 34, remaining: 26, RAYPy_Simulation_bessy2hi_56m_PGM_2Perc_coupling_errors_off_FLUX/round_8/69_bessy2hi_56m_PGM_2Perc_coupling_errors_off_FLUX.rml
2025-02-07 23:04:58,791 - INFO - Completed: 35, remaining: 25, RAYPy_Simulation_bessy2hi_56m_PGM_2Perc_coupling_errors_off_FLUX/round_8/70_bessy2hi_56m_PGM_2Perc_coupling_errors_off_FLUX.rml
2025-02-07 23:05:00,363 - INFO - Completed: 36, remaining: 24, RAYPy_Simulation_bessy2hi_56m_PGM_2Perc_coupling_errors_off_FLUX/round_8/71_bessy2hi_56m_PGM_2Perc_coupling_errors_off_FLUX.rml
2025-02-07 23:05:01,053 - INFO - Completed: 37, remaining: 23, RAYPy_Simulation_bessy2hi_56m_PGM_2Perc_coupling_errors_off_FLUX/round_8/72_bessy2hi_56m_PGM_2Perc_coupling_errors_off_FLUX.rml
2025-02-07 23:05:01,602 - INFO - Completed: 38, remaining: 22, RAYPy_Simulation_bessy2hi_56m_PGM_2Perc_coupling_errors_off_FLUX/round_8/73_bessy2hi_56m_PGM_2Perc_coupling_errors_off_FLUX.rml
2025-02-07 23:05:01,871 - INFO - Completed: 39, remaining: 21, RAYPy_Simulation_bessy2hi_56m_PGM_2Perc_coupling_errors_off_FLUX/round_8/74_bessy2hi_56m_PGM_2Perc_coupling_errors_off_FLUX.rml
2025-02-07 23:05:02,666 - INFO - Completed: 40, remaining: 20, RAYPy_Simulation_bessy2hi_56m_PGM_2Perc_coupling_errors_off_FLUX/round_8/75_bessy2hi_56m_PGM_2Perc_coupling_errors_off_FLUX.rml
2025-02-07 23:05:02,842 - INFO - Completed: 41, remaining: 19, RAYPy_Simulation_bessy2hi_56m_PGM_2Perc_coupling_errors_off_FLUX/round_8/76_bessy2hi_56m_PGM_2Perc_coupling_errors_off_FLUX.rml
2025-02-07 23:05:02,943 - INFO - Completed: 42, remaining: 18, RAYPy_Simulation_bessy2hi_56m_PGM_2Perc_coupling_errors_off_FLUX/round_8/79_bessy2hi_56m_PGM_2Perc_coupling_errors_off_FLUX.rml
2025-02-07 23:05:02,998 - INFO - Completed: 43, remaining: 17, RAYPy_Simulation_bessy2hi_56m_PGM_2Perc_coupling_errors_off_FLUX/round_8/78_bessy2hi_56m_PGM_2Perc_coupling_errors_off_FLUX.rml
2025-02-07 23:05:03,457 - INFO - Completed: 44, remaining: 16, RAYPy_Simulation_bessy2hi_56m_PGM_2Perc_coupling_errors_off_FLUX/round_8/77_bessy2hi_56m_PGM_2Perc_coupling_errors_off_FLUX.rml
2025-02-07 23:05:09,948 - INFO - Completed: 45, remaining: 15, RAYPy_Simulation_bessy2hi_56m_PGM_2Perc_coupling_errors_off_FLUX/round_8/80_bessy2hi_56m_PGM_2Perc_coupling_errors_off_FLUX.rml
2025-02-07 23:05:12,239 - INFO - Completed: 46, remaining: 14, RAYPy_Simulation_bessy2hi_56m_PGM_2Perc_coupling_errors_off_FLUX/round_8/81_bessy2hi_56m_PGM_2Perc_coupling_errors_off_FLUX.rml
2025-02-07 23:05:13,801 - INFO - Completed: 47, remaining: 13, RAYPy_Simulation_bessy2hi_56m_PGM_2Perc_coupling_errors_off_FLUX/round_8/82_bessy2hi_56m_PGM_2Perc_coupling_errors_off_FLUX.rml
2025-02-07 23:05:14,695 - INFO - Completed: 48, remaining: 12, RAYPy_Simulation_bessy2hi_56m_PGM_2Perc_coupling_errors_off_FLUX/round_8/83_bessy2hi_56m_PGM_2Perc_coupling_errors_off_FLUX.rml
2025-02-07 23:05:15,443 - INFO - Completed: 49, remaining: 11, RAYPy_Simulation_bessy2hi_56m_PGM_2Perc_coupling_errors_off_FLUX/round_8/84_bessy2hi_56m_PGM_2Perc_coupling_errors_off_FLUX.rml
2025-02-07 23:05:15,573 - INFO - Completed: 50, remaining: 10, RAYPy_Simulation_bessy2hi_56m_PGM_2Perc_coupling_errors_off_FLUX/round_8/85_bessy2hi_56m_PGM_2Perc_coupling_errors_off_FLUX.rml
2025-02-07 23:05:16,441 - INFO - Completed: 51, remaining: 9, RAYPy_Simulation_bessy2hi_56m_PGM_2Perc_coupling_errors_off_FLUX/round_8/86_bessy2hi_56m_PGM_2Perc_coupling_errors_off_FLUX.rml
2025-02-07 23:05:16,749 - INFO - Completed: 52, remaining: 8, RAYPy_Simulation_bessy2hi_56m_PGM_2Perc_coupling_errors_off_FLUX/round_8/88_bessy2hi_56m_PGM_2Perc_coupling_errors_off_FLUX.rml
2025-02-07 23:05:16,889 - INFO - Completed: 53, remaining: 7, RAYPy_Simulation_bessy2hi_56m_PGM_2Perc_coupling_errors_off_FLUX/round_8/87_bessy2hi_56m_PGM_2Perc_coupling_errors_off_FLUX.rml
2025-02-07 23:05:16,986 - INFO - Completed: 54, remaining: 6, RAYPy_Simulation_bessy2hi_56m_PGM_2Perc_coupling_errors_off_FLUX/round_8/89_bessy2hi_56m_PGM_2Perc_coupling_errors_off_FLUX.rml
2025-02-07 23:05:17,160 - INFO - Completed: 55, remaining: 5, RAYPy_Simulation_bessy2hi_56m_PGM_2Perc_coupling_errors_off_FLUX/round_8/90_bessy2hi_56m_PGM_2Perc_coupling_errors_off_FLUX.rml
2025-02-07 23:05:20,279 - INFO - Completed: 56, remaining: 4, RAYPy_Simulation_bessy2hi_56m_PGM_2Perc_coupling_errors_off_FLUX/round_8/91_bessy2hi_56m_PGM_2Perc_coupling_errors_off_FLUX.rml
2025-02-07 23:05:21,204 - INFO - Completed: 57, remaining: 3, RAYPy_Simulation_bessy2hi_56m_PGM_2Perc_coupling_errors_off_FLUX/round_8/92_bessy2hi_56m_PGM_2Perc_coupling_errors_off_FLUX.rml
2025-02-07 23:05:21,957 - INFO - Completed: 58, remaining: 2, RAYPy_Simulation_bessy2hi_56m_PGM_2Perc_coupling_errors_off_FLUX/round_8/93_bessy2hi_56m_PGM_2Perc_coupling_errors_off_FLUX.rml
2025-02-07 23:05:22,252 - INFO - Completed: 59, remaining: 1, RAYPy_Simulation_bessy2hi_56m_PGM_2Perc_coupling_errors_off_FLUX/round_8/94_bessy2hi_56m_PGM_2Perc_coupling_errors_off_FLUX.rml
2025-02-07 23:05:22,541 - INFO - Completed: 60, remaining: 0, RAYPy_Simulation_bessy2hi_56m_PGM_2Perc_coupling_errors_off_FLUX/round_8/95_bessy2hi_56m_PGM_2Perc_coupling_errors_off_FLUX.rml
2025-02-07 23:05:22,541 - INFO - Batch Completed
2025-02-07 23:05:22,541 - INFO - Waiting For batch, 60 simulations to go
2025-02-07 23:05:22,546 - INFO - Prepared sim number: 96: RAYPy_Simulation_bessy2hi_56m_PGM_2Perc_coupling_errors_off_FLUX/round_8/96_bessy2hi_56m_PGM_2Perc_coupling_errors_off_FLUX.rml
2025-02-07 23:05:22,551 - INFO - Prepared sim number: 97: RAYPy_Simulation_bessy2hi_56m_PGM_2Perc_coupling_errors_off_FLUX/round_8/97_bessy2hi_56m_PGM_2Perc_coupling_errors_off_FLUX.rml
2025-02-07 23:05:22,560 - INFO - Prepared sim number: 98: RAYPy_Simulation_bessy2hi_56m_PGM_2Perc_coupling_errors_off_FLUX/round_8/98_bessy2hi_56m_PGM_2Perc_coupling_errors_off_FLUX.rml
2025-02-07 23:05:22,565 - INFO - Prepared sim number: 99: RAYPy_Simulation_bessy2hi_56m_PGM_2Perc_coupling_errors_off_FLUX/round_8/99_bessy2hi_56m_PGM_2Perc_coupling_errors_off_FLUX.rml
2025-02-07 23:05:22,570 - INFO - Prepared sim number: 100: RAYPy_Simulation_bessy2hi_56m_PGM_2Perc_coupling_errors_off_FLUX/round_8/100_bessy2hi_56m_PGM_2Perc_coupling_errors_off_FLUX.rml
2025-02-07 23:05:22,575 - INFO - Prepared sim number: 101: RAYPy_Simulation_bessy2hi_56m_PGM_2Perc_coupling_errors_off_FLUX/round_8/101_bessy2hi_56m_PGM_2Perc_coupling_errors_off_FLUX.rml
2025-02-07 23:05:22,579 - INFO - Prepared sim number: 102: RAYPy_Simulation_bessy2hi_56m_PGM_2Perc_coupling_errors_off_FLUX/round_8/102_bessy2hi_56m_PGM_2Perc_coupling_errors_off_FLUX.rml
2025-02-07 23:05:22,584 - INFO - Prepared sim number: 103: RAYPy_Simulation_bessy2hi_56m_PGM_2Perc_coupling_errors_off_FLUX/round_8/103_bessy2hi_56m_PGM_2Perc_coupling_errors_off_FLUX.rml
2025-02-07 23:05:22,593 - INFO - Prepared sim number: 104: RAYPy_Simulation_bessy2hi_56m_PGM_2Perc_coupling_errors_off_FLUX/round_8/104_bessy2hi_56m_PGM_2Perc_coupling_errors_off_FLUX.rml
2025-02-07 23:05:22,598 - INFO - Prepared sim number: 105: RAYPy_Simulation_bessy2hi_56m_PGM_2Perc_coupling_errors_off_FLUX/round_8/105_bessy2hi_56m_PGM_2Perc_coupling_errors_off_FLUX.rml
2025-02-07 23:05:22,603 - INFO - Prepared sim number: 106: RAYPy_Simulation_bessy2hi_56m_PGM_2Perc_coupling_errors_off_FLUX/round_8/106_bessy2hi_56m_PGM_2Perc_coupling_errors_off_FLUX.rml
2025-02-07 23:05:22,608 - INFO - Prepared sim number: 107: RAYPy_Simulation_bessy2hi_56m_PGM_2Perc_coupling_errors_off_FLUX/round_8/107_bessy2hi_56m_PGM_2Perc_coupling_errors_off_FLUX.rml
2025-02-07 23:05:22,613 - INFO - Prepared sim number: 108: RAYPy_Simulation_bessy2hi_56m_PGM_2Perc_coupling_errors_off_FLUX/round_8/108_bessy2hi_56m_PGM_2Perc_coupling_errors_off_FLUX.rml
2025-02-07 23:05:22,618 - INFO - Prepared sim number: 109: RAYPy_Simulation_bessy2hi_56m_PGM_2Perc_coupling_errors_off_FLUX/round_8/109_bessy2hi_56m_PGM_2Perc_coupling_errors_off_FLUX.rml
2025-02-07 23:05:22,622 - INFO - Prepared sim number: 110: RAYPy_Simulation_bessy2hi_56m_PGM_2Perc_coupling_errors_off_FLUX/round_8/110_bessy2hi_56m_PGM_2Perc_coupling_errors_off_FLUX.rml
2025-02-07 23:05:22,627 - INFO - Prepared sim number: 111: RAYPy_Simulation_bessy2hi_56m_PGM_2Perc_coupling_errors_off_FLUX/round_8/111_bessy2hi_56m_PGM_2Perc_coupling_errors_off_FLUX.rml
2025-02-07 23:05:22,631 - INFO - Prepared sim number: 112: RAYPy_Simulation_bessy2hi_56m_PGM_2Perc_coupling_errors_off_FLUX/round_8/112_bessy2hi_56m_PGM_2Perc_coupling_errors_off_FLUX.rml
2025-02-07 23:05:22,636 - INFO - Prepared sim number: 113: RAYPy_Simulation_bessy2hi_56m_PGM_2Perc_coupling_errors_off_FLUX/round_8/113_bessy2hi_56m_PGM_2Perc_coupling_errors_off_FLUX.rml
2025-02-07 23:05:22,641 - INFO - Prepared sim number: 114: RAYPy_Simulation_bessy2hi_56m_PGM_2Perc_coupling_errors_off_FLUX/round_8/114_bessy2hi_56m_PGM_2Perc_coupling_errors_off_FLUX.rml
2025-02-07 23:05:22,646 - INFO - Prepared sim number: 115: RAYPy_Simulation_bessy2hi_56m_PGM_2Perc_coupling_errors_off_FLUX/round_8/115_bessy2hi_56m_PGM_2Perc_coupling_errors_off_FLUX.rml
2025-02-07 23:05:22,651 - INFO - Prepared sim number: 116: RAYPy_Simulation_bessy2hi_56m_PGM_2Perc_coupling_errors_off_FLUX/round_8/116_bessy2hi_56m_PGM_2Perc_coupling_errors_off_FLUX.rml
2025-02-07 23:05:22,655 - INFO - Prepared sim number: 117: RAYPy_Simulation_bessy2hi_56m_PGM_2Perc_coupling_errors_off_FLUX/round_8/117_bessy2hi_56m_PGM_2Perc_coupling_errors_off_FLUX.rml
2025-02-07 23:05:22,660 - INFO - Prepared sim number: 118: RAYPy_Simulation_bessy2hi_56m_PGM_2Perc_coupling_errors_off_FLUX/round_8/118_bessy2hi_56m_PGM_2Perc_coupling_errors_off_FLUX.rml
2025-02-07 23:05:22,665 - INFO - Prepared sim number: 119: RAYPy_Simulation_bessy2hi_56m_PGM_2Perc_coupling_errors_off_FLUX/round_8/119_bessy2hi_56m_PGM_2Perc_coupling_errors_off_FLUX.rml
2025-02-07 23:05:22,670 - INFO - Prepared sim number: 120: RAYPy_Simulation_bessy2hi_56m_PGM_2Perc_coupling_errors_off_FLUX/round_8/120_bessy2hi_56m_PGM_2Perc_coupling_errors_off_FLUX.rml
2025-02-07 23:05:22,676 - INFO - Prepared sim number: 121: RAYPy_Simulation_bessy2hi_56m_PGM_2Perc_coupling_errors_off_FLUX/round_8/121_bessy2hi_56m_PGM_2Perc_coupling_errors_off_FLUX.rml
2025-02-07 23:05:22,680 - INFO - Prepared sim number: 122: RAYPy_Simulation_bessy2hi_56m_PGM_2Perc_coupling_errors_off_FLUX/round_8/122_bessy2hi_56m_PGM_2Perc_coupling_errors_off_FLUX.rml
2025-02-07 23:05:22,681 - INFO - Start round 9
2025-02-07 23:05:22,685 - INFO - Prepared sim number: 0: RAYPy_Simulation_bessy2hi_56m_PGM_2Perc_coupling_errors_off_FLUX/round_9/0_bessy2hi_56m_PGM_2Perc_coupling_errors_off_FLUX.rml
2025-02-07 23:05:22,690 - INFO - Prepared sim number: 1: RAYPy_Simulation_bessy2hi_56m_PGM_2Perc_coupling_errors_off_FLUX/round_9/1_bessy2hi_56m_PGM_2Perc_coupling_errors_off_FLUX.rml
2025-02-07 23:05:22,694 - INFO - Prepared sim number: 2: RAYPy_Simulation_bessy2hi_56m_PGM_2Perc_coupling_errors_off_FLUX/round_9/2_bessy2hi_56m_PGM_2Perc_coupling_errors_off_FLUX.rml
2025-02-07 23:05:22,699 - INFO - Prepared sim number: 3: RAYPy_Simulation_bessy2hi_56m_PGM_2Perc_coupling_errors_off_FLUX/round_9/3_bessy2hi_56m_PGM_2Perc_coupling_errors_off_FLUX.rml
2025-02-07 23:05:22,703 - INFO - Prepared sim number: 4: RAYPy_Simulation_bessy2hi_56m_PGM_2Perc_coupling_errors_off_FLUX/round_9/4_bessy2hi_56m_PGM_2Perc_coupling_errors_off_FLUX.rml
2025-02-07 23:05:22,707 - INFO - Prepared sim number: 5: RAYPy_Simulation_bessy2hi_56m_PGM_2Perc_coupling_errors_off_FLUX/round_9/5_bessy2hi_56m_PGM_2Perc_coupling_errors_off_FLUX.rml
2025-02-07 23:05:22,711 - INFO - Prepared sim number: 6: RAYPy_Simulation_bessy2hi_56m_PGM_2Perc_coupling_errors_off_FLUX/round_9/6_bessy2hi_56m_PGM_2Perc_coupling_errors_off_FLUX.rml
2025-02-07 23:05:22,716 - INFO - Prepared sim number: 7: RAYPy_Simulation_bessy2hi_56m_PGM_2Perc_coupling_errors_off_FLUX/round_9/7_bessy2hi_56m_PGM_2Perc_coupling_errors_off_FLUX.rml
2025-02-07 23:05:22,720 - INFO - Prepared sim number: 8: RAYPy_Simulation_bessy2hi_56m_PGM_2Perc_coupling_errors_off_FLUX/round_9/8_bessy2hi_56m_PGM_2Perc_coupling_errors_off_FLUX.rml
2025-02-07 23:05:22,725 - INFO - Prepared sim number: 9: RAYPy_Simulation_bessy2hi_56m_PGM_2Perc_coupling_errors_off_FLUX/round_9/9_bessy2hi_56m_PGM_2Perc_coupling_errors_off_FLUX.rml
2025-02-07 23:05:22,729 - INFO - Prepared sim number: 10: RAYPy_Simulation_bessy2hi_56m_PGM_2Perc_coupling_errors_off_FLUX/round_9/10_bessy2hi_56m_PGM_2Perc_coupling_errors_off_FLUX.rml
2025-02-07 23:05:22,733 - INFO - Prepared sim number: 11: RAYPy_Simulation_bessy2hi_56m_PGM_2Perc_coupling_errors_off_FLUX/round_9/11_bessy2hi_56m_PGM_2Perc_coupling_errors_off_FLUX.rml
2025-02-07 23:05:22,738 - INFO - Prepared sim number: 12: RAYPy_Simulation_bessy2hi_56m_PGM_2Perc_coupling_errors_off_FLUX/round_9/12_bessy2hi_56m_PGM_2Perc_coupling_errors_off_FLUX.rml
2025-02-07 23:05:22,743 - INFO - Prepared sim number: 13: RAYPy_Simulation_bessy2hi_56m_PGM_2Perc_coupling_errors_off_FLUX/round_9/13_bessy2hi_56m_PGM_2Perc_coupling_errors_off_FLUX.rml
2025-02-07 23:05:22,748 - INFO - Prepared sim number: 14: RAYPy_Simulation_bessy2hi_56m_PGM_2Perc_coupling_errors_off_FLUX/round_9/14_bessy2hi_56m_PGM_2Perc_coupling_errors_off_FLUX.rml
2025-02-07 23:05:22,754 - INFO - Prepared sim number: 15: RAYPy_Simulation_bessy2hi_56m_PGM_2Perc_coupling_errors_off_FLUX/round_9/15_bessy2hi_56m_PGM_2Perc_coupling_errors_off_FLUX.rml
2025-02-07 23:05:22,760 - INFO - Prepared sim number: 16: RAYPy_Simulation_bessy2hi_56m_PGM_2Perc_coupling_errors_off_FLUX/round_9/16_bessy2hi_56m_PGM_2Perc_coupling_errors_off_FLUX.rml
2025-02-07 23:05:22,766 - INFO - Prepared sim number: 17: RAYPy_Simulation_bessy2hi_56m_PGM_2Perc_coupling_errors_off_FLUX/round_9/17_bessy2hi_56m_PGM_2Perc_coupling_errors_off_FLUX.rml
2025-02-07 23:05:22,772 - INFO - Prepared sim number: 18: RAYPy_Simulation_bessy2hi_56m_PGM_2Perc_coupling_errors_off_FLUX/round_9/18_bessy2hi_56m_PGM_2Perc_coupling_errors_off_FLUX.rml
2025-02-07 23:05:22,776 - INFO - Prepared sim number: 19: RAYPy_Simulation_bessy2hi_56m_PGM_2Perc_coupling_errors_off_FLUX/round_9/19_bessy2hi_56m_PGM_2Perc_coupling_errors_off_FLUX.rml
2025-02-07 23:05:22,782 - INFO - Prepared sim number: 20: RAYPy_Simulation_bessy2hi_56m_PGM_2Perc_coupling_errors_off_FLUX/round_9/20_bessy2hi_56m_PGM_2Perc_coupling_errors_off_FLUX.rml
2025-02-07 23:05:22,786 - INFO - Prepared sim number: 21: RAYPy_Simulation_bessy2hi_56m_PGM_2Perc_coupling_errors_off_FLUX/round_9/21_bessy2hi_56m_PGM_2Perc_coupling_errors_off_FLUX.rml
2025-02-07 23:05:22,790 - INFO - Prepared sim number: 22: RAYPy_Simulation_bessy2hi_56m_PGM_2Perc_coupling_errors_off_FLUX/round_9/22_bessy2hi_56m_PGM_2Perc_coupling_errors_off_FLUX.rml
2025-02-07 23:05:22,795 - INFO - Prepared sim number: 23: RAYPy_Simulation_bessy2hi_56m_PGM_2Perc_coupling_errors_off_FLUX/round_9/23_bessy2hi_56m_PGM_2Perc_coupling_errors_off_FLUX.rml
2025-02-07 23:05:22,799 - INFO - Prepared sim number: 24: RAYPy_Simulation_bessy2hi_56m_PGM_2Perc_coupling_errors_off_FLUX/round_9/24_bessy2hi_56m_PGM_2Perc_coupling_errors_off_FLUX.rml
2025-02-07 23:05:22,803 - INFO - Prepared sim number: 25: RAYPy_Simulation_bessy2hi_56m_PGM_2Perc_coupling_errors_off_FLUX/round_9/25_bessy2hi_56m_PGM_2Perc_coupling_errors_off_FLUX.rml
2025-02-07 23:05:22,807 - INFO - Prepared sim number: 26: RAYPy_Simulation_bessy2hi_56m_PGM_2Perc_coupling_errors_off_FLUX/round_9/26_bessy2hi_56m_PGM_2Perc_coupling_errors_off_FLUX.rml
2025-02-07 23:05:22,811 - INFO - Prepared sim number: 27: RAYPy_Simulation_bessy2hi_56m_PGM_2Perc_coupling_errors_off_FLUX/round_9/27_bessy2hi_56m_PGM_2Perc_coupling_errors_off_FLUX.rml
2025-02-07 23:05:22,815 - INFO - Prepared sim number: 28: RAYPy_Simulation_bessy2hi_56m_PGM_2Perc_coupling_errors_off_FLUX/round_9/28_bessy2hi_56m_PGM_2Perc_coupling_errors_off_FLUX.rml
2025-02-07 23:05:22,819 - INFO - Prepared sim number: 29: RAYPy_Simulation_bessy2hi_56m_PGM_2Perc_coupling_errors_off_FLUX/round_9/29_bessy2hi_56m_PGM_2Perc_coupling_errors_off_FLUX.rml
2025-02-07 23:05:22,823 - INFO - Prepared sim number: 30: RAYPy_Simulation_bessy2hi_56m_PGM_2Perc_coupling_errors_off_FLUX/round_9/30_bessy2hi_56m_PGM_2Perc_coupling_errors_off_FLUX.rml
2025-02-07 23:05:22,828 - INFO - Prepared sim number: 31: RAYPy_Simulation_bessy2hi_56m_PGM_2Perc_coupling_errors_off_FLUX/round_9/31_bessy2hi_56m_PGM_2Perc_coupling_errors_off_FLUX.rml
2025-02-07 23:05:22,833 - INFO - Prepared sim number: 32: RAYPy_Simulation_bessy2hi_56m_PGM_2Perc_coupling_errors_off_FLUX/round_9/32_bessy2hi_56m_PGM_2Perc_coupling_errors_off_FLUX.rml
2025-02-07 23:05:22,834 - INFO - Waiting for batch number: 18, timeout: 84.94651222364467s
2025-02-07 23:05:36,148 - INFO - Completed: 1, remaining: 59, RAYPy_Simulation_bessy2hi_56m_PGM_2Perc_coupling_errors_off_FLUX/round_8/101_bessy2hi_56m_PGM_2Perc_coupling_errors_off_FLUX.rml
2025-02-07 23:05:36,159 - INFO - Completed: 2, remaining: 58, RAYPy_Simulation_bessy2hi_56m_PGM_2Perc_coupling_errors_off_FLUX/round_8/99_bessy2hi_56m_PGM_2Perc_coupling_errors_off_FLUX.rml
2025-02-07 23:05:36,221 - INFO - Completed: 3, remaining: 57, RAYPy_Simulation_bessy2hi_56m_PGM_2Perc_coupling_errors_off_FLUX/round_8/100_bessy2hi_56m_PGM_2Perc_coupling_errors_off_FLUX.rml
2025-02-07 23:05:36,340 - INFO - Completed: 4, remaining: 56, RAYPy_Simulation_bessy2hi_56m_PGM_2Perc_coupling_errors_off_FLUX/round_8/103_bessy2hi_56m_PGM_2Perc_coupling_errors_off_FLUX.rml
2025-02-07 23:05:36,363 - INFO - Completed: 5, remaining: 55, RAYPy_Simulation_bessy2hi_56m_PGM_2Perc_coupling_errors_off_FLUX/round_8/97_bessy2hi_56m_PGM_2Perc_coupling_errors_off_FLUX.rml
2025-02-07 23:05:36,376 - INFO - Completed: 6, remaining: 54, RAYPy_Simulation_bessy2hi_56m_PGM_2Perc_coupling_errors_off_FLUX/round_8/105_bessy2hi_56m_PGM_2Perc_coupling_errors_off_FLUX.rml
2025-02-07 23:05:36,634 - INFO - Completed: 7, remaining: 53, RAYPy_Simulation_bessy2hi_56m_PGM_2Perc_coupling_errors_off_FLUX/round_8/106_bessy2hi_56m_PGM_2Perc_coupling_errors_off_FLUX.rml
2025-02-07 23:05:38,050 - INFO - Completed: 8, remaining: 52, RAYPy_Simulation_bessy2hi_56m_PGM_2Perc_coupling_errors_off_FLUX/round_8/98_bessy2hi_56m_PGM_2Perc_coupling_errors_off_FLUX.rml
2025-02-07 23:05:38,090 - INFO - Completed: 9, remaining: 51, RAYPy_Simulation_bessy2hi_56m_PGM_2Perc_coupling_errors_off_FLUX/round_8/96_bessy2hi_56m_PGM_2Perc_coupling_errors_off_FLUX.rml
2025-02-07 23:05:38,194 - INFO - Completed: 10, remaining: 50, RAYPy_Simulation_bessy2hi_56m_PGM_2Perc_coupling_errors_off_FLUX/round_8/102_bessy2hi_56m_PGM_2Perc_coupling_errors_off_FLUX.rml
2025-02-07 23:05:39,100 - INFO - Completed: 11, remaining: 49, RAYPy_Simulation_bessy2hi_56m_PGM_2Perc_coupling_errors_off_FLUX/round_8/104_bessy2hi_56m_PGM_2Perc_coupling_errors_off_FLUX.rml
2025-02-07 23:05:49,872 - INFO - Completed: 12, remaining: 48, RAYPy_Simulation_bessy2hi_56m_PGM_2Perc_coupling_errors_off_FLUX/round_8/108_bessy2hi_56m_PGM_2Perc_coupling_errors_off_FLUX.rml
2025-02-07 23:05:50,155 - INFO - Completed: 13, remaining: 47, RAYPy_Simulation_bessy2hi_56m_PGM_2Perc_coupling_errors_off_FLUX/round_8/111_bessy2hi_56m_PGM_2Perc_coupling_errors_off_FLUX.rml
2025-02-07 23:05:50,178 - INFO - Completed: 14, remaining: 46, RAYPy_Simulation_bessy2hi_56m_PGM_2Perc_coupling_errors_off_FLUX/round_8/109_bessy2hi_56m_PGM_2Perc_coupling_errors_off_FLUX.rml
2025-02-07 23:05:50,212 - INFO - Completed: 15, remaining: 45, RAYPy_Simulation_bessy2hi_56m_PGM_2Perc_coupling_errors_off_FLUX/round_8/110_bessy2hi_56m_PGM_2Perc_coupling_errors_off_FLUX.rml
2025-02-07 23:05:50,457 - INFO - Completed: 16, remaining: 44, RAYPy_Simulation_bessy2hi_56m_PGM_2Perc_coupling_errors_off_FLUX/round_8/112_bessy2hi_56m_PGM_2Perc_coupling_errors_off_FLUX.rml
2025-02-07 23:05:50,702 - INFO - Completed: 17, remaining: 43, RAYPy_Simulation_bessy2hi_56m_PGM_2Perc_coupling_errors_off_FLUX/round_8/107_bessy2hi_56m_PGM_2Perc_coupling_errors_off_FLUX.rml
2025-02-07 23:05:50,767 - INFO - Completed: 18, remaining: 42, RAYPy_Simulation_bessy2hi_56m_PGM_2Perc_coupling_errors_off_FLUX/round_8/113_bessy2hi_56m_PGM_2Perc_coupling_errors_off_FLUX.rml
2025-02-07 23:05:51,913 - INFO - Completed: 19, remaining: 41, RAYPy_Simulation_bessy2hi_56m_PGM_2Perc_coupling_errors_off_FLUX/round_8/114_bessy2hi_56m_PGM_2Perc_coupling_errors_off_FLUX.rml
2025-02-07 23:05:51,966 - INFO - Completed: 20, remaining: 40, RAYPy_Simulation_bessy2hi_56m_PGM_2Perc_coupling_errors_off_FLUX/round_8/116_bessy2hi_56m_PGM_2Perc_coupling_errors_off_FLUX.rml
2025-02-07 23:05:52,301 - INFO - Completed: 21, remaining: 39, RAYPy_Simulation_bessy2hi_56m_PGM_2Perc_coupling_errors_off_FLUX/round_8/117_bessy2hi_56m_PGM_2Perc_coupling_errors_off_FLUX.rml
2025-02-07 23:05:52,499 - INFO - Completed: 22, remaining: 38, RAYPy_Simulation_bessy2hi_56m_PGM_2Perc_coupling_errors_off_FLUX/round_8/115_bessy2hi_56m_PGM_2Perc_coupling_errors_off_FLUX.rml
2025-02-07 23:06:03,577 - INFO - Completed: 23, remaining: 37, RAYPy_Simulation_bessy2hi_56m_PGM_2Perc_coupling_errors_off_FLUX/round_8/118_bessy2hi_56m_PGM_2Perc_coupling_errors_off_FLUX.rml
2025-02-07 23:06:03,782 - INFO - Completed: 24, remaining: 36, RAYPy_Simulation_bessy2hi_56m_PGM_2Perc_coupling_errors_off_FLUX/round_8/119_bessy2hi_56m_PGM_2Perc_coupling_errors_off_FLUX.rml
2025-02-07 23:06:04,272 - INFO - Completed: 25, remaining: 35, RAYPy_Simulation_bessy2hi_56m_PGM_2Perc_coupling_errors_off_FLUX/round_8/120_bessy2hi_56m_PGM_2Perc_coupling_errors_off_FLUX.rml
2025-02-07 23:06:04,391 - INFO - Completed: 26, remaining: 34, RAYPy_Simulation_bessy2hi_56m_PGM_2Perc_coupling_errors_off_FLUX/round_8/122_bessy2hi_56m_PGM_2Perc_coupling_errors_off_FLUX.rml
2025-02-07 23:06:04,855 - INFO - Completed: 27, remaining: 33, RAYPy_Simulation_bessy2hi_56m_PGM_2Perc_coupling_errors_off_FLUX/round_9/0_bessy2hi_56m_PGM_2Perc_coupling_errors_off_FLUX.rml
2025-02-07 23:06:04,931 - INFO - Completed: 28, remaining: 32, RAYPy_Simulation_bessy2hi_56m_PGM_2Perc_coupling_errors_off_FLUX/round_9/1_bessy2hi_56m_PGM_2Perc_coupling_errors_off_FLUX.rml
2025-02-07 23:06:05,561 - INFO - Completed: 29, remaining: 31, RAYPy_Simulation_bessy2hi_56m_PGM_2Perc_coupling_errors_off_FLUX/round_8/121_bessy2hi_56m_PGM_2Perc_coupling_errors_off_FLUX.rml
2025-02-07 23:06:06,016 - INFO - Completed: 30, remaining: 30, RAYPy_Simulation_bessy2hi_56m_PGM_2Perc_coupling_errors_off_FLUX/round_9/2_bessy2hi_56m_PGM_2Perc_coupling_errors_off_FLUX.rml
2025-02-07 23:06:06,142 - INFO - Completed: 31, remaining: 29, RAYPy_Simulation_bessy2hi_56m_PGM_2Perc_coupling_errors_off_FLUX/round_9/3_bessy2hi_56m_PGM_2Perc_coupling_errors_off_FLUX.rml
2025-02-07 23:06:06,385 - INFO - Completed: 32, remaining: 28, RAYPy_Simulation_bessy2hi_56m_PGM_2Perc_coupling_errors_off_FLUX/round_9/5_bessy2hi_56m_PGM_2Perc_coupling_errors_off_FLUX.rml
2025-02-07 23:06:06,485 - INFO - Completed: 33, remaining: 27, RAYPy_Simulation_bessy2hi_56m_PGM_2Perc_coupling_errors_off_FLUX/round_9/4_bessy2hi_56m_PGM_2Perc_coupling_errors_off_FLUX.rml
2025-02-07 23:06:17,201 - INFO - Completed: 34, remaining: 26, RAYPy_Simulation_bessy2hi_56m_PGM_2Perc_coupling_errors_off_FLUX/round_9/7_bessy2hi_56m_PGM_2Perc_coupling_errors_off_FLUX.rml
2025-02-07 23:06:18,715 - INFO - Completed: 35, remaining: 25, RAYPy_Simulation_bessy2hi_56m_PGM_2Perc_coupling_errors_off_FLUX/round_9/8_bessy2hi_56m_PGM_2Perc_coupling_errors_off_FLUX.rml
2025-02-07 23:06:18,880 - INFO - Completed: 36, remaining: 24, RAYPy_Simulation_bessy2hi_56m_PGM_2Perc_coupling_errors_off_FLUX/round_9/9_bessy2hi_56m_PGM_2Perc_coupling_errors_off_FLUX.rml
2025-02-07 23:06:19,644 - INFO - Completed: 37, remaining: 23, RAYPy_Simulation_bessy2hi_56m_PGM_2Perc_coupling_errors_off_FLUX/round_9/10_bessy2hi_56m_PGM_2Perc_coupling_errors_off_FLUX.rml
2025-02-07 23:06:19,775 - INFO - Completed: 38, remaining: 22, RAYPy_Simulation_bessy2hi_56m_PGM_2Perc_coupling_errors_off_FLUX/round_9/6_bessy2hi_56m_PGM_2Perc_coupling_errors_off_FLUX.rml
2025-02-07 23:06:19,797 - INFO - Completed: 39, remaining: 21, RAYPy_Simulation_bessy2hi_56m_PGM_2Perc_coupling_errors_off_FLUX/round_9/11_bessy2hi_56m_PGM_2Perc_coupling_errors_off_FLUX.rml
2025-02-07 23:06:20,521 - INFO - Completed: 40, remaining: 20, RAYPy_Simulation_bessy2hi_56m_PGM_2Perc_coupling_errors_off_FLUX/round_9/12_bessy2hi_56m_PGM_2Perc_coupling_errors_off_FLUX.rml
2025-02-07 23:06:20,768 - INFO - Completed: 41, remaining: 19, RAYPy_Simulation_bessy2hi_56m_PGM_2Perc_coupling_errors_off_FLUX/round_9/14_bessy2hi_56m_PGM_2Perc_coupling_errors_off_FLUX.rml
2025-02-07 23:06:20,845 - INFO - Completed: 42, remaining: 18, RAYPy_Simulation_bessy2hi_56m_PGM_2Perc_coupling_errors_off_FLUX/round_9/15_bessy2hi_56m_PGM_2Perc_coupling_errors_off_FLUX.rml
2025-02-07 23:06:20,901 - INFO - Completed: 43, remaining: 17, RAYPy_Simulation_bessy2hi_56m_PGM_2Perc_coupling_errors_off_FLUX/round_9/13_bessy2hi_56m_PGM_2Perc_coupling_errors_off_FLUX.rml
2025-02-07 23:06:21,086 - INFO - Completed: 44, remaining: 16, RAYPy_Simulation_bessy2hi_56m_PGM_2Perc_coupling_errors_off_FLUX/round_9/16_bessy2hi_56m_PGM_2Perc_coupling_errors_off_FLUX.rml
2025-02-07 23:06:29,406 - INFO - Completed: 45, remaining: 15, RAYPy_Simulation_bessy2hi_56m_PGM_2Perc_coupling_errors_off_FLUX/round_9/17_bessy2hi_56m_PGM_2Perc_coupling_errors_off_FLUX.rml
2025-02-07 23:06:32,541 - INFO - Completed: 46, remaining: 14, RAYPy_Simulation_bessy2hi_56m_PGM_2Perc_coupling_errors_off_FLUX/round_9/19_bessy2hi_56m_PGM_2Perc_coupling_errors_off_FLUX.rml
2025-02-07 23:06:32,734 - INFO - Completed: 47, remaining: 13, RAYPy_Simulation_bessy2hi_56m_PGM_2Perc_coupling_errors_off_FLUX/round_9/18_bessy2hi_56m_PGM_2Perc_coupling_errors_off_FLUX.rml
2025-02-07 23:06:33,828 - INFO - Completed: 48, remaining: 12, RAYPy_Simulation_bessy2hi_56m_PGM_2Perc_coupling_errors_off_FLUX/round_9/20_bessy2hi_56m_PGM_2Perc_coupling_errors_off_FLUX.rml
2025-02-07 23:06:34,014 - INFO - Completed: 49, remaining: 11, RAYPy_Simulation_bessy2hi_56m_PGM_2Perc_coupling_errors_off_FLUX/round_9/21_bessy2hi_56m_PGM_2Perc_coupling_errors_off_FLUX.rml
2025-02-07 23:06:34,288 - INFO - Completed: 50, remaining: 10, RAYPy_Simulation_bessy2hi_56m_PGM_2Perc_coupling_errors_off_FLUX/round_9/22_bessy2hi_56m_PGM_2Perc_coupling_errors_off_FLUX.rml
2025-02-07 23:06:34,952 - INFO - Completed: 51, remaining: 9, RAYPy_Simulation_bessy2hi_56m_PGM_2Perc_coupling_errors_off_FLUX/round_9/26_bessy2hi_56m_PGM_2Perc_coupling_errors_off_FLUX.rml
2025-02-07 23:06:35,149 - INFO - Completed: 52, remaining: 8, RAYPy_Simulation_bessy2hi_56m_PGM_2Perc_coupling_errors_off_FLUX/round_9/25_bessy2hi_56m_PGM_2Perc_coupling_errors_off_FLUX.rml
2025-02-07 23:06:35,279 - INFO - Completed: 53, remaining: 7, RAYPy_Simulation_bessy2hi_56m_PGM_2Perc_coupling_errors_off_FLUX/round_9/24_bessy2hi_56m_PGM_2Perc_coupling_errors_off_FLUX.rml
2025-02-07 23:06:35,447 - INFO - Completed: 54, remaining: 6, RAYPy_Simulation_bessy2hi_56m_PGM_2Perc_coupling_errors_off_FLUX/round_9/23_bessy2hi_56m_PGM_2Perc_coupling_errors_off_FLUX.rml
2025-02-07 23:06:35,823 - INFO - Completed: 55, remaining: 5, RAYPy_Simulation_bessy2hi_56m_PGM_2Perc_coupling_errors_off_FLUX/round_9/27_bessy2hi_56m_PGM_2Perc_coupling_errors_off_FLUX.rml
2025-02-07 23:06:39,277 - INFO - Completed: 56, remaining: 4, RAYPy_Simulation_bessy2hi_56m_PGM_2Perc_coupling_errors_off_FLUX/round_9/28_bessy2hi_56m_PGM_2Perc_coupling_errors_off_FLUX.rml
2025-02-07 23:06:40,569 - INFO - Completed: 57, remaining: 3, RAYPy_Simulation_bessy2hi_56m_PGM_2Perc_coupling_errors_off_FLUX/round_9/29_bessy2hi_56m_PGM_2Perc_coupling_errors_off_FLUX.rml
2025-02-07 23:06:41,069 - INFO - Completed: 58, remaining: 2, RAYPy_Simulation_bessy2hi_56m_PGM_2Perc_coupling_errors_off_FLUX/round_9/30_bessy2hi_56m_PGM_2Perc_coupling_errors_off_FLUX.rml
2025-02-07 23:06:41,436 - INFO - Completed: 59, remaining: 1, RAYPy_Simulation_bessy2hi_56m_PGM_2Perc_coupling_errors_off_FLUX/round_9/31_bessy2hi_56m_PGM_2Perc_coupling_errors_off_FLUX.rml
2025-02-07 23:06:41,596 - INFO - Completed: 60, remaining: 0, RAYPy_Simulation_bessy2hi_56m_PGM_2Perc_coupling_errors_off_FLUX/round_9/32_bessy2hi_56m_PGM_2Perc_coupling_errors_off_FLUX.rml
2025-02-07 23:06:41,596 - INFO - Batch Completed
2025-02-07 23:06:41,596 - INFO - Waiting For batch, 60 simulations to go
2025-02-07 23:06:41,601 - INFO - Prepared sim number: 33: RAYPy_Simulation_bessy2hi_56m_PGM_2Perc_coupling_errors_off_FLUX/round_9/33_bessy2hi_56m_PGM_2Perc_coupling_errors_off_FLUX.rml
2025-02-07 23:06:41,605 - INFO - Prepared sim number: 34: RAYPy_Simulation_bessy2hi_56m_PGM_2Perc_coupling_errors_off_FLUX/round_9/34_bessy2hi_56m_PGM_2Perc_coupling_errors_off_FLUX.rml
2025-02-07 23:06:41,614 - INFO - Prepared sim number: 35: RAYPy_Simulation_bessy2hi_56m_PGM_2Perc_coupling_errors_off_FLUX/round_9/35_bessy2hi_56m_PGM_2Perc_coupling_errors_off_FLUX.rml
2025-02-07 23:06:41,619 - INFO - Prepared sim number: 36: RAYPy_Simulation_bessy2hi_56m_PGM_2Perc_coupling_errors_off_FLUX/round_9/36_bessy2hi_56m_PGM_2Perc_coupling_errors_off_FLUX.rml
2025-02-07 23:06:41,624 - INFO - Prepared sim number: 37: RAYPy_Simulation_bessy2hi_56m_PGM_2Perc_coupling_errors_off_FLUX/round_9/37_bessy2hi_56m_PGM_2Perc_coupling_errors_off_FLUX.rml
2025-02-07 23:06:41,629 - INFO - Prepared sim number: 38: RAYPy_Simulation_bessy2hi_56m_PGM_2Perc_coupling_errors_off_FLUX/round_9/38_bessy2hi_56m_PGM_2Perc_coupling_errors_off_FLUX.rml
2025-02-07 23:06:41,634 - INFO - Prepared sim number: 39: RAYPy_Simulation_bessy2hi_56m_PGM_2Perc_coupling_errors_off_FLUX/round_9/39_bessy2hi_56m_PGM_2Perc_coupling_errors_off_FLUX.rml
2025-02-07 23:06:41,638 - INFO - Prepared sim number: 40: RAYPy_Simulation_bessy2hi_56m_PGM_2Perc_coupling_errors_off_FLUX/round_9/40_bessy2hi_56m_PGM_2Perc_coupling_errors_off_FLUX.rml
2025-02-07 23:06:41,647 - INFO - Prepared sim number: 41: RAYPy_Simulation_bessy2hi_56m_PGM_2Perc_coupling_errors_off_FLUX/round_9/41_bessy2hi_56m_PGM_2Perc_coupling_errors_off_FLUX.rml
2025-02-07 23:06:41,653 - INFO - Prepared sim number: 42: RAYPy_Simulation_bessy2hi_56m_PGM_2Perc_coupling_errors_off_FLUX/round_9/42_bessy2hi_56m_PGM_2Perc_coupling_errors_off_FLUX.rml
2025-02-07 23:06:41,658 - INFO - Prepared sim number: 43: RAYPy_Simulation_bessy2hi_56m_PGM_2Perc_coupling_errors_off_FLUX/round_9/43_bessy2hi_56m_PGM_2Perc_coupling_errors_off_FLUX.rml
2025-02-07 23:06:41,663 - INFO - Prepared sim number: 44: RAYPy_Simulation_bessy2hi_56m_PGM_2Perc_coupling_errors_off_FLUX/round_9/44_bessy2hi_56m_PGM_2Perc_coupling_errors_off_FLUX.rml
2025-02-07 23:06:41,668 - INFO - Prepared sim number: 45: RAYPy_Simulation_bessy2hi_56m_PGM_2Perc_coupling_errors_off_FLUX/round_9/45_bessy2hi_56m_PGM_2Perc_coupling_errors_off_FLUX.rml
2025-02-07 23:06:41,673 - INFO - Prepared sim number: 46: RAYPy_Simulation_bessy2hi_56m_PGM_2Perc_coupling_errors_off_FLUX/round_9/46_bessy2hi_56m_PGM_2Perc_coupling_errors_off_FLUX.rml
2025-02-07 23:06:41,678 - INFO - Prepared sim number: 47: RAYPy_Simulation_bessy2hi_56m_PGM_2Perc_coupling_errors_off_FLUX/round_9/47_bessy2hi_56m_PGM_2Perc_coupling_errors_off_FLUX.rml
2025-02-07 23:06:41,683 - INFO - Prepared sim number: 48: RAYPy_Simulation_bessy2hi_56m_PGM_2Perc_coupling_errors_off_FLUX/round_9/48_bessy2hi_56m_PGM_2Perc_coupling_errors_off_FLUX.rml
2025-02-07 23:06:41,687 - INFO - Prepared sim number: 49: RAYPy_Simulation_bessy2hi_56m_PGM_2Perc_coupling_errors_off_FLUX/round_9/49_bessy2hi_56m_PGM_2Perc_coupling_errors_off_FLUX.rml
2025-02-07 23:06:41,691 - INFO - Prepared sim number: 50: RAYPy_Simulation_bessy2hi_56m_PGM_2Perc_coupling_errors_off_FLUX/round_9/50_bessy2hi_56m_PGM_2Perc_coupling_errors_off_FLUX.rml
2025-02-07 23:06:41,695 - INFO - Prepared sim number: 51: RAYPy_Simulation_bessy2hi_56m_PGM_2Perc_coupling_errors_off_FLUX/round_9/51_bessy2hi_56m_PGM_2Perc_coupling_errors_off_FLUX.rml
2025-02-07 23:06:41,699 - INFO - Prepared sim number: 52: RAYPy_Simulation_bessy2hi_56m_PGM_2Perc_coupling_errors_off_FLUX/round_9/52_bessy2hi_56m_PGM_2Perc_coupling_errors_off_FLUX.rml
2025-02-07 23:06:41,703 - INFO - Prepared sim number: 53: RAYPy_Simulation_bessy2hi_56m_PGM_2Perc_coupling_errors_off_FLUX/round_9/53_bessy2hi_56m_PGM_2Perc_coupling_errors_off_FLUX.rml
2025-02-07 23:06:41,707 - INFO - Prepared sim number: 54: RAYPy_Simulation_bessy2hi_56m_PGM_2Perc_coupling_errors_off_FLUX/round_9/54_bessy2hi_56m_PGM_2Perc_coupling_errors_off_FLUX.rml
2025-02-07 23:06:41,711 - INFO - Prepared sim number: 55: RAYPy_Simulation_bessy2hi_56m_PGM_2Perc_coupling_errors_off_FLUX/round_9/55_bessy2hi_56m_PGM_2Perc_coupling_errors_off_FLUX.rml
2025-02-07 23:06:41,715 - INFO - Prepared sim number: 56: RAYPy_Simulation_bessy2hi_56m_PGM_2Perc_coupling_errors_off_FLUX/round_9/56_bessy2hi_56m_PGM_2Perc_coupling_errors_off_FLUX.rml
2025-02-07 23:06:41,720 - INFO - Prepared sim number: 57: RAYPy_Simulation_bessy2hi_56m_PGM_2Perc_coupling_errors_off_FLUX/round_9/57_bessy2hi_56m_PGM_2Perc_coupling_errors_off_FLUX.rml
2025-02-07 23:06:41,724 - INFO - Prepared sim number: 58: RAYPy_Simulation_bessy2hi_56m_PGM_2Perc_coupling_errors_off_FLUX/round_9/58_bessy2hi_56m_PGM_2Perc_coupling_errors_off_FLUX.rml
2025-02-07 23:06:41,728 - INFO - Prepared sim number: 59: RAYPy_Simulation_bessy2hi_56m_PGM_2Perc_coupling_errors_off_FLUX/round_9/59_bessy2hi_56m_PGM_2Perc_coupling_errors_off_FLUX.rml
2025-02-07 23:06:41,732 - INFO - Prepared sim number: 60: RAYPy_Simulation_bessy2hi_56m_PGM_2Perc_coupling_errors_off_FLUX/round_9/60_bessy2hi_56m_PGM_2Perc_coupling_errors_off_FLUX.rml
2025-02-07 23:06:41,735 - INFO - Prepared sim number: 61: RAYPy_Simulation_bessy2hi_56m_PGM_2Perc_coupling_errors_off_FLUX/round_9/61_bessy2hi_56m_PGM_2Perc_coupling_errors_off_FLUX.rml
2025-02-07 23:06:41,740 - INFO - Prepared sim number: 62: RAYPy_Simulation_bessy2hi_56m_PGM_2Perc_coupling_errors_off_FLUX/round_9/62_bessy2hi_56m_PGM_2Perc_coupling_errors_off_FLUX.rml
2025-02-07 23:06:41,744 - INFO - Prepared sim number: 63: RAYPy_Simulation_bessy2hi_56m_PGM_2Perc_coupling_errors_off_FLUX/round_9/63_bessy2hi_56m_PGM_2Perc_coupling_errors_off_FLUX.rml
2025-02-07 23:06:41,748 - INFO - Prepared sim number: 64: RAYPy_Simulation_bessy2hi_56m_PGM_2Perc_coupling_errors_off_FLUX/round_9/64_bessy2hi_56m_PGM_2Perc_coupling_errors_off_FLUX.rml
2025-02-07 23:06:41,755 - INFO - Prepared sim number: 65: RAYPy_Simulation_bessy2hi_56m_PGM_2Perc_coupling_errors_off_FLUX/round_9/65_bessy2hi_56m_PGM_2Perc_coupling_errors_off_FLUX.rml
2025-02-07 23:06:41,762 - INFO - Prepared sim number: 66: RAYPy_Simulation_bessy2hi_56m_PGM_2Perc_coupling_errors_off_FLUX/round_9/66_bessy2hi_56m_PGM_2Perc_coupling_errors_off_FLUX.rml
2025-02-07 23:06:41,767 - INFO - Prepared sim number: 67: RAYPy_Simulation_bessy2hi_56m_PGM_2Perc_coupling_errors_off_FLUX/round_9/67_bessy2hi_56m_PGM_2Perc_coupling_errors_off_FLUX.rml
2025-02-07 23:06:41,772 - INFO - Prepared sim number: 68: RAYPy_Simulation_bessy2hi_56m_PGM_2Perc_coupling_errors_off_FLUX/round_9/68_bessy2hi_56m_PGM_2Perc_coupling_errors_off_FLUX.rml
2025-02-07 23:06:41,778 - INFO - Prepared sim number: 69: RAYPy_Simulation_bessy2hi_56m_PGM_2Perc_coupling_errors_off_FLUX/round_9/69_bessy2hi_56m_PGM_2Perc_coupling_errors_off_FLUX.rml
2025-02-07 23:06:41,781 - INFO - Prepared sim number: 70: RAYPy_Simulation_bessy2hi_56m_PGM_2Perc_coupling_errors_off_FLUX/round_9/70_bessy2hi_56m_PGM_2Perc_coupling_errors_off_FLUX.rml
2025-02-07 23:06:41,785 - INFO - Prepared sim number: 71: RAYPy_Simulation_bessy2hi_56m_PGM_2Perc_coupling_errors_off_FLUX/round_9/71_bessy2hi_56m_PGM_2Perc_coupling_errors_off_FLUX.rml
2025-02-07 23:06:41,790 - INFO - Prepared sim number: 72: RAYPy_Simulation_bessy2hi_56m_PGM_2Perc_coupling_errors_off_FLUX/round_9/72_bessy2hi_56m_PGM_2Perc_coupling_errors_off_FLUX.rml
2025-02-07 23:06:41,794 - INFO - Prepared sim number: 73: RAYPy_Simulation_bessy2hi_56m_PGM_2Perc_coupling_errors_off_FLUX/round_9/73_bessy2hi_56m_PGM_2Perc_coupling_errors_off_FLUX.rml
2025-02-07 23:06:41,798 - INFO - Prepared sim number: 74: RAYPy_Simulation_bessy2hi_56m_PGM_2Perc_coupling_errors_off_FLUX/round_9/74_bessy2hi_56m_PGM_2Perc_coupling_errors_off_FLUX.rml
2025-02-07 23:06:41,802 - INFO - Prepared sim number: 75: RAYPy_Simulation_bessy2hi_56m_PGM_2Perc_coupling_errors_off_FLUX/round_9/75_bessy2hi_56m_PGM_2Perc_coupling_errors_off_FLUX.rml
2025-02-07 23:06:41,806 - INFO - Prepared sim number: 76: RAYPy_Simulation_bessy2hi_56m_PGM_2Perc_coupling_errors_off_FLUX/round_9/76_bessy2hi_56m_PGM_2Perc_coupling_errors_off_FLUX.rml
2025-02-07 23:06:41,810 - INFO - Prepared sim number: 77: RAYPy_Simulation_bessy2hi_56m_PGM_2Perc_coupling_errors_off_FLUX/round_9/77_bessy2hi_56m_PGM_2Perc_coupling_errors_off_FLUX.rml
2025-02-07 23:06:41,814 - INFO - Prepared sim number: 78: RAYPy_Simulation_bessy2hi_56m_PGM_2Perc_coupling_errors_off_FLUX/round_9/78_bessy2hi_56m_PGM_2Perc_coupling_errors_off_FLUX.rml
2025-02-07 23:06:41,819 - INFO - Prepared sim number: 79: RAYPy_Simulation_bessy2hi_56m_PGM_2Perc_coupling_errors_off_FLUX/round_9/79_bessy2hi_56m_PGM_2Perc_coupling_errors_off_FLUX.rml
2025-02-07 23:06:41,822 - INFO - Prepared sim number: 80: RAYPy_Simulation_bessy2hi_56m_PGM_2Perc_coupling_errors_off_FLUX/round_9/80_bessy2hi_56m_PGM_2Perc_coupling_errors_off_FLUX.rml
2025-02-07 23:06:41,826 - INFO - Prepared sim number: 81: RAYPy_Simulation_bessy2hi_56m_PGM_2Perc_coupling_errors_off_FLUX/round_9/81_bessy2hi_56m_PGM_2Perc_coupling_errors_off_FLUX.rml
2025-02-07 23:06:41,830 - INFO - Prepared sim number: 82: RAYPy_Simulation_bessy2hi_56m_PGM_2Perc_coupling_errors_off_FLUX/round_9/82_bessy2hi_56m_PGM_2Perc_coupling_errors_off_FLUX.rml
2025-02-07 23:06:41,834 - INFO - Prepared sim number: 83: RAYPy_Simulation_bessy2hi_56m_PGM_2Perc_coupling_errors_off_FLUX/round_9/83_bessy2hi_56m_PGM_2Perc_coupling_errors_off_FLUX.rml
2025-02-07 23:06:41,838 - INFO - Prepared sim number: 84: RAYPy_Simulation_bessy2hi_56m_PGM_2Perc_coupling_errors_off_FLUX/round_9/84_bessy2hi_56m_PGM_2Perc_coupling_errors_off_FLUX.rml
2025-02-07 23:06:41,842 - INFO - Prepared sim number: 85: RAYPy_Simulation_bessy2hi_56m_PGM_2Perc_coupling_errors_off_FLUX/round_9/85_bessy2hi_56m_PGM_2Perc_coupling_errors_off_FLUX.rml
2025-02-07 23:06:41,846 - INFO - Prepared sim number: 86: RAYPy_Simulation_bessy2hi_56m_PGM_2Perc_coupling_errors_off_FLUX/round_9/86_bessy2hi_56m_PGM_2Perc_coupling_errors_off_FLUX.rml
2025-02-07 23:06:41,850 - INFO - Prepared sim number: 87: RAYPy_Simulation_bessy2hi_56m_PGM_2Perc_coupling_errors_off_FLUX/round_9/87_bessy2hi_56m_PGM_2Perc_coupling_errors_off_FLUX.rml
2025-02-07 23:06:41,854 - INFO - Prepared sim number: 88: RAYPy_Simulation_bessy2hi_56m_PGM_2Perc_coupling_errors_off_FLUX/round_9/88_bessy2hi_56m_PGM_2Perc_coupling_errors_off_FLUX.rml
2025-02-07 23:06:41,860 - INFO - Prepared sim number: 89: RAYPy_Simulation_bessy2hi_56m_PGM_2Perc_coupling_errors_off_FLUX/round_9/89_bessy2hi_56m_PGM_2Perc_coupling_errors_off_FLUX.rml
2025-02-07 23:06:41,864 - INFO - Prepared sim number: 90: RAYPy_Simulation_bessy2hi_56m_PGM_2Perc_coupling_errors_off_FLUX/round_9/90_bessy2hi_56m_PGM_2Perc_coupling_errors_off_FLUX.rml
2025-02-07 23:06:41,868 - INFO - Prepared sim number: 91: RAYPy_Simulation_bessy2hi_56m_PGM_2Perc_coupling_errors_off_FLUX/round_9/91_bessy2hi_56m_PGM_2Perc_coupling_errors_off_FLUX.rml
2025-02-07 23:06:41,873 - INFO - Prepared sim number: 92: RAYPy_Simulation_bessy2hi_56m_PGM_2Perc_coupling_errors_off_FLUX/round_9/92_bessy2hi_56m_PGM_2Perc_coupling_errors_off_FLUX.rml
2025-02-07 23:06:41,873 - INFO - Waiting for batch number: 19, timeout: 84.80788871421609s
2025-02-07 23:06:54,929 - INFO - Completed: 1, remaining: 59, RAYPy_Simulation_bessy2hi_56m_PGM_2Perc_coupling_errors_off_FLUX/round_9/41_bessy2hi_56m_PGM_2Perc_coupling_errors_off_FLUX.rml
2025-02-07 23:06:55,363 - INFO - Completed: 2, remaining: 58, RAYPy_Simulation_bessy2hi_56m_PGM_2Perc_coupling_errors_off_FLUX/round_9/34_bessy2hi_56m_PGM_2Perc_coupling_errors_off_FLUX.rml
2025-02-07 23:06:55,456 - INFO - Completed: 3, remaining: 57, RAYPy_Simulation_bessy2hi_56m_PGM_2Perc_coupling_errors_off_FLUX/round_9/43_bessy2hi_56m_PGM_2Perc_coupling_errors_off_FLUX.rml
2025-02-07 23:06:55,667 - INFO - Completed: 4, remaining: 56, RAYPy_Simulation_bessy2hi_56m_PGM_2Perc_coupling_errors_off_FLUX/round_9/40_bessy2hi_56m_PGM_2Perc_coupling_errors_off_FLUX.rml
2025-02-07 23:06:55,685 - INFO - Completed: 5, remaining: 55, RAYPy_Simulation_bessy2hi_56m_PGM_2Perc_coupling_errors_off_FLUX/round_9/37_bessy2hi_56m_PGM_2Perc_coupling_errors_off_FLUX.rml
2025-02-07 23:06:56,055 - INFO - Completed: 6, remaining: 54, RAYPy_Simulation_bessy2hi_56m_PGM_2Perc_coupling_errors_off_FLUX/round_9/33_bessy2hi_56m_PGM_2Perc_coupling_errors_off_FLUX.rml
2025-02-07 23:06:57,523 - INFO - Completed: 7, remaining: 53, RAYPy_Simulation_bessy2hi_56m_PGM_2Perc_coupling_errors_off_FLUX/round_9/42_bessy2hi_56m_PGM_2Perc_coupling_errors_off_FLUX.rml
2025-02-07 23:06:57,689 - INFO - Completed: 8, remaining: 52, RAYPy_Simulation_bessy2hi_56m_PGM_2Perc_coupling_errors_off_FLUX/round_9/35_bessy2hi_56m_PGM_2Perc_coupling_errors_off_FLUX.rml
2025-02-07 23:06:57,837 - INFO - Completed: 9, remaining: 51, RAYPy_Simulation_bessy2hi_56m_PGM_2Perc_coupling_errors_off_FLUX/round_9/39_bessy2hi_56m_PGM_2Perc_coupling_errors_off_FLUX.rml
2025-02-07 23:06:57,899 - INFO - Completed: 10, remaining: 50, RAYPy_Simulation_bessy2hi_56m_PGM_2Perc_coupling_errors_off_FLUX/round_9/38_bessy2hi_56m_PGM_2Perc_coupling_errors_off_FLUX.rml
2025-02-07 23:06:57,940 - INFO - Completed: 11, remaining: 49, RAYPy_Simulation_bessy2hi_56m_PGM_2Perc_coupling_errors_off_FLUX/round_9/36_bessy2hi_56m_PGM_2Perc_coupling_errors_off_FLUX.rml
2025-02-07 23:07:08,106 - INFO - Completed: 12, remaining: 48, RAYPy_Simulation_bessy2hi_56m_PGM_2Perc_coupling_errors_off_FLUX/round_9/44_bessy2hi_56m_PGM_2Perc_coupling_errors_off_FLUX.rml
2025-02-07 23:07:08,226 - INFO - Completed: 13, remaining: 47, RAYPy_Simulation_bessy2hi_56m_PGM_2Perc_coupling_errors_off_FLUX/round_9/45_bessy2hi_56m_PGM_2Perc_coupling_errors_off_FLUX.rml
2025-02-07 23:07:08,911 - INFO - Completed: 14, remaining: 46, RAYPy_Simulation_bessy2hi_56m_PGM_2Perc_coupling_errors_off_FLUX/round_9/47_bessy2hi_56m_PGM_2Perc_coupling_errors_off_FLUX.rml
2025-02-07 23:07:09,074 - INFO - Completed: 15, remaining: 45, RAYPy_Simulation_bessy2hi_56m_PGM_2Perc_coupling_errors_off_FLUX/round_9/48_bessy2hi_56m_PGM_2Perc_coupling_errors_off_FLUX.rml
2025-02-07 23:07:09,543 - INFO - Completed: 16, remaining: 44, RAYPy_Simulation_bessy2hi_56m_PGM_2Perc_coupling_errors_off_FLUX/round_9/49_bessy2hi_56m_PGM_2Perc_coupling_errors_off_FLUX.rml
2025-02-07 23:07:10,230 - INFO - Completed: 17, remaining: 43, RAYPy_Simulation_bessy2hi_56m_PGM_2Perc_coupling_errors_off_FLUX/round_9/46_bessy2hi_56m_PGM_2Perc_coupling_errors_off_FLUX.rml
2025-02-07 23:07:11,223 - INFO - Completed: 18, remaining: 42, RAYPy_Simulation_bessy2hi_56m_PGM_2Perc_coupling_errors_off_FLUX/round_9/50_bessy2hi_56m_PGM_2Perc_coupling_errors_off_FLUX.rml
2025-02-07 23:07:11,346 - INFO - Completed: 19, remaining: 41, RAYPy_Simulation_bessy2hi_56m_PGM_2Perc_coupling_errors_off_FLUX/round_9/51_bessy2hi_56m_PGM_2Perc_coupling_errors_off_FLUX.rml
2025-02-07 23:07:11,491 - INFO - Completed: 20, remaining: 40, RAYPy_Simulation_bessy2hi_56m_PGM_2Perc_coupling_errors_off_FLUX/round_9/52_bessy2hi_56m_PGM_2Perc_coupling_errors_off_FLUX.rml
2025-02-07 23:07:11,666 - INFO - Completed: 21, remaining: 39, RAYPy_Simulation_bessy2hi_56m_PGM_2Perc_coupling_errors_off_FLUX/round_9/53_bessy2hi_56m_PGM_2Perc_coupling_errors_off_FLUX.rml
2025-02-07 23:07:11,733 - INFO - Completed: 22, remaining: 38, RAYPy_Simulation_bessy2hi_56m_PGM_2Perc_coupling_errors_off_FLUX/round_9/54_bessy2hi_56m_PGM_2Perc_coupling_errors_off_FLUX.rml
2025-02-07 23:07:21,860 - INFO - Completed: 23, remaining: 37, RAYPy_Simulation_bessy2hi_56m_PGM_2Perc_coupling_errors_off_FLUX/round_9/56_bessy2hi_56m_PGM_2Perc_coupling_errors_off_FLUX.rml
2025-02-07 23:07:21,960 - INFO - Completed: 24, remaining: 36, RAYPy_Simulation_bessy2hi_56m_PGM_2Perc_coupling_errors_off_FLUX/round_9/55_bessy2hi_56m_PGM_2Perc_coupling_errors_off_FLUX.rml
2025-02-07 23:07:23,306 - INFO - Completed: 25, remaining: 35, RAYPy_Simulation_bessy2hi_56m_PGM_2Perc_coupling_errors_off_FLUX/round_9/57_bessy2hi_56m_PGM_2Perc_coupling_errors_off_FLUX.rml
2025-02-07 23:07:23,476 - INFO - Completed: 26, remaining: 34, RAYPy_Simulation_bessy2hi_56m_PGM_2Perc_coupling_errors_off_FLUX/round_9/58_bessy2hi_56m_PGM_2Perc_coupling_errors_off_FLUX.rml
2025-02-07 23:07:23,983 - INFO - Completed: 27, remaining: 33, RAYPy_Simulation_bessy2hi_56m_PGM_2Perc_coupling_errors_off_FLUX/round_9/59_bessy2hi_56m_PGM_2Perc_coupling_errors_off_FLUX.rml
2025-02-07 23:07:24,679 - INFO - Completed: 28, remaining: 32, RAYPy_Simulation_bessy2hi_56m_PGM_2Perc_coupling_errors_off_FLUX/round_9/60_bessy2hi_56m_PGM_2Perc_coupling_errors_off_FLUX.rml
2025-02-07 23:07:25,707 - INFO - Completed: 29, remaining: 31, RAYPy_Simulation_bessy2hi_56m_PGM_2Perc_coupling_errors_off_FLUX/round_9/61_bessy2hi_56m_PGM_2Perc_coupling_errors_off_FLUX.rml
2025-02-07 23:07:25,977 - INFO - Completed: 30, remaining: 30, RAYPy_Simulation_bessy2hi_56m_PGM_2Perc_coupling_errors_off_FLUX/round_9/63_bessy2hi_56m_PGM_2Perc_coupling_errors_off_FLUX.rml
2025-02-07 23:07:26,199 - INFO - Completed: 31, remaining: 29, RAYPy_Simulation_bessy2hi_56m_PGM_2Perc_coupling_errors_off_FLUX/round_9/64_bessy2hi_56m_PGM_2Perc_coupling_errors_off_FLUX.rml
2025-02-07 23:07:26,362 - INFO - Completed: 32, remaining: 28, RAYPy_Simulation_bessy2hi_56m_PGM_2Perc_coupling_errors_off_FLUX/round_9/65_bessy2hi_56m_PGM_2Perc_coupling_errors_off_FLUX.rml
2025-02-07 23:07:27,302 - INFO - Completed: 33, remaining: 27, RAYPy_Simulation_bessy2hi_56m_PGM_2Perc_coupling_errors_off_FLUX/round_9/62_bessy2hi_56m_PGM_2Perc_coupling_errors_off_FLUX.rml
2025-02-07 23:07:35,299 - INFO - Completed: 34, remaining: 26, RAYPy_Simulation_bessy2hi_56m_PGM_2Perc_coupling_errors_off_FLUX/round_9/66_bessy2hi_56m_PGM_2Perc_coupling_errors_off_FLUX.rml
2025-02-07 23:07:35,491 - INFO - Completed: 35, remaining: 25, RAYPy_Simulation_bessy2hi_56m_PGM_2Perc_coupling_errors_off_FLUX/round_9/67_bessy2hi_56m_PGM_2Perc_coupling_errors_off_FLUX.rml
2025-02-07 23:07:36,986 - INFO - Completed: 36, remaining: 24, RAYPy_Simulation_bessy2hi_56m_PGM_2Perc_coupling_errors_off_FLUX/round_9/68_bessy2hi_56m_PGM_2Perc_coupling_errors_off_FLUX.rml
2025-02-07 23:07:37,315 - INFO - Completed: 37, remaining: 23, RAYPy_Simulation_bessy2hi_56m_PGM_2Perc_coupling_errors_off_FLUX/round_9/69_bessy2hi_56m_PGM_2Perc_coupling_errors_off_FLUX.rml
2025-02-07 23:07:37,645 - INFO - Completed: 38, remaining: 22, RAYPy_Simulation_bessy2hi_56m_PGM_2Perc_coupling_errors_off_FLUX/round_9/70_bessy2hi_56m_PGM_2Perc_coupling_errors_off_FLUX.rml
2025-02-07 23:07:38,634 - INFO - Completed: 39, remaining: 21, RAYPy_Simulation_bessy2hi_56m_PGM_2Perc_coupling_errors_off_FLUX/round_9/71_bessy2hi_56m_PGM_2Perc_coupling_errors_off_FLUX.rml
2025-02-07 23:07:39,970 - INFO - Completed: 40, remaining: 20, RAYPy_Simulation_bessy2hi_56m_PGM_2Perc_coupling_errors_off_FLUX/round_9/73_bessy2hi_56m_PGM_2Perc_coupling_errors_off_FLUX.rml
2025-02-07 23:07:40,142 - INFO - Completed: 41, remaining: 19, RAYPy_Simulation_bessy2hi_56m_PGM_2Perc_coupling_errors_off_FLUX/round_9/74_bessy2hi_56m_PGM_2Perc_coupling_errors_off_FLUX.rml
2025-02-07 23:07:40,156 - INFO - Completed: 42, remaining: 18, RAYPy_Simulation_bessy2hi_56m_PGM_2Perc_coupling_errors_off_FLUX/round_9/75_bessy2hi_56m_PGM_2Perc_coupling_errors_off_FLUX.rml
2025-02-07 23:07:40,339 - INFO - Completed: 43, remaining: 17, RAYPy_Simulation_bessy2hi_56m_PGM_2Perc_coupling_errors_off_FLUX/round_9/72_bessy2hi_56m_PGM_2Perc_coupling_errors_off_FLUX.rml
2025-02-07 23:07:41,106 - INFO - Completed: 44, remaining: 16, RAYPy_Simulation_bessy2hi_56m_PGM_2Perc_coupling_errors_off_FLUX/round_9/76_bessy2hi_56m_PGM_2Perc_coupling_errors_off_FLUX.rml
2025-02-07 23:07:49,112 - INFO - Completed: 45, remaining: 15, RAYPy_Simulation_bessy2hi_56m_PGM_2Perc_coupling_errors_off_FLUX/round_9/78_bessy2hi_56m_PGM_2Perc_coupling_errors_off_FLUX.rml
2025-02-07 23:07:49,657 - INFO - Completed: 46, remaining: 14, RAYPy_Simulation_bessy2hi_56m_PGM_2Perc_coupling_errors_off_FLUX/round_9/77_bessy2hi_56m_PGM_2Perc_coupling_errors_off_FLUX.rml
2025-02-07 23:07:51,111 - INFO - Completed: 47, remaining: 13, RAYPy_Simulation_bessy2hi_56m_PGM_2Perc_coupling_errors_off_FLUX/round_9/79_bessy2hi_56m_PGM_2Perc_coupling_errors_off_FLUX.rml
2025-02-07 23:07:51,840 - INFO - Completed: 48, remaining: 12, RAYPy_Simulation_bessy2hi_56m_PGM_2Perc_coupling_errors_off_FLUX/round_9/81_bessy2hi_56m_PGM_2Perc_coupling_errors_off_FLUX.rml
2025-02-07 23:07:52,003 - INFO - Completed: 49, remaining: 11, RAYPy_Simulation_bessy2hi_56m_PGM_2Perc_coupling_errors_off_FLUX/round_9/80_bessy2hi_56m_PGM_2Perc_coupling_errors_off_FLUX.rml
2025-02-07 23:07:52,325 - INFO - Completed: 50, remaining: 10, RAYPy_Simulation_bessy2hi_56m_PGM_2Perc_coupling_errors_off_FLUX/round_9/82_bessy2hi_56m_PGM_2Perc_coupling_errors_off_FLUX.rml
2025-02-07 23:07:53,656 - INFO - Completed: 51, remaining: 9, RAYPy_Simulation_bessy2hi_56m_PGM_2Perc_coupling_errors_off_FLUX/round_9/84_bessy2hi_56m_PGM_2Perc_coupling_errors_off_FLUX.rml
2025-02-07 23:07:53,809 - INFO - Completed: 52, remaining: 8, RAYPy_Simulation_bessy2hi_56m_PGM_2Perc_coupling_errors_off_FLUX/round_9/86_bessy2hi_56m_PGM_2Perc_coupling_errors_off_FLUX.rml
2025-02-07 23:07:53,878 - INFO - Completed: 53, remaining: 7, RAYPy_Simulation_bessy2hi_56m_PGM_2Perc_coupling_errors_off_FLUX/round_9/85_bessy2hi_56m_PGM_2Perc_coupling_errors_off_FLUX.rml
2025-02-07 23:07:53,901 - INFO - Completed: 54, remaining: 6, RAYPy_Simulation_bessy2hi_56m_PGM_2Perc_coupling_errors_off_FLUX/round_9/83_bessy2hi_56m_PGM_2Perc_coupling_errors_off_FLUX.rml
2025-02-07 23:07:54,278 - INFO - Completed: 55, remaining: 5, RAYPy_Simulation_bessy2hi_56m_PGM_2Perc_coupling_errors_off_FLUX/round_9/87_bessy2hi_56m_PGM_2Perc_coupling_errors_off_FLUX.rml
2025-02-07 23:07:58,415 - INFO - Completed: 56, remaining: 4, RAYPy_Simulation_bessy2hi_56m_PGM_2Perc_coupling_errors_off_FLUX/round_9/88_bessy2hi_56m_PGM_2Perc_coupling_errors_off_FLUX.rml
2025-02-07 23:07:58,864 - INFO - Completed: 57, remaining: 3, RAYPy_Simulation_bessy2hi_56m_PGM_2Perc_coupling_errors_off_FLUX/round_9/89_bessy2hi_56m_PGM_2Perc_coupling_errors_off_FLUX.rml
2025-02-07 23:07:59,231 - INFO - Completed: 58, remaining: 2, RAYPy_Simulation_bessy2hi_56m_PGM_2Perc_coupling_errors_off_FLUX/round_9/90_bessy2hi_56m_PGM_2Perc_coupling_errors_off_FLUX.rml
2025-02-07 23:07:59,583 - INFO - Completed: 59, remaining: 1, RAYPy_Simulation_bessy2hi_56m_PGM_2Perc_coupling_errors_off_FLUX/round_9/91_bessy2hi_56m_PGM_2Perc_coupling_errors_off_FLUX.rml
2025-02-07 23:07:59,611 - INFO - Completed: 60, remaining: 0, RAYPy_Simulation_bessy2hi_56m_PGM_2Perc_coupling_errors_off_FLUX/round_9/92_bessy2hi_56m_PGM_2Perc_coupling_errors_off_FLUX.rml
2025-02-07 23:07:59,611 - INFO - Batch Completed
2025-02-07 23:07:59,611 - INFO - Waiting For batch, 60 simulations to go
2025-02-07 23:07:59,616 - INFO - Prepared sim number: 93: RAYPy_Simulation_bessy2hi_56m_PGM_2Perc_coupling_errors_off_FLUX/round_9/93_bessy2hi_56m_PGM_2Perc_coupling_errors_off_FLUX.rml
2025-02-07 23:07:59,622 - INFO - Prepared sim number: 94: RAYPy_Simulation_bessy2hi_56m_PGM_2Perc_coupling_errors_off_FLUX/round_9/94_bessy2hi_56m_PGM_2Perc_coupling_errors_off_FLUX.rml
2025-02-07 23:07:59,627 - INFO - Prepared sim number: 95: RAYPy_Simulation_bessy2hi_56m_PGM_2Perc_coupling_errors_off_FLUX/round_9/95_bessy2hi_56m_PGM_2Perc_coupling_errors_off_FLUX.rml
2025-02-07 23:07:59,633 - INFO - Prepared sim number: 96: RAYPy_Simulation_bessy2hi_56m_PGM_2Perc_coupling_errors_off_FLUX/round_9/96_bessy2hi_56m_PGM_2Perc_coupling_errors_off_FLUX.rml
2025-02-07 23:07:59,642 - INFO - Prepared sim number: 97: RAYPy_Simulation_bessy2hi_56m_PGM_2Perc_coupling_errors_off_FLUX/round_9/97_bessy2hi_56m_PGM_2Perc_coupling_errors_off_FLUX.rml
2025-02-07 23:07:59,648 - INFO - Prepared sim number: 98: RAYPy_Simulation_bessy2hi_56m_PGM_2Perc_coupling_errors_off_FLUX/round_9/98_bessy2hi_56m_PGM_2Perc_coupling_errors_off_FLUX.rml
2025-02-07 23:07:59,653 - INFO - Prepared sim number: 99: RAYPy_Simulation_bessy2hi_56m_PGM_2Perc_coupling_errors_off_FLUX/round_9/99_bessy2hi_56m_PGM_2Perc_coupling_errors_off_FLUX.rml
2025-02-07 23:07:59,658 - INFO - Prepared sim number: 100: RAYPy_Simulation_bessy2hi_56m_PGM_2Perc_coupling_errors_off_FLUX/round_9/100_bessy2hi_56m_PGM_2Perc_coupling_errors_off_FLUX.rml
2025-02-07 23:07:59,664 - INFO - Prepared sim number: 101: RAYPy_Simulation_bessy2hi_56m_PGM_2Perc_coupling_errors_off_FLUX/round_9/101_bessy2hi_56m_PGM_2Perc_coupling_errors_off_FLUX.rml
2025-02-07 23:07:59,668 - INFO - Prepared sim number: 102: RAYPy_Simulation_bessy2hi_56m_PGM_2Perc_coupling_errors_off_FLUX/round_9/102_bessy2hi_56m_PGM_2Perc_coupling_errors_off_FLUX.rml
2025-02-07 23:07:59,677 - INFO - Prepared sim number: 103: RAYPy_Simulation_bessy2hi_56m_PGM_2Perc_coupling_errors_off_FLUX/round_9/103_bessy2hi_56m_PGM_2Perc_coupling_errors_off_FLUX.rml
2025-02-07 23:07:59,682 - INFO - Prepared sim number: 104: RAYPy_Simulation_bessy2hi_56m_PGM_2Perc_coupling_errors_off_FLUX/round_9/104_bessy2hi_56m_PGM_2Perc_coupling_errors_off_FLUX.rml
2025-02-07 23:07:59,686 - INFO - Prepared sim number: 105: RAYPy_Simulation_bessy2hi_56m_PGM_2Perc_coupling_errors_off_FLUX/round_9/105_bessy2hi_56m_PGM_2Perc_coupling_errors_off_FLUX.rml
2025-02-07 23:07:59,691 - INFO - Prepared sim number: 106: RAYPy_Simulation_bessy2hi_56m_PGM_2Perc_coupling_errors_off_FLUX/round_9/106_bessy2hi_56m_PGM_2Perc_coupling_errors_off_FLUX.rml
2025-02-07 23:07:59,695 - INFO - Prepared sim number: 107: RAYPy_Simulation_bessy2hi_56m_PGM_2Perc_coupling_errors_off_FLUX/round_9/107_bessy2hi_56m_PGM_2Perc_coupling_errors_off_FLUX.rml
2025-02-07 23:07:59,701 - INFO - Prepared sim number: 108: RAYPy_Simulation_bessy2hi_56m_PGM_2Perc_coupling_errors_off_FLUX/round_9/108_bessy2hi_56m_PGM_2Perc_coupling_errors_off_FLUX.rml
2025-02-07 23:07:59,706 - INFO - Prepared sim number: 109: RAYPy_Simulation_bessy2hi_56m_PGM_2Perc_coupling_errors_off_FLUX/round_9/109_bessy2hi_56m_PGM_2Perc_coupling_errors_off_FLUX.rml
2025-02-07 23:07:59,710 - INFO - Prepared sim number: 110: RAYPy_Simulation_bessy2hi_56m_PGM_2Perc_coupling_errors_off_FLUX/round_9/110_bessy2hi_56m_PGM_2Perc_coupling_errors_off_FLUX.rml
2025-02-07 23:07:59,714 - INFO - Prepared sim number: 111: RAYPy_Simulation_bessy2hi_56m_PGM_2Perc_coupling_errors_off_FLUX/round_9/111_bessy2hi_56m_PGM_2Perc_coupling_errors_off_FLUX.rml
2025-02-07 23:07:59,718 - INFO - Prepared sim number: 112: RAYPy_Simulation_bessy2hi_56m_PGM_2Perc_coupling_errors_off_FLUX/round_9/112_bessy2hi_56m_PGM_2Perc_coupling_errors_off_FLUX.rml
2025-02-07 23:07:59,722 - INFO - Prepared sim number: 113: RAYPy_Simulation_bessy2hi_56m_PGM_2Perc_coupling_errors_off_FLUX/round_9/113_bessy2hi_56m_PGM_2Perc_coupling_errors_off_FLUX.rml
2025-02-07 23:07:59,726 - INFO - Prepared sim number: 114: RAYPy_Simulation_bessy2hi_56m_PGM_2Perc_coupling_errors_off_FLUX/round_9/114_bessy2hi_56m_PGM_2Perc_coupling_errors_off_FLUX.rml
2025-02-07 23:07:59,729 - INFO - Prepared sim number: 115: RAYPy_Simulation_bessy2hi_56m_PGM_2Perc_coupling_errors_off_FLUX/round_9/115_bessy2hi_56m_PGM_2Perc_coupling_errors_off_FLUX.rml
2025-02-07 23:07:59,732 - INFO - Prepared sim number: 116: RAYPy_Simulation_bessy2hi_56m_PGM_2Perc_coupling_errors_off_FLUX/round_9/116_bessy2hi_56m_PGM_2Perc_coupling_errors_off_FLUX.rml
2025-02-07 23:07:59,736 - INFO - Prepared sim number: 117: RAYPy_Simulation_bessy2hi_56m_PGM_2Perc_coupling_errors_off_FLUX/round_9/117_bessy2hi_56m_PGM_2Perc_coupling_errors_off_FLUX.rml
2025-02-07 23:07:59,739 - INFO - Prepared sim number: 118: RAYPy_Simulation_bessy2hi_56m_PGM_2Perc_coupling_errors_off_FLUX/round_9/118_bessy2hi_56m_PGM_2Perc_coupling_errors_off_FLUX.rml
2025-02-07 23:07:59,742 - INFO - Prepared sim number: 119: RAYPy_Simulation_bessy2hi_56m_PGM_2Perc_coupling_errors_off_FLUX/round_9/119_bessy2hi_56m_PGM_2Perc_coupling_errors_off_FLUX.rml
2025-02-07 23:07:59,746 - INFO - Prepared sim number: 120: RAYPy_Simulation_bessy2hi_56m_PGM_2Perc_coupling_errors_off_FLUX/round_9/120_bessy2hi_56m_PGM_2Perc_coupling_errors_off_FLUX.rml
2025-02-07 23:07:59,749 - INFO - Prepared sim number: 121: RAYPy_Simulation_bessy2hi_56m_PGM_2Perc_coupling_errors_off_FLUX/round_9/121_bessy2hi_56m_PGM_2Perc_coupling_errors_off_FLUX.rml
2025-02-07 23:07:59,753 - INFO - Prepared sim number: 122: RAYPy_Simulation_bessy2hi_56m_PGM_2Perc_coupling_errors_off_FLUX/round_9/122_bessy2hi_56m_PGM_2Perc_coupling_errors_off_FLUX.rml
2025-02-07 23:07:59,754 - INFO - Waiting for batch number: 20, timeout: 84.64887932003761s
2025-02-07 23:08:13,273 - INFO - Completed: 1, remaining: 59, RAYPy_Simulation_bessy2hi_56m_PGM_2Perc_coupling_errors_off_FLUX/round_9/102_bessy2hi_56m_PGM_2Perc_coupling_errors_off_FLUX.rml
2025-02-07 23:08:13,370 - INFO - Completed: 2, remaining: 58, RAYPy_Simulation_bessy2hi_56m_PGM_2Perc_coupling_errors_off_FLUX/round_9/94_bessy2hi_56m_PGM_2Perc_coupling_errors_off_FLUX.rml
2025-02-07 23:08:13,429 - INFO - Completed: 3, remaining: 57, RAYPy_Simulation_bessy2hi_56m_PGM_2Perc_coupling_errors_off_FLUX/round_9/98_bessy2hi_56m_PGM_2Perc_coupling_errors_off_FLUX.rml
2025-02-07 23:08:13,483 - INFO - Completed: 4, remaining: 56, RAYPy_Simulation_bessy2hi_56m_PGM_2Perc_coupling_errors_off_FLUX/round_9/97_bessy2hi_56m_PGM_2Perc_coupling_errors_off_FLUX.rml
2025-02-07 23:08:13,510 - INFO - Completed: 5, remaining: 55, RAYPy_Simulation_bessy2hi_56m_PGM_2Perc_coupling_errors_off_FLUX/round_9/99_bessy2hi_56m_PGM_2Perc_coupling_errors_off_FLUX.rml
2025-02-07 23:08:13,544 - INFO - Completed: 6, remaining: 54, RAYPy_Simulation_bessy2hi_56m_PGM_2Perc_coupling_errors_off_FLUX/round_9/95_bessy2hi_56m_PGM_2Perc_coupling_errors_off_FLUX.rml
2025-02-07 23:08:13,666 - INFO - Completed: 7, remaining: 53, RAYPy_Simulation_bessy2hi_56m_PGM_2Perc_coupling_errors_off_FLUX/round_9/101_bessy2hi_56m_PGM_2Perc_coupling_errors_off_FLUX.rml
2025-02-07 23:08:13,914 - INFO - Completed: 8, remaining: 52, RAYPy_Simulation_bessy2hi_56m_PGM_2Perc_coupling_errors_off_FLUX/round_9/96_bessy2hi_56m_PGM_2Perc_coupling_errors_off_FLUX.rml
2025-02-07 23:08:15,082 - INFO - Completed: 9, remaining: 51, RAYPy_Simulation_bessy2hi_56m_PGM_2Perc_coupling_errors_off_FLUX/round_9/93_bessy2hi_56m_PGM_2Perc_coupling_errors_off_FLUX.rml
2025-02-07 23:08:15,120 - INFO - Completed: 10, remaining: 50, RAYPy_Simulation_bessy2hi_56m_PGM_2Perc_coupling_errors_off_FLUX/round_9/103_bessy2hi_56m_PGM_2Perc_coupling_errors_off_FLUX.rml
2025-02-07 23:08:15,225 - INFO - Completed: 11, remaining: 49, RAYPy_Simulation_bessy2hi_56m_PGM_2Perc_coupling_errors_off_FLUX/round_9/100_bessy2hi_56m_PGM_2Perc_coupling_errors_off_FLUX.rml
2025-02-07 23:08:27,580 - INFO - Completed: 12, remaining: 48, RAYPy_Simulation_bessy2hi_56m_PGM_2Perc_coupling_errors_off_FLUX/round_9/106_bessy2hi_56m_PGM_2Perc_coupling_errors_off_FLUX.rml
2025-02-07 23:08:27,945 - INFO - Completed: 13, remaining: 47, RAYPy_Simulation_bessy2hi_56m_PGM_2Perc_coupling_errors_off_FLUX/round_9/110_bessy2hi_56m_PGM_2Perc_coupling_errors_off_FLUX.rml
2025-02-07 23:08:28,081 - INFO - Completed: 14, remaining: 46, RAYPy_Simulation_bessy2hi_56m_PGM_2Perc_coupling_errors_off_FLUX/round_9/107_bessy2hi_56m_PGM_2Perc_coupling_errors_off_FLUX.rml
2025-02-07 23:08:28,085 - INFO - Completed: 15, remaining: 45, RAYPy_Simulation_bessy2hi_56m_PGM_2Perc_coupling_errors_off_FLUX/round_9/108_bessy2hi_56m_PGM_2Perc_coupling_errors_off_FLUX.rml
2025-02-07 23:08:28,151 - INFO - Completed: 16, remaining: 44, RAYPy_Simulation_bessy2hi_56m_PGM_2Perc_coupling_errors_off_FLUX/round_9/104_bessy2hi_56m_PGM_2Perc_coupling_errors_off_FLUX.rml
2025-02-07 23:08:28,177 - INFO - Completed: 17, remaining: 43, RAYPy_Simulation_bessy2hi_56m_PGM_2Perc_coupling_errors_off_FLUX/round_9/111_bessy2hi_56m_PGM_2Perc_coupling_errors_off_FLUX.rml
2025-02-07 23:08:28,305 - INFO - Completed: 18, remaining: 42, RAYPy_Simulation_bessy2hi_56m_PGM_2Perc_coupling_errors_off_FLUX/round_9/105_bessy2hi_56m_PGM_2Perc_coupling_errors_off_FLUX.rml
2025-02-07 23:08:29,295 - INFO - Completed: 19, remaining: 41, RAYPy_Simulation_bessy2hi_56m_PGM_2Perc_coupling_errors_off_FLUX/round_9/112_bessy2hi_56m_PGM_2Perc_coupling_errors_off_FLUX.rml
2025-02-07 23:08:29,299 - INFO - Completed: 20, remaining: 40, RAYPy_Simulation_bessy2hi_56m_PGM_2Perc_coupling_errors_off_FLUX/round_9/114_bessy2hi_56m_PGM_2Perc_coupling_errors_off_FLUX.rml
2025-02-07 23:08:29,376 - INFO - Completed: 21, remaining: 39, RAYPy_Simulation_bessy2hi_56m_PGM_2Perc_coupling_errors_off_FLUX/round_9/113_bessy2hi_56m_PGM_2Perc_coupling_errors_off_FLUX.rml
2025-02-07 23:08:29,388 - INFO - Completed: 22, remaining: 38, RAYPy_Simulation_bessy2hi_56m_PGM_2Perc_coupling_errors_off_FLUX/round_9/109_bessy2hi_56m_PGM_2Perc_coupling_errors_off_FLUX.rml
2025-02-07 23:08:38,763 - INFO - Completed: 23, remaining: 37, RAYPy_Simulation_bessy2hi_56m_PGM_2Perc_coupling_errors_off_FLUX/round_9/115_bessy2hi_56m_PGM_2Perc_coupling_errors_off_FLUX.rml
2025-02-07 23:08:38,986 - INFO - Completed: 24, remaining: 36, RAYPy_Simulation_bessy2hi_56m_PGM_2Perc_coupling_errors_off_FLUX/round_9/116_bessy2hi_56m_PGM_2Perc_coupling_errors_off_FLUX.rml
2025-02-07 23:08:39,147 - INFO - Completed: 25, remaining: 35, RAYPy_Simulation_bessy2hi_56m_PGM_2Perc_coupling_errors_off_FLUX/round_9/118_bessy2hi_56m_PGM_2Perc_coupling_errors_off_FLUX.rml
2025-02-07 23:08:39,252 - INFO - Completed: 26, remaining: 34, RAYPy_Simulation_bessy2hi_56m_PGM_2Perc_coupling_errors_off_FLUX/round_9/120_bessy2hi_56m_PGM_2Perc_coupling_errors_off_FLUX.rml
2025-02-07 23:08:39,316 - INFO - Completed: 27, remaining: 33, RAYPy_Simulation_bessy2hi_56m_PGM_2Perc_coupling_errors_off_FLUX/round_9/121_bessy2hi_56m_PGM_2Perc_coupling_errors_off_FLUX.rml
2025-02-07 23:08:39,359 - INFO - Completed: 28, remaining: 32, RAYPy_Simulation_bessy2hi_56m_PGM_2Perc_coupling_errors_off_FLUX/round_9/119_bessy2hi_56m_PGM_2Perc_coupling_errors_off_FLUX.rml
2025-02-07 23:08:39,471 - INFO - Completed: 29, remaining: 31, RAYPy_Simulation_bessy2hi_56m_PGM_2Perc_coupling_errors_off_FLUX/round_9/117_bessy2hi_56m_PGM_2Perc_coupling_errors_off_FLUX.rml
2025-02-07 23:08:39,605 - INFO - Completed: 30, remaining: 30, RAYPy_Simulation_bessy2hi_56m_PGM_2Perc_coupling_errors_off_FLUX/round_9/122_bessy2hi_56m_PGM_2Perc_coupling_errors_off_FLUX.rml
2025-02-07 23:08:39,605 - INFO - Batch Completed
2025-02-07 23:08:39,605 - INFO - Waiting For batch, 60 simulations to go
2025-02-07 23:08:39,605 - INFO - Remaning Simulations 0, stop the simulations loop
2025-02-07 23:08:39,606 - INFO - Checking that all simulations are completed before stopping the ProcessPoolExecutor
2025-02-07 23:08:39,951 - INFO - This simulation is missing: round 3, number 114
2025-02-07 23:08:40,500 - INFO - Executor shutdown completed.
2025-02-07 23:08:40,500 - INFO - Finish missing simulations
2025-02-07 23:08:40,501 - INFO - Start round 0
2025-02-07 23:08:40,600 - INFO - Waiting for batch number: 21, timeout: 84.55632458753253s
2025-02-07 23:08:40,600 - INFO - Batch Completed
2025-02-07 23:08:40,601 - INFO - Waiting For batch, 60 simulations to go
2025-02-07 23:08:40,691 - INFO - Waiting for batch number: 22, timeout: 84.55632458753253s
2025-02-07 23:08:40,691 - INFO - Batch Completed
2025-02-07 23:08:40,692 - INFO - Waiting For batch, 60 simulations to go
2025-02-07 23:08:40,696 - INFO - Start round 1
2025-02-07 23:08:40,769 - INFO - Waiting for batch number: 23, timeout: 84.55632458753253s
2025-02-07 23:08:40,770 - INFO - Batch Completed
2025-02-07 23:08:40,770 - INFO - Waiting For batch, 60 simulations to go
2025-02-07 23:08:40,840 - INFO - Waiting for batch number: 24, timeout: 84.55632458753253s
2025-02-07 23:08:40,840 - INFO - Batch Completed
2025-02-07 23:08:40,840 - INFO - Waiting For batch, 60 simulations to go
2025-02-07 23:08:40,851 - INFO - Start round 2
2025-02-07 23:08:40,902 - INFO - Waiting for batch number: 25, timeout: 84.55632458753253s
2025-02-07 23:08:40,902 - INFO - Batch Completed
2025-02-07 23:08:40,902 - INFO - Waiting For batch, 60 simulations to go
2025-02-07 23:08:40,972 - INFO - Waiting for batch number: 26, timeout: 84.55632458753253s
2025-02-07 23:08:40,972 - INFO - Batch Completed
2025-02-07 23:08:40,972 - INFO - Waiting For batch, 60 simulations to go
2025-02-07 23:08:40,980 - INFO - Start round 3
2025-02-07 23:08:41,029 - INFO - Waiting for batch number: 27, timeout: 84.55632458753253s
2025-02-07 23:08:41,029 - INFO - Batch Completed
2025-02-07 23:08:41,030 - INFO - Waiting For batch, 60 simulations to go
2025-02-07 23:08:41,116 - INFO - Waiting for batch number: 28, timeout: 84.55632458753253s
2025-02-07 23:08:41,117 - INFO - Batch Completed
2025-02-07 23:08:41,117 - INFO - Waiting For batch, 60 simulations to go
2025-02-07 23:08:41,134 - INFO - Prepared sim number: 114: RAYPy_Simulation_bessy2hi_56m_PGM_2Perc_coupling_errors_off_FLUX/round_3/114_bessy2hi_56m_PGM_2Perc_coupling_errors_off_FLUX.rml
2025-02-07 23:08:41,144 - INFO - Start round 4
2025-02-07 23:08:41,257 - INFO - Waiting for batch number: 29, timeout: 84.55632458753253s
2025-02-07 23:08:45,296 - INFO - Completed: 1, remaining: 59, RAYPy_Simulation_bessy2hi_56m_PGM_2Perc_coupling_errors_off_FLUX/round_3/114_bessy2hi_56m_PGM_2Perc_coupling_errors_off_FLUX.rml
2025-02-07 23:08:45,296 - INFO - Batch Completed
2025-02-07 23:08:45,297 - INFO - Waiting For batch, 60 simulations to go
2025-02-07 23:08:45,368 - INFO - Waiting for batch number: 30, timeout: 24.215017318725586s
2025-02-07 23:08:45,368 - INFO - Batch Completed
2025-02-07 23:08:45,369 - INFO - Waiting For batch, 60 simulations to go
2025-02-07 23:08:45,384 - INFO - Start round 5
2025-02-07 23:08:45,426 - INFO - Waiting for batch number: 31, timeout: 24.215017318725586s
2025-02-07 23:08:45,426 - INFO - Batch Completed
2025-02-07 23:08:45,426 - INFO - Waiting For batch, 60 simulations to go
2025-02-07 23:08:45,499 - INFO - Waiting for batch number: 32, timeout: 24.215017318725586s
2025-02-07 23:08:45,499 - INFO - Batch Completed
2025-02-07 23:08:45,499 - INFO - Waiting For batch, 60 simulations to go
2025-02-07 23:08:45,516 - INFO - Start round 6
2025-02-07 23:08:45,562 - INFO - Waiting for batch number: 33, timeout: 24.215017318725586s
2025-02-07 23:08:45,563 - INFO - Batch Completed
2025-02-07 23:08:45,563 - INFO - Waiting For batch, 60 simulations to go
2025-02-07 23:08:45,616 - INFO - Waiting for batch number: 34, timeout: 24.215017318725586s
2025-02-07 23:08:45,616 - INFO - Batch Completed
2025-02-07 23:08:45,616 - INFO - Waiting For batch, 60 simulations to go
2025-02-07 23:08:45,636 - INFO - Start round 7
2025-02-07 23:08:45,682 - INFO - Waiting for batch number: 35, timeout: 24.215017318725586s
2025-02-07 23:08:45,682 - INFO - Batch Completed
2025-02-07 23:08:45,683 - INFO - Waiting For batch, 60 simulations to go
2025-02-07 23:08:45,740 - INFO - Waiting for batch number: 36, timeout: 24.215017318725586s
2025-02-07 23:08:45,741 - INFO - Batch Completed
2025-02-07 23:08:45,741 - INFO - Waiting For batch, 60 simulations to go
2025-02-07 23:08:45,772 - INFO - Start round 8
2025-02-07 23:08:45,806 - INFO - Waiting for batch number: 37, timeout: 24.215017318725586s
2025-02-07 23:08:45,806 - INFO - Batch Completed
2025-02-07 23:08:45,806 - INFO - Waiting For batch, 60 simulations to go
2025-02-07 23:08:45,876 - INFO - Waiting for batch number: 38, timeout: 24.215017318725586s
2025-02-07 23:08:45,877 - INFO - Batch Completed
2025-02-07 23:08:45,877 - INFO - Waiting For batch, 60 simulations to go
2025-02-07 23:08:45,911 - INFO - Start round 9
2025-02-07 23:08:45,943 - INFO - Waiting for batch number: 39, timeout: 24.215017318725586s
2025-02-07 23:08:45,943 - INFO - Batch Completed
2025-02-07 23:08:45,943 - INFO - Waiting For batch, 60 simulations to go
2025-02-07 23:08:46,004 - INFO - Waiting for batch number: 40, timeout: 24.215017318725586s
2025-02-07 23:08:46,004 - INFO - Batch Completed
2025-02-07 23:08:46,004 - INFO - Waiting For batch, 60 simulations to go
2025-02-07 23:08:46,028 - INFO - Waiting for batch number: 41, timeout: 24.215017318725586s
2025-02-07 23:08:46,029 - INFO - Batch Completed
2025-02-07 23:08:46,029 - INFO - Waiting For batch, 60 simulations to go
2025-02-07 23:08:46,029 - INFO - Remaning Simulations 0, stop the simulations loop
2025-02-07 23:08:46,029 - INFO - Checking that all simulations are completed before stopping the ProcessPoolExecutor
2025-02-07 23:08:47,056 - INFO - Executor shutdown completed.
2025-02-07 23:08:47,064 - INFO - Simulation completed successfully.
2025-02-07 23:08:47,064 - INFO - Starting cleanup
2025-02-07 23:08:58,035 - INFO - Done with the cleanup
2025-02-07 23:08:58,035 - INFO - Create Pandas Recap Files
2025-02-07 23:08:58,087 - INFO - End of the Simulations
