2025-02-08 00:26:08,472 - INFO - Simulation started, using 12 workers
2025-02-08 00:26:08,477 - INFO - Start round 0
2025-02-08 00:26:08,497 - INFO - Prepared sim number: 0: RAYPy_Simulation_bessy2lo_56m_PGM_2Perc_coupling_errors_on_FLUX/round_0/0_bessy2lo_56m_PGM_2Perc_coupling_errors_on_FLUX.rml
2025-02-08 00:26:08,518 - INFO - Prepared sim number: 1: RAYPy_Simulation_bessy2lo_56m_PGM_2Perc_coupling_errors_on_FLUX/round_0/1_bessy2lo_56m_PGM_2Perc_coupling_errors_on_FLUX.rml
2025-02-08 00:26:08,538 - INFO - Prepared sim number: 2: RAYPy_Simulation_bessy2lo_56m_PGM_2Perc_coupling_errors_on_FLUX/round_0/2_bessy2lo_56m_PGM_2Perc_coupling_errors_on_FLUX.rml
2025-02-08 00:26:08,554 - INFO - Prepared sim number: 3: RAYPy_Simulation_bessy2lo_56m_PGM_2Perc_coupling_errors_on_FLUX/round_0/3_bessy2lo_56m_PGM_2Perc_coupling_errors_on_FLUX.rml
2025-02-08 00:26:08,569 - INFO - Prepared sim number: 4: RAYPy_Simulation_bessy2lo_56m_PGM_2Perc_coupling_errors_on_FLUX/round_0/4_bessy2lo_56m_PGM_2Perc_coupling_errors_on_FLUX.rml
2025-02-08 00:26:08,586 - INFO - Prepared sim number: 5: RAYPy_Simulation_bessy2lo_56m_PGM_2Perc_coupling_errors_on_FLUX/round_0/5_bessy2lo_56m_PGM_2Perc_coupling_errors_on_FLUX.rml
2025-02-08 00:26:08,601 - INFO - Prepared sim number: 6: RAYPy_Simulation_bessy2lo_56m_PGM_2Perc_coupling_errors_on_FLUX/round_0/6_bessy2lo_56m_PGM_2Perc_coupling_errors_on_FLUX.rml
2025-02-08 00:26:08,614 - INFO - Prepared sim number: 7: RAYPy_Simulation_bessy2lo_56m_PGM_2Perc_coupling_errors_on_FLUX/round_0/7_bessy2lo_56m_PGM_2Perc_coupling_errors_on_FLUX.rml
2025-02-08 00:26:08,627 - INFO - Prepared sim number: 8: RAYPy_Simulation_bessy2lo_56m_PGM_2Perc_coupling_errors_on_FLUX/round_0/8_bessy2lo_56m_PGM_2Perc_coupling_errors_on_FLUX.rml
2025-02-08 00:26:08,639 - INFO - Prepared sim number: 9: RAYPy_Simulation_bessy2lo_56m_PGM_2Perc_coupling_errors_on_FLUX/round_0/9_bessy2lo_56m_PGM_2Perc_coupling_errors_on_FLUX.rml
2025-02-08 00:26:08,651 - INFO - Prepared sim number: 10: RAYPy_Simulation_bessy2lo_56m_PGM_2Perc_coupling_errors_on_FLUX/round_0/10_bessy2lo_56m_PGM_2Perc_coupling_errors_on_FLUX.rml
2025-02-08 00:26:08,663 - INFO - Prepared sim number: 11: RAYPy_Simulation_bessy2lo_56m_PGM_2Perc_coupling_errors_on_FLUX/round_0/11_bessy2lo_56m_PGM_2Perc_coupling_errors_on_FLUX.rml
2025-02-08 00:26:08,676 - INFO - Prepared sim number: 12: RAYPy_Simulation_bessy2lo_56m_PGM_2Perc_coupling_errors_on_FLUX/round_0/12_bessy2lo_56m_PGM_2Perc_coupling_errors_on_FLUX.rml
2025-02-08 00:26:08,688 - INFO - Prepared sim number: 13: RAYPy_Simulation_bessy2lo_56m_PGM_2Perc_coupling_errors_on_FLUX/round_0/13_bessy2lo_56m_PGM_2Perc_coupling_errors_on_FLUX.rml
2025-02-08 00:26:08,699 - INFO - Prepared sim number: 14: RAYPy_Simulation_bessy2lo_56m_PGM_2Perc_coupling_errors_on_FLUX/round_0/14_bessy2lo_56m_PGM_2Perc_coupling_errors_on_FLUX.rml
2025-02-08 00:26:08,712 - INFO - Prepared sim number: 15: RAYPy_Simulation_bessy2lo_56m_PGM_2Perc_coupling_errors_on_FLUX/round_0/15_bessy2lo_56m_PGM_2Perc_coupling_errors_on_FLUX.rml
2025-02-08 00:26:08,724 - INFO - Prepared sim number: 16: RAYPy_Simulation_bessy2lo_56m_PGM_2Perc_coupling_errors_on_FLUX/round_0/16_bessy2lo_56m_PGM_2Perc_coupling_errors_on_FLUX.rml
2025-02-08 00:26:08,736 - INFO - Prepared sim number: 17: RAYPy_Simulation_bessy2lo_56m_PGM_2Perc_coupling_errors_on_FLUX/round_0/17_bessy2lo_56m_PGM_2Perc_coupling_errors_on_FLUX.rml
2025-02-08 00:26:08,751 - INFO - Prepared sim number: 18: RAYPy_Simulation_bessy2lo_56m_PGM_2Perc_coupling_errors_on_FLUX/round_0/18_bessy2lo_56m_PGM_2Perc_coupling_errors_on_FLUX.rml
2025-02-08 00:26:08,764 - INFO - Prepared sim number: 19: RAYPy_Simulation_bessy2lo_56m_PGM_2Perc_coupling_errors_on_FLUX/round_0/19_bessy2lo_56m_PGM_2Perc_coupling_errors_on_FLUX.rml
2025-02-08 00:26:08,777 - INFO - Prepared sim number: 20: RAYPy_Simulation_bessy2lo_56m_PGM_2Perc_coupling_errors_on_FLUX/round_0/20_bessy2lo_56m_PGM_2Perc_coupling_errors_on_FLUX.rml
2025-02-08 00:26:08,790 - INFO - Prepared sim number: 21: RAYPy_Simulation_bessy2lo_56m_PGM_2Perc_coupling_errors_on_FLUX/round_0/21_bessy2lo_56m_PGM_2Perc_coupling_errors_on_FLUX.rml
2025-02-08 00:26:08,804 - INFO - Prepared sim number: 22: RAYPy_Simulation_bessy2lo_56m_PGM_2Perc_coupling_errors_on_FLUX/round_0/22_bessy2lo_56m_PGM_2Perc_coupling_errors_on_FLUX.rml
2025-02-08 00:26:08,819 - INFO - Prepared sim number: 23: RAYPy_Simulation_bessy2lo_56m_PGM_2Perc_coupling_errors_on_FLUX/round_0/23_bessy2lo_56m_PGM_2Perc_coupling_errors_on_FLUX.rml
2025-02-08 00:26:08,831 - INFO - Prepared sim number: 24: RAYPy_Simulation_bessy2lo_56m_PGM_2Perc_coupling_errors_on_FLUX/round_0/24_bessy2lo_56m_PGM_2Perc_coupling_errors_on_FLUX.rml
2025-02-08 00:26:08,843 - INFO - Prepared sim number: 25: RAYPy_Simulation_bessy2lo_56m_PGM_2Perc_coupling_errors_on_FLUX/round_0/25_bessy2lo_56m_PGM_2Perc_coupling_errors_on_FLUX.rml
2025-02-08 00:26:08,854 - INFO - Prepared sim number: 26: RAYPy_Simulation_bessy2lo_56m_PGM_2Perc_coupling_errors_on_FLUX/round_0/26_bessy2lo_56m_PGM_2Perc_coupling_errors_on_FLUX.rml
2025-02-08 00:26:08,866 - INFO - Prepared sim number: 27: RAYPy_Simulation_bessy2lo_56m_PGM_2Perc_coupling_errors_on_FLUX/round_0/27_bessy2lo_56m_PGM_2Perc_coupling_errors_on_FLUX.rml
2025-02-08 00:26:08,879 - INFO - Prepared sim number: 28: RAYPy_Simulation_bessy2lo_56m_PGM_2Perc_coupling_errors_on_FLUX/round_0/28_bessy2lo_56m_PGM_2Perc_coupling_errors_on_FLUX.rml
2025-02-08 00:26:08,891 - INFO - Prepared sim number: 29: RAYPy_Simulation_bessy2lo_56m_PGM_2Perc_coupling_errors_on_FLUX/round_0/29_bessy2lo_56m_PGM_2Perc_coupling_errors_on_FLUX.rml
2025-02-08 00:26:08,903 - INFO - Prepared sim number: 30: RAYPy_Simulation_bessy2lo_56m_PGM_2Perc_coupling_errors_on_FLUX/round_0/30_bessy2lo_56m_PGM_2Perc_coupling_errors_on_FLUX.rml
2025-02-08 00:26:08,916 - INFO - Prepared sim number: 31: RAYPy_Simulation_bessy2lo_56m_PGM_2Perc_coupling_errors_on_FLUX/round_0/31_bessy2lo_56m_PGM_2Perc_coupling_errors_on_FLUX.rml
2025-02-08 00:26:08,927 - INFO - Prepared sim number: 32: RAYPy_Simulation_bessy2lo_56m_PGM_2Perc_coupling_errors_on_FLUX/round_0/32_bessy2lo_56m_PGM_2Perc_coupling_errors_on_FLUX.rml
2025-02-08 00:26:08,939 - INFO - Prepared sim number: 33: RAYPy_Simulation_bessy2lo_56m_PGM_2Perc_coupling_errors_on_FLUX/round_0/33_bessy2lo_56m_PGM_2Perc_coupling_errors_on_FLUX.rml
2025-02-08 00:26:08,950 - INFO - Prepared sim number: 34: RAYPy_Simulation_bessy2lo_56m_PGM_2Perc_coupling_errors_on_FLUX/round_0/34_bessy2lo_56m_PGM_2Perc_coupling_errors_on_FLUX.rml
2025-02-08 00:26:08,963 - INFO - Prepared sim number: 35: RAYPy_Simulation_bessy2lo_56m_PGM_2Perc_coupling_errors_on_FLUX/round_0/35_bessy2lo_56m_PGM_2Perc_coupling_errors_on_FLUX.rml
2025-02-08 00:26:08,975 - INFO - Prepared sim number: 36: RAYPy_Simulation_bessy2lo_56m_PGM_2Perc_coupling_errors_on_FLUX/round_0/36_bessy2lo_56m_PGM_2Perc_coupling_errors_on_FLUX.rml
2025-02-08 00:26:08,987 - INFO - Prepared sim number: 37: RAYPy_Simulation_bessy2lo_56m_PGM_2Perc_coupling_errors_on_FLUX/round_0/37_bessy2lo_56m_PGM_2Perc_coupling_errors_on_FLUX.rml
2025-02-08 00:26:09,001 - INFO - Prepared sim number: 38: RAYPy_Simulation_bessy2lo_56m_PGM_2Perc_coupling_errors_on_FLUX/round_0/38_bessy2lo_56m_PGM_2Perc_coupling_errors_on_FLUX.rml
2025-02-08 00:26:09,017 - INFO - Prepared sim number: 39: RAYPy_Simulation_bessy2lo_56m_PGM_2Perc_coupling_errors_on_FLUX/round_0/39_bessy2lo_56m_PGM_2Perc_coupling_errors_on_FLUX.rml
2025-02-08 00:26:09,030 - INFO - Prepared sim number: 40: RAYPy_Simulation_bessy2lo_56m_PGM_2Perc_coupling_errors_on_FLUX/round_0/40_bessy2lo_56m_PGM_2Perc_coupling_errors_on_FLUX.rml
2025-02-08 00:26:09,055 - INFO - Prepared sim number: 41: RAYPy_Simulation_bessy2lo_56m_PGM_2Perc_coupling_errors_on_FLUX/round_0/41_bessy2lo_56m_PGM_2Perc_coupling_errors_on_FLUX.rml
2025-02-08 00:26:09,082 - INFO - Prepared sim number: 42: RAYPy_Simulation_bessy2lo_56m_PGM_2Perc_coupling_errors_on_FLUX/round_0/42_bessy2lo_56m_PGM_2Perc_coupling_errors_on_FLUX.rml
2025-02-08 00:26:09,104 - INFO - Prepared sim number: 43: RAYPy_Simulation_bessy2lo_56m_PGM_2Perc_coupling_errors_on_FLUX/round_0/43_bessy2lo_56m_PGM_2Perc_coupling_errors_on_FLUX.rml
2025-02-08 00:26:09,126 - INFO - Prepared sim number: 44: RAYPy_Simulation_bessy2lo_56m_PGM_2Perc_coupling_errors_on_FLUX/round_0/44_bessy2lo_56m_PGM_2Perc_coupling_errors_on_FLUX.rml
2025-02-08 00:26:09,143 - INFO - Prepared sim number: 45: RAYPy_Simulation_bessy2lo_56m_PGM_2Perc_coupling_errors_on_FLUX/round_0/45_bessy2lo_56m_PGM_2Perc_coupling_errors_on_FLUX.rml
2025-02-08 00:26:09,165 - INFO - Prepared sim number: 46: RAYPy_Simulation_bessy2lo_56m_PGM_2Perc_coupling_errors_on_FLUX/round_0/46_bessy2lo_56m_PGM_2Perc_coupling_errors_on_FLUX.rml
2025-02-08 00:26:09,187 - INFO - Prepared sim number: 47: RAYPy_Simulation_bessy2lo_56m_PGM_2Perc_coupling_errors_on_FLUX/round_0/47_bessy2lo_56m_PGM_2Perc_coupling_errors_on_FLUX.rml
2025-02-08 00:26:09,207 - INFO - Prepared sim number: 48: RAYPy_Simulation_bessy2lo_56m_PGM_2Perc_coupling_errors_on_FLUX/round_0/48_bessy2lo_56m_PGM_2Perc_coupling_errors_on_FLUX.rml
2025-02-08 00:26:09,224 - INFO - Prepared sim number: 49: RAYPy_Simulation_bessy2lo_56m_PGM_2Perc_coupling_errors_on_FLUX/round_0/49_bessy2lo_56m_PGM_2Perc_coupling_errors_on_FLUX.rml
2025-02-08 00:26:09,239 - INFO - Prepared sim number: 50: RAYPy_Simulation_bessy2lo_56m_PGM_2Perc_coupling_errors_on_FLUX/round_0/50_bessy2lo_56m_PGM_2Perc_coupling_errors_on_FLUX.rml
2025-02-08 00:26:09,256 - INFO - Prepared sim number: 51: RAYPy_Simulation_bessy2lo_56m_PGM_2Perc_coupling_errors_on_FLUX/round_0/51_bessy2lo_56m_PGM_2Perc_coupling_errors_on_FLUX.rml
2025-02-08 00:26:09,274 - INFO - Prepared sim number: 52: RAYPy_Simulation_bessy2lo_56m_PGM_2Perc_coupling_errors_on_FLUX/round_0/52_bessy2lo_56m_PGM_2Perc_coupling_errors_on_FLUX.rml
2025-02-08 00:26:09,291 - INFO - Prepared sim number: 53: RAYPy_Simulation_bessy2lo_56m_PGM_2Perc_coupling_errors_on_FLUX/round_0/53_bessy2lo_56m_PGM_2Perc_coupling_errors_on_FLUX.rml
2025-02-08 00:26:09,307 - INFO - Prepared sim number: 54: RAYPy_Simulation_bessy2lo_56m_PGM_2Perc_coupling_errors_on_FLUX/round_0/54_bessy2lo_56m_PGM_2Perc_coupling_errors_on_FLUX.rml
2025-02-08 00:26:09,325 - INFO - Prepared sim number: 55: RAYPy_Simulation_bessy2lo_56m_PGM_2Perc_coupling_errors_on_FLUX/round_0/55_bessy2lo_56m_PGM_2Perc_coupling_errors_on_FLUX.rml
2025-02-08 00:26:09,342 - INFO - Prepared sim number: 56: RAYPy_Simulation_bessy2lo_56m_PGM_2Perc_coupling_errors_on_FLUX/round_0/56_bessy2lo_56m_PGM_2Perc_coupling_errors_on_FLUX.rml
2025-02-08 00:26:09,359 - INFO - Prepared sim number: 57: RAYPy_Simulation_bessy2lo_56m_PGM_2Perc_coupling_errors_on_FLUX/round_0/57_bessy2lo_56m_PGM_2Perc_coupling_errors_on_FLUX.rml
2025-02-08 00:26:09,374 - INFO - Prepared sim number: 58: RAYPy_Simulation_bessy2lo_56m_PGM_2Perc_coupling_errors_on_FLUX/round_0/58_bessy2lo_56m_PGM_2Perc_coupling_errors_on_FLUX.rml
2025-02-08 00:26:09,389 - INFO - Prepared sim number: 59: RAYPy_Simulation_bessy2lo_56m_PGM_2Perc_coupling_errors_on_FLUX/round_0/59_bessy2lo_56m_PGM_2Perc_coupling_errors_on_FLUX.rml
2025-02-08 00:26:09,406 - INFO - Waiting for batch number: 0, timeout: 60s
2025-02-08 00:26:26,565 - INFO - Completed: 1, remaining: 59, RAYPy_Simulation_bessy2lo_56m_PGM_2Perc_coupling_errors_on_FLUX/round_0/4_bessy2lo_56m_PGM_2Perc_coupling_errors_on_FLUX.rml
2025-02-08 00:26:26,819 - INFO - Completed: 2, remaining: 58, RAYPy_Simulation_bessy2lo_56m_PGM_2Perc_coupling_errors_on_FLUX/round_0/5_bessy2lo_56m_PGM_2Perc_coupling_errors_on_FLUX.rml
2025-02-08 00:26:26,995 - INFO - Completed: 3, remaining: 57, RAYPy_Simulation_bessy2lo_56m_PGM_2Perc_coupling_errors_on_FLUX/round_0/10_bessy2lo_56m_PGM_2Perc_coupling_errors_on_FLUX.rml
2025-02-08 00:26:27,086 - INFO - Completed: 4, remaining: 56, RAYPy_Simulation_bessy2lo_56m_PGM_2Perc_coupling_errors_on_FLUX/round_0/6_bessy2lo_56m_PGM_2Perc_coupling_errors_on_FLUX.rml
2025-02-08 00:26:27,121 - INFO - Completed: 5, remaining: 55, RAYPy_Simulation_bessy2lo_56m_PGM_2Perc_coupling_errors_on_FLUX/round_0/7_bessy2lo_56m_PGM_2Perc_coupling_errors_on_FLUX.rml
2025-02-08 00:26:27,434 - INFO - Completed: 6, remaining: 54, RAYPy_Simulation_bessy2lo_56m_PGM_2Perc_coupling_errors_on_FLUX/round_0/1_bessy2lo_56m_PGM_2Perc_coupling_errors_on_FLUX.rml
2025-02-08 00:26:27,547 - INFO - Completed: 7, remaining: 53, RAYPy_Simulation_bessy2lo_56m_PGM_2Perc_coupling_errors_on_FLUX/round_0/11_bessy2lo_56m_PGM_2Perc_coupling_errors_on_FLUX.rml
2025-02-08 00:26:29,105 - INFO - Completed: 8, remaining: 52, RAYPy_Simulation_bessy2lo_56m_PGM_2Perc_coupling_errors_on_FLUX/round_0/9_bessy2lo_56m_PGM_2Perc_coupling_errors_on_FLUX.rml
2025-02-08 00:26:29,272 - INFO - Completed: 9, remaining: 51, RAYPy_Simulation_bessy2lo_56m_PGM_2Perc_coupling_errors_on_FLUX/round_0/8_bessy2lo_56m_PGM_2Perc_coupling_errors_on_FLUX.rml
2025-02-08 00:26:29,458 - INFO - Completed: 10, remaining: 50, RAYPy_Simulation_bessy2lo_56m_PGM_2Perc_coupling_errors_on_FLUX/round_0/3_bessy2lo_56m_PGM_2Perc_coupling_errors_on_FLUX.rml
2025-02-08 00:26:29,770 - INFO - Completed: 11, remaining: 49, RAYPy_Simulation_bessy2lo_56m_PGM_2Perc_coupling_errors_on_FLUX/round_0/0_bessy2lo_56m_PGM_2Perc_coupling_errors_on_FLUX.rml
2025-02-08 00:26:30,382 - INFO - Completed: 12, remaining: 48, RAYPy_Simulation_bessy2lo_56m_PGM_2Perc_coupling_errors_on_FLUX/round_0/2_bessy2lo_56m_PGM_2Perc_coupling_errors_on_FLUX.rml
2025-02-08 00:26:43,657 - INFO - Completed: 13, remaining: 47, RAYPy_Simulation_bessy2lo_56m_PGM_2Perc_coupling_errors_on_FLUX/round_0/12_bessy2lo_56m_PGM_2Perc_coupling_errors_on_FLUX.rml
2025-02-08 00:26:44,341 - INFO - Completed: 14, remaining: 46, RAYPy_Simulation_bessy2lo_56m_PGM_2Perc_coupling_errors_on_FLUX/round_0/13_bessy2lo_56m_PGM_2Perc_coupling_errors_on_FLUX.rml
2025-02-08 00:26:44,466 - INFO - Completed: 15, remaining: 45, RAYPy_Simulation_bessy2lo_56m_PGM_2Perc_coupling_errors_on_FLUX/round_0/15_bessy2lo_56m_PGM_2Perc_coupling_errors_on_FLUX.rml
2025-02-08 00:26:44,540 - INFO - Completed: 16, remaining: 44, RAYPy_Simulation_bessy2lo_56m_PGM_2Perc_coupling_errors_on_FLUX/round_0/14_bessy2lo_56m_PGM_2Perc_coupling_errors_on_FLUX.rml
2025-02-08 00:26:44,754 - INFO - Completed: 17, remaining: 43, RAYPy_Simulation_bessy2lo_56m_PGM_2Perc_coupling_errors_on_FLUX/round_0/16_bessy2lo_56m_PGM_2Perc_coupling_errors_on_FLUX.rml
2025-02-08 00:26:44,892 - INFO - Completed: 18, remaining: 42, RAYPy_Simulation_bessy2lo_56m_PGM_2Perc_coupling_errors_on_FLUX/round_0/17_bessy2lo_56m_PGM_2Perc_coupling_errors_on_FLUX.rml
2025-02-08 00:26:45,058 - INFO - Completed: 19, remaining: 41, RAYPy_Simulation_bessy2lo_56m_PGM_2Perc_coupling_errors_on_FLUX/round_0/18_bessy2lo_56m_PGM_2Perc_coupling_errors_on_FLUX.rml
2025-02-08 00:26:46,361 - INFO - Completed: 20, remaining: 40, RAYPy_Simulation_bessy2lo_56m_PGM_2Perc_coupling_errors_on_FLUX/round_0/20_bessy2lo_56m_PGM_2Perc_coupling_errors_on_FLUX.rml
2025-02-08 00:26:46,569 - INFO - Completed: 21, remaining: 39, RAYPy_Simulation_bessy2lo_56m_PGM_2Perc_coupling_errors_on_FLUX/round_0/21_bessy2lo_56m_PGM_2Perc_coupling_errors_on_FLUX.rml
2025-02-08 00:26:46,682 - INFO - Completed: 22, remaining: 38, RAYPy_Simulation_bessy2lo_56m_PGM_2Perc_coupling_errors_on_FLUX/round_0/19_bessy2lo_56m_PGM_2Perc_coupling_errors_on_FLUX.rml
2025-02-08 00:26:46,757 - INFO - Completed: 23, remaining: 37, RAYPy_Simulation_bessy2lo_56m_PGM_2Perc_coupling_errors_on_FLUX/round_0/22_bessy2lo_56m_PGM_2Perc_coupling_errors_on_FLUX.rml
2025-02-08 00:26:46,938 - INFO - Completed: 24, remaining: 36, RAYPy_Simulation_bessy2lo_56m_PGM_2Perc_coupling_errors_on_FLUX/round_0/23_bessy2lo_56m_PGM_2Perc_coupling_errors_on_FLUX.rml
2025-02-08 00:26:58,335 - INFO - Completed: 25, remaining: 35, RAYPy_Simulation_bessy2lo_56m_PGM_2Perc_coupling_errors_on_FLUX/round_0/24_bessy2lo_56m_PGM_2Perc_coupling_errors_on_FLUX.rml
2025-02-08 00:27:01,102 - INFO - Completed: 26, remaining: 34, RAYPy_Simulation_bessy2lo_56m_PGM_2Perc_coupling_errors_on_FLUX/round_0/25_bessy2lo_56m_PGM_2Perc_coupling_errors_on_FLUX.rml
2025-02-08 00:27:01,214 - INFO - Completed: 27, remaining: 33, RAYPy_Simulation_bessy2lo_56m_PGM_2Perc_coupling_errors_on_FLUX/round_0/26_bessy2lo_56m_PGM_2Perc_coupling_errors_on_FLUX.rml
2025-02-08 00:27:01,391 - INFO - Completed: 28, remaining: 32, RAYPy_Simulation_bessy2lo_56m_PGM_2Perc_coupling_errors_on_FLUX/round_0/28_bessy2lo_56m_PGM_2Perc_coupling_errors_on_FLUX.rml
2025-02-08 00:27:01,755 - INFO - Completed: 29, remaining: 31, RAYPy_Simulation_bessy2lo_56m_PGM_2Perc_coupling_errors_on_FLUX/round_0/29_bessy2lo_56m_PGM_2Perc_coupling_errors_on_FLUX.rml
2025-02-08 00:27:02,154 - INFO - Completed: 30, remaining: 30, RAYPy_Simulation_bessy2lo_56m_PGM_2Perc_coupling_errors_on_FLUX/round_0/27_bessy2lo_56m_PGM_2Perc_coupling_errors_on_FLUX.rml
2025-02-08 00:27:02,258 - INFO - Completed: 31, remaining: 29, RAYPy_Simulation_bessy2lo_56m_PGM_2Perc_coupling_errors_on_FLUX/round_0/30_bessy2lo_56m_PGM_2Perc_coupling_errors_on_FLUX.rml
2025-02-08 00:27:03,021 - INFO - Completed: 32, remaining: 28, RAYPy_Simulation_bessy2lo_56m_PGM_2Perc_coupling_errors_on_FLUX/round_0/31_bessy2lo_56m_PGM_2Perc_coupling_errors_on_FLUX.rml
2025-02-08 00:27:03,534 - INFO - Completed: 33, remaining: 27, RAYPy_Simulation_bessy2lo_56m_PGM_2Perc_coupling_errors_on_FLUX/round_0/33_bessy2lo_56m_PGM_2Perc_coupling_errors_on_FLUX.rml
2025-02-08 00:27:03,677 - INFO - Completed: 34, remaining: 26, RAYPy_Simulation_bessy2lo_56m_PGM_2Perc_coupling_errors_on_FLUX/round_0/32_bessy2lo_56m_PGM_2Perc_coupling_errors_on_FLUX.rml
2025-02-08 00:27:03,854 - INFO - Completed: 35, remaining: 25, RAYPy_Simulation_bessy2lo_56m_PGM_2Perc_coupling_errors_on_FLUX/round_0/34_bessy2lo_56m_PGM_2Perc_coupling_errors_on_FLUX.rml
2025-02-08 00:27:04,162 - INFO - Completed: 36, remaining: 24, RAYPy_Simulation_bessy2lo_56m_PGM_2Perc_coupling_errors_on_FLUX/round_0/35_bessy2lo_56m_PGM_2Perc_coupling_errors_on_FLUX.rml
2025-02-08 00:27:09,407 - INFO - Exception during simulation: 24 (of 60) futures unfinished
2025-02-08 00:27:14,658 - INFO - Waiting for file RAYPy_Simulation_bessy2lo_56m_PGM_2Perc_coupling_errors_on_FLUX/round_0/36_bessy2lo_56m_PGM_2Perc_coupling_errors_on_FLUX.rml, wait_time 21.39729182918866
2025-02-08 00:27:19,671 - INFO - Waiting for file RAYPy_Simulation_bessy2lo_56m_PGM_2Perc_coupling_errors_on_FLUX/round_0/37_bessy2lo_56m_PGM_2Perc_coupling_errors_on_FLUX.rml, wait_time 16.39729182918866
2025-02-08 00:27:24,741 - INFO - Waiting for file RAYPy_Simulation_bessy2lo_56m_PGM_2Perc_coupling_errors_on_FLUX/round_0/46_bessy2lo_56m_PGM_2Perc_coupling_errors_on_FLUX.rml, wait_time 11.39729182918866
2025-02-08 00:27:29,757 - INFO - Waiting for file RAYPy_Simulation_bessy2lo_56m_PGM_2Perc_coupling_errors_on_FLUX/round_0/49_bessy2lo_56m_PGM_2Perc_coupling_errors_on_FLUX.rml, wait_time 6.39729182918866
2025-02-08 00:27:34,760 - INFO - Waiting for file RAYPy_Simulation_bessy2lo_56m_PGM_2Perc_coupling_errors_on_FLUX/round_0/49_bessy2lo_56m_PGM_2Perc_coupling_errors_on_FLUX.rml, wait_time 1.39729182918866
2025-02-08 00:27:34,770 - INFO - Found all simulations of the batch, futures missed 24 simulations
2025-02-08 00:27:34,771 - INFO - Updated progress bar
2025-02-08 00:27:34,771 - INFO - Batch Completed
2025-02-08 00:27:34,772 - INFO - Waiting For batch, 60 simulations to go
2025-02-08 00:27:34,782 - INFO - Prepared sim number: 60: RAYPy_Simulation_bessy2lo_56m_PGM_2Perc_coupling_errors_on_FLUX/round_0/60_bessy2lo_56m_PGM_2Perc_coupling_errors_on_FLUX.rml
2025-02-08 00:27:34,801 - INFO - Prepared sim number: 61: RAYPy_Simulation_bessy2lo_56m_PGM_2Perc_coupling_errors_on_FLUX/round_0/61_bessy2lo_56m_PGM_2Perc_coupling_errors_on_FLUX.rml
2025-02-08 00:27:34,812 - INFO - Prepared sim number: 62: RAYPy_Simulation_bessy2lo_56m_PGM_2Perc_coupling_errors_on_FLUX/round_0/62_bessy2lo_56m_PGM_2Perc_coupling_errors_on_FLUX.rml
2025-02-08 00:27:34,826 - INFO - Prepared sim number: 63: RAYPy_Simulation_bessy2lo_56m_PGM_2Perc_coupling_errors_on_FLUX/round_0/63_bessy2lo_56m_PGM_2Perc_coupling_errors_on_FLUX.rml
2025-02-08 00:27:34,838 - INFO - Prepared sim number: 64: RAYPy_Simulation_bessy2lo_56m_PGM_2Perc_coupling_errors_on_FLUX/round_0/64_bessy2lo_56m_PGM_2Perc_coupling_errors_on_FLUX.rml
2025-02-08 00:27:34,849 - INFO - Prepared sim number: 65: RAYPy_Simulation_bessy2lo_56m_PGM_2Perc_coupling_errors_on_FLUX/round_0/65_bessy2lo_56m_PGM_2Perc_coupling_errors_on_FLUX.rml
2025-02-08 00:27:34,860 - INFO - Prepared sim number: 66: RAYPy_Simulation_bessy2lo_56m_PGM_2Perc_coupling_errors_on_FLUX/round_0/66_bessy2lo_56m_PGM_2Perc_coupling_errors_on_FLUX.rml
2025-02-08 00:27:34,869 - INFO - Prepared sim number: 67: RAYPy_Simulation_bessy2lo_56m_PGM_2Perc_coupling_errors_on_FLUX/round_0/67_bessy2lo_56m_PGM_2Perc_coupling_errors_on_FLUX.rml
2025-02-08 00:27:34,878 - INFO - Prepared sim number: 68: RAYPy_Simulation_bessy2lo_56m_PGM_2Perc_coupling_errors_on_FLUX/round_0/68_bessy2lo_56m_PGM_2Perc_coupling_errors_on_FLUX.rml
2025-02-08 00:27:34,888 - INFO - Prepared sim number: 69: RAYPy_Simulation_bessy2lo_56m_PGM_2Perc_coupling_errors_on_FLUX/round_0/69_bessy2lo_56m_PGM_2Perc_coupling_errors_on_FLUX.rml
2025-02-08 00:27:34,897 - INFO - Prepared sim number: 70: RAYPy_Simulation_bessy2lo_56m_PGM_2Perc_coupling_errors_on_FLUX/round_0/70_bessy2lo_56m_PGM_2Perc_coupling_errors_on_FLUX.rml
2025-02-08 00:27:34,907 - INFO - Prepared sim number: 71: RAYPy_Simulation_bessy2lo_56m_PGM_2Perc_coupling_errors_on_FLUX/round_0/71_bessy2lo_56m_PGM_2Perc_coupling_errors_on_FLUX.rml
2025-02-08 00:27:34,917 - INFO - Prepared sim number: 72: RAYPy_Simulation_bessy2lo_56m_PGM_2Perc_coupling_errors_on_FLUX/round_0/72_bessy2lo_56m_PGM_2Perc_coupling_errors_on_FLUX.rml
2025-02-08 00:27:34,926 - INFO - Prepared sim number: 73: RAYPy_Simulation_bessy2lo_56m_PGM_2Perc_coupling_errors_on_FLUX/round_0/73_bessy2lo_56m_PGM_2Perc_coupling_errors_on_FLUX.rml
2025-02-08 00:27:34,934 - INFO - Prepared sim number: 74: RAYPy_Simulation_bessy2lo_56m_PGM_2Perc_coupling_errors_on_FLUX/round_0/74_bessy2lo_56m_PGM_2Perc_coupling_errors_on_FLUX.rml
2025-02-08 00:27:34,942 - INFO - Prepared sim number: 75: RAYPy_Simulation_bessy2lo_56m_PGM_2Perc_coupling_errors_on_FLUX/round_0/75_bessy2lo_56m_PGM_2Perc_coupling_errors_on_FLUX.rml
2025-02-08 00:27:34,951 - INFO - Prepared sim number: 76: RAYPy_Simulation_bessy2lo_56m_PGM_2Perc_coupling_errors_on_FLUX/round_0/76_bessy2lo_56m_PGM_2Perc_coupling_errors_on_FLUX.rml
2025-02-08 00:27:34,960 - INFO - Prepared sim number: 77: RAYPy_Simulation_bessy2lo_56m_PGM_2Perc_coupling_errors_on_FLUX/round_0/77_bessy2lo_56m_PGM_2Perc_coupling_errors_on_FLUX.rml
2025-02-08 00:27:34,968 - INFO - Prepared sim number: 78: RAYPy_Simulation_bessy2lo_56m_PGM_2Perc_coupling_errors_on_FLUX/round_0/78_bessy2lo_56m_PGM_2Perc_coupling_errors_on_FLUX.rml
2025-02-08 00:27:34,977 - INFO - Prepared sim number: 79: RAYPy_Simulation_bessy2lo_56m_PGM_2Perc_coupling_errors_on_FLUX/round_0/79_bessy2lo_56m_PGM_2Perc_coupling_errors_on_FLUX.rml
2025-02-08 00:27:34,986 - INFO - Prepared sim number: 80: RAYPy_Simulation_bessy2lo_56m_PGM_2Perc_coupling_errors_on_FLUX/round_0/80_bessy2lo_56m_PGM_2Perc_coupling_errors_on_FLUX.rml
2025-02-08 00:27:34,994 - INFO - Prepared sim number: 81: RAYPy_Simulation_bessy2lo_56m_PGM_2Perc_coupling_errors_on_FLUX/round_0/81_bessy2lo_56m_PGM_2Perc_coupling_errors_on_FLUX.rml
2025-02-08 00:27:35,003 - INFO - Prepared sim number: 82: RAYPy_Simulation_bessy2lo_56m_PGM_2Perc_coupling_errors_on_FLUX/round_0/82_bessy2lo_56m_PGM_2Perc_coupling_errors_on_FLUX.rml
2025-02-08 00:27:35,011 - INFO - Prepared sim number: 83: RAYPy_Simulation_bessy2lo_56m_PGM_2Perc_coupling_errors_on_FLUX/round_0/83_bessy2lo_56m_PGM_2Perc_coupling_errors_on_FLUX.rml
2025-02-08 00:27:35,020 - INFO - Prepared sim number: 84: RAYPy_Simulation_bessy2lo_56m_PGM_2Perc_coupling_errors_on_FLUX/round_0/84_bessy2lo_56m_PGM_2Perc_coupling_errors_on_FLUX.rml
2025-02-08 00:27:35,029 - INFO - Prepared sim number: 85: RAYPy_Simulation_bessy2lo_56m_PGM_2Perc_coupling_errors_on_FLUX/round_0/85_bessy2lo_56m_PGM_2Perc_coupling_errors_on_FLUX.rml
2025-02-08 00:27:35,037 - INFO - Prepared sim number: 86: RAYPy_Simulation_bessy2lo_56m_PGM_2Perc_coupling_errors_on_FLUX/round_0/86_bessy2lo_56m_PGM_2Perc_coupling_errors_on_FLUX.rml
2025-02-08 00:27:35,046 - INFO - Prepared sim number: 87: RAYPy_Simulation_bessy2lo_56m_PGM_2Perc_coupling_errors_on_FLUX/round_0/87_bessy2lo_56m_PGM_2Perc_coupling_errors_on_FLUX.rml
2025-02-08 00:27:35,056 - INFO - Prepared sim number: 88: RAYPy_Simulation_bessy2lo_56m_PGM_2Perc_coupling_errors_on_FLUX/round_0/88_bessy2lo_56m_PGM_2Perc_coupling_errors_on_FLUX.rml
2025-02-08 00:27:35,065 - INFO - Prepared sim number: 89: RAYPy_Simulation_bessy2lo_56m_PGM_2Perc_coupling_errors_on_FLUX/round_0/89_bessy2lo_56m_PGM_2Perc_coupling_errors_on_FLUX.rml
2025-02-08 00:27:35,074 - INFO - Prepared sim number: 90: RAYPy_Simulation_bessy2lo_56m_PGM_2Perc_coupling_errors_on_FLUX/round_0/90_bessy2lo_56m_PGM_2Perc_coupling_errors_on_FLUX.rml
2025-02-08 00:27:35,082 - INFO - Prepared sim number: 91: RAYPy_Simulation_bessy2lo_56m_PGM_2Perc_coupling_errors_on_FLUX/round_0/91_bessy2lo_56m_PGM_2Perc_coupling_errors_on_FLUX.rml
2025-02-08 00:27:35,092 - INFO - Prepared sim number: 92: RAYPy_Simulation_bessy2lo_56m_PGM_2Perc_coupling_errors_on_FLUX/round_0/92_bessy2lo_56m_PGM_2Perc_coupling_errors_on_FLUX.rml
2025-02-08 00:27:35,101 - INFO - Prepared sim number: 93: RAYPy_Simulation_bessy2lo_56m_PGM_2Perc_coupling_errors_on_FLUX/round_0/93_bessy2lo_56m_PGM_2Perc_coupling_errors_on_FLUX.rml
2025-02-08 00:27:35,110 - INFO - Prepared sim number: 94: RAYPy_Simulation_bessy2lo_56m_PGM_2Perc_coupling_errors_on_FLUX/round_0/94_bessy2lo_56m_PGM_2Perc_coupling_errors_on_FLUX.rml
2025-02-08 00:27:35,119 - INFO - Prepared sim number: 95: RAYPy_Simulation_bessy2lo_56m_PGM_2Perc_coupling_errors_on_FLUX/round_0/95_bessy2lo_56m_PGM_2Perc_coupling_errors_on_FLUX.rml
2025-02-08 00:27:35,127 - INFO - Prepared sim number: 96: RAYPy_Simulation_bessy2lo_56m_PGM_2Perc_coupling_errors_on_FLUX/round_0/96_bessy2lo_56m_PGM_2Perc_coupling_errors_on_FLUX.rml
2025-02-08 00:27:35,136 - INFO - Prepared sim number: 97: RAYPy_Simulation_bessy2lo_56m_PGM_2Perc_coupling_errors_on_FLUX/round_0/97_bessy2lo_56m_PGM_2Perc_coupling_errors_on_FLUX.rml
2025-02-08 00:27:35,145 - INFO - Prepared sim number: 98: RAYPy_Simulation_bessy2lo_56m_PGM_2Perc_coupling_errors_on_FLUX/round_0/98_bessy2lo_56m_PGM_2Perc_coupling_errors_on_FLUX.rml
2025-02-08 00:27:35,154 - INFO - Prepared sim number: 99: RAYPy_Simulation_bessy2lo_56m_PGM_2Perc_coupling_errors_on_FLUX/round_0/99_bessy2lo_56m_PGM_2Perc_coupling_errors_on_FLUX.rml
2025-02-08 00:27:35,164 - INFO - Prepared sim number: 100: RAYPy_Simulation_bessy2lo_56m_PGM_2Perc_coupling_errors_on_FLUX/round_0/100_bessy2lo_56m_PGM_2Perc_coupling_errors_on_FLUX.rml
2025-02-08 00:27:35,173 - INFO - Prepared sim number: 101: RAYPy_Simulation_bessy2lo_56m_PGM_2Perc_coupling_errors_on_FLUX/round_0/101_bessy2lo_56m_PGM_2Perc_coupling_errors_on_FLUX.rml
2025-02-08 00:27:35,181 - INFO - Prepared sim number: 102: RAYPy_Simulation_bessy2lo_56m_PGM_2Perc_coupling_errors_on_FLUX/round_0/102_bessy2lo_56m_PGM_2Perc_coupling_errors_on_FLUX.rml
2025-02-08 00:27:35,190 - INFO - Prepared sim number: 103: RAYPy_Simulation_bessy2lo_56m_PGM_2Perc_coupling_errors_on_FLUX/round_0/103_bessy2lo_56m_PGM_2Perc_coupling_errors_on_FLUX.rml
2025-02-08 00:27:35,199 - INFO - Prepared sim number: 104: RAYPy_Simulation_bessy2lo_56m_PGM_2Perc_coupling_errors_on_FLUX/round_0/104_bessy2lo_56m_PGM_2Perc_coupling_errors_on_FLUX.rml
2025-02-08 00:27:35,208 - INFO - Prepared sim number: 105: RAYPy_Simulation_bessy2lo_56m_PGM_2Perc_coupling_errors_on_FLUX/round_0/105_bessy2lo_56m_PGM_2Perc_coupling_errors_on_FLUX.rml
2025-02-08 00:27:35,217 - INFO - Prepared sim number: 106: RAYPy_Simulation_bessy2lo_56m_PGM_2Perc_coupling_errors_on_FLUX/round_0/106_bessy2lo_56m_PGM_2Perc_coupling_errors_on_FLUX.rml
2025-02-08 00:27:35,226 - INFO - Prepared sim number: 107: RAYPy_Simulation_bessy2lo_56m_PGM_2Perc_coupling_errors_on_FLUX/round_0/107_bessy2lo_56m_PGM_2Perc_coupling_errors_on_FLUX.rml
2025-02-08 00:27:35,235 - INFO - Prepared sim number: 108: RAYPy_Simulation_bessy2lo_56m_PGM_2Perc_coupling_errors_on_FLUX/round_0/108_bessy2lo_56m_PGM_2Perc_coupling_errors_on_FLUX.rml
2025-02-08 00:27:35,244 - INFO - Prepared sim number: 109: RAYPy_Simulation_bessy2lo_56m_PGM_2Perc_coupling_errors_on_FLUX/round_0/109_bessy2lo_56m_PGM_2Perc_coupling_errors_on_FLUX.rml
2025-02-08 00:27:35,253 - INFO - Prepared sim number: 110: RAYPy_Simulation_bessy2lo_56m_PGM_2Perc_coupling_errors_on_FLUX/round_0/110_bessy2lo_56m_PGM_2Perc_coupling_errors_on_FLUX.rml
2025-02-08 00:27:35,263 - INFO - Prepared sim number: 111: RAYPy_Simulation_bessy2lo_56m_PGM_2Perc_coupling_errors_on_FLUX/round_0/111_bessy2lo_56m_PGM_2Perc_coupling_errors_on_FLUX.rml
2025-02-08 00:27:35,273 - INFO - Prepared sim number: 112: RAYPy_Simulation_bessy2lo_56m_PGM_2Perc_coupling_errors_on_FLUX/round_0/112_bessy2lo_56m_PGM_2Perc_coupling_errors_on_FLUX.rml
2025-02-08 00:27:35,281 - INFO - Prepared sim number: 113: RAYPy_Simulation_bessy2lo_56m_PGM_2Perc_coupling_errors_on_FLUX/round_0/113_bessy2lo_56m_PGM_2Perc_coupling_errors_on_FLUX.rml
2025-02-08 00:27:35,291 - INFO - Prepared sim number: 114: RAYPy_Simulation_bessy2lo_56m_PGM_2Perc_coupling_errors_on_FLUX/round_0/114_bessy2lo_56m_PGM_2Perc_coupling_errors_on_FLUX.rml
2025-02-08 00:27:35,300 - INFO - Prepared sim number: 115: RAYPy_Simulation_bessy2lo_56m_PGM_2Perc_coupling_errors_on_FLUX/round_0/115_bessy2lo_56m_PGM_2Perc_coupling_errors_on_FLUX.rml
2025-02-08 00:27:35,308 - INFO - Prepared sim number: 116: RAYPy_Simulation_bessy2lo_56m_PGM_2Perc_coupling_errors_on_FLUX/round_0/116_bessy2lo_56m_PGM_2Perc_coupling_errors_on_FLUX.rml
2025-02-08 00:27:35,317 - INFO - Prepared sim number: 117: RAYPy_Simulation_bessy2lo_56m_PGM_2Perc_coupling_errors_on_FLUX/round_0/117_bessy2lo_56m_PGM_2Perc_coupling_errors_on_FLUX.rml
2025-02-08 00:27:35,326 - INFO - Prepared sim number: 118: RAYPy_Simulation_bessy2lo_56m_PGM_2Perc_coupling_errors_on_FLUX/round_0/118_bessy2lo_56m_PGM_2Perc_coupling_errors_on_FLUX.rml
2025-02-08 00:27:35,335 - INFO - Prepared sim number: 119: RAYPy_Simulation_bessy2lo_56m_PGM_2Perc_coupling_errors_on_FLUX/round_0/119_bessy2lo_56m_PGM_2Perc_coupling_errors_on_FLUX.rml
2025-02-08 00:27:35,335 - INFO - Waiting for batch number: 1, timeout: 105.58916731675464s
2025-02-08 00:27:51,299 - INFO - Completed: 1, remaining: 59, RAYPy_Simulation_bessy2lo_56m_PGM_2Perc_coupling_errors_on_FLUX/round_0/70_bessy2lo_56m_PGM_2Perc_coupling_errors_on_FLUX.rml
2025-02-08 00:27:51,365 - INFO - Completed: 2, remaining: 58, RAYPy_Simulation_bessy2lo_56m_PGM_2Perc_coupling_errors_on_FLUX/round_0/60_bessy2lo_56m_PGM_2Perc_coupling_errors_on_FLUX.rml
2025-02-08 00:27:51,441 - INFO - Completed: 3, remaining: 57, RAYPy_Simulation_bessy2lo_56m_PGM_2Perc_coupling_errors_on_FLUX/round_0/61_bessy2lo_56m_PGM_2Perc_coupling_errors_on_FLUX.rml
2025-02-08 00:27:51,487 - INFO - Completed: 4, remaining: 56, RAYPy_Simulation_bessy2lo_56m_PGM_2Perc_coupling_errors_on_FLUX/round_0/68_bessy2lo_56m_PGM_2Perc_coupling_errors_on_FLUX.rml
2025-02-08 00:27:51,503 - INFO - Completed: 5, remaining: 55, RAYPy_Simulation_bessy2lo_56m_PGM_2Perc_coupling_errors_on_FLUX/round_0/63_bessy2lo_56m_PGM_2Perc_coupling_errors_on_FLUX.rml
2025-02-08 00:27:51,630 - INFO - Completed: 6, remaining: 54, RAYPy_Simulation_bessy2lo_56m_PGM_2Perc_coupling_errors_on_FLUX/round_0/69_bessy2lo_56m_PGM_2Perc_coupling_errors_on_FLUX.rml
2025-02-08 00:27:51,661 - INFO - Completed: 7, remaining: 53, RAYPy_Simulation_bessy2lo_56m_PGM_2Perc_coupling_errors_on_FLUX/round_0/71_bessy2lo_56m_PGM_2Perc_coupling_errors_on_FLUX.rml
2025-02-08 00:27:52,173 - INFO - Completed: 8, remaining: 52, RAYPy_Simulation_bessy2lo_56m_PGM_2Perc_coupling_errors_on_FLUX/round_0/62_bessy2lo_56m_PGM_2Perc_coupling_errors_on_FLUX.rml
2025-02-08 00:27:53,217 - INFO - Completed: 9, remaining: 51, RAYPy_Simulation_bessy2lo_56m_PGM_2Perc_coupling_errors_on_FLUX/round_0/65_bessy2lo_56m_PGM_2Perc_coupling_errors_on_FLUX.rml
2025-02-08 00:27:53,318 - INFO - Completed: 10, remaining: 50, RAYPy_Simulation_bessy2lo_56m_PGM_2Perc_coupling_errors_on_FLUX/round_0/66_bessy2lo_56m_PGM_2Perc_coupling_errors_on_FLUX.rml
2025-02-08 00:27:53,410 - INFO - Completed: 11, remaining: 49, RAYPy_Simulation_bessy2lo_56m_PGM_2Perc_coupling_errors_on_FLUX/round_0/64_bessy2lo_56m_PGM_2Perc_coupling_errors_on_FLUX.rml
2025-02-08 00:27:53,490 - INFO - Completed: 12, remaining: 48, RAYPy_Simulation_bessy2lo_56m_PGM_2Perc_coupling_errors_on_FLUX/round_0/67_bessy2lo_56m_PGM_2Perc_coupling_errors_on_FLUX.rml
2025-02-08 00:28:07,525 - INFO - Completed: 13, remaining: 47, RAYPy_Simulation_bessy2lo_56m_PGM_2Perc_coupling_errors_on_FLUX/round_0/74_bessy2lo_56m_PGM_2Perc_coupling_errors_on_FLUX.rml
2025-02-08 00:28:07,748 - INFO - Completed: 14, remaining: 46, RAYPy_Simulation_bessy2lo_56m_PGM_2Perc_coupling_errors_on_FLUX/round_0/75_bessy2lo_56m_PGM_2Perc_coupling_errors_on_FLUX.rml
2025-02-08 00:28:07,881 - INFO - Completed: 15, remaining: 45, RAYPy_Simulation_bessy2lo_56m_PGM_2Perc_coupling_errors_on_FLUX/round_0/77_bessy2lo_56m_PGM_2Perc_coupling_errors_on_FLUX.rml
2025-02-08 00:28:08,010 - INFO - Completed: 16, remaining: 44, RAYPy_Simulation_bessy2lo_56m_PGM_2Perc_coupling_errors_on_FLUX/round_0/76_bessy2lo_56m_PGM_2Perc_coupling_errors_on_FLUX.rml
2025-02-08 00:28:08,141 - INFO - Completed: 17, remaining: 43, RAYPy_Simulation_bessy2lo_56m_PGM_2Perc_coupling_errors_on_FLUX/round_0/73_bessy2lo_56m_PGM_2Perc_coupling_errors_on_FLUX.rml
2025-02-08 00:28:08,438 - INFO - Completed: 18, remaining: 42, RAYPy_Simulation_bessy2lo_56m_PGM_2Perc_coupling_errors_on_FLUX/round_0/72_bessy2lo_56m_PGM_2Perc_coupling_errors_on_FLUX.rml
2025-02-08 00:28:08,629 - INFO - Completed: 19, remaining: 41, RAYPy_Simulation_bessy2lo_56m_PGM_2Perc_coupling_errors_on_FLUX/round_0/78_bessy2lo_56m_PGM_2Perc_coupling_errors_on_FLUX.rml
2025-02-08 00:28:09,199 - INFO - Completed: 20, remaining: 40, RAYPy_Simulation_bessy2lo_56m_PGM_2Perc_coupling_errors_on_FLUX/round_0/81_bessy2lo_56m_PGM_2Perc_coupling_errors_on_FLUX.rml
2025-02-08 00:28:09,617 - INFO - Completed: 21, remaining: 39, RAYPy_Simulation_bessy2lo_56m_PGM_2Perc_coupling_errors_on_FLUX/round_0/80_bessy2lo_56m_PGM_2Perc_coupling_errors_on_FLUX.rml
2025-02-08 00:28:09,648 - INFO - Completed: 22, remaining: 38, RAYPy_Simulation_bessy2lo_56m_PGM_2Perc_coupling_errors_on_FLUX/round_0/83_bessy2lo_56m_PGM_2Perc_coupling_errors_on_FLUX.rml
2025-02-08 00:28:10,096 - INFO - Completed: 23, remaining: 37, RAYPy_Simulation_bessy2lo_56m_PGM_2Perc_coupling_errors_on_FLUX/round_0/82_bessy2lo_56m_PGM_2Perc_coupling_errors_on_FLUX.rml
2025-02-08 00:28:10,638 - INFO - Completed: 24, remaining: 36, RAYPy_Simulation_bessy2lo_56m_PGM_2Perc_coupling_errors_on_FLUX/round_0/79_bessy2lo_56m_PGM_2Perc_coupling_errors_on_FLUX.rml
2025-02-08 00:28:23,712 - INFO - Completed: 25, remaining: 35, RAYPy_Simulation_bessy2lo_56m_PGM_2Perc_coupling_errors_on_FLUX/round_0/85_bessy2lo_56m_PGM_2Perc_coupling_errors_on_FLUX.rml
2025-02-08 00:28:24,049 - INFO - Completed: 26, remaining: 34, RAYPy_Simulation_bessy2lo_56m_PGM_2Perc_coupling_errors_on_FLUX/round_0/86_bessy2lo_56m_PGM_2Perc_coupling_errors_on_FLUX.rml
2025-02-08 00:28:24,216 - INFO - Completed: 27, remaining: 33, RAYPy_Simulation_bessy2lo_56m_PGM_2Perc_coupling_errors_on_FLUX/round_0/84_bessy2lo_56m_PGM_2Perc_coupling_errors_on_FLUX.rml
2025-02-08 00:28:24,657 - INFO - Completed: 28, remaining: 32, RAYPy_Simulation_bessy2lo_56m_PGM_2Perc_coupling_errors_on_FLUX/round_0/88_bessy2lo_56m_PGM_2Perc_coupling_errors_on_FLUX.rml
2025-02-08 00:28:24,784 - INFO - Completed: 29, remaining: 31, RAYPy_Simulation_bessy2lo_56m_PGM_2Perc_coupling_errors_on_FLUX/round_0/89_bessy2lo_56m_PGM_2Perc_coupling_errors_on_FLUX.rml
2025-02-08 00:28:25,148 - INFO - Completed: 30, remaining: 30, RAYPy_Simulation_bessy2lo_56m_PGM_2Perc_coupling_errors_on_FLUX/round_0/90_bessy2lo_56m_PGM_2Perc_coupling_errors_on_FLUX.rml
2025-02-08 00:28:25,786 - INFO - Completed: 31, remaining: 29, RAYPy_Simulation_bessy2lo_56m_PGM_2Perc_coupling_errors_on_FLUX/round_0/87_bessy2lo_56m_PGM_2Perc_coupling_errors_on_FLUX.rml
2025-02-08 00:28:26,000 - INFO - Completed: 32, remaining: 28, RAYPy_Simulation_bessy2lo_56m_PGM_2Perc_coupling_errors_on_FLUX/round_0/91_bessy2lo_56m_PGM_2Perc_coupling_errors_on_FLUX.rml
2025-02-08 00:28:26,064 - INFO - Completed: 33, remaining: 27, RAYPy_Simulation_bessy2lo_56m_PGM_2Perc_coupling_errors_on_FLUX/round_0/93_bessy2lo_56m_PGM_2Perc_coupling_errors_on_FLUX.rml
2025-02-08 00:28:26,308 - INFO - Completed: 34, remaining: 26, RAYPy_Simulation_bessy2lo_56m_PGM_2Perc_coupling_errors_on_FLUX/round_0/94_bessy2lo_56m_PGM_2Perc_coupling_errors_on_FLUX.rml
2025-02-08 00:28:26,556 - INFO - Completed: 35, remaining: 25, RAYPy_Simulation_bessy2lo_56m_PGM_2Perc_coupling_errors_on_FLUX/round_0/92_bessy2lo_56m_PGM_2Perc_coupling_errors_on_FLUX.rml
2025-02-08 00:28:26,667 - INFO - Completed: 36, remaining: 24, RAYPy_Simulation_bessy2lo_56m_PGM_2Perc_coupling_errors_on_FLUX/round_0/95_bessy2lo_56m_PGM_2Perc_coupling_errors_on_FLUX.rml
2025-02-08 00:28:38,415 - INFO - Completed: 37, remaining: 23, RAYPy_Simulation_bessy2lo_56m_PGM_2Perc_coupling_errors_on_FLUX/round_0/96_bessy2lo_56m_PGM_2Perc_coupling_errors_on_FLUX.rml
2025-02-08 00:28:40,216 - INFO - Completed: 38, remaining: 22, RAYPy_Simulation_bessy2lo_56m_PGM_2Perc_coupling_errors_on_FLUX/round_0/98_bessy2lo_56m_PGM_2Perc_coupling_errors_on_FLUX.rml
2025-02-08 00:28:41,543 - INFO - Completed: 39, remaining: 21, RAYPy_Simulation_bessy2lo_56m_PGM_2Perc_coupling_errors_on_FLUX/round_0/99_bessy2lo_56m_PGM_2Perc_coupling_errors_on_FLUX.rml
2025-02-08 00:28:42,280 - INFO - Completed: 40, remaining: 20, RAYPy_Simulation_bessy2lo_56m_PGM_2Perc_coupling_errors_on_FLUX/round_0/101_bessy2lo_56m_PGM_2Perc_coupling_errors_on_FLUX.rml
2025-02-08 00:28:42,432 - INFO - Completed: 41, remaining: 19, RAYPy_Simulation_bessy2lo_56m_PGM_2Perc_coupling_errors_on_FLUX/round_0/100_bessy2lo_56m_PGM_2Perc_coupling_errors_on_FLUX.rml
2025-02-08 00:28:43,068 - INFO - Completed: 42, remaining: 18, RAYPy_Simulation_bessy2lo_56m_PGM_2Perc_coupling_errors_on_FLUX/round_0/102_bessy2lo_56m_PGM_2Perc_coupling_errors_on_FLUX.rml
2025-02-08 00:28:43,254 - INFO - Completed: 43, remaining: 17, RAYPy_Simulation_bessy2lo_56m_PGM_2Perc_coupling_errors_on_FLUX/round_0/104_bessy2lo_56m_PGM_2Perc_coupling_errors_on_FLUX.rml
2025-02-08 00:28:43,270 - INFO - Completed: 44, remaining: 16, RAYPy_Simulation_bessy2lo_56m_PGM_2Perc_coupling_errors_on_FLUX/round_0/97_bessy2lo_56m_PGM_2Perc_coupling_errors_on_FLUX.rml
2025-02-08 00:28:43,396 - INFO - Completed: 45, remaining: 15, RAYPy_Simulation_bessy2lo_56m_PGM_2Perc_coupling_errors_on_FLUX/round_0/103_bessy2lo_56m_PGM_2Perc_coupling_errors_on_FLUX.rml
2025-02-08 00:28:43,519 - INFO - Completed: 46, remaining: 14, RAYPy_Simulation_bessy2lo_56m_PGM_2Perc_coupling_errors_on_FLUX/round_0/105_bessy2lo_56m_PGM_2Perc_coupling_errors_on_FLUX.rml
2025-02-08 00:28:43,853 - INFO - Completed: 47, remaining: 13, RAYPy_Simulation_bessy2lo_56m_PGM_2Perc_coupling_errors_on_FLUX/round_0/107_bessy2lo_56m_PGM_2Perc_coupling_errors_on_FLUX.rml
2025-02-08 00:28:44,133 - INFO - Completed: 48, remaining: 12, RAYPy_Simulation_bessy2lo_56m_PGM_2Perc_coupling_errors_on_FLUX/round_0/106_bessy2lo_56m_PGM_2Perc_coupling_errors_on_FLUX.rml
2025-02-08 00:28:50,731 - INFO - Completed: 49, remaining: 11, RAYPy_Simulation_bessy2lo_56m_PGM_2Perc_coupling_errors_on_FLUX/round_0/108_bessy2lo_56m_PGM_2Perc_coupling_errors_on_FLUX.rml
2025-02-08 00:28:53,865 - INFO - Completed: 50, remaining: 10, RAYPy_Simulation_bessy2lo_56m_PGM_2Perc_coupling_errors_on_FLUX/round_0/109_bessy2lo_56m_PGM_2Perc_coupling_errors_on_FLUX.rml
2025-02-08 00:28:56,594 - INFO - Completed: 51, remaining: 9, RAYPy_Simulation_bessy2lo_56m_PGM_2Perc_coupling_errors_on_FLUX/round_0/110_bessy2lo_56m_PGM_2Perc_coupling_errors_on_FLUX.rml
2025-02-08 00:28:57,523 - INFO - Completed: 52, remaining: 8, RAYPy_Simulation_bessy2lo_56m_PGM_2Perc_coupling_errors_on_FLUX/round_0/111_bessy2lo_56m_PGM_2Perc_coupling_errors_on_FLUX.rml
2025-02-08 00:28:58,195 - INFO - Completed: 53, remaining: 7, RAYPy_Simulation_bessy2lo_56m_PGM_2Perc_coupling_errors_on_FLUX/round_0/112_bessy2lo_56m_PGM_2Perc_coupling_errors_on_FLUX.rml
2025-02-08 00:28:58,527 - INFO - Completed: 54, remaining: 6, RAYPy_Simulation_bessy2lo_56m_PGM_2Perc_coupling_errors_on_FLUX/round_0/117_bessy2lo_56m_PGM_2Perc_coupling_errors_on_FLUX.rml
2025-02-08 00:28:58,634 - INFO - Completed: 55, remaining: 5, RAYPy_Simulation_bessy2lo_56m_PGM_2Perc_coupling_errors_on_FLUX/round_0/113_bessy2lo_56m_PGM_2Perc_coupling_errors_on_FLUX.rml
2025-02-08 00:28:58,674 - INFO - Completed: 56, remaining: 4, RAYPy_Simulation_bessy2lo_56m_PGM_2Perc_coupling_errors_on_FLUX/round_0/114_bessy2lo_56m_PGM_2Perc_coupling_errors_on_FLUX.rml
2025-02-08 00:28:58,726 - INFO - Completed: 57, remaining: 3, RAYPy_Simulation_bessy2lo_56m_PGM_2Perc_coupling_errors_on_FLUX/round_0/118_bessy2lo_56m_PGM_2Perc_coupling_errors_on_FLUX.rml
2025-02-08 00:28:58,765 - INFO - Completed: 58, remaining: 2, RAYPy_Simulation_bessy2lo_56m_PGM_2Perc_coupling_errors_on_FLUX/round_0/119_bessy2lo_56m_PGM_2Perc_coupling_errors_on_FLUX.rml
2025-02-08 00:28:58,784 - INFO - Completed: 59, remaining: 1, RAYPy_Simulation_bessy2lo_56m_PGM_2Perc_coupling_errors_on_FLUX/round_0/116_bessy2lo_56m_PGM_2Perc_coupling_errors_on_FLUX.rml
2025-02-08 00:28:58,839 - INFO - Completed: 60, remaining: 0, RAYPy_Simulation_bessy2lo_56m_PGM_2Perc_coupling_errors_on_FLUX/round_0/115_bessy2lo_56m_PGM_2Perc_coupling_errors_on_FLUX.rml
2025-02-08 00:28:58,839 - INFO - Batch Completed
2025-02-08 00:28:58,839 - INFO - Waiting For batch, 60 simulations to go
2025-02-08 00:28:58,854 - INFO - Prepared sim number: 120: RAYPy_Simulation_bessy2lo_56m_PGM_2Perc_coupling_errors_on_FLUX/round_0/120_bessy2lo_56m_PGM_2Perc_coupling_errors_on_FLUX.rml
2025-02-08 00:28:58,871 - INFO - Prepared sim number: 121: RAYPy_Simulation_bessy2lo_56m_PGM_2Perc_coupling_errors_on_FLUX/round_0/121_bessy2lo_56m_PGM_2Perc_coupling_errors_on_FLUX.rml
2025-02-08 00:28:58,882 - INFO - Prepared sim number: 122: RAYPy_Simulation_bessy2lo_56m_PGM_2Perc_coupling_errors_on_FLUX/round_0/122_bessy2lo_56m_PGM_2Perc_coupling_errors_on_FLUX.rml
2025-02-08 00:28:58,883 - INFO - Start round 1
2025-02-08 00:28:58,888 - INFO - Prepared sim number: 0: RAYPy_Simulation_bessy2lo_56m_PGM_2Perc_coupling_errors_on_FLUX/round_1/0_bessy2lo_56m_PGM_2Perc_coupling_errors_on_FLUX.rml
2025-02-08 00:28:58,895 - INFO - Prepared sim number: 1: RAYPy_Simulation_bessy2lo_56m_PGM_2Perc_coupling_errors_on_FLUX/round_1/1_bessy2lo_56m_PGM_2Perc_coupling_errors_on_FLUX.rml
2025-02-08 00:28:58,900 - INFO - Prepared sim number: 2: RAYPy_Simulation_bessy2lo_56m_PGM_2Perc_coupling_errors_on_FLUX/round_1/2_bessy2lo_56m_PGM_2Perc_coupling_errors_on_FLUX.rml
2025-02-08 00:28:58,905 - INFO - Prepared sim number: 3: RAYPy_Simulation_bessy2lo_56m_PGM_2Perc_coupling_errors_on_FLUX/round_1/3_bessy2lo_56m_PGM_2Perc_coupling_errors_on_FLUX.rml
2025-02-08 00:28:58,909 - INFO - Prepared sim number: 4: RAYPy_Simulation_bessy2lo_56m_PGM_2Perc_coupling_errors_on_FLUX/round_1/4_bessy2lo_56m_PGM_2Perc_coupling_errors_on_FLUX.rml
2025-02-08 00:28:58,914 - INFO - Prepared sim number: 5: RAYPy_Simulation_bessy2lo_56m_PGM_2Perc_coupling_errors_on_FLUX/round_1/5_bessy2lo_56m_PGM_2Perc_coupling_errors_on_FLUX.rml
2025-02-08 00:28:58,919 - INFO - Prepared sim number: 6: RAYPy_Simulation_bessy2lo_56m_PGM_2Perc_coupling_errors_on_FLUX/round_1/6_bessy2lo_56m_PGM_2Perc_coupling_errors_on_FLUX.rml
2025-02-08 00:28:58,924 - INFO - Prepared sim number: 7: RAYPy_Simulation_bessy2lo_56m_PGM_2Perc_coupling_errors_on_FLUX/round_1/7_bessy2lo_56m_PGM_2Perc_coupling_errors_on_FLUX.rml
2025-02-08 00:28:58,928 - INFO - Prepared sim number: 8: RAYPy_Simulation_bessy2lo_56m_PGM_2Perc_coupling_errors_on_FLUX/round_1/8_bessy2lo_56m_PGM_2Perc_coupling_errors_on_FLUX.rml
2025-02-08 00:28:58,932 - INFO - Prepared sim number: 9: RAYPy_Simulation_bessy2lo_56m_PGM_2Perc_coupling_errors_on_FLUX/round_1/9_bessy2lo_56m_PGM_2Perc_coupling_errors_on_FLUX.rml
2025-02-08 00:28:58,937 - INFO - Prepared sim number: 10: RAYPy_Simulation_bessy2lo_56m_PGM_2Perc_coupling_errors_on_FLUX/round_1/10_bessy2lo_56m_PGM_2Perc_coupling_errors_on_FLUX.rml
2025-02-08 00:28:58,941 - INFO - Prepared sim number: 11: RAYPy_Simulation_bessy2lo_56m_PGM_2Perc_coupling_errors_on_FLUX/round_1/11_bessy2lo_56m_PGM_2Perc_coupling_errors_on_FLUX.rml
2025-02-08 00:28:58,945 - INFO - Prepared sim number: 12: RAYPy_Simulation_bessy2lo_56m_PGM_2Perc_coupling_errors_on_FLUX/round_1/12_bessy2lo_56m_PGM_2Perc_coupling_errors_on_FLUX.rml
2025-02-08 00:28:58,950 - INFO - Prepared sim number: 13: RAYPy_Simulation_bessy2lo_56m_PGM_2Perc_coupling_errors_on_FLUX/round_1/13_bessy2lo_56m_PGM_2Perc_coupling_errors_on_FLUX.rml
2025-02-08 00:28:58,954 - INFO - Prepared sim number: 14: RAYPy_Simulation_bessy2lo_56m_PGM_2Perc_coupling_errors_on_FLUX/round_1/14_bessy2lo_56m_PGM_2Perc_coupling_errors_on_FLUX.rml
2025-02-08 00:28:58,959 - INFO - Prepared sim number: 15: RAYPy_Simulation_bessy2lo_56m_PGM_2Perc_coupling_errors_on_FLUX/round_1/15_bessy2lo_56m_PGM_2Perc_coupling_errors_on_FLUX.rml
2025-02-08 00:28:58,963 - INFO - Prepared sim number: 16: RAYPy_Simulation_bessy2lo_56m_PGM_2Perc_coupling_errors_on_FLUX/round_1/16_bessy2lo_56m_PGM_2Perc_coupling_errors_on_FLUX.rml
2025-02-08 00:28:58,967 - INFO - Prepared sim number: 17: RAYPy_Simulation_bessy2lo_56m_PGM_2Perc_coupling_errors_on_FLUX/round_1/17_bessy2lo_56m_PGM_2Perc_coupling_errors_on_FLUX.rml
2025-02-08 00:28:58,972 - INFO - Prepared sim number: 18: RAYPy_Simulation_bessy2lo_56m_PGM_2Perc_coupling_errors_on_FLUX/round_1/18_bessy2lo_56m_PGM_2Perc_coupling_errors_on_FLUX.rml
2025-02-08 00:28:58,976 - INFO - Prepared sim number: 19: RAYPy_Simulation_bessy2lo_56m_PGM_2Perc_coupling_errors_on_FLUX/round_1/19_bessy2lo_56m_PGM_2Perc_coupling_errors_on_FLUX.rml
2025-02-08 00:28:58,981 - INFO - Prepared sim number: 20: RAYPy_Simulation_bessy2lo_56m_PGM_2Perc_coupling_errors_on_FLUX/round_1/20_bessy2lo_56m_PGM_2Perc_coupling_errors_on_FLUX.rml
2025-02-08 00:28:58,985 - INFO - Prepared sim number: 21: RAYPy_Simulation_bessy2lo_56m_PGM_2Perc_coupling_errors_on_FLUX/round_1/21_bessy2lo_56m_PGM_2Perc_coupling_errors_on_FLUX.rml
2025-02-08 00:28:58,989 - INFO - Prepared sim number: 22: RAYPy_Simulation_bessy2lo_56m_PGM_2Perc_coupling_errors_on_FLUX/round_1/22_bessy2lo_56m_PGM_2Perc_coupling_errors_on_FLUX.rml
2025-02-08 00:28:58,993 - INFO - Prepared sim number: 23: RAYPy_Simulation_bessy2lo_56m_PGM_2Perc_coupling_errors_on_FLUX/round_1/23_bessy2lo_56m_PGM_2Perc_coupling_errors_on_FLUX.rml
2025-02-08 00:28:58,997 - INFO - Prepared sim number: 24: RAYPy_Simulation_bessy2lo_56m_PGM_2Perc_coupling_errors_on_FLUX/round_1/24_bessy2lo_56m_PGM_2Perc_coupling_errors_on_FLUX.rml
2025-02-08 00:28:59,002 - INFO - Prepared sim number: 25: RAYPy_Simulation_bessy2lo_56m_PGM_2Perc_coupling_errors_on_FLUX/round_1/25_bessy2lo_56m_PGM_2Perc_coupling_errors_on_FLUX.rml
2025-02-08 00:28:59,007 - INFO - Prepared sim number: 26: RAYPy_Simulation_bessy2lo_56m_PGM_2Perc_coupling_errors_on_FLUX/round_1/26_bessy2lo_56m_PGM_2Perc_coupling_errors_on_FLUX.rml
2025-02-08 00:28:59,011 - INFO - Prepared sim number: 27: RAYPy_Simulation_bessy2lo_56m_PGM_2Perc_coupling_errors_on_FLUX/round_1/27_bessy2lo_56m_PGM_2Perc_coupling_errors_on_FLUX.rml
2025-02-08 00:28:59,015 - INFO - Prepared sim number: 28: RAYPy_Simulation_bessy2lo_56m_PGM_2Perc_coupling_errors_on_FLUX/round_1/28_bessy2lo_56m_PGM_2Perc_coupling_errors_on_FLUX.rml
2025-02-08 00:28:59,019 - INFO - Prepared sim number: 29: RAYPy_Simulation_bessy2lo_56m_PGM_2Perc_coupling_errors_on_FLUX/round_1/29_bessy2lo_56m_PGM_2Perc_coupling_errors_on_FLUX.rml
2025-02-08 00:28:59,023 - INFO - Prepared sim number: 30: RAYPy_Simulation_bessy2lo_56m_PGM_2Perc_coupling_errors_on_FLUX/round_1/30_bessy2lo_56m_PGM_2Perc_coupling_errors_on_FLUX.rml
2025-02-08 00:28:59,027 - INFO - Prepared sim number: 31: RAYPy_Simulation_bessy2lo_56m_PGM_2Perc_coupling_errors_on_FLUX/round_1/31_bessy2lo_56m_PGM_2Perc_coupling_errors_on_FLUX.rml
2025-02-08 00:28:59,032 - INFO - Prepared sim number: 32: RAYPy_Simulation_bessy2lo_56m_PGM_2Perc_coupling_errors_on_FLUX/round_1/32_bessy2lo_56m_PGM_2Perc_coupling_errors_on_FLUX.rml
2025-02-08 00:28:59,036 - INFO - Prepared sim number: 33: RAYPy_Simulation_bessy2lo_56m_PGM_2Perc_coupling_errors_on_FLUX/round_1/33_bessy2lo_56m_PGM_2Perc_coupling_errors_on_FLUX.rml
2025-02-08 00:28:59,041 - INFO - Prepared sim number: 34: RAYPy_Simulation_bessy2lo_56m_PGM_2Perc_coupling_errors_on_FLUX/round_1/34_bessy2lo_56m_PGM_2Perc_coupling_errors_on_FLUX.rml
2025-02-08 00:28:59,045 - INFO - Prepared sim number: 35: RAYPy_Simulation_bessy2lo_56m_PGM_2Perc_coupling_errors_on_FLUX/round_1/35_bessy2lo_56m_PGM_2Perc_coupling_errors_on_FLUX.rml
2025-02-08 00:28:59,049 - INFO - Prepared sim number: 36: RAYPy_Simulation_bessy2lo_56m_PGM_2Perc_coupling_errors_on_FLUX/round_1/36_bessy2lo_56m_PGM_2Perc_coupling_errors_on_FLUX.rml
2025-02-08 00:28:59,053 - INFO - Prepared sim number: 37: RAYPy_Simulation_bessy2lo_56m_PGM_2Perc_coupling_errors_on_FLUX/round_1/37_bessy2lo_56m_PGM_2Perc_coupling_errors_on_FLUX.rml
2025-02-08 00:28:59,057 - INFO - Prepared sim number: 38: RAYPy_Simulation_bessy2lo_56m_PGM_2Perc_coupling_errors_on_FLUX/round_1/38_bessy2lo_56m_PGM_2Perc_coupling_errors_on_FLUX.rml
2025-02-08 00:28:59,061 - INFO - Prepared sim number: 39: RAYPy_Simulation_bessy2lo_56m_PGM_2Perc_coupling_errors_on_FLUX/round_1/39_bessy2lo_56m_PGM_2Perc_coupling_errors_on_FLUX.rml
2025-02-08 00:28:59,065 - INFO - Prepared sim number: 40: RAYPy_Simulation_bessy2lo_56m_PGM_2Perc_coupling_errors_on_FLUX/round_1/40_bessy2lo_56m_PGM_2Perc_coupling_errors_on_FLUX.rml
2025-02-08 00:28:59,070 - INFO - Prepared sim number: 41: RAYPy_Simulation_bessy2lo_56m_PGM_2Perc_coupling_errors_on_FLUX/round_1/41_bessy2lo_56m_PGM_2Perc_coupling_errors_on_FLUX.rml
2025-02-08 00:28:59,074 - INFO - Prepared sim number: 42: RAYPy_Simulation_bessy2lo_56m_PGM_2Perc_coupling_errors_on_FLUX/round_1/42_bessy2lo_56m_PGM_2Perc_coupling_errors_on_FLUX.rml
2025-02-08 00:28:59,078 - INFO - Prepared sim number: 43: RAYPy_Simulation_bessy2lo_56m_PGM_2Perc_coupling_errors_on_FLUX/round_1/43_bessy2lo_56m_PGM_2Perc_coupling_errors_on_FLUX.rml
2025-02-08 00:28:59,082 - INFO - Prepared sim number: 44: RAYPy_Simulation_bessy2lo_56m_PGM_2Perc_coupling_errors_on_FLUX/round_1/44_bessy2lo_56m_PGM_2Perc_coupling_errors_on_FLUX.rml
2025-02-08 00:28:59,087 - INFO - Prepared sim number: 45: RAYPy_Simulation_bessy2lo_56m_PGM_2Perc_coupling_errors_on_FLUX/round_1/45_bessy2lo_56m_PGM_2Perc_coupling_errors_on_FLUX.rml
2025-02-08 00:28:59,090 - INFO - Prepared sim number: 46: RAYPy_Simulation_bessy2lo_56m_PGM_2Perc_coupling_errors_on_FLUX/round_1/46_bessy2lo_56m_PGM_2Perc_coupling_errors_on_FLUX.rml
2025-02-08 00:28:59,095 - INFO - Prepared sim number: 47: RAYPy_Simulation_bessy2lo_56m_PGM_2Perc_coupling_errors_on_FLUX/round_1/47_bessy2lo_56m_PGM_2Perc_coupling_errors_on_FLUX.rml
2025-02-08 00:28:59,099 - INFO - Prepared sim number: 48: RAYPy_Simulation_bessy2lo_56m_PGM_2Perc_coupling_errors_on_FLUX/round_1/48_bessy2lo_56m_PGM_2Perc_coupling_errors_on_FLUX.rml
2025-02-08 00:28:59,103 - INFO - Prepared sim number: 49: RAYPy_Simulation_bessy2lo_56m_PGM_2Perc_coupling_errors_on_FLUX/round_1/49_bessy2lo_56m_PGM_2Perc_coupling_errors_on_FLUX.rml
2025-02-08 00:28:59,107 - INFO - Prepared sim number: 50: RAYPy_Simulation_bessy2lo_56m_PGM_2Perc_coupling_errors_on_FLUX/round_1/50_bessy2lo_56m_PGM_2Perc_coupling_errors_on_FLUX.rml
2025-02-08 00:28:59,111 - INFO - Prepared sim number: 51: RAYPy_Simulation_bessy2lo_56m_PGM_2Perc_coupling_errors_on_FLUX/round_1/51_bessy2lo_56m_PGM_2Perc_coupling_errors_on_FLUX.rml
2025-02-08 00:28:59,115 - INFO - Prepared sim number: 52: RAYPy_Simulation_bessy2lo_56m_PGM_2Perc_coupling_errors_on_FLUX/round_1/52_bessy2lo_56m_PGM_2Perc_coupling_errors_on_FLUX.rml
2025-02-08 00:28:59,119 - INFO - Prepared sim number: 53: RAYPy_Simulation_bessy2lo_56m_PGM_2Perc_coupling_errors_on_FLUX/round_1/53_bessy2lo_56m_PGM_2Perc_coupling_errors_on_FLUX.rml
2025-02-08 00:28:59,123 - INFO - Prepared sim number: 54: RAYPy_Simulation_bessy2lo_56m_PGM_2Perc_coupling_errors_on_FLUX/round_1/54_bessy2lo_56m_PGM_2Perc_coupling_errors_on_FLUX.rml
2025-02-08 00:28:59,127 - INFO - Prepared sim number: 55: RAYPy_Simulation_bessy2lo_56m_PGM_2Perc_coupling_errors_on_FLUX/round_1/55_bessy2lo_56m_PGM_2Perc_coupling_errors_on_FLUX.rml
2025-02-08 00:28:59,131 - INFO - Prepared sim number: 56: RAYPy_Simulation_bessy2lo_56m_PGM_2Perc_coupling_errors_on_FLUX/round_1/56_bessy2lo_56m_PGM_2Perc_coupling_errors_on_FLUX.rml
2025-02-08 00:28:59,131 - INFO - Waiting for batch number: 2, timeout: 101.08281140029432s
2025-02-08 00:29:14,159 - INFO - Completed: 1, remaining: 59, RAYPy_Simulation_bessy2lo_56m_PGM_2Perc_coupling_errors_on_FLUX/round_0/120_bessy2lo_56m_PGM_2Perc_coupling_errors_on_FLUX.rml
2025-02-08 00:29:14,628 - INFO - Completed: 2, remaining: 58, RAYPy_Simulation_bessy2lo_56m_PGM_2Perc_coupling_errors_on_FLUX/round_1/7_bessy2lo_56m_PGM_2Perc_coupling_errors_on_FLUX.rml
2025-02-08 00:29:14,666 - INFO - Completed: 3, remaining: 57, RAYPy_Simulation_bessy2lo_56m_PGM_2Perc_coupling_errors_on_FLUX/round_1/8_bessy2lo_56m_PGM_2Perc_coupling_errors_on_FLUX.rml
2025-02-08 00:29:14,871 - INFO - Completed: 4, remaining: 56, RAYPy_Simulation_bessy2lo_56m_PGM_2Perc_coupling_errors_on_FLUX/round_1/5_bessy2lo_56m_PGM_2Perc_coupling_errors_on_FLUX.rml
2025-02-08 00:29:15,613 - INFO - Completed: 5, remaining: 55, RAYPy_Simulation_bessy2lo_56m_PGM_2Perc_coupling_errors_on_FLUX/round_1/2_bessy2lo_56m_PGM_2Perc_coupling_errors_on_FLUX.rml
2025-02-08 00:29:15,757 - INFO - Completed: 6, remaining: 54, RAYPy_Simulation_bessy2lo_56m_PGM_2Perc_coupling_errors_on_FLUX/round_1/4_bessy2lo_56m_PGM_2Perc_coupling_errors_on_FLUX.rml
2025-02-08 00:29:15,823 - INFO - Completed: 7, remaining: 53, RAYPy_Simulation_bessy2lo_56m_PGM_2Perc_coupling_errors_on_FLUX/round_1/1_bessy2lo_56m_PGM_2Perc_coupling_errors_on_FLUX.rml
2025-02-08 00:29:15,903 - INFO - Completed: 8, remaining: 52, RAYPy_Simulation_bessy2lo_56m_PGM_2Perc_coupling_errors_on_FLUX/round_1/0_bessy2lo_56m_PGM_2Perc_coupling_errors_on_FLUX.rml
2025-02-08 00:29:16,885 - INFO - Completed: 9, remaining: 51, RAYPy_Simulation_bessy2lo_56m_PGM_2Perc_coupling_errors_on_FLUX/round_0/122_bessy2lo_56m_PGM_2Perc_coupling_errors_on_FLUX.rml
2025-02-08 00:29:17,027 - INFO - Completed: 10, remaining: 50, RAYPy_Simulation_bessy2lo_56m_PGM_2Perc_coupling_errors_on_FLUX/round_1/6_bessy2lo_56m_PGM_2Perc_coupling_errors_on_FLUX.rml
2025-02-08 00:29:17,126 - INFO - Completed: 11, remaining: 49, RAYPy_Simulation_bessy2lo_56m_PGM_2Perc_coupling_errors_on_FLUX/round_0/121_bessy2lo_56m_PGM_2Perc_coupling_errors_on_FLUX.rml
2025-02-08 00:29:17,275 - INFO - Completed: 12, remaining: 48, RAYPy_Simulation_bessy2lo_56m_PGM_2Perc_coupling_errors_on_FLUX/round_1/3_bessy2lo_56m_PGM_2Perc_coupling_errors_on_FLUX.rml
2025-02-08 00:29:28,985 - INFO - Completed: 13, remaining: 47, RAYPy_Simulation_bessy2lo_56m_PGM_2Perc_coupling_errors_on_FLUX/round_1/9_bessy2lo_56m_PGM_2Perc_coupling_errors_on_FLUX.rml
2025-02-08 00:29:30,380 - INFO - Completed: 14, remaining: 46, RAYPy_Simulation_bessy2lo_56m_PGM_2Perc_coupling_errors_on_FLUX/round_1/10_bessy2lo_56m_PGM_2Perc_coupling_errors_on_FLUX.rml
2025-02-08 00:29:30,865 - INFO - Completed: 15, remaining: 45, RAYPy_Simulation_bessy2lo_56m_PGM_2Perc_coupling_errors_on_FLUX/round_1/11_bessy2lo_56m_PGM_2Perc_coupling_errors_on_FLUX.rml
2025-02-08 00:29:30,979 - INFO - Completed: 16, remaining: 44, RAYPy_Simulation_bessy2lo_56m_PGM_2Perc_coupling_errors_on_FLUX/round_1/12_bessy2lo_56m_PGM_2Perc_coupling_errors_on_FLUX.rml
2025-02-08 00:29:32,242 - INFO - Completed: 17, remaining: 43, RAYPy_Simulation_bessy2lo_56m_PGM_2Perc_coupling_errors_on_FLUX/round_1/13_bessy2lo_56m_PGM_2Perc_coupling_errors_on_FLUX.rml
2025-02-08 00:29:32,388 - INFO - Completed: 18, remaining: 42, RAYPy_Simulation_bessy2lo_56m_PGM_2Perc_coupling_errors_on_FLUX/round_1/14_bessy2lo_56m_PGM_2Perc_coupling_errors_on_FLUX.rml
2025-02-08 00:29:32,532 - INFO - Completed: 19, remaining: 41, RAYPy_Simulation_bessy2lo_56m_PGM_2Perc_coupling_errors_on_FLUX/round_1/15_bessy2lo_56m_PGM_2Perc_coupling_errors_on_FLUX.rml
2025-02-08 00:29:33,087 - INFO - Completed: 20, remaining: 40, RAYPy_Simulation_bessy2lo_56m_PGM_2Perc_coupling_errors_on_FLUX/round_1/16_bessy2lo_56m_PGM_2Perc_coupling_errors_on_FLUX.rml
2025-02-08 00:29:33,342 - INFO - Completed: 21, remaining: 39, RAYPy_Simulation_bessy2lo_56m_PGM_2Perc_coupling_errors_on_FLUX/round_1/17_bessy2lo_56m_PGM_2Perc_coupling_errors_on_FLUX.rml
2025-02-08 00:29:33,529 - INFO - Completed: 22, remaining: 38, RAYPy_Simulation_bessy2lo_56m_PGM_2Perc_coupling_errors_on_FLUX/round_1/18_bessy2lo_56m_PGM_2Perc_coupling_errors_on_FLUX.rml
2025-02-08 00:29:33,597 - INFO - Completed: 23, remaining: 37, RAYPy_Simulation_bessy2lo_56m_PGM_2Perc_coupling_errors_on_FLUX/round_1/20_bessy2lo_56m_PGM_2Perc_coupling_errors_on_FLUX.rml
2025-02-08 00:29:34,570 - INFO - Completed: 24, remaining: 36, RAYPy_Simulation_bessy2lo_56m_PGM_2Perc_coupling_errors_on_FLUX/round_1/19_bessy2lo_56m_PGM_2Perc_coupling_errors_on_FLUX.rml
2025-02-08 00:29:41,538 - INFO - Completed: 25, remaining: 35, RAYPy_Simulation_bessy2lo_56m_PGM_2Perc_coupling_errors_on_FLUX/round_1/21_bessy2lo_56m_PGM_2Perc_coupling_errors_on_FLUX.rml
2025-02-08 00:29:46,034 - INFO - Completed: 26, remaining: 34, RAYPy_Simulation_bessy2lo_56m_PGM_2Perc_coupling_errors_on_FLUX/round_1/23_bessy2lo_56m_PGM_2Perc_coupling_errors_on_FLUX.rml
2025-02-08 00:29:46,482 - INFO - Completed: 27, remaining: 33, RAYPy_Simulation_bessy2lo_56m_PGM_2Perc_coupling_errors_on_FLUX/round_1/24_bessy2lo_56m_PGM_2Perc_coupling_errors_on_FLUX.rml
2025-02-08 00:29:49,056 - INFO - Completed: 28, remaining: 32, RAYPy_Simulation_bessy2lo_56m_PGM_2Perc_coupling_errors_on_FLUX/round_1/22_bessy2lo_56m_PGM_2Perc_coupling_errors_on_FLUX.rml
2025-02-08 00:29:49,083 - INFO - Completed: 29, remaining: 31, RAYPy_Simulation_bessy2lo_56m_PGM_2Perc_coupling_errors_on_FLUX/round_1/25_bessy2lo_56m_PGM_2Perc_coupling_errors_on_FLUX.rml
2025-02-08 00:29:49,326 - INFO - Completed: 30, remaining: 30, RAYPy_Simulation_bessy2lo_56m_PGM_2Perc_coupling_errors_on_FLUX/round_1/26_bessy2lo_56m_PGM_2Perc_coupling_errors_on_FLUX.rml
2025-02-08 00:29:49,731 - INFO - Completed: 31, remaining: 29, RAYPy_Simulation_bessy2lo_56m_PGM_2Perc_coupling_errors_on_FLUX/round_1/27_bessy2lo_56m_PGM_2Perc_coupling_errors_on_FLUX.rml
2025-02-08 00:29:50,283 - INFO - Completed: 32, remaining: 28, RAYPy_Simulation_bessy2lo_56m_PGM_2Perc_coupling_errors_on_FLUX/round_1/28_bessy2lo_56m_PGM_2Perc_coupling_errors_on_FLUX.rml
2025-02-08 00:29:50,345 - INFO - Completed: 33, remaining: 27, RAYPy_Simulation_bessy2lo_56m_PGM_2Perc_coupling_errors_on_FLUX/round_1/31_bessy2lo_56m_PGM_2Perc_coupling_errors_on_FLUX.rml
2025-02-08 00:29:50,480 - INFO - Completed: 34, remaining: 26, RAYPy_Simulation_bessy2lo_56m_PGM_2Perc_coupling_errors_on_FLUX/round_1/30_bessy2lo_56m_PGM_2Perc_coupling_errors_on_FLUX.rml
2025-02-08 00:29:50,676 - INFO - Completed: 35, remaining: 25, RAYPy_Simulation_bessy2lo_56m_PGM_2Perc_coupling_errors_on_FLUX/round_1/29_bessy2lo_56m_PGM_2Perc_coupling_errors_on_FLUX.rml
2025-02-08 00:29:50,865 - INFO - Completed: 36, remaining: 24, RAYPy_Simulation_bessy2lo_56m_PGM_2Perc_coupling_errors_on_FLUX/round_1/32_bessy2lo_56m_PGM_2Perc_coupling_errors_on_FLUX.rml
2025-02-08 00:29:54,947 - INFO - Completed: 37, remaining: 23, RAYPy_Simulation_bessy2lo_56m_PGM_2Perc_coupling_errors_on_FLUX/round_1/33_bessy2lo_56m_PGM_2Perc_coupling_errors_on_FLUX.rml
2025-02-08 00:30:00,356 - INFO - Completed: 38, remaining: 22, RAYPy_Simulation_bessy2lo_56m_PGM_2Perc_coupling_errors_on_FLUX/round_1/35_bessy2lo_56m_PGM_2Perc_coupling_errors_on_FLUX.rml
2025-02-08 00:30:02,703 - INFO - Completed: 39, remaining: 21, RAYPy_Simulation_bessy2lo_56m_PGM_2Perc_coupling_errors_on_FLUX/round_1/34_bessy2lo_56m_PGM_2Perc_coupling_errors_on_FLUX.rml
2025-02-08 00:30:05,890 - INFO - Completed: 40, remaining: 20, RAYPy_Simulation_bessy2lo_56m_PGM_2Perc_coupling_errors_on_FLUX/round_1/38_bessy2lo_56m_PGM_2Perc_coupling_errors_on_FLUX.rml
2025-02-08 00:30:06,110 - INFO - Completed: 41, remaining: 19, RAYPy_Simulation_bessy2lo_56m_PGM_2Perc_coupling_errors_on_FLUX/round_1/37_bessy2lo_56m_PGM_2Perc_coupling_errors_on_FLUX.rml
2025-02-08 00:30:06,366 - INFO - Completed: 42, remaining: 18, RAYPy_Simulation_bessy2lo_56m_PGM_2Perc_coupling_errors_on_FLUX/round_1/36_bessy2lo_56m_PGM_2Perc_coupling_errors_on_FLUX.rml
2025-02-08 00:30:06,556 - INFO - Completed: 43, remaining: 17, RAYPy_Simulation_bessy2lo_56m_PGM_2Perc_coupling_errors_on_FLUX/round_1/39_bessy2lo_56m_PGM_2Perc_coupling_errors_on_FLUX.rml
2025-02-08 00:30:06,640 - INFO - Completed: 44, remaining: 16, RAYPy_Simulation_bessy2lo_56m_PGM_2Perc_coupling_errors_on_FLUX/round_1/40_bessy2lo_56m_PGM_2Perc_coupling_errors_on_FLUX.rml
2025-02-08 00:30:07,363 - INFO - Completed: 45, remaining: 15, RAYPy_Simulation_bessy2lo_56m_PGM_2Perc_coupling_errors_on_FLUX/round_1/42_bessy2lo_56m_PGM_2Perc_coupling_errors_on_FLUX.rml
2025-02-08 00:30:07,476 - INFO - Completed: 46, remaining: 14, RAYPy_Simulation_bessy2lo_56m_PGM_2Perc_coupling_errors_on_FLUX/round_1/43_bessy2lo_56m_PGM_2Perc_coupling_errors_on_FLUX.rml
2025-02-08 00:30:07,597 - INFO - Completed: 47, remaining: 13, RAYPy_Simulation_bessy2lo_56m_PGM_2Perc_coupling_errors_on_FLUX/round_1/44_bessy2lo_56m_PGM_2Perc_coupling_errors_on_FLUX.rml
2025-02-08 00:30:07,639 - INFO - Completed: 48, remaining: 12, RAYPy_Simulation_bessy2lo_56m_PGM_2Perc_coupling_errors_on_FLUX/round_1/41_bessy2lo_56m_PGM_2Perc_coupling_errors_on_FLUX.rml
2025-02-08 00:30:09,468 - INFO - Completed: 49, remaining: 11, RAYPy_Simulation_bessy2lo_56m_PGM_2Perc_coupling_errors_on_FLUX/round_1/45_bessy2lo_56m_PGM_2Perc_coupling_errors_on_FLUX.rml
2025-02-08 00:30:12,874 - INFO - Completed: 50, remaining: 10, RAYPy_Simulation_bessy2lo_56m_PGM_2Perc_coupling_errors_on_FLUX/round_1/46_bessy2lo_56m_PGM_2Perc_coupling_errors_on_FLUX.rml
2025-02-08 00:30:15,062 - INFO - Completed: 51, remaining: 9, RAYPy_Simulation_bessy2lo_56m_PGM_2Perc_coupling_errors_on_FLUX/round_1/47_bessy2lo_56m_PGM_2Perc_coupling_errors_on_FLUX.rml
2025-02-08 00:30:20,044 - INFO - Completed: 52, remaining: 8, RAYPy_Simulation_bessy2lo_56m_PGM_2Perc_coupling_errors_on_FLUX/round_1/49_bessy2lo_56m_PGM_2Perc_coupling_errors_on_FLUX.rml
2025-02-08 00:30:20,369 - INFO - Completed: 53, remaining: 7, RAYPy_Simulation_bessy2lo_56m_PGM_2Perc_coupling_errors_on_FLUX/round_1/48_bessy2lo_56m_PGM_2Perc_coupling_errors_on_FLUX.rml
2025-02-08 00:30:20,589 - INFO - Completed: 54, remaining: 6, RAYPy_Simulation_bessy2lo_56m_PGM_2Perc_coupling_errors_on_FLUX/round_1/50_bessy2lo_56m_PGM_2Perc_coupling_errors_on_FLUX.rml
2025-02-08 00:30:21,003 - INFO - Completed: 55, remaining: 5, RAYPy_Simulation_bessy2lo_56m_PGM_2Perc_coupling_errors_on_FLUX/round_1/52_bessy2lo_56m_PGM_2Perc_coupling_errors_on_FLUX.rml
2025-02-08 00:30:21,139 - INFO - Completed: 56, remaining: 4, RAYPy_Simulation_bessy2lo_56m_PGM_2Perc_coupling_errors_on_FLUX/round_1/53_bessy2lo_56m_PGM_2Perc_coupling_errors_on_FLUX.rml
2025-02-08 00:30:21,256 - INFO - Completed: 57, remaining: 3, RAYPy_Simulation_bessy2lo_56m_PGM_2Perc_coupling_errors_on_FLUX/round_1/55_bessy2lo_56m_PGM_2Perc_coupling_errors_on_FLUX.rml
2025-02-08 00:30:21,295 - INFO - Completed: 58, remaining: 2, RAYPy_Simulation_bessy2lo_56m_PGM_2Perc_coupling_errors_on_FLUX/round_1/54_bessy2lo_56m_PGM_2Perc_coupling_errors_on_FLUX.rml
2025-02-08 00:30:21,354 - INFO - Completed: 59, remaining: 1, RAYPy_Simulation_bessy2lo_56m_PGM_2Perc_coupling_errors_on_FLUX/round_1/56_bessy2lo_56m_PGM_2Perc_coupling_errors_on_FLUX.rml
2025-02-08 00:30:21,746 - INFO - Completed: 60, remaining: 0, RAYPy_Simulation_bessy2lo_56m_PGM_2Perc_coupling_errors_on_FLUX/round_1/51_bessy2lo_56m_PGM_2Perc_coupling_errors_on_FLUX.rml
2025-02-08 00:30:21,746 - INFO - Batch Completed
2025-02-08 00:30:21,746 - INFO - Waiting For batch, 60 simulations to go
2025-02-08 00:30:21,752 - INFO - Prepared sim number: 57: RAYPy_Simulation_bessy2lo_56m_PGM_2Perc_coupling_errors_on_FLUX/round_1/57_bessy2lo_56m_PGM_2Perc_coupling_errors_on_FLUX.rml
2025-02-08 00:30:21,761 - INFO - Prepared sim number: 58: RAYPy_Simulation_bessy2lo_56m_PGM_2Perc_coupling_errors_on_FLUX/round_1/58_bessy2lo_56m_PGM_2Perc_coupling_errors_on_FLUX.rml
2025-02-08 00:30:21,768 - INFO - Prepared sim number: 59: RAYPy_Simulation_bessy2lo_56m_PGM_2Perc_coupling_errors_on_FLUX/round_1/59_bessy2lo_56m_PGM_2Perc_coupling_errors_on_FLUX.rml
2025-02-08 00:30:21,772 - INFO - Prepared sim number: 60: RAYPy_Simulation_bessy2lo_56m_PGM_2Perc_coupling_errors_on_FLUX/round_1/60_bessy2lo_56m_PGM_2Perc_coupling_errors_on_FLUX.rml
2025-02-08 00:30:21,777 - INFO - Prepared sim number: 61: RAYPy_Simulation_bessy2lo_56m_PGM_2Perc_coupling_errors_on_FLUX/round_1/61_bessy2lo_56m_PGM_2Perc_coupling_errors_on_FLUX.rml
2025-02-08 00:30:21,782 - INFO - Prepared sim number: 62: RAYPy_Simulation_bessy2lo_56m_PGM_2Perc_coupling_errors_on_FLUX/round_1/62_bessy2lo_56m_PGM_2Perc_coupling_errors_on_FLUX.rml
2025-02-08 00:30:21,792 - INFO - Prepared sim number: 63: RAYPy_Simulation_bessy2lo_56m_PGM_2Perc_coupling_errors_on_FLUX/round_1/63_bessy2lo_56m_PGM_2Perc_coupling_errors_on_FLUX.rml
2025-02-08 00:30:21,797 - INFO - Prepared sim number: 64: RAYPy_Simulation_bessy2lo_56m_PGM_2Perc_coupling_errors_on_FLUX/round_1/64_bessy2lo_56m_PGM_2Perc_coupling_errors_on_FLUX.rml
2025-02-08 00:30:21,802 - INFO - Prepared sim number: 65: RAYPy_Simulation_bessy2lo_56m_PGM_2Perc_coupling_errors_on_FLUX/round_1/65_bessy2lo_56m_PGM_2Perc_coupling_errors_on_FLUX.rml
2025-02-08 00:30:21,806 - INFO - Prepared sim number: 66: RAYPy_Simulation_bessy2lo_56m_PGM_2Perc_coupling_errors_on_FLUX/round_1/66_bessy2lo_56m_PGM_2Perc_coupling_errors_on_FLUX.rml
2025-02-08 00:30:21,811 - INFO - Prepared sim number: 67: RAYPy_Simulation_bessy2lo_56m_PGM_2Perc_coupling_errors_on_FLUX/round_1/67_bessy2lo_56m_PGM_2Perc_coupling_errors_on_FLUX.rml
2025-02-08 00:30:21,816 - INFO - Prepared sim number: 68: RAYPy_Simulation_bessy2lo_56m_PGM_2Perc_coupling_errors_on_FLUX/round_1/68_bessy2lo_56m_PGM_2Perc_coupling_errors_on_FLUX.rml
2025-02-08 00:30:21,821 - INFO - Prepared sim number: 69: RAYPy_Simulation_bessy2lo_56m_PGM_2Perc_coupling_errors_on_FLUX/round_1/69_bessy2lo_56m_PGM_2Perc_coupling_errors_on_FLUX.rml
2025-02-08 00:30:21,825 - INFO - Prepared sim number: 70: RAYPy_Simulation_bessy2lo_56m_PGM_2Perc_coupling_errors_on_FLUX/round_1/70_bessy2lo_56m_PGM_2Perc_coupling_errors_on_FLUX.rml
2025-02-08 00:30:21,829 - INFO - Prepared sim number: 71: RAYPy_Simulation_bessy2lo_56m_PGM_2Perc_coupling_errors_on_FLUX/round_1/71_bessy2lo_56m_PGM_2Perc_coupling_errors_on_FLUX.rml
2025-02-08 00:30:21,832 - INFO - Prepared sim number: 72: RAYPy_Simulation_bessy2lo_56m_PGM_2Perc_coupling_errors_on_FLUX/round_1/72_bessy2lo_56m_PGM_2Perc_coupling_errors_on_FLUX.rml
2025-02-08 00:30:21,836 - INFO - Prepared sim number: 73: RAYPy_Simulation_bessy2lo_56m_PGM_2Perc_coupling_errors_on_FLUX/round_1/73_bessy2lo_56m_PGM_2Perc_coupling_errors_on_FLUX.rml
2025-02-08 00:30:21,840 - INFO - Prepared sim number: 74: RAYPy_Simulation_bessy2lo_56m_PGM_2Perc_coupling_errors_on_FLUX/round_1/74_bessy2lo_56m_PGM_2Perc_coupling_errors_on_FLUX.rml
2025-02-08 00:30:21,843 - INFO - Prepared sim number: 75: RAYPy_Simulation_bessy2lo_56m_PGM_2Perc_coupling_errors_on_FLUX/round_1/75_bessy2lo_56m_PGM_2Perc_coupling_errors_on_FLUX.rml
2025-02-08 00:30:21,847 - INFO - Prepared sim number: 76: RAYPy_Simulation_bessy2lo_56m_PGM_2Perc_coupling_errors_on_FLUX/round_1/76_bessy2lo_56m_PGM_2Perc_coupling_errors_on_FLUX.rml
2025-02-08 00:30:21,850 - INFO - Prepared sim number: 77: RAYPy_Simulation_bessy2lo_56m_PGM_2Perc_coupling_errors_on_FLUX/round_1/77_bessy2lo_56m_PGM_2Perc_coupling_errors_on_FLUX.rml
2025-02-08 00:30:21,854 - INFO - Prepared sim number: 78: RAYPy_Simulation_bessy2lo_56m_PGM_2Perc_coupling_errors_on_FLUX/round_1/78_bessy2lo_56m_PGM_2Perc_coupling_errors_on_FLUX.rml
2025-02-08 00:30:21,858 - INFO - Prepared sim number: 79: RAYPy_Simulation_bessy2lo_56m_PGM_2Perc_coupling_errors_on_FLUX/round_1/79_bessy2lo_56m_PGM_2Perc_coupling_errors_on_FLUX.rml
2025-02-08 00:30:21,862 - INFO - Prepared sim number: 80: RAYPy_Simulation_bessy2lo_56m_PGM_2Perc_coupling_errors_on_FLUX/round_1/80_bessy2lo_56m_PGM_2Perc_coupling_errors_on_FLUX.rml
2025-02-08 00:30:21,865 - INFO - Prepared sim number: 81: RAYPy_Simulation_bessy2lo_56m_PGM_2Perc_coupling_errors_on_FLUX/round_1/81_bessy2lo_56m_PGM_2Perc_coupling_errors_on_FLUX.rml
2025-02-08 00:30:21,868 - INFO - Prepared sim number: 82: RAYPy_Simulation_bessy2lo_56m_PGM_2Perc_coupling_errors_on_FLUX/round_1/82_bessy2lo_56m_PGM_2Perc_coupling_errors_on_FLUX.rml
2025-02-08 00:30:21,872 - INFO - Prepared sim number: 83: RAYPy_Simulation_bessy2lo_56m_PGM_2Perc_coupling_errors_on_FLUX/round_1/83_bessy2lo_56m_PGM_2Perc_coupling_errors_on_FLUX.rml
2025-02-08 00:30:21,875 - INFO - Prepared sim number: 84: RAYPy_Simulation_bessy2lo_56m_PGM_2Perc_coupling_errors_on_FLUX/round_1/84_bessy2lo_56m_PGM_2Perc_coupling_errors_on_FLUX.rml
2025-02-08 00:30:21,879 - INFO - Prepared sim number: 85: RAYPy_Simulation_bessy2lo_56m_PGM_2Perc_coupling_errors_on_FLUX/round_1/85_bessy2lo_56m_PGM_2Perc_coupling_errors_on_FLUX.rml
2025-02-08 00:30:21,882 - INFO - Prepared sim number: 86: RAYPy_Simulation_bessy2lo_56m_PGM_2Perc_coupling_errors_on_FLUX/round_1/86_bessy2lo_56m_PGM_2Perc_coupling_errors_on_FLUX.rml
2025-02-08 00:30:21,886 - INFO - Prepared sim number: 87: RAYPy_Simulation_bessy2lo_56m_PGM_2Perc_coupling_errors_on_FLUX/round_1/87_bessy2lo_56m_PGM_2Perc_coupling_errors_on_FLUX.rml
2025-02-08 00:30:21,889 - INFO - Prepared sim number: 88: RAYPy_Simulation_bessy2lo_56m_PGM_2Perc_coupling_errors_on_FLUX/round_1/88_bessy2lo_56m_PGM_2Perc_coupling_errors_on_FLUX.rml
2025-02-08 00:30:21,893 - INFO - Prepared sim number: 89: RAYPy_Simulation_bessy2lo_56m_PGM_2Perc_coupling_errors_on_FLUX/round_1/89_bessy2lo_56m_PGM_2Perc_coupling_errors_on_FLUX.rml
2025-02-08 00:30:21,896 - INFO - Prepared sim number: 90: RAYPy_Simulation_bessy2lo_56m_PGM_2Perc_coupling_errors_on_FLUX/round_1/90_bessy2lo_56m_PGM_2Perc_coupling_errors_on_FLUX.rml
2025-02-08 00:30:21,900 - INFO - Prepared sim number: 91: RAYPy_Simulation_bessy2lo_56m_PGM_2Perc_coupling_errors_on_FLUX/round_1/91_bessy2lo_56m_PGM_2Perc_coupling_errors_on_FLUX.rml
2025-02-08 00:30:21,903 - INFO - Prepared sim number: 92: RAYPy_Simulation_bessy2lo_56m_PGM_2Perc_coupling_errors_on_FLUX/round_1/92_bessy2lo_56m_PGM_2Perc_coupling_errors_on_FLUX.rml
2025-02-08 00:30:21,907 - INFO - Prepared sim number: 93: RAYPy_Simulation_bessy2lo_56m_PGM_2Perc_coupling_errors_on_FLUX/round_1/93_bessy2lo_56m_PGM_2Perc_coupling_errors_on_FLUX.rml
2025-02-08 00:30:21,910 - INFO - Prepared sim number: 94: RAYPy_Simulation_bessy2lo_56m_PGM_2Perc_coupling_errors_on_FLUX/round_1/94_bessy2lo_56m_PGM_2Perc_coupling_errors_on_FLUX.rml
2025-02-08 00:30:21,914 - INFO - Prepared sim number: 95: RAYPy_Simulation_bessy2lo_56m_PGM_2Perc_coupling_errors_on_FLUX/round_1/95_bessy2lo_56m_PGM_2Perc_coupling_errors_on_FLUX.rml
2025-02-08 00:30:21,918 - INFO - Prepared sim number: 96: RAYPy_Simulation_bessy2lo_56m_PGM_2Perc_coupling_errors_on_FLUX/round_1/96_bessy2lo_56m_PGM_2Perc_coupling_errors_on_FLUX.rml
2025-02-08 00:30:21,922 - INFO - Prepared sim number: 97: RAYPy_Simulation_bessy2lo_56m_PGM_2Perc_coupling_errors_on_FLUX/round_1/97_bessy2lo_56m_PGM_2Perc_coupling_errors_on_FLUX.rml
2025-02-08 00:30:21,926 - INFO - Prepared sim number: 98: RAYPy_Simulation_bessy2lo_56m_PGM_2Perc_coupling_errors_on_FLUX/round_1/98_bessy2lo_56m_PGM_2Perc_coupling_errors_on_FLUX.rml
2025-02-08 00:30:21,930 - INFO - Prepared sim number: 99: RAYPy_Simulation_bessy2lo_56m_PGM_2Perc_coupling_errors_on_FLUX/round_1/99_bessy2lo_56m_PGM_2Perc_coupling_errors_on_FLUX.rml
2025-02-08 00:30:21,933 - INFO - Prepared sim number: 100: RAYPy_Simulation_bessy2lo_56m_PGM_2Perc_coupling_errors_on_FLUX/round_1/100_bessy2lo_56m_PGM_2Perc_coupling_errors_on_FLUX.rml
2025-02-08 00:30:21,937 - INFO - Prepared sim number: 101: RAYPy_Simulation_bessy2lo_56m_PGM_2Perc_coupling_errors_on_FLUX/round_1/101_bessy2lo_56m_PGM_2Perc_coupling_errors_on_FLUX.rml
2025-02-08 00:30:21,941 - INFO - Prepared sim number: 102: RAYPy_Simulation_bessy2lo_56m_PGM_2Perc_coupling_errors_on_FLUX/round_1/102_bessy2lo_56m_PGM_2Perc_coupling_errors_on_FLUX.rml
2025-02-08 00:30:21,946 - INFO - Prepared sim number: 103: RAYPy_Simulation_bessy2lo_56m_PGM_2Perc_coupling_errors_on_FLUX/round_1/103_bessy2lo_56m_PGM_2Perc_coupling_errors_on_FLUX.rml
2025-02-08 00:30:21,950 - INFO - Prepared sim number: 104: RAYPy_Simulation_bessy2lo_56m_PGM_2Perc_coupling_errors_on_FLUX/round_1/104_bessy2lo_56m_PGM_2Perc_coupling_errors_on_FLUX.rml
2025-02-08 00:30:21,954 - INFO - Prepared sim number: 105: RAYPy_Simulation_bessy2lo_56m_PGM_2Perc_coupling_errors_on_FLUX/round_1/105_bessy2lo_56m_PGM_2Perc_coupling_errors_on_FLUX.rml
2025-02-08 00:30:21,958 - INFO - Prepared sim number: 106: RAYPy_Simulation_bessy2lo_56m_PGM_2Perc_coupling_errors_on_FLUX/round_1/106_bessy2lo_56m_PGM_2Perc_coupling_errors_on_FLUX.rml
2025-02-08 00:30:21,962 - INFO - Prepared sim number: 107: RAYPy_Simulation_bessy2lo_56m_PGM_2Perc_coupling_errors_on_FLUX/round_1/107_bessy2lo_56m_PGM_2Perc_coupling_errors_on_FLUX.rml
2025-02-08 00:30:21,966 - INFO - Prepared sim number: 108: RAYPy_Simulation_bessy2lo_56m_PGM_2Perc_coupling_errors_on_FLUX/round_1/108_bessy2lo_56m_PGM_2Perc_coupling_errors_on_FLUX.rml
2025-02-08 00:30:21,970 - INFO - Prepared sim number: 109: RAYPy_Simulation_bessy2lo_56m_PGM_2Perc_coupling_errors_on_FLUX/round_1/109_bessy2lo_56m_PGM_2Perc_coupling_errors_on_FLUX.rml
2025-02-08 00:30:21,973 - INFO - Prepared sim number: 110: RAYPy_Simulation_bessy2lo_56m_PGM_2Perc_coupling_errors_on_FLUX/round_1/110_bessy2lo_56m_PGM_2Perc_coupling_errors_on_FLUX.rml
2025-02-08 00:30:21,977 - INFO - Prepared sim number: 111: RAYPy_Simulation_bessy2lo_56m_PGM_2Perc_coupling_errors_on_FLUX/round_1/111_bessy2lo_56m_PGM_2Perc_coupling_errors_on_FLUX.rml
2025-02-08 00:30:21,981 - INFO - Prepared sim number: 112: RAYPy_Simulation_bessy2lo_56m_PGM_2Perc_coupling_errors_on_FLUX/round_1/112_bessy2lo_56m_PGM_2Perc_coupling_errors_on_FLUX.rml
2025-02-08 00:30:21,985 - INFO - Prepared sim number: 113: RAYPy_Simulation_bessy2lo_56m_PGM_2Perc_coupling_errors_on_FLUX/round_1/113_bessy2lo_56m_PGM_2Perc_coupling_errors_on_FLUX.rml
2025-02-08 00:30:21,989 - INFO - Prepared sim number: 114: RAYPy_Simulation_bessy2lo_56m_PGM_2Perc_coupling_errors_on_FLUX/round_1/114_bessy2lo_56m_PGM_2Perc_coupling_errors_on_FLUX.rml
2025-02-08 00:30:21,992 - INFO - Prepared sim number: 115: RAYPy_Simulation_bessy2lo_56m_PGM_2Perc_coupling_errors_on_FLUX/round_1/115_bessy2lo_56m_PGM_2Perc_coupling_errors_on_FLUX.rml
2025-02-08 00:30:21,996 - INFO - Prepared sim number: 116: RAYPy_Simulation_bessy2lo_56m_PGM_2Perc_coupling_errors_on_FLUX/round_1/116_bessy2lo_56m_PGM_2Perc_coupling_errors_on_FLUX.rml
2025-02-08 00:30:21,997 - INFO - Waiting for batch number: 3, timeout: 98.99556951339427s
2025-02-08 00:30:38,246 - INFO - Completed: 1, remaining: 59, RAYPy_Simulation_bessy2lo_56m_PGM_2Perc_coupling_errors_on_FLUX/round_1/60_bessy2lo_56m_PGM_2Perc_coupling_errors_on_FLUX.rml
2025-02-08 00:30:38,329 - INFO - Completed: 2, remaining: 58, RAYPy_Simulation_bessy2lo_56m_PGM_2Perc_coupling_errors_on_FLUX/round_1/64_bessy2lo_56m_PGM_2Perc_coupling_errors_on_FLUX.rml
2025-02-08 00:30:38,531 - INFO - Completed: 3, remaining: 57, RAYPy_Simulation_bessy2lo_56m_PGM_2Perc_coupling_errors_on_FLUX/round_1/67_bessy2lo_56m_PGM_2Perc_coupling_errors_on_FLUX.rml
2025-02-08 00:30:38,601 - INFO - Completed: 4, remaining: 56, RAYPy_Simulation_bessy2lo_56m_PGM_2Perc_coupling_errors_on_FLUX/round_1/65_bessy2lo_56m_PGM_2Perc_coupling_errors_on_FLUX.rml
2025-02-08 00:30:38,702 - INFO - Completed: 5, remaining: 55, RAYPy_Simulation_bessy2lo_56m_PGM_2Perc_coupling_errors_on_FLUX/round_1/68_bessy2lo_56m_PGM_2Perc_coupling_errors_on_FLUX.rml
2025-02-08 00:30:38,784 - INFO - Completed: 6, remaining: 54, RAYPy_Simulation_bessy2lo_56m_PGM_2Perc_coupling_errors_on_FLUX/round_1/62_bessy2lo_56m_PGM_2Perc_coupling_errors_on_FLUX.rml
2025-02-08 00:30:38,787 - INFO - Completed: 7, remaining: 53, RAYPy_Simulation_bessy2lo_56m_PGM_2Perc_coupling_errors_on_FLUX/round_1/57_bessy2lo_56m_PGM_2Perc_coupling_errors_on_FLUX.rml
2025-02-08 00:30:38,964 - INFO - Completed: 8, remaining: 52, RAYPy_Simulation_bessy2lo_56m_PGM_2Perc_coupling_errors_on_FLUX/round_1/59_bessy2lo_56m_PGM_2Perc_coupling_errors_on_FLUX.rml
2025-02-08 00:30:39,110 - INFO - Completed: 9, remaining: 51, RAYPy_Simulation_bessy2lo_56m_PGM_2Perc_coupling_errors_on_FLUX/round_1/58_bessy2lo_56m_PGM_2Perc_coupling_errors_on_FLUX.rml
2025-02-08 00:30:40,272 - INFO - Completed: 10, remaining: 50, RAYPy_Simulation_bessy2lo_56m_PGM_2Perc_coupling_errors_on_FLUX/round_1/66_bessy2lo_56m_PGM_2Perc_coupling_errors_on_FLUX.rml
2025-02-08 00:30:40,398 - INFO - Completed: 11, remaining: 49, RAYPy_Simulation_bessy2lo_56m_PGM_2Perc_coupling_errors_on_FLUX/round_1/63_bessy2lo_56m_PGM_2Perc_coupling_errors_on_FLUX.rml
2025-02-08 00:30:40,444 - INFO - Completed: 12, remaining: 48, RAYPy_Simulation_bessy2lo_56m_PGM_2Perc_coupling_errors_on_FLUX/round_1/61_bessy2lo_56m_PGM_2Perc_coupling_errors_on_FLUX.rml
2025-02-08 00:30:54,571 - INFO - Completed: 13, remaining: 47, RAYPy_Simulation_bessy2lo_56m_PGM_2Perc_coupling_errors_on_FLUX/round_1/69_bessy2lo_56m_PGM_2Perc_coupling_errors_on_FLUX.rml
2025-02-08 00:30:55,282 - INFO - Completed: 14, remaining: 46, RAYPy_Simulation_bessy2lo_56m_PGM_2Perc_coupling_errors_on_FLUX/round_1/74_bessy2lo_56m_PGM_2Perc_coupling_errors_on_FLUX.rml
2025-02-08 00:30:55,535 - INFO - Completed: 15, remaining: 45, RAYPy_Simulation_bessy2lo_56m_PGM_2Perc_coupling_errors_on_FLUX/round_1/72_bessy2lo_56m_PGM_2Perc_coupling_errors_on_FLUX.rml
2025-02-08 00:30:55,538 - INFO - Completed: 16, remaining: 44, RAYPy_Simulation_bessy2lo_56m_PGM_2Perc_coupling_errors_on_FLUX/round_1/77_bessy2lo_56m_PGM_2Perc_coupling_errors_on_FLUX.rml
2025-02-08 00:30:55,581 - INFO - Completed: 17, remaining: 43, RAYPy_Simulation_bessy2lo_56m_PGM_2Perc_coupling_errors_on_FLUX/round_1/75_bessy2lo_56m_PGM_2Perc_coupling_errors_on_FLUX.rml
2025-02-08 00:30:55,631 - INFO - Completed: 18, remaining: 42, RAYPy_Simulation_bessy2lo_56m_PGM_2Perc_coupling_errors_on_FLUX/round_1/76_bessy2lo_56m_PGM_2Perc_coupling_errors_on_FLUX.rml
2025-02-08 00:30:55,701 - INFO - Completed: 19, remaining: 41, RAYPy_Simulation_bessy2lo_56m_PGM_2Perc_coupling_errors_on_FLUX/round_1/70_bessy2lo_56m_PGM_2Perc_coupling_errors_on_FLUX.rml
2025-02-08 00:30:55,783 - INFO - Completed: 20, remaining: 40, RAYPy_Simulation_bessy2lo_56m_PGM_2Perc_coupling_errors_on_FLUX/round_1/73_bessy2lo_56m_PGM_2Perc_coupling_errors_on_FLUX.rml
2025-02-08 00:30:56,098 - INFO - Completed: 21, remaining: 39, RAYPy_Simulation_bessy2lo_56m_PGM_2Perc_coupling_errors_on_FLUX/round_1/71_bessy2lo_56m_PGM_2Perc_coupling_errors_on_FLUX.rml
2025-02-08 00:30:56,389 - INFO - Completed: 22, remaining: 38, RAYPy_Simulation_bessy2lo_56m_PGM_2Perc_coupling_errors_on_FLUX/round_1/78_bessy2lo_56m_PGM_2Perc_coupling_errors_on_FLUX.rml
2025-02-08 00:30:56,432 - INFO - Completed: 23, remaining: 37, RAYPy_Simulation_bessy2lo_56m_PGM_2Perc_coupling_errors_on_FLUX/round_1/80_bessy2lo_56m_PGM_2Perc_coupling_errors_on_FLUX.rml
2025-02-08 00:30:56,678 - INFO - Completed: 24, remaining: 36, RAYPy_Simulation_bessy2lo_56m_PGM_2Perc_coupling_errors_on_FLUX/round_1/79_bessy2lo_56m_PGM_2Perc_coupling_errors_on_FLUX.rml
2025-02-08 00:31:07,655 - INFO - Completed: 25, remaining: 35, RAYPy_Simulation_bessy2lo_56m_PGM_2Perc_coupling_errors_on_FLUX/round_1/81_bessy2lo_56m_PGM_2Perc_coupling_errors_on_FLUX.rml
2025-02-08 00:31:11,678 - INFO - Completed: 26, remaining: 34, RAYPy_Simulation_bessy2lo_56m_PGM_2Perc_coupling_errors_on_FLUX/round_1/84_bessy2lo_56m_PGM_2Perc_coupling_errors_on_FLUX.rml
2025-02-08 00:31:12,146 - INFO - Completed: 27, remaining: 33, RAYPy_Simulation_bessy2lo_56m_PGM_2Perc_coupling_errors_on_FLUX/round_1/82_bessy2lo_56m_PGM_2Perc_coupling_errors_on_FLUX.rml
2025-02-08 00:31:12,389 - INFO - Completed: 28, remaining: 32, RAYPy_Simulation_bessy2lo_56m_PGM_2Perc_coupling_errors_on_FLUX/round_1/85_bessy2lo_56m_PGM_2Perc_coupling_errors_on_FLUX.rml
2025-02-08 00:31:12,533 - INFO - Completed: 29, remaining: 31, RAYPy_Simulation_bessy2lo_56m_PGM_2Perc_coupling_errors_on_FLUX/round_1/87_bessy2lo_56m_PGM_2Perc_coupling_errors_on_FLUX.rml
2025-02-08 00:31:12,661 - INFO - Completed: 30, remaining: 30, RAYPy_Simulation_bessy2lo_56m_PGM_2Perc_coupling_errors_on_FLUX/round_1/83_bessy2lo_56m_PGM_2Perc_coupling_errors_on_FLUX.rml
2025-02-08 00:31:12,810 - INFO - Completed: 31, remaining: 29, RAYPy_Simulation_bessy2lo_56m_PGM_2Perc_coupling_errors_on_FLUX/round_1/88_bessy2lo_56m_PGM_2Perc_coupling_errors_on_FLUX.rml
2025-02-08 00:31:13,178 - INFO - Completed: 32, remaining: 28, RAYPy_Simulation_bessy2lo_56m_PGM_2Perc_coupling_errors_on_FLUX/round_1/86_bessy2lo_56m_PGM_2Perc_coupling_errors_on_FLUX.rml
2025-02-08 00:31:13,372 - INFO - Completed: 33, remaining: 27, RAYPy_Simulation_bessy2lo_56m_PGM_2Perc_coupling_errors_on_FLUX/round_1/91_bessy2lo_56m_PGM_2Perc_coupling_errors_on_FLUX.rml
2025-02-08 00:31:13,413 - INFO - Completed: 34, remaining: 26, RAYPy_Simulation_bessy2lo_56m_PGM_2Perc_coupling_errors_on_FLUX/round_1/92_bessy2lo_56m_PGM_2Perc_coupling_errors_on_FLUX.rml
2025-02-08 00:31:13,700 - INFO - Completed: 35, remaining: 25, RAYPy_Simulation_bessy2lo_56m_PGM_2Perc_coupling_errors_on_FLUX/round_1/89_bessy2lo_56m_PGM_2Perc_coupling_errors_on_FLUX.rml
2025-02-08 00:31:14,322 - INFO - Completed: 36, remaining: 24, RAYPy_Simulation_bessy2lo_56m_PGM_2Perc_coupling_errors_on_FLUX/round_1/90_bessy2lo_56m_PGM_2Perc_coupling_errors_on_FLUX.rml
2025-02-08 00:31:18,776 - INFO - Completed: 37, remaining: 23, RAYPy_Simulation_bessy2lo_56m_PGM_2Perc_coupling_errors_on_FLUX/round_1/93_bessy2lo_56m_PGM_2Perc_coupling_errors_on_FLUX.rml
2025-02-08 00:31:27,200 - INFO - Completed: 38, remaining: 22, RAYPy_Simulation_bessy2lo_56m_PGM_2Perc_coupling_errors_on_FLUX/round_1/94_bessy2lo_56m_PGM_2Perc_coupling_errors_on_FLUX.rml
2025-02-08 00:31:28,535 - INFO - Completed: 39, remaining: 21, RAYPy_Simulation_bessy2lo_56m_PGM_2Perc_coupling_errors_on_FLUX/round_1/95_bessy2lo_56m_PGM_2Perc_coupling_errors_on_FLUX.rml
2025-02-08 00:31:29,119 - INFO - Completed: 40, remaining: 20, RAYPy_Simulation_bessy2lo_56m_PGM_2Perc_coupling_errors_on_FLUX/round_1/98_bessy2lo_56m_PGM_2Perc_coupling_errors_on_FLUX.rml
2025-02-08 00:31:29,394 - INFO - Completed: 41, remaining: 19, RAYPy_Simulation_bessy2lo_56m_PGM_2Perc_coupling_errors_on_FLUX/round_1/96_bessy2lo_56m_PGM_2Perc_coupling_errors_on_FLUX.rml
2025-02-08 00:31:29,648 - INFO - Completed: 42, remaining: 18, RAYPy_Simulation_bessy2lo_56m_PGM_2Perc_coupling_errors_on_FLUX/round_1/99_bessy2lo_56m_PGM_2Perc_coupling_errors_on_FLUX.rml
2025-02-08 00:31:30,051 - INFO - Completed: 43, remaining: 17, RAYPy_Simulation_bessy2lo_56m_PGM_2Perc_coupling_errors_on_FLUX/round_1/102_bessy2lo_56m_PGM_2Perc_coupling_errors_on_FLUX.rml
2025-02-08 00:31:30,215 - INFO - Completed: 44, remaining: 16, RAYPy_Simulation_bessy2lo_56m_PGM_2Perc_coupling_errors_on_FLUX/round_1/101_bessy2lo_56m_PGM_2Perc_coupling_errors_on_FLUX.rml
2025-02-08 00:31:30,491 - INFO - Completed: 45, remaining: 15, RAYPy_Simulation_bessy2lo_56m_PGM_2Perc_coupling_errors_on_FLUX/round_1/103_bessy2lo_56m_PGM_2Perc_coupling_errors_on_FLUX.rml
2025-02-08 00:31:30,560 - INFO - Completed: 46, remaining: 14, RAYPy_Simulation_bessy2lo_56m_PGM_2Perc_coupling_errors_on_FLUX/round_1/100_bessy2lo_56m_PGM_2Perc_coupling_errors_on_FLUX.rml
2025-02-08 00:31:31,144 - INFO - Completed: 47, remaining: 13, RAYPy_Simulation_bessy2lo_56m_PGM_2Perc_coupling_errors_on_FLUX/round_1/104_bessy2lo_56m_PGM_2Perc_coupling_errors_on_FLUX.rml
2025-02-08 00:31:31,256 - INFO - Completed: 48, remaining: 12, RAYPy_Simulation_bessy2lo_56m_PGM_2Perc_coupling_errors_on_FLUX/round_1/97_bessy2lo_56m_PGM_2Perc_coupling_errors_on_FLUX.rml
2025-02-08 00:31:33,537 - INFO - Completed: 49, remaining: 11, RAYPy_Simulation_bessy2lo_56m_PGM_2Perc_coupling_errors_on_FLUX/round_1/105_bessy2lo_56m_PGM_2Perc_coupling_errors_on_FLUX.rml
2025-02-08 00:31:40,055 - INFO - Completed: 50, remaining: 10, RAYPy_Simulation_bessy2lo_56m_PGM_2Perc_coupling_errors_on_FLUX/round_1/106_bessy2lo_56m_PGM_2Perc_coupling_errors_on_FLUX.rml
2025-02-08 00:31:43,162 - INFO - Completed: 51, remaining: 9, RAYPy_Simulation_bessy2lo_56m_PGM_2Perc_coupling_errors_on_FLUX/round_1/107_bessy2lo_56m_PGM_2Perc_coupling_errors_on_FLUX.rml
2025-02-08 00:31:44,135 - INFO - Completed: 52, remaining: 8, RAYPy_Simulation_bessy2lo_56m_PGM_2Perc_coupling_errors_on_FLUX/round_1/108_bessy2lo_56m_PGM_2Perc_coupling_errors_on_FLUX.rml
2025-02-08 00:31:44,576 - INFO - Completed: 53, remaining: 7, RAYPy_Simulation_bessy2lo_56m_PGM_2Perc_coupling_errors_on_FLUX/round_1/109_bessy2lo_56m_PGM_2Perc_coupling_errors_on_FLUX.rml
2025-02-08 00:31:44,974 - INFO - Completed: 54, remaining: 6, RAYPy_Simulation_bessy2lo_56m_PGM_2Perc_coupling_errors_on_FLUX/round_1/110_bessy2lo_56m_PGM_2Perc_coupling_errors_on_FLUX.rml
2025-02-08 00:31:45,127 - INFO - Completed: 55, remaining: 5, RAYPy_Simulation_bessy2lo_56m_PGM_2Perc_coupling_errors_on_FLUX/round_1/111_bessy2lo_56m_PGM_2Perc_coupling_errors_on_FLUX.rml
2025-02-08 00:31:45,230 - INFO - Completed: 56, remaining: 4, RAYPy_Simulation_bessy2lo_56m_PGM_2Perc_coupling_errors_on_FLUX/round_1/113_bessy2lo_56m_PGM_2Perc_coupling_errors_on_FLUX.rml
2025-02-08 00:31:45,323 - INFO - Completed: 57, remaining: 3, RAYPy_Simulation_bessy2lo_56m_PGM_2Perc_coupling_errors_on_FLUX/round_1/114_bessy2lo_56m_PGM_2Perc_coupling_errors_on_FLUX.rml
2025-02-08 00:31:45,331 - INFO - Completed: 58, remaining: 2, RAYPy_Simulation_bessy2lo_56m_PGM_2Perc_coupling_errors_on_FLUX/round_1/112_bessy2lo_56m_PGM_2Perc_coupling_errors_on_FLUX.rml
2025-02-08 00:31:45,533 - INFO - Completed: 59, remaining: 1, RAYPy_Simulation_bessy2lo_56m_PGM_2Perc_coupling_errors_on_FLUX/round_1/116_bessy2lo_56m_PGM_2Perc_coupling_errors_on_FLUX.rml
2025-02-08 00:31:45,656 - INFO - Completed: 60, remaining: 0, RAYPy_Simulation_bessy2lo_56m_PGM_2Perc_coupling_errors_on_FLUX/round_1/115_bessy2lo_56m_PGM_2Perc_coupling_errors_on_FLUX.rml
2025-02-08 00:31:45,656 - INFO - Batch Completed
2025-02-08 00:31:45,657 - INFO - Waiting For batch, 60 simulations to go
2025-02-08 00:31:45,662 - INFO - Prepared sim number: 117: RAYPy_Simulation_bessy2lo_56m_PGM_2Perc_coupling_errors_on_FLUX/round_1/117_bessy2lo_56m_PGM_2Perc_coupling_errors_on_FLUX.rml
2025-02-08 00:31:45,674 - INFO - Prepared sim number: 118: RAYPy_Simulation_bessy2lo_56m_PGM_2Perc_coupling_errors_on_FLUX/round_1/118_bessy2lo_56m_PGM_2Perc_coupling_errors_on_FLUX.rml
2025-02-08 00:31:45,680 - INFO - Prepared sim number: 119: RAYPy_Simulation_bessy2lo_56m_PGM_2Perc_coupling_errors_on_FLUX/round_1/119_bessy2lo_56m_PGM_2Perc_coupling_errors_on_FLUX.rml
2025-02-08 00:31:45,687 - INFO - Prepared sim number: 120: RAYPy_Simulation_bessy2lo_56m_PGM_2Perc_coupling_errors_on_FLUX/round_1/120_bessy2lo_56m_PGM_2Perc_coupling_errors_on_FLUX.rml
2025-02-08 00:31:45,692 - INFO - Prepared sim number: 121: RAYPy_Simulation_bessy2lo_56m_PGM_2Perc_coupling_errors_on_FLUX/round_1/121_bessy2lo_56m_PGM_2Perc_coupling_errors_on_FLUX.rml
2025-02-08 00:31:45,698 - INFO - Prepared sim number: 122: RAYPy_Simulation_bessy2lo_56m_PGM_2Perc_coupling_errors_on_FLUX/round_1/122_bessy2lo_56m_PGM_2Perc_coupling_errors_on_FLUX.rml
2025-02-08 00:31:45,698 - INFO - Start round 2
2025-02-08 00:31:45,703 - INFO - Prepared sim number: 0: RAYPy_Simulation_bessy2lo_56m_PGM_2Perc_coupling_errors_on_FLUX/round_2/0_bessy2lo_56m_PGM_2Perc_coupling_errors_on_FLUX.rml
2025-02-08 00:31:45,713 - INFO - Prepared sim number: 1: RAYPy_Simulation_bessy2lo_56m_PGM_2Perc_coupling_errors_on_FLUX/round_2/1_bessy2lo_56m_PGM_2Perc_coupling_errors_on_FLUX.rml
2025-02-08 00:31:45,719 - INFO - Prepared sim number: 2: RAYPy_Simulation_bessy2lo_56m_PGM_2Perc_coupling_errors_on_FLUX/round_2/2_bessy2lo_56m_PGM_2Perc_coupling_errors_on_FLUX.rml
2025-02-08 00:31:45,726 - INFO - Prepared sim number: 3: RAYPy_Simulation_bessy2lo_56m_PGM_2Perc_coupling_errors_on_FLUX/round_2/3_bessy2lo_56m_PGM_2Perc_coupling_errors_on_FLUX.rml
2025-02-08 00:31:45,732 - INFO - Prepared sim number: 4: RAYPy_Simulation_bessy2lo_56m_PGM_2Perc_coupling_errors_on_FLUX/round_2/4_bessy2lo_56m_PGM_2Perc_coupling_errors_on_FLUX.rml
2025-02-08 00:31:45,738 - INFO - Prepared sim number: 5: RAYPy_Simulation_bessy2lo_56m_PGM_2Perc_coupling_errors_on_FLUX/round_2/5_bessy2lo_56m_PGM_2Perc_coupling_errors_on_FLUX.rml
2025-02-08 00:31:45,743 - INFO - Prepared sim number: 6: RAYPy_Simulation_bessy2lo_56m_PGM_2Perc_coupling_errors_on_FLUX/round_2/6_bessy2lo_56m_PGM_2Perc_coupling_errors_on_FLUX.rml
2025-02-08 00:31:45,749 - INFO - Prepared sim number: 7: RAYPy_Simulation_bessy2lo_56m_PGM_2Perc_coupling_errors_on_FLUX/round_2/7_bessy2lo_56m_PGM_2Perc_coupling_errors_on_FLUX.rml
2025-02-08 00:31:45,756 - INFO - Prepared sim number: 8: RAYPy_Simulation_bessy2lo_56m_PGM_2Perc_coupling_errors_on_FLUX/round_2/8_bessy2lo_56m_PGM_2Perc_coupling_errors_on_FLUX.rml
2025-02-08 00:31:45,763 - INFO - Prepared sim number: 9: RAYPy_Simulation_bessy2lo_56m_PGM_2Perc_coupling_errors_on_FLUX/round_2/9_bessy2lo_56m_PGM_2Perc_coupling_errors_on_FLUX.rml
2025-02-08 00:31:45,768 - INFO - Prepared sim number: 10: RAYPy_Simulation_bessy2lo_56m_PGM_2Perc_coupling_errors_on_FLUX/round_2/10_bessy2lo_56m_PGM_2Perc_coupling_errors_on_FLUX.rml
2025-02-08 00:31:45,773 - INFO - Prepared sim number: 11: RAYPy_Simulation_bessy2lo_56m_PGM_2Perc_coupling_errors_on_FLUX/round_2/11_bessy2lo_56m_PGM_2Perc_coupling_errors_on_FLUX.rml
2025-02-08 00:31:45,777 - INFO - Prepared sim number: 12: RAYPy_Simulation_bessy2lo_56m_PGM_2Perc_coupling_errors_on_FLUX/round_2/12_bessy2lo_56m_PGM_2Perc_coupling_errors_on_FLUX.rml
2025-02-08 00:31:45,781 - INFO - Prepared sim number: 13: RAYPy_Simulation_bessy2lo_56m_PGM_2Perc_coupling_errors_on_FLUX/round_2/13_bessy2lo_56m_PGM_2Perc_coupling_errors_on_FLUX.rml
2025-02-08 00:31:45,785 - INFO - Prepared sim number: 14: RAYPy_Simulation_bessy2lo_56m_PGM_2Perc_coupling_errors_on_FLUX/round_2/14_bessy2lo_56m_PGM_2Perc_coupling_errors_on_FLUX.rml
2025-02-08 00:31:45,789 - INFO - Prepared sim number: 15: RAYPy_Simulation_bessy2lo_56m_PGM_2Perc_coupling_errors_on_FLUX/round_2/15_bessy2lo_56m_PGM_2Perc_coupling_errors_on_FLUX.rml
2025-02-08 00:31:45,794 - INFO - Prepared sim number: 16: RAYPy_Simulation_bessy2lo_56m_PGM_2Perc_coupling_errors_on_FLUX/round_2/16_bessy2lo_56m_PGM_2Perc_coupling_errors_on_FLUX.rml
2025-02-08 00:31:45,798 - INFO - Prepared sim number: 17: RAYPy_Simulation_bessy2lo_56m_PGM_2Perc_coupling_errors_on_FLUX/round_2/17_bessy2lo_56m_PGM_2Perc_coupling_errors_on_FLUX.rml
2025-02-08 00:31:45,802 - INFO - Prepared sim number: 18: RAYPy_Simulation_bessy2lo_56m_PGM_2Perc_coupling_errors_on_FLUX/round_2/18_bessy2lo_56m_PGM_2Perc_coupling_errors_on_FLUX.rml
2025-02-08 00:31:45,807 - INFO - Prepared sim number: 19: RAYPy_Simulation_bessy2lo_56m_PGM_2Perc_coupling_errors_on_FLUX/round_2/19_bessy2lo_56m_PGM_2Perc_coupling_errors_on_FLUX.rml
2025-02-08 00:31:45,811 - INFO - Prepared sim number: 20: RAYPy_Simulation_bessy2lo_56m_PGM_2Perc_coupling_errors_on_FLUX/round_2/20_bessy2lo_56m_PGM_2Perc_coupling_errors_on_FLUX.rml
2025-02-08 00:31:45,815 - INFO - Prepared sim number: 21: RAYPy_Simulation_bessy2lo_56m_PGM_2Perc_coupling_errors_on_FLUX/round_2/21_bessy2lo_56m_PGM_2Perc_coupling_errors_on_FLUX.rml
2025-02-08 00:31:45,819 - INFO - Prepared sim number: 22: RAYPy_Simulation_bessy2lo_56m_PGM_2Perc_coupling_errors_on_FLUX/round_2/22_bessy2lo_56m_PGM_2Perc_coupling_errors_on_FLUX.rml
2025-02-08 00:31:45,824 - INFO - Prepared sim number: 23: RAYPy_Simulation_bessy2lo_56m_PGM_2Perc_coupling_errors_on_FLUX/round_2/23_bessy2lo_56m_PGM_2Perc_coupling_errors_on_FLUX.rml
2025-02-08 00:31:45,827 - INFO - Prepared sim number: 24: RAYPy_Simulation_bessy2lo_56m_PGM_2Perc_coupling_errors_on_FLUX/round_2/24_bessy2lo_56m_PGM_2Perc_coupling_errors_on_FLUX.rml
2025-02-08 00:31:45,831 - INFO - Prepared sim number: 25: RAYPy_Simulation_bessy2lo_56m_PGM_2Perc_coupling_errors_on_FLUX/round_2/25_bessy2lo_56m_PGM_2Perc_coupling_errors_on_FLUX.rml
2025-02-08 00:31:45,836 - INFO - Prepared sim number: 26: RAYPy_Simulation_bessy2lo_56m_PGM_2Perc_coupling_errors_on_FLUX/round_2/26_bessy2lo_56m_PGM_2Perc_coupling_errors_on_FLUX.rml
2025-02-08 00:31:45,840 - INFO - Prepared sim number: 27: RAYPy_Simulation_bessy2lo_56m_PGM_2Perc_coupling_errors_on_FLUX/round_2/27_bessy2lo_56m_PGM_2Perc_coupling_errors_on_FLUX.rml
2025-02-08 00:31:45,844 - INFO - Prepared sim number: 28: RAYPy_Simulation_bessy2lo_56m_PGM_2Perc_coupling_errors_on_FLUX/round_2/28_bessy2lo_56m_PGM_2Perc_coupling_errors_on_FLUX.rml
2025-02-08 00:31:45,849 - INFO - Prepared sim number: 29: RAYPy_Simulation_bessy2lo_56m_PGM_2Perc_coupling_errors_on_FLUX/round_2/29_bessy2lo_56m_PGM_2Perc_coupling_errors_on_FLUX.rml
2025-02-08 00:31:45,853 - INFO - Prepared sim number: 30: RAYPy_Simulation_bessy2lo_56m_PGM_2Perc_coupling_errors_on_FLUX/round_2/30_bessy2lo_56m_PGM_2Perc_coupling_errors_on_FLUX.rml
2025-02-08 00:31:45,857 - INFO - Prepared sim number: 31: RAYPy_Simulation_bessy2lo_56m_PGM_2Perc_coupling_errors_on_FLUX/round_2/31_bessy2lo_56m_PGM_2Perc_coupling_errors_on_FLUX.rml
2025-02-08 00:31:45,862 - INFO - Prepared sim number: 32: RAYPy_Simulation_bessy2lo_56m_PGM_2Perc_coupling_errors_on_FLUX/round_2/32_bessy2lo_56m_PGM_2Perc_coupling_errors_on_FLUX.rml
2025-02-08 00:31:45,865 - INFO - Prepared sim number: 33: RAYPy_Simulation_bessy2lo_56m_PGM_2Perc_coupling_errors_on_FLUX/round_2/33_bessy2lo_56m_PGM_2Perc_coupling_errors_on_FLUX.rml
2025-02-08 00:31:45,869 - INFO - Prepared sim number: 34: RAYPy_Simulation_bessy2lo_56m_PGM_2Perc_coupling_errors_on_FLUX/round_2/34_bessy2lo_56m_PGM_2Perc_coupling_errors_on_FLUX.rml
2025-02-08 00:31:45,873 - INFO - Prepared sim number: 35: RAYPy_Simulation_bessy2lo_56m_PGM_2Perc_coupling_errors_on_FLUX/round_2/35_bessy2lo_56m_PGM_2Perc_coupling_errors_on_FLUX.rml
2025-02-08 00:31:45,877 - INFO - Prepared sim number: 36: RAYPy_Simulation_bessy2lo_56m_PGM_2Perc_coupling_errors_on_FLUX/round_2/36_bessy2lo_56m_PGM_2Perc_coupling_errors_on_FLUX.rml
2025-02-08 00:31:45,881 - INFO - Prepared sim number: 37: RAYPy_Simulation_bessy2lo_56m_PGM_2Perc_coupling_errors_on_FLUX/round_2/37_bessy2lo_56m_PGM_2Perc_coupling_errors_on_FLUX.rml
2025-02-08 00:31:45,886 - INFO - Prepared sim number: 38: RAYPy_Simulation_bessy2lo_56m_PGM_2Perc_coupling_errors_on_FLUX/round_2/38_bessy2lo_56m_PGM_2Perc_coupling_errors_on_FLUX.rml
2025-02-08 00:31:45,889 - INFO - Prepared sim number: 39: RAYPy_Simulation_bessy2lo_56m_PGM_2Perc_coupling_errors_on_FLUX/round_2/39_bessy2lo_56m_PGM_2Perc_coupling_errors_on_FLUX.rml
2025-02-08 00:31:45,893 - INFO - Prepared sim number: 40: RAYPy_Simulation_bessy2lo_56m_PGM_2Perc_coupling_errors_on_FLUX/round_2/40_bessy2lo_56m_PGM_2Perc_coupling_errors_on_FLUX.rml
2025-02-08 00:31:45,898 - INFO - Prepared sim number: 41: RAYPy_Simulation_bessy2lo_56m_PGM_2Perc_coupling_errors_on_FLUX/round_2/41_bessy2lo_56m_PGM_2Perc_coupling_errors_on_FLUX.rml
2025-02-08 00:31:45,901 - INFO - Prepared sim number: 42: RAYPy_Simulation_bessy2lo_56m_PGM_2Perc_coupling_errors_on_FLUX/round_2/42_bessy2lo_56m_PGM_2Perc_coupling_errors_on_FLUX.rml
2025-02-08 00:31:45,905 - INFO - Prepared sim number: 43: RAYPy_Simulation_bessy2lo_56m_PGM_2Perc_coupling_errors_on_FLUX/round_2/43_bessy2lo_56m_PGM_2Perc_coupling_errors_on_FLUX.rml
2025-02-08 00:31:45,910 - INFO - Prepared sim number: 44: RAYPy_Simulation_bessy2lo_56m_PGM_2Perc_coupling_errors_on_FLUX/round_2/44_bessy2lo_56m_PGM_2Perc_coupling_errors_on_FLUX.rml
2025-02-08 00:31:45,914 - INFO - Prepared sim number: 45: RAYPy_Simulation_bessy2lo_56m_PGM_2Perc_coupling_errors_on_FLUX/round_2/45_bessy2lo_56m_PGM_2Perc_coupling_errors_on_FLUX.rml
2025-02-08 00:31:45,918 - INFO - Prepared sim number: 46: RAYPy_Simulation_bessy2lo_56m_PGM_2Perc_coupling_errors_on_FLUX/round_2/46_bessy2lo_56m_PGM_2Perc_coupling_errors_on_FLUX.rml
2025-02-08 00:31:45,921 - INFO - Prepared sim number: 47: RAYPy_Simulation_bessy2lo_56m_PGM_2Perc_coupling_errors_on_FLUX/round_2/47_bessy2lo_56m_PGM_2Perc_coupling_errors_on_FLUX.rml
2025-02-08 00:31:45,925 - INFO - Prepared sim number: 48: RAYPy_Simulation_bessy2lo_56m_PGM_2Perc_coupling_errors_on_FLUX/round_2/48_bessy2lo_56m_PGM_2Perc_coupling_errors_on_FLUX.rml
2025-02-08 00:31:45,929 - INFO - Prepared sim number: 49: RAYPy_Simulation_bessy2lo_56m_PGM_2Perc_coupling_errors_on_FLUX/round_2/49_bessy2lo_56m_PGM_2Perc_coupling_errors_on_FLUX.rml
2025-02-08 00:31:45,933 - INFO - Prepared sim number: 50: RAYPy_Simulation_bessy2lo_56m_PGM_2Perc_coupling_errors_on_FLUX/round_2/50_bessy2lo_56m_PGM_2Perc_coupling_errors_on_FLUX.rml
2025-02-08 00:31:45,938 - INFO - Prepared sim number: 51: RAYPy_Simulation_bessy2lo_56m_PGM_2Perc_coupling_errors_on_FLUX/round_2/51_bessy2lo_56m_PGM_2Perc_coupling_errors_on_FLUX.rml
2025-02-08 00:31:45,943 - INFO - Prepared sim number: 52: RAYPy_Simulation_bessy2lo_56m_PGM_2Perc_coupling_errors_on_FLUX/round_2/52_bessy2lo_56m_PGM_2Perc_coupling_errors_on_FLUX.rml
2025-02-08 00:31:45,948 - INFO - Prepared sim number: 53: RAYPy_Simulation_bessy2lo_56m_PGM_2Perc_coupling_errors_on_FLUX/round_2/53_bessy2lo_56m_PGM_2Perc_coupling_errors_on_FLUX.rml
2025-02-08 00:31:45,949 - INFO - Waiting for batch number: 4, timeout: 98.68119188812044s
2025-02-08 00:32:01,328 - INFO - Completed: 1, remaining: 59, RAYPy_Simulation_bessy2lo_56m_PGM_2Perc_coupling_errors_on_FLUX/round_2/3_bessy2lo_56m_PGM_2Perc_coupling_errors_on_FLUX.rml
2025-02-08 00:32:01,604 - INFO - Completed: 2, remaining: 58, RAYPy_Simulation_bessy2lo_56m_PGM_2Perc_coupling_errors_on_FLUX/round_1/121_bessy2lo_56m_PGM_2Perc_coupling_errors_on_FLUX.rml
2025-02-08 00:32:01,776 - INFO - Completed: 3, remaining: 57, RAYPy_Simulation_bessy2lo_56m_PGM_2Perc_coupling_errors_on_FLUX/round_2/4_bessy2lo_56m_PGM_2Perc_coupling_errors_on_FLUX.rml
2025-02-08 00:32:01,801 - INFO - Completed: 4, remaining: 56, RAYPy_Simulation_bessy2lo_56m_PGM_2Perc_coupling_errors_on_FLUX/round_2/2_bessy2lo_56m_PGM_2Perc_coupling_errors_on_FLUX.rml
2025-02-08 00:32:01,993 - INFO - Completed: 5, remaining: 55, RAYPy_Simulation_bessy2lo_56m_PGM_2Perc_coupling_errors_on_FLUX/round_1/119_bessy2lo_56m_PGM_2Perc_coupling_errors_on_FLUX.rml
2025-02-08 00:32:02,008 - INFO - Completed: 6, remaining: 54, RAYPy_Simulation_bessy2lo_56m_PGM_2Perc_coupling_errors_on_FLUX/round_1/118_bessy2lo_56m_PGM_2Perc_coupling_errors_on_FLUX.rml
2025-02-08 00:32:02,324 - INFO - Completed: 7, remaining: 53, RAYPy_Simulation_bessy2lo_56m_PGM_2Perc_coupling_errors_on_FLUX/round_1/120_bessy2lo_56m_PGM_2Perc_coupling_errors_on_FLUX.rml
2025-02-08 00:32:02,480 - INFO - Completed: 8, remaining: 52, RAYPy_Simulation_bessy2lo_56m_PGM_2Perc_coupling_errors_on_FLUX/round_2/0_bessy2lo_56m_PGM_2Perc_coupling_errors_on_FLUX.rml
2025-02-08 00:32:03,774 - INFO - Completed: 9, remaining: 51, RAYPy_Simulation_bessy2lo_56m_PGM_2Perc_coupling_errors_on_FLUX/round_2/5_bessy2lo_56m_PGM_2Perc_coupling_errors_on_FLUX.rml
2025-02-08 00:32:03,893 - INFO - Completed: 10, remaining: 50, RAYPy_Simulation_bessy2lo_56m_PGM_2Perc_coupling_errors_on_FLUX/round_2/1_bessy2lo_56m_PGM_2Perc_coupling_errors_on_FLUX.rml
2025-02-08 00:32:03,948 - INFO - Completed: 11, remaining: 49, RAYPy_Simulation_bessy2lo_56m_PGM_2Perc_coupling_errors_on_FLUX/round_1/122_bessy2lo_56m_PGM_2Perc_coupling_errors_on_FLUX.rml
2025-02-08 00:32:04,195 - INFO - Completed: 12, remaining: 48, RAYPy_Simulation_bessy2lo_56m_PGM_2Perc_coupling_errors_on_FLUX/round_1/117_bessy2lo_56m_PGM_2Perc_coupling_errors_on_FLUX.rml
2025-02-08 00:32:16,480 - INFO - Completed: 13, remaining: 47, RAYPy_Simulation_bessy2lo_56m_PGM_2Perc_coupling_errors_on_FLUX/round_2/6_bessy2lo_56m_PGM_2Perc_coupling_errors_on_FLUX.rml
2025-02-08 00:32:17,781 - INFO - Completed: 14, remaining: 46, RAYPy_Simulation_bessy2lo_56m_PGM_2Perc_coupling_errors_on_FLUX/round_2/9_bessy2lo_56m_PGM_2Perc_coupling_errors_on_FLUX.rml
2025-02-08 00:32:18,074 - INFO - Completed: 15, remaining: 45, RAYPy_Simulation_bessy2lo_56m_PGM_2Perc_coupling_errors_on_FLUX/round_2/7_bessy2lo_56m_PGM_2Perc_coupling_errors_on_FLUX.rml
2025-02-08 00:32:18,532 - INFO - Completed: 16, remaining: 44, RAYPy_Simulation_bessy2lo_56m_PGM_2Perc_coupling_errors_on_FLUX/round_2/11_bessy2lo_56m_PGM_2Perc_coupling_errors_on_FLUX.rml
2025-02-08 00:32:18,756 - INFO - Completed: 17, remaining: 43, RAYPy_Simulation_bessy2lo_56m_PGM_2Perc_coupling_errors_on_FLUX/round_2/10_bessy2lo_56m_PGM_2Perc_coupling_errors_on_FLUX.rml
2025-02-08 00:32:19,170 - INFO - Completed: 18, remaining: 42, RAYPy_Simulation_bessy2lo_56m_PGM_2Perc_coupling_errors_on_FLUX/round_2/8_bessy2lo_56m_PGM_2Perc_coupling_errors_on_FLUX.rml
2025-02-08 00:32:19,231 - INFO - Completed: 19, remaining: 41, RAYPy_Simulation_bessy2lo_56m_PGM_2Perc_coupling_errors_on_FLUX/round_2/13_bessy2lo_56m_PGM_2Perc_coupling_errors_on_FLUX.rml
2025-02-08 00:32:19,400 - INFO - Completed: 20, remaining: 40, RAYPy_Simulation_bessy2lo_56m_PGM_2Perc_coupling_errors_on_FLUX/round_2/12_bessy2lo_56m_PGM_2Perc_coupling_errors_on_FLUX.rml
2025-02-08 00:32:20,374 - INFO - Completed: 21, remaining: 39, RAYPy_Simulation_bessy2lo_56m_PGM_2Perc_coupling_errors_on_FLUX/round_2/14_bessy2lo_56m_PGM_2Perc_coupling_errors_on_FLUX.rml
2025-02-08 00:32:20,486 - INFO - Completed: 22, remaining: 38, RAYPy_Simulation_bessy2lo_56m_PGM_2Perc_coupling_errors_on_FLUX/round_2/15_bessy2lo_56m_PGM_2Perc_coupling_errors_on_FLUX.rml
2025-02-08 00:32:20,506 - INFO - Completed: 23, remaining: 37, RAYPy_Simulation_bessy2lo_56m_PGM_2Perc_coupling_errors_on_FLUX/round_2/17_bessy2lo_56m_PGM_2Perc_coupling_errors_on_FLUX.rml
2025-02-08 00:32:20,618 - INFO - Completed: 24, remaining: 36, RAYPy_Simulation_bessy2lo_56m_PGM_2Perc_coupling_errors_on_FLUX/round_2/16_bessy2lo_56m_PGM_2Perc_coupling_errors_on_FLUX.rml
2025-02-08 00:32:28,270 - INFO - Completed: 25, remaining: 35, RAYPy_Simulation_bessy2lo_56m_PGM_2Perc_coupling_errors_on_FLUX/round_2/18_bessy2lo_56m_PGM_2Perc_coupling_errors_on_FLUX.rml
2025-02-08 00:32:33,128 - INFO - Completed: 26, remaining: 34, RAYPy_Simulation_bessy2lo_56m_PGM_2Perc_coupling_errors_on_FLUX/round_2/19_bessy2lo_56m_PGM_2Perc_coupling_errors_on_FLUX.rml
2025-02-08 00:32:33,684 - INFO - Completed: 27, remaining: 33, RAYPy_Simulation_bessy2lo_56m_PGM_2Perc_coupling_errors_on_FLUX/round_2/20_bessy2lo_56m_PGM_2Perc_coupling_errors_on_FLUX.rml
2025-02-08 00:32:34,878 - INFO - Completed: 28, remaining: 32, RAYPy_Simulation_bessy2lo_56m_PGM_2Perc_coupling_errors_on_FLUX/round_2/22_bessy2lo_56m_PGM_2Perc_coupling_errors_on_FLUX.rml
2025-02-08 00:32:34,926 - INFO - Completed: 29, remaining: 31, RAYPy_Simulation_bessy2lo_56m_PGM_2Perc_coupling_errors_on_FLUX/round_2/21_bessy2lo_56m_PGM_2Perc_coupling_errors_on_FLUX.rml
2025-02-08 00:32:35,696 - INFO - Completed: 30, remaining: 30, RAYPy_Simulation_bessy2lo_56m_PGM_2Perc_coupling_errors_on_FLUX/round_2/23_bessy2lo_56m_PGM_2Perc_coupling_errors_on_FLUX.rml
2025-02-08 00:32:35,763 - INFO - Completed: 31, remaining: 29, RAYPy_Simulation_bessy2lo_56m_PGM_2Perc_coupling_errors_on_FLUX/round_2/25_bessy2lo_56m_PGM_2Perc_coupling_errors_on_FLUX.rml
2025-02-08 00:32:35,899 - INFO - Completed: 32, remaining: 28, RAYPy_Simulation_bessy2lo_56m_PGM_2Perc_coupling_errors_on_FLUX/round_2/24_bessy2lo_56m_PGM_2Perc_coupling_errors_on_FLUX.rml
2025-02-08 00:32:36,867 - INFO - Completed: 33, remaining: 27, RAYPy_Simulation_bessy2lo_56m_PGM_2Perc_coupling_errors_on_FLUX/round_2/28_bessy2lo_56m_PGM_2Perc_coupling_errors_on_FLUX.rml
2025-02-08 00:32:36,888 - INFO - Completed: 34, remaining: 26, RAYPy_Simulation_bessy2lo_56m_PGM_2Perc_coupling_errors_on_FLUX/round_2/27_bessy2lo_56m_PGM_2Perc_coupling_errors_on_FLUX.rml
2025-02-08 00:32:37,093 - INFO - Completed: 35, remaining: 25, RAYPy_Simulation_bessy2lo_56m_PGM_2Perc_coupling_errors_on_FLUX/round_2/29_bessy2lo_56m_PGM_2Perc_coupling_errors_on_FLUX.rml
2025-02-08 00:32:37,879 - INFO - Completed: 36, remaining: 24, RAYPy_Simulation_bessy2lo_56m_PGM_2Perc_coupling_errors_on_FLUX/round_2/26_bessy2lo_56m_PGM_2Perc_coupling_errors_on_FLUX.rml
2025-02-08 00:32:41,285 - INFO - Completed: 37, remaining: 23, RAYPy_Simulation_bessy2lo_56m_PGM_2Perc_coupling_errors_on_FLUX/round_2/30_bessy2lo_56m_PGM_2Perc_coupling_errors_on_FLUX.rml
2025-02-08 00:32:47,387 - INFO - Completed: 38, remaining: 22, RAYPy_Simulation_bessy2lo_56m_PGM_2Perc_coupling_errors_on_FLUX/round_2/31_bessy2lo_56m_PGM_2Perc_coupling_errors_on_FLUX.rml
2025-02-08 00:32:48,413 - INFO - Completed: 39, remaining: 21, RAYPy_Simulation_bessy2lo_56m_PGM_2Perc_coupling_errors_on_FLUX/round_2/32_bessy2lo_56m_PGM_2Perc_coupling_errors_on_FLUX.rml
2025-02-08 00:32:51,158 - INFO - Completed: 40, remaining: 20, RAYPy_Simulation_bessy2lo_56m_PGM_2Perc_coupling_errors_on_FLUX/round_2/33_bessy2lo_56m_PGM_2Perc_coupling_errors_on_FLUX.rml
2025-02-08 00:32:52,134 - INFO - Completed: 41, remaining: 19, RAYPy_Simulation_bessy2lo_56m_PGM_2Perc_coupling_errors_on_FLUX/round_2/37_bessy2lo_56m_PGM_2Perc_coupling_errors_on_FLUX.rml
2025-02-08 00:32:52,239 - INFO - Completed: 42, remaining: 18, RAYPy_Simulation_bessy2lo_56m_PGM_2Perc_coupling_errors_on_FLUX/round_2/35_bessy2lo_56m_PGM_2Perc_coupling_errors_on_FLUX.rml
2025-02-08 00:32:52,606 - INFO - Completed: 43, remaining: 17, RAYPy_Simulation_bessy2lo_56m_PGM_2Perc_coupling_errors_on_FLUX/round_2/36_bessy2lo_56m_PGM_2Perc_coupling_errors_on_FLUX.rml
2025-02-08 00:32:52,901 - INFO - Completed: 44, remaining: 16, RAYPy_Simulation_bessy2lo_56m_PGM_2Perc_coupling_errors_on_FLUX/round_2/40_bessy2lo_56m_PGM_2Perc_coupling_errors_on_FLUX.rml
2025-02-08 00:32:53,607 - INFO - Completed: 45, remaining: 15, RAYPy_Simulation_bessy2lo_56m_PGM_2Perc_coupling_errors_on_FLUX/round_2/38_bessy2lo_56m_PGM_2Perc_coupling_errors_on_FLUX.rml
2025-02-08 00:32:53,705 - INFO - Completed: 46, remaining: 14, RAYPy_Simulation_bessy2lo_56m_PGM_2Perc_coupling_errors_on_FLUX/round_2/34_bessy2lo_56m_PGM_2Perc_coupling_errors_on_FLUX.rml
2025-02-08 00:32:53,859 - INFO - Completed: 47, remaining: 13, RAYPy_Simulation_bessy2lo_56m_PGM_2Perc_coupling_errors_on_FLUX/round_2/39_bessy2lo_56m_PGM_2Perc_coupling_errors_on_FLUX.rml
2025-02-08 00:32:54,723 - INFO - Completed: 48, remaining: 12, RAYPy_Simulation_bessy2lo_56m_PGM_2Perc_coupling_errors_on_FLUX/round_2/41_bessy2lo_56m_PGM_2Perc_coupling_errors_on_FLUX.rml
2025-02-08 00:32:56,424 - INFO - Completed: 49, remaining: 11, RAYPy_Simulation_bessy2lo_56m_PGM_2Perc_coupling_errors_on_FLUX/round_2/42_bessy2lo_56m_PGM_2Perc_coupling_errors_on_FLUX.rml
2025-02-08 00:33:01,409 - INFO - Completed: 50, remaining: 10, RAYPy_Simulation_bessy2lo_56m_PGM_2Perc_coupling_errors_on_FLUX/round_2/43_bessy2lo_56m_PGM_2Perc_coupling_errors_on_FLUX.rml
2025-02-08 00:33:02,157 - INFO - Completed: 51, remaining: 9, RAYPy_Simulation_bessy2lo_56m_PGM_2Perc_coupling_errors_on_FLUX/round_2/44_bessy2lo_56m_PGM_2Perc_coupling_errors_on_FLUX.rml
2025-02-08 00:33:05,186 - INFO - Completed: 52, remaining: 8, RAYPy_Simulation_bessy2lo_56m_PGM_2Perc_coupling_errors_on_FLUX/round_2/45_bessy2lo_56m_PGM_2Perc_coupling_errors_on_FLUX.rml
2025-02-08 00:33:06,406 - INFO - Completed: 53, remaining: 7, RAYPy_Simulation_bessy2lo_56m_PGM_2Perc_coupling_errors_on_FLUX/round_2/47_bessy2lo_56m_PGM_2Perc_coupling_errors_on_FLUX.rml
2025-02-08 00:33:06,626 - INFO - Completed: 54, remaining: 6, RAYPy_Simulation_bessy2lo_56m_PGM_2Perc_coupling_errors_on_FLUX/round_2/46_bessy2lo_56m_PGM_2Perc_coupling_errors_on_FLUX.rml
2025-02-08 00:33:06,736 - INFO - Completed: 55, remaining: 5, RAYPy_Simulation_bessy2lo_56m_PGM_2Perc_coupling_errors_on_FLUX/round_2/48_bessy2lo_56m_PGM_2Perc_coupling_errors_on_FLUX.rml
2025-02-08 00:33:06,921 - INFO - Completed: 56, remaining: 4, RAYPy_Simulation_bessy2lo_56m_PGM_2Perc_coupling_errors_on_FLUX/round_2/49_bessy2lo_56m_PGM_2Perc_coupling_errors_on_FLUX.rml
2025-02-08 00:33:07,285 - INFO - Completed: 57, remaining: 3, RAYPy_Simulation_bessy2lo_56m_PGM_2Perc_coupling_errors_on_FLUX/round_2/50_bessy2lo_56m_PGM_2Perc_coupling_errors_on_FLUX.rml
2025-02-08 00:33:07,401 - INFO - Completed: 58, remaining: 2, RAYPy_Simulation_bessy2lo_56m_PGM_2Perc_coupling_errors_on_FLUX/round_2/52_bessy2lo_56m_PGM_2Perc_coupling_errors_on_FLUX.rml
2025-02-08 00:33:07,489 - INFO - Completed: 59, remaining: 1, RAYPy_Simulation_bessy2lo_56m_PGM_2Perc_coupling_errors_on_FLUX/round_2/51_bessy2lo_56m_PGM_2Perc_coupling_errors_on_FLUX.rml
2025-02-08 00:33:07,770 - INFO - Completed: 60, remaining: 0, RAYPy_Simulation_bessy2lo_56m_PGM_2Perc_coupling_errors_on_FLUX/round_2/53_bessy2lo_56m_PGM_2Perc_coupling_errors_on_FLUX.rml
2025-02-08 00:33:07,770 - INFO - Batch Completed
2025-02-08 00:33:07,771 - INFO - Waiting For batch, 60 simulations to go
2025-02-08 00:33:07,776 - INFO - Prepared sim number: 54: RAYPy_Simulation_bessy2lo_56m_PGM_2Perc_coupling_errors_on_FLUX/round_2/54_bessy2lo_56m_PGM_2Perc_coupling_errors_on_FLUX.rml
2025-02-08 00:33:07,780 - INFO - Prepared sim number: 55: RAYPy_Simulation_bessy2lo_56m_PGM_2Perc_coupling_errors_on_FLUX/round_2/55_bessy2lo_56m_PGM_2Perc_coupling_errors_on_FLUX.rml
2025-02-08 00:33:07,789 - INFO - Prepared sim number: 56: RAYPy_Simulation_bessy2lo_56m_PGM_2Perc_coupling_errors_on_FLUX/round_2/56_bessy2lo_56m_PGM_2Perc_coupling_errors_on_FLUX.rml
2025-02-08 00:33:07,794 - INFO - Prepared sim number: 57: RAYPy_Simulation_bessy2lo_56m_PGM_2Perc_coupling_errors_on_FLUX/round_2/57_bessy2lo_56m_PGM_2Perc_coupling_errors_on_FLUX.rml
2025-02-08 00:33:07,800 - INFO - Prepared sim number: 58: RAYPy_Simulation_bessy2lo_56m_PGM_2Perc_coupling_errors_on_FLUX/round_2/58_bessy2lo_56m_PGM_2Perc_coupling_errors_on_FLUX.rml
2025-02-08 00:33:07,805 - INFO - Prepared sim number: 59: RAYPy_Simulation_bessy2lo_56m_PGM_2Perc_coupling_errors_on_FLUX/round_2/59_bessy2lo_56m_PGM_2Perc_coupling_errors_on_FLUX.rml
2025-02-08 00:33:07,810 - INFO - Prepared sim number: 60: RAYPy_Simulation_bessy2lo_56m_PGM_2Perc_coupling_errors_on_FLUX/round_2/60_bessy2lo_56m_PGM_2Perc_coupling_errors_on_FLUX.rml
2025-02-08 00:33:07,820 - INFO - Prepared sim number: 61: RAYPy_Simulation_bessy2lo_56m_PGM_2Perc_coupling_errors_on_FLUX/round_2/61_bessy2lo_56m_PGM_2Perc_coupling_errors_on_FLUX.rml
2025-02-08 00:33:07,825 - INFO - Prepared sim number: 62: RAYPy_Simulation_bessy2lo_56m_PGM_2Perc_coupling_errors_on_FLUX/round_2/62_bessy2lo_56m_PGM_2Perc_coupling_errors_on_FLUX.rml
2025-02-08 00:33:07,829 - INFO - Prepared sim number: 63: RAYPy_Simulation_bessy2lo_56m_PGM_2Perc_coupling_errors_on_FLUX/round_2/63_bessy2lo_56m_PGM_2Perc_coupling_errors_on_FLUX.rml
2025-02-08 00:33:07,835 - INFO - Prepared sim number: 64: RAYPy_Simulation_bessy2lo_56m_PGM_2Perc_coupling_errors_on_FLUX/round_2/64_bessy2lo_56m_PGM_2Perc_coupling_errors_on_FLUX.rml
2025-02-08 00:33:07,841 - INFO - Prepared sim number: 65: RAYPy_Simulation_bessy2lo_56m_PGM_2Perc_coupling_errors_on_FLUX/round_2/65_bessy2lo_56m_PGM_2Perc_coupling_errors_on_FLUX.rml
2025-02-08 00:33:07,846 - INFO - Prepared sim number: 66: RAYPy_Simulation_bessy2lo_56m_PGM_2Perc_coupling_errors_on_FLUX/round_2/66_bessy2lo_56m_PGM_2Perc_coupling_errors_on_FLUX.rml
2025-02-08 00:33:07,851 - INFO - Prepared sim number: 67: RAYPy_Simulation_bessy2lo_56m_PGM_2Perc_coupling_errors_on_FLUX/round_2/67_bessy2lo_56m_PGM_2Perc_coupling_errors_on_FLUX.rml
2025-02-08 00:33:07,855 - INFO - Prepared sim number: 68: RAYPy_Simulation_bessy2lo_56m_PGM_2Perc_coupling_errors_on_FLUX/round_2/68_bessy2lo_56m_PGM_2Perc_coupling_errors_on_FLUX.rml
2025-02-08 00:33:07,859 - INFO - Prepared sim number: 69: RAYPy_Simulation_bessy2lo_56m_PGM_2Perc_coupling_errors_on_FLUX/round_2/69_bessy2lo_56m_PGM_2Perc_coupling_errors_on_FLUX.rml
2025-02-08 00:33:07,863 - INFO - Prepared sim number: 70: RAYPy_Simulation_bessy2lo_56m_PGM_2Perc_coupling_errors_on_FLUX/round_2/70_bessy2lo_56m_PGM_2Perc_coupling_errors_on_FLUX.rml
2025-02-08 00:33:07,867 - INFO - Prepared sim number: 71: RAYPy_Simulation_bessy2lo_56m_PGM_2Perc_coupling_errors_on_FLUX/round_2/71_bessy2lo_56m_PGM_2Perc_coupling_errors_on_FLUX.rml
2025-02-08 00:33:07,871 - INFO - Prepared sim number: 72: RAYPy_Simulation_bessy2lo_56m_PGM_2Perc_coupling_errors_on_FLUX/round_2/72_bessy2lo_56m_PGM_2Perc_coupling_errors_on_FLUX.rml
2025-02-08 00:33:07,875 - INFO - Prepared sim number: 73: RAYPy_Simulation_bessy2lo_56m_PGM_2Perc_coupling_errors_on_FLUX/round_2/73_bessy2lo_56m_PGM_2Perc_coupling_errors_on_FLUX.rml
2025-02-08 00:33:07,879 - INFO - Prepared sim number: 74: RAYPy_Simulation_bessy2lo_56m_PGM_2Perc_coupling_errors_on_FLUX/round_2/74_bessy2lo_56m_PGM_2Perc_coupling_errors_on_FLUX.rml
2025-02-08 00:33:07,883 - INFO - Prepared sim number: 75: RAYPy_Simulation_bessy2lo_56m_PGM_2Perc_coupling_errors_on_FLUX/round_2/75_bessy2lo_56m_PGM_2Perc_coupling_errors_on_FLUX.rml
2025-02-08 00:33:07,887 - INFO - Prepared sim number: 76: RAYPy_Simulation_bessy2lo_56m_PGM_2Perc_coupling_errors_on_FLUX/round_2/76_bessy2lo_56m_PGM_2Perc_coupling_errors_on_FLUX.rml
2025-02-08 00:33:07,891 - INFO - Prepared sim number: 77: RAYPy_Simulation_bessy2lo_56m_PGM_2Perc_coupling_errors_on_FLUX/round_2/77_bessy2lo_56m_PGM_2Perc_coupling_errors_on_FLUX.rml
2025-02-08 00:33:07,895 - INFO - Prepared sim number: 78: RAYPy_Simulation_bessy2lo_56m_PGM_2Perc_coupling_errors_on_FLUX/round_2/78_bessy2lo_56m_PGM_2Perc_coupling_errors_on_FLUX.rml
2025-02-08 00:33:07,898 - INFO - Prepared sim number: 79: RAYPy_Simulation_bessy2lo_56m_PGM_2Perc_coupling_errors_on_FLUX/round_2/79_bessy2lo_56m_PGM_2Perc_coupling_errors_on_FLUX.rml
2025-02-08 00:33:07,902 - INFO - Prepared sim number: 80: RAYPy_Simulation_bessy2lo_56m_PGM_2Perc_coupling_errors_on_FLUX/round_2/80_bessy2lo_56m_PGM_2Perc_coupling_errors_on_FLUX.rml
2025-02-08 00:33:07,906 - INFO - Prepared sim number: 81: RAYPy_Simulation_bessy2lo_56m_PGM_2Perc_coupling_errors_on_FLUX/round_2/81_bessy2lo_56m_PGM_2Perc_coupling_errors_on_FLUX.rml
2025-02-08 00:33:07,910 - INFO - Prepared sim number: 82: RAYPy_Simulation_bessy2lo_56m_PGM_2Perc_coupling_errors_on_FLUX/round_2/82_bessy2lo_56m_PGM_2Perc_coupling_errors_on_FLUX.rml
2025-02-08 00:33:07,914 - INFO - Prepared sim number: 83: RAYPy_Simulation_bessy2lo_56m_PGM_2Perc_coupling_errors_on_FLUX/round_2/83_bessy2lo_56m_PGM_2Perc_coupling_errors_on_FLUX.rml
2025-02-08 00:33:07,918 - INFO - Prepared sim number: 84: RAYPy_Simulation_bessy2lo_56m_PGM_2Perc_coupling_errors_on_FLUX/round_2/84_bessy2lo_56m_PGM_2Perc_coupling_errors_on_FLUX.rml
2025-02-08 00:33:07,922 - INFO - Prepared sim number: 85: RAYPy_Simulation_bessy2lo_56m_PGM_2Perc_coupling_errors_on_FLUX/round_2/85_bessy2lo_56m_PGM_2Perc_coupling_errors_on_FLUX.rml
2025-02-08 00:33:07,926 - INFO - Prepared sim number: 86: RAYPy_Simulation_bessy2lo_56m_PGM_2Perc_coupling_errors_on_FLUX/round_2/86_bessy2lo_56m_PGM_2Perc_coupling_errors_on_FLUX.rml
2025-02-08 00:33:07,930 - INFO - Prepared sim number: 87: RAYPy_Simulation_bessy2lo_56m_PGM_2Perc_coupling_errors_on_FLUX/round_2/87_bessy2lo_56m_PGM_2Perc_coupling_errors_on_FLUX.rml
2025-02-08 00:33:07,933 - INFO - Prepared sim number: 88: RAYPy_Simulation_bessy2lo_56m_PGM_2Perc_coupling_errors_on_FLUX/round_2/88_bessy2lo_56m_PGM_2Perc_coupling_errors_on_FLUX.rml
2025-02-08 00:33:07,938 - INFO - Prepared sim number: 89: RAYPy_Simulation_bessy2lo_56m_PGM_2Perc_coupling_errors_on_FLUX/round_2/89_bessy2lo_56m_PGM_2Perc_coupling_errors_on_FLUX.rml
2025-02-08 00:33:07,942 - INFO - Prepared sim number: 90: RAYPy_Simulation_bessy2lo_56m_PGM_2Perc_coupling_errors_on_FLUX/round_2/90_bessy2lo_56m_PGM_2Perc_coupling_errors_on_FLUX.rml
2025-02-08 00:33:07,946 - INFO - Prepared sim number: 91: RAYPy_Simulation_bessy2lo_56m_PGM_2Perc_coupling_errors_on_FLUX/round_2/91_bessy2lo_56m_PGM_2Perc_coupling_errors_on_FLUX.rml
2025-02-08 00:33:07,949 - INFO - Prepared sim number: 92: RAYPy_Simulation_bessy2lo_56m_PGM_2Perc_coupling_errors_on_FLUX/round_2/92_bessy2lo_56m_PGM_2Perc_coupling_errors_on_FLUX.rml
2025-02-08 00:33:07,953 - INFO - Prepared sim number: 93: RAYPy_Simulation_bessy2lo_56m_PGM_2Perc_coupling_errors_on_FLUX/round_2/93_bessy2lo_56m_PGM_2Perc_coupling_errors_on_FLUX.rml
2025-02-08 00:33:07,957 - INFO - Prepared sim number: 94: RAYPy_Simulation_bessy2lo_56m_PGM_2Perc_coupling_errors_on_FLUX/round_2/94_bessy2lo_56m_PGM_2Perc_coupling_errors_on_FLUX.rml
2025-02-08 00:33:07,961 - INFO - Prepared sim number: 95: RAYPy_Simulation_bessy2lo_56m_PGM_2Perc_coupling_errors_on_FLUX/round_2/95_bessy2lo_56m_PGM_2Perc_coupling_errors_on_FLUX.rml
2025-02-08 00:33:07,965 - INFO - Prepared sim number: 96: RAYPy_Simulation_bessy2lo_56m_PGM_2Perc_coupling_errors_on_FLUX/round_2/96_bessy2lo_56m_PGM_2Perc_coupling_errors_on_FLUX.rml
2025-02-08 00:33:07,969 - INFO - Prepared sim number: 97: RAYPy_Simulation_bessy2lo_56m_PGM_2Perc_coupling_errors_on_FLUX/round_2/97_bessy2lo_56m_PGM_2Perc_coupling_errors_on_FLUX.rml
2025-02-08 00:33:07,973 - INFO - Prepared sim number: 98: RAYPy_Simulation_bessy2lo_56m_PGM_2Perc_coupling_errors_on_FLUX/round_2/98_bessy2lo_56m_PGM_2Perc_coupling_errors_on_FLUX.rml
2025-02-08 00:33:07,977 - INFO - Prepared sim number: 99: RAYPy_Simulation_bessy2lo_56m_PGM_2Perc_coupling_errors_on_FLUX/round_2/99_bessy2lo_56m_PGM_2Perc_coupling_errors_on_FLUX.rml
2025-02-08 00:33:07,980 - INFO - Prepared sim number: 100: RAYPy_Simulation_bessy2lo_56m_PGM_2Perc_coupling_errors_on_FLUX/round_2/100_bessy2lo_56m_PGM_2Perc_coupling_errors_on_FLUX.rml
2025-02-08 00:33:07,984 - INFO - Prepared sim number: 101: RAYPy_Simulation_bessy2lo_56m_PGM_2Perc_coupling_errors_on_FLUX/round_2/101_bessy2lo_56m_PGM_2Perc_coupling_errors_on_FLUX.rml
2025-02-08 00:33:07,988 - INFO - Prepared sim number: 102: RAYPy_Simulation_bessy2lo_56m_PGM_2Perc_coupling_errors_on_FLUX/round_2/102_bessy2lo_56m_PGM_2Perc_coupling_errors_on_FLUX.rml
2025-02-08 00:33:07,991 - INFO - Prepared sim number: 103: RAYPy_Simulation_bessy2lo_56m_PGM_2Perc_coupling_errors_on_FLUX/round_2/103_bessy2lo_56m_PGM_2Perc_coupling_errors_on_FLUX.rml
2025-02-08 00:33:07,996 - INFO - Prepared sim number: 104: RAYPy_Simulation_bessy2lo_56m_PGM_2Perc_coupling_errors_on_FLUX/round_2/104_bessy2lo_56m_PGM_2Perc_coupling_errors_on_FLUX.rml
2025-02-08 00:33:07,999 - INFO - Prepared sim number: 105: RAYPy_Simulation_bessy2lo_56m_PGM_2Perc_coupling_errors_on_FLUX/round_2/105_bessy2lo_56m_PGM_2Perc_coupling_errors_on_FLUX.rml
2025-02-08 00:33:08,003 - INFO - Prepared sim number: 106: RAYPy_Simulation_bessy2lo_56m_PGM_2Perc_coupling_errors_on_FLUX/round_2/106_bessy2lo_56m_PGM_2Perc_coupling_errors_on_FLUX.rml
2025-02-08 00:33:08,007 - INFO - Prepared sim number: 107: RAYPy_Simulation_bessy2lo_56m_PGM_2Perc_coupling_errors_on_FLUX/round_2/107_bessy2lo_56m_PGM_2Perc_coupling_errors_on_FLUX.rml
2025-02-08 00:33:08,010 - INFO - Prepared sim number: 108: RAYPy_Simulation_bessy2lo_56m_PGM_2Perc_coupling_errors_on_FLUX/round_2/108_bessy2lo_56m_PGM_2Perc_coupling_errors_on_FLUX.rml
2025-02-08 00:33:08,015 - INFO - Prepared sim number: 109: RAYPy_Simulation_bessy2lo_56m_PGM_2Perc_coupling_errors_on_FLUX/round_2/109_bessy2lo_56m_PGM_2Perc_coupling_errors_on_FLUX.rml
2025-02-08 00:33:08,019 - INFO - Prepared sim number: 110: RAYPy_Simulation_bessy2lo_56m_PGM_2Perc_coupling_errors_on_FLUX/round_2/110_bessy2lo_56m_PGM_2Perc_coupling_errors_on_FLUX.rml
2025-02-08 00:33:08,022 - INFO - Prepared sim number: 111: RAYPy_Simulation_bessy2lo_56m_PGM_2Perc_coupling_errors_on_FLUX/round_2/111_bessy2lo_56m_PGM_2Perc_coupling_errors_on_FLUX.rml
2025-02-08 00:33:08,026 - INFO - Prepared sim number: 112: RAYPy_Simulation_bessy2lo_56m_PGM_2Perc_coupling_errors_on_FLUX/round_2/112_bessy2lo_56m_PGM_2Perc_coupling_errors_on_FLUX.rml
2025-02-08 00:33:08,030 - INFO - Prepared sim number: 113: RAYPy_Simulation_bessy2lo_56m_PGM_2Perc_coupling_errors_on_FLUX/round_2/113_bessy2lo_56m_PGM_2Perc_coupling_errors_on_FLUX.rml
2025-02-08 00:33:08,031 - INFO - Waiting for batch number: 5, timeout: 97.8891401083573s
2025-02-08 00:33:22,840 - INFO - Completed: 1, remaining: 59, RAYPy_Simulation_bessy2lo_56m_PGM_2Perc_coupling_errors_on_FLUX/round_2/54_bessy2lo_56m_PGM_2Perc_coupling_errors_on_FLUX.rml
2025-02-08 00:33:23,042 - INFO - Completed: 2, remaining: 58, RAYPy_Simulation_bessy2lo_56m_PGM_2Perc_coupling_errors_on_FLUX/round_2/63_bessy2lo_56m_PGM_2Perc_coupling_errors_on_FLUX.rml
2025-02-08 00:33:23,433 - INFO - Completed: 3, remaining: 57, RAYPy_Simulation_bessy2lo_56m_PGM_2Perc_coupling_errors_on_FLUX/round_2/56_bessy2lo_56m_PGM_2Perc_coupling_errors_on_FLUX.rml
2025-02-08 00:33:23,612 - INFO - Completed: 4, remaining: 56, RAYPy_Simulation_bessy2lo_56m_PGM_2Perc_coupling_errors_on_FLUX/round_2/61_bessy2lo_56m_PGM_2Perc_coupling_errors_on_FLUX.rml
2025-02-08 00:33:23,755 - INFO - Completed: 5, remaining: 55, RAYPy_Simulation_bessy2lo_56m_PGM_2Perc_coupling_errors_on_FLUX/round_2/58_bessy2lo_56m_PGM_2Perc_coupling_errors_on_FLUX.rml
2025-02-08 00:33:23,927 - INFO - Completed: 6, remaining: 54, RAYPy_Simulation_bessy2lo_56m_PGM_2Perc_coupling_errors_on_FLUX/round_2/57_bessy2lo_56m_PGM_2Perc_coupling_errors_on_FLUX.rml
2025-02-08 00:33:23,932 - INFO - Completed: 7, remaining: 53, RAYPy_Simulation_bessy2lo_56m_PGM_2Perc_coupling_errors_on_FLUX/round_2/62_bessy2lo_56m_PGM_2Perc_coupling_errors_on_FLUX.rml
2025-02-08 00:33:24,414 - INFO - Completed: 8, remaining: 52, RAYPy_Simulation_bessy2lo_56m_PGM_2Perc_coupling_errors_on_FLUX/round_2/65_bessy2lo_56m_PGM_2Perc_coupling_errors_on_FLUX.rml
2025-02-08 00:33:24,554 - INFO - Completed: 9, remaining: 51, RAYPy_Simulation_bessy2lo_56m_PGM_2Perc_coupling_errors_on_FLUX/round_2/59_bessy2lo_56m_PGM_2Perc_coupling_errors_on_FLUX.rml
2025-02-08 00:33:25,459 - INFO - Completed: 10, remaining: 50, RAYPy_Simulation_bessy2lo_56m_PGM_2Perc_coupling_errors_on_FLUX/round_2/55_bessy2lo_56m_PGM_2Perc_coupling_errors_on_FLUX.rml
2025-02-08 00:33:26,474 - INFO - Completed: 11, remaining: 49, RAYPy_Simulation_bessy2lo_56m_PGM_2Perc_coupling_errors_on_FLUX/round_2/60_bessy2lo_56m_PGM_2Perc_coupling_errors_on_FLUX.rml
2025-02-08 00:33:26,630 - INFO - Completed: 12, remaining: 48, RAYPy_Simulation_bessy2lo_56m_PGM_2Perc_coupling_errors_on_FLUX/round_2/64_bessy2lo_56m_PGM_2Perc_coupling_errors_on_FLUX.rml
2025-02-08 00:33:38,394 - INFO - Completed: 13, remaining: 47, RAYPy_Simulation_bessy2lo_56m_PGM_2Perc_coupling_errors_on_FLUX/round_2/66_bessy2lo_56m_PGM_2Perc_coupling_errors_on_FLUX.rml
2025-02-08 00:33:38,906 - INFO - Completed: 14, remaining: 46, RAYPy_Simulation_bessy2lo_56m_PGM_2Perc_coupling_errors_on_FLUX/round_2/67_bessy2lo_56m_PGM_2Perc_coupling_errors_on_FLUX.rml
2025-02-08 00:33:39,743 - INFO - Completed: 15, remaining: 45, RAYPy_Simulation_bessy2lo_56m_PGM_2Perc_coupling_errors_on_FLUX/round_2/68_bessy2lo_56m_PGM_2Perc_coupling_errors_on_FLUX.rml
2025-02-08 00:33:40,092 - INFO - Completed: 16, remaining: 44, RAYPy_Simulation_bessy2lo_56m_PGM_2Perc_coupling_errors_on_FLUX/round_2/69_bessy2lo_56m_PGM_2Perc_coupling_errors_on_FLUX.rml
2025-02-08 00:33:40,206 - INFO - Completed: 17, remaining: 43, RAYPy_Simulation_bessy2lo_56m_PGM_2Perc_coupling_errors_on_FLUX/round_2/70_bessy2lo_56m_PGM_2Perc_coupling_errors_on_FLUX.rml
2025-02-08 00:33:40,704 - INFO - Completed: 18, remaining: 42, RAYPy_Simulation_bessy2lo_56m_PGM_2Perc_coupling_errors_on_FLUX/round_2/72_bessy2lo_56m_PGM_2Perc_coupling_errors_on_FLUX.rml
2025-02-08 00:33:40,978 - INFO - Completed: 19, remaining: 41, RAYPy_Simulation_bessy2lo_56m_PGM_2Perc_coupling_errors_on_FLUX/round_2/74_bessy2lo_56m_PGM_2Perc_coupling_errors_on_FLUX.rml
2025-02-08 00:33:41,085 - INFO - Completed: 20, remaining: 40, RAYPy_Simulation_bessy2lo_56m_PGM_2Perc_coupling_errors_on_FLUX/round_2/71_bessy2lo_56m_PGM_2Perc_coupling_errors_on_FLUX.rml
2025-02-08 00:33:41,450 - INFO - Completed: 21, remaining: 39, RAYPy_Simulation_bessy2lo_56m_PGM_2Perc_coupling_errors_on_FLUX/round_2/73_bessy2lo_56m_PGM_2Perc_coupling_errors_on_FLUX.rml
2025-02-08 00:33:41,778 - INFO - Completed: 22, remaining: 38, RAYPy_Simulation_bessy2lo_56m_PGM_2Perc_coupling_errors_on_FLUX/round_2/75_bessy2lo_56m_PGM_2Perc_coupling_errors_on_FLUX.rml
2025-02-08 00:33:42,081 - INFO - Completed: 23, remaining: 37, RAYPy_Simulation_bessy2lo_56m_PGM_2Perc_coupling_errors_on_FLUX/round_2/76_bessy2lo_56m_PGM_2Perc_coupling_errors_on_FLUX.rml
2025-02-08 00:33:42,159 - INFO - Completed: 24, remaining: 36, RAYPy_Simulation_bessy2lo_56m_PGM_2Perc_coupling_errors_on_FLUX/round_2/77_bessy2lo_56m_PGM_2Perc_coupling_errors_on_FLUX.rml
2025-02-08 00:33:51,841 - INFO - Completed: 25, remaining: 35, RAYPy_Simulation_bessy2lo_56m_PGM_2Perc_coupling_errors_on_FLUX/round_2/78_bessy2lo_56m_PGM_2Perc_coupling_errors_on_FLUX.rml
2025-02-08 00:33:54,233 - INFO - Completed: 26, remaining: 34, RAYPy_Simulation_bessy2lo_56m_PGM_2Perc_coupling_errors_on_FLUX/round_2/79_bessy2lo_56m_PGM_2Perc_coupling_errors_on_FLUX.rml
2025-02-08 00:33:55,720 - INFO - Completed: 27, remaining: 33, RAYPy_Simulation_bessy2lo_56m_PGM_2Perc_coupling_errors_on_FLUX/round_2/81_bessy2lo_56m_PGM_2Perc_coupling_errors_on_FLUX.rml
2025-02-08 00:33:55,956 - INFO - Completed: 28, remaining: 32, RAYPy_Simulation_bessy2lo_56m_PGM_2Perc_coupling_errors_on_FLUX/round_2/80_bessy2lo_56m_PGM_2Perc_coupling_errors_on_FLUX.rml
2025-02-08 00:33:56,821 - INFO - Completed: 29, remaining: 31, RAYPy_Simulation_bessy2lo_56m_PGM_2Perc_coupling_errors_on_FLUX/round_2/82_bessy2lo_56m_PGM_2Perc_coupling_errors_on_FLUX.rml
2025-02-08 00:33:57,597 - INFO - Completed: 30, remaining: 30, RAYPy_Simulation_bessy2lo_56m_PGM_2Perc_coupling_errors_on_FLUX/round_2/83_bessy2lo_56m_PGM_2Perc_coupling_errors_on_FLUX.rml
2025-02-08 00:33:57,693 - INFO - Completed: 31, remaining: 29, RAYPy_Simulation_bessy2lo_56m_PGM_2Perc_coupling_errors_on_FLUX/round_2/84_bessy2lo_56m_PGM_2Perc_coupling_errors_on_FLUX.rml
2025-02-08 00:33:57,889 - INFO - Completed: 32, remaining: 28, RAYPy_Simulation_bessy2lo_56m_PGM_2Perc_coupling_errors_on_FLUX/round_2/86_bessy2lo_56m_PGM_2Perc_coupling_errors_on_FLUX.rml
2025-02-08 00:33:58,054 - INFO - Completed: 33, remaining: 27, RAYPy_Simulation_bessy2lo_56m_PGM_2Perc_coupling_errors_on_FLUX/round_2/85_bessy2lo_56m_PGM_2Perc_coupling_errors_on_FLUX.rml
2025-02-08 00:33:58,287 - INFO - Completed: 34, remaining: 26, RAYPy_Simulation_bessy2lo_56m_PGM_2Perc_coupling_errors_on_FLUX/round_2/88_bessy2lo_56m_PGM_2Perc_coupling_errors_on_FLUX.rml
2025-02-08 00:33:58,400 - INFO - Completed: 35, remaining: 25, RAYPy_Simulation_bessy2lo_56m_PGM_2Perc_coupling_errors_on_FLUX/round_2/87_bessy2lo_56m_PGM_2Perc_coupling_errors_on_FLUX.rml
2025-02-08 00:33:58,706 - INFO - Completed: 36, remaining: 24, RAYPy_Simulation_bessy2lo_56m_PGM_2Perc_coupling_errors_on_FLUX/round_2/89_bessy2lo_56m_PGM_2Perc_coupling_errors_on_FLUX.rml
2025-02-08 00:34:05,057 - INFO - Completed: 37, remaining: 23, RAYPy_Simulation_bessy2lo_56m_PGM_2Perc_coupling_errors_on_FLUX/round_2/90_bessy2lo_56m_PGM_2Perc_coupling_errors_on_FLUX.rml
2025-02-08 00:34:08,357 - INFO - Completed: 38, remaining: 22, RAYPy_Simulation_bessy2lo_56m_PGM_2Perc_coupling_errors_on_FLUX/round_2/91_bessy2lo_56m_PGM_2Perc_coupling_errors_on_FLUX.rml
2025-02-08 00:34:11,549 - INFO - Completed: 39, remaining: 21, RAYPy_Simulation_bessy2lo_56m_PGM_2Perc_coupling_errors_on_FLUX/round_2/92_bessy2lo_56m_PGM_2Perc_coupling_errors_on_FLUX.rml
2025-02-08 00:34:12,010 - INFO - Completed: 40, remaining: 20, RAYPy_Simulation_bessy2lo_56m_PGM_2Perc_coupling_errors_on_FLUX/round_2/93_bessy2lo_56m_PGM_2Perc_coupling_errors_on_FLUX.rml
2025-02-08 00:34:13,425 - INFO - Completed: 41, remaining: 19, RAYPy_Simulation_bessy2lo_56m_PGM_2Perc_coupling_errors_on_FLUX/round_2/94_bessy2lo_56m_PGM_2Perc_coupling_errors_on_FLUX.rml
2025-02-08 00:34:14,417 - INFO - Completed: 42, remaining: 18, RAYPy_Simulation_bessy2lo_56m_PGM_2Perc_coupling_errors_on_FLUX/round_2/97_bessy2lo_56m_PGM_2Perc_coupling_errors_on_FLUX.rml
2025-02-08 00:34:14,427 - INFO - Completed: 43, remaining: 17, RAYPy_Simulation_bessy2lo_56m_PGM_2Perc_coupling_errors_on_FLUX/round_2/96_bessy2lo_56m_PGM_2Perc_coupling_errors_on_FLUX.rml
2025-02-08 00:34:14,671 - INFO - Completed: 44, remaining: 16, RAYPy_Simulation_bessy2lo_56m_PGM_2Perc_coupling_errors_on_FLUX/round_2/95_bessy2lo_56m_PGM_2Perc_coupling_errors_on_FLUX.rml
2025-02-08 00:34:14,835 - INFO - Completed: 45, remaining: 15, RAYPy_Simulation_bessy2lo_56m_PGM_2Perc_coupling_errors_on_FLUX/round_2/99_bessy2lo_56m_PGM_2Perc_coupling_errors_on_FLUX.rml
2025-02-08 00:34:14,911 - INFO - Completed: 46, remaining: 14, RAYPy_Simulation_bessy2lo_56m_PGM_2Perc_coupling_errors_on_FLUX/round_2/100_bessy2lo_56m_PGM_2Perc_coupling_errors_on_FLUX.rml
2025-02-08 00:34:14,925 - INFO - Completed: 47, remaining: 13, RAYPy_Simulation_bessy2lo_56m_PGM_2Perc_coupling_errors_on_FLUX/round_2/98_bessy2lo_56m_PGM_2Perc_coupling_errors_on_FLUX.rml
2025-02-08 00:34:15,723 - INFO - Completed: 48, remaining: 12, RAYPy_Simulation_bessy2lo_56m_PGM_2Perc_coupling_errors_on_FLUX/round_2/101_bessy2lo_56m_PGM_2Perc_coupling_errors_on_FLUX.rml
2025-02-08 00:34:19,719 - INFO - Completed: 49, remaining: 11, RAYPy_Simulation_bessy2lo_56m_PGM_2Perc_coupling_errors_on_FLUX/round_2/102_bessy2lo_56m_PGM_2Perc_coupling_errors_on_FLUX.rml
2025-02-08 00:34:22,513 - INFO - Completed: 50, remaining: 10, RAYPy_Simulation_bessy2lo_56m_PGM_2Perc_coupling_errors_on_FLUX/round_2/103_bessy2lo_56m_PGM_2Perc_coupling_errors_on_FLUX.rml
2025-02-08 00:34:25,255 - INFO - Completed: 51, remaining: 9, RAYPy_Simulation_bessy2lo_56m_PGM_2Perc_coupling_errors_on_FLUX/round_2/104_bessy2lo_56m_PGM_2Perc_coupling_errors_on_FLUX.rml
2025-02-08 00:34:26,172 - INFO - Completed: 52, remaining: 8, RAYPy_Simulation_bessy2lo_56m_PGM_2Perc_coupling_errors_on_FLUX/round_2/105_bessy2lo_56m_PGM_2Perc_coupling_errors_on_FLUX.rml
2025-02-08 00:34:27,777 - INFO - Completed: 53, remaining: 7, RAYPy_Simulation_bessy2lo_56m_PGM_2Perc_coupling_errors_on_FLUX/round_2/106_bessy2lo_56m_PGM_2Perc_coupling_errors_on_FLUX.rml
2025-02-08 00:34:28,480 - INFO - Completed: 54, remaining: 6, RAYPy_Simulation_bessy2lo_56m_PGM_2Perc_coupling_errors_on_FLUX/round_2/108_bessy2lo_56m_PGM_2Perc_coupling_errors_on_FLUX.rml
2025-02-08 00:34:28,527 - INFO - Completed: 55, remaining: 5, RAYPy_Simulation_bessy2lo_56m_PGM_2Perc_coupling_errors_on_FLUX/round_2/107_bessy2lo_56m_PGM_2Perc_coupling_errors_on_FLUX.rml
2025-02-08 00:34:28,573 - INFO - Completed: 56, remaining: 4, RAYPy_Simulation_bessy2lo_56m_PGM_2Perc_coupling_errors_on_FLUX/round_2/110_bessy2lo_56m_PGM_2Perc_coupling_errors_on_FLUX.rml
2025-02-08 00:34:28,664 - INFO - Completed: 57, remaining: 3, RAYPy_Simulation_bessy2lo_56m_PGM_2Perc_coupling_errors_on_FLUX/round_2/109_bessy2lo_56m_PGM_2Perc_coupling_errors_on_FLUX.rml
2025-02-08 00:34:28,694 - INFO - Completed: 58, remaining: 2, RAYPy_Simulation_bessy2lo_56m_PGM_2Perc_coupling_errors_on_FLUX/round_2/111_bessy2lo_56m_PGM_2Perc_coupling_errors_on_FLUX.rml
2025-02-08 00:34:28,833 - INFO - Completed: 59, remaining: 1, RAYPy_Simulation_bessy2lo_56m_PGM_2Perc_coupling_errors_on_FLUX/round_2/112_bessy2lo_56m_PGM_2Perc_coupling_errors_on_FLUX.rml
2025-02-08 00:34:28,910 - INFO - Completed: 60, remaining: 0, RAYPy_Simulation_bessy2lo_56m_PGM_2Perc_coupling_errors_on_FLUX/round_2/113_bessy2lo_56m_PGM_2Perc_coupling_errors_on_FLUX.rml
2025-02-08 00:34:28,911 - INFO - Batch Completed
2025-02-08 00:34:28,911 - INFO - Waiting For batch, 60 simulations to go
2025-02-08 00:34:28,917 - INFO - Prepared sim number: 114: RAYPy_Simulation_bessy2lo_56m_PGM_2Perc_coupling_errors_on_FLUX/round_2/114_bessy2lo_56m_PGM_2Perc_coupling_errors_on_FLUX.rml
2025-02-08 00:34:28,926 - INFO - Prepared sim number: 115: RAYPy_Simulation_bessy2lo_56m_PGM_2Perc_coupling_errors_on_FLUX/round_2/115_bessy2lo_56m_PGM_2Perc_coupling_errors_on_FLUX.rml
2025-02-08 00:34:28,932 - INFO - Prepared sim number: 116: RAYPy_Simulation_bessy2lo_56m_PGM_2Perc_coupling_errors_on_FLUX/round_2/116_bessy2lo_56m_PGM_2Perc_coupling_errors_on_FLUX.rml
2025-02-08 00:34:28,938 - INFO - Prepared sim number: 117: RAYPy_Simulation_bessy2lo_56m_PGM_2Perc_coupling_errors_on_FLUX/round_2/117_bessy2lo_56m_PGM_2Perc_coupling_errors_on_FLUX.rml
2025-02-08 00:34:28,944 - INFO - Prepared sim number: 118: RAYPy_Simulation_bessy2lo_56m_PGM_2Perc_coupling_errors_on_FLUX/round_2/118_bessy2lo_56m_PGM_2Perc_coupling_errors_on_FLUX.rml
2025-02-08 00:34:28,949 - INFO - Prepared sim number: 119: RAYPy_Simulation_bessy2lo_56m_PGM_2Perc_coupling_errors_on_FLUX/round_2/119_bessy2lo_56m_PGM_2Perc_coupling_errors_on_FLUX.rml
2025-02-08 00:34:28,955 - INFO - Prepared sim number: 120: RAYPy_Simulation_bessy2lo_56m_PGM_2Perc_coupling_errors_on_FLUX/round_2/120_bessy2lo_56m_PGM_2Perc_coupling_errors_on_FLUX.rml
2025-02-08 00:34:28,963 - INFO - Prepared sim number: 121: RAYPy_Simulation_bessy2lo_56m_PGM_2Perc_coupling_errors_on_FLUX/round_2/121_bessy2lo_56m_PGM_2Perc_coupling_errors_on_FLUX.rml
2025-02-08 00:34:28,968 - INFO - Prepared sim number: 122: RAYPy_Simulation_bessy2lo_56m_PGM_2Perc_coupling_errors_on_FLUX/round_2/122_bessy2lo_56m_PGM_2Perc_coupling_errors_on_FLUX.rml
2025-02-08 00:34:28,968 - INFO - Start round 3
2025-02-08 00:34:28,973 - INFO - Prepared sim number: 0: RAYPy_Simulation_bessy2lo_56m_PGM_2Perc_coupling_errors_on_FLUX/round_3/0_bessy2lo_56m_PGM_2Perc_coupling_errors_on_FLUX.rml
2025-02-08 00:34:28,978 - INFO - Prepared sim number: 1: RAYPy_Simulation_bessy2lo_56m_PGM_2Perc_coupling_errors_on_FLUX/round_3/1_bessy2lo_56m_PGM_2Perc_coupling_errors_on_FLUX.rml
2025-02-08 00:34:28,982 - INFO - Prepared sim number: 2: RAYPy_Simulation_bessy2lo_56m_PGM_2Perc_coupling_errors_on_FLUX/round_3/2_bessy2lo_56m_PGM_2Perc_coupling_errors_on_FLUX.rml
2025-02-08 00:34:28,988 - INFO - Prepared sim number: 3: RAYPy_Simulation_bessy2lo_56m_PGM_2Perc_coupling_errors_on_FLUX/round_3/3_bessy2lo_56m_PGM_2Perc_coupling_errors_on_FLUX.rml
2025-02-08 00:34:28,992 - INFO - Prepared sim number: 4: RAYPy_Simulation_bessy2lo_56m_PGM_2Perc_coupling_errors_on_FLUX/round_3/4_bessy2lo_56m_PGM_2Perc_coupling_errors_on_FLUX.rml
2025-02-08 00:34:28,996 - INFO - Prepared sim number: 5: RAYPy_Simulation_bessy2lo_56m_PGM_2Perc_coupling_errors_on_FLUX/round_3/5_bessy2lo_56m_PGM_2Perc_coupling_errors_on_FLUX.rml
2025-02-08 00:34:29,000 - INFO - Prepared sim number: 6: RAYPy_Simulation_bessy2lo_56m_PGM_2Perc_coupling_errors_on_FLUX/round_3/6_bessy2lo_56m_PGM_2Perc_coupling_errors_on_FLUX.rml
2025-02-08 00:34:29,004 - INFO - Prepared sim number: 7: RAYPy_Simulation_bessy2lo_56m_PGM_2Perc_coupling_errors_on_FLUX/round_3/7_bessy2lo_56m_PGM_2Perc_coupling_errors_on_FLUX.rml
2025-02-08 00:34:29,008 - INFO - Prepared sim number: 8: RAYPy_Simulation_bessy2lo_56m_PGM_2Perc_coupling_errors_on_FLUX/round_3/8_bessy2lo_56m_PGM_2Perc_coupling_errors_on_FLUX.rml
2025-02-08 00:34:29,012 - INFO - Prepared sim number: 9: RAYPy_Simulation_bessy2lo_56m_PGM_2Perc_coupling_errors_on_FLUX/round_3/9_bessy2lo_56m_PGM_2Perc_coupling_errors_on_FLUX.rml
2025-02-08 00:34:29,016 - INFO - Prepared sim number: 10: RAYPy_Simulation_bessy2lo_56m_PGM_2Perc_coupling_errors_on_FLUX/round_3/10_bessy2lo_56m_PGM_2Perc_coupling_errors_on_FLUX.rml
2025-02-08 00:34:29,020 - INFO - Prepared sim number: 11: RAYPy_Simulation_bessy2lo_56m_PGM_2Perc_coupling_errors_on_FLUX/round_3/11_bessy2lo_56m_PGM_2Perc_coupling_errors_on_FLUX.rml
2025-02-08 00:34:29,025 - INFO - Prepared sim number: 12: RAYPy_Simulation_bessy2lo_56m_PGM_2Perc_coupling_errors_on_FLUX/round_3/12_bessy2lo_56m_PGM_2Perc_coupling_errors_on_FLUX.rml
2025-02-08 00:34:29,029 - INFO - Prepared sim number: 13: RAYPy_Simulation_bessy2lo_56m_PGM_2Perc_coupling_errors_on_FLUX/round_3/13_bessy2lo_56m_PGM_2Perc_coupling_errors_on_FLUX.rml
2025-02-08 00:34:29,032 - INFO - Prepared sim number: 14: RAYPy_Simulation_bessy2lo_56m_PGM_2Perc_coupling_errors_on_FLUX/round_3/14_bessy2lo_56m_PGM_2Perc_coupling_errors_on_FLUX.rml
2025-02-08 00:34:29,036 - INFO - Prepared sim number: 15: RAYPy_Simulation_bessy2lo_56m_PGM_2Perc_coupling_errors_on_FLUX/round_3/15_bessy2lo_56m_PGM_2Perc_coupling_errors_on_FLUX.rml
2025-02-08 00:34:29,040 - INFO - Prepared sim number: 16: RAYPy_Simulation_bessy2lo_56m_PGM_2Perc_coupling_errors_on_FLUX/round_3/16_bessy2lo_56m_PGM_2Perc_coupling_errors_on_FLUX.rml
2025-02-08 00:34:29,044 - INFO - Prepared sim number: 17: RAYPy_Simulation_bessy2lo_56m_PGM_2Perc_coupling_errors_on_FLUX/round_3/17_bessy2lo_56m_PGM_2Perc_coupling_errors_on_FLUX.rml
2025-02-08 00:34:29,047 - INFO - Prepared sim number: 18: RAYPy_Simulation_bessy2lo_56m_PGM_2Perc_coupling_errors_on_FLUX/round_3/18_bessy2lo_56m_PGM_2Perc_coupling_errors_on_FLUX.rml
2025-02-08 00:34:29,052 - INFO - Prepared sim number: 19: RAYPy_Simulation_bessy2lo_56m_PGM_2Perc_coupling_errors_on_FLUX/round_3/19_bessy2lo_56m_PGM_2Perc_coupling_errors_on_FLUX.rml
2025-02-08 00:34:29,056 - INFO - Prepared sim number: 20: RAYPy_Simulation_bessy2lo_56m_PGM_2Perc_coupling_errors_on_FLUX/round_3/20_bessy2lo_56m_PGM_2Perc_coupling_errors_on_FLUX.rml
2025-02-08 00:34:29,060 - INFO - Prepared sim number: 21: RAYPy_Simulation_bessy2lo_56m_PGM_2Perc_coupling_errors_on_FLUX/round_3/21_bessy2lo_56m_PGM_2Perc_coupling_errors_on_FLUX.rml
2025-02-08 00:34:29,064 - INFO - Prepared sim number: 22: RAYPy_Simulation_bessy2lo_56m_PGM_2Perc_coupling_errors_on_FLUX/round_3/22_bessy2lo_56m_PGM_2Perc_coupling_errors_on_FLUX.rml
2025-02-08 00:34:29,067 - INFO - Prepared sim number: 23: RAYPy_Simulation_bessy2lo_56m_PGM_2Perc_coupling_errors_on_FLUX/round_3/23_bessy2lo_56m_PGM_2Perc_coupling_errors_on_FLUX.rml
2025-02-08 00:34:29,071 - INFO - Prepared sim number: 24: RAYPy_Simulation_bessy2lo_56m_PGM_2Perc_coupling_errors_on_FLUX/round_3/24_bessy2lo_56m_PGM_2Perc_coupling_errors_on_FLUX.rml
2025-02-08 00:34:29,075 - INFO - Prepared sim number: 25: RAYPy_Simulation_bessy2lo_56m_PGM_2Perc_coupling_errors_on_FLUX/round_3/25_bessy2lo_56m_PGM_2Perc_coupling_errors_on_FLUX.rml
2025-02-08 00:34:29,078 - INFO - Prepared sim number: 26: RAYPy_Simulation_bessy2lo_56m_PGM_2Perc_coupling_errors_on_FLUX/round_3/26_bessy2lo_56m_PGM_2Perc_coupling_errors_on_FLUX.rml
2025-02-08 00:34:29,082 - INFO - Prepared sim number: 27: RAYPy_Simulation_bessy2lo_56m_PGM_2Perc_coupling_errors_on_FLUX/round_3/27_bessy2lo_56m_PGM_2Perc_coupling_errors_on_FLUX.rml
2025-02-08 00:34:29,086 - INFO - Prepared sim number: 28: RAYPy_Simulation_bessy2lo_56m_PGM_2Perc_coupling_errors_on_FLUX/round_3/28_bessy2lo_56m_PGM_2Perc_coupling_errors_on_FLUX.rml
2025-02-08 00:34:29,090 - INFO - Prepared sim number: 29: RAYPy_Simulation_bessy2lo_56m_PGM_2Perc_coupling_errors_on_FLUX/round_3/29_bessy2lo_56m_PGM_2Perc_coupling_errors_on_FLUX.rml
2025-02-08 00:34:29,094 - INFO - Prepared sim number: 30: RAYPy_Simulation_bessy2lo_56m_PGM_2Perc_coupling_errors_on_FLUX/round_3/30_bessy2lo_56m_PGM_2Perc_coupling_errors_on_FLUX.rml
2025-02-08 00:34:29,098 - INFO - Prepared sim number: 31: RAYPy_Simulation_bessy2lo_56m_PGM_2Perc_coupling_errors_on_FLUX/round_3/31_bessy2lo_56m_PGM_2Perc_coupling_errors_on_FLUX.rml
2025-02-08 00:34:29,102 - INFO - Prepared sim number: 32: RAYPy_Simulation_bessy2lo_56m_PGM_2Perc_coupling_errors_on_FLUX/round_3/32_bessy2lo_56m_PGM_2Perc_coupling_errors_on_FLUX.rml
2025-02-08 00:34:29,106 - INFO - Prepared sim number: 33: RAYPy_Simulation_bessy2lo_56m_PGM_2Perc_coupling_errors_on_FLUX/round_3/33_bessy2lo_56m_PGM_2Perc_coupling_errors_on_FLUX.rml
2025-02-08 00:34:29,109 - INFO - Prepared sim number: 34: RAYPy_Simulation_bessy2lo_56m_PGM_2Perc_coupling_errors_on_FLUX/round_3/34_bessy2lo_56m_PGM_2Perc_coupling_errors_on_FLUX.rml
2025-02-08 00:34:29,113 - INFO - Prepared sim number: 35: RAYPy_Simulation_bessy2lo_56m_PGM_2Perc_coupling_errors_on_FLUX/round_3/35_bessy2lo_56m_PGM_2Perc_coupling_errors_on_FLUX.rml
2025-02-08 00:34:29,117 - INFO - Prepared sim number: 36: RAYPy_Simulation_bessy2lo_56m_PGM_2Perc_coupling_errors_on_FLUX/round_3/36_bessy2lo_56m_PGM_2Perc_coupling_errors_on_FLUX.rml
2025-02-08 00:34:29,122 - INFO - Prepared sim number: 37: RAYPy_Simulation_bessy2lo_56m_PGM_2Perc_coupling_errors_on_FLUX/round_3/37_bessy2lo_56m_PGM_2Perc_coupling_errors_on_FLUX.rml
2025-02-08 00:34:29,126 - INFO - Prepared sim number: 38: RAYPy_Simulation_bessy2lo_56m_PGM_2Perc_coupling_errors_on_FLUX/round_3/38_bessy2lo_56m_PGM_2Perc_coupling_errors_on_FLUX.rml
2025-02-08 00:34:29,130 - INFO - Prepared sim number: 39: RAYPy_Simulation_bessy2lo_56m_PGM_2Perc_coupling_errors_on_FLUX/round_3/39_bessy2lo_56m_PGM_2Perc_coupling_errors_on_FLUX.rml
2025-02-08 00:34:29,134 - INFO - Prepared sim number: 40: RAYPy_Simulation_bessy2lo_56m_PGM_2Perc_coupling_errors_on_FLUX/round_3/40_bessy2lo_56m_PGM_2Perc_coupling_errors_on_FLUX.rml
2025-02-08 00:34:29,138 - INFO - Prepared sim number: 41: RAYPy_Simulation_bessy2lo_56m_PGM_2Perc_coupling_errors_on_FLUX/round_3/41_bessy2lo_56m_PGM_2Perc_coupling_errors_on_FLUX.rml
2025-02-08 00:34:29,141 - INFO - Prepared sim number: 42: RAYPy_Simulation_bessy2lo_56m_PGM_2Perc_coupling_errors_on_FLUX/round_3/42_bessy2lo_56m_PGM_2Perc_coupling_errors_on_FLUX.rml
2025-02-08 00:34:29,145 - INFO - Prepared sim number: 43: RAYPy_Simulation_bessy2lo_56m_PGM_2Perc_coupling_errors_on_FLUX/round_3/43_bessy2lo_56m_PGM_2Perc_coupling_errors_on_FLUX.rml
2025-02-08 00:34:29,149 - INFO - Prepared sim number: 44: RAYPy_Simulation_bessy2lo_56m_PGM_2Perc_coupling_errors_on_FLUX/round_3/44_bessy2lo_56m_PGM_2Perc_coupling_errors_on_FLUX.rml
2025-02-08 00:34:29,153 - INFO - Prepared sim number: 45: RAYPy_Simulation_bessy2lo_56m_PGM_2Perc_coupling_errors_on_FLUX/round_3/45_bessy2lo_56m_PGM_2Perc_coupling_errors_on_FLUX.rml
2025-02-08 00:34:29,157 - INFO - Prepared sim number: 46: RAYPy_Simulation_bessy2lo_56m_PGM_2Perc_coupling_errors_on_FLUX/round_3/46_bessy2lo_56m_PGM_2Perc_coupling_errors_on_FLUX.rml
2025-02-08 00:34:29,161 - INFO - Prepared sim number: 47: RAYPy_Simulation_bessy2lo_56m_PGM_2Perc_coupling_errors_on_FLUX/round_3/47_bessy2lo_56m_PGM_2Perc_coupling_errors_on_FLUX.rml
2025-02-08 00:34:29,165 - INFO - Prepared sim number: 48: RAYPy_Simulation_bessy2lo_56m_PGM_2Perc_coupling_errors_on_FLUX/round_3/48_bessy2lo_56m_PGM_2Perc_coupling_errors_on_FLUX.rml
2025-02-08 00:34:29,169 - INFO - Prepared sim number: 49: RAYPy_Simulation_bessy2lo_56m_PGM_2Perc_coupling_errors_on_FLUX/round_3/49_bessy2lo_56m_PGM_2Perc_coupling_errors_on_FLUX.rml
2025-02-08 00:34:29,172 - INFO - Prepared sim number: 50: RAYPy_Simulation_bessy2lo_56m_PGM_2Perc_coupling_errors_on_FLUX/round_3/50_bessy2lo_56m_PGM_2Perc_coupling_errors_on_FLUX.rml
2025-02-08 00:34:29,173 - INFO - Waiting for batch number: 6, timeout: 97.2964890088354s
2025-02-08 00:34:43,344 - INFO - Completed: 1, remaining: 59, RAYPy_Simulation_bessy2lo_56m_PGM_2Perc_coupling_errors_on_FLUX/round_2/122_bessy2lo_56m_PGM_2Perc_coupling_errors_on_FLUX.rml
2025-02-08 00:34:43,673 - INFO - Completed: 2, remaining: 58, RAYPy_Simulation_bessy2lo_56m_PGM_2Perc_coupling_errors_on_FLUX/round_2/120_bessy2lo_56m_PGM_2Perc_coupling_errors_on_FLUX.rml
2025-02-08 00:34:44,566 - INFO - Completed: 3, remaining: 57, RAYPy_Simulation_bessy2lo_56m_PGM_2Perc_coupling_errors_on_FLUX/round_2/118_bessy2lo_56m_PGM_2Perc_coupling_errors_on_FLUX.rml
2025-02-08 00:34:44,780 - INFO - Completed: 4, remaining: 56, RAYPy_Simulation_bessy2lo_56m_PGM_2Perc_coupling_errors_on_FLUX/round_2/115_bessy2lo_56m_PGM_2Perc_coupling_errors_on_FLUX.rml
2025-02-08 00:34:45,047 - INFO - Completed: 5, remaining: 55, RAYPy_Simulation_bessy2lo_56m_PGM_2Perc_coupling_errors_on_FLUX/round_3/0_bessy2lo_56m_PGM_2Perc_coupling_errors_on_FLUX.rml
2025-02-08 00:34:45,168 - INFO - Completed: 6, remaining: 54, RAYPy_Simulation_bessy2lo_56m_PGM_2Perc_coupling_errors_on_FLUX/round_3/1_bessy2lo_56m_PGM_2Perc_coupling_errors_on_FLUX.rml
2025-02-08 00:34:45,286 - INFO - Completed: 7, remaining: 53, RAYPy_Simulation_bessy2lo_56m_PGM_2Perc_coupling_errors_on_FLUX/round_2/114_bessy2lo_56m_PGM_2Perc_coupling_errors_on_FLUX.rml
2025-02-08 00:34:45,480 - INFO - Completed: 8, remaining: 52, RAYPy_Simulation_bessy2lo_56m_PGM_2Perc_coupling_errors_on_FLUX/round_2/117_bessy2lo_56m_PGM_2Perc_coupling_errors_on_FLUX.rml
2025-02-08 00:34:46,614 - INFO - Completed: 9, remaining: 51, RAYPy_Simulation_bessy2lo_56m_PGM_2Perc_coupling_errors_on_FLUX/round_3/2_bessy2lo_56m_PGM_2Perc_coupling_errors_on_FLUX.rml
2025-02-08 00:34:46,714 - INFO - Completed: 10, remaining: 50, RAYPy_Simulation_bessy2lo_56m_PGM_2Perc_coupling_errors_on_FLUX/round_2/119_bessy2lo_56m_PGM_2Perc_coupling_errors_on_FLUX.rml
2025-02-08 00:34:47,597 - INFO - Completed: 11, remaining: 49, RAYPy_Simulation_bessy2lo_56m_PGM_2Perc_coupling_errors_on_FLUX/round_2/121_bessy2lo_56m_PGM_2Perc_coupling_errors_on_FLUX.rml
2025-02-08 00:34:47,879 - INFO - Completed: 12, remaining: 48, RAYPy_Simulation_bessy2lo_56m_PGM_2Perc_coupling_errors_on_FLUX/round_2/116_bessy2lo_56m_PGM_2Perc_coupling_errors_on_FLUX.rml
2025-02-08 00:34:57,514 - INFO - Completed: 13, remaining: 47, RAYPy_Simulation_bessy2lo_56m_PGM_2Perc_coupling_errors_on_FLUX/round_3/3_bessy2lo_56m_PGM_2Perc_coupling_errors_on_FLUX.rml
2025-02-08 00:34:58,067 - INFO - Completed: 14, remaining: 46, RAYPy_Simulation_bessy2lo_56m_PGM_2Perc_coupling_errors_on_FLUX/round_3/4_bessy2lo_56m_PGM_2Perc_coupling_errors_on_FLUX.rml
2025-02-08 00:35:00,592 - INFO - Completed: 15, remaining: 45, RAYPy_Simulation_bessy2lo_56m_PGM_2Perc_coupling_errors_on_FLUX/round_3/5_bessy2lo_56m_PGM_2Perc_coupling_errors_on_FLUX.rml
2025-02-08 00:35:01,357 - INFO - Completed: 16, remaining: 44, RAYPy_Simulation_bessy2lo_56m_PGM_2Perc_coupling_errors_on_FLUX/round_3/6_bessy2lo_56m_PGM_2Perc_coupling_errors_on_FLUX.rml
2025-02-08 00:35:01,492 - INFO - Completed: 17, remaining: 43, RAYPy_Simulation_bessy2lo_56m_PGM_2Perc_coupling_errors_on_FLUX/round_3/8_bessy2lo_56m_PGM_2Perc_coupling_errors_on_FLUX.rml
2025-02-08 00:35:01,634 - INFO - Completed: 18, remaining: 42, RAYPy_Simulation_bessy2lo_56m_PGM_2Perc_coupling_errors_on_FLUX/round_3/7_bessy2lo_56m_PGM_2Perc_coupling_errors_on_FLUX.rml
2025-02-08 00:35:01,649 - INFO - Completed: 19, remaining: 41, RAYPy_Simulation_bessy2lo_56m_PGM_2Perc_coupling_errors_on_FLUX/round_3/9_bessy2lo_56m_PGM_2Perc_coupling_errors_on_FLUX.rml
2025-02-08 00:35:01,732 - INFO - Completed: 20, remaining: 40, RAYPy_Simulation_bessy2lo_56m_PGM_2Perc_coupling_errors_on_FLUX/round_3/10_bessy2lo_56m_PGM_2Perc_coupling_errors_on_FLUX.rml
2025-02-08 00:35:02,890 - INFO - Completed: 21, remaining: 39, RAYPy_Simulation_bessy2lo_56m_PGM_2Perc_coupling_errors_on_FLUX/round_3/12_bessy2lo_56m_PGM_2Perc_coupling_errors_on_FLUX.rml
2025-02-08 00:35:03,065 - INFO - Completed: 22, remaining: 38, RAYPy_Simulation_bessy2lo_56m_PGM_2Perc_coupling_errors_on_FLUX/round_3/11_bessy2lo_56m_PGM_2Perc_coupling_errors_on_FLUX.rml
2025-02-08 00:35:03,808 - INFO - Completed: 23, remaining: 37, RAYPy_Simulation_bessy2lo_56m_PGM_2Perc_coupling_errors_on_FLUX/round_3/13_bessy2lo_56m_PGM_2Perc_coupling_errors_on_FLUX.rml
2025-02-08 00:35:03,920 - INFO - Completed: 24, remaining: 36, RAYPy_Simulation_bessy2lo_56m_PGM_2Perc_coupling_errors_on_FLUX/round_3/14_bessy2lo_56m_PGM_2Perc_coupling_errors_on_FLUX.rml
2025-02-08 00:35:10,542 - INFO - Completed: 25, remaining: 35, RAYPy_Simulation_bessy2lo_56m_PGM_2Perc_coupling_errors_on_FLUX/round_3/15_bessy2lo_56m_PGM_2Perc_coupling_errors_on_FLUX.rml
2025-02-08 00:35:11,007 - INFO - Completed: 26, remaining: 34, RAYPy_Simulation_bessy2lo_56m_PGM_2Perc_coupling_errors_on_FLUX/round_3/16_bessy2lo_56m_PGM_2Perc_coupling_errors_on_FLUX.rml
2025-02-08 00:35:15,995 - INFO - Completed: 27, remaining: 33, RAYPy_Simulation_bessy2lo_56m_PGM_2Perc_coupling_errors_on_FLUX/round_3/17_bessy2lo_56m_PGM_2Perc_coupling_errors_on_FLUX.rml
2025-02-08 00:35:18,095 - INFO - Completed: 28, remaining: 32, RAYPy_Simulation_bessy2lo_56m_PGM_2Perc_coupling_errors_on_FLUX/round_3/20_bessy2lo_56m_PGM_2Perc_coupling_errors_on_FLUX.rml
2025-02-08 00:35:18,248 - INFO - Completed: 29, remaining: 31, RAYPy_Simulation_bessy2lo_56m_PGM_2Perc_coupling_errors_on_FLUX/round_3/21_bessy2lo_56m_PGM_2Perc_coupling_errors_on_FLUX.rml
2025-02-08 00:35:18,440 - INFO - Completed: 30, remaining: 30, RAYPy_Simulation_bessy2lo_56m_PGM_2Perc_coupling_errors_on_FLUX/round_3/22_bessy2lo_56m_PGM_2Perc_coupling_errors_on_FLUX.rml
2025-02-08 00:35:18,907 - INFO - Completed: 31, remaining: 29, RAYPy_Simulation_bessy2lo_56m_PGM_2Perc_coupling_errors_on_FLUX/round_3/18_bessy2lo_56m_PGM_2Perc_coupling_errors_on_FLUX.rml
2025-02-08 00:35:19,628 - INFO - Completed: 32, remaining: 28, RAYPy_Simulation_bessy2lo_56m_PGM_2Perc_coupling_errors_on_FLUX/round_3/23_bessy2lo_56m_PGM_2Perc_coupling_errors_on_FLUX.rml
2025-02-08 00:35:19,875 - INFO - Completed: 33, remaining: 27, RAYPy_Simulation_bessy2lo_56m_PGM_2Perc_coupling_errors_on_FLUX/round_3/24_bessy2lo_56m_PGM_2Perc_coupling_errors_on_FLUX.rml
2025-02-08 00:35:20,128 - INFO - Completed: 34, remaining: 26, RAYPy_Simulation_bessy2lo_56m_PGM_2Perc_coupling_errors_on_FLUX/round_3/19_bessy2lo_56m_PGM_2Perc_coupling_errors_on_FLUX.rml
2025-02-08 00:35:20,592 - INFO - Completed: 35, remaining: 25, RAYPy_Simulation_bessy2lo_56m_PGM_2Perc_coupling_errors_on_FLUX/round_3/25_bessy2lo_56m_PGM_2Perc_coupling_errors_on_FLUX.rml
2025-02-08 00:35:20,886 - INFO - Completed: 36, remaining: 24, RAYPy_Simulation_bessy2lo_56m_PGM_2Perc_coupling_errors_on_FLUX/round_3/26_bessy2lo_56m_PGM_2Perc_coupling_errors_on_FLUX.rml
2025-02-08 00:35:24,907 - INFO - Completed: 37, remaining: 23, RAYPy_Simulation_bessy2lo_56m_PGM_2Perc_coupling_errors_on_FLUX/round_3/27_bessy2lo_56m_PGM_2Perc_coupling_errors_on_FLUX.rml
2025-02-08 00:35:25,180 - INFO - Completed: 38, remaining: 22, RAYPy_Simulation_bessy2lo_56m_PGM_2Perc_coupling_errors_on_FLUX/round_3/28_bessy2lo_56m_PGM_2Perc_coupling_errors_on_FLUX.rml
2025-02-08 00:35:29,913 - INFO - Completed: 39, remaining: 21, RAYPy_Simulation_bessy2lo_56m_PGM_2Perc_coupling_errors_on_FLUX/round_3/29_bessy2lo_56m_PGM_2Perc_coupling_errors_on_FLUX.rml
2025-02-08 00:35:34,478 - INFO - Completed: 40, remaining: 20, RAYPy_Simulation_bessy2lo_56m_PGM_2Perc_coupling_errors_on_FLUX/round_3/30_bessy2lo_56m_PGM_2Perc_coupling_errors_on_FLUX.rml
2025-02-08 00:35:34,526 - INFO - Completed: 41, remaining: 19, RAYPy_Simulation_bessy2lo_56m_PGM_2Perc_coupling_errors_on_FLUX/round_3/31_bessy2lo_56m_PGM_2Perc_coupling_errors_on_FLUX.rml
2025-02-08 00:35:34,585 - INFO - Completed: 42, remaining: 18, RAYPy_Simulation_bessy2lo_56m_PGM_2Perc_coupling_errors_on_FLUX/round_3/32_bessy2lo_56m_PGM_2Perc_coupling_errors_on_FLUX.rml
2025-02-08 00:35:35,157 - INFO - Completed: 43, remaining: 17, RAYPy_Simulation_bessy2lo_56m_PGM_2Perc_coupling_errors_on_FLUX/round_3/33_bessy2lo_56m_PGM_2Perc_coupling_errors_on_FLUX.rml
2025-02-08 00:35:36,382 - INFO - Completed: 44, remaining: 16, RAYPy_Simulation_bessy2lo_56m_PGM_2Perc_coupling_errors_on_FLUX/round_3/36_bessy2lo_56m_PGM_2Perc_coupling_errors_on_FLUX.rml
2025-02-08 00:35:36,422 - INFO - Completed: 45, remaining: 15, RAYPy_Simulation_bessy2lo_56m_PGM_2Perc_coupling_errors_on_FLUX/round_3/35_bessy2lo_56m_PGM_2Perc_coupling_errors_on_FLUX.rml
2025-02-08 00:35:36,616 - INFO - Completed: 46, remaining: 14, RAYPy_Simulation_bessy2lo_56m_PGM_2Perc_coupling_errors_on_FLUX/round_3/37_bessy2lo_56m_PGM_2Perc_coupling_errors_on_FLUX.rml
2025-02-08 00:35:37,217 - INFO - Completed: 47, remaining: 13, RAYPy_Simulation_bessy2lo_56m_PGM_2Perc_coupling_errors_on_FLUX/round_3/38_bessy2lo_56m_PGM_2Perc_coupling_errors_on_FLUX.rml
2025-02-08 00:35:37,628 - INFO - Completed: 48, remaining: 12, RAYPy_Simulation_bessy2lo_56m_PGM_2Perc_coupling_errors_on_FLUX/round_3/34_bessy2lo_56m_PGM_2Perc_coupling_errors_on_FLUX.rml
2025-02-08 00:35:39,066 - INFO - Completed: 49, remaining: 11, RAYPy_Simulation_bessy2lo_56m_PGM_2Perc_coupling_errors_on_FLUX/round_3/40_bessy2lo_56m_PGM_2Perc_coupling_errors_on_FLUX.rml
2025-02-08 00:35:39,211 - INFO - Completed: 50, remaining: 10, RAYPy_Simulation_bessy2lo_56m_PGM_2Perc_coupling_errors_on_FLUX/round_3/39_bessy2lo_56m_PGM_2Perc_coupling_errors_on_FLUX.rml
2025-02-08 00:35:43,232 - INFO - Completed: 51, remaining: 9, RAYPy_Simulation_bessy2lo_56m_PGM_2Perc_coupling_errors_on_FLUX/round_3/41_bessy2lo_56m_PGM_2Perc_coupling_errors_on_FLUX.rml
2025-02-08 00:35:47,486 - INFO - Completed: 52, remaining: 8, RAYPy_Simulation_bessy2lo_56m_PGM_2Perc_coupling_errors_on_FLUX/round_3/44_bessy2lo_56m_PGM_2Perc_coupling_errors_on_FLUX.rml
2025-02-08 00:35:47,809 - INFO - Completed: 53, remaining: 7, RAYPy_Simulation_bessy2lo_56m_PGM_2Perc_coupling_errors_on_FLUX/round_3/42_bessy2lo_56m_PGM_2Perc_coupling_errors_on_FLUX.rml
2025-02-08 00:35:47,892 - INFO - Completed: 54, remaining: 6, RAYPy_Simulation_bessy2lo_56m_PGM_2Perc_coupling_errors_on_FLUX/round_3/43_bessy2lo_56m_PGM_2Perc_coupling_errors_on_FLUX.rml
2025-02-08 00:35:48,201 - INFO - Completed: 55, remaining: 5, RAYPy_Simulation_bessy2lo_56m_PGM_2Perc_coupling_errors_on_FLUX/round_3/45_bessy2lo_56m_PGM_2Perc_coupling_errors_on_FLUX.rml
2025-02-08 00:35:49,095 - INFO - Completed: 56, remaining: 4, RAYPy_Simulation_bessy2lo_56m_PGM_2Perc_coupling_errors_on_FLUX/round_3/46_bessy2lo_56m_PGM_2Perc_coupling_errors_on_FLUX.rml
2025-02-08 00:35:49,442 - INFO - Completed: 57, remaining: 3, RAYPy_Simulation_bessy2lo_56m_PGM_2Perc_coupling_errors_on_FLUX/round_3/47_bessy2lo_56m_PGM_2Perc_coupling_errors_on_FLUX.rml
2025-02-08 00:35:49,506 - INFO - Completed: 58, remaining: 2, RAYPy_Simulation_bessy2lo_56m_PGM_2Perc_coupling_errors_on_FLUX/round_3/49_bessy2lo_56m_PGM_2Perc_coupling_errors_on_FLUX.rml
2025-02-08 00:35:49,578 - INFO - Completed: 59, remaining: 1, RAYPy_Simulation_bessy2lo_56m_PGM_2Perc_coupling_errors_on_FLUX/round_3/50_bessy2lo_56m_PGM_2Perc_coupling_errors_on_FLUX.rml
2025-02-08 00:35:49,833 - INFO - Completed: 60, remaining: 0, RAYPy_Simulation_bessy2lo_56m_PGM_2Perc_coupling_errors_on_FLUX/round_3/48_bessy2lo_56m_PGM_2Perc_coupling_errors_on_FLUX.rml
2025-02-08 00:35:49,833 - INFO - Batch Completed
2025-02-08 00:35:49,833 - INFO - Waiting For batch, 60 simulations to go
2025-02-08 00:35:49,838 - INFO - Prepared sim number: 51: RAYPy_Simulation_bessy2lo_56m_PGM_2Perc_coupling_errors_on_FLUX/round_3/51_bessy2lo_56m_PGM_2Perc_coupling_errors_on_FLUX.rml
2025-02-08 00:35:49,847 - INFO - Prepared sim number: 52: RAYPy_Simulation_bessy2lo_56m_PGM_2Perc_coupling_errors_on_FLUX/round_3/52_bessy2lo_56m_PGM_2Perc_coupling_errors_on_FLUX.rml
2025-02-08 00:35:49,852 - INFO - Prepared sim number: 53: RAYPy_Simulation_bessy2lo_56m_PGM_2Perc_coupling_errors_on_FLUX/round_3/53_bessy2lo_56m_PGM_2Perc_coupling_errors_on_FLUX.rml
2025-02-08 00:35:49,857 - INFO - Prepared sim number: 54: RAYPy_Simulation_bessy2lo_56m_PGM_2Perc_coupling_errors_on_FLUX/round_3/54_bessy2lo_56m_PGM_2Perc_coupling_errors_on_FLUX.rml
2025-02-08 00:35:49,862 - INFO - Prepared sim number: 55: RAYPy_Simulation_bessy2lo_56m_PGM_2Perc_coupling_errors_on_FLUX/round_3/55_bessy2lo_56m_PGM_2Perc_coupling_errors_on_FLUX.rml
2025-02-08 00:35:49,866 - INFO - Prepared sim number: 56: RAYPy_Simulation_bessy2lo_56m_PGM_2Perc_coupling_errors_on_FLUX/round_3/56_bessy2lo_56m_PGM_2Perc_coupling_errors_on_FLUX.rml
2025-02-08 00:35:49,870 - INFO - Prepared sim number: 57: RAYPy_Simulation_bessy2lo_56m_PGM_2Perc_coupling_errors_on_FLUX/round_3/57_bessy2lo_56m_PGM_2Perc_coupling_errors_on_FLUX.rml
2025-02-08 00:35:49,878 - INFO - Prepared sim number: 58: RAYPy_Simulation_bessy2lo_56m_PGM_2Perc_coupling_errors_on_FLUX/round_3/58_bessy2lo_56m_PGM_2Perc_coupling_errors_on_FLUX.rml
2025-02-08 00:35:49,883 - INFO - Prepared sim number: 59: RAYPy_Simulation_bessy2lo_56m_PGM_2Perc_coupling_errors_on_FLUX/round_3/59_bessy2lo_56m_PGM_2Perc_coupling_errors_on_FLUX.rml
2025-02-08 00:35:49,888 - INFO - Prepared sim number: 60: RAYPy_Simulation_bessy2lo_56m_PGM_2Perc_coupling_errors_on_FLUX/round_3/60_bessy2lo_56m_PGM_2Perc_coupling_errors_on_FLUX.rml
2025-02-08 00:35:49,893 - INFO - Prepared sim number: 61: RAYPy_Simulation_bessy2lo_56m_PGM_2Perc_coupling_errors_on_FLUX/round_3/61_bessy2lo_56m_PGM_2Perc_coupling_errors_on_FLUX.rml
2025-02-08 00:35:49,898 - INFO - Prepared sim number: 62: RAYPy_Simulation_bessy2lo_56m_PGM_2Perc_coupling_errors_on_FLUX/round_3/62_bessy2lo_56m_PGM_2Perc_coupling_errors_on_FLUX.rml
2025-02-08 00:35:49,904 - INFO - Prepared sim number: 63: RAYPy_Simulation_bessy2lo_56m_PGM_2Perc_coupling_errors_on_FLUX/round_3/63_bessy2lo_56m_PGM_2Perc_coupling_errors_on_FLUX.rml
2025-02-08 00:35:49,908 - INFO - Prepared sim number: 64: RAYPy_Simulation_bessy2lo_56m_PGM_2Perc_coupling_errors_on_FLUX/round_3/64_bessy2lo_56m_PGM_2Perc_coupling_errors_on_FLUX.rml
2025-02-08 00:35:49,912 - INFO - Prepared sim number: 65: RAYPy_Simulation_bessy2lo_56m_PGM_2Perc_coupling_errors_on_FLUX/round_3/65_bessy2lo_56m_PGM_2Perc_coupling_errors_on_FLUX.rml
2025-02-08 00:35:49,916 - INFO - Prepared sim number: 66: RAYPy_Simulation_bessy2lo_56m_PGM_2Perc_coupling_errors_on_FLUX/round_3/66_bessy2lo_56m_PGM_2Perc_coupling_errors_on_FLUX.rml
2025-02-08 00:35:49,920 - INFO - Prepared sim number: 67: RAYPy_Simulation_bessy2lo_56m_PGM_2Perc_coupling_errors_on_FLUX/round_3/67_bessy2lo_56m_PGM_2Perc_coupling_errors_on_FLUX.rml
2025-02-08 00:35:49,925 - INFO - Prepared sim number: 68: RAYPy_Simulation_bessy2lo_56m_PGM_2Perc_coupling_errors_on_FLUX/round_3/68_bessy2lo_56m_PGM_2Perc_coupling_errors_on_FLUX.rml
2025-02-08 00:35:49,929 - INFO - Prepared sim number: 69: RAYPy_Simulation_bessy2lo_56m_PGM_2Perc_coupling_errors_on_FLUX/round_3/69_bessy2lo_56m_PGM_2Perc_coupling_errors_on_FLUX.rml
2025-02-08 00:35:49,933 - INFO - Prepared sim number: 70: RAYPy_Simulation_bessy2lo_56m_PGM_2Perc_coupling_errors_on_FLUX/round_3/70_bessy2lo_56m_PGM_2Perc_coupling_errors_on_FLUX.rml
2025-02-08 00:35:49,937 - INFO - Prepared sim number: 71: RAYPy_Simulation_bessy2lo_56m_PGM_2Perc_coupling_errors_on_FLUX/round_3/71_bessy2lo_56m_PGM_2Perc_coupling_errors_on_FLUX.rml
2025-02-08 00:35:49,941 - INFO - Prepared sim number: 72: RAYPy_Simulation_bessy2lo_56m_PGM_2Perc_coupling_errors_on_FLUX/round_3/72_bessy2lo_56m_PGM_2Perc_coupling_errors_on_FLUX.rml
2025-02-08 00:35:49,944 - INFO - Prepared sim number: 73: RAYPy_Simulation_bessy2lo_56m_PGM_2Perc_coupling_errors_on_FLUX/round_3/73_bessy2lo_56m_PGM_2Perc_coupling_errors_on_FLUX.rml
2025-02-08 00:35:49,948 - INFO - Prepared sim number: 74: RAYPy_Simulation_bessy2lo_56m_PGM_2Perc_coupling_errors_on_FLUX/round_3/74_bessy2lo_56m_PGM_2Perc_coupling_errors_on_FLUX.rml
2025-02-08 00:35:49,952 - INFO - Prepared sim number: 75: RAYPy_Simulation_bessy2lo_56m_PGM_2Perc_coupling_errors_on_FLUX/round_3/75_bessy2lo_56m_PGM_2Perc_coupling_errors_on_FLUX.rml
2025-02-08 00:35:49,956 - INFO - Prepared sim number: 76: RAYPy_Simulation_bessy2lo_56m_PGM_2Perc_coupling_errors_on_FLUX/round_3/76_bessy2lo_56m_PGM_2Perc_coupling_errors_on_FLUX.rml
2025-02-08 00:35:49,960 - INFO - Prepared sim number: 77: RAYPy_Simulation_bessy2lo_56m_PGM_2Perc_coupling_errors_on_FLUX/round_3/77_bessy2lo_56m_PGM_2Perc_coupling_errors_on_FLUX.rml
2025-02-08 00:35:49,964 - INFO - Prepared sim number: 78: RAYPy_Simulation_bessy2lo_56m_PGM_2Perc_coupling_errors_on_FLUX/round_3/78_bessy2lo_56m_PGM_2Perc_coupling_errors_on_FLUX.rml
2025-02-08 00:35:49,968 - INFO - Prepared sim number: 79: RAYPy_Simulation_bessy2lo_56m_PGM_2Perc_coupling_errors_on_FLUX/round_3/79_bessy2lo_56m_PGM_2Perc_coupling_errors_on_FLUX.rml
2025-02-08 00:35:49,971 - INFO - Prepared sim number: 80: RAYPy_Simulation_bessy2lo_56m_PGM_2Perc_coupling_errors_on_FLUX/round_3/80_bessy2lo_56m_PGM_2Perc_coupling_errors_on_FLUX.rml
2025-02-08 00:35:49,976 - INFO - Prepared sim number: 81: RAYPy_Simulation_bessy2lo_56m_PGM_2Perc_coupling_errors_on_FLUX/round_3/81_bessy2lo_56m_PGM_2Perc_coupling_errors_on_FLUX.rml
2025-02-08 00:35:49,979 - INFO - Prepared sim number: 82: RAYPy_Simulation_bessy2lo_56m_PGM_2Perc_coupling_errors_on_FLUX/round_3/82_bessy2lo_56m_PGM_2Perc_coupling_errors_on_FLUX.rml
2025-02-08 00:35:49,983 - INFO - Prepared sim number: 83: RAYPy_Simulation_bessy2lo_56m_PGM_2Perc_coupling_errors_on_FLUX/round_3/83_bessy2lo_56m_PGM_2Perc_coupling_errors_on_FLUX.rml
2025-02-08 00:35:49,987 - INFO - Prepared sim number: 84: RAYPy_Simulation_bessy2lo_56m_PGM_2Perc_coupling_errors_on_FLUX/round_3/84_bessy2lo_56m_PGM_2Perc_coupling_errors_on_FLUX.rml
2025-02-08 00:35:49,991 - INFO - Prepared sim number: 85: RAYPy_Simulation_bessy2lo_56m_PGM_2Perc_coupling_errors_on_FLUX/round_3/85_bessy2lo_56m_PGM_2Perc_coupling_errors_on_FLUX.rml
2025-02-08 00:35:49,995 - INFO - Prepared sim number: 86: RAYPy_Simulation_bessy2lo_56m_PGM_2Perc_coupling_errors_on_FLUX/round_3/86_bessy2lo_56m_PGM_2Perc_coupling_errors_on_FLUX.rml
2025-02-08 00:35:49,998 - INFO - Prepared sim number: 87: RAYPy_Simulation_bessy2lo_56m_PGM_2Perc_coupling_errors_on_FLUX/round_3/87_bessy2lo_56m_PGM_2Perc_coupling_errors_on_FLUX.rml
2025-02-08 00:35:50,002 - INFO - Prepared sim number: 88: RAYPy_Simulation_bessy2lo_56m_PGM_2Perc_coupling_errors_on_FLUX/round_3/88_bessy2lo_56m_PGM_2Perc_coupling_errors_on_FLUX.rml
2025-02-08 00:35:50,006 - INFO - Prepared sim number: 89: RAYPy_Simulation_bessy2lo_56m_PGM_2Perc_coupling_errors_on_FLUX/round_3/89_bessy2lo_56m_PGM_2Perc_coupling_errors_on_FLUX.rml
2025-02-08 00:35:50,010 - INFO - Prepared sim number: 90: RAYPy_Simulation_bessy2lo_56m_PGM_2Perc_coupling_errors_on_FLUX/round_3/90_bessy2lo_56m_PGM_2Perc_coupling_errors_on_FLUX.rml
2025-02-08 00:35:50,014 - INFO - Prepared sim number: 91: RAYPy_Simulation_bessy2lo_56m_PGM_2Perc_coupling_errors_on_FLUX/round_3/91_bessy2lo_56m_PGM_2Perc_coupling_errors_on_FLUX.rml
2025-02-08 00:35:50,017 - INFO - Prepared sim number: 92: RAYPy_Simulation_bessy2lo_56m_PGM_2Perc_coupling_errors_on_FLUX/round_3/92_bessy2lo_56m_PGM_2Perc_coupling_errors_on_FLUX.rml
2025-02-08 00:35:50,021 - INFO - Prepared sim number: 93: RAYPy_Simulation_bessy2lo_56m_PGM_2Perc_coupling_errors_on_FLUX/round_3/93_bessy2lo_56m_PGM_2Perc_coupling_errors_on_FLUX.rml
2025-02-08 00:35:50,025 - INFO - Prepared sim number: 94: RAYPy_Simulation_bessy2lo_56m_PGM_2Perc_coupling_errors_on_FLUX/round_3/94_bessy2lo_56m_PGM_2Perc_coupling_errors_on_FLUX.rml
2025-02-08 00:35:50,029 - INFO - Prepared sim number: 95: RAYPy_Simulation_bessy2lo_56m_PGM_2Perc_coupling_errors_on_FLUX/round_3/95_bessy2lo_56m_PGM_2Perc_coupling_errors_on_FLUX.rml
2025-02-08 00:35:50,032 - INFO - Prepared sim number: 96: RAYPy_Simulation_bessy2lo_56m_PGM_2Perc_coupling_errors_on_FLUX/round_3/96_bessy2lo_56m_PGM_2Perc_coupling_errors_on_FLUX.rml
2025-02-08 00:35:50,036 - INFO - Prepared sim number: 97: RAYPy_Simulation_bessy2lo_56m_PGM_2Perc_coupling_errors_on_FLUX/round_3/97_bessy2lo_56m_PGM_2Perc_coupling_errors_on_FLUX.rml
2025-02-08 00:35:50,040 - INFO - Prepared sim number: 98: RAYPy_Simulation_bessy2lo_56m_PGM_2Perc_coupling_errors_on_FLUX/round_3/98_bessy2lo_56m_PGM_2Perc_coupling_errors_on_FLUX.rml
2025-02-08 00:35:50,044 - INFO - Prepared sim number: 99: RAYPy_Simulation_bessy2lo_56m_PGM_2Perc_coupling_errors_on_FLUX/round_3/99_bessy2lo_56m_PGM_2Perc_coupling_errors_on_FLUX.rml
2025-02-08 00:35:50,048 - INFO - Prepared sim number: 100: RAYPy_Simulation_bessy2lo_56m_PGM_2Perc_coupling_errors_on_FLUX/round_3/100_bessy2lo_56m_PGM_2Perc_coupling_errors_on_FLUX.rml
2025-02-08 00:35:50,052 - INFO - Prepared sim number: 101: RAYPy_Simulation_bessy2lo_56m_PGM_2Perc_coupling_errors_on_FLUX/round_3/101_bessy2lo_56m_PGM_2Perc_coupling_errors_on_FLUX.rml
2025-02-08 00:35:50,056 - INFO - Prepared sim number: 102: RAYPy_Simulation_bessy2lo_56m_PGM_2Perc_coupling_errors_on_FLUX/round_3/102_bessy2lo_56m_PGM_2Perc_coupling_errors_on_FLUX.rml
2025-02-08 00:35:50,060 - INFO - Prepared sim number: 103: RAYPy_Simulation_bessy2lo_56m_PGM_2Perc_coupling_errors_on_FLUX/round_3/103_bessy2lo_56m_PGM_2Perc_coupling_errors_on_FLUX.rml
2025-02-08 00:35:50,064 - INFO - Prepared sim number: 104: RAYPy_Simulation_bessy2lo_56m_PGM_2Perc_coupling_errors_on_FLUX/round_3/104_bessy2lo_56m_PGM_2Perc_coupling_errors_on_FLUX.rml
2025-02-08 00:35:50,068 - INFO - Prepared sim number: 105: RAYPy_Simulation_bessy2lo_56m_PGM_2Perc_coupling_errors_on_FLUX/round_3/105_bessy2lo_56m_PGM_2Perc_coupling_errors_on_FLUX.rml
2025-02-08 00:35:50,071 - INFO - Prepared sim number: 106: RAYPy_Simulation_bessy2lo_56m_PGM_2Perc_coupling_errors_on_FLUX/round_3/106_bessy2lo_56m_PGM_2Perc_coupling_errors_on_FLUX.rml
2025-02-08 00:35:50,075 - INFO - Prepared sim number: 107: RAYPy_Simulation_bessy2lo_56m_PGM_2Perc_coupling_errors_on_FLUX/round_3/107_bessy2lo_56m_PGM_2Perc_coupling_errors_on_FLUX.rml
2025-02-08 00:35:50,079 - INFO - Prepared sim number: 108: RAYPy_Simulation_bessy2lo_56m_PGM_2Perc_coupling_errors_on_FLUX/round_3/108_bessy2lo_56m_PGM_2Perc_coupling_errors_on_FLUX.rml
2025-02-08 00:35:50,082 - INFO - Prepared sim number: 109: RAYPy_Simulation_bessy2lo_56m_PGM_2Perc_coupling_errors_on_FLUX/round_3/109_bessy2lo_56m_PGM_2Perc_coupling_errors_on_FLUX.rml
2025-02-08 00:35:50,085 - INFO - Prepared sim number: 110: RAYPy_Simulation_bessy2lo_56m_PGM_2Perc_coupling_errors_on_FLUX/round_3/110_bessy2lo_56m_PGM_2Perc_coupling_errors_on_FLUX.rml
2025-02-08 00:35:50,086 - INFO - Waiting for batch number: 7, timeout: 96.64891331846063s
2025-02-08 00:36:05,918 - INFO - Completed: 1, remaining: 59, RAYPy_Simulation_bessy2lo_56m_PGM_2Perc_coupling_errors_on_FLUX/round_3/58_bessy2lo_56m_PGM_2Perc_coupling_errors_on_FLUX.rml
2025-02-08 00:36:06,025 - INFO - Completed: 2, remaining: 58, RAYPy_Simulation_bessy2lo_56m_PGM_2Perc_coupling_errors_on_FLUX/round_3/51_bessy2lo_56m_PGM_2Perc_coupling_errors_on_FLUX.rml
2025-02-08 00:36:06,308 - INFO - Completed: 3, remaining: 57, RAYPy_Simulation_bessy2lo_56m_PGM_2Perc_coupling_errors_on_FLUX/round_3/60_bessy2lo_56m_PGM_2Perc_coupling_errors_on_FLUX.rml
2025-02-08 00:36:06,445 - INFO - Completed: 4, remaining: 56, RAYPy_Simulation_bessy2lo_56m_PGM_2Perc_coupling_errors_on_FLUX/round_3/55_bessy2lo_56m_PGM_2Perc_coupling_errors_on_FLUX.rml
2025-02-08 00:36:06,521 - INFO - Completed: 5, remaining: 55, RAYPy_Simulation_bessy2lo_56m_PGM_2Perc_coupling_errors_on_FLUX/round_3/57_bessy2lo_56m_PGM_2Perc_coupling_errors_on_FLUX.rml
2025-02-08 00:36:06,706 - INFO - Completed: 6, remaining: 54, RAYPy_Simulation_bessy2lo_56m_PGM_2Perc_coupling_errors_on_FLUX/round_3/61_bessy2lo_56m_PGM_2Perc_coupling_errors_on_FLUX.rml
2025-02-08 00:36:06,818 - INFO - Completed: 7, remaining: 53, RAYPy_Simulation_bessy2lo_56m_PGM_2Perc_coupling_errors_on_FLUX/round_3/54_bessy2lo_56m_PGM_2Perc_coupling_errors_on_FLUX.rml
2025-02-08 00:36:06,955 - INFO - Completed: 8, remaining: 52, RAYPy_Simulation_bessy2lo_56m_PGM_2Perc_coupling_errors_on_FLUX/round_3/59_bessy2lo_56m_PGM_2Perc_coupling_errors_on_FLUX.rml
2025-02-08 00:36:07,141 - INFO - Completed: 9, remaining: 51, RAYPy_Simulation_bessy2lo_56m_PGM_2Perc_coupling_errors_on_FLUX/round_3/62_bessy2lo_56m_PGM_2Perc_coupling_errors_on_FLUX.rml
2025-02-08 00:36:08,206 - INFO - Completed: 10, remaining: 50, RAYPy_Simulation_bessy2lo_56m_PGM_2Perc_coupling_errors_on_FLUX/round_3/56_bessy2lo_56m_PGM_2Perc_coupling_errors_on_FLUX.rml
2025-02-08 00:36:08,385 - INFO - Completed: 11, remaining: 49, RAYPy_Simulation_bessy2lo_56m_PGM_2Perc_coupling_errors_on_FLUX/round_3/53_bessy2lo_56m_PGM_2Perc_coupling_errors_on_FLUX.rml
2025-02-08 00:36:09,048 - INFO - Completed: 12, remaining: 48, RAYPy_Simulation_bessy2lo_56m_PGM_2Perc_coupling_errors_on_FLUX/round_3/52_bessy2lo_56m_PGM_2Perc_coupling_errors_on_FLUX.rml
2025-02-08 00:36:21,972 - INFO - Completed: 13, remaining: 47, RAYPy_Simulation_bessy2lo_56m_PGM_2Perc_coupling_errors_on_FLUX/round_3/63_bessy2lo_56m_PGM_2Perc_coupling_errors_on_FLUX.rml
2025-02-08 00:36:22,740 - INFO - Completed: 14, remaining: 46, RAYPy_Simulation_bessy2lo_56m_PGM_2Perc_coupling_errors_on_FLUX/round_3/64_bessy2lo_56m_PGM_2Perc_coupling_errors_on_FLUX.rml
2025-02-08 00:36:22,947 - INFO - Completed: 15, remaining: 45, RAYPy_Simulation_bessy2lo_56m_PGM_2Perc_coupling_errors_on_FLUX/round_3/67_bessy2lo_56m_PGM_2Perc_coupling_errors_on_FLUX.rml
2025-02-08 00:36:23,294 - INFO - Completed: 16, remaining: 44, RAYPy_Simulation_bessy2lo_56m_PGM_2Perc_coupling_errors_on_FLUX/round_3/70_bessy2lo_56m_PGM_2Perc_coupling_errors_on_FLUX.rml
2025-02-08 00:36:23,378 - INFO - Completed: 17, remaining: 43, RAYPy_Simulation_bessy2lo_56m_PGM_2Perc_coupling_errors_on_FLUX/round_3/68_bessy2lo_56m_PGM_2Perc_coupling_errors_on_FLUX.rml
2025-02-08 00:36:23,411 - INFO - Completed: 18, remaining: 42, RAYPy_Simulation_bessy2lo_56m_PGM_2Perc_coupling_errors_on_FLUX/round_3/66_bessy2lo_56m_PGM_2Perc_coupling_errors_on_FLUX.rml
2025-02-08 00:36:23,467 - INFO - Completed: 19, remaining: 41, RAYPy_Simulation_bessy2lo_56m_PGM_2Perc_coupling_errors_on_FLUX/round_3/69_bessy2lo_56m_PGM_2Perc_coupling_errors_on_FLUX.rml
2025-02-08 00:36:23,585 - INFO - Completed: 20, remaining: 40, RAYPy_Simulation_bessy2lo_56m_PGM_2Perc_coupling_errors_on_FLUX/round_3/65_bessy2lo_56m_PGM_2Perc_coupling_errors_on_FLUX.rml
2025-02-08 00:36:23,628 - INFO - Completed: 21, remaining: 39, RAYPy_Simulation_bessy2lo_56m_PGM_2Perc_coupling_errors_on_FLUX/round_3/71_bessy2lo_56m_PGM_2Perc_coupling_errors_on_FLUX.rml
2025-02-08 00:36:24,405 - INFO - Completed: 22, remaining: 38, RAYPy_Simulation_bessy2lo_56m_PGM_2Perc_coupling_errors_on_FLUX/round_3/72_bessy2lo_56m_PGM_2Perc_coupling_errors_on_FLUX.rml
2025-02-08 00:36:24,482 - INFO - Completed: 23, remaining: 37, RAYPy_Simulation_bessy2lo_56m_PGM_2Perc_coupling_errors_on_FLUX/round_3/73_bessy2lo_56m_PGM_2Perc_coupling_errors_on_FLUX.rml
2025-02-08 00:36:24,976 - INFO - Completed: 24, remaining: 36, RAYPy_Simulation_bessy2lo_56m_PGM_2Perc_coupling_errors_on_FLUX/round_3/74_bessy2lo_56m_PGM_2Perc_coupling_errors_on_FLUX.rml
2025-02-08 00:36:36,576 - INFO - Completed: 25, remaining: 35, RAYPy_Simulation_bessy2lo_56m_PGM_2Perc_coupling_errors_on_FLUX/round_3/75_bessy2lo_56m_PGM_2Perc_coupling_errors_on_FLUX.rml
2025-02-08 00:36:38,150 - INFO - Completed: 26, remaining: 34, RAYPy_Simulation_bessy2lo_56m_PGM_2Perc_coupling_errors_on_FLUX/round_3/81_bessy2lo_56m_PGM_2Perc_coupling_errors_on_FLUX.rml
2025-02-08 00:36:38,389 - INFO - Completed: 27, remaining: 33, RAYPy_Simulation_bessy2lo_56m_PGM_2Perc_coupling_errors_on_FLUX/round_3/76_bessy2lo_56m_PGM_2Perc_coupling_errors_on_FLUX.rml
2025-02-08 00:36:39,489 - INFO - Completed: 28, remaining: 32, RAYPy_Simulation_bessy2lo_56m_PGM_2Perc_coupling_errors_on_FLUX/round_3/78_bessy2lo_56m_PGM_2Perc_coupling_errors_on_FLUX.rml
2025-02-08 00:36:39,611 - INFO - Completed: 29, remaining: 31, RAYPy_Simulation_bessy2lo_56m_PGM_2Perc_coupling_errors_on_FLUX/round_3/79_bessy2lo_56m_PGM_2Perc_coupling_errors_on_FLUX.rml
2025-02-08 00:36:39,743 - INFO - Completed: 30, remaining: 30, RAYPy_Simulation_bessy2lo_56m_PGM_2Perc_coupling_errors_on_FLUX/round_3/80_bessy2lo_56m_PGM_2Perc_coupling_errors_on_FLUX.rml
2025-02-08 00:36:39,946 - INFO - Completed: 31, remaining: 29, RAYPy_Simulation_bessy2lo_56m_PGM_2Perc_coupling_errors_on_FLUX/round_3/82_bessy2lo_56m_PGM_2Perc_coupling_errors_on_FLUX.rml
2025-02-08 00:36:40,058 - INFO - Completed: 32, remaining: 28, RAYPy_Simulation_bessy2lo_56m_PGM_2Perc_coupling_errors_on_FLUX/round_3/77_bessy2lo_56m_PGM_2Perc_coupling_errors_on_FLUX.rml
2025-02-08 00:36:40,259 - INFO - Completed: 33, remaining: 27, RAYPy_Simulation_bessy2lo_56m_PGM_2Perc_coupling_errors_on_FLUX/round_3/85_bessy2lo_56m_PGM_2Perc_coupling_errors_on_FLUX.rml
2025-02-08 00:36:40,760 - INFO - Completed: 34, remaining: 26, RAYPy_Simulation_bessy2lo_56m_PGM_2Perc_coupling_errors_on_FLUX/round_3/86_bessy2lo_56m_PGM_2Perc_coupling_errors_on_FLUX.rml
2025-02-08 00:36:40,830 - INFO - Completed: 35, remaining: 25, RAYPy_Simulation_bessy2lo_56m_PGM_2Perc_coupling_errors_on_FLUX/round_3/84_bessy2lo_56m_PGM_2Perc_coupling_errors_on_FLUX.rml
2025-02-08 00:36:41,430 - INFO - Completed: 36, remaining: 24, RAYPy_Simulation_bessy2lo_56m_PGM_2Perc_coupling_errors_on_FLUX/round_3/83_bessy2lo_56m_PGM_2Perc_coupling_errors_on_FLUX.rml
2025-02-08 00:36:48,255 - INFO - Completed: 37, remaining: 23, RAYPy_Simulation_bessy2lo_56m_PGM_2Perc_coupling_errors_on_FLUX/round_3/87_bessy2lo_56m_PGM_2Perc_coupling_errors_on_FLUX.rml
2025-02-08 00:36:53,398 - INFO - Completed: 38, remaining: 22, RAYPy_Simulation_bessy2lo_56m_PGM_2Perc_coupling_errors_on_FLUX/round_3/88_bessy2lo_56m_PGM_2Perc_coupling_errors_on_FLUX.rml
2025-02-08 00:36:54,306 - INFO - Completed: 39, remaining: 21, RAYPy_Simulation_bessy2lo_56m_PGM_2Perc_coupling_errors_on_FLUX/round_3/89_bessy2lo_56m_PGM_2Perc_coupling_errors_on_FLUX.rml
2025-02-08 00:36:56,126 - INFO - Completed: 40, remaining: 20, RAYPy_Simulation_bessy2lo_56m_PGM_2Perc_coupling_errors_on_FLUX/round_3/92_bessy2lo_56m_PGM_2Perc_coupling_errors_on_FLUX.rml
2025-02-08 00:36:56,600 - INFO - Completed: 41, remaining: 19, RAYPy_Simulation_bessy2lo_56m_PGM_2Perc_coupling_errors_on_FLUX/round_3/94_bessy2lo_56m_PGM_2Perc_coupling_errors_on_FLUX.rml
2025-02-08 00:36:56,690 - INFO - Completed: 42, remaining: 18, RAYPy_Simulation_bessy2lo_56m_PGM_2Perc_coupling_errors_on_FLUX/round_3/91_bessy2lo_56m_PGM_2Perc_coupling_errors_on_FLUX.rml
2025-02-08 00:36:56,754 - INFO - Completed: 43, remaining: 17, RAYPy_Simulation_bessy2lo_56m_PGM_2Perc_coupling_errors_on_FLUX/round_3/93_bessy2lo_56m_PGM_2Perc_coupling_errors_on_FLUX.rml
2025-02-08 00:36:56,808 - INFO - Completed: 44, remaining: 16, RAYPy_Simulation_bessy2lo_56m_PGM_2Perc_coupling_errors_on_FLUX/round_3/95_bessy2lo_56m_PGM_2Perc_coupling_errors_on_FLUX.rml
2025-02-08 00:36:57,241 - INFO - Completed: 45, remaining: 15, RAYPy_Simulation_bessy2lo_56m_PGM_2Perc_coupling_errors_on_FLUX/round_3/96_bessy2lo_56m_PGM_2Perc_coupling_errors_on_FLUX.rml
2025-02-08 00:36:57,559 - INFO - Completed: 46, remaining: 14, RAYPy_Simulation_bessy2lo_56m_PGM_2Perc_coupling_errors_on_FLUX/round_3/97_bessy2lo_56m_PGM_2Perc_coupling_errors_on_FLUX.rml
2025-02-08 00:36:57,633 - INFO - Completed: 47, remaining: 13, RAYPy_Simulation_bessy2lo_56m_PGM_2Perc_coupling_errors_on_FLUX/round_3/98_bessy2lo_56m_PGM_2Perc_coupling_errors_on_FLUX.rml
2025-02-08 00:36:57,785 - INFO - Completed: 48, remaining: 12, RAYPy_Simulation_bessy2lo_56m_PGM_2Perc_coupling_errors_on_FLUX/round_3/90_bessy2lo_56m_PGM_2Perc_coupling_errors_on_FLUX.rml
2025-02-08 00:37:01,121 - INFO - Completed: 49, remaining: 11, RAYPy_Simulation_bessy2lo_56m_PGM_2Perc_coupling_errors_on_FLUX/round_3/99_bessy2lo_56m_PGM_2Perc_coupling_errors_on_FLUX.rml
2025-02-08 00:37:06,265 - INFO - Completed: 50, remaining: 10, RAYPy_Simulation_bessy2lo_56m_PGM_2Perc_coupling_errors_on_FLUX/round_3/100_bessy2lo_56m_PGM_2Perc_coupling_errors_on_FLUX.rml
2025-02-08 00:37:07,869 - INFO - Completed: 51, remaining: 9, RAYPy_Simulation_bessy2lo_56m_PGM_2Perc_coupling_errors_on_FLUX/round_3/101_bessy2lo_56m_PGM_2Perc_coupling_errors_on_FLUX.rml
2025-02-08 00:37:10,422 - INFO - Completed: 52, remaining: 8, RAYPy_Simulation_bessy2lo_56m_PGM_2Perc_coupling_errors_on_FLUX/round_3/102_bessy2lo_56m_PGM_2Perc_coupling_errors_on_FLUX.rml
2025-02-08 00:37:11,011 - INFO - Completed: 53, remaining: 7, RAYPy_Simulation_bessy2lo_56m_PGM_2Perc_coupling_errors_on_FLUX/round_3/103_bessy2lo_56m_PGM_2Perc_coupling_errors_on_FLUX.rml
2025-02-08 00:37:11,208 - INFO - Completed: 54, remaining: 6, RAYPy_Simulation_bessy2lo_56m_PGM_2Perc_coupling_errors_on_FLUX/round_3/105_bessy2lo_56m_PGM_2Perc_coupling_errors_on_FLUX.rml
2025-02-08 00:37:11,480 - INFO - Completed: 55, remaining: 5, RAYPy_Simulation_bessy2lo_56m_PGM_2Perc_coupling_errors_on_FLUX/round_3/106_bessy2lo_56m_PGM_2Perc_coupling_errors_on_FLUX.rml
2025-02-08 00:37:11,668 - INFO - Completed: 56, remaining: 4, RAYPy_Simulation_bessy2lo_56m_PGM_2Perc_coupling_errors_on_FLUX/round_3/107_bessy2lo_56m_PGM_2Perc_coupling_errors_on_FLUX.rml
2025-02-08 00:37:11,669 - INFO - Completed: 57, remaining: 3, RAYPy_Simulation_bessy2lo_56m_PGM_2Perc_coupling_errors_on_FLUX/round_3/104_bessy2lo_56m_PGM_2Perc_coupling_errors_on_FLUX.rml
2025-02-08 00:37:11,832 - INFO - Completed: 58, remaining: 2, RAYPy_Simulation_bessy2lo_56m_PGM_2Perc_coupling_errors_on_FLUX/round_3/108_bessy2lo_56m_PGM_2Perc_coupling_errors_on_FLUX.rml
2025-02-08 00:37:11,907 - INFO - Completed: 59, remaining: 1, RAYPy_Simulation_bessy2lo_56m_PGM_2Perc_coupling_errors_on_FLUX/round_3/110_bessy2lo_56m_PGM_2Perc_coupling_errors_on_FLUX.rml
2025-02-08 00:37:12,032 - INFO - Completed: 60, remaining: 0, RAYPy_Simulation_bessy2lo_56m_PGM_2Perc_coupling_errors_on_FLUX/round_3/109_bessy2lo_56m_PGM_2Perc_coupling_errors_on_FLUX.rml
2025-02-08 00:37:12,033 - INFO - Batch Completed
2025-02-08 00:37:12,033 - INFO - Waiting For batch, 60 simulations to go
2025-02-08 00:37:12,038 - INFO - Prepared sim number: 111: RAYPy_Simulation_bessy2lo_56m_PGM_2Perc_coupling_errors_on_FLUX/round_3/111_bessy2lo_56m_PGM_2Perc_coupling_errors_on_FLUX.rml
2025-02-08 00:37:12,042 - INFO - Prepared sim number: 112: RAYPy_Simulation_bessy2lo_56m_PGM_2Perc_coupling_errors_on_FLUX/round_3/112_bessy2lo_56m_PGM_2Perc_coupling_errors_on_FLUX.rml
2025-02-08 00:37:12,052 - INFO - Prepared sim number: 113: RAYPy_Simulation_bessy2lo_56m_PGM_2Perc_coupling_errors_on_FLUX/round_3/113_bessy2lo_56m_PGM_2Perc_coupling_errors_on_FLUX.rml
2025-02-08 00:37:12,057 - INFO - Prepared sim number: 114: RAYPy_Simulation_bessy2lo_56m_PGM_2Perc_coupling_errors_on_FLUX/round_3/114_bessy2lo_56m_PGM_2Perc_coupling_errors_on_FLUX.rml
2025-02-08 00:37:12,063 - INFO - Prepared sim number: 115: RAYPy_Simulation_bessy2lo_56m_PGM_2Perc_coupling_errors_on_FLUX/round_3/115_bessy2lo_56m_PGM_2Perc_coupling_errors_on_FLUX.rml
2025-02-08 00:37:12,069 - INFO - Prepared sim number: 116: RAYPy_Simulation_bessy2lo_56m_PGM_2Perc_coupling_errors_on_FLUX/round_3/116_bessy2lo_56m_PGM_2Perc_coupling_errors_on_FLUX.rml
2025-02-08 00:37:12,075 - INFO - Prepared sim number: 117: RAYPy_Simulation_bessy2lo_56m_PGM_2Perc_coupling_errors_on_FLUX/round_3/117_bessy2lo_56m_PGM_2Perc_coupling_errors_on_FLUX.rml
2025-02-08 00:37:12,079 - INFO - Prepared sim number: 118: RAYPy_Simulation_bessy2lo_56m_PGM_2Perc_coupling_errors_on_FLUX/round_3/118_bessy2lo_56m_PGM_2Perc_coupling_errors_on_FLUX.rml
2025-02-08 00:37:12,085 - INFO - Prepared sim number: 119: RAYPy_Simulation_bessy2lo_56m_PGM_2Perc_coupling_errors_on_FLUX/round_3/119_bessy2lo_56m_PGM_2Perc_coupling_errors_on_FLUX.rml
2025-02-08 00:37:12,092 - INFO - Prepared sim number: 120: RAYPy_Simulation_bessy2lo_56m_PGM_2Perc_coupling_errors_on_FLUX/round_3/120_bessy2lo_56m_PGM_2Perc_coupling_errors_on_FLUX.rml
2025-02-08 00:37:12,097 - INFO - Prepared sim number: 121: RAYPy_Simulation_bessy2lo_56m_PGM_2Perc_coupling_errors_on_FLUX/round_3/121_bessy2lo_56m_PGM_2Perc_coupling_errors_on_FLUX.rml
2025-02-08 00:37:12,103 - INFO - Prepared sim number: 122: RAYPy_Simulation_bessy2lo_56m_PGM_2Perc_coupling_errors_on_FLUX/round_3/122_bessy2lo_56m_PGM_2Perc_coupling_errors_on_FLUX.rml
2025-02-08 00:37:12,103 - INFO - Start round 4
2025-02-08 00:37:12,108 - INFO - Prepared sim number: 0: RAYPy_Simulation_bessy2lo_56m_PGM_2Perc_coupling_errors_on_FLUX/round_4/0_bessy2lo_56m_PGM_2Perc_coupling_errors_on_FLUX.rml
2025-02-08 00:37:12,113 - INFO - Prepared sim number: 1: RAYPy_Simulation_bessy2lo_56m_PGM_2Perc_coupling_errors_on_FLUX/round_4/1_bessy2lo_56m_PGM_2Perc_coupling_errors_on_FLUX.rml
2025-02-08 00:37:12,118 - INFO - Prepared sim number: 2: RAYPy_Simulation_bessy2lo_56m_PGM_2Perc_coupling_errors_on_FLUX/round_4/2_bessy2lo_56m_PGM_2Perc_coupling_errors_on_FLUX.rml
2025-02-08 00:37:12,124 - INFO - Prepared sim number: 3: RAYPy_Simulation_bessy2lo_56m_PGM_2Perc_coupling_errors_on_FLUX/round_4/3_bessy2lo_56m_PGM_2Perc_coupling_errors_on_FLUX.rml
2025-02-08 00:37:12,128 - INFO - Prepared sim number: 4: RAYPy_Simulation_bessy2lo_56m_PGM_2Perc_coupling_errors_on_FLUX/round_4/4_bessy2lo_56m_PGM_2Perc_coupling_errors_on_FLUX.rml
2025-02-08 00:37:12,133 - INFO - Prepared sim number: 5: RAYPy_Simulation_bessy2lo_56m_PGM_2Perc_coupling_errors_on_FLUX/round_4/5_bessy2lo_56m_PGM_2Perc_coupling_errors_on_FLUX.rml
2025-02-08 00:37:12,138 - INFO - Prepared sim number: 6: RAYPy_Simulation_bessy2lo_56m_PGM_2Perc_coupling_errors_on_FLUX/round_4/6_bessy2lo_56m_PGM_2Perc_coupling_errors_on_FLUX.rml
2025-02-08 00:37:12,143 - INFO - Prepared sim number: 7: RAYPy_Simulation_bessy2lo_56m_PGM_2Perc_coupling_errors_on_FLUX/round_4/7_bessy2lo_56m_PGM_2Perc_coupling_errors_on_FLUX.rml
2025-02-08 00:37:12,148 - INFO - Prepared sim number: 8: RAYPy_Simulation_bessy2lo_56m_PGM_2Perc_coupling_errors_on_FLUX/round_4/8_bessy2lo_56m_PGM_2Perc_coupling_errors_on_FLUX.rml
2025-02-08 00:37:12,153 - INFO - Prepared sim number: 9: RAYPy_Simulation_bessy2lo_56m_PGM_2Perc_coupling_errors_on_FLUX/round_4/9_bessy2lo_56m_PGM_2Perc_coupling_errors_on_FLUX.rml
2025-02-08 00:37:12,158 - INFO - Prepared sim number: 10: RAYPy_Simulation_bessy2lo_56m_PGM_2Perc_coupling_errors_on_FLUX/round_4/10_bessy2lo_56m_PGM_2Perc_coupling_errors_on_FLUX.rml
2025-02-08 00:37:12,163 - INFO - Prepared sim number: 11: RAYPy_Simulation_bessy2lo_56m_PGM_2Perc_coupling_errors_on_FLUX/round_4/11_bessy2lo_56m_PGM_2Perc_coupling_errors_on_FLUX.rml
2025-02-08 00:37:12,167 - INFO - Prepared sim number: 12: RAYPy_Simulation_bessy2lo_56m_PGM_2Perc_coupling_errors_on_FLUX/round_4/12_bessy2lo_56m_PGM_2Perc_coupling_errors_on_FLUX.rml
2025-02-08 00:37:12,172 - INFO - Prepared sim number: 13: RAYPy_Simulation_bessy2lo_56m_PGM_2Perc_coupling_errors_on_FLUX/round_4/13_bessy2lo_56m_PGM_2Perc_coupling_errors_on_FLUX.rml
2025-02-08 00:37:12,177 - INFO - Prepared sim number: 14: RAYPy_Simulation_bessy2lo_56m_PGM_2Perc_coupling_errors_on_FLUX/round_4/14_bessy2lo_56m_PGM_2Perc_coupling_errors_on_FLUX.rml
2025-02-08 00:37:12,182 - INFO - Prepared sim number: 15: RAYPy_Simulation_bessy2lo_56m_PGM_2Perc_coupling_errors_on_FLUX/round_4/15_bessy2lo_56m_PGM_2Perc_coupling_errors_on_FLUX.rml
2025-02-08 00:37:12,186 - INFO - Prepared sim number: 16: RAYPy_Simulation_bessy2lo_56m_PGM_2Perc_coupling_errors_on_FLUX/round_4/16_bessy2lo_56m_PGM_2Perc_coupling_errors_on_FLUX.rml
2025-02-08 00:37:12,190 - INFO - Prepared sim number: 17: RAYPy_Simulation_bessy2lo_56m_PGM_2Perc_coupling_errors_on_FLUX/round_4/17_bessy2lo_56m_PGM_2Perc_coupling_errors_on_FLUX.rml
2025-02-08 00:37:12,195 - INFO - Prepared sim number: 18: RAYPy_Simulation_bessy2lo_56m_PGM_2Perc_coupling_errors_on_FLUX/round_4/18_bessy2lo_56m_PGM_2Perc_coupling_errors_on_FLUX.rml
2025-02-08 00:37:12,199 - INFO - Prepared sim number: 19: RAYPy_Simulation_bessy2lo_56m_PGM_2Perc_coupling_errors_on_FLUX/round_4/19_bessy2lo_56m_PGM_2Perc_coupling_errors_on_FLUX.rml
2025-02-08 00:37:12,205 - INFO - Prepared sim number: 20: RAYPy_Simulation_bessy2lo_56m_PGM_2Perc_coupling_errors_on_FLUX/round_4/20_bessy2lo_56m_PGM_2Perc_coupling_errors_on_FLUX.rml
2025-02-08 00:37:12,209 - INFO - Prepared sim number: 21: RAYPy_Simulation_bessy2lo_56m_PGM_2Perc_coupling_errors_on_FLUX/round_4/21_bessy2lo_56m_PGM_2Perc_coupling_errors_on_FLUX.rml
2025-02-08 00:37:12,213 - INFO - Prepared sim number: 22: RAYPy_Simulation_bessy2lo_56m_PGM_2Perc_coupling_errors_on_FLUX/round_4/22_bessy2lo_56m_PGM_2Perc_coupling_errors_on_FLUX.rml
2025-02-08 00:37:12,219 - INFO - Prepared sim number: 23: RAYPy_Simulation_bessy2lo_56m_PGM_2Perc_coupling_errors_on_FLUX/round_4/23_bessy2lo_56m_PGM_2Perc_coupling_errors_on_FLUX.rml
2025-02-08 00:37:12,223 - INFO - Prepared sim number: 24: RAYPy_Simulation_bessy2lo_56m_PGM_2Perc_coupling_errors_on_FLUX/round_4/24_bessy2lo_56m_PGM_2Perc_coupling_errors_on_FLUX.rml
2025-02-08 00:37:12,227 - INFO - Prepared sim number: 25: RAYPy_Simulation_bessy2lo_56m_PGM_2Perc_coupling_errors_on_FLUX/round_4/25_bessy2lo_56m_PGM_2Perc_coupling_errors_on_FLUX.rml
2025-02-08 00:37:12,230 - INFO - Prepared sim number: 26: RAYPy_Simulation_bessy2lo_56m_PGM_2Perc_coupling_errors_on_FLUX/round_4/26_bessy2lo_56m_PGM_2Perc_coupling_errors_on_FLUX.rml
2025-02-08 00:37:12,234 - INFO - Prepared sim number: 27: RAYPy_Simulation_bessy2lo_56m_PGM_2Perc_coupling_errors_on_FLUX/round_4/27_bessy2lo_56m_PGM_2Perc_coupling_errors_on_FLUX.rml
2025-02-08 00:37:12,238 - INFO - Prepared sim number: 28: RAYPy_Simulation_bessy2lo_56m_PGM_2Perc_coupling_errors_on_FLUX/round_4/28_bessy2lo_56m_PGM_2Perc_coupling_errors_on_FLUX.rml
2025-02-08 00:37:12,243 - INFO - Prepared sim number: 29: RAYPy_Simulation_bessy2lo_56m_PGM_2Perc_coupling_errors_on_FLUX/round_4/29_bessy2lo_56m_PGM_2Perc_coupling_errors_on_FLUX.rml
2025-02-08 00:37:12,248 - INFO - Prepared sim number: 30: RAYPy_Simulation_bessy2lo_56m_PGM_2Perc_coupling_errors_on_FLUX/round_4/30_bessy2lo_56m_PGM_2Perc_coupling_errors_on_FLUX.rml
2025-02-08 00:37:12,252 - INFO - Prepared sim number: 31: RAYPy_Simulation_bessy2lo_56m_PGM_2Perc_coupling_errors_on_FLUX/round_4/31_bessy2lo_56m_PGM_2Perc_coupling_errors_on_FLUX.rml
2025-02-08 00:37:12,256 - INFO - Prepared sim number: 32: RAYPy_Simulation_bessy2lo_56m_PGM_2Perc_coupling_errors_on_FLUX/round_4/32_bessy2lo_56m_PGM_2Perc_coupling_errors_on_FLUX.rml
2025-02-08 00:37:12,262 - INFO - Prepared sim number: 33: RAYPy_Simulation_bessy2lo_56m_PGM_2Perc_coupling_errors_on_FLUX/round_4/33_bessy2lo_56m_PGM_2Perc_coupling_errors_on_FLUX.rml
2025-02-08 00:37:12,268 - INFO - Prepared sim number: 34: RAYPy_Simulation_bessy2lo_56m_PGM_2Perc_coupling_errors_on_FLUX/round_4/34_bessy2lo_56m_PGM_2Perc_coupling_errors_on_FLUX.rml
2025-02-08 00:37:12,273 - INFO - Prepared sim number: 35: RAYPy_Simulation_bessy2lo_56m_PGM_2Perc_coupling_errors_on_FLUX/round_4/35_bessy2lo_56m_PGM_2Perc_coupling_errors_on_FLUX.rml
2025-02-08 00:37:12,277 - INFO - Prepared sim number: 36: RAYPy_Simulation_bessy2lo_56m_PGM_2Perc_coupling_errors_on_FLUX/round_4/36_bessy2lo_56m_PGM_2Perc_coupling_errors_on_FLUX.rml
2025-02-08 00:37:12,282 - INFO - Prepared sim number: 37: RAYPy_Simulation_bessy2lo_56m_PGM_2Perc_coupling_errors_on_FLUX/round_4/37_bessy2lo_56m_PGM_2Perc_coupling_errors_on_FLUX.rml
2025-02-08 00:37:12,287 - INFO - Prepared sim number: 38: RAYPy_Simulation_bessy2lo_56m_PGM_2Perc_coupling_errors_on_FLUX/round_4/38_bessy2lo_56m_PGM_2Perc_coupling_errors_on_FLUX.rml
2025-02-08 00:37:12,291 - INFO - Prepared sim number: 39: RAYPy_Simulation_bessy2lo_56m_PGM_2Perc_coupling_errors_on_FLUX/round_4/39_bessy2lo_56m_PGM_2Perc_coupling_errors_on_FLUX.rml
2025-02-08 00:37:12,296 - INFO - Prepared sim number: 40: RAYPy_Simulation_bessy2lo_56m_PGM_2Perc_coupling_errors_on_FLUX/round_4/40_bessy2lo_56m_PGM_2Perc_coupling_errors_on_FLUX.rml
2025-02-08 00:37:12,300 - INFO - Prepared sim number: 41: RAYPy_Simulation_bessy2lo_56m_PGM_2Perc_coupling_errors_on_FLUX/round_4/41_bessy2lo_56m_PGM_2Perc_coupling_errors_on_FLUX.rml
2025-02-08 00:37:12,304 - INFO - Prepared sim number: 42: RAYPy_Simulation_bessy2lo_56m_PGM_2Perc_coupling_errors_on_FLUX/round_4/42_bessy2lo_56m_PGM_2Perc_coupling_errors_on_FLUX.rml
2025-02-08 00:37:12,308 - INFO - Prepared sim number: 43: RAYPy_Simulation_bessy2lo_56m_PGM_2Perc_coupling_errors_on_FLUX/round_4/43_bessy2lo_56m_PGM_2Perc_coupling_errors_on_FLUX.rml
2025-02-08 00:37:12,313 - INFO - Prepared sim number: 44: RAYPy_Simulation_bessy2lo_56m_PGM_2Perc_coupling_errors_on_FLUX/round_4/44_bessy2lo_56m_PGM_2Perc_coupling_errors_on_FLUX.rml
2025-02-08 00:37:12,317 - INFO - Prepared sim number: 45: RAYPy_Simulation_bessy2lo_56m_PGM_2Perc_coupling_errors_on_FLUX/round_4/45_bessy2lo_56m_PGM_2Perc_coupling_errors_on_FLUX.rml
2025-02-08 00:37:12,321 - INFO - Prepared sim number: 46: RAYPy_Simulation_bessy2lo_56m_PGM_2Perc_coupling_errors_on_FLUX/round_4/46_bessy2lo_56m_PGM_2Perc_coupling_errors_on_FLUX.rml
2025-02-08 00:37:12,325 - INFO - Prepared sim number: 47: RAYPy_Simulation_bessy2lo_56m_PGM_2Perc_coupling_errors_on_FLUX/round_4/47_bessy2lo_56m_PGM_2Perc_coupling_errors_on_FLUX.rml
2025-02-08 00:37:12,326 - INFO - Waiting for batch number: 8, timeout: 96.52943852700686s
2025-02-08 00:37:27,982 - INFO - Completed: 1, remaining: 59, RAYPy_Simulation_bessy2lo_56m_PGM_2Perc_coupling_errors_on_FLUX/round_3/114_bessy2lo_56m_PGM_2Perc_coupling_errors_on_FLUX.rml
2025-02-08 00:37:28,020 - INFO - Completed: 2, remaining: 58, RAYPy_Simulation_bessy2lo_56m_PGM_2Perc_coupling_errors_on_FLUX/round_3/117_bessy2lo_56m_PGM_2Perc_coupling_errors_on_FLUX.rml
2025-02-08 00:37:28,303 - INFO - Completed: 3, remaining: 57, RAYPy_Simulation_bessy2lo_56m_PGM_2Perc_coupling_errors_on_FLUX/round_3/116_bessy2lo_56m_PGM_2Perc_coupling_errors_on_FLUX.rml
2025-02-08 00:37:28,348 - INFO - Completed: 4, remaining: 56, RAYPy_Simulation_bessy2lo_56m_PGM_2Perc_coupling_errors_on_FLUX/round_3/119_bessy2lo_56m_PGM_2Perc_coupling_errors_on_FLUX.rml
2025-02-08 00:37:28,592 - INFO - Completed: 5, remaining: 55, RAYPy_Simulation_bessy2lo_56m_PGM_2Perc_coupling_errors_on_FLUX/round_3/111_bessy2lo_56m_PGM_2Perc_coupling_errors_on_FLUX.rml
2025-02-08 00:37:28,679 - INFO - Completed: 6, remaining: 54, RAYPy_Simulation_bessy2lo_56m_PGM_2Perc_coupling_errors_on_FLUX/round_3/115_bessy2lo_56m_PGM_2Perc_coupling_errors_on_FLUX.rml
2025-02-08 00:37:28,857 - INFO - Completed: 7, remaining: 53, RAYPy_Simulation_bessy2lo_56m_PGM_2Perc_coupling_errors_on_FLUX/round_3/113_bessy2lo_56m_PGM_2Perc_coupling_errors_on_FLUX.rml
2025-02-08 00:37:29,131 - INFO - Completed: 8, remaining: 52, RAYPy_Simulation_bessy2lo_56m_PGM_2Perc_coupling_errors_on_FLUX/round_3/120_bessy2lo_56m_PGM_2Perc_coupling_errors_on_FLUX.rml
2025-02-08 00:37:29,827 - INFO - Completed: 9, remaining: 51, RAYPy_Simulation_bessy2lo_56m_PGM_2Perc_coupling_errors_on_FLUX/round_3/122_bessy2lo_56m_PGM_2Perc_coupling_errors_on_FLUX.rml
2025-02-08 00:37:30,099 - INFO - Completed: 10, remaining: 50, RAYPy_Simulation_bessy2lo_56m_PGM_2Perc_coupling_errors_on_FLUX/round_3/112_bessy2lo_56m_PGM_2Perc_coupling_errors_on_FLUX.rml
2025-02-08 00:37:30,681 - INFO - Completed: 11, remaining: 49, RAYPy_Simulation_bessy2lo_56m_PGM_2Perc_coupling_errors_on_FLUX/round_3/118_bessy2lo_56m_PGM_2Perc_coupling_errors_on_FLUX.rml
2025-02-08 00:37:31,052 - INFO - Completed: 12, remaining: 48, RAYPy_Simulation_bessy2lo_56m_PGM_2Perc_coupling_errors_on_FLUX/round_3/121_bessy2lo_56m_PGM_2Perc_coupling_errors_on_FLUX.rml
2025-02-08 00:37:44,140 - INFO - Completed: 13, remaining: 47, RAYPy_Simulation_bessy2lo_56m_PGM_2Perc_coupling_errors_on_FLUX/round_4/1_bessy2lo_56m_PGM_2Perc_coupling_errors_on_FLUX.rml
2025-02-08 00:37:44,585 - INFO - Completed: 14, remaining: 46, RAYPy_Simulation_bessy2lo_56m_PGM_2Perc_coupling_errors_on_FLUX/round_4/2_bessy2lo_56m_PGM_2Perc_coupling_errors_on_FLUX.rml
2025-02-08 00:37:44,960 - INFO - Completed: 15, remaining: 45, RAYPy_Simulation_bessy2lo_56m_PGM_2Perc_coupling_errors_on_FLUX/round_4/0_bessy2lo_56m_PGM_2Perc_coupling_errors_on_FLUX.rml
2025-02-08 00:37:44,980 - INFO - Completed: 16, remaining: 44, RAYPy_Simulation_bessy2lo_56m_PGM_2Perc_coupling_errors_on_FLUX/round_4/5_bessy2lo_56m_PGM_2Perc_coupling_errors_on_FLUX.rml
2025-02-08 00:37:45,153 - INFO - Completed: 17, remaining: 43, RAYPy_Simulation_bessy2lo_56m_PGM_2Perc_coupling_errors_on_FLUX/round_4/4_bessy2lo_56m_PGM_2Perc_coupling_errors_on_FLUX.rml
2025-02-08 00:37:45,282 - INFO - Completed: 18, remaining: 42, RAYPy_Simulation_bessy2lo_56m_PGM_2Perc_coupling_errors_on_FLUX/round_4/6_bessy2lo_56m_PGM_2Perc_coupling_errors_on_FLUX.rml
2025-02-08 00:37:45,308 - INFO - Completed: 19, remaining: 41, RAYPy_Simulation_bessy2lo_56m_PGM_2Perc_coupling_errors_on_FLUX/round_4/3_bessy2lo_56m_PGM_2Perc_coupling_errors_on_FLUX.rml
2025-02-08 00:37:45,483 - INFO - Completed: 20, remaining: 40, RAYPy_Simulation_bessy2lo_56m_PGM_2Perc_coupling_errors_on_FLUX/round_4/7_bessy2lo_56m_PGM_2Perc_coupling_errors_on_FLUX.rml
2025-02-08 00:37:46,153 - INFO - Completed: 21, remaining: 39, RAYPy_Simulation_bessy2lo_56m_PGM_2Perc_coupling_errors_on_FLUX/round_4/9_bessy2lo_56m_PGM_2Perc_coupling_errors_on_FLUX.rml
2025-02-08 00:37:46,268 - INFO - Completed: 22, remaining: 38, RAYPy_Simulation_bessy2lo_56m_PGM_2Perc_coupling_errors_on_FLUX/round_4/8_bessy2lo_56m_PGM_2Perc_coupling_errors_on_FLUX.rml
2025-02-08 00:37:46,541 - INFO - Completed: 23, remaining: 37, RAYPy_Simulation_bessy2lo_56m_PGM_2Perc_coupling_errors_on_FLUX/round_4/10_bessy2lo_56m_PGM_2Perc_coupling_errors_on_FLUX.rml
2025-02-08 00:37:46,939 - INFO - Completed: 24, remaining: 36, RAYPy_Simulation_bessy2lo_56m_PGM_2Perc_coupling_errors_on_FLUX/round_4/11_bessy2lo_56m_PGM_2Perc_coupling_errors_on_FLUX.rml
2025-02-08 00:37:59,832 - INFO - Completed: 25, remaining: 35, RAYPy_Simulation_bessy2lo_56m_PGM_2Perc_coupling_errors_on_FLUX/round_4/12_bessy2lo_56m_PGM_2Perc_coupling_errors_on_FLUX.rml
2025-02-08 00:38:00,663 - INFO - Completed: 26, remaining: 34, RAYPy_Simulation_bessy2lo_56m_PGM_2Perc_coupling_errors_on_FLUX/round_4/13_bessy2lo_56m_PGM_2Perc_coupling_errors_on_FLUX.rml
2025-02-08 00:38:01,951 - INFO - Completed: 27, remaining: 33, RAYPy_Simulation_bessy2lo_56m_PGM_2Perc_coupling_errors_on_FLUX/round_4/14_bessy2lo_56m_PGM_2Perc_coupling_errors_on_FLUX.rml
2025-02-08 00:38:02,059 - INFO - Completed: 28, remaining: 32, RAYPy_Simulation_bessy2lo_56m_PGM_2Perc_coupling_errors_on_FLUX/round_4/15_bessy2lo_56m_PGM_2Perc_coupling_errors_on_FLUX.rml
2025-02-08 00:38:02,154 - INFO - Completed: 29, remaining: 31, RAYPy_Simulation_bessy2lo_56m_PGM_2Perc_coupling_errors_on_FLUX/round_4/18_bessy2lo_56m_PGM_2Perc_coupling_errors_on_FLUX.rml
2025-02-08 00:38:02,265 - INFO - Completed: 30, remaining: 30, RAYPy_Simulation_bessy2lo_56m_PGM_2Perc_coupling_errors_on_FLUX/round_4/16_bessy2lo_56m_PGM_2Perc_coupling_errors_on_FLUX.rml
2025-02-08 00:38:02,418 - INFO - Completed: 31, remaining: 29, RAYPy_Simulation_bessy2lo_56m_PGM_2Perc_coupling_errors_on_FLUX/round_4/17_bessy2lo_56m_PGM_2Perc_coupling_errors_on_FLUX.rml
2025-02-08 00:38:02,465 - INFO - Completed: 32, remaining: 28, RAYPy_Simulation_bessy2lo_56m_PGM_2Perc_coupling_errors_on_FLUX/round_4/19_bessy2lo_56m_PGM_2Perc_coupling_errors_on_FLUX.rml
2025-02-08 00:38:03,007 - INFO - Completed: 33, remaining: 27, RAYPy_Simulation_bessy2lo_56m_PGM_2Perc_coupling_errors_on_FLUX/round_4/20_bessy2lo_56m_PGM_2Perc_coupling_errors_on_FLUX.rml
2025-02-08 00:38:03,016 - INFO - Completed: 34, remaining: 26, RAYPy_Simulation_bessy2lo_56m_PGM_2Perc_coupling_errors_on_FLUX/round_4/21_bessy2lo_56m_PGM_2Perc_coupling_errors_on_FLUX.rml
2025-02-08 00:38:03,113 - INFO - Completed: 35, remaining: 25, RAYPy_Simulation_bessy2lo_56m_PGM_2Perc_coupling_errors_on_FLUX/round_4/22_bessy2lo_56m_PGM_2Perc_coupling_errors_on_FLUX.rml
2025-02-08 00:38:03,292 - INFO - Completed: 36, remaining: 24, RAYPy_Simulation_bessy2lo_56m_PGM_2Perc_coupling_errors_on_FLUX/round_4/23_bessy2lo_56m_PGM_2Perc_coupling_errors_on_FLUX.rml
2025-02-08 00:38:11,707 - INFO - Completed: 37, remaining: 23, RAYPy_Simulation_bessy2lo_56m_PGM_2Perc_coupling_errors_on_FLUX/round_4/24_bessy2lo_56m_PGM_2Perc_coupling_errors_on_FLUX.rml
2025-02-08 00:38:15,125 - INFO - Completed: 38, remaining: 22, RAYPy_Simulation_bessy2lo_56m_PGM_2Perc_coupling_errors_on_FLUX/round_4/25_bessy2lo_56m_PGM_2Perc_coupling_errors_on_FLUX.rml
2025-02-08 00:38:19,045 - INFO - Completed: 39, remaining: 21, RAYPy_Simulation_bessy2lo_56m_PGM_2Perc_coupling_errors_on_FLUX/round_4/28_bessy2lo_56m_PGM_2Perc_coupling_errors_on_FLUX.rml
2025-02-08 00:38:19,083 - INFO - Completed: 40, remaining: 20, RAYPy_Simulation_bessy2lo_56m_PGM_2Perc_coupling_errors_on_FLUX/round_4/31_bessy2lo_56m_PGM_2Perc_coupling_errors_on_FLUX.rml
2025-02-08 00:38:19,194 - INFO - Completed: 41, remaining: 19, RAYPy_Simulation_bessy2lo_56m_PGM_2Perc_coupling_errors_on_FLUX/round_4/26_bessy2lo_56m_PGM_2Perc_coupling_errors_on_FLUX.rml
2025-02-08 00:38:19,549 - INFO - Completed: 42, remaining: 18, RAYPy_Simulation_bessy2lo_56m_PGM_2Perc_coupling_errors_on_FLUX/round_4/27_bessy2lo_56m_PGM_2Perc_coupling_errors_on_FLUX.rml
2025-02-08 00:38:19,666 - INFO - Completed: 43, remaining: 17, RAYPy_Simulation_bessy2lo_56m_PGM_2Perc_coupling_errors_on_FLUX/round_4/29_bessy2lo_56m_PGM_2Perc_coupling_errors_on_FLUX.rml
2025-02-08 00:38:19,938 - INFO - Completed: 44, remaining: 16, RAYPy_Simulation_bessy2lo_56m_PGM_2Perc_coupling_errors_on_FLUX/round_4/33_bessy2lo_56m_PGM_2Perc_coupling_errors_on_FLUX.rml
2025-02-08 00:38:19,963 - INFO - Completed: 45, remaining: 15, RAYPy_Simulation_bessy2lo_56m_PGM_2Perc_coupling_errors_on_FLUX/round_4/34_bessy2lo_56m_PGM_2Perc_coupling_errors_on_FLUX.rml
2025-02-08 00:38:20,298 - INFO - Completed: 46, remaining: 14, RAYPy_Simulation_bessy2lo_56m_PGM_2Perc_coupling_errors_on_FLUX/round_4/35_bessy2lo_56m_PGM_2Perc_coupling_errors_on_FLUX.rml
2025-02-08 00:38:20,457 - INFO - Completed: 47, remaining: 13, RAYPy_Simulation_bessy2lo_56m_PGM_2Perc_coupling_errors_on_FLUX/round_4/32_bessy2lo_56m_PGM_2Perc_coupling_errors_on_FLUX.rml
2025-02-08 00:38:21,182 - INFO - Completed: 48, remaining: 12, RAYPy_Simulation_bessy2lo_56m_PGM_2Perc_coupling_errors_on_FLUX/round_4/30_bessy2lo_56m_PGM_2Perc_coupling_errors_on_FLUX.rml
2025-02-08 00:38:24,936 - INFO - Completed: 49, remaining: 11, RAYPy_Simulation_bessy2lo_56m_PGM_2Perc_coupling_errors_on_FLUX/round_4/36_bessy2lo_56m_PGM_2Perc_coupling_errors_on_FLUX.rml
2025-02-08 00:38:27,785 - INFO - Completed: 50, remaining: 10, RAYPy_Simulation_bessy2lo_56m_PGM_2Perc_coupling_errors_on_FLUX/round_4/37_bessy2lo_56m_PGM_2Perc_coupling_errors_on_FLUX.rml
2025-02-08 00:38:33,360 - INFO - Completed: 51, remaining: 9, RAYPy_Simulation_bessy2lo_56m_PGM_2Perc_coupling_errors_on_FLUX/round_4/40_bessy2lo_56m_PGM_2Perc_coupling_errors_on_FLUX.rml
2025-02-08 00:38:33,710 - INFO - Completed: 52, remaining: 8, RAYPy_Simulation_bessy2lo_56m_PGM_2Perc_coupling_errors_on_FLUX/round_4/39_bessy2lo_56m_PGM_2Perc_coupling_errors_on_FLUX.rml
2025-02-08 00:38:33,786 - INFO - Completed: 53, remaining: 7, RAYPy_Simulation_bessy2lo_56m_PGM_2Perc_coupling_errors_on_FLUX/round_4/38_bessy2lo_56m_PGM_2Perc_coupling_errors_on_FLUX.rml
2025-02-08 00:38:34,332 - INFO - Completed: 54, remaining: 6, RAYPy_Simulation_bessy2lo_56m_PGM_2Perc_coupling_errors_on_FLUX/round_4/44_bessy2lo_56m_PGM_2Perc_coupling_errors_on_FLUX.rml
2025-02-08 00:38:34,644 - INFO - Completed: 55, remaining: 5, RAYPy_Simulation_bessy2lo_56m_PGM_2Perc_coupling_errors_on_FLUX/round_4/41_bessy2lo_56m_PGM_2Perc_coupling_errors_on_FLUX.rml
2025-02-08 00:38:34,760 - INFO - Completed: 56, remaining: 4, RAYPy_Simulation_bessy2lo_56m_PGM_2Perc_coupling_errors_on_FLUX/round_4/43_bessy2lo_56m_PGM_2Perc_coupling_errors_on_FLUX.rml
2025-02-08 00:38:34,762 - INFO - Completed: 57, remaining: 3, RAYPy_Simulation_bessy2lo_56m_PGM_2Perc_coupling_errors_on_FLUX/round_4/46_bessy2lo_56m_PGM_2Perc_coupling_errors_on_FLUX.rml
2025-02-08 00:38:34,911 - INFO - Completed: 58, remaining: 2, RAYPy_Simulation_bessy2lo_56m_PGM_2Perc_coupling_errors_on_FLUX/round_4/42_bessy2lo_56m_PGM_2Perc_coupling_errors_on_FLUX.rml
2025-02-08 00:38:34,984 - INFO - Completed: 59, remaining: 1, RAYPy_Simulation_bessy2lo_56m_PGM_2Perc_coupling_errors_on_FLUX/round_4/45_bessy2lo_56m_PGM_2Perc_coupling_errors_on_FLUX.rml
2025-02-08 00:38:35,143 - INFO - Completed: 60, remaining: 0, RAYPy_Simulation_bessy2lo_56m_PGM_2Perc_coupling_errors_on_FLUX/round_4/47_bessy2lo_56m_PGM_2Perc_coupling_errors_on_FLUX.rml
2025-02-08 00:38:35,143 - INFO - Batch Completed
2025-02-08 00:38:35,144 - INFO - Waiting For batch, 60 simulations to go
2025-02-08 00:38:35,149 - INFO - Prepared sim number: 48: RAYPy_Simulation_bessy2lo_56m_PGM_2Perc_coupling_errors_on_FLUX/round_4/48_bessy2lo_56m_PGM_2Perc_coupling_errors_on_FLUX.rml
2025-02-08 00:38:35,159 - INFO - Prepared sim number: 49: RAYPy_Simulation_bessy2lo_56m_PGM_2Perc_coupling_errors_on_FLUX/round_4/49_bessy2lo_56m_PGM_2Perc_coupling_errors_on_FLUX.rml
2025-02-08 00:38:35,165 - INFO - Prepared sim number: 50: RAYPy_Simulation_bessy2lo_56m_PGM_2Perc_coupling_errors_on_FLUX/round_4/50_bessy2lo_56m_PGM_2Perc_coupling_errors_on_FLUX.rml
2025-02-08 00:38:35,171 - INFO - Prepared sim number: 51: RAYPy_Simulation_bessy2lo_56m_PGM_2Perc_coupling_errors_on_FLUX/round_4/51_bessy2lo_56m_PGM_2Perc_coupling_errors_on_FLUX.rml
2025-02-08 00:38:35,175 - INFO - Prepared sim number: 52: RAYPy_Simulation_bessy2lo_56m_PGM_2Perc_coupling_errors_on_FLUX/round_4/52_bessy2lo_56m_PGM_2Perc_coupling_errors_on_FLUX.rml
2025-02-08 00:38:35,180 - INFO - Prepared sim number: 53: RAYPy_Simulation_bessy2lo_56m_PGM_2Perc_coupling_errors_on_FLUX/round_4/53_bessy2lo_56m_PGM_2Perc_coupling_errors_on_FLUX.rml
2025-02-08 00:38:35,185 - INFO - Prepared sim number: 54: RAYPy_Simulation_bessy2lo_56m_PGM_2Perc_coupling_errors_on_FLUX/round_4/54_bessy2lo_56m_PGM_2Perc_coupling_errors_on_FLUX.rml
2025-02-08 00:38:35,189 - INFO - Prepared sim number: 55: RAYPy_Simulation_bessy2lo_56m_PGM_2Perc_coupling_errors_on_FLUX/round_4/55_bessy2lo_56m_PGM_2Perc_coupling_errors_on_FLUX.rml
2025-02-08 00:38:35,198 - INFO - Prepared sim number: 56: RAYPy_Simulation_bessy2lo_56m_PGM_2Perc_coupling_errors_on_FLUX/round_4/56_bessy2lo_56m_PGM_2Perc_coupling_errors_on_FLUX.rml
2025-02-08 00:38:35,203 - INFO - Prepared sim number: 57: RAYPy_Simulation_bessy2lo_56m_PGM_2Perc_coupling_errors_on_FLUX/round_4/57_bessy2lo_56m_PGM_2Perc_coupling_errors_on_FLUX.rml
2025-02-08 00:38:35,209 - INFO - Prepared sim number: 58: RAYPy_Simulation_bessy2lo_56m_PGM_2Perc_coupling_errors_on_FLUX/round_4/58_bessy2lo_56m_PGM_2Perc_coupling_errors_on_FLUX.rml
2025-02-08 00:38:35,214 - INFO - Prepared sim number: 59: RAYPy_Simulation_bessy2lo_56m_PGM_2Perc_coupling_errors_on_FLUX/round_4/59_bessy2lo_56m_PGM_2Perc_coupling_errors_on_FLUX.rml
2025-02-08 00:38:35,219 - INFO - Prepared sim number: 60: RAYPy_Simulation_bessy2lo_56m_PGM_2Perc_coupling_errors_on_FLUX/round_4/60_bessy2lo_56m_PGM_2Perc_coupling_errors_on_FLUX.rml
2025-02-08 00:38:35,223 - INFO - Prepared sim number: 61: RAYPy_Simulation_bessy2lo_56m_PGM_2Perc_coupling_errors_on_FLUX/round_4/61_bessy2lo_56m_PGM_2Perc_coupling_errors_on_FLUX.rml
2025-02-08 00:38:35,228 - INFO - Prepared sim number: 62: RAYPy_Simulation_bessy2lo_56m_PGM_2Perc_coupling_errors_on_FLUX/round_4/62_bessy2lo_56m_PGM_2Perc_coupling_errors_on_FLUX.rml
2025-02-08 00:38:35,231 - INFO - Prepared sim number: 63: RAYPy_Simulation_bessy2lo_56m_PGM_2Perc_coupling_errors_on_FLUX/round_4/63_bessy2lo_56m_PGM_2Perc_coupling_errors_on_FLUX.rml
2025-02-08 00:38:35,236 - INFO - Prepared sim number: 64: RAYPy_Simulation_bessy2lo_56m_PGM_2Perc_coupling_errors_on_FLUX/round_4/64_bessy2lo_56m_PGM_2Perc_coupling_errors_on_FLUX.rml
2025-02-08 00:38:35,240 - INFO - Prepared sim number: 65: RAYPy_Simulation_bessy2lo_56m_PGM_2Perc_coupling_errors_on_FLUX/round_4/65_bessy2lo_56m_PGM_2Perc_coupling_errors_on_FLUX.rml
2025-02-08 00:38:35,244 - INFO - Prepared sim number: 66: RAYPy_Simulation_bessy2lo_56m_PGM_2Perc_coupling_errors_on_FLUX/round_4/66_bessy2lo_56m_PGM_2Perc_coupling_errors_on_FLUX.rml
2025-02-08 00:38:35,249 - INFO - Prepared sim number: 67: RAYPy_Simulation_bessy2lo_56m_PGM_2Perc_coupling_errors_on_FLUX/round_4/67_bessy2lo_56m_PGM_2Perc_coupling_errors_on_FLUX.rml
2025-02-08 00:38:35,253 - INFO - Prepared sim number: 68: RAYPy_Simulation_bessy2lo_56m_PGM_2Perc_coupling_errors_on_FLUX/round_4/68_bessy2lo_56m_PGM_2Perc_coupling_errors_on_FLUX.rml
2025-02-08 00:38:35,257 - INFO - Prepared sim number: 69: RAYPy_Simulation_bessy2lo_56m_PGM_2Perc_coupling_errors_on_FLUX/round_4/69_bessy2lo_56m_PGM_2Perc_coupling_errors_on_FLUX.rml
2025-02-08 00:38:35,261 - INFO - Prepared sim number: 70: RAYPy_Simulation_bessy2lo_56m_PGM_2Perc_coupling_errors_on_FLUX/round_4/70_bessy2lo_56m_PGM_2Perc_coupling_errors_on_FLUX.rml
2025-02-08 00:38:35,265 - INFO - Prepared sim number: 71: RAYPy_Simulation_bessy2lo_56m_PGM_2Perc_coupling_errors_on_FLUX/round_4/71_bessy2lo_56m_PGM_2Perc_coupling_errors_on_FLUX.rml
2025-02-08 00:38:35,269 - INFO - Prepared sim number: 72: RAYPy_Simulation_bessy2lo_56m_PGM_2Perc_coupling_errors_on_FLUX/round_4/72_bessy2lo_56m_PGM_2Perc_coupling_errors_on_FLUX.rml
2025-02-08 00:38:35,273 - INFO - Prepared sim number: 73: RAYPy_Simulation_bessy2lo_56m_PGM_2Perc_coupling_errors_on_FLUX/round_4/73_bessy2lo_56m_PGM_2Perc_coupling_errors_on_FLUX.rml
2025-02-08 00:38:35,276 - INFO - Prepared sim number: 74: RAYPy_Simulation_bessy2lo_56m_PGM_2Perc_coupling_errors_on_FLUX/round_4/74_bessy2lo_56m_PGM_2Perc_coupling_errors_on_FLUX.rml
2025-02-08 00:38:35,280 - INFO - Prepared sim number: 75: RAYPy_Simulation_bessy2lo_56m_PGM_2Perc_coupling_errors_on_FLUX/round_4/75_bessy2lo_56m_PGM_2Perc_coupling_errors_on_FLUX.rml
2025-02-08 00:38:35,286 - INFO - Prepared sim number: 76: RAYPy_Simulation_bessy2lo_56m_PGM_2Perc_coupling_errors_on_FLUX/round_4/76_bessy2lo_56m_PGM_2Perc_coupling_errors_on_FLUX.rml
2025-02-08 00:38:35,290 - INFO - Prepared sim number: 77: RAYPy_Simulation_bessy2lo_56m_PGM_2Perc_coupling_errors_on_FLUX/round_4/77_bessy2lo_56m_PGM_2Perc_coupling_errors_on_FLUX.rml
2025-02-08 00:38:35,293 - INFO - Prepared sim number: 78: RAYPy_Simulation_bessy2lo_56m_PGM_2Perc_coupling_errors_on_FLUX/round_4/78_bessy2lo_56m_PGM_2Perc_coupling_errors_on_FLUX.rml
2025-02-08 00:38:35,297 - INFO - Prepared sim number: 79: RAYPy_Simulation_bessy2lo_56m_PGM_2Perc_coupling_errors_on_FLUX/round_4/79_bessy2lo_56m_PGM_2Perc_coupling_errors_on_FLUX.rml
2025-02-08 00:38:35,301 - INFO - Prepared sim number: 80: RAYPy_Simulation_bessy2lo_56m_PGM_2Perc_coupling_errors_on_FLUX/round_4/80_bessy2lo_56m_PGM_2Perc_coupling_errors_on_FLUX.rml
2025-02-08 00:38:35,305 - INFO - Prepared sim number: 81: RAYPy_Simulation_bessy2lo_56m_PGM_2Perc_coupling_errors_on_FLUX/round_4/81_bessy2lo_56m_PGM_2Perc_coupling_errors_on_FLUX.rml
2025-02-08 00:38:35,309 - INFO - Prepared sim number: 82: RAYPy_Simulation_bessy2lo_56m_PGM_2Perc_coupling_errors_on_FLUX/round_4/82_bessy2lo_56m_PGM_2Perc_coupling_errors_on_FLUX.rml
2025-02-08 00:38:35,313 - INFO - Prepared sim number: 83: RAYPy_Simulation_bessy2lo_56m_PGM_2Perc_coupling_errors_on_FLUX/round_4/83_bessy2lo_56m_PGM_2Perc_coupling_errors_on_FLUX.rml
2025-02-08 00:38:35,317 - INFO - Prepared sim number: 84: RAYPy_Simulation_bessy2lo_56m_PGM_2Perc_coupling_errors_on_FLUX/round_4/84_bessy2lo_56m_PGM_2Perc_coupling_errors_on_FLUX.rml
2025-02-08 00:38:35,320 - INFO - Prepared sim number: 85: RAYPy_Simulation_bessy2lo_56m_PGM_2Perc_coupling_errors_on_FLUX/round_4/85_bessy2lo_56m_PGM_2Perc_coupling_errors_on_FLUX.rml
2025-02-08 00:38:35,324 - INFO - Prepared sim number: 86: RAYPy_Simulation_bessy2lo_56m_PGM_2Perc_coupling_errors_on_FLUX/round_4/86_bessy2lo_56m_PGM_2Perc_coupling_errors_on_FLUX.rml
2025-02-08 00:38:35,328 - INFO - Prepared sim number: 87: RAYPy_Simulation_bessy2lo_56m_PGM_2Perc_coupling_errors_on_FLUX/round_4/87_bessy2lo_56m_PGM_2Perc_coupling_errors_on_FLUX.rml
2025-02-08 00:38:35,332 - INFO - Prepared sim number: 88: RAYPy_Simulation_bessy2lo_56m_PGM_2Perc_coupling_errors_on_FLUX/round_4/88_bessy2lo_56m_PGM_2Perc_coupling_errors_on_FLUX.rml
2025-02-08 00:38:35,336 - INFO - Prepared sim number: 89: RAYPy_Simulation_bessy2lo_56m_PGM_2Perc_coupling_errors_on_FLUX/round_4/89_bessy2lo_56m_PGM_2Perc_coupling_errors_on_FLUX.rml
2025-02-08 00:38:35,340 - INFO - Prepared sim number: 90: RAYPy_Simulation_bessy2lo_56m_PGM_2Perc_coupling_errors_on_FLUX/round_4/90_bessy2lo_56m_PGM_2Perc_coupling_errors_on_FLUX.rml
2025-02-08 00:38:35,344 - INFO - Prepared sim number: 91: RAYPy_Simulation_bessy2lo_56m_PGM_2Perc_coupling_errors_on_FLUX/round_4/91_bessy2lo_56m_PGM_2Perc_coupling_errors_on_FLUX.rml
2025-02-08 00:38:35,347 - INFO - Prepared sim number: 92: RAYPy_Simulation_bessy2lo_56m_PGM_2Perc_coupling_errors_on_FLUX/round_4/92_bessy2lo_56m_PGM_2Perc_coupling_errors_on_FLUX.rml
2025-02-08 00:38:35,352 - INFO - Prepared sim number: 93: RAYPy_Simulation_bessy2lo_56m_PGM_2Perc_coupling_errors_on_FLUX/round_4/93_bessy2lo_56m_PGM_2Perc_coupling_errors_on_FLUX.rml
2025-02-08 00:38:35,355 - INFO - Prepared sim number: 94: RAYPy_Simulation_bessy2lo_56m_PGM_2Perc_coupling_errors_on_FLUX/round_4/94_bessy2lo_56m_PGM_2Perc_coupling_errors_on_FLUX.rml
2025-02-08 00:38:35,359 - INFO - Prepared sim number: 95: RAYPy_Simulation_bessy2lo_56m_PGM_2Perc_coupling_errors_on_FLUX/round_4/95_bessy2lo_56m_PGM_2Perc_coupling_errors_on_FLUX.rml
2025-02-08 00:38:35,363 - INFO - Prepared sim number: 96: RAYPy_Simulation_bessy2lo_56m_PGM_2Perc_coupling_errors_on_FLUX/round_4/96_bessy2lo_56m_PGM_2Perc_coupling_errors_on_FLUX.rml
2025-02-08 00:38:35,366 - INFO - Prepared sim number: 97: RAYPy_Simulation_bessy2lo_56m_PGM_2Perc_coupling_errors_on_FLUX/round_4/97_bessy2lo_56m_PGM_2Perc_coupling_errors_on_FLUX.rml
2025-02-08 00:38:35,370 - INFO - Prepared sim number: 98: RAYPy_Simulation_bessy2lo_56m_PGM_2Perc_coupling_errors_on_FLUX/round_4/98_bessy2lo_56m_PGM_2Perc_coupling_errors_on_FLUX.rml
2025-02-08 00:38:35,374 - INFO - Prepared sim number: 99: RAYPy_Simulation_bessy2lo_56m_PGM_2Perc_coupling_errors_on_FLUX/round_4/99_bessy2lo_56m_PGM_2Perc_coupling_errors_on_FLUX.rml
2025-02-08 00:38:35,377 - INFO - Prepared sim number: 100: RAYPy_Simulation_bessy2lo_56m_PGM_2Perc_coupling_errors_on_FLUX/round_4/100_bessy2lo_56m_PGM_2Perc_coupling_errors_on_FLUX.rml
2025-02-08 00:38:35,381 - INFO - Prepared sim number: 101: RAYPy_Simulation_bessy2lo_56m_PGM_2Perc_coupling_errors_on_FLUX/round_4/101_bessy2lo_56m_PGM_2Perc_coupling_errors_on_FLUX.rml
2025-02-08 00:38:35,384 - INFO - Prepared sim number: 102: RAYPy_Simulation_bessy2lo_56m_PGM_2Perc_coupling_errors_on_FLUX/round_4/102_bessy2lo_56m_PGM_2Perc_coupling_errors_on_FLUX.rml
2025-02-08 00:38:35,388 - INFO - Prepared sim number: 103: RAYPy_Simulation_bessy2lo_56m_PGM_2Perc_coupling_errors_on_FLUX/round_4/103_bessy2lo_56m_PGM_2Perc_coupling_errors_on_FLUX.rml
2025-02-08 00:38:35,391 - INFO - Prepared sim number: 104: RAYPy_Simulation_bessy2lo_56m_PGM_2Perc_coupling_errors_on_FLUX/round_4/104_bessy2lo_56m_PGM_2Perc_coupling_errors_on_FLUX.rml
2025-02-08 00:38:35,395 - INFO - Prepared sim number: 105: RAYPy_Simulation_bessy2lo_56m_PGM_2Perc_coupling_errors_on_FLUX/round_4/105_bessy2lo_56m_PGM_2Perc_coupling_errors_on_FLUX.rml
2025-02-08 00:38:35,399 - INFO - Prepared sim number: 106: RAYPy_Simulation_bessy2lo_56m_PGM_2Perc_coupling_errors_on_FLUX/round_4/106_bessy2lo_56m_PGM_2Perc_coupling_errors_on_FLUX.rml
2025-02-08 00:38:35,402 - INFO - Prepared sim number: 107: RAYPy_Simulation_bessy2lo_56m_PGM_2Perc_coupling_errors_on_FLUX/round_4/107_bessy2lo_56m_PGM_2Perc_coupling_errors_on_FLUX.rml
2025-02-08 00:38:35,403 - INFO - Waiting for batch number: 9, timeout: 96.57428077209828s
2025-02-08 00:38:50,500 - INFO - Completed: 1, remaining: 59, RAYPy_Simulation_bessy2lo_56m_PGM_2Perc_coupling_errors_on_FLUX/round_4/48_bessy2lo_56m_PGM_2Perc_coupling_errors_on_FLUX.rml
2025-02-08 00:38:50,782 - INFO - Completed: 2, remaining: 58, RAYPy_Simulation_bessy2lo_56m_PGM_2Perc_coupling_errors_on_FLUX/round_4/51_bessy2lo_56m_PGM_2Perc_coupling_errors_on_FLUX.rml
2025-02-08 00:38:50,937 - INFO - Completed: 3, remaining: 57, RAYPy_Simulation_bessy2lo_56m_PGM_2Perc_coupling_errors_on_FLUX/round_4/50_bessy2lo_56m_PGM_2Perc_coupling_errors_on_FLUX.rml
2025-02-08 00:38:51,174 - INFO - Completed: 4, remaining: 56, RAYPy_Simulation_bessy2lo_56m_PGM_2Perc_coupling_errors_on_FLUX/round_4/59_bessy2lo_56m_PGM_2Perc_coupling_errors_on_FLUX.rml
2025-02-08 00:38:51,321 - INFO - Completed: 5, remaining: 55, RAYPy_Simulation_bessy2lo_56m_PGM_2Perc_coupling_errors_on_FLUX/round_4/57_bessy2lo_56m_PGM_2Perc_coupling_errors_on_FLUX.rml
2025-02-08 00:38:51,360 - INFO - Completed: 6, remaining: 54, RAYPy_Simulation_bessy2lo_56m_PGM_2Perc_coupling_errors_on_FLUX/round_4/55_bessy2lo_56m_PGM_2Perc_coupling_errors_on_FLUX.rml
2025-02-08 00:38:52,397 - INFO - Completed: 7, remaining: 53, RAYPy_Simulation_bessy2lo_56m_PGM_2Perc_coupling_errors_on_FLUX/round_4/49_bessy2lo_56m_PGM_2Perc_coupling_errors_on_FLUX.rml
2025-02-08 00:38:53,155 - INFO - Completed: 8, remaining: 52, RAYPy_Simulation_bessy2lo_56m_PGM_2Perc_coupling_errors_on_FLUX/round_4/53_bessy2lo_56m_PGM_2Perc_coupling_errors_on_FLUX.rml
2025-02-08 00:38:53,455 - INFO - Completed: 9, remaining: 51, RAYPy_Simulation_bessy2lo_56m_PGM_2Perc_coupling_errors_on_FLUX/round_4/52_bessy2lo_56m_PGM_2Perc_coupling_errors_on_FLUX.rml
2025-02-08 00:38:53,583 - INFO - Completed: 10, remaining: 50, RAYPy_Simulation_bessy2lo_56m_PGM_2Perc_coupling_errors_on_FLUX/round_4/58_bessy2lo_56m_PGM_2Perc_coupling_errors_on_FLUX.rml
2025-02-08 00:38:53,611 - INFO - Completed: 11, remaining: 49, RAYPy_Simulation_bessy2lo_56m_PGM_2Perc_coupling_errors_on_FLUX/round_4/54_bessy2lo_56m_PGM_2Perc_coupling_errors_on_FLUX.rml
2025-02-08 00:38:54,213 - INFO - Completed: 12, remaining: 48, RAYPy_Simulation_bessy2lo_56m_PGM_2Perc_coupling_errors_on_FLUX/round_4/56_bessy2lo_56m_PGM_2Perc_coupling_errors_on_FLUX.rml
2025-02-08 00:39:05,383 - INFO - Completed: 13, remaining: 47, RAYPy_Simulation_bessy2lo_56m_PGM_2Perc_coupling_errors_on_FLUX/round_4/60_bessy2lo_56m_PGM_2Perc_coupling_errors_on_FLUX.rml
2025-02-08 00:39:06,207 - INFO - Completed: 14, remaining: 46, RAYPy_Simulation_bessy2lo_56m_PGM_2Perc_coupling_errors_on_FLUX/round_4/61_bessy2lo_56m_PGM_2Perc_coupling_errors_on_FLUX.rml
2025-02-08 00:39:06,849 - INFO - Completed: 15, remaining: 45, RAYPy_Simulation_bessy2lo_56m_PGM_2Perc_coupling_errors_on_FLUX/round_4/62_bessy2lo_56m_PGM_2Perc_coupling_errors_on_FLUX.rml
2025-02-08 00:39:07,341 - INFO - Completed: 16, remaining: 44, RAYPy_Simulation_bessy2lo_56m_PGM_2Perc_coupling_errors_on_FLUX/round_4/63_bessy2lo_56m_PGM_2Perc_coupling_errors_on_FLUX.rml
2025-02-08 00:39:07,638 - INFO - Completed: 17, remaining: 43, RAYPy_Simulation_bessy2lo_56m_PGM_2Perc_coupling_errors_on_FLUX/round_4/64_bessy2lo_56m_PGM_2Perc_coupling_errors_on_FLUX.rml
2025-02-08 00:39:08,875 - INFO - Completed: 18, remaining: 42, RAYPy_Simulation_bessy2lo_56m_PGM_2Perc_coupling_errors_on_FLUX/round_4/66_bessy2lo_56m_PGM_2Perc_coupling_errors_on_FLUX.rml
2025-02-08 00:39:09,719 - INFO - Completed: 19, remaining: 41, RAYPy_Simulation_bessy2lo_56m_PGM_2Perc_coupling_errors_on_FLUX/round_4/68_bessy2lo_56m_PGM_2Perc_coupling_errors_on_FLUX.rml
2025-02-08 00:39:09,946 - INFO - Completed: 20, remaining: 40, RAYPy_Simulation_bessy2lo_56m_PGM_2Perc_coupling_errors_on_FLUX/round_4/67_bessy2lo_56m_PGM_2Perc_coupling_errors_on_FLUX.rml
2025-02-08 00:39:10,051 - INFO - Completed: 21, remaining: 39, RAYPy_Simulation_bessy2lo_56m_PGM_2Perc_coupling_errors_on_FLUX/round_4/65_bessy2lo_56m_PGM_2Perc_coupling_errors_on_FLUX.rml
2025-02-08 00:39:10,099 - INFO - Completed: 22, remaining: 38, RAYPy_Simulation_bessy2lo_56m_PGM_2Perc_coupling_errors_on_FLUX/round_4/69_bessy2lo_56m_PGM_2Perc_coupling_errors_on_FLUX.rml
2025-02-08 00:39:10,198 - INFO - Completed: 23, remaining: 37, RAYPy_Simulation_bessy2lo_56m_PGM_2Perc_coupling_errors_on_FLUX/round_4/70_bessy2lo_56m_PGM_2Perc_coupling_errors_on_FLUX.rml
2025-02-08 00:39:10,976 - INFO - Completed: 24, remaining: 36, RAYPy_Simulation_bessy2lo_56m_PGM_2Perc_coupling_errors_on_FLUX/round_4/71_bessy2lo_56m_PGM_2Perc_coupling_errors_on_FLUX.rml
2025-02-08 00:39:18,727 - INFO - Completed: 25, remaining: 35, RAYPy_Simulation_bessy2lo_56m_PGM_2Perc_coupling_errors_on_FLUX/round_4/72_bessy2lo_56m_PGM_2Perc_coupling_errors_on_FLUX.rml
2025-02-08 00:39:20,581 - INFO - Completed: 26, remaining: 34, RAYPy_Simulation_bessy2lo_56m_PGM_2Perc_coupling_errors_on_FLUX/round_4/73_bessy2lo_56m_PGM_2Perc_coupling_errors_on_FLUX.rml
2025-02-08 00:39:23,263 - INFO - Completed: 27, remaining: 33, RAYPy_Simulation_bessy2lo_56m_PGM_2Perc_coupling_errors_on_FLUX/round_4/75_bessy2lo_56m_PGM_2Perc_coupling_errors_on_FLUX.rml
2025-02-08 00:39:24,060 - INFO - Completed: 28, remaining: 32, RAYPy_Simulation_bessy2lo_56m_PGM_2Perc_coupling_errors_on_FLUX/round_4/76_bessy2lo_56m_PGM_2Perc_coupling_errors_on_FLUX.rml
2025-02-08 00:39:25,409 - INFO - Completed: 29, remaining: 31, RAYPy_Simulation_bessy2lo_56m_PGM_2Perc_coupling_errors_on_FLUX/round_4/74_bessy2lo_56m_PGM_2Perc_coupling_errors_on_FLUX.rml
2025-02-08 00:39:25,679 - INFO - Completed: 30, remaining: 30, RAYPy_Simulation_bessy2lo_56m_PGM_2Perc_coupling_errors_on_FLUX/round_4/77_bessy2lo_56m_PGM_2Perc_coupling_errors_on_FLUX.rml
2025-02-08 00:39:26,570 - INFO - Completed: 31, remaining: 29, RAYPy_Simulation_bessy2lo_56m_PGM_2Perc_coupling_errors_on_FLUX/round_4/78_bessy2lo_56m_PGM_2Perc_coupling_errors_on_FLUX.rml
2025-02-08 00:39:26,632 - INFO - Completed: 32, remaining: 28, RAYPy_Simulation_bessy2lo_56m_PGM_2Perc_coupling_errors_on_FLUX/round_4/81_bessy2lo_56m_PGM_2Perc_coupling_errors_on_FLUX.rml
2025-02-08 00:39:26,705 - INFO - Completed: 33, remaining: 27, RAYPy_Simulation_bessy2lo_56m_PGM_2Perc_coupling_errors_on_FLUX/round_4/80_bessy2lo_56m_PGM_2Perc_coupling_errors_on_FLUX.rml
2025-02-08 00:39:26,820 - INFO - Completed: 34, remaining: 26, RAYPy_Simulation_bessy2lo_56m_PGM_2Perc_coupling_errors_on_FLUX/round_4/79_bessy2lo_56m_PGM_2Perc_coupling_errors_on_FLUX.rml
2025-02-08 00:39:27,230 - INFO - Completed: 35, remaining: 25, RAYPy_Simulation_bessy2lo_56m_PGM_2Perc_coupling_errors_on_FLUX/round_4/82_bessy2lo_56m_PGM_2Perc_coupling_errors_on_FLUX.rml
2025-02-08 00:39:27,646 - INFO - Completed: 36, remaining: 24, RAYPy_Simulation_bessy2lo_56m_PGM_2Perc_coupling_errors_on_FLUX/round_4/83_bessy2lo_56m_PGM_2Perc_coupling_errors_on_FLUX.rml
2025-02-08 00:39:32,926 - INFO - Completed: 37, remaining: 23, RAYPy_Simulation_bessy2lo_56m_PGM_2Perc_coupling_errors_on_FLUX/round_4/84_bessy2lo_56m_PGM_2Perc_coupling_errors_on_FLUX.rml
2025-02-08 00:39:34,653 - INFO - Completed: 38, remaining: 22, RAYPy_Simulation_bessy2lo_56m_PGM_2Perc_coupling_errors_on_FLUX/round_4/85_bessy2lo_56m_PGM_2Perc_coupling_errors_on_FLUX.rml
2025-02-08 00:39:38,166 - INFO - Completed: 39, remaining: 21, RAYPy_Simulation_bessy2lo_56m_PGM_2Perc_coupling_errors_on_FLUX/round_4/86_bessy2lo_56m_PGM_2Perc_coupling_errors_on_FLUX.rml
2025-02-08 00:39:38,954 - INFO - Completed: 40, remaining: 20, RAYPy_Simulation_bessy2lo_56m_PGM_2Perc_coupling_errors_on_FLUX/round_4/87_bessy2lo_56m_PGM_2Perc_coupling_errors_on_FLUX.rml
2025-02-08 00:39:41,969 - INFO - Completed: 41, remaining: 19, RAYPy_Simulation_bessy2lo_56m_PGM_2Perc_coupling_errors_on_FLUX/round_4/88_bessy2lo_56m_PGM_2Perc_coupling_errors_on_FLUX.rml
2025-02-08 00:39:43,140 - INFO - Completed: 42, remaining: 18, RAYPy_Simulation_bessy2lo_56m_PGM_2Perc_coupling_errors_on_FLUX/round_4/92_bessy2lo_56m_PGM_2Perc_coupling_errors_on_FLUX.rml
2025-02-08 00:39:43,431 - INFO - Completed: 43, remaining: 17, RAYPy_Simulation_bessy2lo_56m_PGM_2Perc_coupling_errors_on_FLUX/round_4/90_bessy2lo_56m_PGM_2Perc_coupling_errors_on_FLUX.rml
2025-02-08 00:39:43,547 - INFO - Completed: 44, remaining: 16, RAYPy_Simulation_bessy2lo_56m_PGM_2Perc_coupling_errors_on_FLUX/round_4/91_bessy2lo_56m_PGM_2Perc_coupling_errors_on_FLUX.rml
2025-02-08 00:39:43,637 - INFO - Completed: 45, remaining: 15, RAYPy_Simulation_bessy2lo_56m_PGM_2Perc_coupling_errors_on_FLUX/round_4/89_bessy2lo_56m_PGM_2Perc_coupling_errors_on_FLUX.rml
2025-02-08 00:39:43,834 - INFO - Completed: 46, remaining: 14, RAYPy_Simulation_bessy2lo_56m_PGM_2Perc_coupling_errors_on_FLUX/round_4/93_bessy2lo_56m_PGM_2Perc_coupling_errors_on_FLUX.rml
2025-02-08 00:39:43,942 - INFO - Completed: 47, remaining: 13, RAYPy_Simulation_bessy2lo_56m_PGM_2Perc_coupling_errors_on_FLUX/round_4/94_bessy2lo_56m_PGM_2Perc_coupling_errors_on_FLUX.rml
2025-02-08 00:39:44,391 - INFO - Completed: 48, remaining: 12, RAYPy_Simulation_bessy2lo_56m_PGM_2Perc_coupling_errors_on_FLUX/round_4/95_bessy2lo_56m_PGM_2Perc_coupling_errors_on_FLUX.rml
2025-02-08 00:39:48,866 - INFO - Completed: 49, remaining: 11, RAYPy_Simulation_bessy2lo_56m_PGM_2Perc_coupling_errors_on_FLUX/round_4/96_bessy2lo_56m_PGM_2Perc_coupling_errors_on_FLUX.rml
2025-02-08 00:39:49,415 - INFO - Completed: 50, remaining: 10, RAYPy_Simulation_bessy2lo_56m_PGM_2Perc_coupling_errors_on_FLUX/round_4/97_bessy2lo_56m_PGM_2Perc_coupling_errors_on_FLUX.rml
2025-02-08 00:39:52,467 - INFO - Completed: 51, remaining: 9, RAYPy_Simulation_bessy2lo_56m_PGM_2Perc_coupling_errors_on_FLUX/round_4/98_bessy2lo_56m_PGM_2Perc_coupling_errors_on_FLUX.rml
2025-02-08 00:39:53,168 - INFO - Completed: 52, remaining: 8, RAYPy_Simulation_bessy2lo_56m_PGM_2Perc_coupling_errors_on_FLUX/round_4/99_bessy2lo_56m_PGM_2Perc_coupling_errors_on_FLUX.rml
2025-02-08 00:39:55,735 - INFO - Completed: 53, remaining: 7, RAYPy_Simulation_bessy2lo_56m_PGM_2Perc_coupling_errors_on_FLUX/round_4/100_bessy2lo_56m_PGM_2Perc_coupling_errors_on_FLUX.rml
2025-02-08 00:39:56,967 - INFO - Completed: 54, remaining: 6, RAYPy_Simulation_bessy2lo_56m_PGM_2Perc_coupling_errors_on_FLUX/round_4/102_bessy2lo_56m_PGM_2Perc_coupling_errors_on_FLUX.rml
2025-02-08 00:39:57,101 - INFO - Completed: 55, remaining: 5, RAYPy_Simulation_bessy2lo_56m_PGM_2Perc_coupling_errors_on_FLUX/round_4/104_bessy2lo_56m_PGM_2Perc_coupling_errors_on_FLUX.rml
2025-02-08 00:39:57,200 - INFO - Completed: 56, remaining: 4, RAYPy_Simulation_bessy2lo_56m_PGM_2Perc_coupling_errors_on_FLUX/round_4/103_bessy2lo_56m_PGM_2Perc_coupling_errors_on_FLUX.rml
2025-02-08 00:39:57,206 - INFO - Completed: 57, remaining: 3, RAYPy_Simulation_bessy2lo_56m_PGM_2Perc_coupling_errors_on_FLUX/round_4/101_bessy2lo_56m_PGM_2Perc_coupling_errors_on_FLUX.rml
2025-02-08 00:39:57,297 - INFO - Completed: 58, remaining: 2, RAYPy_Simulation_bessy2lo_56m_PGM_2Perc_coupling_errors_on_FLUX/round_4/106_bessy2lo_56m_PGM_2Perc_coupling_errors_on_FLUX.rml
2025-02-08 00:39:57,325 - INFO - Completed: 59, remaining: 1, RAYPy_Simulation_bessy2lo_56m_PGM_2Perc_coupling_errors_on_FLUX/round_4/105_bessy2lo_56m_PGM_2Perc_coupling_errors_on_FLUX.rml
2025-02-08 00:39:57,708 - INFO - Completed: 60, remaining: 0, RAYPy_Simulation_bessy2lo_56m_PGM_2Perc_coupling_errors_on_FLUX/round_4/107_bessy2lo_56m_PGM_2Perc_coupling_errors_on_FLUX.rml
2025-02-08 00:39:57,708 - INFO - Batch Completed
2025-02-08 00:39:57,708 - INFO - Waiting For batch, 60 simulations to go
2025-02-08 00:39:57,713 - INFO - Prepared sim number: 108: RAYPy_Simulation_bessy2lo_56m_PGM_2Perc_coupling_errors_on_FLUX/round_4/108_bessy2lo_56m_PGM_2Perc_coupling_errors_on_FLUX.rml
2025-02-08 00:39:57,718 - INFO - Prepared sim number: 109: RAYPy_Simulation_bessy2lo_56m_PGM_2Perc_coupling_errors_on_FLUX/round_4/109_bessy2lo_56m_PGM_2Perc_coupling_errors_on_FLUX.rml
2025-02-08 00:39:57,727 - INFO - Prepared sim number: 110: RAYPy_Simulation_bessy2lo_56m_PGM_2Perc_coupling_errors_on_FLUX/round_4/110_bessy2lo_56m_PGM_2Perc_coupling_errors_on_FLUX.rml
2025-02-08 00:39:57,732 - INFO - Prepared sim number: 111: RAYPy_Simulation_bessy2lo_56m_PGM_2Perc_coupling_errors_on_FLUX/round_4/111_bessy2lo_56m_PGM_2Perc_coupling_errors_on_FLUX.rml
2025-02-08 00:39:57,737 - INFO - Prepared sim number: 112: RAYPy_Simulation_bessy2lo_56m_PGM_2Perc_coupling_errors_on_FLUX/round_4/112_bessy2lo_56m_PGM_2Perc_coupling_errors_on_FLUX.rml
2025-02-08 00:39:57,742 - INFO - Prepared sim number: 113: RAYPy_Simulation_bessy2lo_56m_PGM_2Perc_coupling_errors_on_FLUX/round_4/113_bessy2lo_56m_PGM_2Perc_coupling_errors_on_FLUX.rml
2025-02-08 00:39:57,746 - INFO - Prepared sim number: 114: RAYPy_Simulation_bessy2lo_56m_PGM_2Perc_coupling_errors_on_FLUX/round_4/114_bessy2lo_56m_PGM_2Perc_coupling_errors_on_FLUX.rml
2025-02-08 00:39:57,751 - INFO - Prepared sim number: 115: RAYPy_Simulation_bessy2lo_56m_PGM_2Perc_coupling_errors_on_FLUX/round_4/115_bessy2lo_56m_PGM_2Perc_coupling_errors_on_FLUX.rml
2025-02-08 00:39:57,757 - INFO - Prepared sim number: 116: RAYPy_Simulation_bessy2lo_56m_PGM_2Perc_coupling_errors_on_FLUX/round_4/116_bessy2lo_56m_PGM_2Perc_coupling_errors_on_FLUX.rml
2025-02-08 00:39:57,765 - INFO - Prepared sim number: 117: RAYPy_Simulation_bessy2lo_56m_PGM_2Perc_coupling_errors_on_FLUX/round_4/117_bessy2lo_56m_PGM_2Perc_coupling_errors_on_FLUX.rml
2025-02-08 00:39:57,772 - INFO - Prepared sim number: 118: RAYPy_Simulation_bessy2lo_56m_PGM_2Perc_coupling_errors_on_FLUX/round_4/118_bessy2lo_56m_PGM_2Perc_coupling_errors_on_FLUX.rml
2025-02-08 00:39:57,778 - INFO - Prepared sim number: 119: RAYPy_Simulation_bessy2lo_56m_PGM_2Perc_coupling_errors_on_FLUX/round_4/119_bessy2lo_56m_PGM_2Perc_coupling_errors_on_FLUX.rml
2025-02-08 00:39:57,783 - INFO - Prepared sim number: 120: RAYPy_Simulation_bessy2lo_56m_PGM_2Perc_coupling_errors_on_FLUX/round_4/120_bessy2lo_56m_PGM_2Perc_coupling_errors_on_FLUX.rml
2025-02-08 00:39:57,788 - INFO - Prepared sim number: 121: RAYPy_Simulation_bessy2lo_56m_PGM_2Perc_coupling_errors_on_FLUX/round_4/121_bessy2lo_56m_PGM_2Perc_coupling_errors_on_FLUX.rml
2025-02-08 00:39:57,792 - INFO - Prepared sim number: 122: RAYPy_Simulation_bessy2lo_56m_PGM_2Perc_coupling_errors_on_FLUX/round_4/122_bessy2lo_56m_PGM_2Perc_coupling_errors_on_FLUX.rml
2025-02-08 00:39:57,792 - INFO - Start round 5
2025-02-08 00:39:57,798 - INFO - Prepared sim number: 0: RAYPy_Simulation_bessy2lo_56m_PGM_2Perc_coupling_errors_on_FLUX/round_5/0_bessy2lo_56m_PGM_2Perc_coupling_errors_on_FLUX.rml
2025-02-08 00:39:57,804 - INFO - Prepared sim number: 1: RAYPy_Simulation_bessy2lo_56m_PGM_2Perc_coupling_errors_on_FLUX/round_5/1_bessy2lo_56m_PGM_2Perc_coupling_errors_on_FLUX.rml
2025-02-08 00:39:57,809 - INFO - Prepared sim number: 2: RAYPy_Simulation_bessy2lo_56m_PGM_2Perc_coupling_errors_on_FLUX/round_5/2_bessy2lo_56m_PGM_2Perc_coupling_errors_on_FLUX.rml
2025-02-08 00:39:57,814 - INFO - Prepared sim number: 3: RAYPy_Simulation_bessy2lo_56m_PGM_2Perc_coupling_errors_on_FLUX/round_5/3_bessy2lo_56m_PGM_2Perc_coupling_errors_on_FLUX.rml
2025-02-08 00:39:57,818 - INFO - Prepared sim number: 4: RAYPy_Simulation_bessy2lo_56m_PGM_2Perc_coupling_errors_on_FLUX/round_5/4_bessy2lo_56m_PGM_2Perc_coupling_errors_on_FLUX.rml
2025-02-08 00:39:57,823 - INFO - Prepared sim number: 5: RAYPy_Simulation_bessy2lo_56m_PGM_2Perc_coupling_errors_on_FLUX/round_5/5_bessy2lo_56m_PGM_2Perc_coupling_errors_on_FLUX.rml
2025-02-08 00:39:57,827 - INFO - Prepared sim number: 6: RAYPy_Simulation_bessy2lo_56m_PGM_2Perc_coupling_errors_on_FLUX/round_5/6_bessy2lo_56m_PGM_2Perc_coupling_errors_on_FLUX.rml
2025-02-08 00:39:57,832 - INFO - Prepared sim number: 7: RAYPy_Simulation_bessy2lo_56m_PGM_2Perc_coupling_errors_on_FLUX/round_5/7_bessy2lo_56m_PGM_2Perc_coupling_errors_on_FLUX.rml
2025-02-08 00:39:57,836 - INFO - Prepared sim number: 8: RAYPy_Simulation_bessy2lo_56m_PGM_2Perc_coupling_errors_on_FLUX/round_5/8_bessy2lo_56m_PGM_2Perc_coupling_errors_on_FLUX.rml
2025-02-08 00:39:57,840 - INFO - Prepared sim number: 9: RAYPy_Simulation_bessy2lo_56m_PGM_2Perc_coupling_errors_on_FLUX/round_5/9_bessy2lo_56m_PGM_2Perc_coupling_errors_on_FLUX.rml
2025-02-08 00:39:57,844 - INFO - Prepared sim number: 10: RAYPy_Simulation_bessy2lo_56m_PGM_2Perc_coupling_errors_on_FLUX/round_5/10_bessy2lo_56m_PGM_2Perc_coupling_errors_on_FLUX.rml
2025-02-08 00:39:57,848 - INFO - Prepared sim number: 11: RAYPy_Simulation_bessy2lo_56m_PGM_2Perc_coupling_errors_on_FLUX/round_5/11_bessy2lo_56m_PGM_2Perc_coupling_errors_on_FLUX.rml
2025-02-08 00:39:57,853 - INFO - Prepared sim number: 12: RAYPy_Simulation_bessy2lo_56m_PGM_2Perc_coupling_errors_on_FLUX/round_5/12_bessy2lo_56m_PGM_2Perc_coupling_errors_on_FLUX.rml
2025-02-08 00:39:57,857 - INFO - Prepared sim number: 13: RAYPy_Simulation_bessy2lo_56m_PGM_2Perc_coupling_errors_on_FLUX/round_5/13_bessy2lo_56m_PGM_2Perc_coupling_errors_on_FLUX.rml
2025-02-08 00:39:57,860 - INFO - Prepared sim number: 14: RAYPy_Simulation_bessy2lo_56m_PGM_2Perc_coupling_errors_on_FLUX/round_5/14_bessy2lo_56m_PGM_2Perc_coupling_errors_on_FLUX.rml
2025-02-08 00:39:57,865 - INFO - Prepared sim number: 15: RAYPy_Simulation_bessy2lo_56m_PGM_2Perc_coupling_errors_on_FLUX/round_5/15_bessy2lo_56m_PGM_2Perc_coupling_errors_on_FLUX.rml
2025-02-08 00:39:57,869 - INFO - Prepared sim number: 16: RAYPy_Simulation_bessy2lo_56m_PGM_2Perc_coupling_errors_on_FLUX/round_5/16_bessy2lo_56m_PGM_2Perc_coupling_errors_on_FLUX.rml
2025-02-08 00:39:57,873 - INFO - Prepared sim number: 17: RAYPy_Simulation_bessy2lo_56m_PGM_2Perc_coupling_errors_on_FLUX/round_5/17_bessy2lo_56m_PGM_2Perc_coupling_errors_on_FLUX.rml
2025-02-08 00:39:57,877 - INFO - Prepared sim number: 18: RAYPy_Simulation_bessy2lo_56m_PGM_2Perc_coupling_errors_on_FLUX/round_5/18_bessy2lo_56m_PGM_2Perc_coupling_errors_on_FLUX.rml
2025-02-08 00:39:57,881 - INFO - Prepared sim number: 19: RAYPy_Simulation_bessy2lo_56m_PGM_2Perc_coupling_errors_on_FLUX/round_5/19_bessy2lo_56m_PGM_2Perc_coupling_errors_on_FLUX.rml
2025-02-08 00:39:57,886 - INFO - Prepared sim number: 20: RAYPy_Simulation_bessy2lo_56m_PGM_2Perc_coupling_errors_on_FLUX/round_5/20_bessy2lo_56m_PGM_2Perc_coupling_errors_on_FLUX.rml
2025-02-08 00:39:57,890 - INFO - Prepared sim number: 21: RAYPy_Simulation_bessy2lo_56m_PGM_2Perc_coupling_errors_on_FLUX/round_5/21_bessy2lo_56m_PGM_2Perc_coupling_errors_on_FLUX.rml
2025-02-08 00:39:57,894 - INFO - Prepared sim number: 22: RAYPy_Simulation_bessy2lo_56m_PGM_2Perc_coupling_errors_on_FLUX/round_5/22_bessy2lo_56m_PGM_2Perc_coupling_errors_on_FLUX.rml
2025-02-08 00:39:57,898 - INFO - Prepared sim number: 23: RAYPy_Simulation_bessy2lo_56m_PGM_2Perc_coupling_errors_on_FLUX/round_5/23_bessy2lo_56m_PGM_2Perc_coupling_errors_on_FLUX.rml
2025-02-08 00:39:57,902 - INFO - Prepared sim number: 24: RAYPy_Simulation_bessy2lo_56m_PGM_2Perc_coupling_errors_on_FLUX/round_5/24_bessy2lo_56m_PGM_2Perc_coupling_errors_on_FLUX.rml
2025-02-08 00:39:57,906 - INFO - Prepared sim number: 25: RAYPy_Simulation_bessy2lo_56m_PGM_2Perc_coupling_errors_on_FLUX/round_5/25_bessy2lo_56m_PGM_2Perc_coupling_errors_on_FLUX.rml
2025-02-08 00:39:57,910 - INFO - Prepared sim number: 26: RAYPy_Simulation_bessy2lo_56m_PGM_2Perc_coupling_errors_on_FLUX/round_5/26_bessy2lo_56m_PGM_2Perc_coupling_errors_on_FLUX.rml
2025-02-08 00:39:57,914 - INFO - Prepared sim number: 27: RAYPy_Simulation_bessy2lo_56m_PGM_2Perc_coupling_errors_on_FLUX/round_5/27_bessy2lo_56m_PGM_2Perc_coupling_errors_on_FLUX.rml
2025-02-08 00:39:57,918 - INFO - Prepared sim number: 28: RAYPy_Simulation_bessy2lo_56m_PGM_2Perc_coupling_errors_on_FLUX/round_5/28_bessy2lo_56m_PGM_2Perc_coupling_errors_on_FLUX.rml
2025-02-08 00:39:57,922 - INFO - Prepared sim number: 29: RAYPy_Simulation_bessy2lo_56m_PGM_2Perc_coupling_errors_on_FLUX/round_5/29_bessy2lo_56m_PGM_2Perc_coupling_errors_on_FLUX.rml
2025-02-08 00:39:57,926 - INFO - Prepared sim number: 30: RAYPy_Simulation_bessy2lo_56m_PGM_2Perc_coupling_errors_on_FLUX/round_5/30_bessy2lo_56m_PGM_2Perc_coupling_errors_on_FLUX.rml
2025-02-08 00:39:57,930 - INFO - Prepared sim number: 31: RAYPy_Simulation_bessy2lo_56m_PGM_2Perc_coupling_errors_on_FLUX/round_5/31_bessy2lo_56m_PGM_2Perc_coupling_errors_on_FLUX.rml
2025-02-08 00:39:57,934 - INFO - Prepared sim number: 32: RAYPy_Simulation_bessy2lo_56m_PGM_2Perc_coupling_errors_on_FLUX/round_5/32_bessy2lo_56m_PGM_2Perc_coupling_errors_on_FLUX.rml
2025-02-08 00:39:57,939 - INFO - Prepared sim number: 33: RAYPy_Simulation_bessy2lo_56m_PGM_2Perc_coupling_errors_on_FLUX/round_5/33_bessy2lo_56m_PGM_2Perc_coupling_errors_on_FLUX.rml
2025-02-08 00:39:57,942 - INFO - Prepared sim number: 34: RAYPy_Simulation_bessy2lo_56m_PGM_2Perc_coupling_errors_on_FLUX/round_5/34_bessy2lo_56m_PGM_2Perc_coupling_errors_on_FLUX.rml
2025-02-08 00:39:57,946 - INFO - Prepared sim number: 35: RAYPy_Simulation_bessy2lo_56m_PGM_2Perc_coupling_errors_on_FLUX/round_5/35_bessy2lo_56m_PGM_2Perc_coupling_errors_on_FLUX.rml
2025-02-08 00:39:57,950 - INFO - Prepared sim number: 36: RAYPy_Simulation_bessy2lo_56m_PGM_2Perc_coupling_errors_on_FLUX/round_5/36_bessy2lo_56m_PGM_2Perc_coupling_errors_on_FLUX.rml
2025-02-08 00:39:57,954 - INFO - Prepared sim number: 37: RAYPy_Simulation_bessy2lo_56m_PGM_2Perc_coupling_errors_on_FLUX/round_5/37_bessy2lo_56m_PGM_2Perc_coupling_errors_on_FLUX.rml
2025-02-08 00:39:57,959 - INFO - Prepared sim number: 38: RAYPy_Simulation_bessy2lo_56m_PGM_2Perc_coupling_errors_on_FLUX/round_5/38_bessy2lo_56m_PGM_2Perc_coupling_errors_on_FLUX.rml
2025-02-08 00:39:57,963 - INFO - Prepared sim number: 39: RAYPy_Simulation_bessy2lo_56m_PGM_2Perc_coupling_errors_on_FLUX/round_5/39_bessy2lo_56m_PGM_2Perc_coupling_errors_on_FLUX.rml
2025-02-08 00:39:57,967 - INFO - Prepared sim number: 40: RAYPy_Simulation_bessy2lo_56m_PGM_2Perc_coupling_errors_on_FLUX/round_5/40_bessy2lo_56m_PGM_2Perc_coupling_errors_on_FLUX.rml
2025-02-08 00:39:57,971 - INFO - Prepared sim number: 41: RAYPy_Simulation_bessy2lo_56m_PGM_2Perc_coupling_errors_on_FLUX/round_5/41_bessy2lo_56m_PGM_2Perc_coupling_errors_on_FLUX.rml
2025-02-08 00:39:57,975 - INFO - Prepared sim number: 42: RAYPy_Simulation_bessy2lo_56m_PGM_2Perc_coupling_errors_on_FLUX/round_5/42_bessy2lo_56m_PGM_2Perc_coupling_errors_on_FLUX.rml
2025-02-08 00:39:57,980 - INFO - Prepared sim number: 43: RAYPy_Simulation_bessy2lo_56m_PGM_2Perc_coupling_errors_on_FLUX/round_5/43_bessy2lo_56m_PGM_2Perc_coupling_errors_on_FLUX.rml
2025-02-08 00:39:57,984 - INFO - Prepared sim number: 44: RAYPy_Simulation_bessy2lo_56m_PGM_2Perc_coupling_errors_on_FLUX/round_5/44_bessy2lo_56m_PGM_2Perc_coupling_errors_on_FLUX.rml
2025-02-08 00:39:57,984 - INFO - Waiting for batch number: 10, timeout: 96.46846464276312s
2025-02-08 00:40:13,733 - INFO - Completed: 1, remaining: 59, RAYPy_Simulation_bessy2lo_56m_PGM_2Perc_coupling_errors_on_FLUX/round_4/115_bessy2lo_56m_PGM_2Perc_coupling_errors_on_FLUX.rml
2025-02-08 00:40:14,033 - INFO - Completed: 2, remaining: 58, RAYPy_Simulation_bessy2lo_56m_PGM_2Perc_coupling_errors_on_FLUX/round_4/111_bessy2lo_56m_PGM_2Perc_coupling_errors_on_FLUX.rml
2025-02-08 00:40:14,164 - INFO - Completed: 3, remaining: 57, RAYPy_Simulation_bessy2lo_56m_PGM_2Perc_coupling_errors_on_FLUX/round_4/119_bessy2lo_56m_PGM_2Perc_coupling_errors_on_FLUX.rml
2025-02-08 00:40:14,237 - INFO - Completed: 4, remaining: 56, RAYPy_Simulation_bessy2lo_56m_PGM_2Perc_coupling_errors_on_FLUX/round_4/113_bessy2lo_56m_PGM_2Perc_coupling_errors_on_FLUX.rml
2025-02-08 00:40:14,436 - INFO - Completed: 5, remaining: 55, RAYPy_Simulation_bessy2lo_56m_PGM_2Perc_coupling_errors_on_FLUX/round_4/114_bessy2lo_56m_PGM_2Perc_coupling_errors_on_FLUX.rml
2025-02-08 00:40:14,533 - INFO - Completed: 6, remaining: 54, RAYPy_Simulation_bessy2lo_56m_PGM_2Perc_coupling_errors_on_FLUX/round_4/110_bessy2lo_56m_PGM_2Perc_coupling_errors_on_FLUX.rml
2025-02-08 00:40:14,573 - INFO - Completed: 7, remaining: 53, RAYPy_Simulation_bessy2lo_56m_PGM_2Perc_coupling_errors_on_FLUX/round_4/117_bessy2lo_56m_PGM_2Perc_coupling_errors_on_FLUX.rml
2025-02-08 00:40:14,714 - INFO - Completed: 8, remaining: 52, RAYPy_Simulation_bessy2lo_56m_PGM_2Perc_coupling_errors_on_FLUX/round_4/118_bessy2lo_56m_PGM_2Perc_coupling_errors_on_FLUX.rml
2025-02-08 00:40:14,754 - INFO - Completed: 9, remaining: 51, RAYPy_Simulation_bessy2lo_56m_PGM_2Perc_coupling_errors_on_FLUX/round_4/108_bessy2lo_56m_PGM_2Perc_coupling_errors_on_FLUX.rml
2025-02-08 00:40:16,006 - INFO - Completed: 10, remaining: 50, RAYPy_Simulation_bessy2lo_56m_PGM_2Perc_coupling_errors_on_FLUX/round_4/109_bessy2lo_56m_PGM_2Perc_coupling_errors_on_FLUX.rml
2025-02-08 00:40:16,085 - INFO - Completed: 11, remaining: 49, RAYPy_Simulation_bessy2lo_56m_PGM_2Perc_coupling_errors_on_FLUX/round_4/112_bessy2lo_56m_PGM_2Perc_coupling_errors_on_FLUX.rml
2025-02-08 00:40:16,761 - INFO - Completed: 12, remaining: 48, RAYPy_Simulation_bessy2lo_56m_PGM_2Perc_coupling_errors_on_FLUX/round_4/116_bessy2lo_56m_PGM_2Perc_coupling_errors_on_FLUX.rml
2025-02-08 00:40:29,304 - INFO - Completed: 13, remaining: 47, RAYPy_Simulation_bessy2lo_56m_PGM_2Perc_coupling_errors_on_FLUX/round_4/121_bessy2lo_56m_PGM_2Perc_coupling_errors_on_FLUX.rml
2025-02-08 00:40:29,623 - INFO - Completed: 14, remaining: 46, RAYPy_Simulation_bessy2lo_56m_PGM_2Perc_coupling_errors_on_FLUX/round_4/122_bessy2lo_56m_PGM_2Perc_coupling_errors_on_FLUX.rml
2025-02-08 00:40:30,141 - INFO - Completed: 15, remaining: 45, RAYPy_Simulation_bessy2lo_56m_PGM_2Perc_coupling_errors_on_FLUX/round_4/120_bessy2lo_56m_PGM_2Perc_coupling_errors_on_FLUX.rml
2025-02-08 00:40:30,806 - INFO - Completed: 16, remaining: 44, RAYPy_Simulation_bessy2lo_56m_PGM_2Perc_coupling_errors_on_FLUX/round_5/2_bessy2lo_56m_PGM_2Perc_coupling_errors_on_FLUX.rml
2025-02-08 00:40:30,826 - INFO - Completed: 17, remaining: 43, RAYPy_Simulation_bessy2lo_56m_PGM_2Perc_coupling_errors_on_FLUX/round_5/1_bessy2lo_56m_PGM_2Perc_coupling_errors_on_FLUX.rml
2025-02-08 00:40:30,874 - INFO - Completed: 18, remaining: 42, RAYPy_Simulation_bessy2lo_56m_PGM_2Perc_coupling_errors_on_FLUX/round_5/4_bessy2lo_56m_PGM_2Perc_coupling_errors_on_FLUX.rml
2025-02-08 00:40:31,047 - INFO - Completed: 19, remaining: 41, RAYPy_Simulation_bessy2lo_56m_PGM_2Perc_coupling_errors_on_FLUX/round_5/5_bessy2lo_56m_PGM_2Perc_coupling_errors_on_FLUX.rml
2025-02-08 00:40:31,069 - INFO - Completed: 20, remaining: 40, RAYPy_Simulation_bessy2lo_56m_PGM_2Perc_coupling_errors_on_FLUX/round_5/0_bessy2lo_56m_PGM_2Perc_coupling_errors_on_FLUX.rml
2025-02-08 00:40:32,208 - INFO - Completed: 21, remaining: 39, RAYPy_Simulation_bessy2lo_56m_PGM_2Perc_coupling_errors_on_FLUX/round_5/7_bessy2lo_56m_PGM_2Perc_coupling_errors_on_FLUX.rml
2025-02-08 00:40:32,225 - INFO - Completed: 22, remaining: 38, RAYPy_Simulation_bessy2lo_56m_PGM_2Perc_coupling_errors_on_FLUX/round_5/6_bessy2lo_56m_PGM_2Perc_coupling_errors_on_FLUX.rml
2025-02-08 00:40:32,418 - INFO - Completed: 23, remaining: 37, RAYPy_Simulation_bessy2lo_56m_PGM_2Perc_coupling_errors_on_FLUX/round_5/8_bessy2lo_56m_PGM_2Perc_coupling_errors_on_FLUX.rml
2025-02-08 00:40:32,444 - INFO - Completed: 24, remaining: 36, RAYPy_Simulation_bessy2lo_56m_PGM_2Perc_coupling_errors_on_FLUX/round_5/3_bessy2lo_56m_PGM_2Perc_coupling_errors_on_FLUX.rml
2025-02-08 00:40:44,083 - INFO - Completed: 25, remaining: 35, RAYPy_Simulation_bessy2lo_56m_PGM_2Perc_coupling_errors_on_FLUX/round_5/10_bessy2lo_56m_PGM_2Perc_coupling_errors_on_FLUX.rml
2025-02-08 00:40:46,150 - INFO - Completed: 26, remaining: 34, RAYPy_Simulation_bessy2lo_56m_PGM_2Perc_coupling_errors_on_FLUX/round_5/9_bessy2lo_56m_PGM_2Perc_coupling_errors_on_FLUX.rml
2025-02-08 00:40:46,996 - INFO - Completed: 27, remaining: 33, RAYPy_Simulation_bessy2lo_56m_PGM_2Perc_coupling_errors_on_FLUX/round_5/11_bessy2lo_56m_PGM_2Perc_coupling_errors_on_FLUX.rml
2025-02-08 00:40:47,218 - INFO - Completed: 28, remaining: 32, RAYPy_Simulation_bessy2lo_56m_PGM_2Perc_coupling_errors_on_FLUX/round_5/12_bessy2lo_56m_PGM_2Perc_coupling_errors_on_FLUX.rml
2025-02-08 00:40:47,437 - INFO - Completed: 29, remaining: 31, RAYPy_Simulation_bessy2lo_56m_PGM_2Perc_coupling_errors_on_FLUX/round_5/13_bessy2lo_56m_PGM_2Perc_coupling_errors_on_FLUX.rml
2025-02-08 00:40:47,570 - INFO - Completed: 30, remaining: 30, RAYPy_Simulation_bessy2lo_56m_PGM_2Perc_coupling_errors_on_FLUX/round_5/14_bessy2lo_56m_PGM_2Perc_coupling_errors_on_FLUX.rml
2025-02-08 00:40:47,762 - INFO - Completed: 31, remaining: 29, RAYPy_Simulation_bessy2lo_56m_PGM_2Perc_coupling_errors_on_FLUX/round_5/16_bessy2lo_56m_PGM_2Perc_coupling_errors_on_FLUX.rml
2025-02-08 00:40:47,896 - INFO - Completed: 32, remaining: 28, RAYPy_Simulation_bessy2lo_56m_PGM_2Perc_coupling_errors_on_FLUX/round_5/15_bessy2lo_56m_PGM_2Perc_coupling_errors_on_FLUX.rml
2025-02-08 00:40:48,738 - INFO - Completed: 33, remaining: 27, RAYPy_Simulation_bessy2lo_56m_PGM_2Perc_coupling_errors_on_FLUX/round_5/17_bessy2lo_56m_PGM_2Perc_coupling_errors_on_FLUX.rml
2025-02-08 00:40:48,817 - INFO - Completed: 34, remaining: 26, RAYPy_Simulation_bessy2lo_56m_PGM_2Perc_coupling_errors_on_FLUX/round_5/19_bessy2lo_56m_PGM_2Perc_coupling_errors_on_FLUX.rml
2025-02-08 00:40:48,859 - INFO - Completed: 35, remaining: 25, RAYPy_Simulation_bessy2lo_56m_PGM_2Perc_coupling_errors_on_FLUX/round_5/18_bessy2lo_56m_PGM_2Perc_coupling_errors_on_FLUX.rml
2025-02-08 00:40:49,005 - INFO - Completed: 36, remaining: 24, RAYPy_Simulation_bessy2lo_56m_PGM_2Perc_coupling_errors_on_FLUX/round_5/20_bessy2lo_56m_PGM_2Perc_coupling_errors_on_FLUX.rml
2025-02-08 00:40:55,848 - INFO - Completed: 37, remaining: 23, RAYPy_Simulation_bessy2lo_56m_PGM_2Perc_coupling_errors_on_FLUX/round_5/21_bessy2lo_56m_PGM_2Perc_coupling_errors_on_FLUX.rml
2025-02-08 00:41:00,952 - INFO - Completed: 38, remaining: 22, RAYPy_Simulation_bessy2lo_56m_PGM_2Perc_coupling_errors_on_FLUX/round_5/22_bessy2lo_56m_PGM_2Perc_coupling_errors_on_FLUX.rml
2025-02-08 00:41:03,252 - INFO - Completed: 39, remaining: 21, RAYPy_Simulation_bessy2lo_56m_PGM_2Perc_coupling_errors_on_FLUX/round_5/23_bessy2lo_56m_PGM_2Perc_coupling_errors_on_FLUX.rml
2025-02-08 00:41:03,377 - INFO - Completed: 40, remaining: 20, RAYPy_Simulation_bessy2lo_56m_PGM_2Perc_coupling_errors_on_FLUX/round_5/24_bessy2lo_56m_PGM_2Perc_coupling_errors_on_FLUX.rml
2025-02-08 00:41:03,800 - INFO - Completed: 41, remaining: 19, RAYPy_Simulation_bessy2lo_56m_PGM_2Perc_coupling_errors_on_FLUX/round_5/25_bessy2lo_56m_PGM_2Perc_coupling_errors_on_FLUX.rml
2025-02-08 00:41:04,128 - INFO - Completed: 42, remaining: 18, RAYPy_Simulation_bessy2lo_56m_PGM_2Perc_coupling_errors_on_FLUX/round_5/27_bessy2lo_56m_PGM_2Perc_coupling_errors_on_FLUX.rml
2025-02-08 00:41:04,318 - INFO - Completed: 43, remaining: 17, RAYPy_Simulation_bessy2lo_56m_PGM_2Perc_coupling_errors_on_FLUX/round_5/28_bessy2lo_56m_PGM_2Perc_coupling_errors_on_FLUX.rml
2025-02-08 00:41:05,135 - INFO - Completed: 44, remaining: 16, RAYPy_Simulation_bessy2lo_56m_PGM_2Perc_coupling_errors_on_FLUX/round_5/32_bessy2lo_56m_PGM_2Perc_coupling_errors_on_FLUX.rml
2025-02-08 00:41:05,297 - INFO - Completed: 45, remaining: 15, RAYPy_Simulation_bessy2lo_56m_PGM_2Perc_coupling_errors_on_FLUX/round_5/31_bessy2lo_56m_PGM_2Perc_coupling_errors_on_FLUX.rml
2025-02-08 00:41:05,305 - INFO - Completed: 46, remaining: 14, RAYPy_Simulation_bessy2lo_56m_PGM_2Perc_coupling_errors_on_FLUX/round_5/29_bessy2lo_56m_PGM_2Perc_coupling_errors_on_FLUX.rml
2025-02-08 00:41:05,837 - INFO - Completed: 47, remaining: 13, RAYPy_Simulation_bessy2lo_56m_PGM_2Perc_coupling_errors_on_FLUX/round_5/30_bessy2lo_56m_PGM_2Perc_coupling_errors_on_FLUX.rml
2025-02-08 00:41:05,962 - INFO - Completed: 48, remaining: 12, RAYPy_Simulation_bessy2lo_56m_PGM_2Perc_coupling_errors_on_FLUX/round_5/26_bessy2lo_56m_PGM_2Perc_coupling_errors_on_FLUX.rml
2025-02-08 00:41:08,386 - INFO - Completed: 49, remaining: 11, RAYPy_Simulation_bessy2lo_56m_PGM_2Perc_coupling_errors_on_FLUX/round_5/33_bessy2lo_56m_PGM_2Perc_coupling_errors_on_FLUX.rml
2025-02-08 00:41:17,650 - INFO - Completed: 50, remaining: 10, RAYPy_Simulation_bessy2lo_56m_PGM_2Perc_coupling_errors_on_FLUX/round_5/34_bessy2lo_56m_PGM_2Perc_coupling_errors_on_FLUX.rml
2025-02-08 00:41:18,688 - INFO - Completed: 51, remaining: 9, RAYPy_Simulation_bessy2lo_56m_PGM_2Perc_coupling_errors_on_FLUX/round_5/35_bessy2lo_56m_PGM_2Perc_coupling_errors_on_FLUX.rml
2025-02-08 00:41:19,315 - INFO - Completed: 52, remaining: 8, RAYPy_Simulation_bessy2lo_56m_PGM_2Perc_coupling_errors_on_FLUX/round_5/36_bessy2lo_56m_PGM_2Perc_coupling_errors_on_FLUX.rml
2025-02-08 00:41:19,597 - INFO - Completed: 53, remaining: 7, RAYPy_Simulation_bessy2lo_56m_PGM_2Perc_coupling_errors_on_FLUX/round_5/37_bessy2lo_56m_PGM_2Perc_coupling_errors_on_FLUX.rml
2025-02-08 00:41:19,760 - INFO - Completed: 54, remaining: 6, RAYPy_Simulation_bessy2lo_56m_PGM_2Perc_coupling_errors_on_FLUX/round_5/38_bessy2lo_56m_PGM_2Perc_coupling_errors_on_FLUX.rml
2025-02-08 00:41:19,960 - INFO - Completed: 55, remaining: 5, RAYPy_Simulation_bessy2lo_56m_PGM_2Perc_coupling_errors_on_FLUX/round_5/39_bessy2lo_56m_PGM_2Perc_coupling_errors_on_FLUX.rml
2025-02-08 00:41:20,195 - INFO - Completed: 56, remaining: 4, RAYPy_Simulation_bessy2lo_56m_PGM_2Perc_coupling_errors_on_FLUX/round_5/40_bessy2lo_56m_PGM_2Perc_coupling_errors_on_FLUX.rml
2025-02-08 00:41:20,593 - INFO - Completed: 57, remaining: 3, RAYPy_Simulation_bessy2lo_56m_PGM_2Perc_coupling_errors_on_FLUX/round_5/42_bessy2lo_56m_PGM_2Perc_coupling_errors_on_FLUX.rml
2025-02-08 00:41:20,689 - INFO - Completed: 58, remaining: 2, RAYPy_Simulation_bessy2lo_56m_PGM_2Perc_coupling_errors_on_FLUX/round_5/44_bessy2lo_56m_PGM_2Perc_coupling_errors_on_FLUX.rml
2025-02-08 00:41:20,825 - INFO - Completed: 59, remaining: 1, RAYPy_Simulation_bessy2lo_56m_PGM_2Perc_coupling_errors_on_FLUX/round_5/41_bessy2lo_56m_PGM_2Perc_coupling_errors_on_FLUX.rml
2025-02-08 00:41:21,053 - INFO - Completed: 60, remaining: 0, RAYPy_Simulation_bessy2lo_56m_PGM_2Perc_coupling_errors_on_FLUX/round_5/43_bessy2lo_56m_PGM_2Perc_coupling_errors_on_FLUX.rml
2025-02-08 00:41:21,053 - INFO - Batch Completed
2025-02-08 00:41:21,054 - INFO - Waiting For batch, 60 simulations to go
2025-02-08 00:41:21,059 - INFO - Prepared sim number: 45: RAYPy_Simulation_bessy2lo_56m_PGM_2Perc_coupling_errors_on_FLUX/round_5/45_bessy2lo_56m_PGM_2Perc_coupling_errors_on_FLUX.rml
2025-02-08 00:41:21,065 - INFO - Prepared sim number: 46: RAYPy_Simulation_bessy2lo_56m_PGM_2Perc_coupling_errors_on_FLUX/round_5/46_bessy2lo_56m_PGM_2Perc_coupling_errors_on_FLUX.rml
2025-02-08 00:41:21,073 - INFO - Prepared sim number: 47: RAYPy_Simulation_bessy2lo_56m_PGM_2Perc_coupling_errors_on_FLUX/round_5/47_bessy2lo_56m_PGM_2Perc_coupling_errors_on_FLUX.rml
2025-02-08 00:41:21,080 - INFO - Prepared sim number: 48: RAYPy_Simulation_bessy2lo_56m_PGM_2Perc_coupling_errors_on_FLUX/round_5/48_bessy2lo_56m_PGM_2Perc_coupling_errors_on_FLUX.rml
2025-02-08 00:41:21,085 - INFO - Prepared sim number: 49: RAYPy_Simulation_bessy2lo_56m_PGM_2Perc_coupling_errors_on_FLUX/round_5/49_bessy2lo_56m_PGM_2Perc_coupling_errors_on_FLUX.rml
2025-02-08 00:41:21,090 - INFO - Prepared sim number: 50: RAYPy_Simulation_bessy2lo_56m_PGM_2Perc_coupling_errors_on_FLUX/round_5/50_bessy2lo_56m_PGM_2Perc_coupling_errors_on_FLUX.rml
2025-02-08 00:41:21,095 - INFO - Prepared sim number: 51: RAYPy_Simulation_bessy2lo_56m_PGM_2Perc_coupling_errors_on_FLUX/round_5/51_bessy2lo_56m_PGM_2Perc_coupling_errors_on_FLUX.rml
2025-02-08 00:41:21,104 - INFO - Prepared sim number: 52: RAYPy_Simulation_bessy2lo_56m_PGM_2Perc_coupling_errors_on_FLUX/round_5/52_bessy2lo_56m_PGM_2Perc_coupling_errors_on_FLUX.rml
2025-02-08 00:41:21,110 - INFO - Prepared sim number: 53: RAYPy_Simulation_bessy2lo_56m_PGM_2Perc_coupling_errors_on_FLUX/round_5/53_bessy2lo_56m_PGM_2Perc_coupling_errors_on_FLUX.rml
2025-02-08 00:41:21,115 - INFO - Prepared sim number: 54: RAYPy_Simulation_bessy2lo_56m_PGM_2Perc_coupling_errors_on_FLUX/round_5/54_bessy2lo_56m_PGM_2Perc_coupling_errors_on_FLUX.rml
2025-02-08 00:41:21,120 - INFO - Prepared sim number: 55: RAYPy_Simulation_bessy2lo_56m_PGM_2Perc_coupling_errors_on_FLUX/round_5/55_bessy2lo_56m_PGM_2Perc_coupling_errors_on_FLUX.rml
2025-02-08 00:41:21,125 - INFO - Prepared sim number: 56: RAYPy_Simulation_bessy2lo_56m_PGM_2Perc_coupling_errors_on_FLUX/round_5/56_bessy2lo_56m_PGM_2Perc_coupling_errors_on_FLUX.rml
2025-02-08 00:41:21,129 - INFO - Prepared sim number: 57: RAYPy_Simulation_bessy2lo_56m_PGM_2Perc_coupling_errors_on_FLUX/round_5/57_bessy2lo_56m_PGM_2Perc_coupling_errors_on_FLUX.rml
2025-02-08 00:41:21,134 - INFO - Prepared sim number: 58: RAYPy_Simulation_bessy2lo_56m_PGM_2Perc_coupling_errors_on_FLUX/round_5/58_bessy2lo_56m_PGM_2Perc_coupling_errors_on_FLUX.rml
2025-02-08 00:41:21,138 - INFO - Prepared sim number: 59: RAYPy_Simulation_bessy2lo_56m_PGM_2Perc_coupling_errors_on_FLUX/round_5/59_bessy2lo_56m_PGM_2Perc_coupling_errors_on_FLUX.rml
2025-02-08 00:41:21,141 - INFO - Prepared sim number: 60: RAYPy_Simulation_bessy2lo_56m_PGM_2Perc_coupling_errors_on_FLUX/round_5/60_bessy2lo_56m_PGM_2Perc_coupling_errors_on_FLUX.rml
2025-02-08 00:41:21,146 - INFO - Prepared sim number: 61: RAYPy_Simulation_bessy2lo_56m_PGM_2Perc_coupling_errors_on_FLUX/round_5/61_bessy2lo_56m_PGM_2Perc_coupling_errors_on_FLUX.rml
2025-02-08 00:41:21,150 - INFO - Prepared sim number: 62: RAYPy_Simulation_bessy2lo_56m_PGM_2Perc_coupling_errors_on_FLUX/round_5/62_bessy2lo_56m_PGM_2Perc_coupling_errors_on_FLUX.rml
2025-02-08 00:41:21,154 - INFO - Prepared sim number: 63: RAYPy_Simulation_bessy2lo_56m_PGM_2Perc_coupling_errors_on_FLUX/round_5/63_bessy2lo_56m_PGM_2Perc_coupling_errors_on_FLUX.rml
2025-02-08 00:41:21,158 - INFO - Prepared sim number: 64: RAYPy_Simulation_bessy2lo_56m_PGM_2Perc_coupling_errors_on_FLUX/round_5/64_bessy2lo_56m_PGM_2Perc_coupling_errors_on_FLUX.rml
2025-02-08 00:41:21,162 - INFO - Prepared sim number: 65: RAYPy_Simulation_bessy2lo_56m_PGM_2Perc_coupling_errors_on_FLUX/round_5/65_bessy2lo_56m_PGM_2Perc_coupling_errors_on_FLUX.rml
2025-02-08 00:41:21,166 - INFO - Prepared sim number: 66: RAYPy_Simulation_bessy2lo_56m_PGM_2Perc_coupling_errors_on_FLUX/round_5/66_bessy2lo_56m_PGM_2Perc_coupling_errors_on_FLUX.rml
2025-02-08 00:41:21,169 - INFO - Prepared sim number: 67: RAYPy_Simulation_bessy2lo_56m_PGM_2Perc_coupling_errors_on_FLUX/round_5/67_bessy2lo_56m_PGM_2Perc_coupling_errors_on_FLUX.rml
2025-02-08 00:41:21,173 - INFO - Prepared sim number: 68: RAYPy_Simulation_bessy2lo_56m_PGM_2Perc_coupling_errors_on_FLUX/round_5/68_bessy2lo_56m_PGM_2Perc_coupling_errors_on_FLUX.rml
2025-02-08 00:41:21,177 - INFO - Prepared sim number: 69: RAYPy_Simulation_bessy2lo_56m_PGM_2Perc_coupling_errors_on_FLUX/round_5/69_bessy2lo_56m_PGM_2Perc_coupling_errors_on_FLUX.rml
2025-02-08 00:41:21,181 - INFO - Prepared sim number: 70: RAYPy_Simulation_bessy2lo_56m_PGM_2Perc_coupling_errors_on_FLUX/round_5/70_bessy2lo_56m_PGM_2Perc_coupling_errors_on_FLUX.rml
2025-02-08 00:41:21,184 - INFO - Prepared sim number: 71: RAYPy_Simulation_bessy2lo_56m_PGM_2Perc_coupling_errors_on_FLUX/round_5/71_bessy2lo_56m_PGM_2Perc_coupling_errors_on_FLUX.rml
2025-02-08 00:41:21,188 - INFO - Prepared sim number: 72: RAYPy_Simulation_bessy2lo_56m_PGM_2Perc_coupling_errors_on_FLUX/round_5/72_bessy2lo_56m_PGM_2Perc_coupling_errors_on_FLUX.rml
2025-02-08 00:41:21,192 - INFO - Prepared sim number: 73: RAYPy_Simulation_bessy2lo_56m_PGM_2Perc_coupling_errors_on_FLUX/round_5/73_bessy2lo_56m_PGM_2Perc_coupling_errors_on_FLUX.rml
2025-02-08 00:41:21,196 - INFO - Prepared sim number: 74: RAYPy_Simulation_bessy2lo_56m_PGM_2Perc_coupling_errors_on_FLUX/round_5/74_bessy2lo_56m_PGM_2Perc_coupling_errors_on_FLUX.rml
2025-02-08 00:41:21,199 - INFO - Prepared sim number: 75: RAYPy_Simulation_bessy2lo_56m_PGM_2Perc_coupling_errors_on_FLUX/round_5/75_bessy2lo_56m_PGM_2Perc_coupling_errors_on_FLUX.rml
2025-02-08 00:41:21,203 - INFO - Prepared sim number: 76: RAYPy_Simulation_bessy2lo_56m_PGM_2Perc_coupling_errors_on_FLUX/round_5/76_bessy2lo_56m_PGM_2Perc_coupling_errors_on_FLUX.rml
2025-02-08 00:41:21,207 - INFO - Prepared sim number: 77: RAYPy_Simulation_bessy2lo_56m_PGM_2Perc_coupling_errors_on_FLUX/round_5/77_bessy2lo_56m_PGM_2Perc_coupling_errors_on_FLUX.rml
2025-02-08 00:41:21,211 - INFO - Prepared sim number: 78: RAYPy_Simulation_bessy2lo_56m_PGM_2Perc_coupling_errors_on_FLUX/round_5/78_bessy2lo_56m_PGM_2Perc_coupling_errors_on_FLUX.rml
2025-02-08 00:41:21,215 - INFO - Prepared sim number: 79: RAYPy_Simulation_bessy2lo_56m_PGM_2Perc_coupling_errors_on_FLUX/round_5/79_bessy2lo_56m_PGM_2Perc_coupling_errors_on_FLUX.rml
2025-02-08 00:41:21,218 - INFO - Prepared sim number: 80: RAYPy_Simulation_bessy2lo_56m_PGM_2Perc_coupling_errors_on_FLUX/round_5/80_bessy2lo_56m_PGM_2Perc_coupling_errors_on_FLUX.rml
2025-02-08 00:41:21,222 - INFO - Prepared sim number: 81: RAYPy_Simulation_bessy2lo_56m_PGM_2Perc_coupling_errors_on_FLUX/round_5/81_bessy2lo_56m_PGM_2Perc_coupling_errors_on_FLUX.rml
2025-02-08 00:41:21,225 - INFO - Prepared sim number: 82: RAYPy_Simulation_bessy2lo_56m_PGM_2Perc_coupling_errors_on_FLUX/round_5/82_bessy2lo_56m_PGM_2Perc_coupling_errors_on_FLUX.rml
2025-02-08 00:41:21,229 - INFO - Prepared sim number: 83: RAYPy_Simulation_bessy2lo_56m_PGM_2Perc_coupling_errors_on_FLUX/round_5/83_bessy2lo_56m_PGM_2Perc_coupling_errors_on_FLUX.rml
2025-02-08 00:41:21,233 - INFO - Prepared sim number: 84: RAYPy_Simulation_bessy2lo_56m_PGM_2Perc_coupling_errors_on_FLUX/round_5/84_bessy2lo_56m_PGM_2Perc_coupling_errors_on_FLUX.rml
2025-02-08 00:41:21,237 - INFO - Prepared sim number: 85: RAYPy_Simulation_bessy2lo_56m_PGM_2Perc_coupling_errors_on_FLUX/round_5/85_bessy2lo_56m_PGM_2Perc_coupling_errors_on_FLUX.rml
2025-02-08 00:41:21,240 - INFO - Prepared sim number: 86: RAYPy_Simulation_bessy2lo_56m_PGM_2Perc_coupling_errors_on_FLUX/round_5/86_bessy2lo_56m_PGM_2Perc_coupling_errors_on_FLUX.rml
2025-02-08 00:41:21,244 - INFO - Prepared sim number: 87: RAYPy_Simulation_bessy2lo_56m_PGM_2Perc_coupling_errors_on_FLUX/round_5/87_bessy2lo_56m_PGM_2Perc_coupling_errors_on_FLUX.rml
2025-02-08 00:41:21,248 - INFO - Prepared sim number: 88: RAYPy_Simulation_bessy2lo_56m_PGM_2Perc_coupling_errors_on_FLUX/round_5/88_bessy2lo_56m_PGM_2Perc_coupling_errors_on_FLUX.rml
2025-02-08 00:41:21,252 - INFO - Prepared sim number: 89: RAYPy_Simulation_bessy2lo_56m_PGM_2Perc_coupling_errors_on_FLUX/round_5/89_bessy2lo_56m_PGM_2Perc_coupling_errors_on_FLUX.rml
2025-02-08 00:41:21,256 - INFO - Prepared sim number: 90: RAYPy_Simulation_bessy2lo_56m_PGM_2Perc_coupling_errors_on_FLUX/round_5/90_bessy2lo_56m_PGM_2Perc_coupling_errors_on_FLUX.rml
2025-02-08 00:41:21,260 - INFO - Prepared sim number: 91: RAYPy_Simulation_bessy2lo_56m_PGM_2Perc_coupling_errors_on_FLUX/round_5/91_bessy2lo_56m_PGM_2Perc_coupling_errors_on_FLUX.rml
2025-02-08 00:41:21,263 - INFO - Prepared sim number: 92: RAYPy_Simulation_bessy2lo_56m_PGM_2Perc_coupling_errors_on_FLUX/round_5/92_bessy2lo_56m_PGM_2Perc_coupling_errors_on_FLUX.rml
2025-02-08 00:41:21,267 - INFO - Prepared sim number: 93: RAYPy_Simulation_bessy2lo_56m_PGM_2Perc_coupling_errors_on_FLUX/round_5/93_bessy2lo_56m_PGM_2Perc_coupling_errors_on_FLUX.rml
2025-02-08 00:41:21,271 - INFO - Prepared sim number: 94: RAYPy_Simulation_bessy2lo_56m_PGM_2Perc_coupling_errors_on_FLUX/round_5/94_bessy2lo_56m_PGM_2Perc_coupling_errors_on_FLUX.rml
2025-02-08 00:41:21,275 - INFO - Prepared sim number: 95: RAYPy_Simulation_bessy2lo_56m_PGM_2Perc_coupling_errors_on_FLUX/round_5/95_bessy2lo_56m_PGM_2Perc_coupling_errors_on_FLUX.rml
2025-02-08 00:41:21,279 - INFO - Prepared sim number: 96: RAYPy_Simulation_bessy2lo_56m_PGM_2Perc_coupling_errors_on_FLUX/round_5/96_bessy2lo_56m_PGM_2Perc_coupling_errors_on_FLUX.rml
2025-02-08 00:41:21,282 - INFO - Prepared sim number: 97: RAYPy_Simulation_bessy2lo_56m_PGM_2Perc_coupling_errors_on_FLUX/round_5/97_bessy2lo_56m_PGM_2Perc_coupling_errors_on_FLUX.rml
2025-02-08 00:41:21,286 - INFO - Prepared sim number: 98: RAYPy_Simulation_bessy2lo_56m_PGM_2Perc_coupling_errors_on_FLUX/round_5/98_bessy2lo_56m_PGM_2Perc_coupling_errors_on_FLUX.rml
2025-02-08 00:41:21,290 - INFO - Prepared sim number: 99: RAYPy_Simulation_bessy2lo_56m_PGM_2Perc_coupling_errors_on_FLUX/round_5/99_bessy2lo_56m_PGM_2Perc_coupling_errors_on_FLUX.rml
2025-02-08 00:41:21,294 - INFO - Prepared sim number: 100: RAYPy_Simulation_bessy2lo_56m_PGM_2Perc_coupling_errors_on_FLUX/round_5/100_bessy2lo_56m_PGM_2Perc_coupling_errors_on_FLUX.rml
2025-02-08 00:41:21,298 - INFO - Prepared sim number: 101: RAYPy_Simulation_bessy2lo_56m_PGM_2Perc_coupling_errors_on_FLUX/round_5/101_bessy2lo_56m_PGM_2Perc_coupling_errors_on_FLUX.rml
2025-02-08 00:41:21,302 - INFO - Prepared sim number: 102: RAYPy_Simulation_bessy2lo_56m_PGM_2Perc_coupling_errors_on_FLUX/round_5/102_bessy2lo_56m_PGM_2Perc_coupling_errors_on_FLUX.rml
2025-02-08 00:41:21,306 - INFO - Prepared sim number: 103: RAYPy_Simulation_bessy2lo_56m_PGM_2Perc_coupling_errors_on_FLUX/round_5/103_bessy2lo_56m_PGM_2Perc_coupling_errors_on_FLUX.rml
2025-02-08 00:41:21,311 - INFO - Prepared sim number: 104: RAYPy_Simulation_bessy2lo_56m_PGM_2Perc_coupling_errors_on_FLUX/round_5/104_bessy2lo_56m_PGM_2Perc_coupling_errors_on_FLUX.rml
2025-02-08 00:41:21,312 - INFO - Waiting for batch number: 11, timeout: 96.52677491251028s
2025-02-08 00:41:36,315 - INFO - Completed: 1, remaining: 59, RAYPy_Simulation_bessy2lo_56m_PGM_2Perc_coupling_errors_on_FLUX/round_5/48_bessy2lo_56m_PGM_2Perc_coupling_errors_on_FLUX.rml
2025-02-08 00:41:36,573 - INFO - Completed: 2, remaining: 58, RAYPy_Simulation_bessy2lo_56m_PGM_2Perc_coupling_errors_on_FLUX/round_5/46_bessy2lo_56m_PGM_2Perc_coupling_errors_on_FLUX.rml
2025-02-08 00:41:36,774 - INFO - Completed: 3, remaining: 57, RAYPy_Simulation_bessy2lo_56m_PGM_2Perc_coupling_errors_on_FLUX/round_5/56_bessy2lo_56m_PGM_2Perc_coupling_errors_on_FLUX.rml
2025-02-08 00:41:36,833 - INFO - Completed: 4, remaining: 56, RAYPy_Simulation_bessy2lo_56m_PGM_2Perc_coupling_errors_on_FLUX/round_5/51_bessy2lo_56m_PGM_2Perc_coupling_errors_on_FLUX.rml
2025-02-08 00:41:37,487 - INFO - Completed: 5, remaining: 55, RAYPy_Simulation_bessy2lo_56m_PGM_2Perc_coupling_errors_on_FLUX/round_5/54_bessy2lo_56m_PGM_2Perc_coupling_errors_on_FLUX.rml
2025-02-08 00:41:38,516 - INFO - Completed: 6, remaining: 54, RAYPy_Simulation_bessy2lo_56m_PGM_2Perc_coupling_errors_on_FLUX/round_5/45_bessy2lo_56m_PGM_2Perc_coupling_errors_on_FLUX.rml
2025-02-08 00:41:39,537 - INFO - Completed: 7, remaining: 53, RAYPy_Simulation_bessy2lo_56m_PGM_2Perc_coupling_errors_on_FLUX/round_5/47_bessy2lo_56m_PGM_2Perc_coupling_errors_on_FLUX.rml
2025-02-08 00:41:39,630 - INFO - Completed: 8, remaining: 52, RAYPy_Simulation_bessy2lo_56m_PGM_2Perc_coupling_errors_on_FLUX/round_5/49_bessy2lo_56m_PGM_2Perc_coupling_errors_on_FLUX.rml
2025-02-08 00:41:39,664 - INFO - Completed: 9, remaining: 51, RAYPy_Simulation_bessy2lo_56m_PGM_2Perc_coupling_errors_on_FLUX/round_5/52_bessy2lo_56m_PGM_2Perc_coupling_errors_on_FLUX.rml
2025-02-08 00:41:39,733 - INFO - Completed: 10, remaining: 50, RAYPy_Simulation_bessy2lo_56m_PGM_2Perc_coupling_errors_on_FLUX/round_5/50_bessy2lo_56m_PGM_2Perc_coupling_errors_on_FLUX.rml
2025-02-08 00:41:39,877 - INFO - Completed: 11, remaining: 49, RAYPy_Simulation_bessy2lo_56m_PGM_2Perc_coupling_errors_on_FLUX/round_5/53_bessy2lo_56m_PGM_2Perc_coupling_errors_on_FLUX.rml
2025-02-08 00:41:40,391 - INFO - Completed: 12, remaining: 48, RAYPy_Simulation_bessy2lo_56m_PGM_2Perc_coupling_errors_on_FLUX/round_5/55_bessy2lo_56m_PGM_2Perc_coupling_errors_on_FLUX.rml
2025-02-08 00:41:51,679 - INFO - Completed: 13, remaining: 47, RAYPy_Simulation_bessy2lo_56m_PGM_2Perc_coupling_errors_on_FLUX/round_5/57_bessy2lo_56m_PGM_2Perc_coupling_errors_on_FLUX.rml
2025-02-08 00:41:52,280 - INFO - Completed: 14, remaining: 46, RAYPy_Simulation_bessy2lo_56m_PGM_2Perc_coupling_errors_on_FLUX/round_5/58_bessy2lo_56m_PGM_2Perc_coupling_errors_on_FLUX.rml
2025-02-08 00:41:52,742 - INFO - Completed: 15, remaining: 45, RAYPy_Simulation_bessy2lo_56m_PGM_2Perc_coupling_errors_on_FLUX/round_5/60_bessy2lo_56m_PGM_2Perc_coupling_errors_on_FLUX.rml
2025-02-08 00:41:52,910 - INFO - Completed: 16, remaining: 44, RAYPy_Simulation_bessy2lo_56m_PGM_2Perc_coupling_errors_on_FLUX/round_5/59_bessy2lo_56m_PGM_2Perc_coupling_errors_on_FLUX.rml
2025-02-08 00:41:54,760 - INFO - Completed: 17, remaining: 43, RAYPy_Simulation_bessy2lo_56m_PGM_2Perc_coupling_errors_on_FLUX/round_5/61_bessy2lo_56m_PGM_2Perc_coupling_errors_on_FLUX.rml
2025-02-08 00:41:55,369 - INFO - Completed: 18, remaining: 42, RAYPy_Simulation_bessy2lo_56m_PGM_2Perc_coupling_errors_on_FLUX/round_5/62_bessy2lo_56m_PGM_2Perc_coupling_errors_on_FLUX.rml
2025-02-08 00:41:56,343 - INFO - Completed: 19, remaining: 41, RAYPy_Simulation_bessy2lo_56m_PGM_2Perc_coupling_errors_on_FLUX/round_5/65_bessy2lo_56m_PGM_2Perc_coupling_errors_on_FLUX.rml
2025-02-08 00:41:56,393 - INFO - Completed: 20, remaining: 40, RAYPy_Simulation_bessy2lo_56m_PGM_2Perc_coupling_errors_on_FLUX/round_5/63_bessy2lo_56m_PGM_2Perc_coupling_errors_on_FLUX.rml
2025-02-08 00:41:56,588 - INFO - Completed: 21, remaining: 39, RAYPy_Simulation_bessy2lo_56m_PGM_2Perc_coupling_errors_on_FLUX/round_5/64_bessy2lo_56m_PGM_2Perc_coupling_errors_on_FLUX.rml
2025-02-08 00:41:56,650 - INFO - Completed: 22, remaining: 38, RAYPy_Simulation_bessy2lo_56m_PGM_2Perc_coupling_errors_on_FLUX/round_5/67_bessy2lo_56m_PGM_2Perc_coupling_errors_on_FLUX.rml
2025-02-08 00:41:57,129 - INFO - Completed: 23, remaining: 37, RAYPy_Simulation_bessy2lo_56m_PGM_2Perc_coupling_errors_on_FLUX/round_5/68_bessy2lo_56m_PGM_2Perc_coupling_errors_on_FLUX.rml
2025-02-08 00:41:58,035 - INFO - Completed: 24, remaining: 36, RAYPy_Simulation_bessy2lo_56m_PGM_2Perc_coupling_errors_on_FLUX/round_5/66_bessy2lo_56m_PGM_2Perc_coupling_errors_on_FLUX.rml
2025-02-08 00:42:07,419 - INFO - Completed: 25, remaining: 35, RAYPy_Simulation_bessy2lo_56m_PGM_2Perc_coupling_errors_on_FLUX/round_5/69_bessy2lo_56m_PGM_2Perc_coupling_errors_on_FLUX.rml
2025-02-08 00:42:08,335 - INFO - Completed: 26, remaining: 34, RAYPy_Simulation_bessy2lo_56m_PGM_2Perc_coupling_errors_on_FLUX/round_5/70_bessy2lo_56m_PGM_2Perc_coupling_errors_on_FLUX.rml
2025-02-08 00:42:08,757 - INFO - Completed: 27, remaining: 33, RAYPy_Simulation_bessy2lo_56m_PGM_2Perc_coupling_errors_on_FLUX/round_5/71_bessy2lo_56m_PGM_2Perc_coupling_errors_on_FLUX.rml
2025-02-08 00:42:09,102 - INFO - Completed: 28, remaining: 32, RAYPy_Simulation_bessy2lo_56m_PGM_2Perc_coupling_errors_on_FLUX/round_5/72_bessy2lo_56m_PGM_2Perc_coupling_errors_on_FLUX.rml
2025-02-08 00:42:11,374 - INFO - Completed: 29, remaining: 31, RAYPy_Simulation_bessy2lo_56m_PGM_2Perc_coupling_errors_on_FLUX/round_5/73_bessy2lo_56m_PGM_2Perc_coupling_errors_on_FLUX.rml
2025-02-08 00:42:12,138 - INFO - Completed: 30, remaining: 30, RAYPy_Simulation_bessy2lo_56m_PGM_2Perc_coupling_errors_on_FLUX/round_5/74_bessy2lo_56m_PGM_2Perc_coupling_errors_on_FLUX.rml
2025-02-08 00:42:12,828 - INFO - Completed: 31, remaining: 29, RAYPy_Simulation_bessy2lo_56m_PGM_2Perc_coupling_errors_on_FLUX/round_5/78_bessy2lo_56m_PGM_2Perc_coupling_errors_on_FLUX.rml
2025-02-08 00:42:13,016 - INFO - Completed: 32, remaining: 28, RAYPy_Simulation_bessy2lo_56m_PGM_2Perc_coupling_errors_on_FLUX/round_5/75_bessy2lo_56m_PGM_2Perc_coupling_errors_on_FLUX.rml
2025-02-08 00:42:13,452 - INFO - Completed: 33, remaining: 27, RAYPy_Simulation_bessy2lo_56m_PGM_2Perc_coupling_errors_on_FLUX/round_5/76_bessy2lo_56m_PGM_2Perc_coupling_errors_on_FLUX.rml
2025-02-08 00:42:13,661 - INFO - Completed: 34, remaining: 26, RAYPy_Simulation_bessy2lo_56m_PGM_2Perc_coupling_errors_on_FLUX/round_5/77_bessy2lo_56m_PGM_2Perc_coupling_errors_on_FLUX.rml
2025-02-08 00:42:14,127 - INFO - Completed: 35, remaining: 25, RAYPy_Simulation_bessy2lo_56m_PGM_2Perc_coupling_errors_on_FLUX/round_5/79_bessy2lo_56m_PGM_2Perc_coupling_errors_on_FLUX.rml
2025-02-08 00:42:14,261 - INFO - Completed: 36, remaining: 24, RAYPy_Simulation_bessy2lo_56m_PGM_2Perc_coupling_errors_on_FLUX/round_5/80_bessy2lo_56m_PGM_2Perc_coupling_errors_on_FLUX.rml
2025-02-08 00:42:21,977 - INFO - Completed: 37, remaining: 23, RAYPy_Simulation_bessy2lo_56m_PGM_2Perc_coupling_errors_on_FLUX/round_5/81_bessy2lo_56m_PGM_2Perc_coupling_errors_on_FLUX.rml
2025-02-08 00:42:22,643 - INFO - Completed: 38, remaining: 22, RAYPy_Simulation_bessy2lo_56m_PGM_2Perc_coupling_errors_on_FLUX/round_5/82_bessy2lo_56m_PGM_2Perc_coupling_errors_on_FLUX.rml
2025-02-08 00:42:23,964 - INFO - Completed: 39, remaining: 21, RAYPy_Simulation_bessy2lo_56m_PGM_2Perc_coupling_errors_on_FLUX/round_5/84_bessy2lo_56m_PGM_2Perc_coupling_errors_on_FLUX.rml
2025-02-08 00:42:24,147 - INFO - Completed: 40, remaining: 20, RAYPy_Simulation_bessy2lo_56m_PGM_2Perc_coupling_errors_on_FLUX/round_5/83_bessy2lo_56m_PGM_2Perc_coupling_errors_on_FLUX.rml
2025-02-08 00:42:26,842 - INFO - Completed: 41, remaining: 19, RAYPy_Simulation_bessy2lo_56m_PGM_2Perc_coupling_errors_on_FLUX/round_5/85_bessy2lo_56m_PGM_2Perc_coupling_errors_on_FLUX.rml
2025-02-08 00:42:27,931 - INFO - Completed: 42, remaining: 18, RAYPy_Simulation_bessy2lo_56m_PGM_2Perc_coupling_errors_on_FLUX/round_5/86_bessy2lo_56m_PGM_2Perc_coupling_errors_on_FLUX.rml
2025-02-08 00:42:28,525 - INFO - Completed: 43, remaining: 17, RAYPy_Simulation_bessy2lo_56m_PGM_2Perc_coupling_errors_on_FLUX/round_5/87_bessy2lo_56m_PGM_2Perc_coupling_errors_on_FLUX.rml
2025-02-08 00:42:29,347 - INFO - Completed: 44, remaining: 16, RAYPy_Simulation_bessy2lo_56m_PGM_2Perc_coupling_errors_on_FLUX/round_5/88_bessy2lo_56m_PGM_2Perc_coupling_errors_on_FLUX.rml
2025-02-08 00:42:29,708 - INFO - Completed: 45, remaining: 15, RAYPy_Simulation_bessy2lo_56m_PGM_2Perc_coupling_errors_on_FLUX/round_5/90_bessy2lo_56m_PGM_2Perc_coupling_errors_on_FLUX.rml
2025-02-08 00:42:29,749 - INFO - Completed: 46, remaining: 14, RAYPy_Simulation_bessy2lo_56m_PGM_2Perc_coupling_errors_on_FLUX/round_5/89_bessy2lo_56m_PGM_2Perc_coupling_errors_on_FLUX.rml
2025-02-08 00:42:30,953 - INFO - Completed: 47, remaining: 13, RAYPy_Simulation_bessy2lo_56m_PGM_2Perc_coupling_errors_on_FLUX/round_5/92_bessy2lo_56m_PGM_2Perc_coupling_errors_on_FLUX.rml
2025-02-08 00:42:31,701 - INFO - Completed: 48, remaining: 12, RAYPy_Simulation_bessy2lo_56m_PGM_2Perc_coupling_errors_on_FLUX/round_5/91_bessy2lo_56m_PGM_2Perc_coupling_errors_on_FLUX.rml
2025-02-08 00:42:37,492 - INFO - Completed: 49, remaining: 11, RAYPy_Simulation_bessy2lo_56m_PGM_2Perc_coupling_errors_on_FLUX/round_5/93_bessy2lo_56m_PGM_2Perc_coupling_errors_on_FLUX.rml
2025-02-08 00:42:37,967 - INFO - Completed: 50, remaining: 10, RAYPy_Simulation_bessy2lo_56m_PGM_2Perc_coupling_errors_on_FLUX/round_5/94_bessy2lo_56m_PGM_2Perc_coupling_errors_on_FLUX.rml
2025-02-08 00:42:39,410 - INFO - Completed: 51, remaining: 9, RAYPy_Simulation_bessy2lo_56m_PGM_2Perc_coupling_errors_on_FLUX/round_5/96_bessy2lo_56m_PGM_2Perc_coupling_errors_on_FLUX.rml
2025-02-08 00:42:39,630 - INFO - Completed: 52, remaining: 8, RAYPy_Simulation_bessy2lo_56m_PGM_2Perc_coupling_errors_on_FLUX/round_5/95_bessy2lo_56m_PGM_2Perc_coupling_errors_on_FLUX.rml
2025-02-08 00:42:41,542 - INFO - Completed: 53, remaining: 7, RAYPy_Simulation_bessy2lo_56m_PGM_2Perc_coupling_errors_on_FLUX/round_5/97_bessy2lo_56m_PGM_2Perc_coupling_errors_on_FLUX.rml
2025-02-08 00:42:42,317 - INFO - Completed: 54, remaining: 6, RAYPy_Simulation_bessy2lo_56m_PGM_2Perc_coupling_errors_on_FLUX/round_5/98_bessy2lo_56m_PGM_2Perc_coupling_errors_on_FLUX.rml
2025-02-08 00:42:42,709 - INFO - Completed: 55, remaining: 5, RAYPy_Simulation_bessy2lo_56m_PGM_2Perc_coupling_errors_on_FLUX/round_5/99_bessy2lo_56m_PGM_2Perc_coupling_errors_on_FLUX.rml
2025-02-08 00:42:43,242 - INFO - Completed: 56, remaining: 4, RAYPy_Simulation_bessy2lo_56m_PGM_2Perc_coupling_errors_on_FLUX/round_5/100_bessy2lo_56m_PGM_2Perc_coupling_errors_on_FLUX.rml
2025-02-08 00:42:43,267 - INFO - Completed: 57, remaining: 3, RAYPy_Simulation_bessy2lo_56m_PGM_2Perc_coupling_errors_on_FLUX/round_5/101_bessy2lo_56m_PGM_2Perc_coupling_errors_on_FLUX.rml
2025-02-08 00:42:43,436 - INFO - Completed: 58, remaining: 2, RAYPy_Simulation_bessy2lo_56m_PGM_2Perc_coupling_errors_on_FLUX/round_5/102_bessy2lo_56m_PGM_2Perc_coupling_errors_on_FLUX.rml
2025-02-08 00:42:43,738 - INFO - Completed: 59, remaining: 1, RAYPy_Simulation_bessy2lo_56m_PGM_2Perc_coupling_errors_on_FLUX/round_5/103_bessy2lo_56m_PGM_2Perc_coupling_errors_on_FLUX.rml
2025-02-08 00:42:43,919 - INFO - Completed: 60, remaining: 0, RAYPy_Simulation_bessy2lo_56m_PGM_2Perc_coupling_errors_on_FLUX/round_5/104_bessy2lo_56m_PGM_2Perc_coupling_errors_on_FLUX.rml
2025-02-08 00:42:43,919 - INFO - Batch Completed
2025-02-08 00:42:43,919 - INFO - Waiting For batch, 60 simulations to go
2025-02-08 00:42:43,924 - INFO - Prepared sim number: 105: RAYPy_Simulation_bessy2lo_56m_PGM_2Perc_coupling_errors_on_FLUX/round_5/105_bessy2lo_56m_PGM_2Perc_coupling_errors_on_FLUX.rml
2025-02-08 00:42:43,930 - INFO - Prepared sim number: 106: RAYPy_Simulation_bessy2lo_56m_PGM_2Perc_coupling_errors_on_FLUX/round_5/106_bessy2lo_56m_PGM_2Perc_coupling_errors_on_FLUX.rml
2025-02-08 00:42:43,939 - INFO - Prepared sim number: 107: RAYPy_Simulation_bessy2lo_56m_PGM_2Perc_coupling_errors_on_FLUX/round_5/107_bessy2lo_56m_PGM_2Perc_coupling_errors_on_FLUX.rml
2025-02-08 00:42:43,944 - INFO - Prepared sim number: 108: RAYPy_Simulation_bessy2lo_56m_PGM_2Perc_coupling_errors_on_FLUX/round_5/108_bessy2lo_56m_PGM_2Perc_coupling_errors_on_FLUX.rml
2025-02-08 00:42:43,949 - INFO - Prepared sim number: 109: RAYPy_Simulation_bessy2lo_56m_PGM_2Perc_coupling_errors_on_FLUX/round_5/109_bessy2lo_56m_PGM_2Perc_coupling_errors_on_FLUX.rml
2025-02-08 00:42:43,953 - INFO - Prepared sim number: 110: RAYPy_Simulation_bessy2lo_56m_PGM_2Perc_coupling_errors_on_FLUX/round_5/110_bessy2lo_56m_PGM_2Perc_coupling_errors_on_FLUX.rml
2025-02-08 00:42:43,958 - INFO - Prepared sim number: 111: RAYPy_Simulation_bessy2lo_56m_PGM_2Perc_coupling_errors_on_FLUX/round_5/111_bessy2lo_56m_PGM_2Perc_coupling_errors_on_FLUX.rml
2025-02-08 00:42:43,962 - INFO - Prepared sim number: 112: RAYPy_Simulation_bessy2lo_56m_PGM_2Perc_coupling_errors_on_FLUX/round_5/112_bessy2lo_56m_PGM_2Perc_coupling_errors_on_FLUX.rml
2025-02-08 00:42:43,967 - INFO - Prepared sim number: 113: RAYPy_Simulation_bessy2lo_56m_PGM_2Perc_coupling_errors_on_FLUX/round_5/113_bessy2lo_56m_PGM_2Perc_coupling_errors_on_FLUX.rml
2025-02-08 00:42:43,977 - INFO - Prepared sim number: 114: RAYPy_Simulation_bessy2lo_56m_PGM_2Perc_coupling_errors_on_FLUX/round_5/114_bessy2lo_56m_PGM_2Perc_coupling_errors_on_FLUX.rml
2025-02-08 00:42:43,982 - INFO - Prepared sim number: 115: RAYPy_Simulation_bessy2lo_56m_PGM_2Perc_coupling_errors_on_FLUX/round_5/115_bessy2lo_56m_PGM_2Perc_coupling_errors_on_FLUX.rml
2025-02-08 00:42:43,987 - INFO - Prepared sim number: 116: RAYPy_Simulation_bessy2lo_56m_PGM_2Perc_coupling_errors_on_FLUX/round_5/116_bessy2lo_56m_PGM_2Perc_coupling_errors_on_FLUX.rml
2025-02-08 00:42:43,991 - INFO - Prepared sim number: 117: RAYPy_Simulation_bessy2lo_56m_PGM_2Perc_coupling_errors_on_FLUX/round_5/117_bessy2lo_56m_PGM_2Perc_coupling_errors_on_FLUX.rml
2025-02-08 00:42:43,995 - INFO - Prepared sim number: 118: RAYPy_Simulation_bessy2lo_56m_PGM_2Perc_coupling_errors_on_FLUX/round_5/118_bessy2lo_56m_PGM_2Perc_coupling_errors_on_FLUX.rml
2025-02-08 00:42:43,999 - INFO - Prepared sim number: 119: RAYPy_Simulation_bessy2lo_56m_PGM_2Perc_coupling_errors_on_FLUX/round_5/119_bessy2lo_56m_PGM_2Perc_coupling_errors_on_FLUX.rml
2025-02-08 00:42:44,003 - INFO - Prepared sim number: 120: RAYPy_Simulation_bessy2lo_56m_PGM_2Perc_coupling_errors_on_FLUX/round_5/120_bessy2lo_56m_PGM_2Perc_coupling_errors_on_FLUX.rml
2025-02-08 00:42:44,006 - INFO - Prepared sim number: 121: RAYPy_Simulation_bessy2lo_56m_PGM_2Perc_coupling_errors_on_FLUX/round_5/121_bessy2lo_56m_PGM_2Perc_coupling_errors_on_FLUX.rml
2025-02-08 00:42:44,010 - INFO - Prepared sim number: 122: RAYPy_Simulation_bessy2lo_56m_PGM_2Perc_coupling_errors_on_FLUX/round_5/122_bessy2lo_56m_PGM_2Perc_coupling_errors_on_FLUX.rml
2025-02-08 00:42:44,010 - INFO - Start round 6
2025-02-08 00:42:44,013 - INFO - Prepared sim number: 0: RAYPy_Simulation_bessy2lo_56m_PGM_2Perc_coupling_errors_on_FLUX/round_6/0_bessy2lo_56m_PGM_2Perc_coupling_errors_on_FLUX.rml
2025-02-08 00:42:44,016 - INFO - Prepared sim number: 1: RAYPy_Simulation_bessy2lo_56m_PGM_2Perc_coupling_errors_on_FLUX/round_6/1_bessy2lo_56m_PGM_2Perc_coupling_errors_on_FLUX.rml
2025-02-08 00:42:44,021 - INFO - Prepared sim number: 2: RAYPy_Simulation_bessy2lo_56m_PGM_2Perc_coupling_errors_on_FLUX/round_6/2_bessy2lo_56m_PGM_2Perc_coupling_errors_on_FLUX.rml
2025-02-08 00:42:44,026 - INFO - Prepared sim number: 3: RAYPy_Simulation_bessy2lo_56m_PGM_2Perc_coupling_errors_on_FLUX/round_6/3_bessy2lo_56m_PGM_2Perc_coupling_errors_on_FLUX.rml
2025-02-08 00:42:44,029 - INFO - Prepared sim number: 4: RAYPy_Simulation_bessy2lo_56m_PGM_2Perc_coupling_errors_on_FLUX/round_6/4_bessy2lo_56m_PGM_2Perc_coupling_errors_on_FLUX.rml
2025-02-08 00:42:44,034 - INFO - Prepared sim number: 5: RAYPy_Simulation_bessy2lo_56m_PGM_2Perc_coupling_errors_on_FLUX/round_6/5_bessy2lo_56m_PGM_2Perc_coupling_errors_on_FLUX.rml
2025-02-08 00:42:44,039 - INFO - Prepared sim number: 6: RAYPy_Simulation_bessy2lo_56m_PGM_2Perc_coupling_errors_on_FLUX/round_6/6_bessy2lo_56m_PGM_2Perc_coupling_errors_on_FLUX.rml
2025-02-08 00:42:44,043 - INFO - Prepared sim number: 7: RAYPy_Simulation_bessy2lo_56m_PGM_2Perc_coupling_errors_on_FLUX/round_6/7_bessy2lo_56m_PGM_2Perc_coupling_errors_on_FLUX.rml
2025-02-08 00:42:44,046 - INFO - Prepared sim number: 8: RAYPy_Simulation_bessy2lo_56m_PGM_2Perc_coupling_errors_on_FLUX/round_6/8_bessy2lo_56m_PGM_2Perc_coupling_errors_on_FLUX.rml
2025-02-08 00:42:44,049 - INFO - Prepared sim number: 9: RAYPy_Simulation_bessy2lo_56m_PGM_2Perc_coupling_errors_on_FLUX/round_6/9_bessy2lo_56m_PGM_2Perc_coupling_errors_on_FLUX.rml
2025-02-08 00:42:44,053 - INFO - Prepared sim number: 10: RAYPy_Simulation_bessy2lo_56m_PGM_2Perc_coupling_errors_on_FLUX/round_6/10_bessy2lo_56m_PGM_2Perc_coupling_errors_on_FLUX.rml
2025-02-08 00:42:44,056 - INFO - Prepared sim number: 11: RAYPy_Simulation_bessy2lo_56m_PGM_2Perc_coupling_errors_on_FLUX/round_6/11_bessy2lo_56m_PGM_2Perc_coupling_errors_on_FLUX.rml
2025-02-08 00:42:44,060 - INFO - Prepared sim number: 12: RAYPy_Simulation_bessy2lo_56m_PGM_2Perc_coupling_errors_on_FLUX/round_6/12_bessy2lo_56m_PGM_2Perc_coupling_errors_on_FLUX.rml
2025-02-08 00:42:44,063 - INFO - Prepared sim number: 13: RAYPy_Simulation_bessy2lo_56m_PGM_2Perc_coupling_errors_on_FLUX/round_6/13_bessy2lo_56m_PGM_2Perc_coupling_errors_on_FLUX.rml
2025-02-08 00:42:44,066 - INFO - Prepared sim number: 14: RAYPy_Simulation_bessy2lo_56m_PGM_2Perc_coupling_errors_on_FLUX/round_6/14_bessy2lo_56m_PGM_2Perc_coupling_errors_on_FLUX.rml
2025-02-08 00:42:44,070 - INFO - Prepared sim number: 15: RAYPy_Simulation_bessy2lo_56m_PGM_2Perc_coupling_errors_on_FLUX/round_6/15_bessy2lo_56m_PGM_2Perc_coupling_errors_on_FLUX.rml
2025-02-08 00:42:44,073 - INFO - Prepared sim number: 16: RAYPy_Simulation_bessy2lo_56m_PGM_2Perc_coupling_errors_on_FLUX/round_6/16_bessy2lo_56m_PGM_2Perc_coupling_errors_on_FLUX.rml
2025-02-08 00:42:44,077 - INFO - Prepared sim number: 17: RAYPy_Simulation_bessy2lo_56m_PGM_2Perc_coupling_errors_on_FLUX/round_6/17_bessy2lo_56m_PGM_2Perc_coupling_errors_on_FLUX.rml
2025-02-08 00:42:44,080 - INFO - Prepared sim number: 18: RAYPy_Simulation_bessy2lo_56m_PGM_2Perc_coupling_errors_on_FLUX/round_6/18_bessy2lo_56m_PGM_2Perc_coupling_errors_on_FLUX.rml
2025-02-08 00:42:44,084 - INFO - Prepared sim number: 19: RAYPy_Simulation_bessy2lo_56m_PGM_2Perc_coupling_errors_on_FLUX/round_6/19_bessy2lo_56m_PGM_2Perc_coupling_errors_on_FLUX.rml
2025-02-08 00:42:44,087 - INFO - Prepared sim number: 20: RAYPy_Simulation_bessy2lo_56m_PGM_2Perc_coupling_errors_on_FLUX/round_6/20_bessy2lo_56m_PGM_2Perc_coupling_errors_on_FLUX.rml
2025-02-08 00:42:44,091 - INFO - Prepared sim number: 21: RAYPy_Simulation_bessy2lo_56m_PGM_2Perc_coupling_errors_on_FLUX/round_6/21_bessy2lo_56m_PGM_2Perc_coupling_errors_on_FLUX.rml
2025-02-08 00:42:44,094 - INFO - Prepared sim number: 22: RAYPy_Simulation_bessy2lo_56m_PGM_2Perc_coupling_errors_on_FLUX/round_6/22_bessy2lo_56m_PGM_2Perc_coupling_errors_on_FLUX.rml
2025-02-08 00:42:44,098 - INFO - Prepared sim number: 23: RAYPy_Simulation_bessy2lo_56m_PGM_2Perc_coupling_errors_on_FLUX/round_6/23_bessy2lo_56m_PGM_2Perc_coupling_errors_on_FLUX.rml
2025-02-08 00:42:44,101 - INFO - Prepared sim number: 24: RAYPy_Simulation_bessy2lo_56m_PGM_2Perc_coupling_errors_on_FLUX/round_6/24_bessy2lo_56m_PGM_2Perc_coupling_errors_on_FLUX.rml
2025-02-08 00:42:44,105 - INFO - Prepared sim number: 25: RAYPy_Simulation_bessy2lo_56m_PGM_2Perc_coupling_errors_on_FLUX/round_6/25_bessy2lo_56m_PGM_2Perc_coupling_errors_on_FLUX.rml
2025-02-08 00:42:44,108 - INFO - Prepared sim number: 26: RAYPy_Simulation_bessy2lo_56m_PGM_2Perc_coupling_errors_on_FLUX/round_6/26_bessy2lo_56m_PGM_2Perc_coupling_errors_on_FLUX.rml
2025-02-08 00:42:44,111 - INFO - Prepared sim number: 27: RAYPy_Simulation_bessy2lo_56m_PGM_2Perc_coupling_errors_on_FLUX/round_6/27_bessy2lo_56m_PGM_2Perc_coupling_errors_on_FLUX.rml
2025-02-08 00:42:44,115 - INFO - Prepared sim number: 28: RAYPy_Simulation_bessy2lo_56m_PGM_2Perc_coupling_errors_on_FLUX/round_6/28_bessy2lo_56m_PGM_2Perc_coupling_errors_on_FLUX.rml
2025-02-08 00:42:44,118 - INFO - Prepared sim number: 29: RAYPy_Simulation_bessy2lo_56m_PGM_2Perc_coupling_errors_on_FLUX/round_6/29_bessy2lo_56m_PGM_2Perc_coupling_errors_on_FLUX.rml
2025-02-08 00:42:44,122 - INFO - Prepared sim number: 30: RAYPy_Simulation_bessy2lo_56m_PGM_2Perc_coupling_errors_on_FLUX/round_6/30_bessy2lo_56m_PGM_2Perc_coupling_errors_on_FLUX.rml
2025-02-08 00:42:44,126 - INFO - Prepared sim number: 31: RAYPy_Simulation_bessy2lo_56m_PGM_2Perc_coupling_errors_on_FLUX/round_6/31_bessy2lo_56m_PGM_2Perc_coupling_errors_on_FLUX.rml
2025-02-08 00:42:44,132 - INFO - Prepared sim number: 32: RAYPy_Simulation_bessy2lo_56m_PGM_2Perc_coupling_errors_on_FLUX/round_6/32_bessy2lo_56m_PGM_2Perc_coupling_errors_on_FLUX.rml
2025-02-08 00:42:44,136 - INFO - Prepared sim number: 33: RAYPy_Simulation_bessy2lo_56m_PGM_2Perc_coupling_errors_on_FLUX/round_6/33_bessy2lo_56m_PGM_2Perc_coupling_errors_on_FLUX.rml
2025-02-08 00:42:44,140 - INFO - Prepared sim number: 34: RAYPy_Simulation_bessy2lo_56m_PGM_2Perc_coupling_errors_on_FLUX/round_6/34_bessy2lo_56m_PGM_2Perc_coupling_errors_on_FLUX.rml
2025-02-08 00:42:44,144 - INFO - Prepared sim number: 35: RAYPy_Simulation_bessy2lo_56m_PGM_2Perc_coupling_errors_on_FLUX/round_6/35_bessy2lo_56m_PGM_2Perc_coupling_errors_on_FLUX.rml
2025-02-08 00:42:44,148 - INFO - Prepared sim number: 36: RAYPy_Simulation_bessy2lo_56m_PGM_2Perc_coupling_errors_on_FLUX/round_6/36_bessy2lo_56m_PGM_2Perc_coupling_errors_on_FLUX.rml
2025-02-08 00:42:44,152 - INFO - Prepared sim number: 37: RAYPy_Simulation_bessy2lo_56m_PGM_2Perc_coupling_errors_on_FLUX/round_6/37_bessy2lo_56m_PGM_2Perc_coupling_errors_on_FLUX.rml
2025-02-08 00:42:44,156 - INFO - Prepared sim number: 38: RAYPy_Simulation_bessy2lo_56m_PGM_2Perc_coupling_errors_on_FLUX/round_6/38_bessy2lo_56m_PGM_2Perc_coupling_errors_on_FLUX.rml
2025-02-08 00:42:44,160 - INFO - Prepared sim number: 39: RAYPy_Simulation_bessy2lo_56m_PGM_2Perc_coupling_errors_on_FLUX/round_6/39_bessy2lo_56m_PGM_2Perc_coupling_errors_on_FLUX.rml
2025-02-08 00:42:44,164 - INFO - Prepared sim number: 40: RAYPy_Simulation_bessy2lo_56m_PGM_2Perc_coupling_errors_on_FLUX/round_6/40_bessy2lo_56m_PGM_2Perc_coupling_errors_on_FLUX.rml
2025-02-08 00:42:44,168 - INFO - Prepared sim number: 41: RAYPy_Simulation_bessy2lo_56m_PGM_2Perc_coupling_errors_on_FLUX/round_6/41_bessy2lo_56m_PGM_2Perc_coupling_errors_on_FLUX.rml
2025-02-08 00:42:44,168 - INFO - Waiting for batch number: 12, timeout: 96.50631335274926s
2025-02-08 00:42:59,615 - INFO - Completed: 1, remaining: 59, RAYPy_Simulation_bessy2lo_56m_PGM_2Perc_coupling_errors_on_FLUX/round_5/116_bessy2lo_56m_PGM_2Perc_coupling_errors_on_FLUX.rml
2025-02-08 00:42:59,738 - INFO - Completed: 2, remaining: 58, RAYPy_Simulation_bessy2lo_56m_PGM_2Perc_coupling_errors_on_FLUX/round_5/111_bessy2lo_56m_PGM_2Perc_coupling_errors_on_FLUX.rml
2025-02-08 00:43:00,250 - INFO - Completed: 3, remaining: 57, RAYPy_Simulation_bessy2lo_56m_PGM_2Perc_coupling_errors_on_FLUX/round_5/114_bessy2lo_56m_PGM_2Perc_coupling_errors_on_FLUX.rml
2025-02-08 00:43:00,280 - INFO - Completed: 4, remaining: 56, RAYPy_Simulation_bessy2lo_56m_PGM_2Perc_coupling_errors_on_FLUX/round_5/112_bessy2lo_56m_PGM_2Perc_coupling_errors_on_FLUX.rml
2025-02-08 00:43:00,509 - INFO - Completed: 5, remaining: 55, RAYPy_Simulation_bessy2lo_56m_PGM_2Perc_coupling_errors_on_FLUX/round_5/110_bessy2lo_56m_PGM_2Perc_coupling_errors_on_FLUX.rml
2025-02-08 00:43:00,651 - INFO - Completed: 6, remaining: 54, RAYPy_Simulation_bessy2lo_56m_PGM_2Perc_coupling_errors_on_FLUX/round_5/108_bessy2lo_56m_PGM_2Perc_coupling_errors_on_FLUX.rml
2025-02-08 00:43:00,891 - INFO - Completed: 7, remaining: 53, RAYPy_Simulation_bessy2lo_56m_PGM_2Perc_coupling_errors_on_FLUX/round_5/109_bessy2lo_56m_PGM_2Perc_coupling_errors_on_FLUX.rml
2025-02-08 00:43:01,176 - INFO - Completed: 8, remaining: 52, RAYPy_Simulation_bessy2lo_56m_PGM_2Perc_coupling_errors_on_FLUX/round_5/106_bessy2lo_56m_PGM_2Perc_coupling_errors_on_FLUX.rml
2025-02-08 00:43:01,204 - INFO - Completed: 9, remaining: 51, RAYPy_Simulation_bessy2lo_56m_PGM_2Perc_coupling_errors_on_FLUX/round_5/115_bessy2lo_56m_PGM_2Perc_coupling_errors_on_FLUX.rml
2025-02-08 00:43:02,070 - INFO - Completed: 10, remaining: 50, RAYPy_Simulation_bessy2lo_56m_PGM_2Perc_coupling_errors_on_FLUX/round_5/105_bessy2lo_56m_PGM_2Perc_coupling_errors_on_FLUX.rml
2025-02-08 00:43:02,178 - INFO - Completed: 11, remaining: 49, RAYPy_Simulation_bessy2lo_56m_PGM_2Perc_coupling_errors_on_FLUX/round_5/107_bessy2lo_56m_PGM_2Perc_coupling_errors_on_FLUX.rml
2025-02-08 00:43:02,628 - INFO - Completed: 12, remaining: 48, RAYPy_Simulation_bessy2lo_56m_PGM_2Perc_coupling_errors_on_FLUX/round_5/113_bessy2lo_56m_PGM_2Perc_coupling_errors_on_FLUX.rml
2025-02-08 00:43:14,784 - INFO - Completed: 13, remaining: 47, RAYPy_Simulation_bessy2lo_56m_PGM_2Perc_coupling_errors_on_FLUX/round_5/117_bessy2lo_56m_PGM_2Perc_coupling_errors_on_FLUX.rml
2025-02-08 00:43:16,190 - INFO - Completed: 14, remaining: 46, RAYPy_Simulation_bessy2lo_56m_PGM_2Perc_coupling_errors_on_FLUX/round_5/122_bessy2lo_56m_PGM_2Perc_coupling_errors_on_FLUX.rml
2025-02-08 00:43:16,639 - INFO - Completed: 15, remaining: 45, RAYPy_Simulation_bessy2lo_56m_PGM_2Perc_coupling_errors_on_FLUX/round_5/121_bessy2lo_56m_PGM_2Perc_coupling_errors_on_FLUX.rml
2025-02-08 00:43:16,782 - INFO - Completed: 16, remaining: 44, RAYPy_Simulation_bessy2lo_56m_PGM_2Perc_coupling_errors_on_FLUX/round_5/119_bessy2lo_56m_PGM_2Perc_coupling_errors_on_FLUX.rml
2025-02-08 00:43:16,863 - INFO - Completed: 17, remaining: 43, RAYPy_Simulation_bessy2lo_56m_PGM_2Perc_coupling_errors_on_FLUX/round_5/120_bessy2lo_56m_PGM_2Perc_coupling_errors_on_FLUX.rml
2025-02-08 00:43:17,825 - INFO - Completed: 18, remaining: 42, RAYPy_Simulation_bessy2lo_56m_PGM_2Perc_coupling_errors_on_FLUX/round_6/1_bessy2lo_56m_PGM_2Perc_coupling_errors_on_FLUX.rml
2025-02-08 00:43:17,938 - INFO - Completed: 19, remaining: 41, RAYPy_Simulation_bessy2lo_56m_PGM_2Perc_coupling_errors_on_FLUX/round_6/2_bessy2lo_56m_PGM_2Perc_coupling_errors_on_FLUX.rml
2025-02-08 00:43:18,544 - INFO - Completed: 20, remaining: 40, RAYPy_Simulation_bessy2lo_56m_PGM_2Perc_coupling_errors_on_FLUX/round_5/118_bessy2lo_56m_PGM_2Perc_coupling_errors_on_FLUX.rml
2025-02-08 00:43:18,694 - INFO - Completed: 21, remaining: 39, RAYPy_Simulation_bessy2lo_56m_PGM_2Perc_coupling_errors_on_FLUX/round_6/0_bessy2lo_56m_PGM_2Perc_coupling_errors_on_FLUX.rml
2025-02-08 00:43:18,763 - INFO - Completed: 22, remaining: 38, RAYPy_Simulation_bessy2lo_56m_PGM_2Perc_coupling_errors_on_FLUX/round_6/4_bessy2lo_56m_PGM_2Perc_coupling_errors_on_FLUX.rml
2025-02-08 00:43:18,872 - INFO - Completed: 23, remaining: 37, RAYPy_Simulation_bessy2lo_56m_PGM_2Perc_coupling_errors_on_FLUX/round_6/5_bessy2lo_56m_PGM_2Perc_coupling_errors_on_FLUX.rml
2025-02-08 00:43:18,892 - INFO - Completed: 24, remaining: 36, RAYPy_Simulation_bessy2lo_56m_PGM_2Perc_coupling_errors_on_FLUX/round_6/3_bessy2lo_56m_PGM_2Perc_coupling_errors_on_FLUX.rml
2025-02-08 00:43:26,970 - INFO - Completed: 25, remaining: 35, RAYPy_Simulation_bessy2lo_56m_PGM_2Perc_coupling_errors_on_FLUX/round_6/6_bessy2lo_56m_PGM_2Perc_coupling_errors_on_FLUX.rml
2025-02-08 00:43:30,875 - INFO - Completed: 26, remaining: 34, RAYPy_Simulation_bessy2lo_56m_PGM_2Perc_coupling_errors_on_FLUX/round_6/7_bessy2lo_56m_PGM_2Perc_coupling_errors_on_FLUX.rml
2025-02-08 00:43:32,862 - INFO - Completed: 27, remaining: 33, RAYPy_Simulation_bessy2lo_56m_PGM_2Perc_coupling_errors_on_FLUX/round_6/9_bessy2lo_56m_PGM_2Perc_coupling_errors_on_FLUX.rml
2025-02-08 00:43:32,918 - INFO - Completed: 28, remaining: 32, RAYPy_Simulation_bessy2lo_56m_PGM_2Perc_coupling_errors_on_FLUX/round_6/8_bessy2lo_56m_PGM_2Perc_coupling_errors_on_FLUX.rml
2025-02-08 00:43:32,996 - INFO - Completed: 29, remaining: 31, RAYPy_Simulation_bessy2lo_56m_PGM_2Perc_coupling_errors_on_FLUX/round_6/10_bessy2lo_56m_PGM_2Perc_coupling_errors_on_FLUX.rml
2025-02-08 00:43:34,248 - INFO - Completed: 30, remaining: 30, RAYPy_Simulation_bessy2lo_56m_PGM_2Perc_coupling_errors_on_FLUX/round_6/11_bessy2lo_56m_PGM_2Perc_coupling_errors_on_FLUX.rml
2025-02-08 00:43:34,477 - INFO - Completed: 31, remaining: 29, RAYPy_Simulation_bessy2lo_56m_PGM_2Perc_coupling_errors_on_FLUX/round_6/12_bessy2lo_56m_PGM_2Perc_coupling_errors_on_FLUX.rml
2025-02-08 00:43:35,018 - INFO - Completed: 32, remaining: 28, RAYPy_Simulation_bessy2lo_56m_PGM_2Perc_coupling_errors_on_FLUX/round_6/13_bessy2lo_56m_PGM_2Perc_coupling_errors_on_FLUX.rml
2025-02-08 00:43:35,389 - INFO - Completed: 33, remaining: 27, RAYPy_Simulation_bessy2lo_56m_PGM_2Perc_coupling_errors_on_FLUX/round_6/16_bessy2lo_56m_PGM_2Perc_coupling_errors_on_FLUX.rml
2025-02-08 00:43:35,666 - INFO - Completed: 34, remaining: 26, RAYPy_Simulation_bessy2lo_56m_PGM_2Perc_coupling_errors_on_FLUX/round_6/14_bessy2lo_56m_PGM_2Perc_coupling_errors_on_FLUX.rml
2025-02-08 00:43:35,907 - INFO - Completed: 35, remaining: 25, RAYPy_Simulation_bessy2lo_56m_PGM_2Perc_coupling_errors_on_FLUX/round_6/15_bessy2lo_56m_PGM_2Perc_coupling_errors_on_FLUX.rml
2025-02-08 00:43:36,884 - INFO - Completed: 36, remaining: 24, RAYPy_Simulation_bessy2lo_56m_PGM_2Perc_coupling_errors_on_FLUX/round_6/17_bessy2lo_56m_PGM_2Perc_coupling_errors_on_FLUX.rml
2025-02-08 00:43:41,181 - INFO - Completed: 37, remaining: 23, RAYPy_Simulation_bessy2lo_56m_PGM_2Perc_coupling_errors_on_FLUX/round_6/18_bessy2lo_56m_PGM_2Perc_coupling_errors_on_FLUX.rml
2025-02-08 00:43:45,304 - INFO - Completed: 38, remaining: 22, RAYPy_Simulation_bessy2lo_56m_PGM_2Perc_coupling_errors_on_FLUX/round_6/19_bessy2lo_56m_PGM_2Perc_coupling_errors_on_FLUX.rml
2025-02-08 00:43:48,640 - INFO - Completed: 39, remaining: 21, RAYPy_Simulation_bessy2lo_56m_PGM_2Perc_coupling_errors_on_FLUX/round_6/20_bessy2lo_56m_PGM_2Perc_coupling_errors_on_FLUX.rml
2025-02-08 00:43:48,961 - INFO - Completed: 40, remaining: 20, RAYPy_Simulation_bessy2lo_56m_PGM_2Perc_coupling_errors_on_FLUX/round_6/21_bessy2lo_56m_PGM_2Perc_coupling_errors_on_FLUX.rml
2025-02-08 00:43:49,260 - INFO - Completed: 41, remaining: 19, RAYPy_Simulation_bessy2lo_56m_PGM_2Perc_coupling_errors_on_FLUX/round_6/22_bessy2lo_56m_PGM_2Perc_coupling_errors_on_FLUX.rml
2025-02-08 00:43:51,308 - INFO - Completed: 42, remaining: 18, RAYPy_Simulation_bessy2lo_56m_PGM_2Perc_coupling_errors_on_FLUX/round_6/24_bessy2lo_56m_PGM_2Perc_coupling_errors_on_FLUX.rml
2025-02-08 00:43:51,335 - INFO - Completed: 43, remaining: 17, RAYPy_Simulation_bessy2lo_56m_PGM_2Perc_coupling_errors_on_FLUX/round_6/23_bessy2lo_56m_PGM_2Perc_coupling_errors_on_FLUX.rml
2025-02-08 00:43:51,496 - INFO - Completed: 44, remaining: 16, RAYPy_Simulation_bessy2lo_56m_PGM_2Perc_coupling_errors_on_FLUX/round_6/25_bessy2lo_56m_PGM_2Perc_coupling_errors_on_FLUX.rml
2025-02-08 00:43:52,085 - INFO - Completed: 45, remaining: 15, RAYPy_Simulation_bessy2lo_56m_PGM_2Perc_coupling_errors_on_FLUX/round_6/28_bessy2lo_56m_PGM_2Perc_coupling_errors_on_FLUX.rml
2025-02-08 00:43:52,122 - INFO - Completed: 46, remaining: 14, RAYPy_Simulation_bessy2lo_56m_PGM_2Perc_coupling_errors_on_FLUX/round_6/26_bessy2lo_56m_PGM_2Perc_coupling_errors_on_FLUX.rml
2025-02-08 00:43:52,184 - INFO - Completed: 47, remaining: 13, RAYPy_Simulation_bessy2lo_56m_PGM_2Perc_coupling_errors_on_FLUX/round_6/27_bessy2lo_56m_PGM_2Perc_coupling_errors_on_FLUX.rml
2025-02-08 00:43:52,661 - INFO - Completed: 48, remaining: 12, RAYPy_Simulation_bessy2lo_56m_PGM_2Perc_coupling_errors_on_FLUX/round_6/29_bessy2lo_56m_PGM_2Perc_coupling_errors_on_FLUX.rml
2025-02-08 00:43:55,426 - INFO - Completed: 49, remaining: 11, RAYPy_Simulation_bessy2lo_56m_PGM_2Perc_coupling_errors_on_FLUX/round_6/30_bessy2lo_56m_PGM_2Perc_coupling_errors_on_FLUX.rml
2025-02-08 00:43:59,161 - INFO - Completed: 50, remaining: 10, RAYPy_Simulation_bessy2lo_56m_PGM_2Perc_coupling_errors_on_FLUX/round_6/31_bessy2lo_56m_PGM_2Perc_coupling_errors_on_FLUX.rml
2025-02-08 00:44:02,839 - INFO - Completed: 51, remaining: 9, RAYPy_Simulation_bessy2lo_56m_PGM_2Perc_coupling_errors_on_FLUX/round_6/32_bessy2lo_56m_PGM_2Perc_coupling_errors_on_FLUX.rml
2025-02-08 00:44:03,640 - INFO - Completed: 52, remaining: 8, RAYPy_Simulation_bessy2lo_56m_PGM_2Perc_coupling_errors_on_FLUX/round_6/34_bessy2lo_56m_PGM_2Perc_coupling_errors_on_FLUX.rml
2025-02-08 00:44:04,341 - INFO - Completed: 53, remaining: 7, RAYPy_Simulation_bessy2lo_56m_PGM_2Perc_coupling_errors_on_FLUX/round_6/33_bessy2lo_56m_PGM_2Perc_coupling_errors_on_FLUX.rml
2025-02-08 00:44:05,412 - INFO - Completed: 54, remaining: 6, RAYPy_Simulation_bessy2lo_56m_PGM_2Perc_coupling_errors_on_FLUX/round_6/36_bessy2lo_56m_PGM_2Perc_coupling_errors_on_FLUX.rml
2025-02-08 00:44:05,478 - INFO - Completed: 55, remaining: 5, RAYPy_Simulation_bessy2lo_56m_PGM_2Perc_coupling_errors_on_FLUX/round_6/37_bessy2lo_56m_PGM_2Perc_coupling_errors_on_FLUX.rml
2025-02-08 00:44:05,651 - INFO - Completed: 56, remaining: 4, RAYPy_Simulation_bessy2lo_56m_PGM_2Perc_coupling_errors_on_FLUX/round_6/40_bessy2lo_56m_PGM_2Perc_coupling_errors_on_FLUX.rml
2025-02-08 00:44:05,689 - INFO - Completed: 57, remaining: 3, RAYPy_Simulation_bessy2lo_56m_PGM_2Perc_coupling_errors_on_FLUX/round_6/38_bessy2lo_56m_PGM_2Perc_coupling_errors_on_FLUX.rml
2025-02-08 00:44:05,800 - INFO - Completed: 58, remaining: 2, RAYPy_Simulation_bessy2lo_56m_PGM_2Perc_coupling_errors_on_FLUX/round_6/39_bessy2lo_56m_PGM_2Perc_coupling_errors_on_FLUX.rml
2025-02-08 00:44:05,849 - INFO - Completed: 59, remaining: 1, RAYPy_Simulation_bessy2lo_56m_PGM_2Perc_coupling_errors_on_FLUX/round_6/35_bessy2lo_56m_PGM_2Perc_coupling_errors_on_FLUX.rml
2025-02-08 00:44:05,979 - INFO - Completed: 60, remaining: 0, RAYPy_Simulation_bessy2lo_56m_PGM_2Perc_coupling_errors_on_FLUX/round_6/41_bessy2lo_56m_PGM_2Perc_coupling_errors_on_FLUX.rml
2025-02-08 00:44:05,980 - INFO - Batch Completed
2025-02-08 00:44:05,980 - INFO - Waiting For batch, 60 simulations to go
2025-02-08 00:44:05,985 - INFO - Prepared sim number: 42: RAYPy_Simulation_bessy2lo_56m_PGM_2Perc_coupling_errors_on_FLUX/round_6/42_bessy2lo_56m_PGM_2Perc_coupling_errors_on_FLUX.rml
2025-02-08 00:44:05,995 - INFO - Prepared sim number: 43: RAYPy_Simulation_bessy2lo_56m_PGM_2Perc_coupling_errors_on_FLUX/round_6/43_bessy2lo_56m_PGM_2Perc_coupling_errors_on_FLUX.rml
2025-02-08 00:44:06,001 - INFO - Prepared sim number: 44: RAYPy_Simulation_bessy2lo_56m_PGM_2Perc_coupling_errors_on_FLUX/round_6/44_bessy2lo_56m_PGM_2Perc_coupling_errors_on_FLUX.rml
2025-02-08 00:44:06,007 - INFO - Prepared sim number: 45: RAYPy_Simulation_bessy2lo_56m_PGM_2Perc_coupling_errors_on_FLUX/round_6/45_bessy2lo_56m_PGM_2Perc_coupling_errors_on_FLUX.rml
2025-02-08 00:44:06,012 - INFO - Prepared sim number: 46: RAYPy_Simulation_bessy2lo_56m_PGM_2Perc_coupling_errors_on_FLUX/round_6/46_bessy2lo_56m_PGM_2Perc_coupling_errors_on_FLUX.rml
2025-02-08 00:44:06,018 - INFO - Prepared sim number: 47: RAYPy_Simulation_bessy2lo_56m_PGM_2Perc_coupling_errors_on_FLUX/round_6/47_bessy2lo_56m_PGM_2Perc_coupling_errors_on_FLUX.rml
2025-02-08 00:44:06,028 - INFO - Prepared sim number: 48: RAYPy_Simulation_bessy2lo_56m_PGM_2Perc_coupling_errors_on_FLUX/round_6/48_bessy2lo_56m_PGM_2Perc_coupling_errors_on_FLUX.rml
2025-02-08 00:44:06,034 - INFO - Prepared sim number: 49: RAYPy_Simulation_bessy2lo_56m_PGM_2Perc_coupling_errors_on_FLUX/round_6/49_bessy2lo_56m_PGM_2Perc_coupling_errors_on_FLUX.rml
2025-02-08 00:44:06,039 - INFO - Prepared sim number: 50: RAYPy_Simulation_bessy2lo_56m_PGM_2Perc_coupling_errors_on_FLUX/round_6/50_bessy2lo_56m_PGM_2Perc_coupling_errors_on_FLUX.rml
2025-02-08 00:44:06,045 - INFO - Prepared sim number: 51: RAYPy_Simulation_bessy2lo_56m_PGM_2Perc_coupling_errors_on_FLUX/round_6/51_bessy2lo_56m_PGM_2Perc_coupling_errors_on_FLUX.rml
2025-02-08 00:44:06,051 - INFO - Prepared sim number: 52: RAYPy_Simulation_bessy2lo_56m_PGM_2Perc_coupling_errors_on_FLUX/round_6/52_bessy2lo_56m_PGM_2Perc_coupling_errors_on_FLUX.rml
2025-02-08 00:44:06,056 - INFO - Prepared sim number: 53: RAYPy_Simulation_bessy2lo_56m_PGM_2Perc_coupling_errors_on_FLUX/round_6/53_bessy2lo_56m_PGM_2Perc_coupling_errors_on_FLUX.rml
2025-02-08 00:44:06,061 - INFO - Prepared sim number: 54: RAYPy_Simulation_bessy2lo_56m_PGM_2Perc_coupling_errors_on_FLUX/round_6/54_bessy2lo_56m_PGM_2Perc_coupling_errors_on_FLUX.rml
2025-02-08 00:44:06,065 - INFO - Prepared sim number: 55: RAYPy_Simulation_bessy2lo_56m_PGM_2Perc_coupling_errors_on_FLUX/round_6/55_bessy2lo_56m_PGM_2Perc_coupling_errors_on_FLUX.rml
2025-02-08 00:44:06,070 - INFO - Prepared sim number: 56: RAYPy_Simulation_bessy2lo_56m_PGM_2Perc_coupling_errors_on_FLUX/round_6/56_bessy2lo_56m_PGM_2Perc_coupling_errors_on_FLUX.rml
2025-02-08 00:44:06,075 - INFO - Prepared sim number: 57: RAYPy_Simulation_bessy2lo_56m_PGM_2Perc_coupling_errors_on_FLUX/round_6/57_bessy2lo_56m_PGM_2Perc_coupling_errors_on_FLUX.rml
2025-02-08 00:44:06,080 - INFO - Prepared sim number: 58: RAYPy_Simulation_bessy2lo_56m_PGM_2Perc_coupling_errors_on_FLUX/round_6/58_bessy2lo_56m_PGM_2Perc_coupling_errors_on_FLUX.rml
2025-02-08 00:44:06,085 - INFO - Prepared sim number: 59: RAYPy_Simulation_bessy2lo_56m_PGM_2Perc_coupling_errors_on_FLUX/round_6/59_bessy2lo_56m_PGM_2Perc_coupling_errors_on_FLUX.rml
2025-02-08 00:44:06,090 - INFO - Prepared sim number: 60: RAYPy_Simulation_bessy2lo_56m_PGM_2Perc_coupling_errors_on_FLUX/round_6/60_bessy2lo_56m_PGM_2Perc_coupling_errors_on_FLUX.rml
2025-02-08 00:44:06,095 - INFO - Prepared sim number: 61: RAYPy_Simulation_bessy2lo_56m_PGM_2Perc_coupling_errors_on_FLUX/round_6/61_bessy2lo_56m_PGM_2Perc_coupling_errors_on_FLUX.rml
2025-02-08 00:44:06,099 - INFO - Prepared sim number: 62: RAYPy_Simulation_bessy2lo_56m_PGM_2Perc_coupling_errors_on_FLUX/round_6/62_bessy2lo_56m_PGM_2Perc_coupling_errors_on_FLUX.rml
2025-02-08 00:44:06,103 - INFO - Prepared sim number: 63: RAYPy_Simulation_bessy2lo_56m_PGM_2Perc_coupling_errors_on_FLUX/round_6/63_bessy2lo_56m_PGM_2Perc_coupling_errors_on_FLUX.rml
2025-02-08 00:44:06,107 - INFO - Prepared sim number: 64: RAYPy_Simulation_bessy2lo_56m_PGM_2Perc_coupling_errors_on_FLUX/round_6/64_bessy2lo_56m_PGM_2Perc_coupling_errors_on_FLUX.rml
2025-02-08 00:44:06,111 - INFO - Prepared sim number: 65: RAYPy_Simulation_bessy2lo_56m_PGM_2Perc_coupling_errors_on_FLUX/round_6/65_bessy2lo_56m_PGM_2Perc_coupling_errors_on_FLUX.rml
2025-02-08 00:44:06,116 - INFO - Prepared sim number: 66: RAYPy_Simulation_bessy2lo_56m_PGM_2Perc_coupling_errors_on_FLUX/round_6/66_bessy2lo_56m_PGM_2Perc_coupling_errors_on_FLUX.rml
2025-02-08 00:44:06,120 - INFO - Prepared sim number: 67: RAYPy_Simulation_bessy2lo_56m_PGM_2Perc_coupling_errors_on_FLUX/round_6/67_bessy2lo_56m_PGM_2Perc_coupling_errors_on_FLUX.rml
2025-02-08 00:44:06,124 - INFO - Prepared sim number: 68: RAYPy_Simulation_bessy2lo_56m_PGM_2Perc_coupling_errors_on_FLUX/round_6/68_bessy2lo_56m_PGM_2Perc_coupling_errors_on_FLUX.rml
2025-02-08 00:44:06,128 - INFO - Prepared sim number: 69: RAYPy_Simulation_bessy2lo_56m_PGM_2Perc_coupling_errors_on_FLUX/round_6/69_bessy2lo_56m_PGM_2Perc_coupling_errors_on_FLUX.rml
2025-02-08 00:44:06,133 - INFO - Prepared sim number: 70: RAYPy_Simulation_bessy2lo_56m_PGM_2Perc_coupling_errors_on_FLUX/round_6/70_bessy2lo_56m_PGM_2Perc_coupling_errors_on_FLUX.rml
2025-02-08 00:44:06,137 - INFO - Prepared sim number: 71: RAYPy_Simulation_bessy2lo_56m_PGM_2Perc_coupling_errors_on_FLUX/round_6/71_bessy2lo_56m_PGM_2Perc_coupling_errors_on_FLUX.rml
2025-02-08 00:44:06,141 - INFO - Prepared sim number: 72: RAYPy_Simulation_bessy2lo_56m_PGM_2Perc_coupling_errors_on_FLUX/round_6/72_bessy2lo_56m_PGM_2Perc_coupling_errors_on_FLUX.rml
2025-02-08 00:44:06,145 - INFO - Prepared sim number: 73: RAYPy_Simulation_bessy2lo_56m_PGM_2Perc_coupling_errors_on_FLUX/round_6/73_bessy2lo_56m_PGM_2Perc_coupling_errors_on_FLUX.rml
2025-02-08 00:44:06,149 - INFO - Prepared sim number: 74: RAYPy_Simulation_bessy2lo_56m_PGM_2Perc_coupling_errors_on_FLUX/round_6/74_bessy2lo_56m_PGM_2Perc_coupling_errors_on_FLUX.rml
2025-02-08 00:44:06,154 - INFO - Prepared sim number: 75: RAYPy_Simulation_bessy2lo_56m_PGM_2Perc_coupling_errors_on_FLUX/round_6/75_bessy2lo_56m_PGM_2Perc_coupling_errors_on_FLUX.rml
2025-02-08 00:44:06,159 - INFO - Prepared sim number: 76: RAYPy_Simulation_bessy2lo_56m_PGM_2Perc_coupling_errors_on_FLUX/round_6/76_bessy2lo_56m_PGM_2Perc_coupling_errors_on_FLUX.rml
2025-02-08 00:44:06,163 - INFO - Prepared sim number: 77: RAYPy_Simulation_bessy2lo_56m_PGM_2Perc_coupling_errors_on_FLUX/round_6/77_bessy2lo_56m_PGM_2Perc_coupling_errors_on_FLUX.rml
2025-02-08 00:44:06,167 - INFO - Prepared sim number: 78: RAYPy_Simulation_bessy2lo_56m_PGM_2Perc_coupling_errors_on_FLUX/round_6/78_bessy2lo_56m_PGM_2Perc_coupling_errors_on_FLUX.rml
2025-02-08 00:44:06,171 - INFO - Prepared sim number: 79: RAYPy_Simulation_bessy2lo_56m_PGM_2Perc_coupling_errors_on_FLUX/round_6/79_bessy2lo_56m_PGM_2Perc_coupling_errors_on_FLUX.rml
2025-02-08 00:44:06,175 - INFO - Prepared sim number: 80: RAYPy_Simulation_bessy2lo_56m_PGM_2Perc_coupling_errors_on_FLUX/round_6/80_bessy2lo_56m_PGM_2Perc_coupling_errors_on_FLUX.rml
2025-02-08 00:44:06,180 - INFO - Prepared sim number: 81: RAYPy_Simulation_bessy2lo_56m_PGM_2Perc_coupling_errors_on_FLUX/round_6/81_bessy2lo_56m_PGM_2Perc_coupling_errors_on_FLUX.rml
2025-02-08 00:44:06,184 - INFO - Prepared sim number: 82: RAYPy_Simulation_bessy2lo_56m_PGM_2Perc_coupling_errors_on_FLUX/round_6/82_bessy2lo_56m_PGM_2Perc_coupling_errors_on_FLUX.rml
2025-02-08 00:44:06,188 - INFO - Prepared sim number: 83: RAYPy_Simulation_bessy2lo_56m_PGM_2Perc_coupling_errors_on_FLUX/round_6/83_bessy2lo_56m_PGM_2Perc_coupling_errors_on_FLUX.rml
2025-02-08 00:44:06,192 - INFO - Prepared sim number: 84: RAYPy_Simulation_bessy2lo_56m_PGM_2Perc_coupling_errors_on_FLUX/round_6/84_bessy2lo_56m_PGM_2Perc_coupling_errors_on_FLUX.rml
2025-02-08 00:44:06,196 - INFO - Prepared sim number: 85: RAYPy_Simulation_bessy2lo_56m_PGM_2Perc_coupling_errors_on_FLUX/round_6/85_bessy2lo_56m_PGM_2Perc_coupling_errors_on_FLUX.rml
2025-02-08 00:44:06,200 - INFO - Prepared sim number: 86: RAYPy_Simulation_bessy2lo_56m_PGM_2Perc_coupling_errors_on_FLUX/round_6/86_bessy2lo_56m_PGM_2Perc_coupling_errors_on_FLUX.rml
2025-02-08 00:44:06,204 - INFO - Prepared sim number: 87: RAYPy_Simulation_bessy2lo_56m_PGM_2Perc_coupling_errors_on_FLUX/round_6/87_bessy2lo_56m_PGM_2Perc_coupling_errors_on_FLUX.rml
2025-02-08 00:44:06,209 - INFO - Prepared sim number: 88: RAYPy_Simulation_bessy2lo_56m_PGM_2Perc_coupling_errors_on_FLUX/round_6/88_bessy2lo_56m_PGM_2Perc_coupling_errors_on_FLUX.rml
2025-02-08 00:44:06,213 - INFO - Prepared sim number: 89: RAYPy_Simulation_bessy2lo_56m_PGM_2Perc_coupling_errors_on_FLUX/round_6/89_bessy2lo_56m_PGM_2Perc_coupling_errors_on_FLUX.rml
2025-02-08 00:44:06,217 - INFO - Prepared sim number: 90: RAYPy_Simulation_bessy2lo_56m_PGM_2Perc_coupling_errors_on_FLUX/round_6/90_bessy2lo_56m_PGM_2Perc_coupling_errors_on_FLUX.rml
2025-02-08 00:44:06,221 - INFO - Prepared sim number: 91: RAYPy_Simulation_bessy2lo_56m_PGM_2Perc_coupling_errors_on_FLUX/round_6/91_bessy2lo_56m_PGM_2Perc_coupling_errors_on_FLUX.rml
2025-02-08 00:44:06,225 - INFO - Prepared sim number: 92: RAYPy_Simulation_bessy2lo_56m_PGM_2Perc_coupling_errors_on_FLUX/round_6/92_bessy2lo_56m_PGM_2Perc_coupling_errors_on_FLUX.rml
2025-02-08 00:44:06,230 - INFO - Prepared sim number: 93: RAYPy_Simulation_bessy2lo_56m_PGM_2Perc_coupling_errors_on_FLUX/round_6/93_bessy2lo_56m_PGM_2Perc_coupling_errors_on_FLUX.rml
2025-02-08 00:44:06,234 - INFO - Prepared sim number: 94: RAYPy_Simulation_bessy2lo_56m_PGM_2Perc_coupling_errors_on_FLUX/round_6/94_bessy2lo_56m_PGM_2Perc_coupling_errors_on_FLUX.rml
2025-02-08 00:44:06,238 - INFO - Prepared sim number: 95: RAYPy_Simulation_bessy2lo_56m_PGM_2Perc_coupling_errors_on_FLUX/round_6/95_bessy2lo_56m_PGM_2Perc_coupling_errors_on_FLUX.rml
2025-02-08 00:44:06,242 - INFO - Prepared sim number: 96: RAYPy_Simulation_bessy2lo_56m_PGM_2Perc_coupling_errors_on_FLUX/round_6/96_bessy2lo_56m_PGM_2Perc_coupling_errors_on_FLUX.rml
2025-02-08 00:44:06,246 - INFO - Prepared sim number: 97: RAYPy_Simulation_bessy2lo_56m_PGM_2Perc_coupling_errors_on_FLUX/round_6/97_bessy2lo_56m_PGM_2Perc_coupling_errors_on_FLUX.rml
2025-02-08 00:44:06,250 - INFO - Prepared sim number: 98: RAYPy_Simulation_bessy2lo_56m_PGM_2Perc_coupling_errors_on_FLUX/round_6/98_bessy2lo_56m_PGM_2Perc_coupling_errors_on_FLUX.rml
2025-02-08 00:44:06,253 - INFO - Prepared sim number: 99: RAYPy_Simulation_bessy2lo_56m_PGM_2Perc_coupling_errors_on_FLUX/round_6/99_bessy2lo_56m_PGM_2Perc_coupling_errors_on_FLUX.rml
2025-02-08 00:44:06,257 - INFO - Prepared sim number: 100: RAYPy_Simulation_bessy2lo_56m_PGM_2Perc_coupling_errors_on_FLUX/round_6/100_bessy2lo_56m_PGM_2Perc_coupling_errors_on_FLUX.rml
2025-02-08 00:44:06,261 - INFO - Prepared sim number: 101: RAYPy_Simulation_bessy2lo_56m_PGM_2Perc_coupling_errors_on_FLUX/round_6/101_bessy2lo_56m_PGM_2Perc_coupling_errors_on_FLUX.rml
2025-02-08 00:44:06,261 - INFO - Waiting for batch number: 13, timeout: 96.42802566952174s
2025-02-08 00:44:21,364 - INFO - Completed: 1, remaining: 59, RAYPy_Simulation_bessy2lo_56m_PGM_2Perc_coupling_errors_on_FLUX/round_6/43_bessy2lo_56m_PGM_2Perc_coupling_errors_on_FLUX.rml
2025-02-08 00:44:21,705 - INFO - Completed: 2, remaining: 58, RAYPy_Simulation_bessy2lo_56m_PGM_2Perc_coupling_errors_on_FLUX/round_6/52_bessy2lo_56m_PGM_2Perc_coupling_errors_on_FLUX.rml
2025-02-08 00:44:21,797 - INFO - Completed: 3, remaining: 57, RAYPy_Simulation_bessy2lo_56m_PGM_2Perc_coupling_errors_on_FLUX/round_6/50_bessy2lo_56m_PGM_2Perc_coupling_errors_on_FLUX.rml
2025-02-08 00:44:21,871 - INFO - Completed: 4, remaining: 56, RAYPy_Simulation_bessy2lo_56m_PGM_2Perc_coupling_errors_on_FLUX/round_6/46_bessy2lo_56m_PGM_2Perc_coupling_errors_on_FLUX.rml
2025-02-08 00:44:21,951 - INFO - Completed: 5, remaining: 55, RAYPy_Simulation_bessy2lo_56m_PGM_2Perc_coupling_errors_on_FLUX/round_6/44_bessy2lo_56m_PGM_2Perc_coupling_errors_on_FLUX.rml
2025-02-08 00:44:21,958 - INFO - Completed: 6, remaining: 54, RAYPy_Simulation_bessy2lo_56m_PGM_2Perc_coupling_errors_on_FLUX/round_6/51_bessy2lo_56m_PGM_2Perc_coupling_errors_on_FLUX.rml
2025-02-08 00:44:22,061 - INFO - Completed: 7, remaining: 53, RAYPy_Simulation_bessy2lo_56m_PGM_2Perc_coupling_errors_on_FLUX/round_6/49_bessy2lo_56m_PGM_2Perc_coupling_errors_on_FLUX.rml
2025-02-08 00:44:22,107 - INFO - Completed: 8, remaining: 52, RAYPy_Simulation_bessy2lo_56m_PGM_2Perc_coupling_errors_on_FLUX/round_6/48_bessy2lo_56m_PGM_2Perc_coupling_errors_on_FLUX.rml
2025-02-08 00:44:22,322 - INFO - Completed: 9, remaining: 51, RAYPy_Simulation_bessy2lo_56m_PGM_2Perc_coupling_errors_on_FLUX/round_6/42_bessy2lo_56m_PGM_2Perc_coupling_errors_on_FLUX.rml
2025-02-08 00:44:23,625 - INFO - Completed: 10, remaining: 50, RAYPy_Simulation_bessy2lo_56m_PGM_2Perc_coupling_errors_on_FLUX/round_6/45_bessy2lo_56m_PGM_2Perc_coupling_errors_on_FLUX.rml
2025-02-08 00:44:23,771 - INFO - Completed: 11, remaining: 49, RAYPy_Simulation_bessy2lo_56m_PGM_2Perc_coupling_errors_on_FLUX/round_6/47_bessy2lo_56m_PGM_2Perc_coupling_errors_on_FLUX.rml
2025-02-08 00:44:23,919 - INFO - Completed: 12, remaining: 48, RAYPy_Simulation_bessy2lo_56m_PGM_2Perc_coupling_errors_on_FLUX/round_6/53_bessy2lo_56m_PGM_2Perc_coupling_errors_on_FLUX.rml
2025-02-08 00:44:37,420 - INFO - Completed: 13, remaining: 47, RAYPy_Simulation_bessy2lo_56m_PGM_2Perc_coupling_errors_on_FLUX/round_6/54_bessy2lo_56m_PGM_2Perc_coupling_errors_on_FLUX.rml
2025-02-08 00:44:37,867 - INFO - Completed: 14, remaining: 46, RAYPy_Simulation_bessy2lo_56m_PGM_2Perc_coupling_errors_on_FLUX/round_6/56_bessy2lo_56m_PGM_2Perc_coupling_errors_on_FLUX.rml
2025-02-08 00:44:38,241 - INFO - Completed: 15, remaining: 45, RAYPy_Simulation_bessy2lo_56m_PGM_2Perc_coupling_errors_on_FLUX/round_6/55_bessy2lo_56m_PGM_2Perc_coupling_errors_on_FLUX.rml
2025-02-08 00:44:38,328 - INFO - Completed: 16, remaining: 44, RAYPy_Simulation_bessy2lo_56m_PGM_2Perc_coupling_errors_on_FLUX/round_6/59_bessy2lo_56m_PGM_2Perc_coupling_errors_on_FLUX.rml
2025-02-08 00:44:38,574 - INFO - Completed: 17, remaining: 43, RAYPy_Simulation_bessy2lo_56m_PGM_2Perc_coupling_errors_on_FLUX/round_6/58_bessy2lo_56m_PGM_2Perc_coupling_errors_on_FLUX.rml
2025-02-08 00:44:38,739 - INFO - Completed: 18, remaining: 42, RAYPy_Simulation_bessy2lo_56m_PGM_2Perc_coupling_errors_on_FLUX/round_6/61_bessy2lo_56m_PGM_2Perc_coupling_errors_on_FLUX.rml
2025-02-08 00:44:38,852 - INFO - Completed: 19, remaining: 41, RAYPy_Simulation_bessy2lo_56m_PGM_2Perc_coupling_errors_on_FLUX/round_6/57_bessy2lo_56m_PGM_2Perc_coupling_errors_on_FLUX.rml
2025-02-08 00:44:39,051 - INFO - Completed: 20, remaining: 40, RAYPy_Simulation_bessy2lo_56m_PGM_2Perc_coupling_errors_on_FLUX/round_6/62_bessy2lo_56m_PGM_2Perc_coupling_errors_on_FLUX.rml
2025-02-08 00:44:39,805 - INFO - Completed: 21, remaining: 39, RAYPy_Simulation_bessy2lo_56m_PGM_2Perc_coupling_errors_on_FLUX/round_6/63_bessy2lo_56m_PGM_2Perc_coupling_errors_on_FLUX.rml
2025-02-08 00:44:39,839 - INFO - Completed: 22, remaining: 38, RAYPy_Simulation_bessy2lo_56m_PGM_2Perc_coupling_errors_on_FLUX/round_6/64_bessy2lo_56m_PGM_2Perc_coupling_errors_on_FLUX.rml
2025-02-08 00:44:39,905 - INFO - Completed: 23, remaining: 37, RAYPy_Simulation_bessy2lo_56m_PGM_2Perc_coupling_errors_on_FLUX/round_6/60_bessy2lo_56m_PGM_2Perc_coupling_errors_on_FLUX.rml
2025-02-08 00:44:40,108 - INFO - Completed: 24, remaining: 36, RAYPy_Simulation_bessy2lo_56m_PGM_2Perc_coupling_errors_on_FLUX/round_6/65_bessy2lo_56m_PGM_2Perc_coupling_errors_on_FLUX.rml
2025-02-08 00:44:52,671 - INFO - Completed: 25, remaining: 35, RAYPy_Simulation_bessy2lo_56m_PGM_2Perc_coupling_errors_on_FLUX/round_6/66_bessy2lo_56m_PGM_2Perc_coupling_errors_on_FLUX.rml
2025-02-08 00:44:53,595 - INFO - Completed: 26, remaining: 34, RAYPy_Simulation_bessy2lo_56m_PGM_2Perc_coupling_errors_on_FLUX/round_6/67_bessy2lo_56m_PGM_2Perc_coupling_errors_on_FLUX.rml
2025-02-08 00:44:54,715 - INFO - Completed: 27, remaining: 33, RAYPy_Simulation_bessy2lo_56m_PGM_2Perc_coupling_errors_on_FLUX/round_6/70_bessy2lo_56m_PGM_2Perc_coupling_errors_on_FLUX.rml
2025-02-08 00:44:54,912 - INFO - Completed: 28, remaining: 32, RAYPy_Simulation_bessy2lo_56m_PGM_2Perc_coupling_errors_on_FLUX/round_6/68_bessy2lo_56m_PGM_2Perc_coupling_errors_on_FLUX.rml
2025-02-08 00:44:55,111 - INFO - Completed: 29, remaining: 31, RAYPy_Simulation_bessy2lo_56m_PGM_2Perc_coupling_errors_on_FLUX/round_6/71_bessy2lo_56m_PGM_2Perc_coupling_errors_on_FLUX.rml
2025-02-08 00:44:55,115 - INFO - Completed: 30, remaining: 30, RAYPy_Simulation_bessy2lo_56m_PGM_2Perc_coupling_errors_on_FLUX/round_6/72_bessy2lo_56m_PGM_2Perc_coupling_errors_on_FLUX.rml
2025-02-08 00:44:55,741 - INFO - Completed: 31, remaining: 29, RAYPy_Simulation_bessy2lo_56m_PGM_2Perc_coupling_errors_on_FLUX/round_6/69_bessy2lo_56m_PGM_2Perc_coupling_errors_on_FLUX.rml
2025-02-08 00:44:55,778 - INFO - Completed: 32, remaining: 28, RAYPy_Simulation_bessy2lo_56m_PGM_2Perc_coupling_errors_on_FLUX/round_6/73_bessy2lo_56m_PGM_2Perc_coupling_errors_on_FLUX.rml
2025-02-08 00:44:56,303 - INFO - Completed: 33, remaining: 27, RAYPy_Simulation_bessy2lo_56m_PGM_2Perc_coupling_errors_on_FLUX/round_6/75_bessy2lo_56m_PGM_2Perc_coupling_errors_on_FLUX.rml
2025-02-08 00:44:56,346 - INFO - Completed: 34, remaining: 26, RAYPy_Simulation_bessy2lo_56m_PGM_2Perc_coupling_errors_on_FLUX/round_6/76_bessy2lo_56m_PGM_2Perc_coupling_errors_on_FLUX.rml
2025-02-08 00:44:56,536 - INFO - Completed: 35, remaining: 25, RAYPy_Simulation_bessy2lo_56m_PGM_2Perc_coupling_errors_on_FLUX/round_6/74_bessy2lo_56m_PGM_2Perc_coupling_errors_on_FLUX.rml
2025-02-08 00:44:57,024 - INFO - Completed: 36, remaining: 24, RAYPy_Simulation_bessy2lo_56m_PGM_2Perc_coupling_errors_on_FLUX/round_6/77_bessy2lo_56m_PGM_2Perc_coupling_errors_on_FLUX.rml
2025-02-08 00:45:05,146 - INFO - Completed: 37, remaining: 23, RAYPy_Simulation_bessy2lo_56m_PGM_2Perc_coupling_errors_on_FLUX/round_6/78_bessy2lo_56m_PGM_2Perc_coupling_errors_on_FLUX.rml
2025-02-08 00:45:08,925 - INFO - Completed: 38, remaining: 22, RAYPy_Simulation_bessy2lo_56m_PGM_2Perc_coupling_errors_on_FLUX/round_6/79_bessy2lo_56m_PGM_2Perc_coupling_errors_on_FLUX.rml
2025-02-08 00:45:10,337 - INFO - Completed: 39, remaining: 21, RAYPy_Simulation_bessy2lo_56m_PGM_2Perc_coupling_errors_on_FLUX/round_6/81_bessy2lo_56m_PGM_2Perc_coupling_errors_on_FLUX.rml
2025-02-08 00:45:10,810 - INFO - Completed: 40, remaining: 20, RAYPy_Simulation_bessy2lo_56m_PGM_2Perc_coupling_errors_on_FLUX/round_6/80_bessy2lo_56m_PGM_2Perc_coupling_errors_on_FLUX.rml
2025-02-08 00:45:11,516 - INFO - Completed: 41, remaining: 19, RAYPy_Simulation_bessy2lo_56m_PGM_2Perc_coupling_errors_on_FLUX/round_6/83_bessy2lo_56m_PGM_2Perc_coupling_errors_on_FLUX.rml
2025-02-08 00:45:12,045 - INFO - Completed: 42, remaining: 18, RAYPy_Simulation_bessy2lo_56m_PGM_2Perc_coupling_errors_on_FLUX/round_6/85_bessy2lo_56m_PGM_2Perc_coupling_errors_on_FLUX.rml
2025-02-08 00:45:12,488 - INFO - Completed: 43, remaining: 17, RAYPy_Simulation_bessy2lo_56m_PGM_2Perc_coupling_errors_on_FLUX/round_6/82_bessy2lo_56m_PGM_2Perc_coupling_errors_on_FLUX.rml
2025-02-08 00:45:12,742 - INFO - Completed: 44, remaining: 16, RAYPy_Simulation_bessy2lo_56m_PGM_2Perc_coupling_errors_on_FLUX/round_6/87_bessy2lo_56m_PGM_2Perc_coupling_errors_on_FLUX.rml
2025-02-08 00:45:12,837 - INFO - Completed: 45, remaining: 15, RAYPy_Simulation_bessy2lo_56m_PGM_2Perc_coupling_errors_on_FLUX/round_6/86_bessy2lo_56m_PGM_2Perc_coupling_errors_on_FLUX.rml
2025-02-08 00:45:13,257 - INFO - Completed: 46, remaining: 14, RAYPy_Simulation_bessy2lo_56m_PGM_2Perc_coupling_errors_on_FLUX/round_6/84_bessy2lo_56m_PGM_2Perc_coupling_errors_on_FLUX.rml
2025-02-08 00:45:13,282 - INFO - Completed: 47, remaining: 13, RAYPy_Simulation_bessy2lo_56m_PGM_2Perc_coupling_errors_on_FLUX/round_6/88_bessy2lo_56m_PGM_2Perc_coupling_errors_on_FLUX.rml
2025-02-08 00:45:13,577 - INFO - Completed: 48, remaining: 12, RAYPy_Simulation_bessy2lo_56m_PGM_2Perc_coupling_errors_on_FLUX/round_6/89_bessy2lo_56m_PGM_2Perc_coupling_errors_on_FLUX.rml
2025-02-08 00:45:18,762 - INFO - Completed: 49, remaining: 11, RAYPy_Simulation_bessy2lo_56m_PGM_2Perc_coupling_errors_on_FLUX/round_6/90_bessy2lo_56m_PGM_2Perc_coupling_errors_on_FLUX.rml
2025-02-08 00:45:22,296 - INFO - Completed: 50, remaining: 10, RAYPy_Simulation_bessy2lo_56m_PGM_2Perc_coupling_errors_on_FLUX/round_6/91_bessy2lo_56m_PGM_2Perc_coupling_errors_on_FLUX.rml
2025-02-08 00:45:24,694 - INFO - Completed: 51, remaining: 9, RAYPy_Simulation_bessy2lo_56m_PGM_2Perc_coupling_errors_on_FLUX/round_6/92_bessy2lo_56m_PGM_2Perc_coupling_errors_on_FLUX.rml
2025-02-08 00:45:25,420 - INFO - Completed: 52, remaining: 8, RAYPy_Simulation_bessy2lo_56m_PGM_2Perc_coupling_errors_on_FLUX/round_6/93_bessy2lo_56m_PGM_2Perc_coupling_errors_on_FLUX.rml
2025-02-08 00:45:26,127 - INFO - Completed: 53, remaining: 7, RAYPy_Simulation_bessy2lo_56m_PGM_2Perc_coupling_errors_on_FLUX/round_6/94_bessy2lo_56m_PGM_2Perc_coupling_errors_on_FLUX.rml
2025-02-08 00:45:26,521 - INFO - Completed: 54, remaining: 6, RAYPy_Simulation_bessy2lo_56m_PGM_2Perc_coupling_errors_on_FLUX/round_6/95_bessy2lo_56m_PGM_2Perc_coupling_errors_on_FLUX.rml
2025-02-08 00:45:26,991 - INFO - Completed: 55, remaining: 5, RAYPy_Simulation_bessy2lo_56m_PGM_2Perc_coupling_errors_on_FLUX/round_6/97_bessy2lo_56m_PGM_2Perc_coupling_errors_on_FLUX.rml
2025-02-08 00:45:27,065 - INFO - Completed: 56, remaining: 4, RAYPy_Simulation_bessy2lo_56m_PGM_2Perc_coupling_errors_on_FLUX/round_6/98_bessy2lo_56m_PGM_2Perc_coupling_errors_on_FLUX.rml
2025-02-08 00:45:27,153 - INFO - Completed: 57, remaining: 3, RAYPy_Simulation_bessy2lo_56m_PGM_2Perc_coupling_errors_on_FLUX/round_6/99_bessy2lo_56m_PGM_2Perc_coupling_errors_on_FLUX.rml
2025-02-08 00:45:27,272 - INFO - Completed: 58, remaining: 2, RAYPy_Simulation_bessy2lo_56m_PGM_2Perc_coupling_errors_on_FLUX/round_6/96_bessy2lo_56m_PGM_2Perc_coupling_errors_on_FLUX.rml
2025-02-08 00:45:27,392 - INFO - Completed: 59, remaining: 1, RAYPy_Simulation_bessy2lo_56m_PGM_2Perc_coupling_errors_on_FLUX/round_6/101_bessy2lo_56m_PGM_2Perc_coupling_errors_on_FLUX.rml
2025-02-08 00:45:27,598 - INFO - Completed: 60, remaining: 0, RAYPy_Simulation_bessy2lo_56m_PGM_2Perc_coupling_errors_on_FLUX/round_6/100_bessy2lo_56m_PGM_2Perc_coupling_errors_on_FLUX.rml
2025-02-08 00:45:27,598 - INFO - Batch Completed
2025-02-08 00:45:27,599 - INFO - Waiting For batch, 60 simulations to go
2025-02-08 00:45:27,604 - INFO - Prepared sim number: 102: RAYPy_Simulation_bessy2lo_56m_PGM_2Perc_coupling_errors_on_FLUX/round_6/102_bessy2lo_56m_PGM_2Perc_coupling_errors_on_FLUX.rml
2025-02-08 00:45:27,610 - INFO - Prepared sim number: 103: RAYPy_Simulation_bessy2lo_56m_PGM_2Perc_coupling_errors_on_FLUX/round_6/103_bessy2lo_56m_PGM_2Perc_coupling_errors_on_FLUX.rml
2025-02-08 00:45:27,620 - INFO - Prepared sim number: 104: RAYPy_Simulation_bessy2lo_56m_PGM_2Perc_coupling_errors_on_FLUX/round_6/104_bessy2lo_56m_PGM_2Perc_coupling_errors_on_FLUX.rml
2025-02-08 00:45:27,626 - INFO - Prepared sim number: 105: RAYPy_Simulation_bessy2lo_56m_PGM_2Perc_coupling_errors_on_FLUX/round_6/105_bessy2lo_56m_PGM_2Perc_coupling_errors_on_FLUX.rml
2025-02-08 00:45:27,631 - INFO - Prepared sim number: 106: RAYPy_Simulation_bessy2lo_56m_PGM_2Perc_coupling_errors_on_FLUX/round_6/106_bessy2lo_56m_PGM_2Perc_coupling_errors_on_FLUX.rml
2025-02-08 00:45:27,636 - INFO - Prepared sim number: 107: RAYPy_Simulation_bessy2lo_56m_PGM_2Perc_coupling_errors_on_FLUX/round_6/107_bessy2lo_56m_PGM_2Perc_coupling_errors_on_FLUX.rml
2025-02-08 00:45:27,640 - INFO - Prepared sim number: 108: RAYPy_Simulation_bessy2lo_56m_PGM_2Perc_coupling_errors_on_FLUX/round_6/108_bessy2lo_56m_PGM_2Perc_coupling_errors_on_FLUX.rml
2025-02-08 00:45:27,645 - INFO - Prepared sim number: 109: RAYPy_Simulation_bessy2lo_56m_PGM_2Perc_coupling_errors_on_FLUX/round_6/109_bessy2lo_56m_PGM_2Perc_coupling_errors_on_FLUX.rml
2025-02-08 00:45:27,653 - INFO - Prepared sim number: 110: RAYPy_Simulation_bessy2lo_56m_PGM_2Perc_coupling_errors_on_FLUX/round_6/110_bessy2lo_56m_PGM_2Perc_coupling_errors_on_FLUX.rml
2025-02-08 00:45:27,658 - INFO - Prepared sim number: 111: RAYPy_Simulation_bessy2lo_56m_PGM_2Perc_coupling_errors_on_FLUX/round_6/111_bessy2lo_56m_PGM_2Perc_coupling_errors_on_FLUX.rml
2025-02-08 00:45:27,663 - INFO - Prepared sim number: 112: RAYPy_Simulation_bessy2lo_56m_PGM_2Perc_coupling_errors_on_FLUX/round_6/112_bessy2lo_56m_PGM_2Perc_coupling_errors_on_FLUX.rml
2025-02-08 00:45:27,667 - INFO - Prepared sim number: 113: RAYPy_Simulation_bessy2lo_56m_PGM_2Perc_coupling_errors_on_FLUX/round_6/113_bessy2lo_56m_PGM_2Perc_coupling_errors_on_FLUX.rml
2025-02-08 00:45:27,672 - INFO - Prepared sim number: 114: RAYPy_Simulation_bessy2lo_56m_PGM_2Perc_coupling_errors_on_FLUX/round_6/114_bessy2lo_56m_PGM_2Perc_coupling_errors_on_FLUX.rml
2025-02-08 00:45:27,677 - INFO - Prepared sim number: 115: RAYPy_Simulation_bessy2lo_56m_PGM_2Perc_coupling_errors_on_FLUX/round_6/115_bessy2lo_56m_PGM_2Perc_coupling_errors_on_FLUX.rml
2025-02-08 00:45:27,682 - INFO - Prepared sim number: 116: RAYPy_Simulation_bessy2lo_56m_PGM_2Perc_coupling_errors_on_FLUX/round_6/116_bessy2lo_56m_PGM_2Perc_coupling_errors_on_FLUX.rml
2025-02-08 00:45:27,686 - INFO - Prepared sim number: 117: RAYPy_Simulation_bessy2lo_56m_PGM_2Perc_coupling_errors_on_FLUX/round_6/117_bessy2lo_56m_PGM_2Perc_coupling_errors_on_FLUX.rml
2025-02-08 00:45:27,691 - INFO - Prepared sim number: 118: RAYPy_Simulation_bessy2lo_56m_PGM_2Perc_coupling_errors_on_FLUX/round_6/118_bessy2lo_56m_PGM_2Perc_coupling_errors_on_FLUX.rml
2025-02-08 00:45:27,695 - INFO - Prepared sim number: 119: RAYPy_Simulation_bessy2lo_56m_PGM_2Perc_coupling_errors_on_FLUX/round_6/119_bessy2lo_56m_PGM_2Perc_coupling_errors_on_FLUX.rml
2025-02-08 00:45:27,700 - INFO - Prepared sim number: 120: RAYPy_Simulation_bessy2lo_56m_PGM_2Perc_coupling_errors_on_FLUX/round_6/120_bessy2lo_56m_PGM_2Perc_coupling_errors_on_FLUX.rml
2025-02-08 00:45:27,704 - INFO - Prepared sim number: 121: RAYPy_Simulation_bessy2lo_56m_PGM_2Perc_coupling_errors_on_FLUX/round_6/121_bessy2lo_56m_PGM_2Perc_coupling_errors_on_FLUX.rml
2025-02-08 00:45:27,708 - INFO - Prepared sim number: 122: RAYPy_Simulation_bessy2lo_56m_PGM_2Perc_coupling_errors_on_FLUX/round_6/122_bessy2lo_56m_PGM_2Perc_coupling_errors_on_FLUX.rml
2025-02-08 00:45:27,708 - INFO - Start round 7
2025-02-08 00:45:27,712 - INFO - Prepared sim number: 0: RAYPy_Simulation_bessy2lo_56m_PGM_2Perc_coupling_errors_on_FLUX/round_7/0_bessy2lo_56m_PGM_2Perc_coupling_errors_on_FLUX.rml
2025-02-08 00:45:27,718 - INFO - Prepared sim number: 1: RAYPy_Simulation_bessy2lo_56m_PGM_2Perc_coupling_errors_on_FLUX/round_7/1_bessy2lo_56m_PGM_2Perc_coupling_errors_on_FLUX.rml
2025-02-08 00:45:27,723 - INFO - Prepared sim number: 2: RAYPy_Simulation_bessy2lo_56m_PGM_2Perc_coupling_errors_on_FLUX/round_7/2_bessy2lo_56m_PGM_2Perc_coupling_errors_on_FLUX.rml
2025-02-08 00:45:27,728 - INFO - Prepared sim number: 3: RAYPy_Simulation_bessy2lo_56m_PGM_2Perc_coupling_errors_on_FLUX/round_7/3_bessy2lo_56m_PGM_2Perc_coupling_errors_on_FLUX.rml
2025-02-08 00:45:27,732 - INFO - Prepared sim number: 4: RAYPy_Simulation_bessy2lo_56m_PGM_2Perc_coupling_errors_on_FLUX/round_7/4_bessy2lo_56m_PGM_2Perc_coupling_errors_on_FLUX.rml
2025-02-08 00:45:27,735 - INFO - Prepared sim number: 5: RAYPy_Simulation_bessy2lo_56m_PGM_2Perc_coupling_errors_on_FLUX/round_7/5_bessy2lo_56m_PGM_2Perc_coupling_errors_on_FLUX.rml
2025-02-08 00:45:27,739 - INFO - Prepared sim number: 6: RAYPy_Simulation_bessy2lo_56m_PGM_2Perc_coupling_errors_on_FLUX/round_7/6_bessy2lo_56m_PGM_2Perc_coupling_errors_on_FLUX.rml
2025-02-08 00:45:27,743 - INFO - Prepared sim number: 7: RAYPy_Simulation_bessy2lo_56m_PGM_2Perc_coupling_errors_on_FLUX/round_7/7_bessy2lo_56m_PGM_2Perc_coupling_errors_on_FLUX.rml
2025-02-08 00:45:27,747 - INFO - Prepared sim number: 8: RAYPy_Simulation_bessy2lo_56m_PGM_2Perc_coupling_errors_on_FLUX/round_7/8_bessy2lo_56m_PGM_2Perc_coupling_errors_on_FLUX.rml
2025-02-08 00:45:27,752 - INFO - Prepared sim number: 9: RAYPy_Simulation_bessy2lo_56m_PGM_2Perc_coupling_errors_on_FLUX/round_7/9_bessy2lo_56m_PGM_2Perc_coupling_errors_on_FLUX.rml
2025-02-08 00:45:27,756 - INFO - Prepared sim number: 10: RAYPy_Simulation_bessy2lo_56m_PGM_2Perc_coupling_errors_on_FLUX/round_7/10_bessy2lo_56m_PGM_2Perc_coupling_errors_on_FLUX.rml
2025-02-08 00:45:27,760 - INFO - Prepared sim number: 11: RAYPy_Simulation_bessy2lo_56m_PGM_2Perc_coupling_errors_on_FLUX/round_7/11_bessy2lo_56m_PGM_2Perc_coupling_errors_on_FLUX.rml
2025-02-08 00:45:27,764 - INFO - Prepared sim number: 12: RAYPy_Simulation_bessy2lo_56m_PGM_2Perc_coupling_errors_on_FLUX/round_7/12_bessy2lo_56m_PGM_2Perc_coupling_errors_on_FLUX.rml
2025-02-08 00:45:27,768 - INFO - Prepared sim number: 13: RAYPy_Simulation_bessy2lo_56m_PGM_2Perc_coupling_errors_on_FLUX/round_7/13_bessy2lo_56m_PGM_2Perc_coupling_errors_on_FLUX.rml
2025-02-08 00:45:27,771 - INFO - Prepared sim number: 14: RAYPy_Simulation_bessy2lo_56m_PGM_2Perc_coupling_errors_on_FLUX/round_7/14_bessy2lo_56m_PGM_2Perc_coupling_errors_on_FLUX.rml
2025-02-08 00:45:27,776 - INFO - Prepared sim number: 15: RAYPy_Simulation_bessy2lo_56m_PGM_2Perc_coupling_errors_on_FLUX/round_7/15_bessy2lo_56m_PGM_2Perc_coupling_errors_on_FLUX.rml
2025-02-08 00:45:27,780 - INFO - Prepared sim number: 16: RAYPy_Simulation_bessy2lo_56m_PGM_2Perc_coupling_errors_on_FLUX/round_7/16_bessy2lo_56m_PGM_2Perc_coupling_errors_on_FLUX.rml
2025-02-08 00:45:27,784 - INFO - Prepared sim number: 17: RAYPy_Simulation_bessy2lo_56m_PGM_2Perc_coupling_errors_on_FLUX/round_7/17_bessy2lo_56m_PGM_2Perc_coupling_errors_on_FLUX.rml
2025-02-08 00:45:27,788 - INFO - Prepared sim number: 18: RAYPy_Simulation_bessy2lo_56m_PGM_2Perc_coupling_errors_on_FLUX/round_7/18_bessy2lo_56m_PGM_2Perc_coupling_errors_on_FLUX.rml
2025-02-08 00:45:27,793 - INFO - Prepared sim number: 19: RAYPy_Simulation_bessy2lo_56m_PGM_2Perc_coupling_errors_on_FLUX/round_7/19_bessy2lo_56m_PGM_2Perc_coupling_errors_on_FLUX.rml
2025-02-08 00:45:27,798 - INFO - Prepared sim number: 20: RAYPy_Simulation_bessy2lo_56m_PGM_2Perc_coupling_errors_on_FLUX/round_7/20_bessy2lo_56m_PGM_2Perc_coupling_errors_on_FLUX.rml
2025-02-08 00:45:27,802 - INFO - Prepared sim number: 21: RAYPy_Simulation_bessy2lo_56m_PGM_2Perc_coupling_errors_on_FLUX/round_7/21_bessy2lo_56m_PGM_2Perc_coupling_errors_on_FLUX.rml
2025-02-08 00:45:27,806 - INFO - Prepared sim number: 22: RAYPy_Simulation_bessy2lo_56m_PGM_2Perc_coupling_errors_on_FLUX/round_7/22_bessy2lo_56m_PGM_2Perc_coupling_errors_on_FLUX.rml
2025-02-08 00:45:27,810 - INFO - Prepared sim number: 23: RAYPy_Simulation_bessy2lo_56m_PGM_2Perc_coupling_errors_on_FLUX/round_7/23_bessy2lo_56m_PGM_2Perc_coupling_errors_on_FLUX.rml
2025-02-08 00:45:27,814 - INFO - Prepared sim number: 24: RAYPy_Simulation_bessy2lo_56m_PGM_2Perc_coupling_errors_on_FLUX/round_7/24_bessy2lo_56m_PGM_2Perc_coupling_errors_on_FLUX.rml
2025-02-08 00:45:27,819 - INFO - Prepared sim number: 25: RAYPy_Simulation_bessy2lo_56m_PGM_2Perc_coupling_errors_on_FLUX/round_7/25_bessy2lo_56m_PGM_2Perc_coupling_errors_on_FLUX.rml
2025-02-08 00:45:27,823 - INFO - Prepared sim number: 26: RAYPy_Simulation_bessy2lo_56m_PGM_2Perc_coupling_errors_on_FLUX/round_7/26_bessy2lo_56m_PGM_2Perc_coupling_errors_on_FLUX.rml
2025-02-08 00:45:27,827 - INFO - Prepared sim number: 27: RAYPy_Simulation_bessy2lo_56m_PGM_2Perc_coupling_errors_on_FLUX/round_7/27_bessy2lo_56m_PGM_2Perc_coupling_errors_on_FLUX.rml
2025-02-08 00:45:27,831 - INFO - Prepared sim number: 28: RAYPy_Simulation_bessy2lo_56m_PGM_2Perc_coupling_errors_on_FLUX/round_7/28_bessy2lo_56m_PGM_2Perc_coupling_errors_on_FLUX.rml
2025-02-08 00:45:27,837 - INFO - Prepared sim number: 29: RAYPy_Simulation_bessy2lo_56m_PGM_2Perc_coupling_errors_on_FLUX/round_7/29_bessy2lo_56m_PGM_2Perc_coupling_errors_on_FLUX.rml
2025-02-08 00:45:27,844 - INFO - Prepared sim number: 30: RAYPy_Simulation_bessy2lo_56m_PGM_2Perc_coupling_errors_on_FLUX/round_7/30_bessy2lo_56m_PGM_2Perc_coupling_errors_on_FLUX.rml
2025-02-08 00:45:27,848 - INFO - Prepared sim number: 31: RAYPy_Simulation_bessy2lo_56m_PGM_2Perc_coupling_errors_on_FLUX/round_7/31_bessy2lo_56m_PGM_2Perc_coupling_errors_on_FLUX.rml
2025-02-08 00:45:27,852 - INFO - Prepared sim number: 32: RAYPy_Simulation_bessy2lo_56m_PGM_2Perc_coupling_errors_on_FLUX/round_7/32_bessy2lo_56m_PGM_2Perc_coupling_errors_on_FLUX.rml
2025-02-08 00:45:27,856 - INFO - Prepared sim number: 33: RAYPy_Simulation_bessy2lo_56m_PGM_2Perc_coupling_errors_on_FLUX/round_7/33_bessy2lo_56m_PGM_2Perc_coupling_errors_on_FLUX.rml
2025-02-08 00:45:27,861 - INFO - Prepared sim number: 34: RAYPy_Simulation_bessy2lo_56m_PGM_2Perc_coupling_errors_on_FLUX/round_7/34_bessy2lo_56m_PGM_2Perc_coupling_errors_on_FLUX.rml
2025-02-08 00:45:27,865 - INFO - Prepared sim number: 35: RAYPy_Simulation_bessy2lo_56m_PGM_2Perc_coupling_errors_on_FLUX/round_7/35_bessy2lo_56m_PGM_2Perc_coupling_errors_on_FLUX.rml
2025-02-08 00:45:27,870 - INFO - Prepared sim number: 36: RAYPy_Simulation_bessy2lo_56m_PGM_2Perc_coupling_errors_on_FLUX/round_7/36_bessy2lo_56m_PGM_2Perc_coupling_errors_on_FLUX.rml
2025-02-08 00:45:27,874 - INFO - Prepared sim number: 37: RAYPy_Simulation_bessy2lo_56m_PGM_2Perc_coupling_errors_on_FLUX/round_7/37_bessy2lo_56m_PGM_2Perc_coupling_errors_on_FLUX.rml
2025-02-08 00:45:27,879 - INFO - Prepared sim number: 38: RAYPy_Simulation_bessy2lo_56m_PGM_2Perc_coupling_errors_on_FLUX/round_7/38_bessy2lo_56m_PGM_2Perc_coupling_errors_on_FLUX.rml
2025-02-08 00:45:27,880 - INFO - Waiting for batch number: 14, timeout: 96.33852839294603s
2025-02-08 00:45:43,029 - INFO - Completed: 1, remaining: 59, RAYPy_Simulation_bessy2lo_56m_PGM_2Perc_coupling_errors_on_FLUX/round_6/102_bessy2lo_56m_PGM_2Perc_coupling_errors_on_FLUX.rml
2025-02-08 00:45:43,422 - INFO - Completed: 2, remaining: 58, RAYPy_Simulation_bessy2lo_56m_PGM_2Perc_coupling_errors_on_FLUX/round_6/107_bessy2lo_56m_PGM_2Perc_coupling_errors_on_FLUX.rml
2025-02-08 00:45:43,638 - INFO - Completed: 3, remaining: 57, RAYPy_Simulation_bessy2lo_56m_PGM_2Perc_coupling_errors_on_FLUX/round_6/109_bessy2lo_56m_PGM_2Perc_coupling_errors_on_FLUX.rml
2025-02-08 00:45:43,789 - INFO - Completed: 4, remaining: 56, RAYPy_Simulation_bessy2lo_56m_PGM_2Perc_coupling_errors_on_FLUX/round_6/105_bessy2lo_56m_PGM_2Perc_coupling_errors_on_FLUX.rml
2025-02-08 00:45:43,853 - INFO - Completed: 5, remaining: 55, RAYPy_Simulation_bessy2lo_56m_PGM_2Perc_coupling_errors_on_FLUX/round_6/104_bessy2lo_56m_PGM_2Perc_coupling_errors_on_FLUX.rml
2025-02-08 00:45:44,011 - INFO - Completed: 6, remaining: 54, RAYPy_Simulation_bessy2lo_56m_PGM_2Perc_coupling_errors_on_FLUX/round_6/113_bessy2lo_56m_PGM_2Perc_coupling_errors_on_FLUX.rml
2025-02-08 00:45:44,531 - INFO - Completed: 7, remaining: 53, RAYPy_Simulation_bessy2lo_56m_PGM_2Perc_coupling_errors_on_FLUX/round_6/110_bessy2lo_56m_PGM_2Perc_coupling_errors_on_FLUX.rml
2025-02-08 00:45:45,451 - INFO - Completed: 8, remaining: 52, RAYPy_Simulation_bessy2lo_56m_PGM_2Perc_coupling_errors_on_FLUX/round_6/106_bessy2lo_56m_PGM_2Perc_coupling_errors_on_FLUX.rml
2025-02-08 00:45:45,895 - INFO - Completed: 9, remaining: 51, RAYPy_Simulation_bessy2lo_56m_PGM_2Perc_coupling_errors_on_FLUX/round_6/103_bessy2lo_56m_PGM_2Perc_coupling_errors_on_FLUX.rml
2025-02-08 00:45:45,926 - INFO - Completed: 10, remaining: 50, RAYPy_Simulation_bessy2lo_56m_PGM_2Perc_coupling_errors_on_FLUX/round_6/111_bessy2lo_56m_PGM_2Perc_coupling_errors_on_FLUX.rml
2025-02-08 00:45:46,026 - INFO - Completed: 11, remaining: 49, RAYPy_Simulation_bessy2lo_56m_PGM_2Perc_coupling_errors_on_FLUX/round_6/108_bessy2lo_56m_PGM_2Perc_coupling_errors_on_FLUX.rml
2025-02-08 00:45:46,586 - INFO - Completed: 12, remaining: 48, RAYPy_Simulation_bessy2lo_56m_PGM_2Perc_coupling_errors_on_FLUX/round_6/112_bessy2lo_56m_PGM_2Perc_coupling_errors_on_FLUX.rml
2025-02-08 00:45:58,560 - INFO - Completed: 13, remaining: 47, RAYPy_Simulation_bessy2lo_56m_PGM_2Perc_coupling_errors_on_FLUX/round_6/114_bessy2lo_56m_PGM_2Perc_coupling_errors_on_FLUX.rml
2025-02-08 00:45:59,806 - INFO - Completed: 14, remaining: 46, RAYPy_Simulation_bessy2lo_56m_PGM_2Perc_coupling_errors_on_FLUX/round_6/116_bessy2lo_56m_PGM_2Perc_coupling_errors_on_FLUX.rml
2025-02-08 00:46:00,386 - INFO - Completed: 15, remaining: 45, RAYPy_Simulation_bessy2lo_56m_PGM_2Perc_coupling_errors_on_FLUX/round_6/118_bessy2lo_56m_PGM_2Perc_coupling_errors_on_FLUX.rml
2025-02-08 00:46:00,399 - INFO - Completed: 16, remaining: 44, RAYPy_Simulation_bessy2lo_56m_PGM_2Perc_coupling_errors_on_FLUX/round_6/117_bessy2lo_56m_PGM_2Perc_coupling_errors_on_FLUX.rml
2025-02-08 00:46:00,606 - INFO - Completed: 17, remaining: 43, RAYPy_Simulation_bessy2lo_56m_PGM_2Perc_coupling_errors_on_FLUX/round_6/119_bessy2lo_56m_PGM_2Perc_coupling_errors_on_FLUX.rml
2025-02-08 00:46:00,827 - INFO - Completed: 18, remaining: 42, RAYPy_Simulation_bessy2lo_56m_PGM_2Perc_coupling_errors_on_FLUX/round_6/115_bessy2lo_56m_PGM_2Perc_coupling_errors_on_FLUX.rml
2025-02-08 00:46:00,895 - INFO - Completed: 19, remaining: 41, RAYPy_Simulation_bessy2lo_56m_PGM_2Perc_coupling_errors_on_FLUX/round_6/120_bessy2lo_56m_PGM_2Perc_coupling_errors_on_FLUX.rml
2025-02-08 00:46:01,942 - INFO - Completed: 20, remaining: 40, RAYPy_Simulation_bessy2lo_56m_PGM_2Perc_coupling_errors_on_FLUX/round_6/122_bessy2lo_56m_PGM_2Perc_coupling_errors_on_FLUX.rml
2025-02-08 00:46:01,968 - INFO - Completed: 21, remaining: 39, RAYPy_Simulation_bessy2lo_56m_PGM_2Perc_coupling_errors_on_FLUX/round_6/121_bessy2lo_56m_PGM_2Perc_coupling_errors_on_FLUX.rml
2025-02-08 00:46:02,442 - INFO - Completed: 22, remaining: 38, RAYPy_Simulation_bessy2lo_56m_PGM_2Perc_coupling_errors_on_FLUX/round_7/1_bessy2lo_56m_PGM_2Perc_coupling_errors_on_FLUX.rml
2025-02-08 00:46:02,545 - INFO - Completed: 23, remaining: 37, RAYPy_Simulation_bessy2lo_56m_PGM_2Perc_coupling_errors_on_FLUX/round_7/0_bessy2lo_56m_PGM_2Perc_coupling_errors_on_FLUX.rml
2025-02-08 00:46:02,743 - INFO - Completed: 24, remaining: 36, RAYPy_Simulation_bessy2lo_56m_PGM_2Perc_coupling_errors_on_FLUX/round_7/2_bessy2lo_56m_PGM_2Perc_coupling_errors_on_FLUX.rml
2025-02-08 00:46:10,961 - INFO - Completed: 25, remaining: 35, RAYPy_Simulation_bessy2lo_56m_PGM_2Perc_coupling_errors_on_FLUX/round_7/3_bessy2lo_56m_PGM_2Perc_coupling_errors_on_FLUX.rml
2025-02-08 00:46:15,288 - INFO - Completed: 26, remaining: 34, RAYPy_Simulation_bessy2lo_56m_PGM_2Perc_coupling_errors_on_FLUX/round_7/4_bessy2lo_56m_PGM_2Perc_coupling_errors_on_FLUX.rml
2025-02-08 00:46:16,840 - INFO - Completed: 27, remaining: 33, RAYPy_Simulation_bessy2lo_56m_PGM_2Perc_coupling_errors_on_FLUX/round_7/5_bessy2lo_56m_PGM_2Perc_coupling_errors_on_FLUX.rml
2025-02-08 00:46:17,017 - INFO - Completed: 28, remaining: 32, RAYPy_Simulation_bessy2lo_56m_PGM_2Perc_coupling_errors_on_FLUX/round_7/8_bessy2lo_56m_PGM_2Perc_coupling_errors_on_FLUX.rml
2025-02-08 00:46:17,054 - INFO - Completed: 29, remaining: 31, RAYPy_Simulation_bessy2lo_56m_PGM_2Perc_coupling_errors_on_FLUX/round_7/6_bessy2lo_56m_PGM_2Perc_coupling_errors_on_FLUX.rml
2025-02-08 00:46:17,213 - INFO - Completed: 30, remaining: 30, RAYPy_Simulation_bessy2lo_56m_PGM_2Perc_coupling_errors_on_FLUX/round_7/9_bessy2lo_56m_PGM_2Perc_coupling_errors_on_FLUX.rml
2025-02-08 00:46:17,279 - INFO - Completed: 31, remaining: 29, RAYPy_Simulation_bessy2lo_56m_PGM_2Perc_coupling_errors_on_FLUX/round_7/7_bessy2lo_56m_PGM_2Perc_coupling_errors_on_FLUX.rml
2025-02-08 00:46:18,302 - INFO - Completed: 32, remaining: 28, RAYPy_Simulation_bessy2lo_56m_PGM_2Perc_coupling_errors_on_FLUX/round_7/11_bessy2lo_56m_PGM_2Perc_coupling_errors_on_FLUX.rml
2025-02-08 00:46:18,523 - INFO - Completed: 33, remaining: 27, RAYPy_Simulation_bessy2lo_56m_PGM_2Perc_coupling_errors_on_FLUX/round_7/10_bessy2lo_56m_PGM_2Perc_coupling_errors_on_FLUX.rml
2025-02-08 00:46:18,657 - INFO - Completed: 34, remaining: 26, RAYPy_Simulation_bessy2lo_56m_PGM_2Perc_coupling_errors_on_FLUX/round_7/13_bessy2lo_56m_PGM_2Perc_coupling_errors_on_FLUX.rml
2025-02-08 00:46:18,897 - INFO - Completed: 35, remaining: 25, RAYPy_Simulation_bessy2lo_56m_PGM_2Perc_coupling_errors_on_FLUX/round_7/12_bessy2lo_56m_PGM_2Perc_coupling_errors_on_FLUX.rml
2025-02-08 00:46:19,426 - INFO - Completed: 36, remaining: 24, RAYPy_Simulation_bessy2lo_56m_PGM_2Perc_coupling_errors_on_FLUX/round_7/14_bessy2lo_56m_PGM_2Perc_coupling_errors_on_FLUX.rml
2025-02-08 00:46:23,018 - INFO - Completed: 37, remaining: 23, RAYPy_Simulation_bessy2lo_56m_PGM_2Perc_coupling_errors_on_FLUX/round_7/15_bessy2lo_56m_PGM_2Perc_coupling_errors_on_FLUX.rml
2025-02-08 00:46:28,444 - INFO - Completed: 38, remaining: 22, RAYPy_Simulation_bessy2lo_56m_PGM_2Perc_coupling_errors_on_FLUX/round_7/16_bessy2lo_56m_PGM_2Perc_coupling_errors_on_FLUX.rml
2025-02-08 00:46:32,902 - INFO - Completed: 39, remaining: 21, RAYPy_Simulation_bessy2lo_56m_PGM_2Perc_coupling_errors_on_FLUX/round_7/17_bessy2lo_56m_PGM_2Perc_coupling_errors_on_FLUX.rml
2025-02-08 00:46:33,181 - INFO - Completed: 40, remaining: 20, RAYPy_Simulation_bessy2lo_56m_PGM_2Perc_coupling_errors_on_FLUX/round_7/19_bessy2lo_56m_PGM_2Perc_coupling_errors_on_FLUX.rml
2025-02-08 00:46:33,276 - INFO - Completed: 41, remaining: 19, RAYPy_Simulation_bessy2lo_56m_PGM_2Perc_coupling_errors_on_FLUX/round_7/18_bessy2lo_56m_PGM_2Perc_coupling_errors_on_FLUX.rml
2025-02-08 00:46:33,903 - INFO - Completed: 42, remaining: 18, RAYPy_Simulation_bessy2lo_56m_PGM_2Perc_coupling_errors_on_FLUX/round_7/21_bessy2lo_56m_PGM_2Perc_coupling_errors_on_FLUX.rml
2025-02-08 00:46:33,997 - INFO - Completed: 43, remaining: 17, RAYPy_Simulation_bessy2lo_56m_PGM_2Perc_coupling_errors_on_FLUX/round_7/20_bessy2lo_56m_PGM_2Perc_coupling_errors_on_FLUX.rml
2025-02-08 00:46:34,978 - INFO - Completed: 44, remaining: 16, RAYPy_Simulation_bessy2lo_56m_PGM_2Perc_coupling_errors_on_FLUX/round_7/23_bessy2lo_56m_PGM_2Perc_coupling_errors_on_FLUX.rml
2025-02-08 00:46:34,990 - INFO - Completed: 45, remaining: 15, RAYPy_Simulation_bessy2lo_56m_PGM_2Perc_coupling_errors_on_FLUX/round_7/24_bessy2lo_56m_PGM_2Perc_coupling_errors_on_FLUX.rml
2025-02-08 00:46:35,426 - INFO - Completed: 46, remaining: 14, RAYPy_Simulation_bessy2lo_56m_PGM_2Perc_coupling_errors_on_FLUX/round_7/25_bessy2lo_56m_PGM_2Perc_coupling_errors_on_FLUX.rml
2025-02-08 00:46:35,921 - INFO - Completed: 47, remaining: 13, RAYPy_Simulation_bessy2lo_56m_PGM_2Perc_coupling_errors_on_FLUX/round_7/22_bessy2lo_56m_PGM_2Perc_coupling_errors_on_FLUX.rml
2025-02-08 00:46:36,951 - INFO - Completed: 48, remaining: 12, RAYPy_Simulation_bessy2lo_56m_PGM_2Perc_coupling_errors_on_FLUX/round_7/26_bessy2lo_56m_PGM_2Perc_coupling_errors_on_FLUX.rml
2025-02-08 00:46:37,577 - INFO - Completed: 49, remaining: 11, RAYPy_Simulation_bessy2lo_56m_PGM_2Perc_coupling_errors_on_FLUX/round_7/27_bessy2lo_56m_PGM_2Perc_coupling_errors_on_FLUX.rml
2025-02-08 00:46:41,856 - INFO - Completed: 50, remaining: 10, RAYPy_Simulation_bessy2lo_56m_PGM_2Perc_coupling_errors_on_FLUX/round_7/28_bessy2lo_56m_PGM_2Perc_coupling_errors_on_FLUX.rml
2025-02-08 00:46:46,851 - INFO - Completed: 51, remaining: 9, RAYPy_Simulation_bessy2lo_56m_PGM_2Perc_coupling_errors_on_FLUX/round_7/29_bessy2lo_56m_PGM_2Perc_coupling_errors_on_FLUX.rml
2025-02-08 00:46:47,733 - INFO - Completed: 52, remaining: 8, RAYPy_Simulation_bessy2lo_56m_PGM_2Perc_coupling_errors_on_FLUX/round_7/30_bessy2lo_56m_PGM_2Perc_coupling_errors_on_FLUX.rml
2025-02-08 00:46:47,872 - INFO - Completed: 53, remaining: 7, RAYPy_Simulation_bessy2lo_56m_PGM_2Perc_coupling_errors_on_FLUX/round_7/31_bessy2lo_56m_PGM_2Perc_coupling_errors_on_FLUX.rml
2025-02-08 00:46:48,314 - INFO - Completed: 54, remaining: 6, RAYPy_Simulation_bessy2lo_56m_PGM_2Perc_coupling_errors_on_FLUX/round_7/32_bessy2lo_56m_PGM_2Perc_coupling_errors_on_FLUX.rml
2025-02-08 00:46:48,326 - INFO - Completed: 55, remaining: 5, RAYPy_Simulation_bessy2lo_56m_PGM_2Perc_coupling_errors_on_FLUX/round_7/33_bessy2lo_56m_PGM_2Perc_coupling_errors_on_FLUX.rml
2025-02-08 00:46:48,858 - INFO - Completed: 56, remaining: 4, RAYPy_Simulation_bessy2lo_56m_PGM_2Perc_coupling_errors_on_FLUX/round_7/35_bessy2lo_56m_PGM_2Perc_coupling_errors_on_FLUX.rml
2025-02-08 00:46:48,994 - INFO - Completed: 57, remaining: 3, RAYPy_Simulation_bessy2lo_56m_PGM_2Perc_coupling_errors_on_FLUX/round_7/34_bessy2lo_56m_PGM_2Perc_coupling_errors_on_FLUX.rml
2025-02-08 00:46:49,042 - INFO - Completed: 58, remaining: 2, RAYPy_Simulation_bessy2lo_56m_PGM_2Perc_coupling_errors_on_FLUX/round_7/36_bessy2lo_56m_PGM_2Perc_coupling_errors_on_FLUX.rml
2025-02-08 00:46:49,463 - INFO - Completed: 59, remaining: 1, RAYPy_Simulation_bessy2lo_56m_PGM_2Perc_coupling_errors_on_FLUX/round_7/37_bessy2lo_56m_PGM_2Perc_coupling_errors_on_FLUX.rml
2025-02-08 00:46:49,583 - INFO - Completed: 60, remaining: 0, RAYPy_Simulation_bessy2lo_56m_PGM_2Perc_coupling_errors_on_FLUX/round_7/38_bessy2lo_56m_PGM_2Perc_coupling_errors_on_FLUX.rml
2025-02-08 00:46:49,584 - INFO - Batch Completed
2025-02-08 00:46:49,584 - INFO - Waiting For batch, 60 simulations to go
2025-02-08 00:46:49,590 - INFO - Prepared sim number: 39: RAYPy_Simulation_bessy2lo_56m_PGM_2Perc_coupling_errors_on_FLUX/round_7/39_bessy2lo_56m_PGM_2Perc_coupling_errors_on_FLUX.rml
2025-02-08 00:46:49,599 - INFO - Prepared sim number: 40: RAYPy_Simulation_bessy2lo_56m_PGM_2Perc_coupling_errors_on_FLUX/round_7/40_bessy2lo_56m_PGM_2Perc_coupling_errors_on_FLUX.rml
2025-02-08 00:46:49,604 - INFO - Prepared sim number: 41: RAYPy_Simulation_bessy2lo_56m_PGM_2Perc_coupling_errors_on_FLUX/round_7/41_bessy2lo_56m_PGM_2Perc_coupling_errors_on_FLUX.rml
2025-02-08 00:46:49,608 - INFO - Prepared sim number: 42: RAYPy_Simulation_bessy2lo_56m_PGM_2Perc_coupling_errors_on_FLUX/round_7/42_bessy2lo_56m_PGM_2Perc_coupling_errors_on_FLUX.rml
2025-02-08 00:46:49,613 - INFO - Prepared sim number: 43: RAYPy_Simulation_bessy2lo_56m_PGM_2Perc_coupling_errors_on_FLUX/round_7/43_bessy2lo_56m_PGM_2Perc_coupling_errors_on_FLUX.rml
2025-02-08 00:46:49,617 - INFO - Prepared sim number: 44: RAYPy_Simulation_bessy2lo_56m_PGM_2Perc_coupling_errors_on_FLUX/round_7/44_bessy2lo_56m_PGM_2Perc_coupling_errors_on_FLUX.rml
2025-02-08 00:46:49,622 - INFO - Prepared sim number: 45: RAYPy_Simulation_bessy2lo_56m_PGM_2Perc_coupling_errors_on_FLUX/round_7/45_bessy2lo_56m_PGM_2Perc_coupling_errors_on_FLUX.rml
2025-02-08 00:46:49,626 - INFO - Prepared sim number: 46: RAYPy_Simulation_bessy2lo_56m_PGM_2Perc_coupling_errors_on_FLUX/round_7/46_bessy2lo_56m_PGM_2Perc_coupling_errors_on_FLUX.rml
2025-02-08 00:46:49,636 - INFO - Prepared sim number: 47: RAYPy_Simulation_bessy2lo_56m_PGM_2Perc_coupling_errors_on_FLUX/round_7/47_bessy2lo_56m_PGM_2Perc_coupling_errors_on_FLUX.rml
2025-02-08 00:46:49,641 - INFO - Prepared sim number: 48: RAYPy_Simulation_bessy2lo_56m_PGM_2Perc_coupling_errors_on_FLUX/round_7/48_bessy2lo_56m_PGM_2Perc_coupling_errors_on_FLUX.rml
2025-02-08 00:46:49,646 - INFO - Prepared sim number: 49: RAYPy_Simulation_bessy2lo_56m_PGM_2Perc_coupling_errors_on_FLUX/round_7/49_bessy2lo_56m_PGM_2Perc_coupling_errors_on_FLUX.rml
2025-02-08 00:46:49,650 - INFO - Prepared sim number: 50: RAYPy_Simulation_bessy2lo_56m_PGM_2Perc_coupling_errors_on_FLUX/round_7/50_bessy2lo_56m_PGM_2Perc_coupling_errors_on_FLUX.rml
2025-02-08 00:46:49,655 - INFO - Prepared sim number: 51: RAYPy_Simulation_bessy2lo_56m_PGM_2Perc_coupling_errors_on_FLUX/round_7/51_bessy2lo_56m_PGM_2Perc_coupling_errors_on_FLUX.rml
2025-02-08 00:46:49,660 - INFO - Prepared sim number: 52: RAYPy_Simulation_bessy2lo_56m_PGM_2Perc_coupling_errors_on_FLUX/round_7/52_bessy2lo_56m_PGM_2Perc_coupling_errors_on_FLUX.rml
2025-02-08 00:46:49,664 - INFO - Prepared sim number: 53: RAYPy_Simulation_bessy2lo_56m_PGM_2Perc_coupling_errors_on_FLUX/round_7/53_bessy2lo_56m_PGM_2Perc_coupling_errors_on_FLUX.rml
2025-02-08 00:46:49,668 - INFO - Prepared sim number: 54: RAYPy_Simulation_bessy2lo_56m_PGM_2Perc_coupling_errors_on_FLUX/round_7/54_bessy2lo_56m_PGM_2Perc_coupling_errors_on_FLUX.rml
2025-02-08 00:46:49,672 - INFO - Prepared sim number: 55: RAYPy_Simulation_bessy2lo_56m_PGM_2Perc_coupling_errors_on_FLUX/round_7/55_bessy2lo_56m_PGM_2Perc_coupling_errors_on_FLUX.rml
2025-02-08 00:46:49,676 - INFO - Prepared sim number: 56: RAYPy_Simulation_bessy2lo_56m_PGM_2Perc_coupling_errors_on_FLUX/round_7/56_bessy2lo_56m_PGM_2Perc_coupling_errors_on_FLUX.rml
2025-02-08 00:46:49,680 - INFO - Prepared sim number: 57: RAYPy_Simulation_bessy2lo_56m_PGM_2Perc_coupling_errors_on_FLUX/round_7/57_bessy2lo_56m_PGM_2Perc_coupling_errors_on_FLUX.rml
2025-02-08 00:46:49,684 - INFO - Prepared sim number: 58: RAYPy_Simulation_bessy2lo_56m_PGM_2Perc_coupling_errors_on_FLUX/round_7/58_bessy2lo_56m_PGM_2Perc_coupling_errors_on_FLUX.rml
2025-02-08 00:46:49,688 - INFO - Prepared sim number: 59: RAYPy_Simulation_bessy2lo_56m_PGM_2Perc_coupling_errors_on_FLUX/round_7/59_bessy2lo_56m_PGM_2Perc_coupling_errors_on_FLUX.rml
2025-02-08 00:46:49,693 - INFO - Prepared sim number: 60: RAYPy_Simulation_bessy2lo_56m_PGM_2Perc_coupling_errors_on_FLUX/round_7/60_bessy2lo_56m_PGM_2Perc_coupling_errors_on_FLUX.rml
2025-02-08 00:46:49,698 - INFO - Prepared sim number: 61: RAYPy_Simulation_bessy2lo_56m_PGM_2Perc_coupling_errors_on_FLUX/round_7/61_bessy2lo_56m_PGM_2Perc_coupling_errors_on_FLUX.rml
2025-02-08 00:46:49,702 - INFO - Prepared sim number: 62: RAYPy_Simulation_bessy2lo_56m_PGM_2Perc_coupling_errors_on_FLUX/round_7/62_bessy2lo_56m_PGM_2Perc_coupling_errors_on_FLUX.rml
2025-02-08 00:46:49,707 - INFO - Prepared sim number: 63: RAYPy_Simulation_bessy2lo_56m_PGM_2Perc_coupling_errors_on_FLUX/round_7/63_bessy2lo_56m_PGM_2Perc_coupling_errors_on_FLUX.rml
2025-02-08 00:46:49,711 - INFO - Prepared sim number: 64: RAYPy_Simulation_bessy2lo_56m_PGM_2Perc_coupling_errors_on_FLUX/round_7/64_bessy2lo_56m_PGM_2Perc_coupling_errors_on_FLUX.rml
2025-02-08 00:46:49,716 - INFO - Prepared sim number: 65: RAYPy_Simulation_bessy2lo_56m_PGM_2Perc_coupling_errors_on_FLUX/round_7/65_bessy2lo_56m_PGM_2Perc_coupling_errors_on_FLUX.rml
2025-02-08 00:46:49,720 - INFO - Prepared sim number: 66: RAYPy_Simulation_bessy2lo_56m_PGM_2Perc_coupling_errors_on_FLUX/round_7/66_bessy2lo_56m_PGM_2Perc_coupling_errors_on_FLUX.rml
2025-02-08 00:46:49,724 - INFO - Prepared sim number: 67: RAYPy_Simulation_bessy2lo_56m_PGM_2Perc_coupling_errors_on_FLUX/round_7/67_bessy2lo_56m_PGM_2Perc_coupling_errors_on_FLUX.rml
2025-02-08 00:46:49,728 - INFO - Prepared sim number: 68: RAYPy_Simulation_bessy2lo_56m_PGM_2Perc_coupling_errors_on_FLUX/round_7/68_bessy2lo_56m_PGM_2Perc_coupling_errors_on_FLUX.rml
2025-02-08 00:46:49,731 - INFO - Prepared sim number: 69: RAYPy_Simulation_bessy2lo_56m_PGM_2Perc_coupling_errors_on_FLUX/round_7/69_bessy2lo_56m_PGM_2Perc_coupling_errors_on_FLUX.rml
2025-02-08 00:46:49,735 - INFO - Prepared sim number: 70: RAYPy_Simulation_bessy2lo_56m_PGM_2Perc_coupling_errors_on_FLUX/round_7/70_bessy2lo_56m_PGM_2Perc_coupling_errors_on_FLUX.rml
2025-02-08 00:46:49,739 - INFO - Prepared sim number: 71: RAYPy_Simulation_bessy2lo_56m_PGM_2Perc_coupling_errors_on_FLUX/round_7/71_bessy2lo_56m_PGM_2Perc_coupling_errors_on_FLUX.rml
2025-02-08 00:46:49,743 - INFO - Prepared sim number: 72: RAYPy_Simulation_bessy2lo_56m_PGM_2Perc_coupling_errors_on_FLUX/round_7/72_bessy2lo_56m_PGM_2Perc_coupling_errors_on_FLUX.rml
2025-02-08 00:46:49,747 - INFO - Prepared sim number: 73: RAYPy_Simulation_bessy2lo_56m_PGM_2Perc_coupling_errors_on_FLUX/round_7/73_bessy2lo_56m_PGM_2Perc_coupling_errors_on_FLUX.rml
2025-02-08 00:46:49,750 - INFO - Prepared sim number: 74: RAYPy_Simulation_bessy2lo_56m_PGM_2Perc_coupling_errors_on_FLUX/round_7/74_bessy2lo_56m_PGM_2Perc_coupling_errors_on_FLUX.rml
2025-02-08 00:46:49,754 - INFO - Prepared sim number: 75: RAYPy_Simulation_bessy2lo_56m_PGM_2Perc_coupling_errors_on_FLUX/round_7/75_bessy2lo_56m_PGM_2Perc_coupling_errors_on_FLUX.rml
2025-02-08 00:46:49,758 - INFO - Prepared sim number: 76: RAYPy_Simulation_bessy2lo_56m_PGM_2Perc_coupling_errors_on_FLUX/round_7/76_bessy2lo_56m_PGM_2Perc_coupling_errors_on_FLUX.rml
2025-02-08 00:46:49,762 - INFO - Prepared sim number: 77: RAYPy_Simulation_bessy2lo_56m_PGM_2Perc_coupling_errors_on_FLUX/round_7/77_bessy2lo_56m_PGM_2Perc_coupling_errors_on_FLUX.rml
2025-02-08 00:46:49,766 - INFO - Prepared sim number: 78: RAYPy_Simulation_bessy2lo_56m_PGM_2Perc_coupling_errors_on_FLUX/round_7/78_bessy2lo_56m_PGM_2Perc_coupling_errors_on_FLUX.rml
2025-02-08 00:46:49,770 - INFO - Prepared sim number: 79: RAYPy_Simulation_bessy2lo_56m_PGM_2Perc_coupling_errors_on_FLUX/round_7/79_bessy2lo_56m_PGM_2Perc_coupling_errors_on_FLUX.rml
2025-02-08 00:46:49,774 - INFO - Prepared sim number: 80: RAYPy_Simulation_bessy2lo_56m_PGM_2Perc_coupling_errors_on_FLUX/round_7/80_bessy2lo_56m_PGM_2Perc_coupling_errors_on_FLUX.rml
2025-02-08 00:46:49,778 - INFO - Prepared sim number: 81: RAYPy_Simulation_bessy2lo_56m_PGM_2Perc_coupling_errors_on_FLUX/round_7/81_bessy2lo_56m_PGM_2Perc_coupling_errors_on_FLUX.rml
2025-02-08 00:46:49,782 - INFO - Prepared sim number: 82: RAYPy_Simulation_bessy2lo_56m_PGM_2Perc_coupling_errors_on_FLUX/round_7/82_bessy2lo_56m_PGM_2Perc_coupling_errors_on_FLUX.rml
2025-02-08 00:46:49,786 - INFO - Prepared sim number: 83: RAYPy_Simulation_bessy2lo_56m_PGM_2Perc_coupling_errors_on_FLUX/round_7/83_bessy2lo_56m_PGM_2Perc_coupling_errors_on_FLUX.rml
2025-02-08 00:46:49,790 - INFO - Prepared sim number: 84: RAYPy_Simulation_bessy2lo_56m_PGM_2Perc_coupling_errors_on_FLUX/round_7/84_bessy2lo_56m_PGM_2Perc_coupling_errors_on_FLUX.rml
2025-02-08 00:46:49,793 - INFO - Prepared sim number: 85: RAYPy_Simulation_bessy2lo_56m_PGM_2Perc_coupling_errors_on_FLUX/round_7/85_bessy2lo_56m_PGM_2Perc_coupling_errors_on_FLUX.rml
2025-02-08 00:46:49,797 - INFO - Prepared sim number: 86: RAYPy_Simulation_bessy2lo_56m_PGM_2Perc_coupling_errors_on_FLUX/round_7/86_bessy2lo_56m_PGM_2Perc_coupling_errors_on_FLUX.rml
2025-02-08 00:46:49,801 - INFO - Prepared sim number: 87: RAYPy_Simulation_bessy2lo_56m_PGM_2Perc_coupling_errors_on_FLUX/round_7/87_bessy2lo_56m_PGM_2Perc_coupling_errors_on_FLUX.rml
2025-02-08 00:46:49,804 - INFO - Prepared sim number: 88: RAYPy_Simulation_bessy2lo_56m_PGM_2Perc_coupling_errors_on_FLUX/round_7/88_bessy2lo_56m_PGM_2Perc_coupling_errors_on_FLUX.rml
2025-02-08 00:46:49,808 - INFO - Prepared sim number: 89: RAYPy_Simulation_bessy2lo_56m_PGM_2Perc_coupling_errors_on_FLUX/round_7/89_bessy2lo_56m_PGM_2Perc_coupling_errors_on_FLUX.rml
2025-02-08 00:46:49,812 - INFO - Prepared sim number: 90: RAYPy_Simulation_bessy2lo_56m_PGM_2Perc_coupling_errors_on_FLUX/round_7/90_bessy2lo_56m_PGM_2Perc_coupling_errors_on_FLUX.rml
2025-02-08 00:46:49,817 - INFO - Prepared sim number: 91: RAYPy_Simulation_bessy2lo_56m_PGM_2Perc_coupling_errors_on_FLUX/round_7/91_bessy2lo_56m_PGM_2Perc_coupling_errors_on_FLUX.rml
2025-02-08 00:46:49,821 - INFO - Prepared sim number: 92: RAYPy_Simulation_bessy2lo_56m_PGM_2Perc_coupling_errors_on_FLUX/round_7/92_bessy2lo_56m_PGM_2Perc_coupling_errors_on_FLUX.rml
2025-02-08 00:46:49,825 - INFO - Prepared sim number: 93: RAYPy_Simulation_bessy2lo_56m_PGM_2Perc_coupling_errors_on_FLUX/round_7/93_bessy2lo_56m_PGM_2Perc_coupling_errors_on_FLUX.rml
2025-02-08 00:46:49,829 - INFO - Prepared sim number: 94: RAYPy_Simulation_bessy2lo_56m_PGM_2Perc_coupling_errors_on_FLUX/round_7/94_bessy2lo_56m_PGM_2Perc_coupling_errors_on_FLUX.rml
2025-02-08 00:46:49,833 - INFO - Prepared sim number: 95: RAYPy_Simulation_bessy2lo_56m_PGM_2Perc_coupling_errors_on_FLUX/round_7/95_bessy2lo_56m_PGM_2Perc_coupling_errors_on_FLUX.rml
2025-02-08 00:46:49,837 - INFO - Prepared sim number: 96: RAYPy_Simulation_bessy2lo_56m_PGM_2Perc_coupling_errors_on_FLUX/round_7/96_bessy2lo_56m_PGM_2Perc_coupling_errors_on_FLUX.rml
2025-02-08 00:46:49,841 - INFO - Prepared sim number: 97: RAYPy_Simulation_bessy2lo_56m_PGM_2Perc_coupling_errors_on_FLUX/round_7/97_bessy2lo_56m_PGM_2Perc_coupling_errors_on_FLUX.rml
2025-02-08 00:46:49,845 - INFO - Prepared sim number: 98: RAYPy_Simulation_bessy2lo_56m_PGM_2Perc_coupling_errors_on_FLUX/round_7/98_bessy2lo_56m_PGM_2Perc_coupling_errors_on_FLUX.rml
2025-02-08 00:46:49,846 - INFO - Waiting for batch number: 15, timeout: 96.24595264212726s
2025-02-08 00:47:04,397 - INFO - Completed: 1, remaining: 59, RAYPy_Simulation_bessy2lo_56m_PGM_2Perc_coupling_errors_on_FLUX/round_7/40_bessy2lo_56m_PGM_2Perc_coupling_errors_on_FLUX.rml
2025-02-08 00:47:04,982 - INFO - Completed: 2, remaining: 58, RAYPy_Simulation_bessy2lo_56m_PGM_2Perc_coupling_errors_on_FLUX/round_7/39_bessy2lo_56m_PGM_2Perc_coupling_errors_on_FLUX.rml
2025-02-08 00:47:05,487 - INFO - Completed: 3, remaining: 57, RAYPy_Simulation_bessy2lo_56m_PGM_2Perc_coupling_errors_on_FLUX/round_7/49_bessy2lo_56m_PGM_2Perc_coupling_errors_on_FLUX.rml
2025-02-08 00:47:05,703 - INFO - Completed: 4, remaining: 56, RAYPy_Simulation_bessy2lo_56m_PGM_2Perc_coupling_errors_on_FLUX/round_7/43_bessy2lo_56m_PGM_2Perc_coupling_errors_on_FLUX.rml
2025-02-08 00:47:05,880 - INFO - Completed: 5, remaining: 55, RAYPy_Simulation_bessy2lo_56m_PGM_2Perc_coupling_errors_on_FLUX/round_7/50_bessy2lo_56m_PGM_2Perc_coupling_errors_on_FLUX.rml
2025-02-08 00:47:05,957 - INFO - Completed: 6, remaining: 54, RAYPy_Simulation_bessy2lo_56m_PGM_2Perc_coupling_errors_on_FLUX/round_7/46_bessy2lo_56m_PGM_2Perc_coupling_errors_on_FLUX.rml
2025-02-08 00:47:06,124 - INFO - Completed: 7, remaining: 53, RAYPy_Simulation_bessy2lo_56m_PGM_2Perc_coupling_errors_on_FLUX/round_7/41_bessy2lo_56m_PGM_2Perc_coupling_errors_on_FLUX.rml
2025-02-08 00:47:06,408 - INFO - Completed: 8, remaining: 52, RAYPy_Simulation_bessy2lo_56m_PGM_2Perc_coupling_errors_on_FLUX/round_7/47_bessy2lo_56m_PGM_2Perc_coupling_errors_on_FLUX.rml
2025-02-08 00:47:07,775 - INFO - Completed: 9, remaining: 51, RAYPy_Simulation_bessy2lo_56m_PGM_2Perc_coupling_errors_on_FLUX/round_7/48_bessy2lo_56m_PGM_2Perc_coupling_errors_on_FLUX.rml
2025-02-08 00:47:07,902 - INFO - Completed: 10, remaining: 50, RAYPy_Simulation_bessy2lo_56m_PGM_2Perc_coupling_errors_on_FLUX/round_7/44_bessy2lo_56m_PGM_2Perc_coupling_errors_on_FLUX.rml
2025-02-08 00:47:07,904 - INFO - Completed: 11, remaining: 49, RAYPy_Simulation_bessy2lo_56m_PGM_2Perc_coupling_errors_on_FLUX/round_7/45_bessy2lo_56m_PGM_2Perc_coupling_errors_on_FLUX.rml
2025-02-08 00:47:07,939 - INFO - Completed: 12, remaining: 48, RAYPy_Simulation_bessy2lo_56m_PGM_2Perc_coupling_errors_on_FLUX/round_7/42_bessy2lo_56m_PGM_2Perc_coupling_errors_on_FLUX.rml
2025-02-08 00:47:18,611 - INFO - Completed: 13, remaining: 47, RAYPy_Simulation_bessy2lo_56m_PGM_2Perc_coupling_errors_on_FLUX/round_7/51_bessy2lo_56m_PGM_2Perc_coupling_errors_on_FLUX.rml
2025-02-08 00:47:21,418 - INFO - Completed: 14, remaining: 46, RAYPy_Simulation_bessy2lo_56m_PGM_2Perc_coupling_errors_on_FLUX/round_7/52_bessy2lo_56m_PGM_2Perc_coupling_errors_on_FLUX.rml
2025-02-08 00:47:21,924 - INFO - Completed: 15, remaining: 45, RAYPy_Simulation_bessy2lo_56m_PGM_2Perc_coupling_errors_on_FLUX/round_7/53_bessy2lo_56m_PGM_2Perc_coupling_errors_on_FLUX.rml
2025-02-08 00:47:22,198 - INFO - Completed: 16, remaining: 44, RAYPy_Simulation_bessy2lo_56m_PGM_2Perc_coupling_errors_on_FLUX/round_7/54_bessy2lo_56m_PGM_2Perc_coupling_errors_on_FLUX.rml
2025-02-08 00:47:22,669 - INFO - Completed: 17, remaining: 43, RAYPy_Simulation_bessy2lo_56m_PGM_2Perc_coupling_errors_on_FLUX/round_7/55_bessy2lo_56m_PGM_2Perc_coupling_errors_on_FLUX.rml
2025-02-08 00:47:22,821 - INFO - Completed: 18, remaining: 42, RAYPy_Simulation_bessy2lo_56m_PGM_2Perc_coupling_errors_on_FLUX/round_7/56_bessy2lo_56m_PGM_2Perc_coupling_errors_on_FLUX.rml
2025-02-08 00:47:23,310 - INFO - Completed: 19, remaining: 41, RAYPy_Simulation_bessy2lo_56m_PGM_2Perc_coupling_errors_on_FLUX/round_7/58_bessy2lo_56m_PGM_2Perc_coupling_errors_on_FLUX.rml
2025-02-08 00:47:23,616 - INFO - Completed: 20, remaining: 40, RAYPy_Simulation_bessy2lo_56m_PGM_2Perc_coupling_errors_on_FLUX/round_7/57_bessy2lo_56m_PGM_2Perc_coupling_errors_on_FLUX.rml
2025-02-08 00:47:24,320 - INFO - Completed: 21, remaining: 39, RAYPy_Simulation_bessy2lo_56m_PGM_2Perc_coupling_errors_on_FLUX/round_7/60_bessy2lo_56m_PGM_2Perc_coupling_errors_on_FLUX.rml
2025-02-08 00:47:24,449 - INFO - Completed: 22, remaining: 38, RAYPy_Simulation_bessy2lo_56m_PGM_2Perc_coupling_errors_on_FLUX/round_7/61_bessy2lo_56m_PGM_2Perc_coupling_errors_on_FLUX.rml
2025-02-08 00:47:24,518 - INFO - Completed: 23, remaining: 37, RAYPy_Simulation_bessy2lo_56m_PGM_2Perc_coupling_errors_on_FLUX/round_7/59_bessy2lo_56m_PGM_2Perc_coupling_errors_on_FLUX.rml
2025-02-08 00:47:24,541 - INFO - Completed: 24, remaining: 36, RAYPy_Simulation_bessy2lo_56m_PGM_2Perc_coupling_errors_on_FLUX/round_7/62_bessy2lo_56m_PGM_2Perc_coupling_errors_on_FLUX.rml
2025-02-08 00:47:31,264 - INFO - Completed: 25, remaining: 35, RAYPy_Simulation_bessy2lo_56m_PGM_2Perc_coupling_errors_on_FLUX/round_7/63_bessy2lo_56m_PGM_2Perc_coupling_errors_on_FLUX.rml
2025-02-08 00:47:36,841 - INFO - Completed: 26, remaining: 34, RAYPy_Simulation_bessy2lo_56m_PGM_2Perc_coupling_errors_on_FLUX/round_7/64_bessy2lo_56m_PGM_2Perc_coupling_errors_on_FLUX.rml
2025-02-08 00:47:37,504 - INFO - Completed: 27, remaining: 33, RAYPy_Simulation_bessy2lo_56m_PGM_2Perc_coupling_errors_on_FLUX/round_7/65_bessy2lo_56m_PGM_2Perc_coupling_errors_on_FLUX.rml
2025-02-08 00:47:38,521 - INFO - Completed: 28, remaining: 32, RAYPy_Simulation_bessy2lo_56m_PGM_2Perc_coupling_errors_on_FLUX/round_7/66_bessy2lo_56m_PGM_2Perc_coupling_errors_on_FLUX.rml
2025-02-08 00:47:39,351 - INFO - Completed: 29, remaining: 31, RAYPy_Simulation_bessy2lo_56m_PGM_2Perc_coupling_errors_on_FLUX/round_7/67_bessy2lo_56m_PGM_2Perc_coupling_errors_on_FLUX.rml
2025-02-08 00:47:39,458 - INFO - Completed: 30, remaining: 30, RAYPy_Simulation_bessy2lo_56m_PGM_2Perc_coupling_errors_on_FLUX/round_7/68_bessy2lo_56m_PGM_2Perc_coupling_errors_on_FLUX.rml
2025-02-08 00:47:39,911 - INFO - Completed: 31, remaining: 29, RAYPy_Simulation_bessy2lo_56m_PGM_2Perc_coupling_errors_on_FLUX/round_7/69_bessy2lo_56m_PGM_2Perc_coupling_errors_on_FLUX.rml
2025-02-08 00:47:40,312 - INFO - Completed: 32, remaining: 28, RAYPy_Simulation_bessy2lo_56m_PGM_2Perc_coupling_errors_on_FLUX/round_7/70_bessy2lo_56m_PGM_2Perc_coupling_errors_on_FLUX.rml
2025-02-08 00:47:40,854 - INFO - Completed: 33, remaining: 27, RAYPy_Simulation_bessy2lo_56m_PGM_2Perc_coupling_errors_on_FLUX/round_7/71_bessy2lo_56m_PGM_2Perc_coupling_errors_on_FLUX.rml
2025-02-08 00:47:40,950 - INFO - Completed: 34, remaining: 26, RAYPy_Simulation_bessy2lo_56m_PGM_2Perc_coupling_errors_on_FLUX/round_7/74_bessy2lo_56m_PGM_2Perc_coupling_errors_on_FLUX.rml
2025-02-08 00:47:41,054 - INFO - Completed: 35, remaining: 25, RAYPy_Simulation_bessy2lo_56m_PGM_2Perc_coupling_errors_on_FLUX/round_7/72_bessy2lo_56m_PGM_2Perc_coupling_errors_on_FLUX.rml
2025-02-08 00:47:41,241 - INFO - Completed: 36, remaining: 24, RAYPy_Simulation_bessy2lo_56m_PGM_2Perc_coupling_errors_on_FLUX/round_7/73_bessy2lo_56m_PGM_2Perc_coupling_errors_on_FLUX.rml
2025-02-08 00:47:45,686 - INFO - Completed: 37, remaining: 23, RAYPy_Simulation_bessy2lo_56m_PGM_2Perc_coupling_errors_on_FLUX/round_7/75_bessy2lo_56m_PGM_2Perc_coupling_errors_on_FLUX.rml
2025-02-08 00:47:51,410 - INFO - Completed: 38, remaining: 22, RAYPy_Simulation_bessy2lo_56m_PGM_2Perc_coupling_errors_on_FLUX/round_7/76_bessy2lo_56m_PGM_2Perc_coupling_errors_on_FLUX.rml
2025-02-08 00:47:52,074 - INFO - Completed: 39, remaining: 21, RAYPy_Simulation_bessy2lo_56m_PGM_2Perc_coupling_errors_on_FLUX/round_7/77_bessy2lo_56m_PGM_2Perc_coupling_errors_on_FLUX.rml
2025-02-08 00:47:54,609 - INFO - Completed: 40, remaining: 20, RAYPy_Simulation_bessy2lo_56m_PGM_2Perc_coupling_errors_on_FLUX/round_7/78_bessy2lo_56m_PGM_2Perc_coupling_errors_on_FLUX.rml
2025-02-08 00:47:55,879 - INFO - Completed: 41, remaining: 19, RAYPy_Simulation_bessy2lo_56m_PGM_2Perc_coupling_errors_on_FLUX/round_7/81_bessy2lo_56m_PGM_2Perc_coupling_errors_on_FLUX.rml
2025-02-08 00:47:55,980 - INFO - Completed: 42, remaining: 18, RAYPy_Simulation_bessy2lo_56m_PGM_2Perc_coupling_errors_on_FLUX/round_7/79_bessy2lo_56m_PGM_2Perc_coupling_errors_on_FLUX.rml
2025-02-08 00:47:56,210 - INFO - Completed: 43, remaining: 17, RAYPy_Simulation_bessy2lo_56m_PGM_2Perc_coupling_errors_on_FLUX/round_7/80_bessy2lo_56m_PGM_2Perc_coupling_errors_on_FLUX.rml
2025-02-08 00:47:57,177 - INFO - Completed: 44, remaining: 16, RAYPy_Simulation_bessy2lo_56m_PGM_2Perc_coupling_errors_on_FLUX/round_7/82_bessy2lo_56m_PGM_2Perc_coupling_errors_on_FLUX.rml
2025-02-08 00:47:57,405 - INFO - Completed: 45, remaining: 15, RAYPy_Simulation_bessy2lo_56m_PGM_2Perc_coupling_errors_on_FLUX/round_7/84_bessy2lo_56m_PGM_2Perc_coupling_errors_on_FLUX.rml
2025-02-08 00:47:57,474 - INFO - Completed: 46, remaining: 14, RAYPy_Simulation_bessy2lo_56m_PGM_2Perc_coupling_errors_on_FLUX/round_7/85_bessy2lo_56m_PGM_2Perc_coupling_errors_on_FLUX.rml
2025-02-08 00:47:57,716 - INFO - Completed: 47, remaining: 13, RAYPy_Simulation_bessy2lo_56m_PGM_2Perc_coupling_errors_on_FLUX/round_7/86_bessy2lo_56m_PGM_2Perc_coupling_errors_on_FLUX.rml
2025-02-08 00:47:58,046 - INFO - Completed: 48, remaining: 12, RAYPy_Simulation_bessy2lo_56m_PGM_2Perc_coupling_errors_on_FLUX/round_7/83_bessy2lo_56m_PGM_2Perc_coupling_errors_on_FLUX.rml
2025-02-08 00:48:00,651 - INFO - Completed: 49, remaining: 11, RAYPy_Simulation_bessy2lo_56m_PGM_2Perc_coupling_errors_on_FLUX/round_7/87_bessy2lo_56m_PGM_2Perc_coupling_errors_on_FLUX.rml
2025-02-08 00:48:04,650 - INFO - Completed: 50, remaining: 10, RAYPy_Simulation_bessy2lo_56m_PGM_2Perc_coupling_errors_on_FLUX/round_7/88_bessy2lo_56m_PGM_2Perc_coupling_errors_on_FLUX.rml
2025-02-08 00:48:05,143 - INFO - Completed: 51, remaining: 9, RAYPy_Simulation_bessy2lo_56m_PGM_2Perc_coupling_errors_on_FLUX/round_7/89_bessy2lo_56m_PGM_2Perc_coupling_errors_on_FLUX.rml
2025-02-08 00:48:09,003 - INFO - Completed: 52, remaining: 8, RAYPy_Simulation_bessy2lo_56m_PGM_2Perc_coupling_errors_on_FLUX/round_7/90_bessy2lo_56m_PGM_2Perc_coupling_errors_on_FLUX.rml
2025-02-08 00:48:09,660 - INFO - Completed: 53, remaining: 7, RAYPy_Simulation_bessy2lo_56m_PGM_2Perc_coupling_errors_on_FLUX/round_7/91_bessy2lo_56m_PGM_2Perc_coupling_errors_on_FLUX.rml
2025-02-08 00:48:09,968 - INFO - Completed: 54, remaining: 6, RAYPy_Simulation_bessy2lo_56m_PGM_2Perc_coupling_errors_on_FLUX/round_7/93_bessy2lo_56m_PGM_2Perc_coupling_errors_on_FLUX.rml
2025-02-08 00:48:10,095 - INFO - Completed: 55, remaining: 5, RAYPy_Simulation_bessy2lo_56m_PGM_2Perc_coupling_errors_on_FLUX/round_7/92_bessy2lo_56m_PGM_2Perc_coupling_errors_on_FLUX.rml
2025-02-08 00:48:10,725 - INFO - Completed: 56, remaining: 4, RAYPy_Simulation_bessy2lo_56m_PGM_2Perc_coupling_errors_on_FLUX/round_7/96_bessy2lo_56m_PGM_2Perc_coupling_errors_on_FLUX.rml
2025-02-08 00:48:10,739 - INFO - Completed: 57, remaining: 3, RAYPy_Simulation_bessy2lo_56m_PGM_2Perc_coupling_errors_on_FLUX/round_7/95_bessy2lo_56m_PGM_2Perc_coupling_errors_on_FLUX.rml
2025-02-08 00:48:10,964 - INFO - Completed: 58, remaining: 2, RAYPy_Simulation_bessy2lo_56m_PGM_2Perc_coupling_errors_on_FLUX/round_7/98_bessy2lo_56m_PGM_2Perc_coupling_errors_on_FLUX.rml
2025-02-08 00:48:11,026 - INFO - Completed: 59, remaining: 1, RAYPy_Simulation_bessy2lo_56m_PGM_2Perc_coupling_errors_on_FLUX/round_7/97_bessy2lo_56m_PGM_2Perc_coupling_errors_on_FLUX.rml
2025-02-08 00:48:11,221 - INFO - Completed: 60, remaining: 0, RAYPy_Simulation_bessy2lo_56m_PGM_2Perc_coupling_errors_on_FLUX/round_7/94_bessy2lo_56m_PGM_2Perc_coupling_errors_on_FLUX.rml
2025-02-08 00:48:11,221 - INFO - Batch Completed
2025-02-08 00:48:11,221 - INFO - Waiting For batch, 60 simulations to go
2025-02-08 00:48:11,226 - INFO - Prepared sim number: 99: RAYPy_Simulation_bessy2lo_56m_PGM_2Perc_coupling_errors_on_FLUX/round_7/99_bessy2lo_56m_PGM_2Perc_coupling_errors_on_FLUX.rml
2025-02-08 00:48:11,232 - INFO - Prepared sim number: 100: RAYPy_Simulation_bessy2lo_56m_PGM_2Perc_coupling_errors_on_FLUX/round_7/100_bessy2lo_56m_PGM_2Perc_coupling_errors_on_FLUX.rml
2025-02-08 00:48:11,241 - INFO - Prepared sim number: 101: RAYPy_Simulation_bessy2lo_56m_PGM_2Perc_coupling_errors_on_FLUX/round_7/101_bessy2lo_56m_PGM_2Perc_coupling_errors_on_FLUX.rml
2025-02-08 00:48:11,247 - INFO - Prepared sim number: 102: RAYPy_Simulation_bessy2lo_56m_PGM_2Perc_coupling_errors_on_FLUX/round_7/102_bessy2lo_56m_PGM_2Perc_coupling_errors_on_FLUX.rml
2025-02-08 00:48:11,253 - INFO - Prepared sim number: 103: RAYPy_Simulation_bessy2lo_56m_PGM_2Perc_coupling_errors_on_FLUX/round_7/103_bessy2lo_56m_PGM_2Perc_coupling_errors_on_FLUX.rml
2025-02-08 00:48:11,258 - INFO - Prepared sim number: 104: RAYPy_Simulation_bessy2lo_56m_PGM_2Perc_coupling_errors_on_FLUX/round_7/104_bessy2lo_56m_PGM_2Perc_coupling_errors_on_FLUX.rml
2025-02-08 00:48:11,264 - INFO - Prepared sim number: 105: RAYPy_Simulation_bessy2lo_56m_PGM_2Perc_coupling_errors_on_FLUX/round_7/105_bessy2lo_56m_PGM_2Perc_coupling_errors_on_FLUX.rml
2025-02-08 00:48:11,272 - INFO - Prepared sim number: 106: RAYPy_Simulation_bessy2lo_56m_PGM_2Perc_coupling_errors_on_FLUX/round_7/106_bessy2lo_56m_PGM_2Perc_coupling_errors_on_FLUX.rml
2025-02-08 00:48:11,280 - INFO - Prepared sim number: 107: RAYPy_Simulation_bessy2lo_56m_PGM_2Perc_coupling_errors_on_FLUX/round_7/107_bessy2lo_56m_PGM_2Perc_coupling_errors_on_FLUX.rml
2025-02-08 00:48:11,285 - INFO - Prepared sim number: 108: RAYPy_Simulation_bessy2lo_56m_PGM_2Perc_coupling_errors_on_FLUX/round_7/108_bessy2lo_56m_PGM_2Perc_coupling_errors_on_FLUX.rml
2025-02-08 00:48:11,291 - INFO - Prepared sim number: 109: RAYPy_Simulation_bessy2lo_56m_PGM_2Perc_coupling_errors_on_FLUX/round_7/109_bessy2lo_56m_PGM_2Perc_coupling_errors_on_FLUX.rml
2025-02-08 00:48:11,296 - INFO - Prepared sim number: 110: RAYPy_Simulation_bessy2lo_56m_PGM_2Perc_coupling_errors_on_FLUX/round_7/110_bessy2lo_56m_PGM_2Perc_coupling_errors_on_FLUX.rml
2025-02-08 00:48:11,301 - INFO - Prepared sim number: 111: RAYPy_Simulation_bessy2lo_56m_PGM_2Perc_coupling_errors_on_FLUX/round_7/111_bessy2lo_56m_PGM_2Perc_coupling_errors_on_FLUX.rml
2025-02-08 00:48:11,306 - INFO - Prepared sim number: 112: RAYPy_Simulation_bessy2lo_56m_PGM_2Perc_coupling_errors_on_FLUX/round_7/112_bessy2lo_56m_PGM_2Perc_coupling_errors_on_FLUX.rml
2025-02-08 00:48:11,311 - INFO - Prepared sim number: 113: RAYPy_Simulation_bessy2lo_56m_PGM_2Perc_coupling_errors_on_FLUX/round_7/113_bessy2lo_56m_PGM_2Perc_coupling_errors_on_FLUX.rml
2025-02-08 00:48:11,316 - INFO - Prepared sim number: 114: RAYPy_Simulation_bessy2lo_56m_PGM_2Perc_coupling_errors_on_FLUX/round_7/114_bessy2lo_56m_PGM_2Perc_coupling_errors_on_FLUX.rml
2025-02-08 00:48:11,321 - INFO - Prepared sim number: 115: RAYPy_Simulation_bessy2lo_56m_PGM_2Perc_coupling_errors_on_FLUX/round_7/115_bessy2lo_56m_PGM_2Perc_coupling_errors_on_FLUX.rml
2025-02-08 00:48:11,327 - INFO - Prepared sim number: 116: RAYPy_Simulation_bessy2lo_56m_PGM_2Perc_coupling_errors_on_FLUX/round_7/116_bessy2lo_56m_PGM_2Perc_coupling_errors_on_FLUX.rml
2025-02-08 00:48:11,332 - INFO - Prepared sim number: 117: RAYPy_Simulation_bessy2lo_56m_PGM_2Perc_coupling_errors_on_FLUX/round_7/117_bessy2lo_56m_PGM_2Perc_coupling_errors_on_FLUX.rml
2025-02-08 00:48:11,337 - INFO - Prepared sim number: 118: RAYPy_Simulation_bessy2lo_56m_PGM_2Perc_coupling_errors_on_FLUX/round_7/118_bessy2lo_56m_PGM_2Perc_coupling_errors_on_FLUX.rml
2025-02-08 00:48:11,342 - INFO - Prepared sim number: 119: RAYPy_Simulation_bessy2lo_56m_PGM_2Perc_coupling_errors_on_FLUX/round_7/119_bessy2lo_56m_PGM_2Perc_coupling_errors_on_FLUX.rml
2025-02-08 00:48:11,347 - INFO - Prepared sim number: 120: RAYPy_Simulation_bessy2lo_56m_PGM_2Perc_coupling_errors_on_FLUX/round_7/120_bessy2lo_56m_PGM_2Perc_coupling_errors_on_FLUX.rml
2025-02-08 00:48:11,352 - INFO - Prepared sim number: 121: RAYPy_Simulation_bessy2lo_56m_PGM_2Perc_coupling_errors_on_FLUX/round_7/121_bessy2lo_56m_PGM_2Perc_coupling_errors_on_FLUX.rml
2025-02-08 00:48:11,356 - INFO - Prepared sim number: 122: RAYPy_Simulation_bessy2lo_56m_PGM_2Perc_coupling_errors_on_FLUX/round_7/122_bessy2lo_56m_PGM_2Perc_coupling_errors_on_FLUX.rml
2025-02-08 00:48:11,356 - INFO - Start round 8
2025-02-08 00:48:11,361 - INFO - Prepared sim number: 0: RAYPy_Simulation_bessy2lo_56m_PGM_2Perc_coupling_errors_on_FLUX/round_8/0_bessy2lo_56m_PGM_2Perc_coupling_errors_on_FLUX.rml
2025-02-08 00:48:11,365 - INFO - Prepared sim number: 1: RAYPy_Simulation_bessy2lo_56m_PGM_2Perc_coupling_errors_on_FLUX/round_8/1_bessy2lo_56m_PGM_2Perc_coupling_errors_on_FLUX.rml
2025-02-08 00:48:11,369 - INFO - Prepared sim number: 2: RAYPy_Simulation_bessy2lo_56m_PGM_2Perc_coupling_errors_on_FLUX/round_8/2_bessy2lo_56m_PGM_2Perc_coupling_errors_on_FLUX.rml
2025-02-08 00:48:11,375 - INFO - Prepared sim number: 3: RAYPy_Simulation_bessy2lo_56m_PGM_2Perc_coupling_errors_on_FLUX/round_8/3_bessy2lo_56m_PGM_2Perc_coupling_errors_on_FLUX.rml
2025-02-08 00:48:11,380 - INFO - Prepared sim number: 4: RAYPy_Simulation_bessy2lo_56m_PGM_2Perc_coupling_errors_on_FLUX/round_8/4_bessy2lo_56m_PGM_2Perc_coupling_errors_on_FLUX.rml
2025-02-08 00:48:11,385 - INFO - Prepared sim number: 5: RAYPy_Simulation_bessy2lo_56m_PGM_2Perc_coupling_errors_on_FLUX/round_8/5_bessy2lo_56m_PGM_2Perc_coupling_errors_on_FLUX.rml
2025-02-08 00:48:11,389 - INFO - Prepared sim number: 6: RAYPy_Simulation_bessy2lo_56m_PGM_2Perc_coupling_errors_on_FLUX/round_8/6_bessy2lo_56m_PGM_2Perc_coupling_errors_on_FLUX.rml
2025-02-08 00:48:11,393 - INFO - Prepared sim number: 7: RAYPy_Simulation_bessy2lo_56m_PGM_2Perc_coupling_errors_on_FLUX/round_8/7_bessy2lo_56m_PGM_2Perc_coupling_errors_on_FLUX.rml
2025-02-08 00:48:11,399 - INFO - Prepared sim number: 8: RAYPy_Simulation_bessy2lo_56m_PGM_2Perc_coupling_errors_on_FLUX/round_8/8_bessy2lo_56m_PGM_2Perc_coupling_errors_on_FLUX.rml
2025-02-08 00:48:11,403 - INFO - Prepared sim number: 9: RAYPy_Simulation_bessy2lo_56m_PGM_2Perc_coupling_errors_on_FLUX/round_8/9_bessy2lo_56m_PGM_2Perc_coupling_errors_on_FLUX.rml
2025-02-08 00:48:11,407 - INFO - Prepared sim number: 10: RAYPy_Simulation_bessy2lo_56m_PGM_2Perc_coupling_errors_on_FLUX/round_8/10_bessy2lo_56m_PGM_2Perc_coupling_errors_on_FLUX.rml
2025-02-08 00:48:11,412 - INFO - Prepared sim number: 11: RAYPy_Simulation_bessy2lo_56m_PGM_2Perc_coupling_errors_on_FLUX/round_8/11_bessy2lo_56m_PGM_2Perc_coupling_errors_on_FLUX.rml
2025-02-08 00:48:11,417 - INFO - Prepared sim number: 12: RAYPy_Simulation_bessy2lo_56m_PGM_2Perc_coupling_errors_on_FLUX/round_8/12_bessy2lo_56m_PGM_2Perc_coupling_errors_on_FLUX.rml
2025-02-08 00:48:11,421 - INFO - Prepared sim number: 13: RAYPy_Simulation_bessy2lo_56m_PGM_2Perc_coupling_errors_on_FLUX/round_8/13_bessy2lo_56m_PGM_2Perc_coupling_errors_on_FLUX.rml
2025-02-08 00:48:11,426 - INFO - Prepared sim number: 14: RAYPy_Simulation_bessy2lo_56m_PGM_2Perc_coupling_errors_on_FLUX/round_8/14_bessy2lo_56m_PGM_2Perc_coupling_errors_on_FLUX.rml
2025-02-08 00:48:11,431 - INFO - Prepared sim number: 15: RAYPy_Simulation_bessy2lo_56m_PGM_2Perc_coupling_errors_on_FLUX/round_8/15_bessy2lo_56m_PGM_2Perc_coupling_errors_on_FLUX.rml
2025-02-08 00:48:11,436 - INFO - Prepared sim number: 16: RAYPy_Simulation_bessy2lo_56m_PGM_2Perc_coupling_errors_on_FLUX/round_8/16_bessy2lo_56m_PGM_2Perc_coupling_errors_on_FLUX.rml
2025-02-08 00:48:11,440 - INFO - Prepared sim number: 17: RAYPy_Simulation_bessy2lo_56m_PGM_2Perc_coupling_errors_on_FLUX/round_8/17_bessy2lo_56m_PGM_2Perc_coupling_errors_on_FLUX.rml
2025-02-08 00:48:11,444 - INFO - Prepared sim number: 18: RAYPy_Simulation_bessy2lo_56m_PGM_2Perc_coupling_errors_on_FLUX/round_8/18_bessy2lo_56m_PGM_2Perc_coupling_errors_on_FLUX.rml
2025-02-08 00:48:11,449 - INFO - Prepared sim number: 19: RAYPy_Simulation_bessy2lo_56m_PGM_2Perc_coupling_errors_on_FLUX/round_8/19_bessy2lo_56m_PGM_2Perc_coupling_errors_on_FLUX.rml
2025-02-08 00:48:11,454 - INFO - Prepared sim number: 20: RAYPy_Simulation_bessy2lo_56m_PGM_2Perc_coupling_errors_on_FLUX/round_8/20_bessy2lo_56m_PGM_2Perc_coupling_errors_on_FLUX.rml
2025-02-08 00:48:11,458 - INFO - Prepared sim number: 21: RAYPy_Simulation_bessy2lo_56m_PGM_2Perc_coupling_errors_on_FLUX/round_8/21_bessy2lo_56m_PGM_2Perc_coupling_errors_on_FLUX.rml
2025-02-08 00:48:11,463 - INFO - Prepared sim number: 22: RAYPy_Simulation_bessy2lo_56m_PGM_2Perc_coupling_errors_on_FLUX/round_8/22_bessy2lo_56m_PGM_2Perc_coupling_errors_on_FLUX.rml
2025-02-08 00:48:11,469 - INFO - Prepared sim number: 23: RAYPy_Simulation_bessy2lo_56m_PGM_2Perc_coupling_errors_on_FLUX/round_8/23_bessy2lo_56m_PGM_2Perc_coupling_errors_on_FLUX.rml
2025-02-08 00:48:11,473 - INFO - Prepared sim number: 24: RAYPy_Simulation_bessy2lo_56m_PGM_2Perc_coupling_errors_on_FLUX/round_8/24_bessy2lo_56m_PGM_2Perc_coupling_errors_on_FLUX.rml
2025-02-08 00:48:11,478 - INFO - Prepared sim number: 25: RAYPy_Simulation_bessy2lo_56m_PGM_2Perc_coupling_errors_on_FLUX/round_8/25_bessy2lo_56m_PGM_2Perc_coupling_errors_on_FLUX.rml
2025-02-08 00:48:11,483 - INFO - Prepared sim number: 26: RAYPy_Simulation_bessy2lo_56m_PGM_2Perc_coupling_errors_on_FLUX/round_8/26_bessy2lo_56m_PGM_2Perc_coupling_errors_on_FLUX.rml
2025-02-08 00:48:11,487 - INFO - Prepared sim number: 27: RAYPy_Simulation_bessy2lo_56m_PGM_2Perc_coupling_errors_on_FLUX/round_8/27_bessy2lo_56m_PGM_2Perc_coupling_errors_on_FLUX.rml
2025-02-08 00:48:11,492 - INFO - Prepared sim number: 28: RAYPy_Simulation_bessy2lo_56m_PGM_2Perc_coupling_errors_on_FLUX/round_8/28_bessy2lo_56m_PGM_2Perc_coupling_errors_on_FLUX.rml
2025-02-08 00:48:11,496 - INFO - Prepared sim number: 29: RAYPy_Simulation_bessy2lo_56m_PGM_2Perc_coupling_errors_on_FLUX/round_8/29_bessy2lo_56m_PGM_2Perc_coupling_errors_on_FLUX.rml
2025-02-08 00:48:11,501 - INFO - Prepared sim number: 30: RAYPy_Simulation_bessy2lo_56m_PGM_2Perc_coupling_errors_on_FLUX/round_8/30_bessy2lo_56m_PGM_2Perc_coupling_errors_on_FLUX.rml
2025-02-08 00:48:11,505 - INFO - Prepared sim number: 31: RAYPy_Simulation_bessy2lo_56m_PGM_2Perc_coupling_errors_on_FLUX/round_8/31_bessy2lo_56m_PGM_2Perc_coupling_errors_on_FLUX.rml
2025-02-08 00:48:11,510 - INFO - Prepared sim number: 32: RAYPy_Simulation_bessy2lo_56m_PGM_2Perc_coupling_errors_on_FLUX/round_8/32_bessy2lo_56m_PGM_2Perc_coupling_errors_on_FLUX.rml
2025-02-08 00:48:11,514 - INFO - Prepared sim number: 33: RAYPy_Simulation_bessy2lo_56m_PGM_2Perc_coupling_errors_on_FLUX/round_8/33_bessy2lo_56m_PGM_2Perc_coupling_errors_on_FLUX.rml
2025-02-08 00:48:11,518 - INFO - Prepared sim number: 34: RAYPy_Simulation_bessy2lo_56m_PGM_2Perc_coupling_errors_on_FLUX/round_8/34_bessy2lo_56m_PGM_2Perc_coupling_errors_on_FLUX.rml
2025-02-08 00:48:11,523 - INFO - Prepared sim number: 35: RAYPy_Simulation_bessy2lo_56m_PGM_2Perc_coupling_errors_on_FLUX/round_8/35_bessy2lo_56m_PGM_2Perc_coupling_errors_on_FLUX.rml
2025-02-08 00:48:11,523 - INFO - Waiting for batch number: 16, timeout: 96.13822281819124s
2025-02-08 00:48:26,755 - INFO - Completed: 1, remaining: 59, RAYPy_Simulation_bessy2lo_56m_PGM_2Perc_coupling_errors_on_FLUX/round_7/109_bessy2lo_56m_PGM_2Perc_coupling_errors_on_FLUX.rml
2025-02-08 00:48:27,039 - INFO - Completed: 2, remaining: 58, RAYPy_Simulation_bessy2lo_56m_PGM_2Perc_coupling_errors_on_FLUX/round_7/105_bessy2lo_56m_PGM_2Perc_coupling_errors_on_FLUX.rml
2025-02-08 00:48:27,060 - INFO - Completed: 3, remaining: 57, RAYPy_Simulation_bessy2lo_56m_PGM_2Perc_coupling_errors_on_FLUX/round_7/110_bessy2lo_56m_PGM_2Perc_coupling_errors_on_FLUX.rml
2025-02-08 00:48:27,116 - INFO - Completed: 4, remaining: 56, RAYPy_Simulation_bessy2lo_56m_PGM_2Perc_coupling_errors_on_FLUX/round_7/100_bessy2lo_56m_PGM_2Perc_coupling_errors_on_FLUX.rml
2025-02-08 00:48:27,178 - INFO - Completed: 5, remaining: 55, RAYPy_Simulation_bessy2lo_56m_PGM_2Perc_coupling_errors_on_FLUX/round_7/108_bessy2lo_56m_PGM_2Perc_coupling_errors_on_FLUX.rml
2025-02-08 00:48:27,265 - INFO - Completed: 6, remaining: 54, RAYPy_Simulation_bessy2lo_56m_PGM_2Perc_coupling_errors_on_FLUX/round_7/106_bessy2lo_56m_PGM_2Perc_coupling_errors_on_FLUX.rml
2025-02-08 00:48:27,358 - INFO - Completed: 7, remaining: 53, RAYPy_Simulation_bessy2lo_56m_PGM_2Perc_coupling_errors_on_FLUX/round_7/101_bessy2lo_56m_PGM_2Perc_coupling_errors_on_FLUX.rml
2025-02-08 00:48:27,782 - INFO - Completed: 8, remaining: 52, RAYPy_Simulation_bessy2lo_56m_PGM_2Perc_coupling_errors_on_FLUX/round_7/99_bessy2lo_56m_PGM_2Perc_coupling_errors_on_FLUX.rml
2025-02-08 00:48:28,855 - INFO - Completed: 9, remaining: 51, RAYPy_Simulation_bessy2lo_56m_PGM_2Perc_coupling_errors_on_FLUX/round_7/103_bessy2lo_56m_PGM_2Perc_coupling_errors_on_FLUX.rml
2025-02-08 00:48:28,916 - INFO - Completed: 10, remaining: 50, RAYPy_Simulation_bessy2lo_56m_PGM_2Perc_coupling_errors_on_FLUX/round_7/104_bessy2lo_56m_PGM_2Perc_coupling_errors_on_FLUX.rml
2025-02-08 00:48:29,035 - INFO - Completed: 11, remaining: 49, RAYPy_Simulation_bessy2lo_56m_PGM_2Perc_coupling_errors_on_FLUX/round_7/102_bessy2lo_56m_PGM_2Perc_coupling_errors_on_FLUX.rml
2025-02-08 00:48:29,756 - INFO - Completed: 12, remaining: 48, RAYPy_Simulation_bessy2lo_56m_PGM_2Perc_coupling_errors_on_FLUX/round_7/107_bessy2lo_56m_PGM_2Perc_coupling_errors_on_FLUX.rml
2025-02-08 00:48:43,062 - INFO - Completed: 13, remaining: 47, RAYPy_Simulation_bessy2lo_56m_PGM_2Perc_coupling_errors_on_FLUX/round_7/112_bessy2lo_56m_PGM_2Perc_coupling_errors_on_FLUX.rml
2025-02-08 00:48:43,154 - INFO - Completed: 14, remaining: 46, RAYPy_Simulation_bessy2lo_56m_PGM_2Perc_coupling_errors_on_FLUX/round_7/115_bessy2lo_56m_PGM_2Perc_coupling_errors_on_FLUX.rml
2025-02-08 00:48:43,463 - INFO - Completed: 15, remaining: 45, RAYPy_Simulation_bessy2lo_56m_PGM_2Perc_coupling_errors_on_FLUX/round_7/117_bessy2lo_56m_PGM_2Perc_coupling_errors_on_FLUX.rml
2025-02-08 00:48:43,524 - INFO - Completed: 16, remaining: 44, RAYPy_Simulation_bessy2lo_56m_PGM_2Perc_coupling_errors_on_FLUX/round_7/111_bessy2lo_56m_PGM_2Perc_coupling_errors_on_FLUX.rml
2025-02-08 00:48:43,916 - INFO - Completed: 17, remaining: 43, RAYPy_Simulation_bessy2lo_56m_PGM_2Perc_coupling_errors_on_FLUX/round_7/116_bessy2lo_56m_PGM_2Perc_coupling_errors_on_FLUX.rml
2025-02-08 00:48:44,232 - INFO - Completed: 18, remaining: 42, RAYPy_Simulation_bessy2lo_56m_PGM_2Perc_coupling_errors_on_FLUX/round_7/113_bessy2lo_56m_PGM_2Perc_coupling_errors_on_FLUX.rml
2025-02-08 00:48:44,333 - INFO - Completed: 19, remaining: 41, RAYPy_Simulation_bessy2lo_56m_PGM_2Perc_coupling_errors_on_FLUX/round_7/118_bessy2lo_56m_PGM_2Perc_coupling_errors_on_FLUX.rml
2025-02-08 00:48:45,269 - INFO - Completed: 20, remaining: 40, RAYPy_Simulation_bessy2lo_56m_PGM_2Perc_coupling_errors_on_FLUX/round_7/119_bessy2lo_56m_PGM_2Perc_coupling_errors_on_FLUX.rml
2025-02-08 00:48:45,420 - INFO - Completed: 21, remaining: 39, RAYPy_Simulation_bessy2lo_56m_PGM_2Perc_coupling_errors_on_FLUX/round_7/121_bessy2lo_56m_PGM_2Perc_coupling_errors_on_FLUX.rml
2025-02-08 00:48:45,456 - INFO - Completed: 22, remaining: 38, RAYPy_Simulation_bessy2lo_56m_PGM_2Perc_coupling_errors_on_FLUX/round_7/120_bessy2lo_56m_PGM_2Perc_coupling_errors_on_FLUX.rml
2025-02-08 00:48:45,533 - INFO - Completed: 23, remaining: 37, RAYPy_Simulation_bessy2lo_56m_PGM_2Perc_coupling_errors_on_FLUX/round_7/122_bessy2lo_56m_PGM_2Perc_coupling_errors_on_FLUX.rml
2025-02-08 00:48:46,104 - INFO - Completed: 24, remaining: 36, RAYPy_Simulation_bessy2lo_56m_PGM_2Perc_coupling_errors_on_FLUX/round_7/114_bessy2lo_56m_PGM_2Perc_coupling_errors_on_FLUX.rml
2025-02-08 00:48:58,899 - INFO - Completed: 25, remaining: 35, RAYPy_Simulation_bessy2lo_56m_PGM_2Perc_coupling_errors_on_FLUX/round_8/2_bessy2lo_56m_PGM_2Perc_coupling_errors_on_FLUX.rml
2025-02-08 00:48:59,023 - INFO - Completed: 26, remaining: 34, RAYPy_Simulation_bessy2lo_56m_PGM_2Perc_coupling_errors_on_FLUX/round_8/3_bessy2lo_56m_PGM_2Perc_coupling_errors_on_FLUX.rml
2025-02-08 00:48:59,036 - INFO - Completed: 27, remaining: 33, RAYPy_Simulation_bessy2lo_56m_PGM_2Perc_coupling_errors_on_FLUX/round_8/1_bessy2lo_56m_PGM_2Perc_coupling_errors_on_FLUX.rml
2025-02-08 00:48:59,247 - INFO - Completed: 28, remaining: 32, RAYPy_Simulation_bessy2lo_56m_PGM_2Perc_coupling_errors_on_FLUX/round_8/0_bessy2lo_56m_PGM_2Perc_coupling_errors_on_FLUX.rml
2025-02-08 00:49:00,403 - INFO - Completed: 29, remaining: 31, RAYPy_Simulation_bessy2lo_56m_PGM_2Perc_coupling_errors_on_FLUX/round_8/6_bessy2lo_56m_PGM_2Perc_coupling_errors_on_FLUX.rml
2025-02-08 00:49:00,527 - INFO - Completed: 30, remaining: 30, RAYPy_Simulation_bessy2lo_56m_PGM_2Perc_coupling_errors_on_FLUX/round_8/4_bessy2lo_56m_PGM_2Perc_coupling_errors_on_FLUX.rml
2025-02-08 00:49:01,001 - INFO - Completed: 31, remaining: 29, RAYPy_Simulation_bessy2lo_56m_PGM_2Perc_coupling_errors_on_FLUX/round_8/5_bessy2lo_56m_PGM_2Perc_coupling_errors_on_FLUX.rml
2025-02-08 00:49:01,661 - INFO - Completed: 32, remaining: 28, RAYPy_Simulation_bessy2lo_56m_PGM_2Perc_coupling_errors_on_FLUX/round_8/9_bessy2lo_56m_PGM_2Perc_coupling_errors_on_FLUX.rml
2025-02-08 00:49:01,860 - INFO - Completed: 33, remaining: 27, RAYPy_Simulation_bessy2lo_56m_PGM_2Perc_coupling_errors_on_FLUX/round_8/10_bessy2lo_56m_PGM_2Perc_coupling_errors_on_FLUX.rml
2025-02-08 00:49:02,106 - INFO - Completed: 34, remaining: 26, RAYPy_Simulation_bessy2lo_56m_PGM_2Perc_coupling_errors_on_FLUX/round_8/11_bessy2lo_56m_PGM_2Perc_coupling_errors_on_FLUX.rml
2025-02-08 00:49:02,130 - INFO - Completed: 35, remaining: 25, RAYPy_Simulation_bessy2lo_56m_PGM_2Perc_coupling_errors_on_FLUX/round_8/8_bessy2lo_56m_PGM_2Perc_coupling_errors_on_FLUX.rml
2025-02-08 00:49:03,331 - INFO - Completed: 36, remaining: 24, RAYPy_Simulation_bessy2lo_56m_PGM_2Perc_coupling_errors_on_FLUX/round_8/7_bessy2lo_56m_PGM_2Perc_coupling_errors_on_FLUX.rml
2025-02-08 00:49:14,129 - INFO - Completed: 37, remaining: 23, RAYPy_Simulation_bessy2lo_56m_PGM_2Perc_coupling_errors_on_FLUX/round_8/12_bessy2lo_56m_PGM_2Perc_coupling_errors_on_FLUX.rml
2025-02-08 00:49:14,834 - INFO - Completed: 38, remaining: 22, RAYPy_Simulation_bessy2lo_56m_PGM_2Perc_coupling_errors_on_FLUX/round_8/13_bessy2lo_56m_PGM_2Perc_coupling_errors_on_FLUX.rml
2025-02-08 00:49:15,050 - INFO - Completed: 39, remaining: 21, RAYPy_Simulation_bessy2lo_56m_PGM_2Perc_coupling_errors_on_FLUX/round_8/14_bessy2lo_56m_PGM_2Perc_coupling_errors_on_FLUX.rml
2025-02-08 00:49:15,426 - INFO - Completed: 40, remaining: 20, RAYPy_Simulation_bessy2lo_56m_PGM_2Perc_coupling_errors_on_FLUX/round_8/15_bessy2lo_56m_PGM_2Perc_coupling_errors_on_FLUX.rml
2025-02-08 00:49:17,131 - INFO - Completed: 41, remaining: 19, RAYPy_Simulation_bessy2lo_56m_PGM_2Perc_coupling_errors_on_FLUX/round_8/16_bessy2lo_56m_PGM_2Perc_coupling_errors_on_FLUX.rml
2025-02-08 00:49:17,607 - INFO - Completed: 42, remaining: 18, RAYPy_Simulation_bessy2lo_56m_PGM_2Perc_coupling_errors_on_FLUX/round_8/18_bessy2lo_56m_PGM_2Perc_coupling_errors_on_FLUX.rml
2025-02-08 00:49:17,882 - INFO - Completed: 43, remaining: 17, RAYPy_Simulation_bessy2lo_56m_PGM_2Perc_coupling_errors_on_FLUX/round_8/17_bessy2lo_56m_PGM_2Perc_coupling_errors_on_FLUX.rml
2025-02-08 00:49:18,127 - INFO - Completed: 44, remaining: 16, RAYPy_Simulation_bessy2lo_56m_PGM_2Perc_coupling_errors_on_FLUX/round_8/19_bessy2lo_56m_PGM_2Perc_coupling_errors_on_FLUX.rml
2025-02-08 00:49:18,432 - INFO - Completed: 45, remaining: 15, RAYPy_Simulation_bessy2lo_56m_PGM_2Perc_coupling_errors_on_FLUX/round_8/21_bessy2lo_56m_PGM_2Perc_coupling_errors_on_FLUX.rml
2025-02-08 00:49:18,564 - INFO - Completed: 46, remaining: 14, RAYPy_Simulation_bessy2lo_56m_PGM_2Perc_coupling_errors_on_FLUX/round_8/22_bessy2lo_56m_PGM_2Perc_coupling_errors_on_FLUX.rml
2025-02-08 00:49:18,673 - INFO - Completed: 47, remaining: 13, RAYPy_Simulation_bessy2lo_56m_PGM_2Perc_coupling_errors_on_FLUX/round_8/20_bessy2lo_56m_PGM_2Perc_coupling_errors_on_FLUX.rml
2025-02-08 00:49:19,038 - INFO - Completed: 48, remaining: 12, RAYPy_Simulation_bessy2lo_56m_PGM_2Perc_coupling_errors_on_FLUX/round_8/23_bessy2lo_56m_PGM_2Perc_coupling_errors_on_FLUX.rml
2025-02-08 00:49:29,573 - INFO - Completed: 49, remaining: 11, RAYPy_Simulation_bessy2lo_56m_PGM_2Perc_coupling_errors_on_FLUX/round_8/25_bessy2lo_56m_PGM_2Perc_coupling_errors_on_FLUX.rml
2025-02-08 00:49:30,083 - INFO - Completed: 50, remaining: 10, RAYPy_Simulation_bessy2lo_56m_PGM_2Perc_coupling_errors_on_FLUX/round_8/26_bessy2lo_56m_PGM_2Perc_coupling_errors_on_FLUX.rml
2025-02-08 00:49:30,997 - INFO - Completed: 51, remaining: 9, RAYPy_Simulation_bessy2lo_56m_PGM_2Perc_coupling_errors_on_FLUX/round_8/27_bessy2lo_56m_PGM_2Perc_coupling_errors_on_FLUX.rml
2025-02-08 00:49:31,866 - INFO - Completed: 52, remaining: 8, RAYPy_Simulation_bessy2lo_56m_PGM_2Perc_coupling_errors_on_FLUX/round_8/24_bessy2lo_56m_PGM_2Perc_coupling_errors_on_FLUX.rml
2025-02-08 00:49:33,257 - INFO - Completed: 53, remaining: 7, RAYPy_Simulation_bessy2lo_56m_PGM_2Perc_coupling_errors_on_FLUX/round_8/28_bessy2lo_56m_PGM_2Perc_coupling_errors_on_FLUX.rml
2025-02-08 00:49:33,604 - INFO - Completed: 54, remaining: 6, RAYPy_Simulation_bessy2lo_56m_PGM_2Perc_coupling_errors_on_FLUX/round_8/31_bessy2lo_56m_PGM_2Perc_coupling_errors_on_FLUX.rml
2025-02-08 00:49:33,702 - INFO - Completed: 55, remaining: 5, RAYPy_Simulation_bessy2lo_56m_PGM_2Perc_coupling_errors_on_FLUX/round_8/30_bessy2lo_56m_PGM_2Perc_coupling_errors_on_FLUX.rml
2025-02-08 00:49:33,725 - INFO - Completed: 56, remaining: 4, RAYPy_Simulation_bessy2lo_56m_PGM_2Perc_coupling_errors_on_FLUX/round_8/29_bessy2lo_56m_PGM_2Perc_coupling_errors_on_FLUX.rml
2025-02-08 00:49:33,772 - INFO - Completed: 57, remaining: 3, RAYPy_Simulation_bessy2lo_56m_PGM_2Perc_coupling_errors_on_FLUX/round_8/33_bessy2lo_56m_PGM_2Perc_coupling_errors_on_FLUX.rml
2025-02-08 00:49:33,849 - INFO - Completed: 58, remaining: 2, RAYPy_Simulation_bessy2lo_56m_PGM_2Perc_coupling_errors_on_FLUX/round_8/32_bessy2lo_56m_PGM_2Perc_coupling_errors_on_FLUX.rml
2025-02-08 00:49:33,941 - INFO - Completed: 59, remaining: 1, RAYPy_Simulation_bessy2lo_56m_PGM_2Perc_coupling_errors_on_FLUX/round_8/34_bessy2lo_56m_PGM_2Perc_coupling_errors_on_FLUX.rml
2025-02-08 00:49:33,983 - INFO - Completed: 60, remaining: 0, RAYPy_Simulation_bessy2lo_56m_PGM_2Perc_coupling_errors_on_FLUX/round_8/35_bessy2lo_56m_PGM_2Perc_coupling_errors_on_FLUX.rml
2025-02-08 00:49:33,983 - INFO - Batch Completed
2025-02-08 00:49:33,983 - INFO - Waiting For batch, 60 simulations to go
2025-02-08 00:49:33,995 - INFO - Prepared sim number: 36: RAYPy_Simulation_bessy2lo_56m_PGM_2Perc_coupling_errors_on_FLUX/round_8/36_bessy2lo_56m_PGM_2Perc_coupling_errors_on_FLUX.rml
2025-02-08 00:49:34,001 - INFO - Prepared sim number: 37: RAYPy_Simulation_bessy2lo_56m_PGM_2Perc_coupling_errors_on_FLUX/round_8/37_bessy2lo_56m_PGM_2Perc_coupling_errors_on_FLUX.rml
2025-02-08 00:49:34,006 - INFO - Prepared sim number: 38: RAYPy_Simulation_bessy2lo_56m_PGM_2Perc_coupling_errors_on_FLUX/round_8/38_bessy2lo_56m_PGM_2Perc_coupling_errors_on_FLUX.rml
2025-02-08 00:49:34,010 - INFO - Prepared sim number: 39: RAYPy_Simulation_bessy2lo_56m_PGM_2Perc_coupling_errors_on_FLUX/round_8/39_bessy2lo_56m_PGM_2Perc_coupling_errors_on_FLUX.rml
2025-02-08 00:49:34,016 - INFO - Prepared sim number: 40: RAYPy_Simulation_bessy2lo_56m_PGM_2Perc_coupling_errors_on_FLUX/round_8/40_bessy2lo_56m_PGM_2Perc_coupling_errors_on_FLUX.rml
2025-02-08 00:49:34,021 - INFO - Prepared sim number: 41: RAYPy_Simulation_bessy2lo_56m_PGM_2Perc_coupling_errors_on_FLUX/round_8/41_bessy2lo_56m_PGM_2Perc_coupling_errors_on_FLUX.rml
2025-02-08 00:49:34,028 - INFO - Prepared sim number: 42: RAYPy_Simulation_bessy2lo_56m_PGM_2Perc_coupling_errors_on_FLUX/round_8/42_bessy2lo_56m_PGM_2Perc_coupling_errors_on_FLUX.rml
2025-02-08 00:49:34,034 - INFO - Prepared sim number: 43: RAYPy_Simulation_bessy2lo_56m_PGM_2Perc_coupling_errors_on_FLUX/round_8/43_bessy2lo_56m_PGM_2Perc_coupling_errors_on_FLUX.rml
2025-02-08 00:49:34,040 - INFO - Prepared sim number: 44: RAYPy_Simulation_bessy2lo_56m_PGM_2Perc_coupling_errors_on_FLUX/round_8/44_bessy2lo_56m_PGM_2Perc_coupling_errors_on_FLUX.rml
2025-02-08 00:49:34,045 - INFO - Prepared sim number: 45: RAYPy_Simulation_bessy2lo_56m_PGM_2Perc_coupling_errors_on_FLUX/round_8/45_bessy2lo_56m_PGM_2Perc_coupling_errors_on_FLUX.rml
2025-02-08 00:49:34,050 - INFO - Prepared sim number: 46: RAYPy_Simulation_bessy2lo_56m_PGM_2Perc_coupling_errors_on_FLUX/round_8/46_bessy2lo_56m_PGM_2Perc_coupling_errors_on_FLUX.rml
2025-02-08 00:49:34,059 - INFO - Prepared sim number: 47: RAYPy_Simulation_bessy2lo_56m_PGM_2Perc_coupling_errors_on_FLUX/round_8/47_bessy2lo_56m_PGM_2Perc_coupling_errors_on_FLUX.rml
2025-02-08 00:49:34,065 - INFO - Prepared sim number: 48: RAYPy_Simulation_bessy2lo_56m_PGM_2Perc_coupling_errors_on_FLUX/round_8/48_bessy2lo_56m_PGM_2Perc_coupling_errors_on_FLUX.rml
2025-02-08 00:49:34,070 - INFO - Prepared sim number: 49: RAYPy_Simulation_bessy2lo_56m_PGM_2Perc_coupling_errors_on_FLUX/round_8/49_bessy2lo_56m_PGM_2Perc_coupling_errors_on_FLUX.rml
2025-02-08 00:49:34,075 - INFO - Prepared sim number: 50: RAYPy_Simulation_bessy2lo_56m_PGM_2Perc_coupling_errors_on_FLUX/round_8/50_bessy2lo_56m_PGM_2Perc_coupling_errors_on_FLUX.rml
2025-02-08 00:49:34,080 - INFO - Prepared sim number: 51: RAYPy_Simulation_bessy2lo_56m_PGM_2Perc_coupling_errors_on_FLUX/round_8/51_bessy2lo_56m_PGM_2Perc_coupling_errors_on_FLUX.rml
2025-02-08 00:49:34,085 - INFO - Prepared sim number: 52: RAYPy_Simulation_bessy2lo_56m_PGM_2Perc_coupling_errors_on_FLUX/round_8/52_bessy2lo_56m_PGM_2Perc_coupling_errors_on_FLUX.rml
2025-02-08 00:49:34,089 - INFO - Prepared sim number: 53: RAYPy_Simulation_bessy2lo_56m_PGM_2Perc_coupling_errors_on_FLUX/round_8/53_bessy2lo_56m_PGM_2Perc_coupling_errors_on_FLUX.rml
2025-02-08 00:49:34,094 - INFO - Prepared sim number: 54: RAYPy_Simulation_bessy2lo_56m_PGM_2Perc_coupling_errors_on_FLUX/round_8/54_bessy2lo_56m_PGM_2Perc_coupling_errors_on_FLUX.rml
2025-02-08 00:49:34,098 - INFO - Prepared sim number: 55: RAYPy_Simulation_bessy2lo_56m_PGM_2Perc_coupling_errors_on_FLUX/round_8/55_bessy2lo_56m_PGM_2Perc_coupling_errors_on_FLUX.rml
2025-02-08 00:49:34,103 - INFO - Prepared sim number: 56: RAYPy_Simulation_bessy2lo_56m_PGM_2Perc_coupling_errors_on_FLUX/round_8/56_bessy2lo_56m_PGM_2Perc_coupling_errors_on_FLUX.rml
2025-02-08 00:49:34,108 - INFO - Prepared sim number: 57: RAYPy_Simulation_bessy2lo_56m_PGM_2Perc_coupling_errors_on_FLUX/round_8/57_bessy2lo_56m_PGM_2Perc_coupling_errors_on_FLUX.rml
2025-02-08 00:49:34,113 - INFO - Prepared sim number: 58: RAYPy_Simulation_bessy2lo_56m_PGM_2Perc_coupling_errors_on_FLUX/round_8/58_bessy2lo_56m_PGM_2Perc_coupling_errors_on_FLUX.rml
2025-02-08 00:49:34,117 - INFO - Prepared sim number: 59: RAYPy_Simulation_bessy2lo_56m_PGM_2Perc_coupling_errors_on_FLUX/round_8/59_bessy2lo_56m_PGM_2Perc_coupling_errors_on_FLUX.rml
2025-02-08 00:49:34,122 - INFO - Prepared sim number: 60: RAYPy_Simulation_bessy2lo_56m_PGM_2Perc_coupling_errors_on_FLUX/round_8/60_bessy2lo_56m_PGM_2Perc_coupling_errors_on_FLUX.rml
2025-02-08 00:49:34,126 - INFO - Prepared sim number: 61: RAYPy_Simulation_bessy2lo_56m_PGM_2Perc_coupling_errors_on_FLUX/round_8/61_bessy2lo_56m_PGM_2Perc_coupling_errors_on_FLUX.rml
2025-02-08 00:49:34,130 - INFO - Prepared sim number: 62: RAYPy_Simulation_bessy2lo_56m_PGM_2Perc_coupling_errors_on_FLUX/round_8/62_bessy2lo_56m_PGM_2Perc_coupling_errors_on_FLUX.rml
2025-02-08 00:49:34,135 - INFO - Prepared sim number: 63: RAYPy_Simulation_bessy2lo_56m_PGM_2Perc_coupling_errors_on_FLUX/round_8/63_bessy2lo_56m_PGM_2Perc_coupling_errors_on_FLUX.rml
2025-02-08 00:49:34,139 - INFO - Prepared sim number: 64: RAYPy_Simulation_bessy2lo_56m_PGM_2Perc_coupling_errors_on_FLUX/round_8/64_bessy2lo_56m_PGM_2Perc_coupling_errors_on_FLUX.rml
2025-02-08 00:49:34,143 - INFO - Prepared sim number: 65: RAYPy_Simulation_bessy2lo_56m_PGM_2Perc_coupling_errors_on_FLUX/round_8/65_bessy2lo_56m_PGM_2Perc_coupling_errors_on_FLUX.rml
2025-02-08 00:49:34,147 - INFO - Prepared sim number: 66: RAYPy_Simulation_bessy2lo_56m_PGM_2Perc_coupling_errors_on_FLUX/round_8/66_bessy2lo_56m_PGM_2Perc_coupling_errors_on_FLUX.rml
2025-02-08 00:49:34,152 - INFO - Prepared sim number: 67: RAYPy_Simulation_bessy2lo_56m_PGM_2Perc_coupling_errors_on_FLUX/round_8/67_bessy2lo_56m_PGM_2Perc_coupling_errors_on_FLUX.rml
2025-02-08 00:49:34,156 - INFO - Prepared sim number: 68: RAYPy_Simulation_bessy2lo_56m_PGM_2Perc_coupling_errors_on_FLUX/round_8/68_bessy2lo_56m_PGM_2Perc_coupling_errors_on_FLUX.rml
2025-02-08 00:49:34,160 - INFO - Prepared sim number: 69: RAYPy_Simulation_bessy2lo_56m_PGM_2Perc_coupling_errors_on_FLUX/round_8/69_bessy2lo_56m_PGM_2Perc_coupling_errors_on_FLUX.rml
2025-02-08 00:49:34,165 - INFO - Prepared sim number: 70: RAYPy_Simulation_bessy2lo_56m_PGM_2Perc_coupling_errors_on_FLUX/round_8/70_bessy2lo_56m_PGM_2Perc_coupling_errors_on_FLUX.rml
2025-02-08 00:49:34,169 - INFO - Prepared sim number: 71: RAYPy_Simulation_bessy2lo_56m_PGM_2Perc_coupling_errors_on_FLUX/round_8/71_bessy2lo_56m_PGM_2Perc_coupling_errors_on_FLUX.rml
2025-02-08 00:49:34,173 - INFO - Prepared sim number: 72: RAYPy_Simulation_bessy2lo_56m_PGM_2Perc_coupling_errors_on_FLUX/round_8/72_bessy2lo_56m_PGM_2Perc_coupling_errors_on_FLUX.rml
2025-02-08 00:49:34,177 - INFO - Prepared sim number: 73: RAYPy_Simulation_bessy2lo_56m_PGM_2Perc_coupling_errors_on_FLUX/round_8/73_bessy2lo_56m_PGM_2Perc_coupling_errors_on_FLUX.rml
2025-02-08 00:49:34,181 - INFO - Prepared sim number: 74: RAYPy_Simulation_bessy2lo_56m_PGM_2Perc_coupling_errors_on_FLUX/round_8/74_bessy2lo_56m_PGM_2Perc_coupling_errors_on_FLUX.rml
2025-02-08 00:49:34,186 - INFO - Prepared sim number: 75: RAYPy_Simulation_bessy2lo_56m_PGM_2Perc_coupling_errors_on_FLUX/round_8/75_bessy2lo_56m_PGM_2Perc_coupling_errors_on_FLUX.rml
2025-02-08 00:49:34,190 - INFO - Prepared sim number: 76: RAYPy_Simulation_bessy2lo_56m_PGM_2Perc_coupling_errors_on_FLUX/round_8/76_bessy2lo_56m_PGM_2Perc_coupling_errors_on_FLUX.rml
2025-02-08 00:49:34,194 - INFO - Prepared sim number: 77: RAYPy_Simulation_bessy2lo_56m_PGM_2Perc_coupling_errors_on_FLUX/round_8/77_bessy2lo_56m_PGM_2Perc_coupling_errors_on_FLUX.rml
2025-02-08 00:49:34,199 - INFO - Prepared sim number: 78: RAYPy_Simulation_bessy2lo_56m_PGM_2Perc_coupling_errors_on_FLUX/round_8/78_bessy2lo_56m_PGM_2Perc_coupling_errors_on_FLUX.rml
2025-02-08 00:49:34,204 - INFO - Prepared sim number: 79: RAYPy_Simulation_bessy2lo_56m_PGM_2Perc_coupling_errors_on_FLUX/round_8/79_bessy2lo_56m_PGM_2Perc_coupling_errors_on_FLUX.rml
2025-02-08 00:49:34,208 - INFO - Prepared sim number: 80: RAYPy_Simulation_bessy2lo_56m_PGM_2Perc_coupling_errors_on_FLUX/round_8/80_bessy2lo_56m_PGM_2Perc_coupling_errors_on_FLUX.rml
2025-02-08 00:49:34,212 - INFO - Prepared sim number: 81: RAYPy_Simulation_bessy2lo_56m_PGM_2Perc_coupling_errors_on_FLUX/round_8/81_bessy2lo_56m_PGM_2Perc_coupling_errors_on_FLUX.rml
2025-02-08 00:49:34,216 - INFO - Prepared sim number: 82: RAYPy_Simulation_bessy2lo_56m_PGM_2Perc_coupling_errors_on_FLUX/round_8/82_bessy2lo_56m_PGM_2Perc_coupling_errors_on_FLUX.rml
2025-02-08 00:49:34,220 - INFO - Prepared sim number: 83: RAYPy_Simulation_bessy2lo_56m_PGM_2Perc_coupling_errors_on_FLUX/round_8/83_bessy2lo_56m_PGM_2Perc_coupling_errors_on_FLUX.rml
2025-02-08 00:49:34,225 - INFO - Prepared sim number: 84: RAYPy_Simulation_bessy2lo_56m_PGM_2Perc_coupling_errors_on_FLUX/round_8/84_bessy2lo_56m_PGM_2Perc_coupling_errors_on_FLUX.rml
2025-02-08 00:49:34,229 - INFO - Prepared sim number: 85: RAYPy_Simulation_bessy2lo_56m_PGM_2Perc_coupling_errors_on_FLUX/round_8/85_bessy2lo_56m_PGM_2Perc_coupling_errors_on_FLUX.rml
2025-02-08 00:49:34,233 - INFO - Prepared sim number: 86: RAYPy_Simulation_bessy2lo_56m_PGM_2Perc_coupling_errors_on_FLUX/round_8/86_bessy2lo_56m_PGM_2Perc_coupling_errors_on_FLUX.rml
2025-02-08 00:49:34,237 - INFO - Prepared sim number: 87: RAYPy_Simulation_bessy2lo_56m_PGM_2Perc_coupling_errors_on_FLUX/round_8/87_bessy2lo_56m_PGM_2Perc_coupling_errors_on_FLUX.rml
2025-02-08 00:49:34,241 - INFO - Prepared sim number: 88: RAYPy_Simulation_bessy2lo_56m_PGM_2Perc_coupling_errors_on_FLUX/round_8/88_bessy2lo_56m_PGM_2Perc_coupling_errors_on_FLUX.rml
2025-02-08 00:49:34,246 - INFO - Prepared sim number: 89: RAYPy_Simulation_bessy2lo_56m_PGM_2Perc_coupling_errors_on_FLUX/round_8/89_bessy2lo_56m_PGM_2Perc_coupling_errors_on_FLUX.rml
2025-02-08 00:49:34,250 - INFO - Prepared sim number: 90: RAYPy_Simulation_bessy2lo_56m_PGM_2Perc_coupling_errors_on_FLUX/round_8/90_bessy2lo_56m_PGM_2Perc_coupling_errors_on_FLUX.rml
2025-02-08 00:49:34,255 - INFO - Prepared sim number: 91: RAYPy_Simulation_bessy2lo_56m_PGM_2Perc_coupling_errors_on_FLUX/round_8/91_bessy2lo_56m_PGM_2Perc_coupling_errors_on_FLUX.rml
2025-02-08 00:49:34,259 - INFO - Prepared sim number: 92: RAYPy_Simulation_bessy2lo_56m_PGM_2Perc_coupling_errors_on_FLUX/round_8/92_bessy2lo_56m_PGM_2Perc_coupling_errors_on_FLUX.rml
2025-02-08 00:49:34,263 - INFO - Prepared sim number: 93: RAYPy_Simulation_bessy2lo_56m_PGM_2Perc_coupling_errors_on_FLUX/round_8/93_bessy2lo_56m_PGM_2Perc_coupling_errors_on_FLUX.rml
2025-02-08 00:49:34,267 - INFO - Prepared sim number: 94: RAYPy_Simulation_bessy2lo_56m_PGM_2Perc_coupling_errors_on_FLUX/round_8/94_bessy2lo_56m_PGM_2Perc_coupling_errors_on_FLUX.rml
2025-02-08 00:49:34,271 - INFO - Prepared sim number: 95: RAYPy_Simulation_bessy2lo_56m_PGM_2Perc_coupling_errors_on_FLUX/round_8/95_bessy2lo_56m_PGM_2Perc_coupling_errors_on_FLUX.rml
2025-02-08 00:49:34,274 - INFO - Waiting for batch number: 17, timeout: 96.21435358007271s
2025-02-08 00:49:48,889 - INFO - Completed: 1, remaining: 59, RAYPy_Simulation_bessy2lo_56m_PGM_2Perc_coupling_errors_on_FLUX/round_8/40_bessy2lo_56m_PGM_2Perc_coupling_errors_on_FLUX.rml
2025-02-08 00:49:49,488 - INFO - Completed: 2, remaining: 58, RAYPy_Simulation_bessy2lo_56m_PGM_2Perc_coupling_errors_on_FLUX/round_8/42_bessy2lo_56m_PGM_2Perc_coupling_errors_on_FLUX.rml
2025-02-08 00:49:49,744 - INFO - Completed: 3, remaining: 57, RAYPy_Simulation_bessy2lo_56m_PGM_2Perc_coupling_errors_on_FLUX/round_8/39_bessy2lo_56m_PGM_2Perc_coupling_errors_on_FLUX.rml
2025-02-08 00:49:50,118 - INFO - Completed: 4, remaining: 56, RAYPy_Simulation_bessy2lo_56m_PGM_2Perc_coupling_errors_on_FLUX/round_8/45_bessy2lo_56m_PGM_2Perc_coupling_errors_on_FLUX.rml
2025-02-08 00:49:50,184 - INFO - Completed: 5, remaining: 55, RAYPy_Simulation_bessy2lo_56m_PGM_2Perc_coupling_errors_on_FLUX/round_8/47_bessy2lo_56m_PGM_2Perc_coupling_errors_on_FLUX.rml
2025-02-08 00:49:50,208 - INFO - Completed: 6, remaining: 54, RAYPy_Simulation_bessy2lo_56m_PGM_2Perc_coupling_errors_on_FLUX/round_8/44_bessy2lo_56m_PGM_2Perc_coupling_errors_on_FLUX.rml
2025-02-08 00:49:50,537 - INFO - Completed: 7, remaining: 53, RAYPy_Simulation_bessy2lo_56m_PGM_2Perc_coupling_errors_on_FLUX/round_8/37_bessy2lo_56m_PGM_2Perc_coupling_errors_on_FLUX.rml
2025-02-08 00:49:50,701 - INFO - Completed: 8, remaining: 52, RAYPy_Simulation_bessy2lo_56m_PGM_2Perc_coupling_errors_on_FLUX/round_8/36_bessy2lo_56m_PGM_2Perc_coupling_errors_on_FLUX.rml
2025-02-08 00:49:51,663 - INFO - Completed: 9, remaining: 51, RAYPy_Simulation_bessy2lo_56m_PGM_2Perc_coupling_errors_on_FLUX/round_8/38_bessy2lo_56m_PGM_2Perc_coupling_errors_on_FLUX.rml
2025-02-08 00:49:51,811 - INFO - Completed: 10, remaining: 50, RAYPy_Simulation_bessy2lo_56m_PGM_2Perc_coupling_errors_on_FLUX/round_8/46_bessy2lo_56m_PGM_2Perc_coupling_errors_on_FLUX.rml
2025-02-08 00:49:51,838 - INFO - Completed: 11, remaining: 49, RAYPy_Simulation_bessy2lo_56m_PGM_2Perc_coupling_errors_on_FLUX/round_8/41_bessy2lo_56m_PGM_2Perc_coupling_errors_on_FLUX.rml
2025-02-08 00:49:51,989 - INFO - Completed: 12, remaining: 48, RAYPy_Simulation_bessy2lo_56m_PGM_2Perc_coupling_errors_on_FLUX/round_8/43_bessy2lo_56m_PGM_2Perc_coupling_errors_on_FLUX.rml
2025-02-08 00:50:03,218 - INFO - Completed: 13, remaining: 47, RAYPy_Simulation_bessy2lo_56m_PGM_2Perc_coupling_errors_on_FLUX/round_8/48_bessy2lo_56m_PGM_2Perc_coupling_errors_on_FLUX.rml
2025-02-08 00:50:05,460 - INFO - Completed: 14, remaining: 46, RAYPy_Simulation_bessy2lo_56m_PGM_2Perc_coupling_errors_on_FLUX/round_8/49_bessy2lo_56m_PGM_2Perc_coupling_errors_on_FLUX.rml
2025-02-08 00:50:05,709 - INFO - Completed: 15, remaining: 45, RAYPy_Simulation_bessy2lo_56m_PGM_2Perc_coupling_errors_on_FLUX/round_8/50_bessy2lo_56m_PGM_2Perc_coupling_errors_on_FLUX.rml
2025-02-08 00:50:06,348 - INFO - Completed: 16, remaining: 44, RAYPy_Simulation_bessy2lo_56m_PGM_2Perc_coupling_errors_on_FLUX/round_8/51_bessy2lo_56m_PGM_2Perc_coupling_errors_on_FLUX.rml
2025-02-08 00:50:06,585 - INFO - Completed: 17, remaining: 43, RAYPy_Simulation_bessy2lo_56m_PGM_2Perc_coupling_errors_on_FLUX/round_8/52_bessy2lo_56m_PGM_2Perc_coupling_errors_on_FLUX.rml
2025-02-08 00:50:06,864 - INFO - Completed: 18, remaining: 42, RAYPy_Simulation_bessy2lo_56m_PGM_2Perc_coupling_errors_on_FLUX/round_8/53_bessy2lo_56m_PGM_2Perc_coupling_errors_on_FLUX.rml
2025-02-08 00:50:07,022 - INFO - Completed: 19, remaining: 41, RAYPy_Simulation_bessy2lo_56m_PGM_2Perc_coupling_errors_on_FLUX/round_8/55_bessy2lo_56m_PGM_2Perc_coupling_errors_on_FLUX.rml
2025-02-08 00:50:08,170 - INFO - Completed: 20, remaining: 40, RAYPy_Simulation_bessy2lo_56m_PGM_2Perc_coupling_errors_on_FLUX/round_8/56_bessy2lo_56m_PGM_2Perc_coupling_errors_on_FLUX.rml
2025-02-08 00:50:08,606 - INFO - Completed: 21, remaining: 39, RAYPy_Simulation_bessy2lo_56m_PGM_2Perc_coupling_errors_on_FLUX/round_8/58_bessy2lo_56m_PGM_2Perc_coupling_errors_on_FLUX.rml
2025-02-08 00:50:08,621 - INFO - Completed: 22, remaining: 38, RAYPy_Simulation_bessy2lo_56m_PGM_2Perc_coupling_errors_on_FLUX/round_8/59_bessy2lo_56m_PGM_2Perc_coupling_errors_on_FLUX.rml
2025-02-08 00:50:08,747 - INFO - Completed: 23, remaining: 37, RAYPy_Simulation_bessy2lo_56m_PGM_2Perc_coupling_errors_on_FLUX/round_8/57_bessy2lo_56m_PGM_2Perc_coupling_errors_on_FLUX.rml
2025-02-08 00:50:09,356 - INFO - Completed: 24, remaining: 36, RAYPy_Simulation_bessy2lo_56m_PGM_2Perc_coupling_errors_on_FLUX/round_8/54_bessy2lo_56m_PGM_2Perc_coupling_errors_on_FLUX.rml
2025-02-08 00:50:15,180 - INFO - Completed: 25, remaining: 35, RAYPy_Simulation_bessy2lo_56m_PGM_2Perc_coupling_errors_on_FLUX/round_8/60_bessy2lo_56m_PGM_2Perc_coupling_errors_on_FLUX.rml
2025-02-08 00:50:20,129 - INFO - Completed: 26, remaining: 34, RAYPy_Simulation_bessy2lo_56m_PGM_2Perc_coupling_errors_on_FLUX/round_8/61_bessy2lo_56m_PGM_2Perc_coupling_errors_on_FLUX.rml
2025-02-08 00:50:20,946 - INFO - Completed: 27, remaining: 33, RAYPy_Simulation_bessy2lo_56m_PGM_2Perc_coupling_errors_on_FLUX/round_8/62_bessy2lo_56m_PGM_2Perc_coupling_errors_on_FLUX.rml
2025-02-08 00:50:22,399 - INFO - Completed: 28, remaining: 32, RAYPy_Simulation_bessy2lo_56m_PGM_2Perc_coupling_errors_on_FLUX/round_8/63_bessy2lo_56m_PGM_2Perc_coupling_errors_on_FLUX.rml
2025-02-08 00:50:22,837 - INFO - Completed: 29, remaining: 31, RAYPy_Simulation_bessy2lo_56m_PGM_2Perc_coupling_errors_on_FLUX/round_8/65_bessy2lo_56m_PGM_2Perc_coupling_errors_on_FLUX.rml
2025-02-08 00:50:23,027 - INFO - Completed: 30, remaining: 30, RAYPy_Simulation_bessy2lo_56m_PGM_2Perc_coupling_errors_on_FLUX/round_8/66_bessy2lo_56m_PGM_2Perc_coupling_errors_on_FLUX.rml
2025-02-08 00:50:23,235 - INFO - Completed: 31, remaining: 29, RAYPy_Simulation_bessy2lo_56m_PGM_2Perc_coupling_errors_on_FLUX/round_8/64_bessy2lo_56m_PGM_2Perc_coupling_errors_on_FLUX.rml
2025-02-08 00:50:24,502 - INFO - Completed: 32, remaining: 28, RAYPy_Simulation_bessy2lo_56m_PGM_2Perc_coupling_errors_on_FLUX/round_8/67_bessy2lo_56m_PGM_2Perc_coupling_errors_on_FLUX.rml
2025-02-08 00:50:24,844 - INFO - Completed: 33, remaining: 27, RAYPy_Simulation_bessy2lo_56m_PGM_2Perc_coupling_errors_on_FLUX/round_8/68_bessy2lo_56m_PGM_2Perc_coupling_errors_on_FLUX.rml
2025-02-08 00:50:24,852 - INFO - Completed: 34, remaining: 26, RAYPy_Simulation_bessy2lo_56m_PGM_2Perc_coupling_errors_on_FLUX/round_8/70_bessy2lo_56m_PGM_2Perc_coupling_errors_on_FLUX.rml
2025-02-08 00:50:25,416 - INFO - Completed: 35, remaining: 25, RAYPy_Simulation_bessy2lo_56m_PGM_2Perc_coupling_errors_on_FLUX/round_8/69_bessy2lo_56m_PGM_2Perc_coupling_errors_on_FLUX.rml
2025-02-08 00:50:27,252 - INFO - Completed: 36, remaining: 24, RAYPy_Simulation_bessy2lo_56m_PGM_2Perc_coupling_errors_on_FLUX/round_8/71_bessy2lo_56m_PGM_2Perc_coupling_errors_on_FLUX.rml
2025-02-08 00:50:30,029 - INFO - Completed: 37, remaining: 23, RAYPy_Simulation_bessy2lo_56m_PGM_2Perc_coupling_errors_on_FLUX/round_8/72_bessy2lo_56m_PGM_2Perc_coupling_errors_on_FLUX.rml
2025-02-08 00:50:35,637 - INFO - Completed: 38, remaining: 22, RAYPy_Simulation_bessy2lo_56m_PGM_2Perc_coupling_errors_on_FLUX/round_8/73_bessy2lo_56m_PGM_2Perc_coupling_errors_on_FLUX.rml
2025-02-08 00:50:36,560 - INFO - Completed: 39, remaining: 21, RAYPy_Simulation_bessy2lo_56m_PGM_2Perc_coupling_errors_on_FLUX/round_8/74_bessy2lo_56m_PGM_2Perc_coupling_errors_on_FLUX.rml
2025-02-08 00:50:38,554 - INFO - Completed: 40, remaining: 20, RAYPy_Simulation_bessy2lo_56m_PGM_2Perc_coupling_errors_on_FLUX/round_8/75_bessy2lo_56m_PGM_2Perc_coupling_errors_on_FLUX.rml
2025-02-08 00:50:39,048 - INFO - Completed: 41, remaining: 19, RAYPy_Simulation_bessy2lo_56m_PGM_2Perc_coupling_errors_on_FLUX/round_8/77_bessy2lo_56m_PGM_2Perc_coupling_errors_on_FLUX.rml
2025-02-08 00:50:39,105 - INFO - Completed: 42, remaining: 18, RAYPy_Simulation_bessy2lo_56m_PGM_2Perc_coupling_errors_on_FLUX/round_8/76_bessy2lo_56m_PGM_2Perc_coupling_errors_on_FLUX.rml
2025-02-08 00:50:39,470 - INFO - Completed: 43, remaining: 17, RAYPy_Simulation_bessy2lo_56m_PGM_2Perc_coupling_errors_on_FLUX/round_8/78_bessy2lo_56m_PGM_2Perc_coupling_errors_on_FLUX.rml
2025-02-08 00:50:40,262 - INFO - Completed: 44, remaining: 16, RAYPy_Simulation_bessy2lo_56m_PGM_2Perc_coupling_errors_on_FLUX/round_8/81_bessy2lo_56m_PGM_2Perc_coupling_errors_on_FLUX.rml
2025-02-08 00:50:40,670 - INFO - Completed: 45, remaining: 15, RAYPy_Simulation_bessy2lo_56m_PGM_2Perc_coupling_errors_on_FLUX/round_8/79_bessy2lo_56m_PGM_2Perc_coupling_errors_on_FLUX.rml
2025-02-08 00:50:40,808 - INFO - Completed: 46, remaining: 14, RAYPy_Simulation_bessy2lo_56m_PGM_2Perc_coupling_errors_on_FLUX/round_8/80_bessy2lo_56m_PGM_2Perc_coupling_errors_on_FLUX.rml
2025-02-08 00:50:41,367 - INFO - Completed: 47, remaining: 13, RAYPy_Simulation_bessy2lo_56m_PGM_2Perc_coupling_errors_on_FLUX/round_8/82_bessy2lo_56m_PGM_2Perc_coupling_errors_on_FLUX.rml
2025-02-08 00:50:43,209 - INFO - Completed: 48, remaining: 12, RAYPy_Simulation_bessy2lo_56m_PGM_2Perc_coupling_errors_on_FLUX/round_8/83_bessy2lo_56m_PGM_2Perc_coupling_errors_on_FLUX.rml
2025-02-08 00:50:44,929 - INFO - Completed: 49, remaining: 11, RAYPy_Simulation_bessy2lo_56m_PGM_2Perc_coupling_errors_on_FLUX/round_8/84_bessy2lo_56m_PGM_2Perc_coupling_errors_on_FLUX.rml
2025-02-08 00:50:49,499 - INFO - Completed: 50, remaining: 10, RAYPy_Simulation_bessy2lo_56m_PGM_2Perc_coupling_errors_on_FLUX/round_8/85_bessy2lo_56m_PGM_2Perc_coupling_errors_on_FLUX.rml
2025-02-08 00:50:50,887 - INFO - Completed: 51, remaining: 9, RAYPy_Simulation_bessy2lo_56m_PGM_2Perc_coupling_errors_on_FLUX/round_8/86_bessy2lo_56m_PGM_2Perc_coupling_errors_on_FLUX.rml
2025-02-08 00:50:52,958 - INFO - Completed: 52, remaining: 8, RAYPy_Simulation_bessy2lo_56m_PGM_2Perc_coupling_errors_on_FLUX/round_8/87_bessy2lo_56m_PGM_2Perc_coupling_errors_on_FLUX.rml
2025-02-08 00:50:53,457 - INFO - Completed: 53, remaining: 7, RAYPy_Simulation_bessy2lo_56m_PGM_2Perc_coupling_errors_on_FLUX/round_8/88_bessy2lo_56m_PGM_2Perc_coupling_errors_on_FLUX.rml
2025-02-08 00:50:53,508 - INFO - Completed: 54, remaining: 6, RAYPy_Simulation_bessy2lo_56m_PGM_2Perc_coupling_errors_on_FLUX/round_8/89_bessy2lo_56m_PGM_2Perc_coupling_errors_on_FLUX.rml
2025-02-08 00:50:54,079 - INFO - Completed: 55, remaining: 5, RAYPy_Simulation_bessy2lo_56m_PGM_2Perc_coupling_errors_on_FLUX/round_8/90_bessy2lo_56m_PGM_2Perc_coupling_errors_on_FLUX.rml
2025-02-08 00:50:54,204 - INFO - Completed: 56, remaining: 4, RAYPy_Simulation_bessy2lo_56m_PGM_2Perc_coupling_errors_on_FLUX/round_8/91_bessy2lo_56m_PGM_2Perc_coupling_errors_on_FLUX.rml
2025-02-08 00:50:54,333 - INFO - Completed: 57, remaining: 3, RAYPy_Simulation_bessy2lo_56m_PGM_2Perc_coupling_errors_on_FLUX/round_8/93_bessy2lo_56m_PGM_2Perc_coupling_errors_on_FLUX.rml
2025-02-08 00:50:54,348 - INFO - Completed: 58, remaining: 2, RAYPy_Simulation_bessy2lo_56m_PGM_2Perc_coupling_errors_on_FLUX/round_8/92_bessy2lo_56m_PGM_2Perc_coupling_errors_on_FLUX.rml
2025-02-08 00:50:54,591 - INFO - Completed: 59, remaining: 1, RAYPy_Simulation_bessy2lo_56m_PGM_2Perc_coupling_errors_on_FLUX/round_8/94_bessy2lo_56m_PGM_2Perc_coupling_errors_on_FLUX.rml
2025-02-08 00:50:54,825 - INFO - Completed: 60, remaining: 0, RAYPy_Simulation_bessy2lo_56m_PGM_2Perc_coupling_errors_on_FLUX/round_8/95_bessy2lo_56m_PGM_2Perc_coupling_errors_on_FLUX.rml
2025-02-08 00:50:54,826 - INFO - Batch Completed
2025-02-08 00:50:54,826 - INFO - Waiting For batch, 60 simulations to go
2025-02-08 00:50:54,831 - INFO - Prepared sim number: 96: RAYPy_Simulation_bessy2lo_56m_PGM_2Perc_coupling_errors_on_FLUX/round_8/96_bessy2lo_56m_PGM_2Perc_coupling_errors_on_FLUX.rml
2025-02-08 00:50:54,835 - INFO - Prepared sim number: 97: RAYPy_Simulation_bessy2lo_56m_PGM_2Perc_coupling_errors_on_FLUX/round_8/97_bessy2lo_56m_PGM_2Perc_coupling_errors_on_FLUX.rml
2025-02-08 00:50:54,844 - INFO - Prepared sim number: 98: RAYPy_Simulation_bessy2lo_56m_PGM_2Perc_coupling_errors_on_FLUX/round_8/98_bessy2lo_56m_PGM_2Perc_coupling_errors_on_FLUX.rml
2025-02-08 00:50:54,848 - INFO - Prepared sim number: 99: RAYPy_Simulation_bessy2lo_56m_PGM_2Perc_coupling_errors_on_FLUX/round_8/99_bessy2lo_56m_PGM_2Perc_coupling_errors_on_FLUX.rml
2025-02-08 00:50:54,853 - INFO - Prepared sim number: 100: RAYPy_Simulation_bessy2lo_56m_PGM_2Perc_coupling_errors_on_FLUX/round_8/100_bessy2lo_56m_PGM_2Perc_coupling_errors_on_FLUX.rml
2025-02-08 00:50:54,857 - INFO - Prepared sim number: 101: RAYPy_Simulation_bessy2lo_56m_PGM_2Perc_coupling_errors_on_FLUX/round_8/101_bessy2lo_56m_PGM_2Perc_coupling_errors_on_FLUX.rml
2025-02-08 00:50:54,861 - INFO - Prepared sim number: 102: RAYPy_Simulation_bessy2lo_56m_PGM_2Perc_coupling_errors_on_FLUX/round_8/102_bessy2lo_56m_PGM_2Perc_coupling_errors_on_FLUX.rml
2025-02-08 00:50:54,865 - INFO - Prepared sim number: 103: RAYPy_Simulation_bessy2lo_56m_PGM_2Perc_coupling_errors_on_FLUX/round_8/103_bessy2lo_56m_PGM_2Perc_coupling_errors_on_FLUX.rml
2025-02-08 00:50:54,870 - INFO - Prepared sim number: 104: RAYPy_Simulation_bessy2lo_56m_PGM_2Perc_coupling_errors_on_FLUX/round_8/104_bessy2lo_56m_PGM_2Perc_coupling_errors_on_FLUX.rml
2025-02-08 00:50:54,877 - INFO - Prepared sim number: 105: RAYPy_Simulation_bessy2lo_56m_PGM_2Perc_coupling_errors_on_FLUX/round_8/105_bessy2lo_56m_PGM_2Perc_coupling_errors_on_FLUX.rml
2025-02-08 00:50:54,883 - INFO - Prepared sim number: 106: RAYPy_Simulation_bessy2lo_56m_PGM_2Perc_coupling_errors_on_FLUX/round_8/106_bessy2lo_56m_PGM_2Perc_coupling_errors_on_FLUX.rml
2025-02-08 00:50:54,888 - INFO - Prepared sim number: 107: RAYPy_Simulation_bessy2lo_56m_PGM_2Perc_coupling_errors_on_FLUX/round_8/107_bessy2lo_56m_PGM_2Perc_coupling_errors_on_FLUX.rml
2025-02-08 00:50:54,892 - INFO - Prepared sim number: 108: RAYPy_Simulation_bessy2lo_56m_PGM_2Perc_coupling_errors_on_FLUX/round_8/108_bessy2lo_56m_PGM_2Perc_coupling_errors_on_FLUX.rml
2025-02-08 00:50:54,898 - INFO - Prepared sim number: 109: RAYPy_Simulation_bessy2lo_56m_PGM_2Perc_coupling_errors_on_FLUX/round_8/109_bessy2lo_56m_PGM_2Perc_coupling_errors_on_FLUX.rml
2025-02-08 00:50:54,903 - INFO - Prepared sim number: 110: RAYPy_Simulation_bessy2lo_56m_PGM_2Perc_coupling_errors_on_FLUX/round_8/110_bessy2lo_56m_PGM_2Perc_coupling_errors_on_FLUX.rml
2025-02-08 00:50:54,907 - INFO - Prepared sim number: 111: RAYPy_Simulation_bessy2lo_56m_PGM_2Perc_coupling_errors_on_FLUX/round_8/111_bessy2lo_56m_PGM_2Perc_coupling_errors_on_FLUX.rml
2025-02-08 00:50:54,911 - INFO - Prepared sim number: 112: RAYPy_Simulation_bessy2lo_56m_PGM_2Perc_coupling_errors_on_FLUX/round_8/112_bessy2lo_56m_PGM_2Perc_coupling_errors_on_FLUX.rml
2025-02-08 00:50:54,915 - INFO - Prepared sim number: 113: RAYPy_Simulation_bessy2lo_56m_PGM_2Perc_coupling_errors_on_FLUX/round_8/113_bessy2lo_56m_PGM_2Perc_coupling_errors_on_FLUX.rml
2025-02-08 00:50:54,918 - INFO - Prepared sim number: 114: RAYPy_Simulation_bessy2lo_56m_PGM_2Perc_coupling_errors_on_FLUX/round_8/114_bessy2lo_56m_PGM_2Perc_coupling_errors_on_FLUX.rml
2025-02-08 00:50:54,922 - INFO - Prepared sim number: 115: RAYPy_Simulation_bessy2lo_56m_PGM_2Perc_coupling_errors_on_FLUX/round_8/115_bessy2lo_56m_PGM_2Perc_coupling_errors_on_FLUX.rml
2025-02-08 00:50:54,927 - INFO - Prepared sim number: 116: RAYPy_Simulation_bessy2lo_56m_PGM_2Perc_coupling_errors_on_FLUX/round_8/116_bessy2lo_56m_PGM_2Perc_coupling_errors_on_FLUX.rml
2025-02-08 00:50:54,932 - INFO - Prepared sim number: 117: RAYPy_Simulation_bessy2lo_56m_PGM_2Perc_coupling_errors_on_FLUX/round_8/117_bessy2lo_56m_PGM_2Perc_coupling_errors_on_FLUX.rml
2025-02-08 00:50:54,937 - INFO - Prepared sim number: 118: RAYPy_Simulation_bessy2lo_56m_PGM_2Perc_coupling_errors_on_FLUX/round_8/118_bessy2lo_56m_PGM_2Perc_coupling_errors_on_FLUX.rml
2025-02-08 00:50:54,942 - INFO - Prepared sim number: 119: RAYPy_Simulation_bessy2lo_56m_PGM_2Perc_coupling_errors_on_FLUX/round_8/119_bessy2lo_56m_PGM_2Perc_coupling_errors_on_FLUX.rml
2025-02-08 00:50:54,946 - INFO - Prepared sim number: 120: RAYPy_Simulation_bessy2lo_56m_PGM_2Perc_coupling_errors_on_FLUX/round_8/120_bessy2lo_56m_PGM_2Perc_coupling_errors_on_FLUX.rml
2025-02-08 00:50:54,949 - INFO - Prepared sim number: 121: RAYPy_Simulation_bessy2lo_56m_PGM_2Perc_coupling_errors_on_FLUX/round_8/121_bessy2lo_56m_PGM_2Perc_coupling_errors_on_FLUX.rml
2025-02-08 00:50:54,953 - INFO - Prepared sim number: 122: RAYPy_Simulation_bessy2lo_56m_PGM_2Perc_coupling_errors_on_FLUX/round_8/122_bessy2lo_56m_PGM_2Perc_coupling_errors_on_FLUX.rml
2025-02-08 00:50:54,953 - INFO - Start round 9
2025-02-08 00:50:54,957 - INFO - Prepared sim number: 0: RAYPy_Simulation_bessy2lo_56m_PGM_2Perc_coupling_errors_on_FLUX/round_9/0_bessy2lo_56m_PGM_2Perc_coupling_errors_on_FLUX.rml
2025-02-08 00:50:54,960 - INFO - Prepared sim number: 1: RAYPy_Simulation_bessy2lo_56m_PGM_2Perc_coupling_errors_on_FLUX/round_9/1_bessy2lo_56m_PGM_2Perc_coupling_errors_on_FLUX.rml
2025-02-08 00:50:54,963 - INFO - Prepared sim number: 2: RAYPy_Simulation_bessy2lo_56m_PGM_2Perc_coupling_errors_on_FLUX/round_9/2_bessy2lo_56m_PGM_2Perc_coupling_errors_on_FLUX.rml
2025-02-08 00:50:54,968 - INFO - Prepared sim number: 3: RAYPy_Simulation_bessy2lo_56m_PGM_2Perc_coupling_errors_on_FLUX/round_9/3_bessy2lo_56m_PGM_2Perc_coupling_errors_on_FLUX.rml
2025-02-08 00:50:54,972 - INFO - Prepared sim number: 4: RAYPy_Simulation_bessy2lo_56m_PGM_2Perc_coupling_errors_on_FLUX/round_9/4_bessy2lo_56m_PGM_2Perc_coupling_errors_on_FLUX.rml
2025-02-08 00:50:54,975 - INFO - Prepared sim number: 5: RAYPy_Simulation_bessy2lo_56m_PGM_2Perc_coupling_errors_on_FLUX/round_9/5_bessy2lo_56m_PGM_2Perc_coupling_errors_on_FLUX.rml
2025-02-08 00:50:54,979 - INFO - Prepared sim number: 6: RAYPy_Simulation_bessy2lo_56m_PGM_2Perc_coupling_errors_on_FLUX/round_9/6_bessy2lo_56m_PGM_2Perc_coupling_errors_on_FLUX.rml
2025-02-08 00:50:54,983 - INFO - Prepared sim number: 7: RAYPy_Simulation_bessy2lo_56m_PGM_2Perc_coupling_errors_on_FLUX/round_9/7_bessy2lo_56m_PGM_2Perc_coupling_errors_on_FLUX.rml
2025-02-08 00:50:54,986 - INFO - Prepared sim number: 8: RAYPy_Simulation_bessy2lo_56m_PGM_2Perc_coupling_errors_on_FLUX/round_9/8_bessy2lo_56m_PGM_2Perc_coupling_errors_on_FLUX.rml
2025-02-08 00:50:54,990 - INFO - Prepared sim number: 9: RAYPy_Simulation_bessy2lo_56m_PGM_2Perc_coupling_errors_on_FLUX/round_9/9_bessy2lo_56m_PGM_2Perc_coupling_errors_on_FLUX.rml
2025-02-08 00:50:54,993 - INFO - Prepared sim number: 10: RAYPy_Simulation_bessy2lo_56m_PGM_2Perc_coupling_errors_on_FLUX/round_9/10_bessy2lo_56m_PGM_2Perc_coupling_errors_on_FLUX.rml
2025-02-08 00:50:54,997 - INFO - Prepared sim number: 11: RAYPy_Simulation_bessy2lo_56m_PGM_2Perc_coupling_errors_on_FLUX/round_9/11_bessy2lo_56m_PGM_2Perc_coupling_errors_on_FLUX.rml
2025-02-08 00:50:55,001 - INFO - Prepared sim number: 12: RAYPy_Simulation_bessy2lo_56m_PGM_2Perc_coupling_errors_on_FLUX/round_9/12_bessy2lo_56m_PGM_2Perc_coupling_errors_on_FLUX.rml
2025-02-08 00:50:55,004 - INFO - Prepared sim number: 13: RAYPy_Simulation_bessy2lo_56m_PGM_2Perc_coupling_errors_on_FLUX/round_9/13_bessy2lo_56m_PGM_2Perc_coupling_errors_on_FLUX.rml
2025-02-08 00:50:55,008 - INFO - Prepared sim number: 14: RAYPy_Simulation_bessy2lo_56m_PGM_2Perc_coupling_errors_on_FLUX/round_9/14_bessy2lo_56m_PGM_2Perc_coupling_errors_on_FLUX.rml
2025-02-08 00:50:55,011 - INFO - Prepared sim number: 15: RAYPy_Simulation_bessy2lo_56m_PGM_2Perc_coupling_errors_on_FLUX/round_9/15_bessy2lo_56m_PGM_2Perc_coupling_errors_on_FLUX.rml
2025-02-08 00:50:55,014 - INFO - Prepared sim number: 16: RAYPy_Simulation_bessy2lo_56m_PGM_2Perc_coupling_errors_on_FLUX/round_9/16_bessy2lo_56m_PGM_2Perc_coupling_errors_on_FLUX.rml
2025-02-08 00:50:55,018 - INFO - Prepared sim number: 17: RAYPy_Simulation_bessy2lo_56m_PGM_2Perc_coupling_errors_on_FLUX/round_9/17_bessy2lo_56m_PGM_2Perc_coupling_errors_on_FLUX.rml
2025-02-08 00:50:55,022 - INFO - Prepared sim number: 18: RAYPy_Simulation_bessy2lo_56m_PGM_2Perc_coupling_errors_on_FLUX/round_9/18_bessy2lo_56m_PGM_2Perc_coupling_errors_on_FLUX.rml
2025-02-08 00:50:55,026 - INFO - Prepared sim number: 19: RAYPy_Simulation_bessy2lo_56m_PGM_2Perc_coupling_errors_on_FLUX/round_9/19_bessy2lo_56m_PGM_2Perc_coupling_errors_on_FLUX.rml
2025-02-08 00:50:55,030 - INFO - Prepared sim number: 20: RAYPy_Simulation_bessy2lo_56m_PGM_2Perc_coupling_errors_on_FLUX/round_9/20_bessy2lo_56m_PGM_2Perc_coupling_errors_on_FLUX.rml
2025-02-08 00:50:55,034 - INFO - Prepared sim number: 21: RAYPy_Simulation_bessy2lo_56m_PGM_2Perc_coupling_errors_on_FLUX/round_9/21_bessy2lo_56m_PGM_2Perc_coupling_errors_on_FLUX.rml
2025-02-08 00:50:55,038 - INFO - Prepared sim number: 22: RAYPy_Simulation_bessy2lo_56m_PGM_2Perc_coupling_errors_on_FLUX/round_9/22_bessy2lo_56m_PGM_2Perc_coupling_errors_on_FLUX.rml
2025-02-08 00:50:55,041 - INFO - Prepared sim number: 23: RAYPy_Simulation_bessy2lo_56m_PGM_2Perc_coupling_errors_on_FLUX/round_9/23_bessy2lo_56m_PGM_2Perc_coupling_errors_on_FLUX.rml
2025-02-08 00:50:55,045 - INFO - Prepared sim number: 24: RAYPy_Simulation_bessy2lo_56m_PGM_2Perc_coupling_errors_on_FLUX/round_9/24_bessy2lo_56m_PGM_2Perc_coupling_errors_on_FLUX.rml
2025-02-08 00:50:55,048 - INFO - Prepared sim number: 25: RAYPy_Simulation_bessy2lo_56m_PGM_2Perc_coupling_errors_on_FLUX/round_9/25_bessy2lo_56m_PGM_2Perc_coupling_errors_on_FLUX.rml
2025-02-08 00:50:55,051 - INFO - Prepared sim number: 26: RAYPy_Simulation_bessy2lo_56m_PGM_2Perc_coupling_errors_on_FLUX/round_9/26_bessy2lo_56m_PGM_2Perc_coupling_errors_on_FLUX.rml
2025-02-08 00:50:55,055 - INFO - Prepared sim number: 27: RAYPy_Simulation_bessy2lo_56m_PGM_2Perc_coupling_errors_on_FLUX/round_9/27_bessy2lo_56m_PGM_2Perc_coupling_errors_on_FLUX.rml
2025-02-08 00:50:55,058 - INFO - Prepared sim number: 28: RAYPy_Simulation_bessy2lo_56m_PGM_2Perc_coupling_errors_on_FLUX/round_9/28_bessy2lo_56m_PGM_2Perc_coupling_errors_on_FLUX.rml
2025-02-08 00:50:55,062 - INFO - Prepared sim number: 29: RAYPy_Simulation_bessy2lo_56m_PGM_2Perc_coupling_errors_on_FLUX/round_9/29_bessy2lo_56m_PGM_2Perc_coupling_errors_on_FLUX.rml
2025-02-08 00:50:55,065 - INFO - Prepared sim number: 30: RAYPy_Simulation_bessy2lo_56m_PGM_2Perc_coupling_errors_on_FLUX/round_9/30_bessy2lo_56m_PGM_2Perc_coupling_errors_on_FLUX.rml
2025-02-08 00:50:55,069 - INFO - Prepared sim number: 31: RAYPy_Simulation_bessy2lo_56m_PGM_2Perc_coupling_errors_on_FLUX/round_9/31_bessy2lo_56m_PGM_2Perc_coupling_errors_on_FLUX.rml
2025-02-08 00:50:55,072 - INFO - Prepared sim number: 32: RAYPy_Simulation_bessy2lo_56m_PGM_2Perc_coupling_errors_on_FLUX/round_9/32_bessy2lo_56m_PGM_2Perc_coupling_errors_on_FLUX.rml
2025-02-08 00:50:55,079 - INFO - Waiting for batch number: 18, timeout: 96.09028431095861s
2025-02-08 00:51:10,864 - INFO - Completed: 1, remaining: 59, RAYPy_Simulation_bessy2lo_56m_PGM_2Perc_coupling_errors_on_FLUX/round_8/101_bessy2lo_56m_PGM_2Perc_coupling_errors_on_FLUX.rml
2025-02-08 00:51:10,989 - INFO - Completed: 2, remaining: 58, RAYPy_Simulation_bessy2lo_56m_PGM_2Perc_coupling_errors_on_FLUX/round_8/103_bessy2lo_56m_PGM_2Perc_coupling_errors_on_FLUX.rml
2025-02-08 00:51:11,211 - INFO - Completed: 3, remaining: 57, RAYPy_Simulation_bessy2lo_56m_PGM_2Perc_coupling_errors_on_FLUX/round_8/100_bessy2lo_56m_PGM_2Perc_coupling_errors_on_FLUX.rml
2025-02-08 00:51:11,277 - INFO - Completed: 4, remaining: 56, RAYPy_Simulation_bessy2lo_56m_PGM_2Perc_coupling_errors_on_FLUX/round_8/99_bessy2lo_56m_PGM_2Perc_coupling_errors_on_FLUX.rml
2025-02-08 00:51:11,447 - INFO - Completed: 5, remaining: 55, RAYPy_Simulation_bessy2lo_56m_PGM_2Perc_coupling_errors_on_FLUX/round_8/97_bessy2lo_56m_PGM_2Perc_coupling_errors_on_FLUX.rml
2025-02-08 00:51:11,472 - INFO - Completed: 6, remaining: 54, RAYPy_Simulation_bessy2lo_56m_PGM_2Perc_coupling_errors_on_FLUX/round_8/107_bessy2lo_56m_PGM_2Perc_coupling_errors_on_FLUX.rml
2025-02-08 00:51:11,695 - INFO - Completed: 7, remaining: 53, RAYPy_Simulation_bessy2lo_56m_PGM_2Perc_coupling_errors_on_FLUX/round_8/106_bessy2lo_56m_PGM_2Perc_coupling_errors_on_FLUX.rml
2025-02-08 00:51:11,711 - INFO - Completed: 8, remaining: 52, RAYPy_Simulation_bessy2lo_56m_PGM_2Perc_coupling_errors_on_FLUX/round_8/96_bessy2lo_56m_PGM_2Perc_coupling_errors_on_FLUX.rml
2025-02-08 00:51:12,025 - INFO - Completed: 9, remaining: 51, RAYPy_Simulation_bessy2lo_56m_PGM_2Perc_coupling_errors_on_FLUX/round_8/105_bessy2lo_56m_PGM_2Perc_coupling_errors_on_FLUX.rml
2025-02-08 00:51:12,970 - INFO - Completed: 10, remaining: 50, RAYPy_Simulation_bessy2lo_56m_PGM_2Perc_coupling_errors_on_FLUX/round_8/102_bessy2lo_56m_PGM_2Perc_coupling_errors_on_FLUX.rml
2025-02-08 00:51:13,008 - INFO - Completed: 11, remaining: 49, RAYPy_Simulation_bessy2lo_56m_PGM_2Perc_coupling_errors_on_FLUX/round_8/98_bessy2lo_56m_PGM_2Perc_coupling_errors_on_FLUX.rml
2025-02-08 00:51:13,069 - INFO - Completed: 12, remaining: 48, RAYPy_Simulation_bessy2lo_56m_PGM_2Perc_coupling_errors_on_FLUX/round_8/104_bessy2lo_56m_PGM_2Perc_coupling_errors_on_FLUX.rml
2025-02-08 00:51:27,330 - INFO - Completed: 13, remaining: 47, RAYPy_Simulation_bessy2lo_56m_PGM_2Perc_coupling_errors_on_FLUX/round_8/108_bessy2lo_56m_PGM_2Perc_coupling_errors_on_FLUX.rml
2025-02-08 00:51:27,346 - INFO - Completed: 14, remaining: 46, RAYPy_Simulation_bessy2lo_56m_PGM_2Perc_coupling_errors_on_FLUX/round_8/109_bessy2lo_56m_PGM_2Perc_coupling_errors_on_FLUX.rml
2025-02-08 00:51:28,264 - INFO - Completed: 15, remaining: 45, RAYPy_Simulation_bessy2lo_56m_PGM_2Perc_coupling_errors_on_FLUX/round_8/111_bessy2lo_56m_PGM_2Perc_coupling_errors_on_FLUX.rml
2025-02-08 00:51:28,593 - INFO - Completed: 16, remaining: 44, RAYPy_Simulation_bessy2lo_56m_PGM_2Perc_coupling_errors_on_FLUX/round_8/115_bessy2lo_56m_PGM_2Perc_coupling_errors_on_FLUX.rml
2025-02-08 00:51:28,639 - INFO - Completed: 17, remaining: 43, RAYPy_Simulation_bessy2lo_56m_PGM_2Perc_coupling_errors_on_FLUX/round_8/113_bessy2lo_56m_PGM_2Perc_coupling_errors_on_FLUX.rml
2025-02-08 00:51:29,023 - INFO - Completed: 18, remaining: 42, RAYPy_Simulation_bessy2lo_56m_PGM_2Perc_coupling_errors_on_FLUX/round_8/114_bessy2lo_56m_PGM_2Perc_coupling_errors_on_FLUX.rml
2025-02-08 00:51:29,408 - INFO - Completed: 19, remaining: 41, RAYPy_Simulation_bessy2lo_56m_PGM_2Perc_coupling_errors_on_FLUX/round_8/116_bessy2lo_56m_PGM_2Perc_coupling_errors_on_FLUX.rml
2025-02-08 00:51:29,562 - INFO - Completed: 20, remaining: 40, RAYPy_Simulation_bessy2lo_56m_PGM_2Perc_coupling_errors_on_FLUX/round_8/112_bessy2lo_56m_PGM_2Perc_coupling_errors_on_FLUX.rml
2025-02-08 00:51:29,871 - INFO - Completed: 21, remaining: 39, RAYPy_Simulation_bessy2lo_56m_PGM_2Perc_coupling_errors_on_FLUX/round_8/118_bessy2lo_56m_PGM_2Perc_coupling_errors_on_FLUX.rml
2025-02-08 00:51:30,314 - INFO - Completed: 22, remaining: 38, RAYPy_Simulation_bessy2lo_56m_PGM_2Perc_coupling_errors_on_FLUX/round_8/110_bessy2lo_56m_PGM_2Perc_coupling_errors_on_FLUX.rml
2025-02-08 00:51:30,350 - INFO - Completed: 23, remaining: 37, RAYPy_Simulation_bessy2lo_56m_PGM_2Perc_coupling_errors_on_FLUX/round_8/119_bessy2lo_56m_PGM_2Perc_coupling_errors_on_FLUX.rml
2025-02-08 00:51:30,877 - INFO - Completed: 24, remaining: 36, RAYPy_Simulation_bessy2lo_56m_PGM_2Perc_coupling_errors_on_FLUX/round_8/117_bessy2lo_56m_PGM_2Perc_coupling_errors_on_FLUX.rml
2025-02-08 00:51:41,840 - INFO - Completed: 25, remaining: 35, RAYPy_Simulation_bessy2lo_56m_PGM_2Perc_coupling_errors_on_FLUX/round_8/121_bessy2lo_56m_PGM_2Perc_coupling_errors_on_FLUX.rml
2025-02-08 00:51:42,219 - INFO - Completed: 26, remaining: 34, RAYPy_Simulation_bessy2lo_56m_PGM_2Perc_coupling_errors_on_FLUX/round_8/120_bessy2lo_56m_PGM_2Perc_coupling_errors_on_FLUX.rml
2025-02-08 00:51:43,860 - INFO - Completed: 27, remaining: 33, RAYPy_Simulation_bessy2lo_56m_PGM_2Perc_coupling_errors_on_FLUX/round_8/122_bessy2lo_56m_PGM_2Perc_coupling_errors_on_FLUX.rml
2025-02-08 00:51:44,985 - INFO - Completed: 28, remaining: 32, RAYPy_Simulation_bessy2lo_56m_PGM_2Perc_coupling_errors_on_FLUX/round_9/2_bessy2lo_56m_PGM_2Perc_coupling_errors_on_FLUX.rml
2025-02-08 00:51:45,275 - INFO - Completed: 29, remaining: 31, RAYPy_Simulation_bessy2lo_56m_PGM_2Perc_coupling_errors_on_FLUX/round_9/0_bessy2lo_56m_PGM_2Perc_coupling_errors_on_FLUX.rml
2025-02-08 00:51:45,388 - INFO - Completed: 30, remaining: 30, RAYPy_Simulation_bessy2lo_56m_PGM_2Perc_coupling_errors_on_FLUX/round_9/1_bessy2lo_56m_PGM_2Perc_coupling_errors_on_FLUX.rml
2025-02-08 00:51:45,756 - INFO - Completed: 31, remaining: 29, RAYPy_Simulation_bessy2lo_56m_PGM_2Perc_coupling_errors_on_FLUX/round_9/3_bessy2lo_56m_PGM_2Perc_coupling_errors_on_FLUX.rml
2025-02-08 00:51:46,093 - INFO - Completed: 32, remaining: 28, RAYPy_Simulation_bessy2lo_56m_PGM_2Perc_coupling_errors_on_FLUX/round_9/4_bessy2lo_56m_PGM_2Perc_coupling_errors_on_FLUX.rml
2025-02-08 00:51:46,186 - INFO - Completed: 33, remaining: 27, RAYPy_Simulation_bessy2lo_56m_PGM_2Perc_coupling_errors_on_FLUX/round_9/5_bessy2lo_56m_PGM_2Perc_coupling_errors_on_FLUX.rml
2025-02-08 00:51:46,554 - INFO - Completed: 34, remaining: 26, RAYPy_Simulation_bessy2lo_56m_PGM_2Perc_coupling_errors_on_FLUX/round_9/7_bessy2lo_56m_PGM_2Perc_coupling_errors_on_FLUX.rml
2025-02-08 00:51:47,033 - INFO - Completed: 35, remaining: 25, RAYPy_Simulation_bessy2lo_56m_PGM_2Perc_coupling_errors_on_FLUX/round_9/8_bessy2lo_56m_PGM_2Perc_coupling_errors_on_FLUX.rml
2025-02-08 00:51:48,204 - INFO - Completed: 36, remaining: 24, RAYPy_Simulation_bessy2lo_56m_PGM_2Perc_coupling_errors_on_FLUX/round_9/6_bessy2lo_56m_PGM_2Perc_coupling_errors_on_FLUX.rml
2025-02-08 00:51:55,062 - INFO - Completed: 37, remaining: 23, RAYPy_Simulation_bessy2lo_56m_PGM_2Perc_coupling_errors_on_FLUX/round_9/9_bessy2lo_56m_PGM_2Perc_coupling_errors_on_FLUX.rml
2025-02-08 00:51:55,171 - INFO - Completed: 38, remaining: 22, RAYPy_Simulation_bessy2lo_56m_PGM_2Perc_coupling_errors_on_FLUX/round_9/10_bessy2lo_56m_PGM_2Perc_coupling_errors_on_FLUX.rml
2025-02-08 00:51:58,413 - INFO - Completed: 39, remaining: 21, RAYPy_Simulation_bessy2lo_56m_PGM_2Perc_coupling_errors_on_FLUX/round_9/11_bessy2lo_56m_PGM_2Perc_coupling_errors_on_FLUX.rml
2025-02-08 00:52:00,982 - INFO - Completed: 40, remaining: 20, RAYPy_Simulation_bessy2lo_56m_PGM_2Perc_coupling_errors_on_FLUX/round_9/12_bessy2lo_56m_PGM_2Perc_coupling_errors_on_FLUX.rml
2025-02-08 00:52:01,629 - INFO - Completed: 41, remaining: 19, RAYPy_Simulation_bessy2lo_56m_PGM_2Perc_coupling_errors_on_FLUX/round_9/14_bessy2lo_56m_PGM_2Perc_coupling_errors_on_FLUX.rml
2025-02-08 00:52:01,862 - INFO - Completed: 42, remaining: 18, RAYPy_Simulation_bessy2lo_56m_PGM_2Perc_coupling_errors_on_FLUX/round_9/15_bessy2lo_56m_PGM_2Perc_coupling_errors_on_FLUX.rml
2025-02-08 00:52:02,028 - INFO - Completed: 43, remaining: 17, RAYPy_Simulation_bessy2lo_56m_PGM_2Perc_coupling_errors_on_FLUX/round_9/13_bessy2lo_56m_PGM_2Perc_coupling_errors_on_FLUX.rml
2025-02-08 00:52:02,583 - INFO - Completed: 44, remaining: 16, RAYPy_Simulation_bessy2lo_56m_PGM_2Perc_coupling_errors_on_FLUX/round_9/17_bessy2lo_56m_PGM_2Perc_coupling_errors_on_FLUX.rml
2025-02-08 00:52:02,713 - INFO - Completed: 45, remaining: 15, RAYPy_Simulation_bessy2lo_56m_PGM_2Perc_coupling_errors_on_FLUX/round_9/16_bessy2lo_56m_PGM_2Perc_coupling_errors_on_FLUX.rml
2025-02-08 00:52:02,776 - INFO - Completed: 46, remaining: 14, RAYPy_Simulation_bessy2lo_56m_PGM_2Perc_coupling_errors_on_FLUX/round_9/18_bessy2lo_56m_PGM_2Perc_coupling_errors_on_FLUX.rml
2025-02-08 00:52:04,534 - INFO - Completed: 47, remaining: 13, RAYPy_Simulation_bessy2lo_56m_PGM_2Perc_coupling_errors_on_FLUX/round_9/20_bessy2lo_56m_PGM_2Perc_coupling_errors_on_FLUX.rml
2025-02-08 00:52:04,900 - INFO - Completed: 48, remaining: 12, RAYPy_Simulation_bessy2lo_56m_PGM_2Perc_coupling_errors_on_FLUX/round_9/19_bessy2lo_56m_PGM_2Perc_coupling_errors_on_FLUX.rml
2025-02-08 00:52:10,302 - INFO - Completed: 49, remaining: 11, RAYPy_Simulation_bessy2lo_56m_PGM_2Perc_coupling_errors_on_FLUX/round_9/22_bessy2lo_56m_PGM_2Perc_coupling_errors_on_FLUX.rml
2025-02-08 00:52:10,449 - INFO - Completed: 50, remaining: 10, RAYPy_Simulation_bessy2lo_56m_PGM_2Perc_coupling_errors_on_FLUX/round_9/21_bessy2lo_56m_PGM_2Perc_coupling_errors_on_FLUX.rml
2025-02-08 00:52:12,629 - INFO - Completed: 51, remaining: 9, RAYPy_Simulation_bessy2lo_56m_PGM_2Perc_coupling_errors_on_FLUX/round_9/23_bessy2lo_56m_PGM_2Perc_coupling_errors_on_FLUX.rml
2025-02-08 00:52:15,571 - INFO - Completed: 52, remaining: 8, RAYPy_Simulation_bessy2lo_56m_PGM_2Perc_coupling_errors_on_FLUX/round_9/24_bessy2lo_56m_PGM_2Perc_coupling_errors_on_FLUX.rml
2025-02-08 00:52:16,396 - INFO - Completed: 53, remaining: 7, RAYPy_Simulation_bessy2lo_56m_PGM_2Perc_coupling_errors_on_FLUX/round_9/25_bessy2lo_56m_PGM_2Perc_coupling_errors_on_FLUX.rml
2025-02-08 00:52:16,546 - INFO - Completed: 54, remaining: 6, RAYPy_Simulation_bessy2lo_56m_PGM_2Perc_coupling_errors_on_FLUX/round_9/27_bessy2lo_56m_PGM_2Perc_coupling_errors_on_FLUX.rml
2025-02-08 00:52:16,888 - INFO - Completed: 55, remaining: 5, RAYPy_Simulation_bessy2lo_56m_PGM_2Perc_coupling_errors_on_FLUX/round_9/26_bessy2lo_56m_PGM_2Perc_coupling_errors_on_FLUX.rml
2025-02-08 00:52:16,973 - INFO - Completed: 56, remaining: 4, RAYPy_Simulation_bessy2lo_56m_PGM_2Perc_coupling_errors_on_FLUX/round_9/28_bessy2lo_56m_PGM_2Perc_coupling_errors_on_FLUX.rml
2025-02-08 00:52:17,132 - INFO - Completed: 57, remaining: 3, RAYPy_Simulation_bessy2lo_56m_PGM_2Perc_coupling_errors_on_FLUX/round_9/30_bessy2lo_56m_PGM_2Perc_coupling_errors_on_FLUX.rml
2025-02-08 00:52:17,224 - INFO - Completed: 58, remaining: 2, RAYPy_Simulation_bessy2lo_56m_PGM_2Perc_coupling_errors_on_FLUX/round_9/29_bessy2lo_56m_PGM_2Perc_coupling_errors_on_FLUX.rml
2025-02-08 00:52:17,531 - INFO - Completed: 59, remaining: 1, RAYPy_Simulation_bessy2lo_56m_PGM_2Perc_coupling_errors_on_FLUX/round_9/31_bessy2lo_56m_PGM_2Perc_coupling_errors_on_FLUX.rml
2025-02-08 00:52:17,571 - INFO - Completed: 60, remaining: 0, RAYPy_Simulation_bessy2lo_56m_PGM_2Perc_coupling_errors_on_FLUX/round_9/32_bessy2lo_56m_PGM_2Perc_coupling_errors_on_FLUX.rml
2025-02-08 00:52:17,571 - INFO - Batch Completed
2025-02-08 00:52:17,571 - INFO - Waiting For batch, 60 simulations to go
2025-02-08 00:52:17,581 - INFO - Prepared sim number: 33: RAYPy_Simulation_bessy2lo_56m_PGM_2Perc_coupling_errors_on_FLUX/round_9/33_bessy2lo_56m_PGM_2Perc_coupling_errors_on_FLUX.rml
2025-02-08 00:52:17,588 - INFO - Prepared sim number: 34: RAYPy_Simulation_bessy2lo_56m_PGM_2Perc_coupling_errors_on_FLUX/round_9/34_bessy2lo_56m_PGM_2Perc_coupling_errors_on_FLUX.rml
2025-02-08 00:52:17,594 - INFO - Prepared sim number: 35: RAYPy_Simulation_bessy2lo_56m_PGM_2Perc_coupling_errors_on_FLUX/round_9/35_bessy2lo_56m_PGM_2Perc_coupling_errors_on_FLUX.rml
2025-02-08 00:52:17,600 - INFO - Prepared sim number: 36: RAYPy_Simulation_bessy2lo_56m_PGM_2Perc_coupling_errors_on_FLUX/round_9/36_bessy2lo_56m_PGM_2Perc_coupling_errors_on_FLUX.rml
2025-02-08 00:52:17,604 - INFO - Prepared sim number: 37: RAYPy_Simulation_bessy2lo_56m_PGM_2Perc_coupling_errors_on_FLUX/round_9/37_bessy2lo_56m_PGM_2Perc_coupling_errors_on_FLUX.rml
2025-02-08 00:52:17,609 - INFO - Prepared sim number: 38: RAYPy_Simulation_bessy2lo_56m_PGM_2Perc_coupling_errors_on_FLUX/round_9/38_bessy2lo_56m_PGM_2Perc_coupling_errors_on_FLUX.rml
2025-02-08 00:52:17,618 - INFO - Prepared sim number: 39: RAYPy_Simulation_bessy2lo_56m_PGM_2Perc_coupling_errors_on_FLUX/round_9/39_bessy2lo_56m_PGM_2Perc_coupling_errors_on_FLUX.rml
2025-02-08 00:52:17,623 - INFO - Prepared sim number: 40: RAYPy_Simulation_bessy2lo_56m_PGM_2Perc_coupling_errors_on_FLUX/round_9/40_bessy2lo_56m_PGM_2Perc_coupling_errors_on_FLUX.rml
2025-02-08 00:52:17,629 - INFO - Prepared sim number: 41: RAYPy_Simulation_bessy2lo_56m_PGM_2Perc_coupling_errors_on_FLUX/round_9/41_bessy2lo_56m_PGM_2Perc_coupling_errors_on_FLUX.rml
2025-02-08 00:52:17,634 - INFO - Prepared sim number: 42: RAYPy_Simulation_bessy2lo_56m_PGM_2Perc_coupling_errors_on_FLUX/round_9/42_bessy2lo_56m_PGM_2Perc_coupling_errors_on_FLUX.rml
2025-02-08 00:52:17,639 - INFO - Prepared sim number: 43: RAYPy_Simulation_bessy2lo_56m_PGM_2Perc_coupling_errors_on_FLUX/round_9/43_bessy2lo_56m_PGM_2Perc_coupling_errors_on_FLUX.rml
2025-02-08 00:52:17,644 - INFO - Prepared sim number: 44: RAYPy_Simulation_bessy2lo_56m_PGM_2Perc_coupling_errors_on_FLUX/round_9/44_bessy2lo_56m_PGM_2Perc_coupling_errors_on_FLUX.rml
2025-02-08 00:52:17,649 - INFO - Prepared sim number: 45: RAYPy_Simulation_bessy2lo_56m_PGM_2Perc_coupling_errors_on_FLUX/round_9/45_bessy2lo_56m_PGM_2Perc_coupling_errors_on_FLUX.rml
2025-02-08 00:52:17,654 - INFO - Prepared sim number: 46: RAYPy_Simulation_bessy2lo_56m_PGM_2Perc_coupling_errors_on_FLUX/round_9/46_bessy2lo_56m_PGM_2Perc_coupling_errors_on_FLUX.rml
2025-02-08 00:52:17,659 - INFO - Prepared sim number: 47: RAYPy_Simulation_bessy2lo_56m_PGM_2Perc_coupling_errors_on_FLUX/round_9/47_bessy2lo_56m_PGM_2Perc_coupling_errors_on_FLUX.rml
2025-02-08 00:52:17,663 - INFO - Prepared sim number: 48: RAYPy_Simulation_bessy2lo_56m_PGM_2Perc_coupling_errors_on_FLUX/round_9/48_bessy2lo_56m_PGM_2Perc_coupling_errors_on_FLUX.rml
2025-02-08 00:52:17,668 - INFO - Prepared sim number: 49: RAYPy_Simulation_bessy2lo_56m_PGM_2Perc_coupling_errors_on_FLUX/round_9/49_bessy2lo_56m_PGM_2Perc_coupling_errors_on_FLUX.rml
2025-02-08 00:52:17,672 - INFO - Prepared sim number: 50: RAYPy_Simulation_bessy2lo_56m_PGM_2Perc_coupling_errors_on_FLUX/round_9/50_bessy2lo_56m_PGM_2Perc_coupling_errors_on_FLUX.rml
2025-02-08 00:52:17,676 - INFO - Prepared sim number: 51: RAYPy_Simulation_bessy2lo_56m_PGM_2Perc_coupling_errors_on_FLUX/round_9/51_bessy2lo_56m_PGM_2Perc_coupling_errors_on_FLUX.rml
2025-02-08 00:52:17,680 - INFO - Prepared sim number: 52: RAYPy_Simulation_bessy2lo_56m_PGM_2Perc_coupling_errors_on_FLUX/round_9/52_bessy2lo_56m_PGM_2Perc_coupling_errors_on_FLUX.rml
2025-02-08 00:52:17,685 - INFO - Prepared sim number: 53: RAYPy_Simulation_bessy2lo_56m_PGM_2Perc_coupling_errors_on_FLUX/round_9/53_bessy2lo_56m_PGM_2Perc_coupling_errors_on_FLUX.rml
2025-02-08 00:52:17,689 - INFO - Prepared sim number: 54: RAYPy_Simulation_bessy2lo_56m_PGM_2Perc_coupling_errors_on_FLUX/round_9/54_bessy2lo_56m_PGM_2Perc_coupling_errors_on_FLUX.rml
2025-02-08 00:52:17,693 - INFO - Prepared sim number: 55: RAYPy_Simulation_bessy2lo_56m_PGM_2Perc_coupling_errors_on_FLUX/round_9/55_bessy2lo_56m_PGM_2Perc_coupling_errors_on_FLUX.rml
2025-02-08 00:52:17,697 - INFO - Prepared sim number: 56: RAYPy_Simulation_bessy2lo_56m_PGM_2Perc_coupling_errors_on_FLUX/round_9/56_bessy2lo_56m_PGM_2Perc_coupling_errors_on_FLUX.rml
2025-02-08 00:52:17,701 - INFO - Prepared sim number: 57: RAYPy_Simulation_bessy2lo_56m_PGM_2Perc_coupling_errors_on_FLUX/round_9/57_bessy2lo_56m_PGM_2Perc_coupling_errors_on_FLUX.rml
2025-02-08 00:52:17,705 - INFO - Prepared sim number: 58: RAYPy_Simulation_bessy2lo_56m_PGM_2Perc_coupling_errors_on_FLUX/round_9/58_bessy2lo_56m_PGM_2Perc_coupling_errors_on_FLUX.rml
2025-02-08 00:52:17,709 - INFO - Prepared sim number: 59: RAYPy_Simulation_bessy2lo_56m_PGM_2Perc_coupling_errors_on_FLUX/round_9/59_bessy2lo_56m_PGM_2Perc_coupling_errors_on_FLUX.rml
2025-02-08 00:52:17,712 - INFO - Prepared sim number: 60: RAYPy_Simulation_bessy2lo_56m_PGM_2Perc_coupling_errors_on_FLUX/round_9/60_bessy2lo_56m_PGM_2Perc_coupling_errors_on_FLUX.rml
2025-02-08 00:52:17,716 - INFO - Prepared sim number: 61: RAYPy_Simulation_bessy2lo_56m_PGM_2Perc_coupling_errors_on_FLUX/round_9/61_bessy2lo_56m_PGM_2Perc_coupling_errors_on_FLUX.rml
2025-02-08 00:52:17,720 - INFO - Prepared sim number: 62: RAYPy_Simulation_bessy2lo_56m_PGM_2Perc_coupling_errors_on_FLUX/round_9/62_bessy2lo_56m_PGM_2Perc_coupling_errors_on_FLUX.rml
2025-02-08 00:52:17,725 - INFO - Prepared sim number: 63: RAYPy_Simulation_bessy2lo_56m_PGM_2Perc_coupling_errors_on_FLUX/round_9/63_bessy2lo_56m_PGM_2Perc_coupling_errors_on_FLUX.rml
2025-02-08 00:52:17,729 - INFO - Prepared sim number: 64: RAYPy_Simulation_bessy2lo_56m_PGM_2Perc_coupling_errors_on_FLUX/round_9/64_bessy2lo_56m_PGM_2Perc_coupling_errors_on_FLUX.rml
2025-02-08 00:52:17,733 - INFO - Prepared sim number: 65: RAYPy_Simulation_bessy2lo_56m_PGM_2Perc_coupling_errors_on_FLUX/round_9/65_bessy2lo_56m_PGM_2Perc_coupling_errors_on_FLUX.rml
2025-02-08 00:52:17,736 - INFO - Prepared sim number: 66: RAYPy_Simulation_bessy2lo_56m_PGM_2Perc_coupling_errors_on_FLUX/round_9/66_bessy2lo_56m_PGM_2Perc_coupling_errors_on_FLUX.rml
2025-02-08 00:52:17,740 - INFO - Prepared sim number: 67: RAYPy_Simulation_bessy2lo_56m_PGM_2Perc_coupling_errors_on_FLUX/round_9/67_bessy2lo_56m_PGM_2Perc_coupling_errors_on_FLUX.rml
2025-02-08 00:52:17,744 - INFO - Prepared sim number: 68: RAYPy_Simulation_bessy2lo_56m_PGM_2Perc_coupling_errors_on_FLUX/round_9/68_bessy2lo_56m_PGM_2Perc_coupling_errors_on_FLUX.rml
2025-02-08 00:52:17,748 - INFO - Prepared sim number: 69: RAYPy_Simulation_bessy2lo_56m_PGM_2Perc_coupling_errors_on_FLUX/round_9/69_bessy2lo_56m_PGM_2Perc_coupling_errors_on_FLUX.rml
2025-02-08 00:52:17,752 - INFO - Prepared sim number: 70: RAYPy_Simulation_bessy2lo_56m_PGM_2Perc_coupling_errors_on_FLUX/round_9/70_bessy2lo_56m_PGM_2Perc_coupling_errors_on_FLUX.rml
2025-02-08 00:52:17,756 - INFO - Prepared sim number: 71: RAYPy_Simulation_bessy2lo_56m_PGM_2Perc_coupling_errors_on_FLUX/round_9/71_bessy2lo_56m_PGM_2Perc_coupling_errors_on_FLUX.rml
2025-02-08 00:52:17,760 - INFO - Prepared sim number: 72: RAYPy_Simulation_bessy2lo_56m_PGM_2Perc_coupling_errors_on_FLUX/round_9/72_bessy2lo_56m_PGM_2Perc_coupling_errors_on_FLUX.rml
2025-02-08 00:52:17,765 - INFO - Prepared sim number: 73: RAYPy_Simulation_bessy2lo_56m_PGM_2Perc_coupling_errors_on_FLUX/round_9/73_bessy2lo_56m_PGM_2Perc_coupling_errors_on_FLUX.rml
2025-02-08 00:52:17,769 - INFO - Prepared sim number: 74: RAYPy_Simulation_bessy2lo_56m_PGM_2Perc_coupling_errors_on_FLUX/round_9/74_bessy2lo_56m_PGM_2Perc_coupling_errors_on_FLUX.rml
2025-02-08 00:52:17,773 - INFO - Prepared sim number: 75: RAYPy_Simulation_bessy2lo_56m_PGM_2Perc_coupling_errors_on_FLUX/round_9/75_bessy2lo_56m_PGM_2Perc_coupling_errors_on_FLUX.rml
2025-02-08 00:52:17,777 - INFO - Prepared sim number: 76: RAYPy_Simulation_bessy2lo_56m_PGM_2Perc_coupling_errors_on_FLUX/round_9/76_bessy2lo_56m_PGM_2Perc_coupling_errors_on_FLUX.rml
2025-02-08 00:52:17,781 - INFO - Prepared sim number: 77: RAYPy_Simulation_bessy2lo_56m_PGM_2Perc_coupling_errors_on_FLUX/round_9/77_bessy2lo_56m_PGM_2Perc_coupling_errors_on_FLUX.rml
2025-02-08 00:52:17,785 - INFO - Prepared sim number: 78: RAYPy_Simulation_bessy2lo_56m_PGM_2Perc_coupling_errors_on_FLUX/round_9/78_bessy2lo_56m_PGM_2Perc_coupling_errors_on_FLUX.rml
2025-02-08 00:52:17,789 - INFO - Prepared sim number: 79: RAYPy_Simulation_bessy2lo_56m_PGM_2Perc_coupling_errors_on_FLUX/round_9/79_bessy2lo_56m_PGM_2Perc_coupling_errors_on_FLUX.rml
2025-02-08 00:52:17,793 - INFO - Prepared sim number: 80: RAYPy_Simulation_bessy2lo_56m_PGM_2Perc_coupling_errors_on_FLUX/round_9/80_bessy2lo_56m_PGM_2Perc_coupling_errors_on_FLUX.rml
2025-02-08 00:52:17,797 - INFO - Prepared sim number: 81: RAYPy_Simulation_bessy2lo_56m_PGM_2Perc_coupling_errors_on_FLUX/round_9/81_bessy2lo_56m_PGM_2Perc_coupling_errors_on_FLUX.rml
2025-02-08 00:52:17,802 - INFO - Prepared sim number: 82: RAYPy_Simulation_bessy2lo_56m_PGM_2Perc_coupling_errors_on_FLUX/round_9/82_bessy2lo_56m_PGM_2Perc_coupling_errors_on_FLUX.rml
2025-02-08 00:52:17,805 - INFO - Prepared sim number: 83: RAYPy_Simulation_bessy2lo_56m_PGM_2Perc_coupling_errors_on_FLUX/round_9/83_bessy2lo_56m_PGM_2Perc_coupling_errors_on_FLUX.rml
2025-02-08 00:52:17,809 - INFO - Prepared sim number: 84: RAYPy_Simulation_bessy2lo_56m_PGM_2Perc_coupling_errors_on_FLUX/round_9/84_bessy2lo_56m_PGM_2Perc_coupling_errors_on_FLUX.rml
2025-02-08 00:52:17,813 - INFO - Prepared sim number: 85: RAYPy_Simulation_bessy2lo_56m_PGM_2Perc_coupling_errors_on_FLUX/round_9/85_bessy2lo_56m_PGM_2Perc_coupling_errors_on_FLUX.rml
2025-02-08 00:52:17,817 - INFO - Prepared sim number: 86: RAYPy_Simulation_bessy2lo_56m_PGM_2Perc_coupling_errors_on_FLUX/round_9/86_bessy2lo_56m_PGM_2Perc_coupling_errors_on_FLUX.rml
2025-02-08 00:52:17,821 - INFO - Prepared sim number: 87: RAYPy_Simulation_bessy2lo_56m_PGM_2Perc_coupling_errors_on_FLUX/round_9/87_bessy2lo_56m_PGM_2Perc_coupling_errors_on_FLUX.rml
2025-02-08 00:52:17,826 - INFO - Prepared sim number: 88: RAYPy_Simulation_bessy2lo_56m_PGM_2Perc_coupling_errors_on_FLUX/round_9/88_bessy2lo_56m_PGM_2Perc_coupling_errors_on_FLUX.rml
2025-02-08 00:52:17,830 - INFO - Prepared sim number: 89: RAYPy_Simulation_bessy2lo_56m_PGM_2Perc_coupling_errors_on_FLUX/round_9/89_bessy2lo_56m_PGM_2Perc_coupling_errors_on_FLUX.rml
2025-02-08 00:52:17,834 - INFO - Prepared sim number: 90: RAYPy_Simulation_bessy2lo_56m_PGM_2Perc_coupling_errors_on_FLUX/round_9/90_bessy2lo_56m_PGM_2Perc_coupling_errors_on_FLUX.rml
2025-02-08 00:52:17,838 - INFO - Prepared sim number: 91: RAYPy_Simulation_bessy2lo_56m_PGM_2Perc_coupling_errors_on_FLUX/round_9/91_bessy2lo_56m_PGM_2Perc_coupling_errors_on_FLUX.rml
2025-02-08 00:52:17,842 - INFO - Prepared sim number: 92: RAYPy_Simulation_bessy2lo_56m_PGM_2Perc_coupling_errors_on_FLUX/round_9/92_bessy2lo_56m_PGM_2Perc_coupling_errors_on_FLUX.rml
2025-02-08 00:52:17,843 - INFO - Waiting for batch number: 19, timeout: 96.1085086343109s
2025-02-08 00:52:31,531 - INFO - Completed: 1, remaining: 59, RAYPy_Simulation_bessy2lo_56m_PGM_2Perc_coupling_errors_on_FLUX/round_9/40_bessy2lo_56m_PGM_2Perc_coupling_errors_on_FLUX.rml
2025-02-08 00:52:32,219 - INFO - Completed: 2, remaining: 58, RAYPy_Simulation_bessy2lo_56m_PGM_2Perc_coupling_errors_on_FLUX/round_9/43_bessy2lo_56m_PGM_2Perc_coupling_errors_on_FLUX.rml
2025-02-08 00:52:32,547 - INFO - Completed: 3, remaining: 57, RAYPy_Simulation_bessy2lo_56m_PGM_2Perc_coupling_errors_on_FLUX/round_9/35_bessy2lo_56m_PGM_2Perc_coupling_errors_on_FLUX.rml
2025-02-08 00:52:32,585 - INFO - Completed: 4, remaining: 56, RAYPy_Simulation_bessy2lo_56m_PGM_2Perc_coupling_errors_on_FLUX/round_9/37_bessy2lo_56m_PGM_2Perc_coupling_errors_on_FLUX.rml
2025-02-08 00:52:32,774 - INFO - Completed: 5, remaining: 55, RAYPy_Simulation_bessy2lo_56m_PGM_2Perc_coupling_errors_on_FLUX/round_9/44_bessy2lo_56m_PGM_2Perc_coupling_errors_on_FLUX.rml
2025-02-08 00:52:32,891 - INFO - Completed: 6, remaining: 54, RAYPy_Simulation_bessy2lo_56m_PGM_2Perc_coupling_errors_on_FLUX/round_9/36_bessy2lo_56m_PGM_2Perc_coupling_errors_on_FLUX.rml
2025-02-08 00:52:33,020 - INFO - Completed: 7, remaining: 53, RAYPy_Simulation_bessy2lo_56m_PGM_2Perc_coupling_errors_on_FLUX/round_9/41_bessy2lo_56m_PGM_2Perc_coupling_errors_on_FLUX.rml
2025-02-08 00:52:33,130 - INFO - Completed: 8, remaining: 52, RAYPy_Simulation_bessy2lo_56m_PGM_2Perc_coupling_errors_on_FLUX/round_9/34_bessy2lo_56m_PGM_2Perc_coupling_errors_on_FLUX.rml
2025-02-08 00:52:33,437 - INFO - Completed: 9, remaining: 51, RAYPy_Simulation_bessy2lo_56m_PGM_2Perc_coupling_errors_on_FLUX/round_9/42_bessy2lo_56m_PGM_2Perc_coupling_errors_on_FLUX.rml
2025-02-08 00:52:34,198 - INFO - Completed: 10, remaining: 50, RAYPy_Simulation_bessy2lo_56m_PGM_2Perc_coupling_errors_on_FLUX/round_9/33_bessy2lo_56m_PGM_2Perc_coupling_errors_on_FLUX.rml
2025-02-08 00:52:35,337 - INFO - Completed: 11, remaining: 49, RAYPy_Simulation_bessy2lo_56m_PGM_2Perc_coupling_errors_on_FLUX/round_9/38_bessy2lo_56m_PGM_2Perc_coupling_errors_on_FLUX.rml
2025-02-08 00:52:44,262 - INFO - Completed: 12, remaining: 48, RAYPy_Simulation_bessy2lo_56m_PGM_2Perc_coupling_errors_on_FLUX/round_9/45_bessy2lo_56m_PGM_2Perc_coupling_errors_on_FLUX.rml
2025-02-08 00:52:46,568 - INFO - Completed: 13, remaining: 47, RAYPy_Simulation_bessy2lo_56m_PGM_2Perc_coupling_errors_on_FLUX/round_9/46_bessy2lo_56m_PGM_2Perc_coupling_errors_on_FLUX.rml
2025-02-08 00:52:47,310 - INFO - Completed: 14, remaining: 46, RAYPy_Simulation_bessy2lo_56m_PGM_2Perc_coupling_errors_on_FLUX/round_9/48_bessy2lo_56m_PGM_2Perc_coupling_errors_on_FLUX.rml
2025-02-08 00:52:47,653 - INFO - Completed: 15, remaining: 45, RAYPy_Simulation_bessy2lo_56m_PGM_2Perc_coupling_errors_on_FLUX/round_9/49_bessy2lo_56m_PGM_2Perc_coupling_errors_on_FLUX.rml
2025-02-08 00:52:47,847 - INFO - Completed: 16, remaining: 44, RAYPy_Simulation_bessy2lo_56m_PGM_2Perc_coupling_errors_on_FLUX/round_9/50_bessy2lo_56m_PGM_2Perc_coupling_errors_on_FLUX.rml
2025-02-08 00:52:48,105 - INFO - Completed: 17, remaining: 43, RAYPy_Simulation_bessy2lo_56m_PGM_2Perc_coupling_errors_on_FLUX/round_9/51_bessy2lo_56m_PGM_2Perc_coupling_errors_on_FLUX.rml
2025-02-08 00:52:48,464 - INFO - Completed: 18, remaining: 42, RAYPy_Simulation_bessy2lo_56m_PGM_2Perc_coupling_errors_on_FLUX/round_9/52_bessy2lo_56m_PGM_2Perc_coupling_errors_on_FLUX.rml
2025-02-08 00:52:49,089 - INFO - Completed: 19, remaining: 41, RAYPy_Simulation_bessy2lo_56m_PGM_2Perc_coupling_errors_on_FLUX/round_9/53_bessy2lo_56m_PGM_2Perc_coupling_errors_on_FLUX.rml
2025-02-08 00:52:49,480 - INFO - Completed: 20, remaining: 40, RAYPy_Simulation_bessy2lo_56m_PGM_2Perc_coupling_errors_on_FLUX/round_9/54_bessy2lo_56m_PGM_2Perc_coupling_errors_on_FLUX.rml
2025-02-08 00:52:49,580 - INFO - Completed: 21, remaining: 39, RAYPy_Simulation_bessy2lo_56m_PGM_2Perc_coupling_errors_on_FLUX/round_9/47_bessy2lo_56m_PGM_2Perc_coupling_errors_on_FLUX.rml
2025-02-08 00:52:50,168 - INFO - Completed: 22, remaining: 38, RAYPy_Simulation_bessy2lo_56m_PGM_2Perc_coupling_errors_on_FLUX/round_9/55_bessy2lo_56m_PGM_2Perc_coupling_errors_on_FLUX.rml
2025-02-08 00:52:55,695 - INFO - Completed: 23, remaining: 37, RAYPy_Simulation_bessy2lo_56m_PGM_2Perc_coupling_errors_on_FLUX/round_9/56_bessy2lo_56m_PGM_2Perc_coupling_errors_on_FLUX.rml
2025-02-08 00:52:59,546 - INFO - Completed: 24, remaining: 36, RAYPy_Simulation_bessy2lo_56m_PGM_2Perc_coupling_errors_on_FLUX/round_9/57_bessy2lo_56m_PGM_2Perc_coupling_errors_on_FLUX.rml
2025-02-08 00:53:02,280 - INFO - Completed: 25, remaining: 35, RAYPy_Simulation_bessy2lo_56m_PGM_2Perc_coupling_errors_on_FLUX/round_9/58_bessy2lo_56m_PGM_2Perc_coupling_errors_on_FLUX.rml
2025-02-08 00:53:03,027 - INFO - Completed: 26, remaining: 34, RAYPy_Simulation_bessy2lo_56m_PGM_2Perc_coupling_errors_on_FLUX/round_9/60_bessy2lo_56m_PGM_2Perc_coupling_errors_on_FLUX.rml
2025-02-08 00:53:03,189 - INFO - Completed: 27, remaining: 33, RAYPy_Simulation_bessy2lo_56m_PGM_2Perc_coupling_errors_on_FLUX/round_9/59_bessy2lo_56m_PGM_2Perc_coupling_errors_on_FLUX.rml
2025-02-08 00:53:03,635 - INFO - Completed: 28, remaining: 32, RAYPy_Simulation_bessy2lo_56m_PGM_2Perc_coupling_errors_on_FLUX/round_9/61_bessy2lo_56m_PGM_2Perc_coupling_errors_on_FLUX.rml
2025-02-08 00:53:04,098 - INFO - Completed: 29, remaining: 31, RAYPy_Simulation_bessy2lo_56m_PGM_2Perc_coupling_errors_on_FLUX/round_9/62_bessy2lo_56m_PGM_2Perc_coupling_errors_on_FLUX.rml
2025-02-08 00:53:05,123 - INFO - Completed: 30, remaining: 30, RAYPy_Simulation_bessy2lo_56m_PGM_2Perc_coupling_errors_on_FLUX/round_9/64_bessy2lo_56m_PGM_2Perc_coupling_errors_on_FLUX.rml
2025-02-08 00:53:05,165 - INFO - Completed: 31, remaining: 29, RAYPy_Simulation_bessy2lo_56m_PGM_2Perc_coupling_errors_on_FLUX/round_9/63_bessy2lo_56m_PGM_2Perc_coupling_errors_on_FLUX.rml
2025-02-08 00:53:05,458 - INFO - Completed: 32, remaining: 28, RAYPy_Simulation_bessy2lo_56m_PGM_2Perc_coupling_errors_on_FLUX/round_9/66_bessy2lo_56m_PGM_2Perc_coupling_errors_on_FLUX.rml
2025-02-08 00:53:06,495 - INFO - Completed: 33, remaining: 27, RAYPy_Simulation_bessy2lo_56m_PGM_2Perc_coupling_errors_on_FLUX/round_9/65_bessy2lo_56m_PGM_2Perc_coupling_errors_on_FLUX.rml
2025-02-08 00:53:09,192 - INFO - Completed: 34, remaining: 26, RAYPy_Simulation_bessy2lo_56m_PGM_2Perc_coupling_errors_on_FLUX/round_9/67_bessy2lo_56m_PGM_2Perc_coupling_errors_on_FLUX.rml
2025-02-08 00:53:11,711 - INFO - Completed: 35, remaining: 25, RAYPy_Simulation_bessy2lo_56m_PGM_2Perc_coupling_errors_on_FLUX/round_9/68_bessy2lo_56m_PGM_2Perc_coupling_errors_on_FLUX.rml
2025-02-08 00:53:16,207 - INFO - Completed: 36, remaining: 24, RAYPy_Simulation_bessy2lo_56m_PGM_2Perc_coupling_errors_on_FLUX/round_9/69_bessy2lo_56m_PGM_2Perc_coupling_errors_on_FLUX.rml
2025-02-08 00:53:17,285 - INFO - Completed: 37, remaining: 23, RAYPy_Simulation_bessy2lo_56m_PGM_2Perc_coupling_errors_on_FLUX/round_9/70_bessy2lo_56m_PGM_2Perc_coupling_errors_on_FLUX.rml
2025-02-08 00:53:17,599 - INFO - Completed: 38, remaining: 22, RAYPy_Simulation_bessy2lo_56m_PGM_2Perc_coupling_errors_on_FLUX/round_9/71_bessy2lo_56m_PGM_2Perc_coupling_errors_on_FLUX.rml
2025-02-08 00:53:18,398 - INFO - Completed: 39, remaining: 21, RAYPy_Simulation_bessy2lo_56m_PGM_2Perc_coupling_errors_on_FLUX/round_9/72_bessy2lo_56m_PGM_2Perc_coupling_errors_on_FLUX.rml
2025-02-08 00:53:18,818 - INFO - Completed: 40, remaining: 20, RAYPy_Simulation_bessy2lo_56m_PGM_2Perc_coupling_errors_on_FLUX/round_9/73_bessy2lo_56m_PGM_2Perc_coupling_errors_on_FLUX.rml
2025-02-08 00:53:19,826 - INFO - Completed: 41, remaining: 19, RAYPy_Simulation_bessy2lo_56m_PGM_2Perc_coupling_errors_on_FLUX/round_9/74_bessy2lo_56m_PGM_2Perc_coupling_errors_on_FLUX.rml
2025-02-08 00:53:20,294 - INFO - Completed: 42, remaining: 18, RAYPy_Simulation_bessy2lo_56m_PGM_2Perc_coupling_errors_on_FLUX/round_9/76_bessy2lo_56m_PGM_2Perc_coupling_errors_on_FLUX.rml
2025-02-08 00:53:20,334 - INFO - Completed: 43, remaining: 17, RAYPy_Simulation_bessy2lo_56m_PGM_2Perc_coupling_errors_on_FLUX/round_9/75_bessy2lo_56m_PGM_2Perc_coupling_errors_on_FLUX.rml
2025-02-08 00:53:22,750 - INFO - Completed: 44, remaining: 16, RAYPy_Simulation_bessy2lo_56m_PGM_2Perc_coupling_errors_on_FLUX/round_9/77_bessy2lo_56m_PGM_2Perc_coupling_errors_on_FLUX.rml
2025-02-08 00:53:23,036 - INFO - Completed: 45, remaining: 15, RAYPy_Simulation_bessy2lo_56m_PGM_2Perc_coupling_errors_on_FLUX/round_9/78_bessy2lo_56m_PGM_2Perc_coupling_errors_on_FLUX.rml
2025-02-08 00:53:25,484 - INFO - Completed: 46, remaining: 14, RAYPy_Simulation_bessy2lo_56m_PGM_2Perc_coupling_errors_on_FLUX/round_9/79_bessy2lo_56m_PGM_2Perc_coupling_errors_on_FLUX.rml
2025-02-08 00:53:29,760 - INFO - Completed: 47, remaining: 13, RAYPy_Simulation_bessy2lo_56m_PGM_2Perc_coupling_errors_on_FLUX/round_9/80_bessy2lo_56m_PGM_2Perc_coupling_errors_on_FLUX.rml
2025-02-08 00:53:30,935 - INFO - Completed: 48, remaining: 12, RAYPy_Simulation_bessy2lo_56m_PGM_2Perc_coupling_errors_on_FLUX/round_9/81_bessy2lo_56m_PGM_2Perc_coupling_errors_on_FLUX.rml
2025-02-08 00:53:32,037 - INFO - Completed: 49, remaining: 11, RAYPy_Simulation_bessy2lo_56m_PGM_2Perc_coupling_errors_on_FLUX/round_9/82_bessy2lo_56m_PGM_2Perc_coupling_errors_on_FLUX.rml
2025-02-08 00:53:32,584 - INFO - Completed: 50, remaining: 10, RAYPy_Simulation_bessy2lo_56m_PGM_2Perc_coupling_errors_on_FLUX/round_9/84_bessy2lo_56m_PGM_2Perc_coupling_errors_on_FLUX.rml
2025-02-08 00:53:32,946 - INFO - Completed: 51, remaining: 9, RAYPy_Simulation_bessy2lo_56m_PGM_2Perc_coupling_errors_on_FLUX/round_9/83_bessy2lo_56m_PGM_2Perc_coupling_errors_on_FLUX.rml
2025-02-08 00:53:34,129 - INFO - Completed: 52, remaining: 8, RAYPy_Simulation_bessy2lo_56m_PGM_2Perc_coupling_errors_on_FLUX/round_9/87_bessy2lo_56m_PGM_2Perc_coupling_errors_on_FLUX.rml
2025-02-08 00:53:34,155 - INFO - Completed: 53, remaining: 7, RAYPy_Simulation_bessy2lo_56m_PGM_2Perc_coupling_errors_on_FLUX/round_9/86_bessy2lo_56m_PGM_2Perc_coupling_errors_on_FLUX.rml
2025-02-08 00:53:34,182 - INFO - Completed: 54, remaining: 6, RAYPy_Simulation_bessy2lo_56m_PGM_2Perc_coupling_errors_on_FLUX/round_9/85_bessy2lo_56m_PGM_2Perc_coupling_errors_on_FLUX.rml
2025-02-08 00:53:35,329 - INFO - Completed: 55, remaining: 5, RAYPy_Simulation_bessy2lo_56m_PGM_2Perc_coupling_errors_on_FLUX/round_9/88_bessy2lo_56m_PGM_2Perc_coupling_errors_on_FLUX.rml
2025-02-08 00:53:36,200 - INFO - Completed: 56, remaining: 4, RAYPy_Simulation_bessy2lo_56m_PGM_2Perc_coupling_errors_on_FLUX/round_9/89_bessy2lo_56m_PGM_2Perc_coupling_errors_on_FLUX.rml
2025-02-08 00:53:36,360 - INFO - Completed: 57, remaining: 3, RAYPy_Simulation_bessy2lo_56m_PGM_2Perc_coupling_errors_on_FLUX/round_9/90_bessy2lo_56m_PGM_2Perc_coupling_errors_on_FLUX.rml
2025-02-08 00:53:37,550 - INFO - Completed: 58, remaining: 2, RAYPy_Simulation_bessy2lo_56m_PGM_2Perc_coupling_errors_on_FLUX/round_9/91_bessy2lo_56m_PGM_2Perc_coupling_errors_on_FLUX.rml
2025-02-08 00:53:37,909 - INFO - Completed: 59, remaining: 1, RAYPy_Simulation_bessy2lo_56m_PGM_2Perc_coupling_errors_on_FLUX/round_9/92_bessy2lo_56m_PGM_2Perc_coupling_errors_on_FLUX.rml
2025-02-08 00:53:53,954 - INFO - Exception during simulation: 1 (of 60) futures unfinished
2025-02-08 00:53:58,960 - INFO - Waiting for file RAYPy_Simulation_bessy2lo_56m_PGM_2Perc_coupling_errors_on_FLUX/round_9/39_bessy2lo_56m_PGM_2Perc_coupling_errors_on_FLUX.rml, wait_time 18.902039472701702
2025-02-08 00:54:03,961 - INFO - Waiting for file RAYPy_Simulation_bessy2lo_56m_PGM_2Perc_coupling_errors_on_FLUX/round_9/39_bessy2lo_56m_PGM_2Perc_coupling_errors_on_FLUX.rml, wait_time 13.902039472701702
2025-02-08 00:54:08,961 - INFO - Waiting for file RAYPy_Simulation_bessy2lo_56m_PGM_2Perc_coupling_errors_on_FLUX/round_9/39_bessy2lo_56m_PGM_2Perc_coupling_errors_on_FLUX.rml, wait_time 8.902039472701702
2025-02-08 00:54:13,972 - INFO - Waiting for file RAYPy_Simulation_bessy2lo_56m_PGM_2Perc_coupling_errors_on_FLUX/round_9/39_bessy2lo_56m_PGM_2Perc_coupling_errors_on_FLUX.rml, wait_time 3.902039472701702
2025-02-08 00:54:18,981 - INFO - Waiting for file RAYPy_Simulation_bessy2lo_56m_PGM_2Perc_coupling_errors_on_FLUX/round_9/39_bessy2lo_56m_PGM_2Perc_coupling_errors_on_FLUX.rml, wait_time -1.097960527298298
2025-02-08 00:54:19,015 - INFO - Found most simulations of the batch, futures missed at least 1 simulations
2025-02-08 00:54:19,016 - INFO - Updated progress bar
2025-02-08 00:54:19,016 - INFO - Batch Completed
2025-02-08 00:54:19,016 - INFO - Waiting For batch, 60 simulations to go
2025-02-08 00:54:19,020 - INFO - Prepared sim number: 93: RAYPy_Simulation_bessy2lo_56m_PGM_2Perc_coupling_errors_on_FLUX/round_9/93_bessy2lo_56m_PGM_2Perc_coupling_errors_on_FLUX.rml
2025-02-08 00:54:19,025 - INFO - Prepared sim number: 94: RAYPy_Simulation_bessy2lo_56m_PGM_2Perc_coupling_errors_on_FLUX/round_9/94_bessy2lo_56m_PGM_2Perc_coupling_errors_on_FLUX.rml
2025-02-08 00:54:19,029 - INFO - Prepared sim number: 95: RAYPy_Simulation_bessy2lo_56m_PGM_2Perc_coupling_errors_on_FLUX/round_9/95_bessy2lo_56m_PGM_2Perc_coupling_errors_on_FLUX.rml
2025-02-08 00:54:19,038 - INFO - Prepared sim number: 96: RAYPy_Simulation_bessy2lo_56m_PGM_2Perc_coupling_errors_on_FLUX/round_9/96_bessy2lo_56m_PGM_2Perc_coupling_errors_on_FLUX.rml
2025-02-08 00:54:19,043 - INFO - Prepared sim number: 97: RAYPy_Simulation_bessy2lo_56m_PGM_2Perc_coupling_errors_on_FLUX/round_9/97_bessy2lo_56m_PGM_2Perc_coupling_errors_on_FLUX.rml
2025-02-08 00:54:19,048 - INFO - Prepared sim number: 98: RAYPy_Simulation_bessy2lo_56m_PGM_2Perc_coupling_errors_on_FLUX/round_9/98_bessy2lo_56m_PGM_2Perc_coupling_errors_on_FLUX.rml
2025-02-08 00:54:19,052 - INFO - Prepared sim number: 99: RAYPy_Simulation_bessy2lo_56m_PGM_2Perc_coupling_errors_on_FLUX/round_9/99_bessy2lo_56m_PGM_2Perc_coupling_errors_on_FLUX.rml
2025-02-08 00:54:19,056 - INFO - Prepared sim number: 100: RAYPy_Simulation_bessy2lo_56m_PGM_2Perc_coupling_errors_on_FLUX/round_9/100_bessy2lo_56m_PGM_2Perc_coupling_errors_on_FLUX.rml
2025-02-08 00:54:19,059 - INFO - Prepared sim number: 101: RAYPy_Simulation_bessy2lo_56m_PGM_2Perc_coupling_errors_on_FLUX/round_9/101_bessy2lo_56m_PGM_2Perc_coupling_errors_on_FLUX.rml
2025-02-08 00:54:19,066 - INFO - Prepared sim number: 102: RAYPy_Simulation_bessy2lo_56m_PGM_2Perc_coupling_errors_on_FLUX/round_9/102_bessy2lo_56m_PGM_2Perc_coupling_errors_on_FLUX.rml
2025-02-08 00:54:19,070 - INFO - Prepared sim number: 103: RAYPy_Simulation_bessy2lo_56m_PGM_2Perc_coupling_errors_on_FLUX/round_9/103_bessy2lo_56m_PGM_2Perc_coupling_errors_on_FLUX.rml
2025-02-08 00:54:19,074 - INFO - Prepared sim number: 104: RAYPy_Simulation_bessy2lo_56m_PGM_2Perc_coupling_errors_on_FLUX/round_9/104_bessy2lo_56m_PGM_2Perc_coupling_errors_on_FLUX.rml
2025-02-08 00:54:19,078 - INFO - Prepared sim number: 105: RAYPy_Simulation_bessy2lo_56m_PGM_2Perc_coupling_errors_on_FLUX/round_9/105_bessy2lo_56m_PGM_2Perc_coupling_errors_on_FLUX.rml
2025-02-08 00:54:19,081 - INFO - Prepared sim number: 106: RAYPy_Simulation_bessy2lo_56m_PGM_2Perc_coupling_errors_on_FLUX/round_9/106_bessy2lo_56m_PGM_2Perc_coupling_errors_on_FLUX.rml
2025-02-08 00:54:19,084 - INFO - Prepared sim number: 107: RAYPy_Simulation_bessy2lo_56m_PGM_2Perc_coupling_errors_on_FLUX/round_9/107_bessy2lo_56m_PGM_2Perc_coupling_errors_on_FLUX.rml
2025-02-08 00:54:19,087 - INFO - Prepared sim number: 108: RAYPy_Simulation_bessy2lo_56m_PGM_2Perc_coupling_errors_on_FLUX/round_9/108_bessy2lo_56m_PGM_2Perc_coupling_errors_on_FLUX.rml
2025-02-08 00:54:19,091 - INFO - Prepared sim number: 109: RAYPy_Simulation_bessy2lo_56m_PGM_2Perc_coupling_errors_on_FLUX/round_9/109_bessy2lo_56m_PGM_2Perc_coupling_errors_on_FLUX.rml
2025-02-08 00:54:19,094 - INFO - Prepared sim number: 110: RAYPy_Simulation_bessy2lo_56m_PGM_2Perc_coupling_errors_on_FLUX/round_9/110_bessy2lo_56m_PGM_2Perc_coupling_errors_on_FLUX.rml
2025-02-08 00:54:19,097 - INFO - Prepared sim number: 111: RAYPy_Simulation_bessy2lo_56m_PGM_2Perc_coupling_errors_on_FLUX/round_9/111_bessy2lo_56m_PGM_2Perc_coupling_errors_on_FLUX.rml
2025-02-08 00:54:19,100 - INFO - Prepared sim number: 112: RAYPy_Simulation_bessy2lo_56m_PGM_2Perc_coupling_errors_on_FLUX/round_9/112_bessy2lo_56m_PGM_2Perc_coupling_errors_on_FLUX.rml
2025-02-08 00:54:19,103 - INFO - Prepared sim number: 113: RAYPy_Simulation_bessy2lo_56m_PGM_2Perc_coupling_errors_on_FLUX/round_9/113_bessy2lo_56m_PGM_2Perc_coupling_errors_on_FLUX.rml
2025-02-08 00:54:19,106 - INFO - Prepared sim number: 114: RAYPy_Simulation_bessy2lo_56m_PGM_2Perc_coupling_errors_on_FLUX/round_9/114_bessy2lo_56m_PGM_2Perc_coupling_errors_on_FLUX.rml
2025-02-08 00:54:19,109 - INFO - Prepared sim number: 115: RAYPy_Simulation_bessy2lo_56m_PGM_2Perc_coupling_errors_on_FLUX/round_9/115_bessy2lo_56m_PGM_2Perc_coupling_errors_on_FLUX.rml
2025-02-08 00:54:19,112 - INFO - Prepared sim number: 116: RAYPy_Simulation_bessy2lo_56m_PGM_2Perc_coupling_errors_on_FLUX/round_9/116_bessy2lo_56m_PGM_2Perc_coupling_errors_on_FLUX.rml
2025-02-08 00:54:19,115 - INFO - Prepared sim number: 117: RAYPy_Simulation_bessy2lo_56m_PGM_2Perc_coupling_errors_on_FLUX/round_9/117_bessy2lo_56m_PGM_2Perc_coupling_errors_on_FLUX.rml
2025-02-08 00:54:19,118 - INFO - Prepared sim number: 118: RAYPy_Simulation_bessy2lo_56m_PGM_2Perc_coupling_errors_on_FLUX/round_9/118_bessy2lo_56m_PGM_2Perc_coupling_errors_on_FLUX.rml
2025-02-08 00:54:19,124 - INFO - Prepared sim number: 119: RAYPy_Simulation_bessy2lo_56m_PGM_2Perc_coupling_errors_on_FLUX/round_9/119_bessy2lo_56m_PGM_2Perc_coupling_errors_on_FLUX.rml
2025-02-08 00:54:19,128 - INFO - Prepared sim number: 120: RAYPy_Simulation_bessy2lo_56m_PGM_2Perc_coupling_errors_on_FLUX/round_9/120_bessy2lo_56m_PGM_2Perc_coupling_errors_on_FLUX.rml
2025-02-08 00:54:19,132 - INFO - Prepared sim number: 121: RAYPy_Simulation_bessy2lo_56m_PGM_2Perc_coupling_errors_on_FLUX/round_9/121_bessy2lo_56m_PGM_2Perc_coupling_errors_on_FLUX.rml
2025-02-08 00:54:19,136 - INFO - Prepared sim number: 122: RAYPy_Simulation_bessy2lo_56m_PGM_2Perc_coupling_errors_on_FLUX/round_9/122_bessy2lo_56m_PGM_2Perc_coupling_errors_on_FLUX.rml
2025-02-08 00:54:19,137 - INFO - Waiting for batch number: 20, timeout: 95.60815789080681s
2025-02-08 00:54:33,711 - INFO - Completed: 1, remaining: 59, RAYPy_Simulation_bessy2lo_56m_PGM_2Perc_coupling_errors_on_FLUX/round_9/99_bessy2lo_56m_PGM_2Perc_coupling_errors_on_FLUX.rml
2025-02-08 00:54:33,949 - INFO - Completed: 2, remaining: 58, RAYPy_Simulation_bessy2lo_56m_PGM_2Perc_coupling_errors_on_FLUX/round_9/95_bessy2lo_56m_PGM_2Perc_coupling_errors_on_FLUX.rml
2025-02-08 00:54:34,064 - INFO - Completed: 3, remaining: 57, RAYPy_Simulation_bessy2lo_56m_PGM_2Perc_coupling_errors_on_FLUX/round_9/97_bessy2lo_56m_PGM_2Perc_coupling_errors_on_FLUX.rml
2025-02-08 00:54:34,321 - INFO - Completed: 4, remaining: 56, RAYPy_Simulation_bessy2lo_56m_PGM_2Perc_coupling_errors_on_FLUX/round_9/103_bessy2lo_56m_PGM_2Perc_coupling_errors_on_FLUX.rml
2025-02-08 00:54:34,849 - INFO - Completed: 5, remaining: 55, RAYPy_Simulation_bessy2lo_56m_PGM_2Perc_coupling_errors_on_FLUX/round_9/93_bessy2lo_56m_PGM_2Perc_coupling_errors_on_FLUX.rml
2025-02-08 00:54:35,017 - INFO - Completed: 6, remaining: 54, RAYPy_Simulation_bessy2lo_56m_PGM_2Perc_coupling_errors_on_FLUX/round_9/94_bessy2lo_56m_PGM_2Perc_coupling_errors_on_FLUX.rml
2025-02-08 00:54:36,799 - INFO - Completed: 7, remaining: 53, RAYPy_Simulation_bessy2lo_56m_PGM_2Perc_coupling_errors_on_FLUX/round_9/96_bessy2lo_56m_PGM_2Perc_coupling_errors_on_FLUX.rml
2025-02-08 00:54:36,996 - INFO - Completed: 8, remaining: 52, RAYPy_Simulation_bessy2lo_56m_PGM_2Perc_coupling_errors_on_FLUX/round_9/98_bessy2lo_56m_PGM_2Perc_coupling_errors_on_FLUX.rml
2025-02-08 00:54:37,049 - INFO - Completed: 9, remaining: 51, RAYPy_Simulation_bessy2lo_56m_PGM_2Perc_coupling_errors_on_FLUX/round_9/100_bessy2lo_56m_PGM_2Perc_coupling_errors_on_FLUX.rml
2025-02-08 00:54:37,222 - INFO - Completed: 10, remaining: 50, RAYPy_Simulation_bessy2lo_56m_PGM_2Perc_coupling_errors_on_FLUX/round_9/101_bessy2lo_56m_PGM_2Perc_coupling_errors_on_FLUX.rml
2025-02-08 00:54:38,329 - INFO - Completed: 11, remaining: 49, RAYPy_Simulation_bessy2lo_56m_PGM_2Perc_coupling_errors_on_FLUX/round_9/102_bessy2lo_56m_PGM_2Perc_coupling_errors_on_FLUX.rml
2025-02-08 00:54:48,957 - INFO - Completed: 12, remaining: 48, RAYPy_Simulation_bessy2lo_56m_PGM_2Perc_coupling_errors_on_FLUX/round_9/104_bessy2lo_56m_PGM_2Perc_coupling_errors_on_FLUX.rml
2025-02-08 00:54:49,220 - INFO - Completed: 13, remaining: 47, RAYPy_Simulation_bessy2lo_56m_PGM_2Perc_coupling_errors_on_FLUX/round_9/105_bessy2lo_56m_PGM_2Perc_coupling_errors_on_FLUX.rml
2025-02-08 00:54:49,588 - INFO - Completed: 14, remaining: 46, RAYPy_Simulation_bessy2lo_56m_PGM_2Perc_coupling_errors_on_FLUX/round_9/106_bessy2lo_56m_PGM_2Perc_coupling_errors_on_FLUX.rml
2025-02-08 00:54:50,166 - INFO - Completed: 15, remaining: 45, RAYPy_Simulation_bessy2lo_56m_PGM_2Perc_coupling_errors_on_FLUX/round_9/107_bessy2lo_56m_PGM_2Perc_coupling_errors_on_FLUX.rml
2025-02-08 00:54:50,935 - INFO - Completed: 16, remaining: 44, RAYPy_Simulation_bessy2lo_56m_PGM_2Perc_coupling_errors_on_FLUX/round_9/108_bessy2lo_56m_PGM_2Perc_coupling_errors_on_FLUX.rml
2025-02-08 00:54:51,373 - INFO - Completed: 17, remaining: 43, RAYPy_Simulation_bessy2lo_56m_PGM_2Perc_coupling_errors_on_FLUX/round_9/109_bessy2lo_56m_PGM_2Perc_coupling_errors_on_FLUX.rml
2025-02-08 00:54:53,198 - INFO - Completed: 18, remaining: 42, RAYPy_Simulation_bessy2lo_56m_PGM_2Perc_coupling_errors_on_FLUX/round_9/110_bessy2lo_56m_PGM_2Perc_coupling_errors_on_FLUX.rml
2025-02-08 00:54:53,417 - INFO - Completed: 19, remaining: 41, RAYPy_Simulation_bessy2lo_56m_PGM_2Perc_coupling_errors_on_FLUX/round_9/112_bessy2lo_56m_PGM_2Perc_coupling_errors_on_FLUX.rml
2025-02-08 00:54:53,591 - INFO - Completed: 20, remaining: 40, RAYPy_Simulation_bessy2lo_56m_PGM_2Perc_coupling_errors_on_FLUX/round_9/113_bessy2lo_56m_PGM_2Perc_coupling_errors_on_FLUX.rml
2025-02-08 00:54:54,221 - INFO - Completed: 21, remaining: 39, RAYPy_Simulation_bessy2lo_56m_PGM_2Perc_coupling_errors_on_FLUX/round_9/114_bessy2lo_56m_PGM_2Perc_coupling_errors_on_FLUX.rml
2025-02-08 00:54:54,957 - INFO - Completed: 22, remaining: 38, RAYPy_Simulation_bessy2lo_56m_PGM_2Perc_coupling_errors_on_FLUX/round_9/111_bessy2lo_56m_PGM_2Perc_coupling_errors_on_FLUX.rml
2025-02-08 00:55:02,326 - INFO - Completed: 23, remaining: 37, RAYPy_Simulation_bessy2lo_56m_PGM_2Perc_coupling_errors_on_FLUX/round_9/115_bessy2lo_56m_PGM_2Perc_coupling_errors_on_FLUX.rml
2025-02-08 00:55:02,923 - INFO - Completed: 24, remaining: 36, RAYPy_Simulation_bessy2lo_56m_PGM_2Perc_coupling_errors_on_FLUX/round_9/116_bessy2lo_56m_PGM_2Perc_coupling_errors_on_FLUX.rml
2025-02-08 00:55:02,932 - INFO - Completed: 25, remaining: 35, RAYPy_Simulation_bessy2lo_56m_PGM_2Perc_coupling_errors_on_FLUX/round_9/117_bessy2lo_56m_PGM_2Perc_coupling_errors_on_FLUX.rml
2025-02-08 00:55:03,271 - INFO - Completed: 26, remaining: 34, RAYPy_Simulation_bessy2lo_56m_PGM_2Perc_coupling_errors_on_FLUX/round_9/118_bessy2lo_56m_PGM_2Perc_coupling_errors_on_FLUX.rml
2025-02-08 00:55:03,886 - INFO - Completed: 27, remaining: 33, RAYPy_Simulation_bessy2lo_56m_PGM_2Perc_coupling_errors_on_FLUX/round_9/120_bessy2lo_56m_PGM_2Perc_coupling_errors_on_FLUX.rml
2025-02-08 00:55:04,283 - INFO - Completed: 28, remaining: 32, RAYPy_Simulation_bessy2lo_56m_PGM_2Perc_coupling_errors_on_FLUX/round_9/119_bessy2lo_56m_PGM_2Perc_coupling_errors_on_FLUX.rml
2025-02-08 00:55:04,575 - INFO - Completed: 29, remaining: 31, RAYPy_Simulation_bessy2lo_56m_PGM_2Perc_coupling_errors_on_FLUX/round_9/122_bessy2lo_56m_PGM_2Perc_coupling_errors_on_FLUX.rml
2025-02-08 00:55:04,848 - INFO - Completed: 30, remaining: 30, RAYPy_Simulation_bessy2lo_56m_PGM_2Perc_coupling_errors_on_FLUX/round_9/121_bessy2lo_56m_PGM_2Perc_coupling_errors_on_FLUX.rml
2025-02-08 00:55:04,849 - INFO - Batch Completed
2025-02-08 00:55:04,849 - INFO - Waiting For batch, 60 simulations to go
2025-02-08 00:55:04,849 - INFO - Remaning Simulations 0, stop the simulations loop
2025-02-08 00:55:04,849 - INFO - Checking that all simulations are completed before stopping the ProcessPoolExecutor
2025-02-08 00:55:05,752 - INFO - This simulation is missing: round 9, number 39
2025-02-08 00:55:05,809 - INFO - Executor shutdown completed.
2025-02-08 00:55:05,809 - INFO - Finish missing simulations
2025-02-08 00:55:05,810 - INFO - Start round 0
2025-02-08 00:55:05,884 - INFO - Waiting for batch number: 21, timeout: 95.52470764896186s
2025-02-08 00:55:05,884 - INFO - Batch Completed
2025-02-08 00:55:05,884 - INFO - Waiting For batch, 60 simulations to go
2025-02-08 00:55:05,943 - INFO - Waiting for batch number: 22, timeout: 95.52470764896186s
2025-02-08 00:55:05,944 - INFO - Batch Completed
2025-02-08 00:55:05,944 - INFO - Waiting For batch, 60 simulations to go
2025-02-08 00:55:05,947 - INFO - Start round 1
2025-02-08 00:55:06,008 - INFO - Waiting for batch number: 23, timeout: 95.52470764896186s
2025-02-08 00:55:06,008 - INFO - Batch Completed
2025-02-08 00:55:06,008 - INFO - Waiting For batch, 60 simulations to go
2025-02-08 00:55:06,076 - INFO - Waiting for batch number: 24, timeout: 95.52470764896186s
2025-02-08 00:55:06,076 - INFO - Batch Completed
2025-02-08 00:55:06,076 - INFO - Waiting For batch, 60 simulations to go
2025-02-08 00:55:06,082 - INFO - Start round 2
2025-02-08 00:55:06,142 - INFO - Waiting for batch number: 25, timeout: 95.52470764896186s
2025-02-08 00:55:06,142 - INFO - Batch Completed
2025-02-08 00:55:06,142 - INFO - Waiting For batch, 60 simulations to go
2025-02-08 00:55:06,214 - INFO - Waiting for batch number: 26, timeout: 95.52470764896186s
2025-02-08 00:55:06,214 - INFO - Batch Completed
2025-02-08 00:55:06,214 - INFO - Waiting For batch, 60 simulations to go
2025-02-08 00:55:06,224 - INFO - Start round 3
2025-02-08 00:55:06,288 - INFO - Waiting for batch number: 27, timeout: 95.52470764896186s
2025-02-08 00:55:06,288 - INFO - Batch Completed
2025-02-08 00:55:06,288 - INFO - Waiting For batch, 60 simulations to go
2025-02-08 00:55:06,364 - INFO - Waiting for batch number: 28, timeout: 95.52470764896186s
2025-02-08 00:55:06,365 - INFO - Batch Completed
2025-02-08 00:55:06,365 - INFO - Waiting For batch, 60 simulations to go
2025-02-08 00:55:06,377 - INFO - Start round 4
2025-02-08 00:55:06,425 - INFO - Waiting for batch number: 29, timeout: 95.52470764896186s
2025-02-08 00:55:06,425 - INFO - Batch Completed
2025-02-08 00:55:06,426 - INFO - Waiting For batch, 60 simulations to go
2025-02-08 00:55:06,476 - INFO - Waiting for batch number: 30, timeout: 95.52470764896186s
2025-02-08 00:55:06,476 - INFO - Batch Completed
2025-02-08 00:55:06,476 - INFO - Waiting For batch, 60 simulations to go
2025-02-08 00:55:06,492 - INFO - Start round 5
2025-02-08 00:55:06,529 - INFO - Waiting for batch number: 31, timeout: 95.52470764896186s
2025-02-08 00:55:06,529 - INFO - Batch Completed
2025-02-08 00:55:06,529 - INFO - Waiting For batch, 60 simulations to go
2025-02-08 00:55:06,587 - INFO - Waiting for batch number: 32, timeout: 95.52470764896186s
2025-02-08 00:55:06,588 - INFO - Batch Completed
2025-02-08 00:55:06,588 - INFO - Waiting For batch, 60 simulations to go
2025-02-08 00:55:06,604 - INFO - Start round 6
2025-02-08 00:55:06,640 - INFO - Waiting for batch number: 33, timeout: 95.52470764896186s
2025-02-08 00:55:06,641 - INFO - Batch Completed
2025-02-08 00:55:06,641 - INFO - Waiting For batch, 60 simulations to go
2025-02-08 00:55:06,705 - INFO - Waiting for batch number: 34, timeout: 95.52470764896186s
2025-02-08 00:55:06,705 - INFO - Batch Completed
2025-02-08 00:55:06,705 - INFO - Waiting For batch, 60 simulations to go
2025-02-08 00:55:06,725 - INFO - Start round 7
2025-02-08 00:55:06,762 - INFO - Waiting for batch number: 35, timeout: 95.52470764896186s
2025-02-08 00:55:06,762 - INFO - Batch Completed
2025-02-08 00:55:06,762 - INFO - Waiting For batch, 60 simulations to go
2025-02-08 00:55:06,825 - INFO - Waiting for batch number: 36, timeout: 95.52470764896186s
2025-02-08 00:55:06,826 - INFO - Batch Completed
2025-02-08 00:55:06,826 - INFO - Waiting For batch, 60 simulations to go
2025-02-08 00:55:06,846 - INFO - Start round 8
2025-02-08 00:55:06,890 - INFO - Waiting for batch number: 37, timeout: 95.52470764896186s
2025-02-08 00:55:06,890 - INFO - Batch Completed
2025-02-08 00:55:06,890 - INFO - Waiting For batch, 60 simulations to go
2025-02-08 00:55:06,945 - INFO - Waiting for batch number: 38, timeout: 95.52470764896186s
2025-02-08 00:55:06,945 - INFO - Batch Completed
2025-02-08 00:55:06,945 - INFO - Waiting For batch, 60 simulations to go
2025-02-08 00:55:06,975 - INFO - Start round 9
2025-02-08 00:55:07,010 - INFO - Waiting for batch number: 39, timeout: 95.52470764896186s
2025-02-08 00:55:07,011 - INFO - Batch Completed
2025-02-08 00:55:07,011 - INFO - Waiting For batch, 60 simulations to go
2025-02-08 00:55:07,024 - INFO - Prepared sim number: 39: RAYPy_Simulation_bessy2lo_56m_PGM_2Perc_coupling_errors_on_FLUX/round_9/39_bessy2lo_56m_PGM_2Perc_coupling_errors_on_FLUX.rml
2025-02-08 00:55:07,099 - INFO - Waiting for batch number: 40, timeout: 95.52470764896186s
2025-02-08 00:55:11,955 - INFO - Completed: 1, remaining: 59, RAYPy_Simulation_bessy2lo_56m_PGM_2Perc_coupling_errors_on_FLUX/round_9/39_bessy2lo_56m_PGM_2Perc_coupling_errors_on_FLUX.rml
2025-02-08 00:55:11,956 - INFO - Batch Completed
2025-02-08 00:55:11,956 - INFO - Waiting For batch, 60 simulations to go
2025-02-08 00:55:11,991 - INFO - Waiting for batch number: 41, timeout: 29.127222061157227s
2025-02-08 00:55:11,991 - INFO - Batch Completed
2025-02-08 00:55:11,991 - INFO - Waiting For batch, 60 simulations to go
2025-02-08 00:55:11,992 - INFO - Remaning Simulations 0, stop the simulations loop
2025-02-08 00:55:11,992 - INFO - Checking that all simulations are completed before stopping the ProcessPoolExecutor
2025-02-08 00:55:13,127 - INFO - Executor shutdown completed.
2025-02-08 00:55:13,136 - INFO - Simulation completed successfully.
2025-02-08 00:55:13,136 - INFO - Starting cleanup
2025-02-08 00:55:23,148 - INFO - Done with the cleanup
2025-02-08 00:55:23,148 - INFO - Create Pandas Recap Files
2025-02-08 00:55:23,189 - INFO - End of the Simulations
