2025-02-08 00:55:23,680 - INFO - Simulation started, using 12 workers
2025-02-08 00:55:23,683 - INFO - Start round 0
2025-02-08 00:55:23,701 - INFO - Prepared sim number: 0: RAYPy_Simulation_bessy2lo_56m_PGM_2Perc_coupling_errors_on_RP/round_0/0_bessy2lo_56m_PGM_2Perc_coupling_errors_on_RP.rml
2025-02-08 00:55:23,714 - INFO - Prepared sim number: 1: RAYPy_Simulation_bessy2lo_56m_PGM_2Perc_coupling_errors_on_RP/round_0/1_bessy2lo_56m_PGM_2Perc_coupling_errors_on_RP.rml
2025-02-08 00:55:23,732 - INFO - Prepared sim number: 2: RAYPy_Simulation_bessy2lo_56m_PGM_2Perc_coupling_errors_on_RP/round_0/2_bessy2lo_56m_PGM_2Perc_coupling_errors_on_RP.rml
2025-02-08 00:55:23,748 - INFO - Prepared sim number: 3: RAYPy_Simulation_bessy2lo_56m_PGM_2Perc_coupling_errors_on_RP/round_0/3_bessy2lo_56m_PGM_2Perc_coupling_errors_on_RP.rml
2025-02-08 00:55:23,760 - INFO - Prepared sim number: 4: RAYPy_Simulation_bessy2lo_56m_PGM_2Perc_coupling_errors_on_RP/round_0/4_bessy2lo_56m_PGM_2Perc_coupling_errors_on_RP.rml
2025-02-08 00:55:23,772 - INFO - Prepared sim number: 5: RAYPy_Simulation_bessy2lo_56m_PGM_2Perc_coupling_errors_on_RP/round_0/5_bessy2lo_56m_PGM_2Perc_coupling_errors_on_RP.rml
2025-02-08 00:55:23,788 - INFO - Prepared sim number: 6: RAYPy_Simulation_bessy2lo_56m_PGM_2Perc_coupling_errors_on_RP/round_0/6_bessy2lo_56m_PGM_2Perc_coupling_errors_on_RP.rml
2025-02-08 00:55:23,809 - INFO - Prepared sim number: 7: RAYPy_Simulation_bessy2lo_56m_PGM_2Perc_coupling_errors_on_RP/round_0/7_bessy2lo_56m_PGM_2Perc_coupling_errors_on_RP.rml
2025-02-08 00:55:23,821 - INFO - Prepared sim number: 8: RAYPy_Simulation_bessy2lo_56m_PGM_2Perc_coupling_errors_on_RP/round_0/8_bessy2lo_56m_PGM_2Perc_coupling_errors_on_RP.rml
2025-02-08 00:55:23,840 - INFO - Prepared sim number: 9: RAYPy_Simulation_bessy2lo_56m_PGM_2Perc_coupling_errors_on_RP/round_0/9_bessy2lo_56m_PGM_2Perc_coupling_errors_on_RP.rml
2025-02-08 00:55:23,864 - INFO - Prepared sim number: 10: RAYPy_Simulation_bessy2lo_56m_PGM_2Perc_coupling_errors_on_RP/round_0/10_bessy2lo_56m_PGM_2Perc_coupling_errors_on_RP.rml
2025-02-08 00:55:23,881 - INFO - Prepared sim number: 11: RAYPy_Simulation_bessy2lo_56m_PGM_2Perc_coupling_errors_on_RP/round_0/11_bessy2lo_56m_PGM_2Perc_coupling_errors_on_RP.rml
2025-02-08 00:55:23,894 - INFO - Prepared sim number: 12: RAYPy_Simulation_bessy2lo_56m_PGM_2Perc_coupling_errors_on_RP/round_0/12_bessy2lo_56m_PGM_2Perc_coupling_errors_on_RP.rml
2025-02-08 00:55:23,911 - INFO - Prepared sim number: 13: RAYPy_Simulation_bessy2lo_56m_PGM_2Perc_coupling_errors_on_RP/round_0/13_bessy2lo_56m_PGM_2Perc_coupling_errors_on_RP.rml
2025-02-08 00:55:23,922 - INFO - Prepared sim number: 14: RAYPy_Simulation_bessy2lo_56m_PGM_2Perc_coupling_errors_on_RP/round_0/14_bessy2lo_56m_PGM_2Perc_coupling_errors_on_RP.rml
2025-02-08 00:55:23,939 - INFO - Prepared sim number: 15: RAYPy_Simulation_bessy2lo_56m_PGM_2Perc_coupling_errors_on_RP/round_0/15_bessy2lo_56m_PGM_2Perc_coupling_errors_on_RP.rml
2025-02-08 00:55:23,951 - INFO - Prepared sim number: 16: RAYPy_Simulation_bessy2lo_56m_PGM_2Perc_coupling_errors_on_RP/round_0/16_bessy2lo_56m_PGM_2Perc_coupling_errors_on_RP.rml
2025-02-08 00:55:23,962 - INFO - Prepared sim number: 17: RAYPy_Simulation_bessy2lo_56m_PGM_2Perc_coupling_errors_on_RP/round_0/17_bessy2lo_56m_PGM_2Perc_coupling_errors_on_RP.rml
2025-02-08 00:55:23,978 - INFO - Prepared sim number: 18: RAYPy_Simulation_bessy2lo_56m_PGM_2Perc_coupling_errors_on_RP/round_0/18_bessy2lo_56m_PGM_2Perc_coupling_errors_on_RP.rml
2025-02-08 00:55:23,988 - INFO - Prepared sim number: 19: RAYPy_Simulation_bessy2lo_56m_PGM_2Perc_coupling_errors_on_RP/round_0/19_bessy2lo_56m_PGM_2Perc_coupling_errors_on_RP.rml
2025-02-08 00:55:23,999 - INFO - Prepared sim number: 20: RAYPy_Simulation_bessy2lo_56m_PGM_2Perc_coupling_errors_on_RP/round_0/20_bessy2lo_56m_PGM_2Perc_coupling_errors_on_RP.rml
2025-02-08 00:55:24,009 - INFO - Prepared sim number: 21: RAYPy_Simulation_bessy2lo_56m_PGM_2Perc_coupling_errors_on_RP/round_0/21_bessy2lo_56m_PGM_2Perc_coupling_errors_on_RP.rml
2025-02-08 00:55:24,019 - INFO - Prepared sim number: 22: RAYPy_Simulation_bessy2lo_56m_PGM_2Perc_coupling_errors_on_RP/round_0/22_bessy2lo_56m_PGM_2Perc_coupling_errors_on_RP.rml
2025-02-08 00:55:24,028 - INFO - Prepared sim number: 23: RAYPy_Simulation_bessy2lo_56m_PGM_2Perc_coupling_errors_on_RP/round_0/23_bessy2lo_56m_PGM_2Perc_coupling_errors_on_RP.rml
2025-02-08 00:55:24,038 - INFO - Prepared sim number: 24: RAYPy_Simulation_bessy2lo_56m_PGM_2Perc_coupling_errors_on_RP/round_0/24_bessy2lo_56m_PGM_2Perc_coupling_errors_on_RP.rml
2025-02-08 00:55:24,046 - INFO - Prepared sim number: 25: RAYPy_Simulation_bessy2lo_56m_PGM_2Perc_coupling_errors_on_RP/round_0/25_bessy2lo_56m_PGM_2Perc_coupling_errors_on_RP.rml
2025-02-08 00:55:24,055 - INFO - Prepared sim number: 26: RAYPy_Simulation_bessy2lo_56m_PGM_2Perc_coupling_errors_on_RP/round_0/26_bessy2lo_56m_PGM_2Perc_coupling_errors_on_RP.rml
2025-02-08 00:55:24,066 - INFO - Prepared sim number: 27: RAYPy_Simulation_bessy2lo_56m_PGM_2Perc_coupling_errors_on_RP/round_0/27_bessy2lo_56m_PGM_2Perc_coupling_errors_on_RP.rml
2025-02-08 00:55:24,076 - INFO - Prepared sim number: 28: RAYPy_Simulation_bessy2lo_56m_PGM_2Perc_coupling_errors_on_RP/round_0/28_bessy2lo_56m_PGM_2Perc_coupling_errors_on_RP.rml
2025-02-08 00:55:24,086 - INFO - Prepared sim number: 29: RAYPy_Simulation_bessy2lo_56m_PGM_2Perc_coupling_errors_on_RP/round_0/29_bessy2lo_56m_PGM_2Perc_coupling_errors_on_RP.rml
2025-02-08 00:55:24,096 - INFO - Prepared sim number: 30: RAYPy_Simulation_bessy2lo_56m_PGM_2Perc_coupling_errors_on_RP/round_0/30_bessy2lo_56m_PGM_2Perc_coupling_errors_on_RP.rml
2025-02-08 00:55:24,107 - INFO - Prepared sim number: 31: RAYPy_Simulation_bessy2lo_56m_PGM_2Perc_coupling_errors_on_RP/round_0/31_bessy2lo_56m_PGM_2Perc_coupling_errors_on_RP.rml
2025-02-08 00:55:24,117 - INFO - Prepared sim number: 32: RAYPy_Simulation_bessy2lo_56m_PGM_2Perc_coupling_errors_on_RP/round_0/32_bessy2lo_56m_PGM_2Perc_coupling_errors_on_RP.rml
2025-02-08 00:55:24,127 - INFO - Prepared sim number: 33: RAYPy_Simulation_bessy2lo_56m_PGM_2Perc_coupling_errors_on_RP/round_0/33_bessy2lo_56m_PGM_2Perc_coupling_errors_on_RP.rml
2025-02-08 00:55:24,138 - INFO - Prepared sim number: 34: RAYPy_Simulation_bessy2lo_56m_PGM_2Perc_coupling_errors_on_RP/round_0/34_bessy2lo_56m_PGM_2Perc_coupling_errors_on_RP.rml
2025-02-08 00:55:24,148 - INFO - Prepared sim number: 35: RAYPy_Simulation_bessy2lo_56m_PGM_2Perc_coupling_errors_on_RP/round_0/35_bessy2lo_56m_PGM_2Perc_coupling_errors_on_RP.rml
2025-02-08 00:55:24,159 - INFO - Prepared sim number: 36: RAYPy_Simulation_bessy2lo_56m_PGM_2Perc_coupling_errors_on_RP/round_0/36_bessy2lo_56m_PGM_2Perc_coupling_errors_on_RP.rml
2025-02-08 00:55:24,170 - INFO - Prepared sim number: 37: RAYPy_Simulation_bessy2lo_56m_PGM_2Perc_coupling_errors_on_RP/round_0/37_bessy2lo_56m_PGM_2Perc_coupling_errors_on_RP.rml
2025-02-08 00:55:24,181 - INFO - Prepared sim number: 38: RAYPy_Simulation_bessy2lo_56m_PGM_2Perc_coupling_errors_on_RP/round_0/38_bessy2lo_56m_PGM_2Perc_coupling_errors_on_RP.rml
2025-02-08 00:55:24,190 - INFO - Prepared sim number: 39: RAYPy_Simulation_bessy2lo_56m_PGM_2Perc_coupling_errors_on_RP/round_0/39_bessy2lo_56m_PGM_2Perc_coupling_errors_on_RP.rml
2025-02-08 00:55:24,200 - INFO - Prepared sim number: 40: RAYPy_Simulation_bessy2lo_56m_PGM_2Perc_coupling_errors_on_RP/round_0/40_bessy2lo_56m_PGM_2Perc_coupling_errors_on_RP.rml
2025-02-08 00:55:24,211 - INFO - Prepared sim number: 41: RAYPy_Simulation_bessy2lo_56m_PGM_2Perc_coupling_errors_on_RP/round_0/41_bessy2lo_56m_PGM_2Perc_coupling_errors_on_RP.rml
2025-02-08 00:55:24,222 - INFO - Prepared sim number: 42: RAYPy_Simulation_bessy2lo_56m_PGM_2Perc_coupling_errors_on_RP/round_0/42_bessy2lo_56m_PGM_2Perc_coupling_errors_on_RP.rml
2025-02-08 00:55:24,234 - INFO - Prepared sim number: 43: RAYPy_Simulation_bessy2lo_56m_PGM_2Perc_coupling_errors_on_RP/round_0/43_bessy2lo_56m_PGM_2Perc_coupling_errors_on_RP.rml
2025-02-08 00:55:24,244 - INFO - Prepared sim number: 44: RAYPy_Simulation_bessy2lo_56m_PGM_2Perc_coupling_errors_on_RP/round_0/44_bessy2lo_56m_PGM_2Perc_coupling_errors_on_RP.rml
2025-02-08 00:55:24,255 - INFO - Prepared sim number: 45: RAYPy_Simulation_bessy2lo_56m_PGM_2Perc_coupling_errors_on_RP/round_0/45_bessy2lo_56m_PGM_2Perc_coupling_errors_on_RP.rml
2025-02-08 00:55:24,265 - INFO - Prepared sim number: 46: RAYPy_Simulation_bessy2lo_56m_PGM_2Perc_coupling_errors_on_RP/round_0/46_bessy2lo_56m_PGM_2Perc_coupling_errors_on_RP.rml
2025-02-08 00:55:24,274 - INFO - Prepared sim number: 47: RAYPy_Simulation_bessy2lo_56m_PGM_2Perc_coupling_errors_on_RP/round_0/47_bessy2lo_56m_PGM_2Perc_coupling_errors_on_RP.rml
2025-02-08 00:55:24,288 - INFO - Prepared sim number: 48: RAYPy_Simulation_bessy2lo_56m_PGM_2Perc_coupling_errors_on_RP/round_0/48_bessy2lo_56m_PGM_2Perc_coupling_errors_on_RP.rml
2025-02-08 00:55:24,310 - INFO - Prepared sim number: 49: RAYPy_Simulation_bessy2lo_56m_PGM_2Perc_coupling_errors_on_RP/round_0/49_bessy2lo_56m_PGM_2Perc_coupling_errors_on_RP.rml
2025-02-08 00:55:24,331 - INFO - Prepared sim number: 50: RAYPy_Simulation_bessy2lo_56m_PGM_2Perc_coupling_errors_on_RP/round_0/50_bessy2lo_56m_PGM_2Perc_coupling_errors_on_RP.rml
2025-02-08 00:55:24,353 - INFO - Prepared sim number: 51: RAYPy_Simulation_bessy2lo_56m_PGM_2Perc_coupling_errors_on_RP/round_0/51_bessy2lo_56m_PGM_2Perc_coupling_errors_on_RP.rml
2025-02-08 00:55:24,371 - INFO - Prepared sim number: 52: RAYPy_Simulation_bessy2lo_56m_PGM_2Perc_coupling_errors_on_RP/round_0/52_bessy2lo_56m_PGM_2Perc_coupling_errors_on_RP.rml
2025-02-08 00:55:24,387 - INFO - Prepared sim number: 53: RAYPy_Simulation_bessy2lo_56m_PGM_2Perc_coupling_errors_on_RP/round_0/53_bessy2lo_56m_PGM_2Perc_coupling_errors_on_RP.rml
2025-02-08 00:55:24,419 - INFO - Prepared sim number: 54: RAYPy_Simulation_bessy2lo_56m_PGM_2Perc_coupling_errors_on_RP/round_0/54_bessy2lo_56m_PGM_2Perc_coupling_errors_on_RP.rml
2025-02-08 00:55:24,438 - INFO - Prepared sim number: 55: RAYPy_Simulation_bessy2lo_56m_PGM_2Perc_coupling_errors_on_RP/round_0/55_bessy2lo_56m_PGM_2Perc_coupling_errors_on_RP.rml
2025-02-08 00:55:24,460 - INFO - Prepared sim number: 56: RAYPy_Simulation_bessy2lo_56m_PGM_2Perc_coupling_errors_on_RP/round_0/56_bessy2lo_56m_PGM_2Perc_coupling_errors_on_RP.rml
2025-02-08 00:55:24,474 - INFO - Prepared sim number: 57: RAYPy_Simulation_bessy2lo_56m_PGM_2Perc_coupling_errors_on_RP/round_0/57_bessy2lo_56m_PGM_2Perc_coupling_errors_on_RP.rml
2025-02-08 00:55:24,495 - INFO - Prepared sim number: 58: RAYPy_Simulation_bessy2lo_56m_PGM_2Perc_coupling_errors_on_RP/round_0/58_bessy2lo_56m_PGM_2Perc_coupling_errors_on_RP.rml
2025-02-08 00:55:24,510 - INFO - Prepared sim number: 59: RAYPy_Simulation_bessy2lo_56m_PGM_2Perc_coupling_errors_on_RP/round_0/59_bessy2lo_56m_PGM_2Perc_coupling_errors_on_RP.rml
2025-02-08 00:55:24,534 - INFO - Waiting for batch number: 0, timeout: 60s
2025-02-08 00:55:27,287 - INFO - Completed: 1, remaining: 59, RAYPy_Simulation_bessy2lo_56m_PGM_2Perc_coupling_errors_on_RP/round_0/0_bessy2lo_56m_PGM_2Perc_coupling_errors_on_RP.rml
2025-02-08 00:55:27,388 - INFO - Completed: 2, remaining: 58, RAYPy_Simulation_bessy2lo_56m_PGM_2Perc_coupling_errors_on_RP/round_0/2_bessy2lo_56m_PGM_2Perc_coupling_errors_on_RP.rml
2025-02-08 00:55:27,664 - INFO - Completed: 3, remaining: 57, RAYPy_Simulation_bessy2lo_56m_PGM_2Perc_coupling_errors_on_RP/round_0/3_bessy2lo_56m_PGM_2Perc_coupling_errors_on_RP.rml
2025-02-08 00:55:27,710 - INFO - Completed: 4, remaining: 56, RAYPy_Simulation_bessy2lo_56m_PGM_2Perc_coupling_errors_on_RP/round_0/6_bessy2lo_56m_PGM_2Perc_coupling_errors_on_RP.rml
2025-02-08 00:55:27,797 - INFO - Completed: 5, remaining: 55, RAYPy_Simulation_bessy2lo_56m_PGM_2Perc_coupling_errors_on_RP/round_0/5_bessy2lo_56m_PGM_2Perc_coupling_errors_on_RP.rml
2025-02-08 00:55:27,836 - INFO - Completed: 6, remaining: 54, RAYPy_Simulation_bessy2lo_56m_PGM_2Perc_coupling_errors_on_RP/round_0/10_bessy2lo_56m_PGM_2Perc_coupling_errors_on_RP.rml
2025-02-08 00:55:27,908 - INFO - Completed: 7, remaining: 53, RAYPy_Simulation_bessy2lo_56m_PGM_2Perc_coupling_errors_on_RP/round_0/9_bessy2lo_56m_PGM_2Perc_coupling_errors_on_RP.rml
2025-02-08 00:55:28,625 - INFO - Completed: 8, remaining: 52, RAYPy_Simulation_bessy2lo_56m_PGM_2Perc_coupling_errors_on_RP/round_0/11_bessy2lo_56m_PGM_2Perc_coupling_errors_on_RP.rml
2025-02-08 00:55:29,923 - INFO - Completed: 9, remaining: 51, RAYPy_Simulation_bessy2lo_56m_PGM_2Perc_coupling_errors_on_RP/round_0/1_bessy2lo_56m_PGM_2Perc_coupling_errors_on_RP.rml
2025-02-08 00:55:30,031 - INFO - Completed: 10, remaining: 50, RAYPy_Simulation_bessy2lo_56m_PGM_2Perc_coupling_errors_on_RP/round_0/8_bessy2lo_56m_PGM_2Perc_coupling_errors_on_RP.rml
2025-02-08 00:55:30,247 - INFO - Completed: 11, remaining: 49, RAYPy_Simulation_bessy2lo_56m_PGM_2Perc_coupling_errors_on_RP/round_0/7_bessy2lo_56m_PGM_2Perc_coupling_errors_on_RP.rml
2025-02-08 00:55:30,308 - INFO - Completed: 12, remaining: 48, RAYPy_Simulation_bessy2lo_56m_PGM_2Perc_coupling_errors_on_RP/round_0/4_bessy2lo_56m_PGM_2Perc_coupling_errors_on_RP.rml
2025-02-08 00:55:30,928 - INFO - Completed: 13, remaining: 47, RAYPy_Simulation_bessy2lo_56m_PGM_2Perc_coupling_errors_on_RP/round_0/12_bessy2lo_56m_PGM_2Perc_coupling_errors_on_RP.rml
2025-02-08 00:55:31,087 - INFO - Completed: 14, remaining: 46, RAYPy_Simulation_bessy2lo_56m_PGM_2Perc_coupling_errors_on_RP/round_0/13_bessy2lo_56m_PGM_2Perc_coupling_errors_on_RP.rml
2025-02-08 00:55:31,252 - INFO - Completed: 15, remaining: 45, RAYPy_Simulation_bessy2lo_56m_PGM_2Perc_coupling_errors_on_RP/round_0/14_bessy2lo_56m_PGM_2Perc_coupling_errors_on_RP.rml
2025-02-08 00:55:31,527 - INFO - Completed: 16, remaining: 44, RAYPy_Simulation_bessy2lo_56m_PGM_2Perc_coupling_errors_on_RP/round_0/15_bessy2lo_56m_PGM_2Perc_coupling_errors_on_RP.rml
2025-02-08 00:55:31,681 - INFO - Completed: 17, remaining: 43, RAYPy_Simulation_bessy2lo_56m_PGM_2Perc_coupling_errors_on_RP/round_0/17_bessy2lo_56m_PGM_2Perc_coupling_errors_on_RP.rml
2025-02-08 00:55:31,696 - INFO - Completed: 18, remaining: 42, RAYPy_Simulation_bessy2lo_56m_PGM_2Perc_coupling_errors_on_RP/round_0/16_bessy2lo_56m_PGM_2Perc_coupling_errors_on_RP.rml
2025-02-08 00:55:31,762 - INFO - Completed: 19, remaining: 41, RAYPy_Simulation_bessy2lo_56m_PGM_2Perc_coupling_errors_on_RP/round_0/18_bessy2lo_56m_PGM_2Perc_coupling_errors_on_RP.rml
2025-02-08 00:55:32,353 - INFO - Completed: 20, remaining: 40, RAYPy_Simulation_bessy2lo_56m_PGM_2Perc_coupling_errors_on_RP/round_0/19_bessy2lo_56m_PGM_2Perc_coupling_errors_on_RP.rml
2025-02-08 00:55:33,905 - INFO - Completed: 21, remaining: 39, RAYPy_Simulation_bessy2lo_56m_PGM_2Perc_coupling_errors_on_RP/round_0/20_bessy2lo_56m_PGM_2Perc_coupling_errors_on_RP.rml
2025-02-08 00:55:33,941 - INFO - Completed: 22, remaining: 38, RAYPy_Simulation_bessy2lo_56m_PGM_2Perc_coupling_errors_on_RP/round_0/21_bessy2lo_56m_PGM_2Perc_coupling_errors_on_RP.rml
2025-02-08 00:55:34,010 - INFO - Completed: 23, remaining: 37, RAYPy_Simulation_bessy2lo_56m_PGM_2Perc_coupling_errors_on_RP/round_0/22_bessy2lo_56m_PGM_2Perc_coupling_errors_on_RP.rml
2025-02-08 00:55:34,238 - INFO - Completed: 24, remaining: 36, RAYPy_Simulation_bessy2lo_56m_PGM_2Perc_coupling_errors_on_RP/round_0/23_bessy2lo_56m_PGM_2Perc_coupling_errors_on_RP.rml
2025-02-08 00:55:34,740 - INFO - Completed: 25, remaining: 35, RAYPy_Simulation_bessy2lo_56m_PGM_2Perc_coupling_errors_on_RP/round_0/24_bessy2lo_56m_PGM_2Perc_coupling_errors_on_RP.rml
2025-02-08 00:55:34,761 - INFO - Completed: 26, remaining: 34, RAYPy_Simulation_bessy2lo_56m_PGM_2Perc_coupling_errors_on_RP/round_0/25_bessy2lo_56m_PGM_2Perc_coupling_errors_on_RP.rml
2025-02-08 00:55:34,944 - INFO - Completed: 27, remaining: 33, RAYPy_Simulation_bessy2lo_56m_PGM_2Perc_coupling_errors_on_RP/round_0/26_bessy2lo_56m_PGM_2Perc_coupling_errors_on_RP.rml
2025-02-08 00:55:35,265 - INFO - Completed: 28, remaining: 32, RAYPy_Simulation_bessy2lo_56m_PGM_2Perc_coupling_errors_on_RP/round_0/27_bessy2lo_56m_PGM_2Perc_coupling_errors_on_RP.rml
2025-02-08 00:55:35,375 - INFO - Completed: 29, remaining: 31, RAYPy_Simulation_bessy2lo_56m_PGM_2Perc_coupling_errors_on_RP/round_0/29_bessy2lo_56m_PGM_2Perc_coupling_errors_on_RP.rml
2025-02-08 00:55:35,576 - INFO - Completed: 30, remaining: 30, RAYPy_Simulation_bessy2lo_56m_PGM_2Perc_coupling_errors_on_RP/round_0/30_bessy2lo_56m_PGM_2Perc_coupling_errors_on_RP.rml
2025-02-08 00:55:36,012 - INFO - Completed: 31, remaining: 29, RAYPy_Simulation_bessy2lo_56m_PGM_2Perc_coupling_errors_on_RP/round_0/28_bessy2lo_56m_PGM_2Perc_coupling_errors_on_RP.rml
2025-02-08 00:55:36,169 - INFO - Completed: 32, remaining: 28, RAYPy_Simulation_bessy2lo_56m_PGM_2Perc_coupling_errors_on_RP/round_0/31_bessy2lo_56m_PGM_2Perc_coupling_errors_on_RP.rml
2025-02-08 00:55:37,702 - INFO - Completed: 33, remaining: 27, RAYPy_Simulation_bessy2lo_56m_PGM_2Perc_coupling_errors_on_RP/round_0/33_bessy2lo_56m_PGM_2Perc_coupling_errors_on_RP.rml
2025-02-08 00:55:37,949 - INFO - Completed: 34, remaining: 26, RAYPy_Simulation_bessy2lo_56m_PGM_2Perc_coupling_errors_on_RP/round_0/32_bessy2lo_56m_PGM_2Perc_coupling_errors_on_RP.rml
2025-02-08 00:55:38,173 - INFO - Completed: 35, remaining: 25, RAYPy_Simulation_bessy2lo_56m_PGM_2Perc_coupling_errors_on_RP/round_0/35_bessy2lo_56m_PGM_2Perc_coupling_errors_on_RP.rml
2025-02-08 00:55:38,635 - INFO - Completed: 36, remaining: 24, RAYPy_Simulation_bessy2lo_56m_PGM_2Perc_coupling_errors_on_RP/round_0/36_bessy2lo_56m_PGM_2Perc_coupling_errors_on_RP.rml
2025-02-08 00:55:38,681 - INFO - Completed: 37, remaining: 23, RAYPy_Simulation_bessy2lo_56m_PGM_2Perc_coupling_errors_on_RP/round_0/37_bessy2lo_56m_PGM_2Perc_coupling_errors_on_RP.rml
2025-02-08 00:55:38,906 - INFO - Completed: 38, remaining: 22, RAYPy_Simulation_bessy2lo_56m_PGM_2Perc_coupling_errors_on_RP/round_0/38_bessy2lo_56m_PGM_2Perc_coupling_errors_on_RP.rml
2025-02-08 00:55:39,006 - INFO - Completed: 39, remaining: 21, RAYPy_Simulation_bessy2lo_56m_PGM_2Perc_coupling_errors_on_RP/round_0/41_bessy2lo_56m_PGM_2Perc_coupling_errors_on_RP.rml
2025-02-08 00:55:39,324 - INFO - Completed: 40, remaining: 20, RAYPy_Simulation_bessy2lo_56m_PGM_2Perc_coupling_errors_on_RP/round_0/42_bessy2lo_56m_PGM_2Perc_coupling_errors_on_RP.rml
2025-02-08 00:55:39,331 - INFO - Completed: 41, remaining: 19, RAYPy_Simulation_bessy2lo_56m_PGM_2Perc_coupling_errors_on_RP/round_0/34_bessy2lo_56m_PGM_2Perc_coupling_errors_on_RP.rml
2025-02-08 00:55:39,368 - INFO - Completed: 42, remaining: 18, RAYPy_Simulation_bessy2lo_56m_PGM_2Perc_coupling_errors_on_RP/round_0/40_bessy2lo_56m_PGM_2Perc_coupling_errors_on_RP.rml
2025-02-08 00:55:39,434 - INFO - Completed: 43, remaining: 17, RAYPy_Simulation_bessy2lo_56m_PGM_2Perc_coupling_errors_on_RP/round_0/39_bessy2lo_56m_PGM_2Perc_coupling_errors_on_RP.rml
2025-02-08 00:55:39,532 - INFO - Completed: 44, remaining: 16, RAYPy_Simulation_bessy2lo_56m_PGM_2Perc_coupling_errors_on_RP/round_0/43_bessy2lo_56m_PGM_2Perc_coupling_errors_on_RP.rml
2025-02-08 00:55:41,081 - INFO - Completed: 45, remaining: 15, RAYPy_Simulation_bessy2lo_56m_PGM_2Perc_coupling_errors_on_RP/round_0/44_bessy2lo_56m_PGM_2Perc_coupling_errors_on_RP.rml
2025-02-08 00:55:41,449 - INFO - Completed: 46, remaining: 14, RAYPy_Simulation_bessy2lo_56m_PGM_2Perc_coupling_errors_on_RP/round_0/46_bessy2lo_56m_PGM_2Perc_coupling_errors_on_RP.rml
2025-02-08 00:55:41,681 - INFO - Completed: 47, remaining: 13, RAYPy_Simulation_bessy2lo_56m_PGM_2Perc_coupling_errors_on_RP/round_0/45_bessy2lo_56m_PGM_2Perc_coupling_errors_on_RP.rml
2025-02-08 00:55:41,930 - INFO - Completed: 48, remaining: 12, RAYPy_Simulation_bessy2lo_56m_PGM_2Perc_coupling_errors_on_RP/round_0/47_bessy2lo_56m_PGM_2Perc_coupling_errors_on_RP.rml
2025-02-08 00:55:41,959 - INFO - Completed: 49, remaining: 11, RAYPy_Simulation_bessy2lo_56m_PGM_2Perc_coupling_errors_on_RP/round_0/48_bessy2lo_56m_PGM_2Perc_coupling_errors_on_RP.rml
2025-02-08 00:55:42,128 - INFO - Completed: 50, remaining: 10, RAYPy_Simulation_bessy2lo_56m_PGM_2Perc_coupling_errors_on_RP/round_0/49_bessy2lo_56m_PGM_2Perc_coupling_errors_on_RP.rml
2025-02-08 00:55:42,386 - INFO - Completed: 51, remaining: 9, RAYPy_Simulation_bessy2lo_56m_PGM_2Perc_coupling_errors_on_RP/round_0/50_bessy2lo_56m_PGM_2Perc_coupling_errors_on_RP.rml
2025-02-08 00:55:42,503 - INFO - Completed: 52, remaining: 8, RAYPy_Simulation_bessy2lo_56m_PGM_2Perc_coupling_errors_on_RP/round_0/53_bessy2lo_56m_PGM_2Perc_coupling_errors_on_RP.rml
2025-02-08 00:55:42,693 - INFO - Completed: 53, remaining: 7, RAYPy_Simulation_bessy2lo_56m_PGM_2Perc_coupling_errors_on_RP/round_0/54_bessy2lo_56m_PGM_2Perc_coupling_errors_on_RP.rml
2025-02-08 00:55:42,735 - INFO - Completed: 54, remaining: 6, RAYPy_Simulation_bessy2lo_56m_PGM_2Perc_coupling_errors_on_RP/round_0/55_bessy2lo_56m_PGM_2Perc_coupling_errors_on_RP.rml
2025-02-08 00:55:42,745 - INFO - Completed: 55, remaining: 5, RAYPy_Simulation_bessy2lo_56m_PGM_2Perc_coupling_errors_on_RP/round_0/52_bessy2lo_56m_PGM_2Perc_coupling_errors_on_RP.rml
2025-02-08 00:55:42,855 - INFO - Completed: 56, remaining: 4, RAYPy_Simulation_bessy2lo_56m_PGM_2Perc_coupling_errors_on_RP/round_0/51_bessy2lo_56m_PGM_2Perc_coupling_errors_on_RP.rml
2025-02-08 00:55:43,833 - INFO - Completed: 57, remaining: 3, RAYPy_Simulation_bessy2lo_56m_PGM_2Perc_coupling_errors_on_RP/round_0/57_bessy2lo_56m_PGM_2Perc_coupling_errors_on_RP.rml
2025-02-08 00:55:43,986 - INFO - Completed: 58, remaining: 2, RAYPy_Simulation_bessy2lo_56m_PGM_2Perc_coupling_errors_on_RP/round_0/56_bessy2lo_56m_PGM_2Perc_coupling_errors_on_RP.rml
2025-02-08 00:55:44,099 - INFO - Completed: 59, remaining: 1, RAYPy_Simulation_bessy2lo_56m_PGM_2Perc_coupling_errors_on_RP/round_0/59_bessy2lo_56m_PGM_2Perc_coupling_errors_on_RP.rml
2025-02-08 00:55:44,334 - INFO - Completed: 60, remaining: 0, RAYPy_Simulation_bessy2lo_56m_PGM_2Perc_coupling_errors_on_RP/round_0/58_bessy2lo_56m_PGM_2Perc_coupling_errors_on_RP.rml
2025-02-08 00:55:44,335 - INFO - Batch Completed
2025-02-08 00:55:44,336 - INFO - Waiting For batch, 60 simulations to go
2025-02-08 00:55:44,361 - INFO - Prepared sim number: 60: RAYPy_Simulation_bessy2lo_56m_PGM_2Perc_coupling_errors_on_RP/round_0/60_bessy2lo_56m_PGM_2Perc_coupling_errors_on_RP.rml
2025-02-08 00:55:44,370 - INFO - Prepared sim number: 61: RAYPy_Simulation_bessy2lo_56m_PGM_2Perc_coupling_errors_on_RP/round_0/61_bessy2lo_56m_PGM_2Perc_coupling_errors_on_RP.rml
2025-02-08 00:55:44,379 - INFO - Prepared sim number: 62: RAYPy_Simulation_bessy2lo_56m_PGM_2Perc_coupling_errors_on_RP/round_0/62_bessy2lo_56m_PGM_2Perc_coupling_errors_on_RP.rml
2025-02-08 00:55:44,387 - INFO - Prepared sim number: 63: RAYPy_Simulation_bessy2lo_56m_PGM_2Perc_coupling_errors_on_RP/round_0/63_bessy2lo_56m_PGM_2Perc_coupling_errors_on_RP.rml
2025-02-08 00:55:44,398 - INFO - Prepared sim number: 64: RAYPy_Simulation_bessy2lo_56m_PGM_2Perc_coupling_errors_on_RP/round_0/64_bessy2lo_56m_PGM_2Perc_coupling_errors_on_RP.rml
2025-02-08 00:55:44,408 - INFO - Prepared sim number: 65: RAYPy_Simulation_bessy2lo_56m_PGM_2Perc_coupling_errors_on_RP/round_0/65_bessy2lo_56m_PGM_2Perc_coupling_errors_on_RP.rml
2025-02-08 00:55:44,416 - INFO - Prepared sim number: 66: RAYPy_Simulation_bessy2lo_56m_PGM_2Perc_coupling_errors_on_RP/round_0/66_bessy2lo_56m_PGM_2Perc_coupling_errors_on_RP.rml
2025-02-08 00:55:44,425 - INFO - Prepared sim number: 67: RAYPy_Simulation_bessy2lo_56m_PGM_2Perc_coupling_errors_on_RP/round_0/67_bessy2lo_56m_PGM_2Perc_coupling_errors_on_RP.rml
2025-02-08 00:55:44,434 - INFO - Prepared sim number: 68: RAYPy_Simulation_bessy2lo_56m_PGM_2Perc_coupling_errors_on_RP/round_0/68_bessy2lo_56m_PGM_2Perc_coupling_errors_on_RP.rml
2025-02-08 00:55:44,443 - INFO - Prepared sim number: 69: RAYPy_Simulation_bessy2lo_56m_PGM_2Perc_coupling_errors_on_RP/round_0/69_bessy2lo_56m_PGM_2Perc_coupling_errors_on_RP.rml
2025-02-08 00:55:44,452 - INFO - Prepared sim number: 70: RAYPy_Simulation_bessy2lo_56m_PGM_2Perc_coupling_errors_on_RP/round_0/70_bessy2lo_56m_PGM_2Perc_coupling_errors_on_RP.rml
2025-02-08 00:55:44,462 - INFO - Prepared sim number: 71: RAYPy_Simulation_bessy2lo_56m_PGM_2Perc_coupling_errors_on_RP/round_0/71_bessy2lo_56m_PGM_2Perc_coupling_errors_on_RP.rml
2025-02-08 00:55:44,470 - INFO - Prepared sim number: 72: RAYPy_Simulation_bessy2lo_56m_PGM_2Perc_coupling_errors_on_RP/round_0/72_bessy2lo_56m_PGM_2Perc_coupling_errors_on_RP.rml
2025-02-08 00:55:44,478 - INFO - Prepared sim number: 73: RAYPy_Simulation_bessy2lo_56m_PGM_2Perc_coupling_errors_on_RP/round_0/73_bessy2lo_56m_PGM_2Perc_coupling_errors_on_RP.rml
2025-02-08 00:55:44,487 - INFO - Prepared sim number: 74: RAYPy_Simulation_bessy2lo_56m_PGM_2Perc_coupling_errors_on_RP/round_0/74_bessy2lo_56m_PGM_2Perc_coupling_errors_on_RP.rml
2025-02-08 00:55:44,501 - INFO - Prepared sim number: 75: RAYPy_Simulation_bessy2lo_56m_PGM_2Perc_coupling_errors_on_RP/round_0/75_bessy2lo_56m_PGM_2Perc_coupling_errors_on_RP.rml
2025-02-08 00:55:44,514 - INFO - Prepared sim number: 76: RAYPy_Simulation_bessy2lo_56m_PGM_2Perc_coupling_errors_on_RP/round_0/76_bessy2lo_56m_PGM_2Perc_coupling_errors_on_RP.rml
2025-02-08 00:55:44,525 - INFO - Prepared sim number: 77: RAYPy_Simulation_bessy2lo_56m_PGM_2Perc_coupling_errors_on_RP/round_0/77_bessy2lo_56m_PGM_2Perc_coupling_errors_on_RP.rml
2025-02-08 00:55:44,536 - INFO - Prepared sim number: 78: RAYPy_Simulation_bessy2lo_56m_PGM_2Perc_coupling_errors_on_RP/round_0/78_bessy2lo_56m_PGM_2Perc_coupling_errors_on_RP.rml
2025-02-08 00:55:44,549 - INFO - Prepared sim number: 79: RAYPy_Simulation_bessy2lo_56m_PGM_2Perc_coupling_errors_on_RP/round_0/79_bessy2lo_56m_PGM_2Perc_coupling_errors_on_RP.rml
2025-02-08 00:55:44,561 - INFO - Prepared sim number: 80: RAYPy_Simulation_bessy2lo_56m_PGM_2Perc_coupling_errors_on_RP/round_0/80_bessy2lo_56m_PGM_2Perc_coupling_errors_on_RP.rml
2025-02-08 00:55:44,572 - INFO - Prepared sim number: 81: RAYPy_Simulation_bessy2lo_56m_PGM_2Perc_coupling_errors_on_RP/round_0/81_bessy2lo_56m_PGM_2Perc_coupling_errors_on_RP.rml
2025-02-08 00:55:44,583 - INFO - Prepared sim number: 82: RAYPy_Simulation_bessy2lo_56m_PGM_2Perc_coupling_errors_on_RP/round_0/82_bessy2lo_56m_PGM_2Perc_coupling_errors_on_RP.rml
2025-02-08 00:55:44,594 - INFO - Prepared sim number: 83: RAYPy_Simulation_bessy2lo_56m_PGM_2Perc_coupling_errors_on_RP/round_0/83_bessy2lo_56m_PGM_2Perc_coupling_errors_on_RP.rml
2025-02-08 00:55:44,605 - INFO - Prepared sim number: 84: RAYPy_Simulation_bessy2lo_56m_PGM_2Perc_coupling_errors_on_RP/round_0/84_bessy2lo_56m_PGM_2Perc_coupling_errors_on_RP.rml
2025-02-08 00:55:44,616 - INFO - Prepared sim number: 85: RAYPy_Simulation_bessy2lo_56m_PGM_2Perc_coupling_errors_on_RP/round_0/85_bessy2lo_56m_PGM_2Perc_coupling_errors_on_RP.rml
2025-02-08 00:55:44,626 - INFO - Prepared sim number: 86: RAYPy_Simulation_bessy2lo_56m_PGM_2Perc_coupling_errors_on_RP/round_0/86_bessy2lo_56m_PGM_2Perc_coupling_errors_on_RP.rml
2025-02-08 00:55:44,637 - INFO - Prepared sim number: 87: RAYPy_Simulation_bessy2lo_56m_PGM_2Perc_coupling_errors_on_RP/round_0/87_bessy2lo_56m_PGM_2Perc_coupling_errors_on_RP.rml
2025-02-08 00:55:44,647 - INFO - Prepared sim number: 88: RAYPy_Simulation_bessy2lo_56m_PGM_2Perc_coupling_errors_on_RP/round_0/88_bessy2lo_56m_PGM_2Perc_coupling_errors_on_RP.rml
2025-02-08 00:55:44,658 - INFO - Prepared sim number: 89: RAYPy_Simulation_bessy2lo_56m_PGM_2Perc_coupling_errors_on_RP/round_0/89_bessy2lo_56m_PGM_2Perc_coupling_errors_on_RP.rml
2025-02-08 00:55:44,669 - INFO - Prepared sim number: 90: RAYPy_Simulation_bessy2lo_56m_PGM_2Perc_coupling_errors_on_RP/round_0/90_bessy2lo_56m_PGM_2Perc_coupling_errors_on_RP.rml
2025-02-08 00:55:44,679 - INFO - Prepared sim number: 91: RAYPy_Simulation_bessy2lo_56m_PGM_2Perc_coupling_errors_on_RP/round_0/91_bessy2lo_56m_PGM_2Perc_coupling_errors_on_RP.rml
2025-02-08 00:55:44,690 - INFO - Prepared sim number: 92: RAYPy_Simulation_bessy2lo_56m_PGM_2Perc_coupling_errors_on_RP/round_0/92_bessy2lo_56m_PGM_2Perc_coupling_errors_on_RP.rml
2025-02-08 00:55:44,701 - INFO - Prepared sim number: 93: RAYPy_Simulation_bessy2lo_56m_PGM_2Perc_coupling_errors_on_RP/round_0/93_bessy2lo_56m_PGM_2Perc_coupling_errors_on_RP.rml
2025-02-08 00:55:44,712 - INFO - Prepared sim number: 94: RAYPy_Simulation_bessy2lo_56m_PGM_2Perc_coupling_errors_on_RP/round_0/94_bessy2lo_56m_PGM_2Perc_coupling_errors_on_RP.rml
2025-02-08 00:55:44,723 - INFO - Prepared sim number: 95: RAYPy_Simulation_bessy2lo_56m_PGM_2Perc_coupling_errors_on_RP/round_0/95_bessy2lo_56m_PGM_2Perc_coupling_errors_on_RP.rml
2025-02-08 00:55:44,735 - INFO - Prepared sim number: 96: RAYPy_Simulation_bessy2lo_56m_PGM_2Perc_coupling_errors_on_RP/round_0/96_bessy2lo_56m_PGM_2Perc_coupling_errors_on_RP.rml
2025-02-08 00:55:44,747 - INFO - Prepared sim number: 97: RAYPy_Simulation_bessy2lo_56m_PGM_2Perc_coupling_errors_on_RP/round_0/97_bessy2lo_56m_PGM_2Perc_coupling_errors_on_RP.rml
2025-02-08 00:55:44,759 - INFO - Prepared sim number: 98: RAYPy_Simulation_bessy2lo_56m_PGM_2Perc_coupling_errors_on_RP/round_0/98_bessy2lo_56m_PGM_2Perc_coupling_errors_on_RP.rml
2025-02-08 00:55:44,771 - INFO - Prepared sim number: 99: RAYPy_Simulation_bessy2lo_56m_PGM_2Perc_coupling_errors_on_RP/round_0/99_bessy2lo_56m_PGM_2Perc_coupling_errors_on_RP.rml
2025-02-08 00:55:44,780 - INFO - Prepared sim number: 100: RAYPy_Simulation_bessy2lo_56m_PGM_2Perc_coupling_errors_on_RP/round_0/100_bessy2lo_56m_PGM_2Perc_coupling_errors_on_RP.rml
2025-02-08 00:55:44,787 - INFO - Prepared sim number: 101: RAYPy_Simulation_bessy2lo_56m_PGM_2Perc_coupling_errors_on_RP/round_0/101_bessy2lo_56m_PGM_2Perc_coupling_errors_on_RP.rml
2025-02-08 00:55:44,796 - INFO - Prepared sim number: 102: RAYPy_Simulation_bessy2lo_56m_PGM_2Perc_coupling_errors_on_RP/round_0/102_bessy2lo_56m_PGM_2Perc_coupling_errors_on_RP.rml
2025-02-08 00:55:44,804 - INFO - Prepared sim number: 103: RAYPy_Simulation_bessy2lo_56m_PGM_2Perc_coupling_errors_on_RP/round_0/103_bessy2lo_56m_PGM_2Perc_coupling_errors_on_RP.rml
2025-02-08 00:55:44,811 - INFO - Prepared sim number: 104: RAYPy_Simulation_bessy2lo_56m_PGM_2Perc_coupling_errors_on_RP/round_0/104_bessy2lo_56m_PGM_2Perc_coupling_errors_on_RP.rml
2025-02-08 00:55:44,819 - INFO - Prepared sim number: 105: RAYPy_Simulation_bessy2lo_56m_PGM_2Perc_coupling_errors_on_RP/round_0/105_bessy2lo_56m_PGM_2Perc_coupling_errors_on_RP.rml
2025-02-08 00:55:44,827 - INFO - Prepared sim number: 106: RAYPy_Simulation_bessy2lo_56m_PGM_2Perc_coupling_errors_on_RP/round_0/106_bessy2lo_56m_PGM_2Perc_coupling_errors_on_RP.rml
2025-02-08 00:55:44,835 - INFO - Prepared sim number: 107: RAYPy_Simulation_bessy2lo_56m_PGM_2Perc_coupling_errors_on_RP/round_0/107_bessy2lo_56m_PGM_2Perc_coupling_errors_on_RP.rml
2025-02-08 00:55:44,843 - INFO - Prepared sim number: 108: RAYPy_Simulation_bessy2lo_56m_PGM_2Perc_coupling_errors_on_RP/round_0/108_bessy2lo_56m_PGM_2Perc_coupling_errors_on_RP.rml
2025-02-08 00:55:44,851 - INFO - Prepared sim number: 109: RAYPy_Simulation_bessy2lo_56m_PGM_2Perc_coupling_errors_on_RP/round_0/109_bessy2lo_56m_PGM_2Perc_coupling_errors_on_RP.rml
2025-02-08 00:55:44,859 - INFO - Prepared sim number: 110: RAYPy_Simulation_bessy2lo_56m_PGM_2Perc_coupling_errors_on_RP/round_0/110_bessy2lo_56m_PGM_2Perc_coupling_errors_on_RP.rml
2025-02-08 00:55:44,867 - INFO - Prepared sim number: 111: RAYPy_Simulation_bessy2lo_56m_PGM_2Perc_coupling_errors_on_RP/round_0/111_bessy2lo_56m_PGM_2Perc_coupling_errors_on_RP.rml
2025-02-08 00:55:44,874 - INFO - Prepared sim number: 112: RAYPy_Simulation_bessy2lo_56m_PGM_2Perc_coupling_errors_on_RP/round_0/112_bessy2lo_56m_PGM_2Perc_coupling_errors_on_RP.rml
2025-02-08 00:55:44,882 - INFO - Prepared sim number: 113: RAYPy_Simulation_bessy2lo_56m_PGM_2Perc_coupling_errors_on_RP/round_0/113_bessy2lo_56m_PGM_2Perc_coupling_errors_on_RP.rml
2025-02-08 00:55:44,889 - INFO - Prepared sim number: 114: RAYPy_Simulation_bessy2lo_56m_PGM_2Perc_coupling_errors_on_RP/round_0/114_bessy2lo_56m_PGM_2Perc_coupling_errors_on_RP.rml
2025-02-08 00:55:44,898 - INFO - Prepared sim number: 115: RAYPy_Simulation_bessy2lo_56m_PGM_2Perc_coupling_errors_on_RP/round_0/115_bessy2lo_56m_PGM_2Perc_coupling_errors_on_RP.rml
2025-02-08 00:55:44,906 - INFO - Prepared sim number: 116: RAYPy_Simulation_bessy2lo_56m_PGM_2Perc_coupling_errors_on_RP/round_0/116_bessy2lo_56m_PGM_2Perc_coupling_errors_on_RP.rml
2025-02-08 00:55:44,914 - INFO - Prepared sim number: 117: RAYPy_Simulation_bessy2lo_56m_PGM_2Perc_coupling_errors_on_RP/round_0/117_bessy2lo_56m_PGM_2Perc_coupling_errors_on_RP.rml
2025-02-08 00:55:44,922 - INFO - Prepared sim number: 118: RAYPy_Simulation_bessy2lo_56m_PGM_2Perc_coupling_errors_on_RP/round_0/118_bessy2lo_56m_PGM_2Perc_coupling_errors_on_RP.rml
2025-02-08 00:55:44,930 - INFO - Prepared sim number: 119: RAYPy_Simulation_bessy2lo_56m_PGM_2Perc_coupling_errors_on_RP/round_0/119_bessy2lo_56m_PGM_2Perc_coupling_errors_on_RP.rml
2025-02-08 00:55:44,930 - INFO - Waiting for batch number: 1, timeout: 22.180550813674927s
2025-02-08 00:55:47,174 - INFO - Completed: 1, remaining: 59, RAYPy_Simulation_bessy2lo_56m_PGM_2Perc_coupling_errors_on_RP/round_0/61_bessy2lo_56m_PGM_2Perc_coupling_errors_on_RP.rml
2025-02-08 00:55:47,399 - INFO - Completed: 2, remaining: 58, RAYPy_Simulation_bessy2lo_56m_PGM_2Perc_coupling_errors_on_RP/round_0/68_bessy2lo_56m_PGM_2Perc_coupling_errors_on_RP.rml
2025-02-08 00:55:47,456 - INFO - Completed: 3, remaining: 57, RAYPy_Simulation_bessy2lo_56m_PGM_2Perc_coupling_errors_on_RP/round_0/67_bessy2lo_56m_PGM_2Perc_coupling_errors_on_RP.rml
2025-02-08 00:55:47,544 - INFO - Completed: 4, remaining: 56, RAYPy_Simulation_bessy2lo_56m_PGM_2Perc_coupling_errors_on_RP/round_0/70_bessy2lo_56m_PGM_2Perc_coupling_errors_on_RP.rml
2025-02-08 00:55:47,546 - INFO - Completed: 5, remaining: 55, RAYPy_Simulation_bessy2lo_56m_PGM_2Perc_coupling_errors_on_RP/round_0/63_bessy2lo_56m_PGM_2Perc_coupling_errors_on_RP.rml
2025-02-08 00:55:48,036 - INFO - Completed: 6, remaining: 54, RAYPy_Simulation_bessy2lo_56m_PGM_2Perc_coupling_errors_on_RP/round_0/71_bessy2lo_56m_PGM_2Perc_coupling_errors_on_RP.rml
2025-02-08 00:55:50,190 - INFO - Completed: 7, remaining: 53, RAYPy_Simulation_bessy2lo_56m_PGM_2Perc_coupling_errors_on_RP/round_0/62_bessy2lo_56m_PGM_2Perc_coupling_errors_on_RP.rml
2025-02-08 00:55:50,366 - INFO - Completed: 8, remaining: 52, RAYPy_Simulation_bessy2lo_56m_PGM_2Perc_coupling_errors_on_RP/round_0/60_bessy2lo_56m_PGM_2Perc_coupling_errors_on_RP.rml
2025-02-08 00:55:50,388 - INFO - Completed: 9, remaining: 51, RAYPy_Simulation_bessy2lo_56m_PGM_2Perc_coupling_errors_on_RP/round_0/66_bessy2lo_56m_PGM_2Perc_coupling_errors_on_RP.rml
2025-02-08 00:55:50,489 - INFO - Completed: 10, remaining: 50, RAYPy_Simulation_bessy2lo_56m_PGM_2Perc_coupling_errors_on_RP/round_0/69_bessy2lo_56m_PGM_2Perc_coupling_errors_on_RP.rml
2025-02-08 00:55:50,917 - INFO - Completed: 11, remaining: 49, RAYPy_Simulation_bessy2lo_56m_PGM_2Perc_coupling_errors_on_RP/round_0/72_bessy2lo_56m_PGM_2Perc_coupling_errors_on_RP.rml
2025-02-08 00:55:50,962 - INFO - Completed: 12, remaining: 48, RAYPy_Simulation_bessy2lo_56m_PGM_2Perc_coupling_errors_on_RP/round_0/73_bessy2lo_56m_PGM_2Perc_coupling_errors_on_RP.rml
2025-02-08 00:55:51,063 - INFO - Completed: 13, remaining: 47, RAYPy_Simulation_bessy2lo_56m_PGM_2Perc_coupling_errors_on_RP/round_0/76_bessy2lo_56m_PGM_2Perc_coupling_errors_on_RP.rml
2025-02-08 00:55:51,124 - INFO - Completed: 14, remaining: 46, RAYPy_Simulation_bessy2lo_56m_PGM_2Perc_coupling_errors_on_RP/round_0/75_bessy2lo_56m_PGM_2Perc_coupling_errors_on_RP.rml
2025-02-08 00:55:51,256 - INFO - Completed: 15, remaining: 45, RAYPy_Simulation_bessy2lo_56m_PGM_2Perc_coupling_errors_on_RP/round_0/65_bessy2lo_56m_PGM_2Perc_coupling_errors_on_RP.rml
2025-02-08 00:55:51,366 - INFO - Completed: 16, remaining: 44, RAYPy_Simulation_bessy2lo_56m_PGM_2Perc_coupling_errors_on_RP/round_0/74_bessy2lo_56m_PGM_2Perc_coupling_errors_on_RP.rml
2025-02-08 00:55:51,546 - INFO - Completed: 17, remaining: 43, RAYPy_Simulation_bessy2lo_56m_PGM_2Perc_coupling_errors_on_RP/round_0/77_bessy2lo_56m_PGM_2Perc_coupling_errors_on_RP.rml
2025-02-08 00:55:52,581 - INFO - Completed: 18, remaining: 42, RAYPy_Simulation_bessy2lo_56m_PGM_2Perc_coupling_errors_on_RP/round_0/64_bessy2lo_56m_PGM_2Perc_coupling_errors_on_RP.rml
2025-02-08 00:55:54,115 - INFO - Completed: 19, remaining: 41, RAYPy_Simulation_bessy2lo_56m_PGM_2Perc_coupling_errors_on_RP/round_0/81_bessy2lo_56m_PGM_2Perc_coupling_errors_on_RP.rml
2025-02-08 00:55:54,126 - INFO - Completed: 20, remaining: 40, RAYPy_Simulation_bessy2lo_56m_PGM_2Perc_coupling_errors_on_RP/round_0/79_bessy2lo_56m_PGM_2Perc_coupling_errors_on_RP.rml
2025-02-08 00:55:54,154 - INFO - Completed: 21, remaining: 39, RAYPy_Simulation_bessy2lo_56m_PGM_2Perc_coupling_errors_on_RP/round_0/80_bessy2lo_56m_PGM_2Perc_coupling_errors_on_RP.rml
2025-02-08 00:55:54,368 - INFO - Completed: 22, remaining: 38, RAYPy_Simulation_bessy2lo_56m_PGM_2Perc_coupling_errors_on_RP/round_0/83_bessy2lo_56m_PGM_2Perc_coupling_errors_on_RP.rml
2025-02-08 00:55:54,540 - INFO - Completed: 23, remaining: 37, RAYPy_Simulation_bessy2lo_56m_PGM_2Perc_coupling_errors_on_RP/round_0/85_bessy2lo_56m_PGM_2Perc_coupling_errors_on_RP.rml
2025-02-08 00:55:54,628 - INFO - Completed: 24, remaining: 36, RAYPy_Simulation_bessy2lo_56m_PGM_2Perc_coupling_errors_on_RP/round_0/84_bessy2lo_56m_PGM_2Perc_coupling_errors_on_RP.rml
2025-02-08 00:55:54,668 - INFO - Completed: 25, remaining: 35, RAYPy_Simulation_bessy2lo_56m_PGM_2Perc_coupling_errors_on_RP/round_0/82_bessy2lo_56m_PGM_2Perc_coupling_errors_on_RP.rml
2025-02-08 00:55:54,842 - INFO - Completed: 26, remaining: 34, RAYPy_Simulation_bessy2lo_56m_PGM_2Perc_coupling_errors_on_RP/round_0/87_bessy2lo_56m_PGM_2Perc_coupling_errors_on_RP.rml
2025-02-08 00:55:54,872 - INFO - Completed: 27, remaining: 33, RAYPy_Simulation_bessy2lo_56m_PGM_2Perc_coupling_errors_on_RP/round_0/86_bessy2lo_56m_PGM_2Perc_coupling_errors_on_RP.rml
2025-02-08 00:55:54,976 - INFO - Completed: 28, remaining: 32, RAYPy_Simulation_bessy2lo_56m_PGM_2Perc_coupling_errors_on_RP/round_0/88_bessy2lo_56m_PGM_2Perc_coupling_errors_on_RP.rml
2025-02-08 00:55:55,041 - INFO - Completed: 29, remaining: 31, RAYPy_Simulation_bessy2lo_56m_PGM_2Perc_coupling_errors_on_RP/round_0/78_bessy2lo_56m_PGM_2Perc_coupling_errors_on_RP.rml
2025-02-08 00:55:56,347 - INFO - Completed: 30, remaining: 30, RAYPy_Simulation_bessy2lo_56m_PGM_2Perc_coupling_errors_on_RP/round_0/89_bessy2lo_56m_PGM_2Perc_coupling_errors_on_RP.rml
2025-02-08 00:55:57,598 - INFO - Completed: 31, remaining: 29, RAYPy_Simulation_bessy2lo_56m_PGM_2Perc_coupling_errors_on_RP/round_0/90_bessy2lo_56m_PGM_2Perc_coupling_errors_on_RP.rml
2025-02-08 00:55:57,683 - INFO - Completed: 32, remaining: 28, RAYPy_Simulation_bessy2lo_56m_PGM_2Perc_coupling_errors_on_RP/round_0/92_bessy2lo_56m_PGM_2Perc_coupling_errors_on_RP.rml
2025-02-08 00:55:57,711 - INFO - Completed: 33, remaining: 27, RAYPy_Simulation_bessy2lo_56m_PGM_2Perc_coupling_errors_on_RP/round_0/91_bessy2lo_56m_PGM_2Perc_coupling_errors_on_RP.rml
2025-02-08 00:55:57,771 - INFO - Completed: 34, remaining: 26, RAYPy_Simulation_bessy2lo_56m_PGM_2Perc_coupling_errors_on_RP/round_0/93_bessy2lo_56m_PGM_2Perc_coupling_errors_on_RP.rml
2025-02-08 00:55:57,934 - INFO - Completed: 35, remaining: 25, RAYPy_Simulation_bessy2lo_56m_PGM_2Perc_coupling_errors_on_RP/round_0/94_bessy2lo_56m_PGM_2Perc_coupling_errors_on_RP.rml
2025-02-08 00:55:58,084 - INFO - Completed: 36, remaining: 24, RAYPy_Simulation_bessy2lo_56m_PGM_2Perc_coupling_errors_on_RP/round_0/95_bessy2lo_56m_PGM_2Perc_coupling_errors_on_RP.rml
2025-02-08 00:55:58,152 - INFO - Completed: 37, remaining: 23, RAYPy_Simulation_bessy2lo_56m_PGM_2Perc_coupling_errors_on_RP/round_0/97_bessy2lo_56m_PGM_2Perc_coupling_errors_on_RP.rml
2025-02-08 00:55:58,283 - INFO - Completed: 38, remaining: 22, RAYPy_Simulation_bessy2lo_56m_PGM_2Perc_coupling_errors_on_RP/round_0/98_bessy2lo_56m_PGM_2Perc_coupling_errors_on_RP.rml
2025-02-08 00:55:58,483 - INFO - Completed: 39, remaining: 21, RAYPy_Simulation_bessy2lo_56m_PGM_2Perc_coupling_errors_on_RP/round_0/99_bessy2lo_56m_PGM_2Perc_coupling_errors_on_RP.rml
2025-02-08 00:55:58,516 - INFO - Completed: 40, remaining: 20, RAYPy_Simulation_bessy2lo_56m_PGM_2Perc_coupling_errors_on_RP/round_0/100_bessy2lo_56m_PGM_2Perc_coupling_errors_on_RP.rml
2025-02-08 00:55:59,036 - INFO - Completed: 41, remaining: 19, RAYPy_Simulation_bessy2lo_56m_PGM_2Perc_coupling_errors_on_RP/round_0/96_bessy2lo_56m_PGM_2Perc_coupling_errors_on_RP.rml
2025-02-08 00:55:59,639 - INFO - Completed: 42, remaining: 18, RAYPy_Simulation_bessy2lo_56m_PGM_2Perc_coupling_errors_on_RP/round_0/101_bessy2lo_56m_PGM_2Perc_coupling_errors_on_RP.rml
2025-02-08 00:56:00,864 - INFO - Completed: 43, remaining: 17, RAYPy_Simulation_bessy2lo_56m_PGM_2Perc_coupling_errors_on_RP/round_0/104_bessy2lo_56m_PGM_2Perc_coupling_errors_on_RP.rml
2025-02-08 00:56:01,078 - INFO - Completed: 44, remaining: 16, RAYPy_Simulation_bessy2lo_56m_PGM_2Perc_coupling_errors_on_RP/round_0/102_bessy2lo_56m_PGM_2Perc_coupling_errors_on_RP.rml
2025-02-08 00:56:01,183 - INFO - Completed: 45, remaining: 15, RAYPy_Simulation_bessy2lo_56m_PGM_2Perc_coupling_errors_on_RP/round_0/103_bessy2lo_56m_PGM_2Perc_coupling_errors_on_RP.rml
2025-02-08 00:56:01,199 - INFO - Completed: 46, remaining: 14, RAYPy_Simulation_bessy2lo_56m_PGM_2Perc_coupling_errors_on_RP/round_0/105_bessy2lo_56m_PGM_2Perc_coupling_errors_on_RP.rml
2025-02-08 00:56:01,265 - INFO - Completed: 47, remaining: 13, RAYPy_Simulation_bessy2lo_56m_PGM_2Perc_coupling_errors_on_RP/round_0/106_bessy2lo_56m_PGM_2Perc_coupling_errors_on_RP.rml
2025-02-08 00:56:01,333 - INFO - Completed: 48, remaining: 12, RAYPy_Simulation_bessy2lo_56m_PGM_2Perc_coupling_errors_on_RP/round_0/108_bessy2lo_56m_PGM_2Perc_coupling_errors_on_RP.rml
2025-02-08 00:56:01,620 - INFO - Completed: 49, remaining: 11, RAYPy_Simulation_bessy2lo_56m_PGM_2Perc_coupling_errors_on_RP/round_0/107_bessy2lo_56m_PGM_2Perc_coupling_errors_on_RP.rml
2025-02-08 00:56:01,686 - INFO - Completed: 50, remaining: 10, RAYPy_Simulation_bessy2lo_56m_PGM_2Perc_coupling_errors_on_RP/round_0/109_bessy2lo_56m_PGM_2Perc_coupling_errors_on_RP.rml
2025-02-08 00:56:01,773 - INFO - Completed: 51, remaining: 9, RAYPy_Simulation_bessy2lo_56m_PGM_2Perc_coupling_errors_on_RP/round_0/110_bessy2lo_56m_PGM_2Perc_coupling_errors_on_RP.rml
2025-02-08 00:56:01,816 - INFO - Completed: 52, remaining: 8, RAYPy_Simulation_bessy2lo_56m_PGM_2Perc_coupling_errors_on_RP/round_0/111_bessy2lo_56m_PGM_2Perc_coupling_errors_on_RP.rml
2025-02-08 00:56:02,120 - INFO - Completed: 53, remaining: 7, RAYPy_Simulation_bessy2lo_56m_PGM_2Perc_coupling_errors_on_RP/round_0/112_bessy2lo_56m_PGM_2Perc_coupling_errors_on_RP.rml
2025-02-08 00:56:02,763 - INFO - Completed: 54, remaining: 6, RAYPy_Simulation_bessy2lo_56m_PGM_2Perc_coupling_errors_on_RP/round_0/113_bessy2lo_56m_PGM_2Perc_coupling_errors_on_RP.rml
2025-02-08 00:56:03,501 - INFO - Completed: 55, remaining: 5, RAYPy_Simulation_bessy2lo_56m_PGM_2Perc_coupling_errors_on_RP/round_0/114_bessy2lo_56m_PGM_2Perc_coupling_errors_on_RP.rml
2025-02-08 00:56:03,605 - INFO - Completed: 56, remaining: 4, RAYPy_Simulation_bessy2lo_56m_PGM_2Perc_coupling_errors_on_RP/round_0/117_bessy2lo_56m_PGM_2Perc_coupling_errors_on_RP.rml
2025-02-08 00:56:03,761 - INFO - Completed: 57, remaining: 3, RAYPy_Simulation_bessy2lo_56m_PGM_2Perc_coupling_errors_on_RP/round_0/116_bessy2lo_56m_PGM_2Perc_coupling_errors_on_RP.rml
2025-02-08 00:56:03,794 - INFO - Completed: 58, remaining: 2, RAYPy_Simulation_bessy2lo_56m_PGM_2Perc_coupling_errors_on_RP/round_0/118_bessy2lo_56m_PGM_2Perc_coupling_errors_on_RP.rml
2025-02-08 00:56:03,848 - INFO - Completed: 59, remaining: 1, RAYPy_Simulation_bessy2lo_56m_PGM_2Perc_coupling_errors_on_RP/round_0/119_bessy2lo_56m_PGM_2Perc_coupling_errors_on_RP.rml
2025-02-08 00:56:03,865 - INFO - Completed: 60, remaining: 0, RAYPy_Simulation_bessy2lo_56m_PGM_2Perc_coupling_errors_on_RP/round_0/115_bessy2lo_56m_PGM_2Perc_coupling_errors_on_RP.rml
2025-02-08 00:56:03,865 - INFO - Batch Completed
2025-02-08 00:56:03,866 - INFO - Waiting For batch, 60 simulations to go
2025-02-08 00:56:03,875 - INFO - Prepared sim number: 120: RAYPy_Simulation_bessy2lo_56m_PGM_2Perc_coupling_errors_on_RP/round_0/120_bessy2lo_56m_PGM_2Perc_coupling_errors_on_RP.rml
2025-02-08 00:56:03,890 - INFO - Prepared sim number: 121: RAYPy_Simulation_bessy2lo_56m_PGM_2Perc_coupling_errors_on_RP/round_0/121_bessy2lo_56m_PGM_2Perc_coupling_errors_on_RP.rml
2025-02-08 00:56:03,898 - INFO - Prepared sim number: 122: RAYPy_Simulation_bessy2lo_56m_PGM_2Perc_coupling_errors_on_RP/round_0/122_bessy2lo_56m_PGM_2Perc_coupling_errors_on_RP.rml
2025-02-08 00:56:03,898 - INFO - Start round 1
2025-02-08 00:56:03,903 - INFO - Prepared sim number: 0: RAYPy_Simulation_bessy2lo_56m_PGM_2Perc_coupling_errors_on_RP/round_1/0_bessy2lo_56m_PGM_2Perc_coupling_errors_on_RP.rml
2025-02-08 00:56:03,907 - INFO - Prepared sim number: 1: RAYPy_Simulation_bessy2lo_56m_PGM_2Perc_coupling_errors_on_RP/round_1/1_bessy2lo_56m_PGM_2Perc_coupling_errors_on_RP.rml
2025-02-08 00:56:03,911 - INFO - Prepared sim number: 2: RAYPy_Simulation_bessy2lo_56m_PGM_2Perc_coupling_errors_on_RP/round_1/2_bessy2lo_56m_PGM_2Perc_coupling_errors_on_RP.rml
2025-02-08 00:56:03,918 - INFO - Prepared sim number: 3: RAYPy_Simulation_bessy2lo_56m_PGM_2Perc_coupling_errors_on_RP/round_1/3_bessy2lo_56m_PGM_2Perc_coupling_errors_on_RP.rml
2025-02-08 00:56:03,923 - INFO - Prepared sim number: 4: RAYPy_Simulation_bessy2lo_56m_PGM_2Perc_coupling_errors_on_RP/round_1/4_bessy2lo_56m_PGM_2Perc_coupling_errors_on_RP.rml
2025-02-08 00:56:03,927 - INFO - Prepared sim number: 5: RAYPy_Simulation_bessy2lo_56m_PGM_2Perc_coupling_errors_on_RP/round_1/5_bessy2lo_56m_PGM_2Perc_coupling_errors_on_RP.rml
2025-02-08 00:56:03,931 - INFO - Prepared sim number: 6: RAYPy_Simulation_bessy2lo_56m_PGM_2Perc_coupling_errors_on_RP/round_1/6_bessy2lo_56m_PGM_2Perc_coupling_errors_on_RP.rml
2025-02-08 00:56:03,934 - INFO - Prepared sim number: 7: RAYPy_Simulation_bessy2lo_56m_PGM_2Perc_coupling_errors_on_RP/round_1/7_bessy2lo_56m_PGM_2Perc_coupling_errors_on_RP.rml
2025-02-08 00:56:03,939 - INFO - Prepared sim number: 8: RAYPy_Simulation_bessy2lo_56m_PGM_2Perc_coupling_errors_on_RP/round_1/8_bessy2lo_56m_PGM_2Perc_coupling_errors_on_RP.rml
2025-02-08 00:56:03,943 - INFO - Prepared sim number: 9: RAYPy_Simulation_bessy2lo_56m_PGM_2Perc_coupling_errors_on_RP/round_1/9_bessy2lo_56m_PGM_2Perc_coupling_errors_on_RP.rml
2025-02-08 00:56:03,946 - INFO - Prepared sim number: 10: RAYPy_Simulation_bessy2lo_56m_PGM_2Perc_coupling_errors_on_RP/round_1/10_bessy2lo_56m_PGM_2Perc_coupling_errors_on_RP.rml
2025-02-08 00:56:03,950 - INFO - Prepared sim number: 11: RAYPy_Simulation_bessy2lo_56m_PGM_2Perc_coupling_errors_on_RP/round_1/11_bessy2lo_56m_PGM_2Perc_coupling_errors_on_RP.rml
2025-02-08 00:56:03,954 - INFO - Prepared sim number: 12: RAYPy_Simulation_bessy2lo_56m_PGM_2Perc_coupling_errors_on_RP/round_1/12_bessy2lo_56m_PGM_2Perc_coupling_errors_on_RP.rml
2025-02-08 00:56:03,957 - INFO - Prepared sim number: 13: RAYPy_Simulation_bessy2lo_56m_PGM_2Perc_coupling_errors_on_RP/round_1/13_bessy2lo_56m_PGM_2Perc_coupling_errors_on_RP.rml
2025-02-08 00:56:03,960 - INFO - Prepared sim number: 14: RAYPy_Simulation_bessy2lo_56m_PGM_2Perc_coupling_errors_on_RP/round_1/14_bessy2lo_56m_PGM_2Perc_coupling_errors_on_RP.rml
2025-02-08 00:56:03,964 - INFO - Prepared sim number: 15: RAYPy_Simulation_bessy2lo_56m_PGM_2Perc_coupling_errors_on_RP/round_1/15_bessy2lo_56m_PGM_2Perc_coupling_errors_on_RP.rml
2025-02-08 00:56:03,967 - INFO - Prepared sim number: 16: RAYPy_Simulation_bessy2lo_56m_PGM_2Perc_coupling_errors_on_RP/round_1/16_bessy2lo_56m_PGM_2Perc_coupling_errors_on_RP.rml
2025-02-08 00:56:03,970 - INFO - Prepared sim number: 17: RAYPy_Simulation_bessy2lo_56m_PGM_2Perc_coupling_errors_on_RP/round_1/17_bessy2lo_56m_PGM_2Perc_coupling_errors_on_RP.rml
2025-02-08 00:56:03,973 - INFO - Prepared sim number: 18: RAYPy_Simulation_bessy2lo_56m_PGM_2Perc_coupling_errors_on_RP/round_1/18_bessy2lo_56m_PGM_2Perc_coupling_errors_on_RP.rml
2025-02-08 00:56:03,977 - INFO - Prepared sim number: 19: RAYPy_Simulation_bessy2lo_56m_PGM_2Perc_coupling_errors_on_RP/round_1/19_bessy2lo_56m_PGM_2Perc_coupling_errors_on_RP.rml
2025-02-08 00:56:03,982 - INFO - Prepared sim number: 20: RAYPy_Simulation_bessy2lo_56m_PGM_2Perc_coupling_errors_on_RP/round_1/20_bessy2lo_56m_PGM_2Perc_coupling_errors_on_RP.rml
2025-02-08 00:56:03,988 - INFO - Prepared sim number: 21: RAYPy_Simulation_bessy2lo_56m_PGM_2Perc_coupling_errors_on_RP/round_1/21_bessy2lo_56m_PGM_2Perc_coupling_errors_on_RP.rml
2025-02-08 00:56:03,993 - INFO - Prepared sim number: 22: RAYPy_Simulation_bessy2lo_56m_PGM_2Perc_coupling_errors_on_RP/round_1/22_bessy2lo_56m_PGM_2Perc_coupling_errors_on_RP.rml
2025-02-08 00:56:03,998 - INFO - Prepared sim number: 23: RAYPy_Simulation_bessy2lo_56m_PGM_2Perc_coupling_errors_on_RP/round_1/23_bessy2lo_56m_PGM_2Perc_coupling_errors_on_RP.rml
2025-02-08 00:56:04,003 - INFO - Prepared sim number: 24: RAYPy_Simulation_bessy2lo_56m_PGM_2Perc_coupling_errors_on_RP/round_1/24_bessy2lo_56m_PGM_2Perc_coupling_errors_on_RP.rml
2025-02-08 00:56:04,008 - INFO - Prepared sim number: 25: RAYPy_Simulation_bessy2lo_56m_PGM_2Perc_coupling_errors_on_RP/round_1/25_bessy2lo_56m_PGM_2Perc_coupling_errors_on_RP.rml
2025-02-08 00:56:04,013 - INFO - Prepared sim number: 26: RAYPy_Simulation_bessy2lo_56m_PGM_2Perc_coupling_errors_on_RP/round_1/26_bessy2lo_56m_PGM_2Perc_coupling_errors_on_RP.rml
2025-02-08 00:56:04,018 - INFO - Prepared sim number: 27: RAYPy_Simulation_bessy2lo_56m_PGM_2Perc_coupling_errors_on_RP/round_1/27_bessy2lo_56m_PGM_2Perc_coupling_errors_on_RP.rml
2025-02-08 00:56:04,023 - INFO - Prepared sim number: 28: RAYPy_Simulation_bessy2lo_56m_PGM_2Perc_coupling_errors_on_RP/round_1/28_bessy2lo_56m_PGM_2Perc_coupling_errors_on_RP.rml
2025-02-08 00:56:04,028 - INFO - Prepared sim number: 29: RAYPy_Simulation_bessy2lo_56m_PGM_2Perc_coupling_errors_on_RP/round_1/29_bessy2lo_56m_PGM_2Perc_coupling_errors_on_RP.rml
2025-02-08 00:56:04,033 - INFO - Prepared sim number: 30: RAYPy_Simulation_bessy2lo_56m_PGM_2Perc_coupling_errors_on_RP/round_1/30_bessy2lo_56m_PGM_2Perc_coupling_errors_on_RP.rml
2025-02-08 00:56:04,037 - INFO - Prepared sim number: 31: RAYPy_Simulation_bessy2lo_56m_PGM_2Perc_coupling_errors_on_RP/round_1/31_bessy2lo_56m_PGM_2Perc_coupling_errors_on_RP.rml
2025-02-08 00:56:04,042 - INFO - Prepared sim number: 32: RAYPy_Simulation_bessy2lo_56m_PGM_2Perc_coupling_errors_on_RP/round_1/32_bessy2lo_56m_PGM_2Perc_coupling_errors_on_RP.rml
2025-02-08 00:56:04,047 - INFO - Prepared sim number: 33: RAYPy_Simulation_bessy2lo_56m_PGM_2Perc_coupling_errors_on_RP/round_1/33_bessy2lo_56m_PGM_2Perc_coupling_errors_on_RP.rml
2025-02-08 00:56:04,053 - INFO - Prepared sim number: 34: RAYPy_Simulation_bessy2lo_56m_PGM_2Perc_coupling_errors_on_RP/round_1/34_bessy2lo_56m_PGM_2Perc_coupling_errors_on_RP.rml
2025-02-08 00:56:04,058 - INFO - Prepared sim number: 35: RAYPy_Simulation_bessy2lo_56m_PGM_2Perc_coupling_errors_on_RP/round_1/35_bessy2lo_56m_PGM_2Perc_coupling_errors_on_RP.rml
2025-02-08 00:56:04,063 - INFO - Prepared sim number: 36: RAYPy_Simulation_bessy2lo_56m_PGM_2Perc_coupling_errors_on_RP/round_1/36_bessy2lo_56m_PGM_2Perc_coupling_errors_on_RP.rml
2025-02-08 00:56:04,068 - INFO - Prepared sim number: 37: RAYPy_Simulation_bessy2lo_56m_PGM_2Perc_coupling_errors_on_RP/round_1/37_bessy2lo_56m_PGM_2Perc_coupling_errors_on_RP.rml
2025-02-08 00:56:04,073 - INFO - Prepared sim number: 38: RAYPy_Simulation_bessy2lo_56m_PGM_2Perc_coupling_errors_on_RP/round_1/38_bessy2lo_56m_PGM_2Perc_coupling_errors_on_RP.rml
2025-02-08 00:56:04,077 - INFO - Prepared sim number: 39: RAYPy_Simulation_bessy2lo_56m_PGM_2Perc_coupling_errors_on_RP/round_1/39_bessy2lo_56m_PGM_2Perc_coupling_errors_on_RP.rml
2025-02-08 00:56:04,083 - INFO - Prepared sim number: 40: RAYPy_Simulation_bessy2lo_56m_PGM_2Perc_coupling_errors_on_RP/round_1/40_bessy2lo_56m_PGM_2Perc_coupling_errors_on_RP.rml
2025-02-08 00:56:04,088 - INFO - Prepared sim number: 41: RAYPy_Simulation_bessy2lo_56m_PGM_2Perc_coupling_errors_on_RP/round_1/41_bessy2lo_56m_PGM_2Perc_coupling_errors_on_RP.rml
2025-02-08 00:56:04,093 - INFO - Prepared sim number: 42: RAYPy_Simulation_bessy2lo_56m_PGM_2Perc_coupling_errors_on_RP/round_1/42_bessy2lo_56m_PGM_2Perc_coupling_errors_on_RP.rml
2025-02-08 00:56:04,098 - INFO - Prepared sim number: 43: RAYPy_Simulation_bessy2lo_56m_PGM_2Perc_coupling_errors_on_RP/round_1/43_bessy2lo_56m_PGM_2Perc_coupling_errors_on_RP.rml
2025-02-08 00:56:04,103 - INFO - Prepared sim number: 44: RAYPy_Simulation_bessy2lo_56m_PGM_2Perc_coupling_errors_on_RP/round_1/44_bessy2lo_56m_PGM_2Perc_coupling_errors_on_RP.rml
2025-02-08 00:56:04,108 - INFO - Prepared sim number: 45: RAYPy_Simulation_bessy2lo_56m_PGM_2Perc_coupling_errors_on_RP/round_1/45_bessy2lo_56m_PGM_2Perc_coupling_errors_on_RP.rml
2025-02-08 00:56:04,113 - INFO - Prepared sim number: 46: RAYPy_Simulation_bessy2lo_56m_PGM_2Perc_coupling_errors_on_RP/round_1/46_bessy2lo_56m_PGM_2Perc_coupling_errors_on_RP.rml
2025-02-08 00:56:04,118 - INFO - Prepared sim number: 47: RAYPy_Simulation_bessy2lo_56m_PGM_2Perc_coupling_errors_on_RP/round_1/47_bessy2lo_56m_PGM_2Perc_coupling_errors_on_RP.rml
2025-02-08 00:56:04,123 - INFO - Prepared sim number: 48: RAYPy_Simulation_bessy2lo_56m_PGM_2Perc_coupling_errors_on_RP/round_1/48_bessy2lo_56m_PGM_2Perc_coupling_errors_on_RP.rml
2025-02-08 00:56:04,127 - INFO - Prepared sim number: 49: RAYPy_Simulation_bessy2lo_56m_PGM_2Perc_coupling_errors_on_RP/round_1/49_bessy2lo_56m_PGM_2Perc_coupling_errors_on_RP.rml
2025-02-08 00:56:04,133 - INFO - Prepared sim number: 50: RAYPy_Simulation_bessy2lo_56m_PGM_2Perc_coupling_errors_on_RP/round_1/50_bessy2lo_56m_PGM_2Perc_coupling_errors_on_RP.rml
2025-02-08 00:56:04,138 - INFO - Prepared sim number: 51: RAYPy_Simulation_bessy2lo_56m_PGM_2Perc_coupling_errors_on_RP/round_1/51_bessy2lo_56m_PGM_2Perc_coupling_errors_on_RP.rml
2025-02-08 00:56:04,143 - INFO - Prepared sim number: 52: RAYPy_Simulation_bessy2lo_56m_PGM_2Perc_coupling_errors_on_RP/round_1/52_bessy2lo_56m_PGM_2Perc_coupling_errors_on_RP.rml
2025-02-08 00:56:04,148 - INFO - Prepared sim number: 53: RAYPy_Simulation_bessy2lo_56m_PGM_2Perc_coupling_errors_on_RP/round_1/53_bessy2lo_56m_PGM_2Perc_coupling_errors_on_RP.rml
2025-02-08 00:56:04,151 - INFO - Prepared sim number: 54: RAYPy_Simulation_bessy2lo_56m_PGM_2Perc_coupling_errors_on_RP/round_1/54_bessy2lo_56m_PGM_2Perc_coupling_errors_on_RP.rml
2025-02-08 00:56:04,154 - INFO - Prepared sim number: 55: RAYPy_Simulation_bessy2lo_56m_PGM_2Perc_coupling_errors_on_RP/round_1/55_bessy2lo_56m_PGM_2Perc_coupling_errors_on_RP.rml
2025-02-08 00:56:04,157 - INFO - Prepared sim number: 56: RAYPy_Simulation_bessy2lo_56m_PGM_2Perc_coupling_errors_on_RP/round_1/56_bessy2lo_56m_PGM_2Perc_coupling_errors_on_RP.rml
2025-02-08 00:56:04,158 - INFO - Waiting for batch number: 2, timeout: 21.8371835231781s
2025-02-08 00:56:06,663 - INFO - Completed: 1, remaining: 59, RAYPy_Simulation_bessy2lo_56m_PGM_2Perc_coupling_errors_on_RP/round_1/2_bessy2lo_56m_PGM_2Perc_coupling_errors_on_RP.rml
2025-02-08 00:56:06,677 - INFO - Completed: 2, remaining: 58, RAYPy_Simulation_bessy2lo_56m_PGM_2Perc_coupling_errors_on_RP/round_1/4_bessy2lo_56m_PGM_2Perc_coupling_errors_on_RP.rml
2025-02-08 00:56:06,764 - INFO - Completed: 3, remaining: 57, RAYPy_Simulation_bessy2lo_56m_PGM_2Perc_coupling_errors_on_RP/round_0/122_bessy2lo_56m_PGM_2Perc_coupling_errors_on_RP.rml
2025-02-08 00:56:06,893 - INFO - Completed: 4, remaining: 56, RAYPy_Simulation_bessy2lo_56m_PGM_2Perc_coupling_errors_on_RP/round_1/6_bessy2lo_56m_PGM_2Perc_coupling_errors_on_RP.rml
2025-02-08 00:56:06,984 - INFO - Completed: 5, remaining: 55, RAYPy_Simulation_bessy2lo_56m_PGM_2Perc_coupling_errors_on_RP/round_0/120_bessy2lo_56m_PGM_2Perc_coupling_errors_on_RP.rml
2025-02-08 00:56:07,223 - INFO - Completed: 6, remaining: 54, RAYPy_Simulation_bessy2lo_56m_PGM_2Perc_coupling_errors_on_RP/round_0/121_bessy2lo_56m_PGM_2Perc_coupling_errors_on_RP.rml
2025-02-08 00:56:09,461 - INFO - Completed: 7, remaining: 53, RAYPy_Simulation_bessy2lo_56m_PGM_2Perc_coupling_errors_on_RP/round_1/5_bessy2lo_56m_PGM_2Perc_coupling_errors_on_RP.rml
2025-02-08 00:56:09,478 - INFO - Completed: 8, remaining: 52, RAYPy_Simulation_bessy2lo_56m_PGM_2Perc_coupling_errors_on_RP/round_1/3_bessy2lo_56m_PGM_2Perc_coupling_errors_on_RP.rml
2025-02-08 00:56:09,496 - INFO - Completed: 9, remaining: 51, RAYPy_Simulation_bessy2lo_56m_PGM_2Perc_coupling_errors_on_RP/round_1/8_bessy2lo_56m_PGM_2Perc_coupling_errors_on_RP.rml
2025-02-08 00:56:09,624 - INFO - Completed: 10, remaining: 50, RAYPy_Simulation_bessy2lo_56m_PGM_2Perc_coupling_errors_on_RP/round_1/1_bessy2lo_56m_PGM_2Perc_coupling_errors_on_RP.rml
2025-02-08 00:56:09,710 - INFO - Completed: 11, remaining: 49, RAYPy_Simulation_bessy2lo_56m_PGM_2Perc_coupling_errors_on_RP/round_1/7_bessy2lo_56m_PGM_2Perc_coupling_errors_on_RP.rml
2025-02-08 00:56:09,849 - INFO - Completed: 12, remaining: 48, RAYPy_Simulation_bessy2lo_56m_PGM_2Perc_coupling_errors_on_RP/round_1/0_bessy2lo_56m_PGM_2Perc_coupling_errors_on_RP.rml
2025-02-08 00:56:10,223 - INFO - Completed: 13, remaining: 47, RAYPy_Simulation_bessy2lo_56m_PGM_2Perc_coupling_errors_on_RP/round_1/9_bessy2lo_56m_PGM_2Perc_coupling_errors_on_RP.rml
2025-02-08 00:56:10,373 - INFO - Completed: 14, remaining: 46, RAYPy_Simulation_bessy2lo_56m_PGM_2Perc_coupling_errors_on_RP/round_1/13_bessy2lo_56m_PGM_2Perc_coupling_errors_on_RP.rml
2025-02-08 00:56:10,435 - INFO - Completed: 15, remaining: 45, RAYPy_Simulation_bessy2lo_56m_PGM_2Perc_coupling_errors_on_RP/round_1/11_bessy2lo_56m_PGM_2Perc_coupling_errors_on_RP.rml
2025-02-08 00:56:10,531 - INFO - Completed: 16, remaining: 44, RAYPy_Simulation_bessy2lo_56m_PGM_2Perc_coupling_errors_on_RP/round_1/12_bessy2lo_56m_PGM_2Perc_coupling_errors_on_RP.rml
2025-02-08 00:56:10,770 - INFO - Completed: 17, remaining: 43, RAYPy_Simulation_bessy2lo_56m_PGM_2Perc_coupling_errors_on_RP/round_1/14_bessy2lo_56m_PGM_2Perc_coupling_errors_on_RP.rml
2025-02-08 00:56:11,059 - INFO - Completed: 18, remaining: 42, RAYPy_Simulation_bessy2lo_56m_PGM_2Perc_coupling_errors_on_RP/round_1/10_bessy2lo_56m_PGM_2Perc_coupling_errors_on_RP.rml
2025-02-08 00:56:13,255 - INFO - Completed: 19, remaining: 41, RAYPy_Simulation_bessy2lo_56m_PGM_2Perc_coupling_errors_on_RP/round_1/16_bessy2lo_56m_PGM_2Perc_coupling_errors_on_RP.rml
2025-02-08 00:56:13,308 - INFO - Completed: 20, remaining: 40, RAYPy_Simulation_bessy2lo_56m_PGM_2Perc_coupling_errors_on_RP/round_1/19_bessy2lo_56m_PGM_2Perc_coupling_errors_on_RP.rml
2025-02-08 00:56:13,527 - INFO - Completed: 21, remaining: 39, RAYPy_Simulation_bessy2lo_56m_PGM_2Perc_coupling_errors_on_RP/round_1/15_bessy2lo_56m_PGM_2Perc_coupling_errors_on_RP.rml
2025-02-08 00:56:13,531 - INFO - Completed: 22, remaining: 38, RAYPy_Simulation_bessy2lo_56m_PGM_2Perc_coupling_errors_on_RP/round_1/18_bessy2lo_56m_PGM_2Perc_coupling_errors_on_RP.rml
2025-02-08 00:56:13,681 - INFO - Completed: 23, remaining: 37, RAYPy_Simulation_bessy2lo_56m_PGM_2Perc_coupling_errors_on_RP/round_1/17_bessy2lo_56m_PGM_2Perc_coupling_errors_on_RP.rml
2025-02-08 00:56:13,847 - INFO - Completed: 24, remaining: 36, RAYPy_Simulation_bessy2lo_56m_PGM_2Perc_coupling_errors_on_RP/round_1/20_bessy2lo_56m_PGM_2Perc_coupling_errors_on_RP.rml
2025-02-08 00:56:14,040 - INFO - Completed: 25, remaining: 35, RAYPy_Simulation_bessy2lo_56m_PGM_2Perc_coupling_errors_on_RP/round_1/21_bessy2lo_56m_PGM_2Perc_coupling_errors_on_RP.rml
2025-02-08 00:56:14,242 - INFO - Completed: 26, remaining: 34, RAYPy_Simulation_bessy2lo_56m_PGM_2Perc_coupling_errors_on_RP/round_1/22_bessy2lo_56m_PGM_2Perc_coupling_errors_on_RP.rml
2025-02-08 00:56:14,345 - INFO - Completed: 27, remaining: 33, RAYPy_Simulation_bessy2lo_56m_PGM_2Perc_coupling_errors_on_RP/round_1/23_bessy2lo_56m_PGM_2Perc_coupling_errors_on_RP.rml
2025-02-08 00:56:14,455 - INFO - Completed: 28, remaining: 32, RAYPy_Simulation_bessy2lo_56m_PGM_2Perc_coupling_errors_on_RP/round_1/24_bessy2lo_56m_PGM_2Perc_coupling_errors_on_RP.rml
2025-02-08 00:56:14,591 - INFO - Completed: 29, remaining: 31, RAYPy_Simulation_bessy2lo_56m_PGM_2Perc_coupling_errors_on_RP/round_1/25_bessy2lo_56m_PGM_2Perc_coupling_errors_on_RP.rml
2025-02-08 00:56:14,895 - INFO - Completed: 30, remaining: 30, RAYPy_Simulation_bessy2lo_56m_PGM_2Perc_coupling_errors_on_RP/round_1/26_bessy2lo_56m_PGM_2Perc_coupling_errors_on_RP.rml
2025-02-08 00:56:16,831 - INFO - Completed: 31, remaining: 29, RAYPy_Simulation_bessy2lo_56m_PGM_2Perc_coupling_errors_on_RP/round_1/28_bessy2lo_56m_PGM_2Perc_coupling_errors_on_RP.rml
2025-02-08 00:56:17,245 - INFO - Completed: 32, remaining: 28, RAYPy_Simulation_bessy2lo_56m_PGM_2Perc_coupling_errors_on_RP/round_1/27_bessy2lo_56m_PGM_2Perc_coupling_errors_on_RP.rml
2025-02-08 00:56:17,286 - INFO - Completed: 33, remaining: 27, RAYPy_Simulation_bessy2lo_56m_PGM_2Perc_coupling_errors_on_RP/round_1/31_bessy2lo_56m_PGM_2Perc_coupling_errors_on_RP.rml
2025-02-08 00:56:17,414 - INFO - Completed: 34, remaining: 26, RAYPy_Simulation_bessy2lo_56m_PGM_2Perc_coupling_errors_on_RP/round_1/29_bessy2lo_56m_PGM_2Perc_coupling_errors_on_RP.rml
2025-02-08 00:56:17,427 - INFO - Completed: 35, remaining: 25, RAYPy_Simulation_bessy2lo_56m_PGM_2Perc_coupling_errors_on_RP/round_1/30_bessy2lo_56m_PGM_2Perc_coupling_errors_on_RP.rml
2025-02-08 00:56:17,746 - INFO - Completed: 36, remaining: 24, RAYPy_Simulation_bessy2lo_56m_PGM_2Perc_coupling_errors_on_RP/round_1/32_bessy2lo_56m_PGM_2Perc_coupling_errors_on_RP.rml
2025-02-08 00:56:17,985 - INFO - Completed: 37, remaining: 23, RAYPy_Simulation_bessy2lo_56m_PGM_2Perc_coupling_errors_on_RP/round_1/33_bessy2lo_56m_PGM_2Perc_coupling_errors_on_RP.rml
2025-02-08 00:56:18,215 - INFO - Completed: 38, remaining: 22, RAYPy_Simulation_bessy2lo_56m_PGM_2Perc_coupling_errors_on_RP/round_1/34_bessy2lo_56m_PGM_2Perc_coupling_errors_on_RP.rml
2025-02-08 00:56:18,324 - INFO - Completed: 39, remaining: 21, RAYPy_Simulation_bessy2lo_56m_PGM_2Perc_coupling_errors_on_RP/round_1/36_bessy2lo_56m_PGM_2Perc_coupling_errors_on_RP.rml
2025-02-08 00:56:18,357 - INFO - Completed: 40, remaining: 20, RAYPy_Simulation_bessy2lo_56m_PGM_2Perc_coupling_errors_on_RP/round_1/37_bessy2lo_56m_PGM_2Perc_coupling_errors_on_RP.rml
2025-02-08 00:56:18,636 - INFO - Completed: 41, remaining: 19, RAYPy_Simulation_bessy2lo_56m_PGM_2Perc_coupling_errors_on_RP/round_1/38_bessy2lo_56m_PGM_2Perc_coupling_errors_on_RP.rml
2025-02-08 00:56:18,890 - INFO - Completed: 42, remaining: 18, RAYPy_Simulation_bessy2lo_56m_PGM_2Perc_coupling_errors_on_RP/round_1/35_bessy2lo_56m_PGM_2Perc_coupling_errors_on_RP.rml
2025-02-08 00:56:20,383 - INFO - Completed: 43, remaining: 17, RAYPy_Simulation_bessy2lo_56m_PGM_2Perc_coupling_errors_on_RP/round_1/39_bessy2lo_56m_PGM_2Perc_coupling_errors_on_RP.rml
2025-02-08 00:56:20,527 - INFO - Completed: 44, remaining: 16, RAYPy_Simulation_bessy2lo_56m_PGM_2Perc_coupling_errors_on_RP/round_1/42_bessy2lo_56m_PGM_2Perc_coupling_errors_on_RP.rml
2025-02-08 00:56:20,604 - INFO - Completed: 45, remaining: 15, RAYPy_Simulation_bessy2lo_56m_PGM_2Perc_coupling_errors_on_RP/round_1/41_bessy2lo_56m_PGM_2Perc_coupling_errors_on_RP.rml
2025-02-08 00:56:20,793 - INFO - Completed: 46, remaining: 14, RAYPy_Simulation_bessy2lo_56m_PGM_2Perc_coupling_errors_on_RP/round_1/40_bessy2lo_56m_PGM_2Perc_coupling_errors_on_RP.rml
2025-02-08 00:56:20,862 - INFO - Completed: 47, remaining: 13, RAYPy_Simulation_bessy2lo_56m_PGM_2Perc_coupling_errors_on_RP/round_1/44_bessy2lo_56m_PGM_2Perc_coupling_errors_on_RP.rml
2025-02-08 00:56:21,188 - INFO - Completed: 48, remaining: 12, RAYPy_Simulation_bessy2lo_56m_PGM_2Perc_coupling_errors_on_RP/round_1/45_bessy2lo_56m_PGM_2Perc_coupling_errors_on_RP.rml
2025-02-08 00:56:21,552 - INFO - Completed: 49, remaining: 11, RAYPy_Simulation_bessy2lo_56m_PGM_2Perc_coupling_errors_on_RP/round_1/46_bessy2lo_56m_PGM_2Perc_coupling_errors_on_RP.rml
2025-02-08 00:56:21,597 - INFO - Completed: 50, remaining: 10, RAYPy_Simulation_bessy2lo_56m_PGM_2Perc_coupling_errors_on_RP/round_1/48_bessy2lo_56m_PGM_2Perc_coupling_errors_on_RP.rml
2025-02-08 00:56:21,690 - INFO - Completed: 51, remaining: 9, RAYPy_Simulation_bessy2lo_56m_PGM_2Perc_coupling_errors_on_RP/round_1/43_bessy2lo_56m_PGM_2Perc_coupling_errors_on_RP.rml
2025-02-08 00:56:21,980 - INFO - Completed: 52, remaining: 8, RAYPy_Simulation_bessy2lo_56m_PGM_2Perc_coupling_errors_on_RP/round_1/47_bessy2lo_56m_PGM_2Perc_coupling_errors_on_RP.rml
2025-02-08 00:56:22,108 - INFO - Completed: 53, remaining: 7, RAYPy_Simulation_bessy2lo_56m_PGM_2Perc_coupling_errors_on_RP/round_1/49_bessy2lo_56m_PGM_2Perc_coupling_errors_on_RP.rml
2025-02-08 00:56:22,407 - INFO - Completed: 54, remaining: 6, RAYPy_Simulation_bessy2lo_56m_PGM_2Perc_coupling_errors_on_RP/round_1/50_bessy2lo_56m_PGM_2Perc_coupling_errors_on_RP.rml
2025-02-08 00:56:23,460 - INFO - Completed: 55, remaining: 5, RAYPy_Simulation_bessy2lo_56m_PGM_2Perc_coupling_errors_on_RP/round_1/51_bessy2lo_56m_PGM_2Perc_coupling_errors_on_RP.rml
2025-02-08 00:56:23,618 - INFO - Completed: 56, remaining: 4, RAYPy_Simulation_bessy2lo_56m_PGM_2Perc_coupling_errors_on_RP/round_1/52_bessy2lo_56m_PGM_2Perc_coupling_errors_on_RP.rml
2025-02-08 00:56:23,726 - INFO - Completed: 57, remaining: 3, RAYPy_Simulation_bessy2lo_56m_PGM_2Perc_coupling_errors_on_RP/round_1/53_bessy2lo_56m_PGM_2Perc_coupling_errors_on_RP.rml
2025-02-08 00:56:23,743 - INFO - Completed: 58, remaining: 2, RAYPy_Simulation_bessy2lo_56m_PGM_2Perc_coupling_errors_on_RP/round_1/54_bessy2lo_56m_PGM_2Perc_coupling_errors_on_RP.rml
2025-02-08 00:56:23,800 - INFO - Completed: 59, remaining: 1, RAYPy_Simulation_bessy2lo_56m_PGM_2Perc_coupling_errors_on_RP/round_1/55_bessy2lo_56m_PGM_2Perc_coupling_errors_on_RP.rml
2025-02-08 00:56:23,931 - INFO - Completed: 60, remaining: 0, RAYPy_Simulation_bessy2lo_56m_PGM_2Perc_coupling_errors_on_RP/round_1/56_bessy2lo_56m_PGM_2Perc_coupling_errors_on_RP.rml
2025-02-08 00:56:23,931 - INFO - Batch Completed
2025-02-08 00:56:23,931 - INFO - Waiting For batch, 60 simulations to go
2025-02-08 00:56:23,939 - INFO - Prepared sim number: 57: RAYPy_Simulation_bessy2lo_56m_PGM_2Perc_coupling_errors_on_RP/round_1/57_bessy2lo_56m_PGM_2Perc_coupling_errors_on_RP.rml
2025-02-08 00:56:23,950 - INFO - Prepared sim number: 58: RAYPy_Simulation_bessy2lo_56m_PGM_2Perc_coupling_errors_on_RP/round_1/58_bessy2lo_56m_PGM_2Perc_coupling_errors_on_RP.rml
2025-02-08 00:56:23,958 - INFO - Prepared sim number: 59: RAYPy_Simulation_bessy2lo_56m_PGM_2Perc_coupling_errors_on_RP/round_1/59_bessy2lo_56m_PGM_2Perc_coupling_errors_on_RP.rml
2025-02-08 00:56:23,965 - INFO - Prepared sim number: 60: RAYPy_Simulation_bessy2lo_56m_PGM_2Perc_coupling_errors_on_RP/round_1/60_bessy2lo_56m_PGM_2Perc_coupling_errors_on_RP.rml
2025-02-08 00:56:23,971 - INFO - Prepared sim number: 61: RAYPy_Simulation_bessy2lo_56m_PGM_2Perc_coupling_errors_on_RP/round_1/61_bessy2lo_56m_PGM_2Perc_coupling_errors_on_RP.rml
2025-02-08 00:56:23,982 - INFO - Prepared sim number: 62: RAYPy_Simulation_bessy2lo_56m_PGM_2Perc_coupling_errors_on_RP/round_1/62_bessy2lo_56m_PGM_2Perc_coupling_errors_on_RP.rml
2025-02-08 00:56:23,989 - INFO - Prepared sim number: 63: RAYPy_Simulation_bessy2lo_56m_PGM_2Perc_coupling_errors_on_RP/round_1/63_bessy2lo_56m_PGM_2Perc_coupling_errors_on_RP.rml
2025-02-08 00:56:23,994 - INFO - Prepared sim number: 64: RAYPy_Simulation_bessy2lo_56m_PGM_2Perc_coupling_errors_on_RP/round_1/64_bessy2lo_56m_PGM_2Perc_coupling_errors_on_RP.rml
2025-02-08 00:56:24,000 - INFO - Prepared sim number: 65: RAYPy_Simulation_bessy2lo_56m_PGM_2Perc_coupling_errors_on_RP/round_1/65_bessy2lo_56m_PGM_2Perc_coupling_errors_on_RP.rml
2025-02-08 00:56:24,006 - INFO - Prepared sim number: 66: RAYPy_Simulation_bessy2lo_56m_PGM_2Perc_coupling_errors_on_RP/round_1/66_bessy2lo_56m_PGM_2Perc_coupling_errors_on_RP.rml
2025-02-08 00:56:24,010 - INFO - Prepared sim number: 67: RAYPy_Simulation_bessy2lo_56m_PGM_2Perc_coupling_errors_on_RP/round_1/67_bessy2lo_56m_PGM_2Perc_coupling_errors_on_RP.rml
2025-02-08 00:56:24,016 - INFO - Prepared sim number: 68: RAYPy_Simulation_bessy2lo_56m_PGM_2Perc_coupling_errors_on_RP/round_1/68_bessy2lo_56m_PGM_2Perc_coupling_errors_on_RP.rml
2025-02-08 00:56:24,020 - INFO - Prepared sim number: 69: RAYPy_Simulation_bessy2lo_56m_PGM_2Perc_coupling_errors_on_RP/round_1/69_bessy2lo_56m_PGM_2Perc_coupling_errors_on_RP.rml
2025-02-08 00:56:24,025 - INFO - Prepared sim number: 70: RAYPy_Simulation_bessy2lo_56m_PGM_2Perc_coupling_errors_on_RP/round_1/70_bessy2lo_56m_PGM_2Perc_coupling_errors_on_RP.rml
2025-02-08 00:56:24,030 - INFO - Prepared sim number: 71: RAYPy_Simulation_bessy2lo_56m_PGM_2Perc_coupling_errors_on_RP/round_1/71_bessy2lo_56m_PGM_2Perc_coupling_errors_on_RP.rml
2025-02-08 00:56:24,035 - INFO - Prepared sim number: 72: RAYPy_Simulation_bessy2lo_56m_PGM_2Perc_coupling_errors_on_RP/round_1/72_bessy2lo_56m_PGM_2Perc_coupling_errors_on_RP.rml
2025-02-08 00:56:24,042 - INFO - Prepared sim number: 73: RAYPy_Simulation_bessy2lo_56m_PGM_2Perc_coupling_errors_on_RP/round_1/73_bessy2lo_56m_PGM_2Perc_coupling_errors_on_RP.rml
2025-02-08 00:56:24,047 - INFO - Prepared sim number: 74: RAYPy_Simulation_bessy2lo_56m_PGM_2Perc_coupling_errors_on_RP/round_1/74_bessy2lo_56m_PGM_2Perc_coupling_errors_on_RP.rml
2025-02-08 00:56:24,053 - INFO - Prepared sim number: 75: RAYPy_Simulation_bessy2lo_56m_PGM_2Perc_coupling_errors_on_RP/round_1/75_bessy2lo_56m_PGM_2Perc_coupling_errors_on_RP.rml
2025-02-08 00:56:24,060 - INFO - Prepared sim number: 76: RAYPy_Simulation_bessy2lo_56m_PGM_2Perc_coupling_errors_on_RP/round_1/76_bessy2lo_56m_PGM_2Perc_coupling_errors_on_RP.rml
2025-02-08 00:56:24,065 - INFO - Prepared sim number: 77: RAYPy_Simulation_bessy2lo_56m_PGM_2Perc_coupling_errors_on_RP/round_1/77_bessy2lo_56m_PGM_2Perc_coupling_errors_on_RP.rml
2025-02-08 00:56:24,069 - INFO - Prepared sim number: 78: RAYPy_Simulation_bessy2lo_56m_PGM_2Perc_coupling_errors_on_RP/round_1/78_bessy2lo_56m_PGM_2Perc_coupling_errors_on_RP.rml
2025-02-08 00:56:24,074 - INFO - Prepared sim number: 79: RAYPy_Simulation_bessy2lo_56m_PGM_2Perc_coupling_errors_on_RP/round_1/79_bessy2lo_56m_PGM_2Perc_coupling_errors_on_RP.rml
2025-02-08 00:56:24,079 - INFO - Prepared sim number: 80: RAYPy_Simulation_bessy2lo_56m_PGM_2Perc_coupling_errors_on_RP/round_1/80_bessy2lo_56m_PGM_2Perc_coupling_errors_on_RP.rml
2025-02-08 00:56:24,084 - INFO - Prepared sim number: 81: RAYPy_Simulation_bessy2lo_56m_PGM_2Perc_coupling_errors_on_RP/round_1/81_bessy2lo_56m_PGM_2Perc_coupling_errors_on_RP.rml
2025-02-08 00:56:24,088 - INFO - Prepared sim number: 82: RAYPy_Simulation_bessy2lo_56m_PGM_2Perc_coupling_errors_on_RP/round_1/82_bessy2lo_56m_PGM_2Perc_coupling_errors_on_RP.rml
2025-02-08 00:56:24,093 - INFO - Prepared sim number: 83: RAYPy_Simulation_bessy2lo_56m_PGM_2Perc_coupling_errors_on_RP/round_1/83_bessy2lo_56m_PGM_2Perc_coupling_errors_on_RP.rml
2025-02-08 00:56:24,098 - INFO - Prepared sim number: 84: RAYPy_Simulation_bessy2lo_56m_PGM_2Perc_coupling_errors_on_RP/round_1/84_bessy2lo_56m_PGM_2Perc_coupling_errors_on_RP.rml
2025-02-08 00:56:24,103 - INFO - Prepared sim number: 85: RAYPy_Simulation_bessy2lo_56m_PGM_2Perc_coupling_errors_on_RP/round_1/85_bessy2lo_56m_PGM_2Perc_coupling_errors_on_RP.rml
2025-02-08 00:56:24,108 - INFO - Prepared sim number: 86: RAYPy_Simulation_bessy2lo_56m_PGM_2Perc_coupling_errors_on_RP/round_1/86_bessy2lo_56m_PGM_2Perc_coupling_errors_on_RP.rml
2025-02-08 00:56:24,113 - INFO - Prepared sim number: 87: RAYPy_Simulation_bessy2lo_56m_PGM_2Perc_coupling_errors_on_RP/round_1/87_bessy2lo_56m_PGM_2Perc_coupling_errors_on_RP.rml
2025-02-08 00:56:24,117 - INFO - Prepared sim number: 88: RAYPy_Simulation_bessy2lo_56m_PGM_2Perc_coupling_errors_on_RP/round_1/88_bessy2lo_56m_PGM_2Perc_coupling_errors_on_RP.rml
2025-02-08 00:56:24,122 - INFO - Prepared sim number: 89: RAYPy_Simulation_bessy2lo_56m_PGM_2Perc_coupling_errors_on_RP/round_1/89_bessy2lo_56m_PGM_2Perc_coupling_errors_on_RP.rml
2025-02-08 00:56:24,127 - INFO - Prepared sim number: 90: RAYPy_Simulation_bessy2lo_56m_PGM_2Perc_coupling_errors_on_RP/round_1/90_bessy2lo_56m_PGM_2Perc_coupling_errors_on_RP.rml
2025-02-08 00:56:24,132 - INFO - Prepared sim number: 91: RAYPy_Simulation_bessy2lo_56m_PGM_2Perc_coupling_errors_on_RP/round_1/91_bessy2lo_56m_PGM_2Perc_coupling_errors_on_RP.rml
2025-02-08 00:56:24,137 - INFO - Prepared sim number: 92: RAYPy_Simulation_bessy2lo_56m_PGM_2Perc_coupling_errors_on_RP/round_1/92_bessy2lo_56m_PGM_2Perc_coupling_errors_on_RP.rml
2025-02-08 00:56:24,142 - INFO - Prepared sim number: 93: RAYPy_Simulation_bessy2lo_56m_PGM_2Perc_coupling_errors_on_RP/round_1/93_bessy2lo_56m_PGM_2Perc_coupling_errors_on_RP.rml
2025-02-08 00:56:24,147 - INFO - Prepared sim number: 94: RAYPy_Simulation_bessy2lo_56m_PGM_2Perc_coupling_errors_on_RP/round_1/94_bessy2lo_56m_PGM_2Perc_coupling_errors_on_RP.rml
2025-02-08 00:56:24,153 - INFO - Prepared sim number: 95: RAYPy_Simulation_bessy2lo_56m_PGM_2Perc_coupling_errors_on_RP/round_1/95_bessy2lo_56m_PGM_2Perc_coupling_errors_on_RP.rml
2025-02-08 00:56:24,158 - INFO - Prepared sim number: 96: RAYPy_Simulation_bessy2lo_56m_PGM_2Perc_coupling_errors_on_RP/round_1/96_bessy2lo_56m_PGM_2Perc_coupling_errors_on_RP.rml
2025-02-08 00:56:24,162 - INFO - Prepared sim number: 97: RAYPy_Simulation_bessy2lo_56m_PGM_2Perc_coupling_errors_on_RP/round_1/97_bessy2lo_56m_PGM_2Perc_coupling_errors_on_RP.rml
2025-02-08 00:56:24,167 - INFO - Prepared sim number: 98: RAYPy_Simulation_bessy2lo_56m_PGM_2Perc_coupling_errors_on_RP/round_1/98_bessy2lo_56m_PGM_2Perc_coupling_errors_on_RP.rml
2025-02-08 00:56:24,172 - INFO - Prepared sim number: 99: RAYPy_Simulation_bessy2lo_56m_PGM_2Perc_coupling_errors_on_RP/round_1/99_bessy2lo_56m_PGM_2Perc_coupling_errors_on_RP.rml
2025-02-08 00:56:24,177 - INFO - Prepared sim number: 100: RAYPy_Simulation_bessy2lo_56m_PGM_2Perc_coupling_errors_on_RP/round_1/100_bessy2lo_56m_PGM_2Perc_coupling_errors_on_RP.rml
2025-02-08 00:56:24,182 - INFO - Prepared sim number: 101: RAYPy_Simulation_bessy2lo_56m_PGM_2Perc_coupling_errors_on_RP/round_1/101_bessy2lo_56m_PGM_2Perc_coupling_errors_on_RP.rml
2025-02-08 00:56:24,186 - INFO - Prepared sim number: 102: RAYPy_Simulation_bessy2lo_56m_PGM_2Perc_coupling_errors_on_RP/round_1/102_bessy2lo_56m_PGM_2Perc_coupling_errors_on_RP.rml
2025-02-08 00:56:24,192 - INFO - Prepared sim number: 103: RAYPy_Simulation_bessy2lo_56m_PGM_2Perc_coupling_errors_on_RP/round_1/103_bessy2lo_56m_PGM_2Perc_coupling_errors_on_RP.rml
2025-02-08 00:56:24,197 - INFO - Prepared sim number: 104: RAYPy_Simulation_bessy2lo_56m_PGM_2Perc_coupling_errors_on_RP/round_1/104_bessy2lo_56m_PGM_2Perc_coupling_errors_on_RP.rml
2025-02-08 00:56:24,203 - INFO - Prepared sim number: 105: RAYPy_Simulation_bessy2lo_56m_PGM_2Perc_coupling_errors_on_RP/round_1/105_bessy2lo_56m_PGM_2Perc_coupling_errors_on_RP.rml
2025-02-08 00:56:24,211 - INFO - Prepared sim number: 106: RAYPy_Simulation_bessy2lo_56m_PGM_2Perc_coupling_errors_on_RP/round_1/106_bessy2lo_56m_PGM_2Perc_coupling_errors_on_RP.rml
2025-02-08 00:56:24,217 - INFO - Prepared sim number: 107: RAYPy_Simulation_bessy2lo_56m_PGM_2Perc_coupling_errors_on_RP/round_1/107_bessy2lo_56m_PGM_2Perc_coupling_errors_on_RP.rml
2025-02-08 00:56:24,222 - INFO - Prepared sim number: 108: RAYPy_Simulation_bessy2lo_56m_PGM_2Perc_coupling_errors_on_RP/round_1/108_bessy2lo_56m_PGM_2Perc_coupling_errors_on_RP.rml
2025-02-08 00:56:24,227 - INFO - Prepared sim number: 109: RAYPy_Simulation_bessy2lo_56m_PGM_2Perc_coupling_errors_on_RP/round_1/109_bessy2lo_56m_PGM_2Perc_coupling_errors_on_RP.rml
2025-02-08 00:56:24,234 - INFO - Prepared sim number: 110: RAYPy_Simulation_bessy2lo_56m_PGM_2Perc_coupling_errors_on_RP/round_1/110_bessy2lo_56m_PGM_2Perc_coupling_errors_on_RP.rml
2025-02-08 00:56:24,242 - INFO - Prepared sim number: 111: RAYPy_Simulation_bessy2lo_56m_PGM_2Perc_coupling_errors_on_RP/round_1/111_bessy2lo_56m_PGM_2Perc_coupling_errors_on_RP.rml
2025-02-08 00:56:24,249 - INFO - Prepared sim number: 112: RAYPy_Simulation_bessy2lo_56m_PGM_2Perc_coupling_errors_on_RP/round_1/112_bessy2lo_56m_PGM_2Perc_coupling_errors_on_RP.rml
2025-02-08 00:56:24,256 - INFO - Prepared sim number: 113: RAYPy_Simulation_bessy2lo_56m_PGM_2Perc_coupling_errors_on_RP/round_1/113_bessy2lo_56m_PGM_2Perc_coupling_errors_on_RP.rml
2025-02-08 00:56:24,263 - INFO - Prepared sim number: 114: RAYPy_Simulation_bessy2lo_56m_PGM_2Perc_coupling_errors_on_RP/round_1/114_bessy2lo_56m_PGM_2Perc_coupling_errors_on_RP.rml
2025-02-08 00:56:24,270 - INFO - Prepared sim number: 115: RAYPy_Simulation_bessy2lo_56m_PGM_2Perc_coupling_errors_on_RP/round_1/115_bessy2lo_56m_PGM_2Perc_coupling_errors_on_RP.rml
2025-02-08 00:56:24,276 - INFO - Prepared sim number: 116: RAYPy_Simulation_bessy2lo_56m_PGM_2Perc_coupling_errors_on_RP/round_1/116_bessy2lo_56m_PGM_2Perc_coupling_errors_on_RP.rml
2025-02-08 00:56:24,277 - INFO - Waiting for batch number: 3, timeout: 22.013806200027464s
2025-02-08 00:56:26,909 - INFO - Completed: 1, remaining: 59, RAYPy_Simulation_bessy2lo_56m_PGM_2Perc_coupling_errors_on_RP/round_1/58_bessy2lo_56m_PGM_2Perc_coupling_errors_on_RP.rml
2025-02-08 00:56:26,939 - INFO - Completed: 2, remaining: 58, RAYPy_Simulation_bessy2lo_56m_PGM_2Perc_coupling_errors_on_RP/round_1/57_bessy2lo_56m_PGM_2Perc_coupling_errors_on_RP.rml
2025-02-08 00:56:26,971 - INFO - Completed: 3, remaining: 57, RAYPy_Simulation_bessy2lo_56m_PGM_2Perc_coupling_errors_on_RP/round_1/63_bessy2lo_56m_PGM_2Perc_coupling_errors_on_RP.rml
2025-02-08 00:56:27,005 - INFO - Completed: 4, remaining: 56, RAYPy_Simulation_bessy2lo_56m_PGM_2Perc_coupling_errors_on_RP/round_1/59_bessy2lo_56m_PGM_2Perc_coupling_errors_on_RP.rml
2025-02-08 00:56:27,120 - INFO - Completed: 5, remaining: 55, RAYPy_Simulation_bessy2lo_56m_PGM_2Perc_coupling_errors_on_RP/round_1/66_bessy2lo_56m_PGM_2Perc_coupling_errors_on_RP.rml
2025-02-08 00:56:27,145 - INFO - Completed: 6, remaining: 54, RAYPy_Simulation_bessy2lo_56m_PGM_2Perc_coupling_errors_on_RP/round_1/65_bessy2lo_56m_PGM_2Perc_coupling_errors_on_RP.rml
2025-02-08 00:56:27,165 - INFO - Completed: 7, remaining: 53, RAYPy_Simulation_bessy2lo_56m_PGM_2Perc_coupling_errors_on_RP/round_1/62_bessy2lo_56m_PGM_2Perc_coupling_errors_on_RP.rml
2025-02-08 00:56:29,490 - INFO - Completed: 8, remaining: 52, RAYPy_Simulation_bessy2lo_56m_PGM_2Perc_coupling_errors_on_RP/round_1/60_bessy2lo_56m_PGM_2Perc_coupling_errors_on_RP.rml
2025-02-08 00:56:29,734 - INFO - Completed: 9, remaining: 51, RAYPy_Simulation_bessy2lo_56m_PGM_2Perc_coupling_errors_on_RP/round_1/68_bessy2lo_56m_PGM_2Perc_coupling_errors_on_RP.rml
2025-02-08 00:56:29,753 - INFO - Completed: 10, remaining: 50, RAYPy_Simulation_bessy2lo_56m_PGM_2Perc_coupling_errors_on_RP/round_1/61_bessy2lo_56m_PGM_2Perc_coupling_errors_on_RP.rml
2025-02-08 00:56:29,903 - INFO - Completed: 11, remaining: 49, RAYPy_Simulation_bessy2lo_56m_PGM_2Perc_coupling_errors_on_RP/round_1/64_bessy2lo_56m_PGM_2Perc_coupling_errors_on_RP.rml
2025-02-08 00:56:30,348 - INFO - Completed: 12, remaining: 48, RAYPy_Simulation_bessy2lo_56m_PGM_2Perc_coupling_errors_on_RP/round_1/70_bessy2lo_56m_PGM_2Perc_coupling_errors_on_RP.rml
2025-02-08 00:56:30,471 - INFO - Completed: 13, remaining: 47, RAYPy_Simulation_bessy2lo_56m_PGM_2Perc_coupling_errors_on_RP/round_1/69_bessy2lo_56m_PGM_2Perc_coupling_errors_on_RP.rml
2025-02-08 00:56:30,517 - INFO - Completed: 14, remaining: 46, RAYPy_Simulation_bessy2lo_56m_PGM_2Perc_coupling_errors_on_RP/round_1/71_bessy2lo_56m_PGM_2Perc_coupling_errors_on_RP.rml
2025-02-08 00:56:30,576 - INFO - Completed: 15, remaining: 45, RAYPy_Simulation_bessy2lo_56m_PGM_2Perc_coupling_errors_on_RP/round_1/72_bessy2lo_56m_PGM_2Perc_coupling_errors_on_RP.rml
2025-02-08 00:56:30,793 - INFO - Completed: 16, remaining: 44, RAYPy_Simulation_bessy2lo_56m_PGM_2Perc_coupling_errors_on_RP/round_1/74_bessy2lo_56m_PGM_2Perc_coupling_errors_on_RP.rml
2025-02-08 00:56:30,921 - INFO - Completed: 17, remaining: 43, RAYPy_Simulation_bessy2lo_56m_PGM_2Perc_coupling_errors_on_RP/round_1/75_bessy2lo_56m_PGM_2Perc_coupling_errors_on_RP.rml
2025-02-08 00:56:30,961 - INFO - Completed: 18, remaining: 42, RAYPy_Simulation_bessy2lo_56m_PGM_2Perc_coupling_errors_on_RP/round_1/73_bessy2lo_56m_PGM_2Perc_coupling_errors_on_RP.rml
2025-02-08 00:56:31,026 - INFO - Completed: 19, remaining: 41, RAYPy_Simulation_bessy2lo_56m_PGM_2Perc_coupling_errors_on_RP/round_1/67_bessy2lo_56m_PGM_2Perc_coupling_errors_on_RP.rml
2025-02-08 00:56:33,099 - INFO - Completed: 20, remaining: 40, RAYPy_Simulation_bessy2lo_56m_PGM_2Perc_coupling_errors_on_RP/round_1/76_bessy2lo_56m_PGM_2Perc_coupling_errors_on_RP.rml
2025-02-08 00:56:33,116 - INFO - Completed: 21, remaining: 39, RAYPy_Simulation_bessy2lo_56m_PGM_2Perc_coupling_errors_on_RP/round_1/78_bessy2lo_56m_PGM_2Perc_coupling_errors_on_RP.rml
2025-02-08 00:56:33,216 - INFO - Completed: 22, remaining: 38, RAYPy_Simulation_bessy2lo_56m_PGM_2Perc_coupling_errors_on_RP/round_1/79_bessy2lo_56m_PGM_2Perc_coupling_errors_on_RP.rml
2025-02-08 00:56:33,543 - INFO - Completed: 23, remaining: 37, RAYPy_Simulation_bessy2lo_56m_PGM_2Perc_coupling_errors_on_RP/round_1/77_bessy2lo_56m_PGM_2Perc_coupling_errors_on_RP.rml
2025-02-08 00:56:33,646 - INFO - Completed: 24, remaining: 36, RAYPy_Simulation_bessy2lo_56m_PGM_2Perc_coupling_errors_on_RP/round_1/80_bessy2lo_56m_PGM_2Perc_coupling_errors_on_RP.rml
2025-02-08 00:56:33,765 - INFO - Completed: 25, remaining: 35, RAYPy_Simulation_bessy2lo_56m_PGM_2Perc_coupling_errors_on_RP/round_1/82_bessy2lo_56m_PGM_2Perc_coupling_errors_on_RP.rml
2025-02-08 00:56:33,828 - INFO - Completed: 26, remaining: 34, RAYPy_Simulation_bessy2lo_56m_PGM_2Perc_coupling_errors_on_RP/round_1/81_bessy2lo_56m_PGM_2Perc_coupling_errors_on_RP.rml
2025-02-08 00:56:33,929 - INFO - Completed: 27, remaining: 33, RAYPy_Simulation_bessy2lo_56m_PGM_2Perc_coupling_errors_on_RP/round_1/84_bessy2lo_56m_PGM_2Perc_coupling_errors_on_RP.rml
2025-02-08 00:56:34,077 - INFO - Completed: 28, remaining: 32, RAYPy_Simulation_bessy2lo_56m_PGM_2Perc_coupling_errors_on_RP/round_1/86_bessy2lo_56m_PGM_2Perc_coupling_errors_on_RP.rml
2025-02-08 00:56:34,169 - INFO - Completed: 29, remaining: 31, RAYPy_Simulation_bessy2lo_56m_PGM_2Perc_coupling_errors_on_RP/round_1/87_bessy2lo_56m_PGM_2Perc_coupling_errors_on_RP.rml
2025-02-08 00:56:34,269 - INFO - Completed: 30, remaining: 30, RAYPy_Simulation_bessy2lo_56m_PGM_2Perc_coupling_errors_on_RP/round_1/85_bessy2lo_56m_PGM_2Perc_coupling_errors_on_RP.rml
2025-02-08 00:56:34,497 - INFO - Completed: 31, remaining: 29, RAYPy_Simulation_bessy2lo_56m_PGM_2Perc_coupling_errors_on_RP/round_1/83_bessy2lo_56m_PGM_2Perc_coupling_errors_on_RP.rml
2025-02-08 00:56:36,333 - INFO - Completed: 32, remaining: 28, RAYPy_Simulation_bessy2lo_56m_PGM_2Perc_coupling_errors_on_RP/round_1/90_bessy2lo_56m_PGM_2Perc_coupling_errors_on_RP.rml
2025-02-08 00:56:36,379 - INFO - Completed: 33, remaining: 27, RAYPy_Simulation_bessy2lo_56m_PGM_2Perc_coupling_errors_on_RP/round_1/88_bessy2lo_56m_PGM_2Perc_coupling_errors_on_RP.rml
2025-02-08 00:56:36,527 - INFO - Completed: 34, remaining: 26, RAYPy_Simulation_bessy2lo_56m_PGM_2Perc_coupling_errors_on_RP/round_1/89_bessy2lo_56m_PGM_2Perc_coupling_errors_on_RP.rml
2025-02-08 00:56:36,810 - INFO - Completed: 35, remaining: 25, RAYPy_Simulation_bessy2lo_56m_PGM_2Perc_coupling_errors_on_RP/round_1/92_bessy2lo_56m_PGM_2Perc_coupling_errors_on_RP.rml
2025-02-08 00:56:36,872 - INFO - Completed: 36, remaining: 24, RAYPy_Simulation_bessy2lo_56m_PGM_2Perc_coupling_errors_on_RP/round_1/91_bessy2lo_56m_PGM_2Perc_coupling_errors_on_RP.rml
2025-02-08 00:56:37,403 - INFO - Completed: 37, remaining: 23, RAYPy_Simulation_bessy2lo_56m_PGM_2Perc_coupling_errors_on_RP/round_1/95_bessy2lo_56m_PGM_2Perc_coupling_errors_on_RP.rml
2025-02-08 00:56:37,427 - INFO - Completed: 38, remaining: 22, RAYPy_Simulation_bessy2lo_56m_PGM_2Perc_coupling_errors_on_RP/round_1/96_bessy2lo_56m_PGM_2Perc_coupling_errors_on_RP.rml
2025-02-08 00:56:37,501 - INFO - Completed: 39, remaining: 21, RAYPy_Simulation_bessy2lo_56m_PGM_2Perc_coupling_errors_on_RP/round_1/97_bessy2lo_56m_PGM_2Perc_coupling_errors_on_RP.rml
2025-02-08 00:56:37,712 - INFO - Completed: 40, remaining: 20, RAYPy_Simulation_bessy2lo_56m_PGM_2Perc_coupling_errors_on_RP/round_1/93_bessy2lo_56m_PGM_2Perc_coupling_errors_on_RP.rml
2025-02-08 00:56:37,734 - INFO - Completed: 41, remaining: 19, RAYPy_Simulation_bessy2lo_56m_PGM_2Perc_coupling_errors_on_RP/round_1/98_bessy2lo_56m_PGM_2Perc_coupling_errors_on_RP.rml
2025-02-08 00:56:38,011 - INFO - Completed: 42, remaining: 18, RAYPy_Simulation_bessy2lo_56m_PGM_2Perc_coupling_errors_on_RP/round_1/94_bessy2lo_56m_PGM_2Perc_coupling_errors_on_RP.rml
2025-02-08 00:56:38,024 - INFO - Completed: 43, remaining: 17, RAYPy_Simulation_bessy2lo_56m_PGM_2Perc_coupling_errors_on_RP/round_1/99_bessy2lo_56m_PGM_2Perc_coupling_errors_on_RP.rml
2025-02-08 00:56:39,989 - INFO - Completed: 44, remaining: 16, RAYPy_Simulation_bessy2lo_56m_PGM_2Perc_coupling_errors_on_RP/round_1/102_bessy2lo_56m_PGM_2Perc_coupling_errors_on_RP.rml
2025-02-08 00:56:40,002 - INFO - Completed: 45, remaining: 15, RAYPy_Simulation_bessy2lo_56m_PGM_2Perc_coupling_errors_on_RP/round_1/101_bessy2lo_56m_PGM_2Perc_coupling_errors_on_RP.rml
2025-02-08 00:56:40,214 - INFO - Completed: 46, remaining: 14, RAYPy_Simulation_bessy2lo_56m_PGM_2Perc_coupling_errors_on_RP/round_1/100_bessy2lo_56m_PGM_2Perc_coupling_errors_on_RP.rml
2025-02-08 00:56:40,248 - INFO - Completed: 47, remaining: 13, RAYPy_Simulation_bessy2lo_56m_PGM_2Perc_coupling_errors_on_RP/round_1/103_bessy2lo_56m_PGM_2Perc_coupling_errors_on_RP.rml
2025-02-08 00:56:40,444 - INFO - Completed: 48, remaining: 12, RAYPy_Simulation_bessy2lo_56m_PGM_2Perc_coupling_errors_on_RP/round_1/104_bessy2lo_56m_PGM_2Perc_coupling_errors_on_RP.rml
2025-02-08 00:56:40,632 - INFO - Completed: 49, remaining: 11, RAYPy_Simulation_bessy2lo_56m_PGM_2Perc_coupling_errors_on_RP/round_1/105_bessy2lo_56m_PGM_2Perc_coupling_errors_on_RP.rml
2025-02-08 00:56:40,701 - INFO - Completed: 50, remaining: 10, RAYPy_Simulation_bessy2lo_56m_PGM_2Perc_coupling_errors_on_RP/round_1/106_bessy2lo_56m_PGM_2Perc_coupling_errors_on_RP.rml
2025-02-08 00:56:40,941 - INFO - Completed: 51, remaining: 9, RAYPy_Simulation_bessy2lo_56m_PGM_2Perc_coupling_errors_on_RP/round_1/109_bessy2lo_56m_PGM_2Perc_coupling_errors_on_RP.rml
2025-02-08 00:56:40,989 - INFO - Completed: 52, remaining: 8, RAYPy_Simulation_bessy2lo_56m_PGM_2Perc_coupling_errors_on_RP/round_1/108_bessy2lo_56m_PGM_2Perc_coupling_errors_on_RP.rml
2025-02-08 00:56:41,167 - INFO - Completed: 53, remaining: 7, RAYPy_Simulation_bessy2lo_56m_PGM_2Perc_coupling_errors_on_RP/round_1/110_bessy2lo_56m_PGM_2Perc_coupling_errors_on_RP.rml
2025-02-08 00:56:41,893 - INFO - Completed: 54, remaining: 6, RAYPy_Simulation_bessy2lo_56m_PGM_2Perc_coupling_errors_on_RP/round_1/107_bessy2lo_56m_PGM_2Perc_coupling_errors_on_RP.rml
2025-02-08 00:56:42,797 - INFO - Completed: 55, remaining: 5, RAYPy_Simulation_bessy2lo_56m_PGM_2Perc_coupling_errors_on_RP/round_1/112_bessy2lo_56m_PGM_2Perc_coupling_errors_on_RP.rml
2025-02-08 00:56:42,812 - INFO - Completed: 56, remaining: 4, RAYPy_Simulation_bessy2lo_56m_PGM_2Perc_coupling_errors_on_RP/round_1/111_bessy2lo_56m_PGM_2Perc_coupling_errors_on_RP.rml
2025-02-08 00:56:42,835 - INFO - Completed: 57, remaining: 3, RAYPy_Simulation_bessy2lo_56m_PGM_2Perc_coupling_errors_on_RP/round_1/113_bessy2lo_56m_PGM_2Perc_coupling_errors_on_RP.rml
2025-02-08 00:56:42,914 - INFO - Completed: 58, remaining: 2, RAYPy_Simulation_bessy2lo_56m_PGM_2Perc_coupling_errors_on_RP/round_1/114_bessy2lo_56m_PGM_2Perc_coupling_errors_on_RP.rml
2025-02-08 00:56:43,008 - INFO - Completed: 59, remaining: 1, RAYPy_Simulation_bessy2lo_56m_PGM_2Perc_coupling_errors_on_RP/round_1/115_bessy2lo_56m_PGM_2Perc_coupling_errors_on_RP.rml
2025-02-08 00:56:43,049 - INFO - Completed: 60, remaining: 0, RAYPy_Simulation_bessy2lo_56m_PGM_2Perc_coupling_errors_on_RP/round_1/116_bessy2lo_56m_PGM_2Perc_coupling_errors_on_RP.rml
2025-02-08 00:56:43,050 - INFO - Batch Completed
2025-02-08 00:56:43,050 - INFO - Waiting For batch, 60 simulations to go
2025-02-08 00:56:43,062 - INFO - Prepared sim number: 117: RAYPy_Simulation_bessy2lo_56m_PGM_2Perc_coupling_errors_on_RP/round_1/117_bessy2lo_56m_PGM_2Perc_coupling_errors_on_RP.rml
2025-02-08 00:56:43,069 - INFO - Prepared sim number: 118: RAYPy_Simulation_bessy2lo_56m_PGM_2Perc_coupling_errors_on_RP/round_1/118_bessy2lo_56m_PGM_2Perc_coupling_errors_on_RP.rml
2025-02-08 00:56:43,076 - INFO - Prepared sim number: 119: RAYPy_Simulation_bessy2lo_56m_PGM_2Perc_coupling_errors_on_RP/round_1/119_bessy2lo_56m_PGM_2Perc_coupling_errors_on_RP.rml
2025-02-08 00:56:43,082 - INFO - Prepared sim number: 120: RAYPy_Simulation_bessy2lo_56m_PGM_2Perc_coupling_errors_on_RP/round_1/120_bessy2lo_56m_PGM_2Perc_coupling_errors_on_RP.rml
2025-02-08 00:56:43,093 - INFO - Prepared sim number: 121: RAYPy_Simulation_bessy2lo_56m_PGM_2Perc_coupling_errors_on_RP/round_1/121_bessy2lo_56m_PGM_2Perc_coupling_errors_on_RP.rml
2025-02-08 00:56:43,102 - INFO - Prepared sim number: 122: RAYPy_Simulation_bessy2lo_56m_PGM_2Perc_coupling_errors_on_RP/round_1/122_bessy2lo_56m_PGM_2Perc_coupling_errors_on_RP.rml
2025-02-08 00:56:43,102 - INFO - Start round 2
2025-02-08 00:56:43,108 - INFO - Prepared sim number: 0: RAYPy_Simulation_bessy2lo_56m_PGM_2Perc_coupling_errors_on_RP/round_2/0_bessy2lo_56m_PGM_2Perc_coupling_errors_on_RP.rml
2025-02-08 00:56:43,114 - INFO - Prepared sim number: 1: RAYPy_Simulation_bessy2lo_56m_PGM_2Perc_coupling_errors_on_RP/round_2/1_bessy2lo_56m_PGM_2Perc_coupling_errors_on_RP.rml
2025-02-08 00:56:43,125 - INFO - Prepared sim number: 2: RAYPy_Simulation_bessy2lo_56m_PGM_2Perc_coupling_errors_on_RP/round_2/2_bessy2lo_56m_PGM_2Perc_coupling_errors_on_RP.rml
2025-02-08 00:56:43,132 - INFO - Prepared sim number: 3: RAYPy_Simulation_bessy2lo_56m_PGM_2Perc_coupling_errors_on_RP/round_2/3_bessy2lo_56m_PGM_2Perc_coupling_errors_on_RP.rml
2025-02-08 00:56:43,138 - INFO - Prepared sim number: 4: RAYPy_Simulation_bessy2lo_56m_PGM_2Perc_coupling_errors_on_RP/round_2/4_bessy2lo_56m_PGM_2Perc_coupling_errors_on_RP.rml
2025-02-08 00:56:43,144 - INFO - Prepared sim number: 5: RAYPy_Simulation_bessy2lo_56m_PGM_2Perc_coupling_errors_on_RP/round_2/5_bessy2lo_56m_PGM_2Perc_coupling_errors_on_RP.rml
2025-02-08 00:56:43,150 - INFO - Prepared sim number: 6: RAYPy_Simulation_bessy2lo_56m_PGM_2Perc_coupling_errors_on_RP/round_2/6_bessy2lo_56m_PGM_2Perc_coupling_errors_on_RP.rml
2025-02-08 00:56:43,155 - INFO - Prepared sim number: 7: RAYPy_Simulation_bessy2lo_56m_PGM_2Perc_coupling_errors_on_RP/round_2/7_bessy2lo_56m_PGM_2Perc_coupling_errors_on_RP.rml
2025-02-08 00:56:43,160 - INFO - Prepared sim number: 8: RAYPy_Simulation_bessy2lo_56m_PGM_2Perc_coupling_errors_on_RP/round_2/8_bessy2lo_56m_PGM_2Perc_coupling_errors_on_RP.rml
2025-02-08 00:56:43,166 - INFO - Prepared sim number: 9: RAYPy_Simulation_bessy2lo_56m_PGM_2Perc_coupling_errors_on_RP/round_2/9_bessy2lo_56m_PGM_2Perc_coupling_errors_on_RP.rml
2025-02-08 00:56:43,171 - INFO - Prepared sim number: 10: RAYPy_Simulation_bessy2lo_56m_PGM_2Perc_coupling_errors_on_RP/round_2/10_bessy2lo_56m_PGM_2Perc_coupling_errors_on_RP.rml
2025-02-08 00:56:43,177 - INFO - Prepared sim number: 11: RAYPy_Simulation_bessy2lo_56m_PGM_2Perc_coupling_errors_on_RP/round_2/11_bessy2lo_56m_PGM_2Perc_coupling_errors_on_RP.rml
2025-02-08 00:56:43,182 - INFO - Prepared sim number: 12: RAYPy_Simulation_bessy2lo_56m_PGM_2Perc_coupling_errors_on_RP/round_2/12_bessy2lo_56m_PGM_2Perc_coupling_errors_on_RP.rml
2025-02-08 00:56:43,188 - INFO - Prepared sim number: 13: RAYPy_Simulation_bessy2lo_56m_PGM_2Perc_coupling_errors_on_RP/round_2/13_bessy2lo_56m_PGM_2Perc_coupling_errors_on_RP.rml
2025-02-08 00:56:43,194 - INFO - Prepared sim number: 14: RAYPy_Simulation_bessy2lo_56m_PGM_2Perc_coupling_errors_on_RP/round_2/14_bessy2lo_56m_PGM_2Perc_coupling_errors_on_RP.rml
2025-02-08 00:56:43,199 - INFO - Prepared sim number: 15: RAYPy_Simulation_bessy2lo_56m_PGM_2Perc_coupling_errors_on_RP/round_2/15_bessy2lo_56m_PGM_2Perc_coupling_errors_on_RP.rml
2025-02-08 00:56:43,204 - INFO - Prepared sim number: 16: RAYPy_Simulation_bessy2lo_56m_PGM_2Perc_coupling_errors_on_RP/round_2/16_bessy2lo_56m_PGM_2Perc_coupling_errors_on_RP.rml
2025-02-08 00:56:43,209 - INFO - Prepared sim number: 17: RAYPy_Simulation_bessy2lo_56m_PGM_2Perc_coupling_errors_on_RP/round_2/17_bessy2lo_56m_PGM_2Perc_coupling_errors_on_RP.rml
2025-02-08 00:56:43,214 - INFO - Prepared sim number: 18: RAYPy_Simulation_bessy2lo_56m_PGM_2Perc_coupling_errors_on_RP/round_2/18_bessy2lo_56m_PGM_2Perc_coupling_errors_on_RP.rml
2025-02-08 00:56:43,220 - INFO - Prepared sim number: 19: RAYPy_Simulation_bessy2lo_56m_PGM_2Perc_coupling_errors_on_RP/round_2/19_bessy2lo_56m_PGM_2Perc_coupling_errors_on_RP.rml
2025-02-08 00:56:43,225 - INFO - Prepared sim number: 20: RAYPy_Simulation_bessy2lo_56m_PGM_2Perc_coupling_errors_on_RP/round_2/20_bessy2lo_56m_PGM_2Perc_coupling_errors_on_RP.rml
2025-02-08 00:56:43,231 - INFO - Prepared sim number: 21: RAYPy_Simulation_bessy2lo_56m_PGM_2Perc_coupling_errors_on_RP/round_2/21_bessy2lo_56m_PGM_2Perc_coupling_errors_on_RP.rml
2025-02-08 00:56:43,237 - INFO - Prepared sim number: 22: RAYPy_Simulation_bessy2lo_56m_PGM_2Perc_coupling_errors_on_RP/round_2/22_bessy2lo_56m_PGM_2Perc_coupling_errors_on_RP.rml
2025-02-08 00:56:43,242 - INFO - Prepared sim number: 23: RAYPy_Simulation_bessy2lo_56m_PGM_2Perc_coupling_errors_on_RP/round_2/23_bessy2lo_56m_PGM_2Perc_coupling_errors_on_RP.rml
2025-02-08 00:56:43,246 - INFO - Prepared sim number: 24: RAYPy_Simulation_bessy2lo_56m_PGM_2Perc_coupling_errors_on_RP/round_2/24_bessy2lo_56m_PGM_2Perc_coupling_errors_on_RP.rml
2025-02-08 00:56:43,252 - INFO - Prepared sim number: 25: RAYPy_Simulation_bessy2lo_56m_PGM_2Perc_coupling_errors_on_RP/round_2/25_bessy2lo_56m_PGM_2Perc_coupling_errors_on_RP.rml
2025-02-08 00:56:43,257 - INFO - Prepared sim number: 26: RAYPy_Simulation_bessy2lo_56m_PGM_2Perc_coupling_errors_on_RP/round_2/26_bessy2lo_56m_PGM_2Perc_coupling_errors_on_RP.rml
2025-02-08 00:56:43,262 - INFO - Prepared sim number: 27: RAYPy_Simulation_bessy2lo_56m_PGM_2Perc_coupling_errors_on_RP/round_2/27_bessy2lo_56m_PGM_2Perc_coupling_errors_on_RP.rml
2025-02-08 00:56:43,268 - INFO - Prepared sim number: 28: RAYPy_Simulation_bessy2lo_56m_PGM_2Perc_coupling_errors_on_RP/round_2/28_bessy2lo_56m_PGM_2Perc_coupling_errors_on_RP.rml
2025-02-08 00:56:43,274 - INFO - Prepared sim number: 29: RAYPy_Simulation_bessy2lo_56m_PGM_2Perc_coupling_errors_on_RP/round_2/29_bessy2lo_56m_PGM_2Perc_coupling_errors_on_RP.rml
2025-02-08 00:56:43,280 - INFO - Prepared sim number: 30: RAYPy_Simulation_bessy2lo_56m_PGM_2Perc_coupling_errors_on_RP/round_2/30_bessy2lo_56m_PGM_2Perc_coupling_errors_on_RP.rml
2025-02-08 00:56:43,285 - INFO - Prepared sim number: 31: RAYPy_Simulation_bessy2lo_56m_PGM_2Perc_coupling_errors_on_RP/round_2/31_bessy2lo_56m_PGM_2Perc_coupling_errors_on_RP.rml
2025-02-08 00:56:43,290 - INFO - Prepared sim number: 32: RAYPy_Simulation_bessy2lo_56m_PGM_2Perc_coupling_errors_on_RP/round_2/32_bessy2lo_56m_PGM_2Perc_coupling_errors_on_RP.rml
2025-02-08 00:56:43,295 - INFO - Prepared sim number: 33: RAYPy_Simulation_bessy2lo_56m_PGM_2Perc_coupling_errors_on_RP/round_2/33_bessy2lo_56m_PGM_2Perc_coupling_errors_on_RP.rml
2025-02-08 00:56:43,301 - INFO - Prepared sim number: 34: RAYPy_Simulation_bessy2lo_56m_PGM_2Perc_coupling_errors_on_RP/round_2/34_bessy2lo_56m_PGM_2Perc_coupling_errors_on_RP.rml
2025-02-08 00:56:43,306 - INFO - Prepared sim number: 35: RAYPy_Simulation_bessy2lo_56m_PGM_2Perc_coupling_errors_on_RP/round_2/35_bessy2lo_56m_PGM_2Perc_coupling_errors_on_RP.rml
2025-02-08 00:56:43,312 - INFO - Prepared sim number: 36: RAYPy_Simulation_bessy2lo_56m_PGM_2Perc_coupling_errors_on_RP/round_2/36_bessy2lo_56m_PGM_2Perc_coupling_errors_on_RP.rml
2025-02-08 00:56:43,317 - INFO - Prepared sim number: 37: RAYPy_Simulation_bessy2lo_56m_PGM_2Perc_coupling_errors_on_RP/round_2/37_bessy2lo_56m_PGM_2Perc_coupling_errors_on_RP.rml
2025-02-08 00:56:43,323 - INFO - Prepared sim number: 38: RAYPy_Simulation_bessy2lo_56m_PGM_2Perc_coupling_errors_on_RP/round_2/38_bessy2lo_56m_PGM_2Perc_coupling_errors_on_RP.rml
2025-02-08 00:56:43,328 - INFO - Prepared sim number: 39: RAYPy_Simulation_bessy2lo_56m_PGM_2Perc_coupling_errors_on_RP/round_2/39_bessy2lo_56m_PGM_2Perc_coupling_errors_on_RP.rml
2025-02-08 00:56:43,333 - INFO - Prepared sim number: 40: RAYPy_Simulation_bessy2lo_56m_PGM_2Perc_coupling_errors_on_RP/round_2/40_bessy2lo_56m_PGM_2Perc_coupling_errors_on_RP.rml
2025-02-08 00:56:43,339 - INFO - Prepared sim number: 41: RAYPy_Simulation_bessy2lo_56m_PGM_2Perc_coupling_errors_on_RP/round_2/41_bessy2lo_56m_PGM_2Perc_coupling_errors_on_RP.rml
2025-02-08 00:56:43,344 - INFO - Prepared sim number: 42: RAYPy_Simulation_bessy2lo_56m_PGM_2Perc_coupling_errors_on_RP/round_2/42_bessy2lo_56m_PGM_2Perc_coupling_errors_on_RP.rml
2025-02-08 00:56:43,349 - INFO - Prepared sim number: 43: RAYPy_Simulation_bessy2lo_56m_PGM_2Perc_coupling_errors_on_RP/round_2/43_bessy2lo_56m_PGM_2Perc_coupling_errors_on_RP.rml
2025-02-08 00:56:43,355 - INFO - Prepared sim number: 44: RAYPy_Simulation_bessy2lo_56m_PGM_2Perc_coupling_errors_on_RP/round_2/44_bessy2lo_56m_PGM_2Perc_coupling_errors_on_RP.rml
2025-02-08 00:56:43,360 - INFO - Prepared sim number: 45: RAYPy_Simulation_bessy2lo_56m_PGM_2Perc_coupling_errors_on_RP/round_2/45_bessy2lo_56m_PGM_2Perc_coupling_errors_on_RP.rml
2025-02-08 00:56:43,366 - INFO - Prepared sim number: 46: RAYPy_Simulation_bessy2lo_56m_PGM_2Perc_coupling_errors_on_RP/round_2/46_bessy2lo_56m_PGM_2Perc_coupling_errors_on_RP.rml
2025-02-08 00:56:43,370 - INFO - Prepared sim number: 47: RAYPy_Simulation_bessy2lo_56m_PGM_2Perc_coupling_errors_on_RP/round_2/47_bessy2lo_56m_PGM_2Perc_coupling_errors_on_RP.rml
2025-02-08 00:56:43,376 - INFO - Prepared sim number: 48: RAYPy_Simulation_bessy2lo_56m_PGM_2Perc_coupling_errors_on_RP/round_2/48_bessy2lo_56m_PGM_2Perc_coupling_errors_on_RP.rml
2025-02-08 00:56:43,381 - INFO - Prepared sim number: 49: RAYPy_Simulation_bessy2lo_56m_PGM_2Perc_coupling_errors_on_RP/round_2/49_bessy2lo_56m_PGM_2Perc_coupling_errors_on_RP.rml
2025-02-08 00:56:43,386 - INFO - Prepared sim number: 50: RAYPy_Simulation_bessy2lo_56m_PGM_2Perc_coupling_errors_on_RP/round_2/50_bessy2lo_56m_PGM_2Perc_coupling_errors_on_RP.rml
2025-02-08 00:56:43,391 - INFO - Prepared sim number: 51: RAYPy_Simulation_bessy2lo_56m_PGM_2Perc_coupling_errors_on_RP/round_2/51_bessy2lo_56m_PGM_2Perc_coupling_errors_on_RP.rml
2025-02-08 00:56:43,396 - INFO - Prepared sim number: 52: RAYPy_Simulation_bessy2lo_56m_PGM_2Perc_coupling_errors_on_RP/round_2/52_bessy2lo_56m_PGM_2Perc_coupling_errors_on_RP.rml
2025-02-08 00:56:43,402 - INFO - Prepared sim number: 53: RAYPy_Simulation_bessy2lo_56m_PGM_2Perc_coupling_errors_on_RP/round_2/53_bessy2lo_56m_PGM_2Perc_coupling_errors_on_RP.rml
2025-02-08 00:56:43,402 - INFO - Waiting for batch number: 4, timeout: 21.8196387887001s
2025-02-08 00:56:46,212 - INFO - Completed: 1, remaining: 59, RAYPy_Simulation_bessy2lo_56m_PGM_2Perc_coupling_errors_on_RP/round_1/118_bessy2lo_56m_PGM_2Perc_coupling_errors_on_RP.rml
2025-02-08 00:56:46,332 - INFO - Completed: 2, remaining: 58, RAYPy_Simulation_bessy2lo_56m_PGM_2Perc_coupling_errors_on_RP/round_2/5_bessy2lo_56m_PGM_2Perc_coupling_errors_on_RP.rml
2025-02-08 00:56:46,390 - INFO - Completed: 3, remaining: 57, RAYPy_Simulation_bessy2lo_56m_PGM_2Perc_coupling_errors_on_RP/round_1/119_bessy2lo_56m_PGM_2Perc_coupling_errors_on_RP.rml
2025-02-08 00:56:46,430 - INFO - Completed: 4, remaining: 56, RAYPy_Simulation_bessy2lo_56m_PGM_2Perc_coupling_errors_on_RP/round_1/122_bessy2lo_56m_PGM_2Perc_coupling_errors_on_RP.rml
2025-02-08 00:56:46,453 - INFO - Completed: 5, remaining: 55, RAYPy_Simulation_bessy2lo_56m_PGM_2Perc_coupling_errors_on_RP/round_2/3_bessy2lo_56m_PGM_2Perc_coupling_errors_on_RP.rml
2025-02-08 00:56:46,549 - INFO - Completed: 6, remaining: 54, RAYPy_Simulation_bessy2lo_56m_PGM_2Perc_coupling_errors_on_RP/round_1/117_bessy2lo_56m_PGM_2Perc_coupling_errors_on_RP.rml
2025-02-08 00:56:46,643 - INFO - Completed: 7, remaining: 53, RAYPy_Simulation_bessy2lo_56m_PGM_2Perc_coupling_errors_on_RP/round_2/2_bessy2lo_56m_PGM_2Perc_coupling_errors_on_RP.rml
2025-02-08 00:56:46,776 - INFO - Completed: 8, remaining: 52, RAYPy_Simulation_bessy2lo_56m_PGM_2Perc_coupling_errors_on_RP/round_2/0_bessy2lo_56m_PGM_2Perc_coupling_errors_on_RP.rml
2025-02-08 00:56:46,946 - INFO - Completed: 9, remaining: 51, RAYPy_Simulation_bessy2lo_56m_PGM_2Perc_coupling_errors_on_RP/round_1/120_bessy2lo_56m_PGM_2Perc_coupling_errors_on_RP.rml
2025-02-08 00:56:48,533 - INFO - Completed: 10, remaining: 50, RAYPy_Simulation_bessy2lo_56m_PGM_2Perc_coupling_errors_on_RP/round_2/4_bessy2lo_56m_PGM_2Perc_coupling_errors_on_RP.rml
2025-02-08 00:56:48,730 - INFO - Completed: 11, remaining: 49, RAYPy_Simulation_bessy2lo_56m_PGM_2Perc_coupling_errors_on_RP/round_1/121_bessy2lo_56m_PGM_2Perc_coupling_errors_on_RP.rml
2025-02-08 00:56:48,754 - INFO - Completed: 12, remaining: 48, RAYPy_Simulation_bessy2lo_56m_PGM_2Perc_coupling_errors_on_RP/round_2/1_bessy2lo_56m_PGM_2Perc_coupling_errors_on_RP.rml
2025-02-08 00:56:49,542 - INFO - Completed: 13, remaining: 47, RAYPy_Simulation_bessy2lo_56m_PGM_2Perc_coupling_errors_on_RP/round_2/10_bessy2lo_56m_PGM_2Perc_coupling_errors_on_RP.rml
2025-02-08 00:56:49,866 - INFO - Completed: 14, remaining: 46, RAYPy_Simulation_bessy2lo_56m_PGM_2Perc_coupling_errors_on_RP/round_2/7_bessy2lo_56m_PGM_2Perc_coupling_errors_on_RP.rml
2025-02-08 00:56:49,948 - INFO - Completed: 15, remaining: 45, RAYPy_Simulation_bessy2lo_56m_PGM_2Perc_coupling_errors_on_RP/round_2/8_bessy2lo_56m_PGM_2Perc_coupling_errors_on_RP.rml
2025-02-08 00:56:50,025 - INFO - Completed: 16, remaining: 44, RAYPy_Simulation_bessy2lo_56m_PGM_2Perc_coupling_errors_on_RP/round_2/11_bessy2lo_56m_PGM_2Perc_coupling_errors_on_RP.rml
2025-02-08 00:56:50,116 - INFO - Completed: 17, remaining: 43, RAYPy_Simulation_bessy2lo_56m_PGM_2Perc_coupling_errors_on_RP/round_2/9_bessy2lo_56m_PGM_2Perc_coupling_errors_on_RP.rml
2025-02-08 00:56:50,200 - INFO - Completed: 18, remaining: 42, RAYPy_Simulation_bessy2lo_56m_PGM_2Perc_coupling_errors_on_RP/round_2/13_bessy2lo_56m_PGM_2Perc_coupling_errors_on_RP.rml
2025-02-08 00:56:50,234 - INFO - Completed: 19, remaining: 41, RAYPy_Simulation_bessy2lo_56m_PGM_2Perc_coupling_errors_on_RP/round_2/12_bessy2lo_56m_PGM_2Perc_coupling_errors_on_RP.rml
2025-02-08 00:56:50,445 - INFO - Completed: 20, remaining: 40, RAYPy_Simulation_bessy2lo_56m_PGM_2Perc_coupling_errors_on_RP/round_2/6_bessy2lo_56m_PGM_2Perc_coupling_errors_on_RP.rml
2025-02-08 00:56:50,547 - INFO - Completed: 21, remaining: 39, RAYPy_Simulation_bessy2lo_56m_PGM_2Perc_coupling_errors_on_RP/round_2/14_bessy2lo_56m_PGM_2Perc_coupling_errors_on_RP.rml
2025-02-08 00:56:52,279 - INFO - Completed: 22, remaining: 38, RAYPy_Simulation_bessy2lo_56m_PGM_2Perc_coupling_errors_on_RP/round_2/15_bessy2lo_56m_PGM_2Perc_coupling_errors_on_RP.rml
2025-02-08 00:56:52,729 - INFO - Completed: 23, remaining: 37, RAYPy_Simulation_bessy2lo_56m_PGM_2Perc_coupling_errors_on_RP/round_2/17_bessy2lo_56m_PGM_2Perc_coupling_errors_on_RP.rml
2025-02-08 00:56:52,778 - INFO - Completed: 24, remaining: 36, RAYPy_Simulation_bessy2lo_56m_PGM_2Perc_coupling_errors_on_RP/round_2/16_bessy2lo_56m_PGM_2Perc_coupling_errors_on_RP.rml
2025-02-08 00:56:53,615 - INFO - Completed: 25, remaining: 35, RAYPy_Simulation_bessy2lo_56m_PGM_2Perc_coupling_errors_on_RP/round_2/18_bessy2lo_56m_PGM_2Perc_coupling_errors_on_RP.rml
2025-02-08 00:56:53,844 - INFO - Completed: 26, remaining: 34, RAYPy_Simulation_bessy2lo_56m_PGM_2Perc_coupling_errors_on_RP/round_2/20_bessy2lo_56m_PGM_2Perc_coupling_errors_on_RP.rml
2025-02-08 00:56:53,943 - INFO - Completed: 27, remaining: 33, RAYPy_Simulation_bessy2lo_56m_PGM_2Perc_coupling_errors_on_RP/round_2/19_bessy2lo_56m_PGM_2Perc_coupling_errors_on_RP.rml
2025-02-08 00:56:53,974 - INFO - Completed: 28, remaining: 32, RAYPy_Simulation_bessy2lo_56m_PGM_2Perc_coupling_errors_on_RP/round_2/21_bessy2lo_56m_PGM_2Perc_coupling_errors_on_RP.rml
2025-02-08 00:56:54,334 - INFO - Completed: 29, remaining: 31, RAYPy_Simulation_bessy2lo_56m_PGM_2Perc_coupling_errors_on_RP/round_2/23_bessy2lo_56m_PGM_2Perc_coupling_errors_on_RP.rml
2025-02-08 00:56:54,475 - INFO - Completed: 30, remaining: 30, RAYPy_Simulation_bessy2lo_56m_PGM_2Perc_coupling_errors_on_RP/round_2/22_bessy2lo_56m_PGM_2Perc_coupling_errors_on_RP.rml
2025-02-08 00:56:54,525 - INFO - Completed: 31, remaining: 29, RAYPy_Simulation_bessy2lo_56m_PGM_2Perc_coupling_errors_on_RP/round_2/24_bessy2lo_56m_PGM_2Perc_coupling_errors_on_RP.rml
2025-02-08 00:56:54,627 - INFO - Completed: 32, remaining: 28, RAYPy_Simulation_bessy2lo_56m_PGM_2Perc_coupling_errors_on_RP/round_2/26_bessy2lo_56m_PGM_2Perc_coupling_errors_on_RP.rml
2025-02-08 00:56:55,155 - INFO - Completed: 33, remaining: 27, RAYPy_Simulation_bessy2lo_56m_PGM_2Perc_coupling_errors_on_RP/round_2/25_bessy2lo_56m_PGM_2Perc_coupling_errors_on_RP.rml
2025-02-08 00:56:56,069 - INFO - Completed: 34, remaining: 26, RAYPy_Simulation_bessy2lo_56m_PGM_2Perc_coupling_errors_on_RP/round_2/27_bessy2lo_56m_PGM_2Perc_coupling_errors_on_RP.rml
2025-02-08 00:56:56,470 - INFO - Completed: 35, remaining: 25, RAYPy_Simulation_bessy2lo_56m_PGM_2Perc_coupling_errors_on_RP/round_2/28_bessy2lo_56m_PGM_2Perc_coupling_errors_on_RP.rml
2025-02-08 00:56:56,674 - INFO - Completed: 36, remaining: 24, RAYPy_Simulation_bessy2lo_56m_PGM_2Perc_coupling_errors_on_RP/round_2/29_bessy2lo_56m_PGM_2Perc_coupling_errors_on_RP.rml
2025-02-08 00:56:57,468 - INFO - Completed: 37, remaining: 23, RAYPy_Simulation_bessy2lo_56m_PGM_2Perc_coupling_errors_on_RP/round_2/30_bessy2lo_56m_PGM_2Perc_coupling_errors_on_RP.rml
2025-02-08 00:56:57,686 - INFO - Completed: 38, remaining: 22, RAYPy_Simulation_bessy2lo_56m_PGM_2Perc_coupling_errors_on_RP/round_2/31_bessy2lo_56m_PGM_2Perc_coupling_errors_on_RP.rml
2025-02-08 00:56:57,854 - INFO - Completed: 39, remaining: 21, RAYPy_Simulation_bessy2lo_56m_PGM_2Perc_coupling_errors_on_RP/round_2/33_bessy2lo_56m_PGM_2Perc_coupling_errors_on_RP.rml
2025-02-08 00:56:58,029 - INFO - Completed: 40, remaining: 20, RAYPy_Simulation_bessy2lo_56m_PGM_2Perc_coupling_errors_on_RP/round_2/32_bessy2lo_56m_PGM_2Perc_coupling_errors_on_RP.rml
2025-02-08 00:56:58,358 - INFO - Completed: 41, remaining: 19, RAYPy_Simulation_bessy2lo_56m_PGM_2Perc_coupling_errors_on_RP/round_2/34_bessy2lo_56m_PGM_2Perc_coupling_errors_on_RP.rml
2025-02-08 00:56:58,647 - INFO - Completed: 42, remaining: 18, RAYPy_Simulation_bessy2lo_56m_PGM_2Perc_coupling_errors_on_RP/round_2/35_bessy2lo_56m_PGM_2Perc_coupling_errors_on_RP.rml
2025-02-08 00:56:58,675 - INFO - Completed: 43, remaining: 17, RAYPy_Simulation_bessy2lo_56m_PGM_2Perc_coupling_errors_on_RP/round_2/36_bessy2lo_56m_PGM_2Perc_coupling_errors_on_RP.rml
2025-02-08 00:56:58,919 - INFO - Completed: 44, remaining: 16, RAYPy_Simulation_bessy2lo_56m_PGM_2Perc_coupling_errors_on_RP/round_2/37_bessy2lo_56m_PGM_2Perc_coupling_errors_on_RP.rml
2025-02-08 00:56:59,202 - INFO - Completed: 45, remaining: 15, RAYPy_Simulation_bessy2lo_56m_PGM_2Perc_coupling_errors_on_RP/round_2/38_bessy2lo_56m_PGM_2Perc_coupling_errors_on_RP.rml
2025-02-08 00:57:00,021 - INFO - Completed: 46, remaining: 14, RAYPy_Simulation_bessy2lo_56m_PGM_2Perc_coupling_errors_on_RP/round_2/39_bessy2lo_56m_PGM_2Perc_coupling_errors_on_RP.rml
2025-02-08 00:57:00,278 - INFO - Completed: 47, remaining: 13, RAYPy_Simulation_bessy2lo_56m_PGM_2Perc_coupling_errors_on_RP/round_2/40_bessy2lo_56m_PGM_2Perc_coupling_errors_on_RP.rml
2025-02-08 00:57:00,937 - INFO - Completed: 48, remaining: 12, RAYPy_Simulation_bessy2lo_56m_PGM_2Perc_coupling_errors_on_RP/round_2/42_bessy2lo_56m_PGM_2Perc_coupling_errors_on_RP.rml
2025-02-08 00:57:01,099 - INFO - Completed: 49, remaining: 11, RAYPy_Simulation_bessy2lo_56m_PGM_2Perc_coupling_errors_on_RP/round_2/43_bessy2lo_56m_PGM_2Perc_coupling_errors_on_RP.rml
2025-02-08 00:57:01,215 - INFO - Completed: 50, remaining: 10, RAYPy_Simulation_bessy2lo_56m_PGM_2Perc_coupling_errors_on_RP/round_2/41_bessy2lo_56m_PGM_2Perc_coupling_errors_on_RP.rml
2025-02-08 00:57:01,447 - INFO - Completed: 51, remaining: 9, RAYPy_Simulation_bessy2lo_56m_PGM_2Perc_coupling_errors_on_RP/round_2/44_bessy2lo_56m_PGM_2Perc_coupling_errors_on_RP.rml
2025-02-08 00:57:01,464 - INFO - Completed: 52, remaining: 8, RAYPy_Simulation_bessy2lo_56m_PGM_2Perc_coupling_errors_on_RP/round_2/45_bessy2lo_56m_PGM_2Perc_coupling_errors_on_RP.rml
2025-02-08 00:57:01,770 - INFO - Completed: 53, remaining: 7, RAYPy_Simulation_bessy2lo_56m_PGM_2Perc_coupling_errors_on_RP/round_2/46_bessy2lo_56m_PGM_2Perc_coupling_errors_on_RP.rml
2025-02-08 00:57:01,984 - INFO - Completed: 54, remaining: 6, RAYPy_Simulation_bessy2lo_56m_PGM_2Perc_coupling_errors_on_RP/round_2/47_bessy2lo_56m_PGM_2Perc_coupling_errors_on_RP.rml
2025-02-08 00:57:02,050 - INFO - Completed: 55, remaining: 5, RAYPy_Simulation_bessy2lo_56m_PGM_2Perc_coupling_errors_on_RP/round_2/48_bessy2lo_56m_PGM_2Perc_coupling_errors_on_RP.rml
2025-02-08 00:57:02,247 - INFO - Completed: 56, remaining: 4, RAYPy_Simulation_bessy2lo_56m_PGM_2Perc_coupling_errors_on_RP/round_2/49_bessy2lo_56m_PGM_2Perc_coupling_errors_on_RP.rml
2025-02-08 00:57:02,507 - INFO - Completed: 57, remaining: 3, RAYPy_Simulation_bessy2lo_56m_PGM_2Perc_coupling_errors_on_RP/round_2/50_bessy2lo_56m_PGM_2Perc_coupling_errors_on_RP.rml
2025-02-08 00:57:03,094 - INFO - Completed: 58, remaining: 2, RAYPy_Simulation_bessy2lo_56m_PGM_2Perc_coupling_errors_on_RP/round_2/51_bessy2lo_56m_PGM_2Perc_coupling_errors_on_RP.rml
2025-02-08 00:57:03,354 - INFO - Completed: 59, remaining: 1, RAYPy_Simulation_bessy2lo_56m_PGM_2Perc_coupling_errors_on_RP/round_2/52_bessy2lo_56m_PGM_2Perc_coupling_errors_on_RP.rml
2025-02-08 00:57:03,529 - INFO - Completed: 60, remaining: 0, RAYPy_Simulation_bessy2lo_56m_PGM_2Perc_coupling_errors_on_RP/round_2/53_bessy2lo_56m_PGM_2Perc_coupling_errors_on_RP.rml
2025-02-08 00:57:03,529 - INFO - Batch Completed
2025-02-08 00:57:03,530 - INFO - Waiting For batch, 60 simulations to go
2025-02-08 00:57:03,543 - INFO - Prepared sim number: 54: RAYPy_Simulation_bessy2lo_56m_PGM_2Perc_coupling_errors_on_RP/round_2/54_bessy2lo_56m_PGM_2Perc_coupling_errors_on_RP.rml
2025-02-08 00:57:03,554 - INFO - Prepared sim number: 55: RAYPy_Simulation_bessy2lo_56m_PGM_2Perc_coupling_errors_on_RP/round_2/55_bessy2lo_56m_PGM_2Perc_coupling_errors_on_RP.rml
2025-02-08 00:57:03,565 - INFO - Prepared sim number: 56: RAYPy_Simulation_bessy2lo_56m_PGM_2Perc_coupling_errors_on_RP/round_2/56_bessy2lo_56m_PGM_2Perc_coupling_errors_on_RP.rml
2025-02-08 00:57:03,573 - INFO - Prepared sim number: 57: RAYPy_Simulation_bessy2lo_56m_PGM_2Perc_coupling_errors_on_RP/round_2/57_bessy2lo_56m_PGM_2Perc_coupling_errors_on_RP.rml
2025-02-08 00:57:03,580 - INFO - Prepared sim number: 58: RAYPy_Simulation_bessy2lo_56m_PGM_2Perc_coupling_errors_on_RP/round_2/58_bessy2lo_56m_PGM_2Perc_coupling_errors_on_RP.rml
2025-02-08 00:57:03,592 - INFO - Prepared sim number: 59: RAYPy_Simulation_bessy2lo_56m_PGM_2Perc_coupling_errors_on_RP/round_2/59_bessy2lo_56m_PGM_2Perc_coupling_errors_on_RP.rml
2025-02-08 00:57:03,600 - INFO - Prepared sim number: 60: RAYPy_Simulation_bessy2lo_56m_PGM_2Perc_coupling_errors_on_RP/round_2/60_bessy2lo_56m_PGM_2Perc_coupling_errors_on_RP.rml
2025-02-08 00:57:03,607 - INFO - Prepared sim number: 61: RAYPy_Simulation_bessy2lo_56m_PGM_2Perc_coupling_errors_on_RP/round_2/61_bessy2lo_56m_PGM_2Perc_coupling_errors_on_RP.rml
2025-02-08 00:57:03,615 - INFO - Prepared sim number: 62: RAYPy_Simulation_bessy2lo_56m_PGM_2Perc_coupling_errors_on_RP/round_2/62_bessy2lo_56m_PGM_2Perc_coupling_errors_on_RP.rml
2025-02-08 00:57:03,621 - INFO - Prepared sim number: 63: RAYPy_Simulation_bessy2lo_56m_PGM_2Perc_coupling_errors_on_RP/round_2/63_bessy2lo_56m_PGM_2Perc_coupling_errors_on_RP.rml
2025-02-08 00:57:03,628 - INFO - Prepared sim number: 64: RAYPy_Simulation_bessy2lo_56m_PGM_2Perc_coupling_errors_on_RP/round_2/64_bessy2lo_56m_PGM_2Perc_coupling_errors_on_RP.rml
2025-02-08 00:57:03,635 - INFO - Prepared sim number: 65: RAYPy_Simulation_bessy2lo_56m_PGM_2Perc_coupling_errors_on_RP/round_2/65_bessy2lo_56m_PGM_2Perc_coupling_errors_on_RP.rml
2025-02-08 00:57:03,641 - INFO - Prepared sim number: 66: RAYPy_Simulation_bessy2lo_56m_PGM_2Perc_coupling_errors_on_RP/round_2/66_bessy2lo_56m_PGM_2Perc_coupling_errors_on_RP.rml
2025-02-08 00:57:03,648 - INFO - Prepared sim number: 67: RAYPy_Simulation_bessy2lo_56m_PGM_2Perc_coupling_errors_on_RP/round_2/67_bessy2lo_56m_PGM_2Perc_coupling_errors_on_RP.rml
2025-02-08 00:57:03,655 - INFO - Prepared sim number: 68: RAYPy_Simulation_bessy2lo_56m_PGM_2Perc_coupling_errors_on_RP/round_2/68_bessy2lo_56m_PGM_2Perc_coupling_errors_on_RP.rml
2025-02-08 00:57:03,665 - INFO - Prepared sim number: 69: RAYPy_Simulation_bessy2lo_56m_PGM_2Perc_coupling_errors_on_RP/round_2/69_bessy2lo_56m_PGM_2Perc_coupling_errors_on_RP.rml
2025-02-08 00:57:03,672 - INFO - Prepared sim number: 70: RAYPy_Simulation_bessy2lo_56m_PGM_2Perc_coupling_errors_on_RP/round_2/70_bessy2lo_56m_PGM_2Perc_coupling_errors_on_RP.rml
2025-02-08 00:57:03,680 - INFO - Prepared sim number: 71: RAYPy_Simulation_bessy2lo_56m_PGM_2Perc_coupling_errors_on_RP/round_2/71_bessy2lo_56m_PGM_2Perc_coupling_errors_on_RP.rml
2025-02-08 00:57:03,688 - INFO - Prepared sim number: 72: RAYPy_Simulation_bessy2lo_56m_PGM_2Perc_coupling_errors_on_RP/round_2/72_bessy2lo_56m_PGM_2Perc_coupling_errors_on_RP.rml
2025-02-08 00:57:03,694 - INFO - Prepared sim number: 73: RAYPy_Simulation_bessy2lo_56m_PGM_2Perc_coupling_errors_on_RP/round_2/73_bessy2lo_56m_PGM_2Perc_coupling_errors_on_RP.rml
2025-02-08 00:57:03,702 - INFO - Prepared sim number: 74: RAYPy_Simulation_bessy2lo_56m_PGM_2Perc_coupling_errors_on_RP/round_2/74_bessy2lo_56m_PGM_2Perc_coupling_errors_on_RP.rml
2025-02-08 00:57:03,709 - INFO - Prepared sim number: 75: RAYPy_Simulation_bessy2lo_56m_PGM_2Perc_coupling_errors_on_RP/round_2/75_bessy2lo_56m_PGM_2Perc_coupling_errors_on_RP.rml
2025-02-08 00:57:03,715 - INFO - Prepared sim number: 76: RAYPy_Simulation_bessy2lo_56m_PGM_2Perc_coupling_errors_on_RP/round_2/76_bessy2lo_56m_PGM_2Perc_coupling_errors_on_RP.rml
2025-02-08 00:57:03,721 - INFO - Prepared sim number: 77: RAYPy_Simulation_bessy2lo_56m_PGM_2Perc_coupling_errors_on_RP/round_2/77_bessy2lo_56m_PGM_2Perc_coupling_errors_on_RP.rml
2025-02-08 00:57:03,727 - INFO - Prepared sim number: 78: RAYPy_Simulation_bessy2lo_56m_PGM_2Perc_coupling_errors_on_RP/round_2/78_bessy2lo_56m_PGM_2Perc_coupling_errors_on_RP.rml
2025-02-08 00:57:03,734 - INFO - Prepared sim number: 79: RAYPy_Simulation_bessy2lo_56m_PGM_2Perc_coupling_errors_on_RP/round_2/79_bessy2lo_56m_PGM_2Perc_coupling_errors_on_RP.rml
2025-02-08 00:57:03,740 - INFO - Prepared sim number: 80: RAYPy_Simulation_bessy2lo_56m_PGM_2Perc_coupling_errors_on_RP/round_2/80_bessy2lo_56m_PGM_2Perc_coupling_errors_on_RP.rml
2025-02-08 00:57:03,746 - INFO - Prepared sim number: 81: RAYPy_Simulation_bessy2lo_56m_PGM_2Perc_coupling_errors_on_RP/round_2/81_bessy2lo_56m_PGM_2Perc_coupling_errors_on_RP.rml
2025-02-08 00:57:03,752 - INFO - Prepared sim number: 82: RAYPy_Simulation_bessy2lo_56m_PGM_2Perc_coupling_errors_on_RP/round_2/82_bessy2lo_56m_PGM_2Perc_coupling_errors_on_RP.rml
2025-02-08 00:57:03,757 - INFO - Prepared sim number: 83: RAYPy_Simulation_bessy2lo_56m_PGM_2Perc_coupling_errors_on_RP/round_2/83_bessy2lo_56m_PGM_2Perc_coupling_errors_on_RP.rml
2025-02-08 00:57:03,765 - INFO - Prepared sim number: 84: RAYPy_Simulation_bessy2lo_56m_PGM_2Perc_coupling_errors_on_RP/round_2/84_bessy2lo_56m_PGM_2Perc_coupling_errors_on_RP.rml
2025-02-08 00:57:03,773 - INFO - Prepared sim number: 85: RAYPy_Simulation_bessy2lo_56m_PGM_2Perc_coupling_errors_on_RP/round_2/85_bessy2lo_56m_PGM_2Perc_coupling_errors_on_RP.rml
2025-02-08 00:57:03,780 - INFO - Prepared sim number: 86: RAYPy_Simulation_bessy2lo_56m_PGM_2Perc_coupling_errors_on_RP/round_2/86_bessy2lo_56m_PGM_2Perc_coupling_errors_on_RP.rml
2025-02-08 00:57:03,786 - INFO - Prepared sim number: 87: RAYPy_Simulation_bessy2lo_56m_PGM_2Perc_coupling_errors_on_RP/round_2/87_bessy2lo_56m_PGM_2Perc_coupling_errors_on_RP.rml
2025-02-08 00:57:03,793 - INFO - Prepared sim number: 88: RAYPy_Simulation_bessy2lo_56m_PGM_2Perc_coupling_errors_on_RP/round_2/88_bessy2lo_56m_PGM_2Perc_coupling_errors_on_RP.rml
2025-02-08 00:57:03,799 - INFO - Prepared sim number: 89: RAYPy_Simulation_bessy2lo_56m_PGM_2Perc_coupling_errors_on_RP/round_2/89_bessy2lo_56m_PGM_2Perc_coupling_errors_on_RP.rml
2025-02-08 00:57:03,806 - INFO - Prepared sim number: 90: RAYPy_Simulation_bessy2lo_56m_PGM_2Perc_coupling_errors_on_RP/round_2/90_bessy2lo_56m_PGM_2Perc_coupling_errors_on_RP.rml
2025-02-08 00:57:03,812 - INFO - Prepared sim number: 91: RAYPy_Simulation_bessy2lo_56m_PGM_2Perc_coupling_errors_on_RP/round_2/91_bessy2lo_56m_PGM_2Perc_coupling_errors_on_RP.rml
2025-02-08 00:57:03,817 - INFO - Prepared sim number: 92: RAYPy_Simulation_bessy2lo_56m_PGM_2Perc_coupling_errors_on_RP/round_2/92_bessy2lo_56m_PGM_2Perc_coupling_errors_on_RP.rml
2025-02-08 00:57:03,823 - INFO - Prepared sim number: 93: RAYPy_Simulation_bessy2lo_56m_PGM_2Perc_coupling_errors_on_RP/round_2/93_bessy2lo_56m_PGM_2Perc_coupling_errors_on_RP.rml
2025-02-08 00:57:03,828 - INFO - Prepared sim number: 94: RAYPy_Simulation_bessy2lo_56m_PGM_2Perc_coupling_errors_on_RP/round_2/94_bessy2lo_56m_PGM_2Perc_coupling_errors_on_RP.rml
2025-02-08 00:57:03,834 - INFO - Prepared sim number: 95: RAYPy_Simulation_bessy2lo_56m_PGM_2Perc_coupling_errors_on_RP/round_2/95_bessy2lo_56m_PGM_2Perc_coupling_errors_on_RP.rml
2025-02-08 00:57:03,840 - INFO - Prepared sim number: 96: RAYPy_Simulation_bessy2lo_56m_PGM_2Perc_coupling_errors_on_RP/round_2/96_bessy2lo_56m_PGM_2Perc_coupling_errors_on_RP.rml
2025-02-08 00:57:03,847 - INFO - Prepared sim number: 97: RAYPy_Simulation_bessy2lo_56m_PGM_2Perc_coupling_errors_on_RP/round_2/97_bessy2lo_56m_PGM_2Perc_coupling_errors_on_RP.rml
2025-02-08 00:57:03,853 - INFO - Prepared sim number: 98: RAYPy_Simulation_bessy2lo_56m_PGM_2Perc_coupling_errors_on_RP/round_2/98_bessy2lo_56m_PGM_2Perc_coupling_errors_on_RP.rml
2025-02-08 00:57:03,859 - INFO - Prepared sim number: 99: RAYPy_Simulation_bessy2lo_56m_PGM_2Perc_coupling_errors_on_RP/round_2/99_bessy2lo_56m_PGM_2Perc_coupling_errors_on_RP.rml
2025-02-08 00:57:03,865 - INFO - Prepared sim number: 100: RAYPy_Simulation_bessy2lo_56m_PGM_2Perc_coupling_errors_on_RP/round_2/100_bessy2lo_56m_PGM_2Perc_coupling_errors_on_RP.rml
2025-02-08 00:57:03,872 - INFO - Prepared sim number: 101: RAYPy_Simulation_bessy2lo_56m_PGM_2Perc_coupling_errors_on_RP/round_2/101_bessy2lo_56m_PGM_2Perc_coupling_errors_on_RP.rml
2025-02-08 00:57:03,878 - INFO - Prepared sim number: 102: RAYPy_Simulation_bessy2lo_56m_PGM_2Perc_coupling_errors_on_RP/round_2/102_bessy2lo_56m_PGM_2Perc_coupling_errors_on_RP.rml
2025-02-08 00:57:03,884 - INFO - Prepared sim number: 103: RAYPy_Simulation_bessy2lo_56m_PGM_2Perc_coupling_errors_on_RP/round_2/103_bessy2lo_56m_PGM_2Perc_coupling_errors_on_RP.rml
2025-02-08 00:57:03,889 - INFO - Prepared sim number: 104: RAYPy_Simulation_bessy2lo_56m_PGM_2Perc_coupling_errors_on_RP/round_2/104_bessy2lo_56m_PGM_2Perc_coupling_errors_on_RP.rml
2025-02-08 00:57:03,895 - INFO - Prepared sim number: 105: RAYPy_Simulation_bessy2lo_56m_PGM_2Perc_coupling_errors_on_RP/round_2/105_bessy2lo_56m_PGM_2Perc_coupling_errors_on_RP.rml
2025-02-08 00:57:03,901 - INFO - Prepared sim number: 106: RAYPy_Simulation_bessy2lo_56m_PGM_2Perc_coupling_errors_on_RP/round_2/106_bessy2lo_56m_PGM_2Perc_coupling_errors_on_RP.rml
2025-02-08 00:57:03,906 - INFO - Prepared sim number: 107: RAYPy_Simulation_bessy2lo_56m_PGM_2Perc_coupling_errors_on_RP/round_2/107_bessy2lo_56m_PGM_2Perc_coupling_errors_on_RP.rml
2025-02-08 00:57:03,912 - INFO - Prepared sim number: 108: RAYPy_Simulation_bessy2lo_56m_PGM_2Perc_coupling_errors_on_RP/round_2/108_bessy2lo_56m_PGM_2Perc_coupling_errors_on_RP.rml
2025-02-08 00:57:03,918 - INFO - Prepared sim number: 109: RAYPy_Simulation_bessy2lo_56m_PGM_2Perc_coupling_errors_on_RP/round_2/109_bessy2lo_56m_PGM_2Perc_coupling_errors_on_RP.rml
2025-02-08 00:57:03,923 - INFO - Prepared sim number: 110: RAYPy_Simulation_bessy2lo_56m_PGM_2Perc_coupling_errors_on_RP/round_2/110_bessy2lo_56m_PGM_2Perc_coupling_errors_on_RP.rml
2025-02-08 00:57:03,929 - INFO - Prepared sim number: 111: RAYPy_Simulation_bessy2lo_56m_PGM_2Perc_coupling_errors_on_RP/round_2/111_bessy2lo_56m_PGM_2Perc_coupling_errors_on_RP.rml
2025-02-08 00:57:03,935 - INFO - Prepared sim number: 112: RAYPy_Simulation_bessy2lo_56m_PGM_2Perc_coupling_errors_on_RP/round_2/112_bessy2lo_56m_PGM_2Perc_coupling_errors_on_RP.rml
2025-02-08 00:57:03,941 - INFO - Prepared sim number: 113: RAYPy_Simulation_bessy2lo_56m_PGM_2Perc_coupling_errors_on_RP/round_2/113_bessy2lo_56m_PGM_2Perc_coupling_errors_on_RP.rml
2025-02-08 00:57:03,942 - INFO - Waiting for batch number: 5, timeout: 21.95354393482208s
2025-02-08 00:57:06,566 - INFO - Completed: 1, remaining: 59, RAYPy_Simulation_bessy2lo_56m_PGM_2Perc_coupling_errors_on_RP/round_2/60_bessy2lo_56m_PGM_2Perc_coupling_errors_on_RP.rml
2025-02-08 00:57:06,833 - INFO - Completed: 2, remaining: 58, RAYPy_Simulation_bessy2lo_56m_PGM_2Perc_coupling_errors_on_RP/round_2/56_bessy2lo_56m_PGM_2Perc_coupling_errors_on_RP.rml
2025-02-08 00:57:06,909 - INFO - Completed: 3, remaining: 57, RAYPy_Simulation_bessy2lo_56m_PGM_2Perc_coupling_errors_on_RP/round_2/57_bessy2lo_56m_PGM_2Perc_coupling_errors_on_RP.rml
2025-02-08 00:57:07,048 - INFO - Completed: 4, remaining: 56, RAYPy_Simulation_bessy2lo_56m_PGM_2Perc_coupling_errors_on_RP/round_2/62_bessy2lo_56m_PGM_2Perc_coupling_errors_on_RP.rml
2025-02-08 00:57:07,109 - INFO - Completed: 5, remaining: 55, RAYPy_Simulation_bessy2lo_56m_PGM_2Perc_coupling_errors_on_RP/round_2/55_bessy2lo_56m_PGM_2Perc_coupling_errors_on_RP.rml
2025-02-08 00:57:07,164 - INFO - Completed: 6, remaining: 54, RAYPy_Simulation_bessy2lo_56m_PGM_2Perc_coupling_errors_on_RP/round_2/61_bessy2lo_56m_PGM_2Perc_coupling_errors_on_RP.rml
2025-02-08 00:57:07,439 - INFO - Completed: 7, remaining: 53, RAYPy_Simulation_bessy2lo_56m_PGM_2Perc_coupling_errors_on_RP/round_2/58_bessy2lo_56m_PGM_2Perc_coupling_errors_on_RP.rml
2025-02-08 00:57:07,469 - INFO - Completed: 8, remaining: 52, RAYPy_Simulation_bessy2lo_56m_PGM_2Perc_coupling_errors_on_RP/round_2/65_bessy2lo_56m_PGM_2Perc_coupling_errors_on_RP.rml
2025-02-08 00:57:07,605 - INFO - Completed: 9, remaining: 51, RAYPy_Simulation_bessy2lo_56m_PGM_2Perc_coupling_errors_on_RP/round_2/64_bessy2lo_56m_PGM_2Perc_coupling_errors_on_RP.rml
2025-02-08 00:57:09,046 - INFO - Completed: 10, remaining: 50, RAYPy_Simulation_bessy2lo_56m_PGM_2Perc_coupling_errors_on_RP/round_2/54_bessy2lo_56m_PGM_2Perc_coupling_errors_on_RP.rml
2025-02-08 00:57:09,310 - INFO - Completed: 11, remaining: 49, RAYPy_Simulation_bessy2lo_56m_PGM_2Perc_coupling_errors_on_RP/round_2/63_bessy2lo_56m_PGM_2Perc_coupling_errors_on_RP.rml
2025-02-08 00:57:09,321 - INFO - Completed: 12, remaining: 48, RAYPy_Simulation_bessy2lo_56m_PGM_2Perc_coupling_errors_on_RP/round_2/59_bessy2lo_56m_PGM_2Perc_coupling_errors_on_RP.rml
2025-02-08 00:57:10,013 - INFO - Completed: 13, remaining: 47, RAYPy_Simulation_bessy2lo_56m_PGM_2Perc_coupling_errors_on_RP/round_2/66_bessy2lo_56m_PGM_2Perc_coupling_errors_on_RP.rml
2025-02-08 00:57:10,557 - INFO - Completed: 14, remaining: 46, RAYPy_Simulation_bessy2lo_56m_PGM_2Perc_coupling_errors_on_RP/round_2/69_bessy2lo_56m_PGM_2Perc_coupling_errors_on_RP.rml
2025-02-08 00:57:10,658 - INFO - Completed: 15, remaining: 45, RAYPy_Simulation_bessy2lo_56m_PGM_2Perc_coupling_errors_on_RP/round_2/68_bessy2lo_56m_PGM_2Perc_coupling_errors_on_RP.rml
2025-02-08 00:57:10,832 - INFO - Completed: 16, remaining: 44, RAYPy_Simulation_bessy2lo_56m_PGM_2Perc_coupling_errors_on_RP/round_2/70_bessy2lo_56m_PGM_2Perc_coupling_errors_on_RP.rml
2025-02-08 00:57:11,048 - INFO - Completed: 17, remaining: 43, RAYPy_Simulation_bessy2lo_56m_PGM_2Perc_coupling_errors_on_RP/round_2/71_bessy2lo_56m_PGM_2Perc_coupling_errors_on_RP.rml
2025-02-08 00:57:11,072 - INFO - Completed: 18, remaining: 42, RAYPy_Simulation_bessy2lo_56m_PGM_2Perc_coupling_errors_on_RP/round_2/67_bessy2lo_56m_PGM_2Perc_coupling_errors_on_RP.rml
2025-02-08 00:57:11,128 - INFO - Completed: 19, remaining: 41, RAYPy_Simulation_bessy2lo_56m_PGM_2Perc_coupling_errors_on_RP/round_2/73_bessy2lo_56m_PGM_2Perc_coupling_errors_on_RP.rml
2025-02-08 00:57:11,400 - INFO - Completed: 20, remaining: 40, RAYPy_Simulation_bessy2lo_56m_PGM_2Perc_coupling_errors_on_RP/round_2/74_bessy2lo_56m_PGM_2Perc_coupling_errors_on_RP.rml
2025-02-08 00:57:11,868 - INFO - Completed: 21, remaining: 39, RAYPy_Simulation_bessy2lo_56m_PGM_2Perc_coupling_errors_on_RP/round_2/72_bessy2lo_56m_PGM_2Perc_coupling_errors_on_RP.rml
2025-02-08 00:57:12,795 - INFO - Completed: 22, remaining: 38, RAYPy_Simulation_bessy2lo_56m_PGM_2Perc_coupling_errors_on_RP/round_2/75_bessy2lo_56m_PGM_2Perc_coupling_errors_on_RP.rml
2025-02-08 00:57:13,142 - INFO - Completed: 23, remaining: 37, RAYPy_Simulation_bessy2lo_56m_PGM_2Perc_coupling_errors_on_RP/round_2/76_bessy2lo_56m_PGM_2Perc_coupling_errors_on_RP.rml
2025-02-08 00:57:13,184 - INFO - Completed: 24, remaining: 36, RAYPy_Simulation_bessy2lo_56m_PGM_2Perc_coupling_errors_on_RP/round_2/77_bessy2lo_56m_PGM_2Perc_coupling_errors_on_RP.rml
2025-02-08 00:57:13,637 - INFO - Completed: 25, remaining: 35, RAYPy_Simulation_bessy2lo_56m_PGM_2Perc_coupling_errors_on_RP/round_2/78_bessy2lo_56m_PGM_2Perc_coupling_errors_on_RP.rml
2025-02-08 00:57:14,293 - INFO - Completed: 26, remaining: 34, RAYPy_Simulation_bessy2lo_56m_PGM_2Perc_coupling_errors_on_RP/round_2/79_bessy2lo_56m_PGM_2Perc_coupling_errors_on_RP.rml
2025-02-08 00:57:14,409 - INFO - Completed: 27, remaining: 33, RAYPy_Simulation_bessy2lo_56m_PGM_2Perc_coupling_errors_on_RP/round_2/83_bessy2lo_56m_PGM_2Perc_coupling_errors_on_RP.rml
2025-02-08 00:57:14,456 - INFO - Completed: 28, remaining: 32, RAYPy_Simulation_bessy2lo_56m_PGM_2Perc_coupling_errors_on_RP/round_2/84_bessy2lo_56m_PGM_2Perc_coupling_errors_on_RP.rml
2025-02-08 00:57:14,527 - INFO - Completed: 29, remaining: 31, RAYPy_Simulation_bessy2lo_56m_PGM_2Perc_coupling_errors_on_RP/round_2/82_bessy2lo_56m_PGM_2Perc_coupling_errors_on_RP.rml
2025-02-08 00:57:14,812 - INFO - Completed: 30, remaining: 30, RAYPy_Simulation_bessy2lo_56m_PGM_2Perc_coupling_errors_on_RP/round_2/85_bessy2lo_56m_PGM_2Perc_coupling_errors_on_RP.rml
2025-02-08 00:57:14,927 - INFO - Completed: 31, remaining: 29, RAYPy_Simulation_bessy2lo_56m_PGM_2Perc_coupling_errors_on_RP/round_2/81_bessy2lo_56m_PGM_2Perc_coupling_errors_on_RP.rml
2025-02-08 00:57:15,120 - INFO - Completed: 32, remaining: 28, RAYPy_Simulation_bessy2lo_56m_PGM_2Perc_coupling_errors_on_RP/round_2/80_bessy2lo_56m_PGM_2Perc_coupling_errors_on_RP.rml
2025-02-08 00:57:15,299 - INFO - Completed: 33, remaining: 27, RAYPy_Simulation_bessy2lo_56m_PGM_2Perc_coupling_errors_on_RP/round_2/86_bessy2lo_56m_PGM_2Perc_coupling_errors_on_RP.rml
2025-02-08 00:57:16,471 - INFO - Completed: 34, remaining: 26, RAYPy_Simulation_bessy2lo_56m_PGM_2Perc_coupling_errors_on_RP/round_2/87_bessy2lo_56m_PGM_2Perc_coupling_errors_on_RP.rml
2025-02-08 00:57:16,628 - INFO - Completed: 35, remaining: 25, RAYPy_Simulation_bessy2lo_56m_PGM_2Perc_coupling_errors_on_RP/round_2/88_bessy2lo_56m_PGM_2Perc_coupling_errors_on_RP.rml
2025-02-08 00:57:17,112 - INFO - Completed: 36, remaining: 24, RAYPy_Simulation_bessy2lo_56m_PGM_2Perc_coupling_errors_on_RP/round_2/90_bessy2lo_56m_PGM_2Perc_coupling_errors_on_RP.rml
2025-02-08 00:57:17,574 - INFO - Completed: 37, remaining: 23, RAYPy_Simulation_bessy2lo_56m_PGM_2Perc_coupling_errors_on_RP/round_2/91_bessy2lo_56m_PGM_2Perc_coupling_errors_on_RP.rml
2025-02-08 00:57:17,844 - INFO - Completed: 38, remaining: 22, RAYPy_Simulation_bessy2lo_56m_PGM_2Perc_coupling_errors_on_RP/round_2/93_bessy2lo_56m_PGM_2Perc_coupling_errors_on_RP.rml
2025-02-08 00:57:17,875 - INFO - Completed: 39, remaining: 21, RAYPy_Simulation_bessy2lo_56m_PGM_2Perc_coupling_errors_on_RP/round_2/89_bessy2lo_56m_PGM_2Perc_coupling_errors_on_RP.rml
2025-02-08 00:57:17,905 - INFO - Completed: 40, remaining: 20, RAYPy_Simulation_bessy2lo_56m_PGM_2Perc_coupling_errors_on_RP/round_2/92_bessy2lo_56m_PGM_2Perc_coupling_errors_on_RP.rml
2025-02-08 00:57:18,148 - INFO - Completed: 41, remaining: 19, RAYPy_Simulation_bessy2lo_56m_PGM_2Perc_coupling_errors_on_RP/round_2/94_bessy2lo_56m_PGM_2Perc_coupling_errors_on_RP.rml
2025-02-08 00:57:18,289 - INFO - Completed: 42, remaining: 18, RAYPy_Simulation_bessy2lo_56m_PGM_2Perc_coupling_errors_on_RP/round_2/96_bessy2lo_56m_PGM_2Perc_coupling_errors_on_RP.rml
2025-02-08 00:57:18,348 - INFO - Completed: 43, remaining: 17, RAYPy_Simulation_bessy2lo_56m_PGM_2Perc_coupling_errors_on_RP/round_2/95_bessy2lo_56m_PGM_2Perc_coupling_errors_on_RP.rml
2025-02-08 00:57:18,514 - INFO - Completed: 44, remaining: 16, RAYPy_Simulation_bessy2lo_56m_PGM_2Perc_coupling_errors_on_RP/round_2/97_bessy2lo_56m_PGM_2Perc_coupling_errors_on_RP.rml
2025-02-08 00:57:19,103 - INFO - Completed: 45, remaining: 15, RAYPy_Simulation_bessy2lo_56m_PGM_2Perc_coupling_errors_on_RP/round_2/98_bessy2lo_56m_PGM_2Perc_coupling_errors_on_RP.rml
2025-02-08 00:57:19,943 - INFO - Completed: 46, remaining: 14, RAYPy_Simulation_bessy2lo_56m_PGM_2Perc_coupling_errors_on_RP/round_2/99_bessy2lo_56m_PGM_2Perc_coupling_errors_on_RP.rml
2025-02-08 00:57:20,160 - INFO - Completed: 47, remaining: 13, RAYPy_Simulation_bessy2lo_56m_PGM_2Perc_coupling_errors_on_RP/round_2/100_bessy2lo_56m_PGM_2Perc_coupling_errors_on_RP.rml
2025-02-08 00:57:20,596 - INFO - Completed: 48, remaining: 12, RAYPy_Simulation_bessy2lo_56m_PGM_2Perc_coupling_errors_on_RP/round_2/101_bessy2lo_56m_PGM_2Perc_coupling_errors_on_RP.rml
2025-02-08 00:57:21,302 - INFO - Completed: 49, remaining: 11, RAYPy_Simulation_bessy2lo_56m_PGM_2Perc_coupling_errors_on_RP/round_2/102_bessy2lo_56m_PGM_2Perc_coupling_errors_on_RP.rml
2025-02-08 00:57:21,450 - INFO - Completed: 50, remaining: 10, RAYPy_Simulation_bessy2lo_56m_PGM_2Perc_coupling_errors_on_RP/round_2/104_bessy2lo_56m_PGM_2Perc_coupling_errors_on_RP.rml
2025-02-08 00:57:21,461 - INFO - Completed: 51, remaining: 9, RAYPy_Simulation_bessy2lo_56m_PGM_2Perc_coupling_errors_on_RP/round_2/103_bessy2lo_56m_PGM_2Perc_coupling_errors_on_RP.rml
2025-02-08 00:57:21,671 - INFO - Completed: 52, remaining: 8, RAYPy_Simulation_bessy2lo_56m_PGM_2Perc_coupling_errors_on_RP/round_2/106_bessy2lo_56m_PGM_2Perc_coupling_errors_on_RP.rml
2025-02-08 00:57:21,718 - INFO - Completed: 53, remaining: 7, RAYPy_Simulation_bessy2lo_56m_PGM_2Perc_coupling_errors_on_RP/round_2/107_bessy2lo_56m_PGM_2Perc_coupling_errors_on_RP.rml
2025-02-08 00:57:21,807 - INFO - Completed: 54, remaining: 6, RAYPy_Simulation_bessy2lo_56m_PGM_2Perc_coupling_errors_on_RP/round_2/105_bessy2lo_56m_PGM_2Perc_coupling_errors_on_RP.rml
2025-02-08 00:57:21,900 - INFO - Completed: 55, remaining: 5, RAYPy_Simulation_bessy2lo_56m_PGM_2Perc_coupling_errors_on_RP/round_2/108_bessy2lo_56m_PGM_2Perc_coupling_errors_on_RP.rml
2025-02-08 00:57:22,007 - INFO - Completed: 56, remaining: 4, RAYPy_Simulation_bessy2lo_56m_PGM_2Perc_coupling_errors_on_RP/round_2/109_bessy2lo_56m_PGM_2Perc_coupling_errors_on_RP.rml
2025-02-08 00:57:22,135 - INFO - Completed: 57, remaining: 3, RAYPy_Simulation_bessy2lo_56m_PGM_2Perc_coupling_errors_on_RP/round_2/110_bessy2lo_56m_PGM_2Perc_coupling_errors_on_RP.rml
2025-02-08 00:57:22,823 - INFO - Completed: 58, remaining: 2, RAYPy_Simulation_bessy2lo_56m_PGM_2Perc_coupling_errors_on_RP/round_2/111_bessy2lo_56m_PGM_2Perc_coupling_errors_on_RP.rml
2025-02-08 00:57:22,871 - INFO - Completed: 59, remaining: 1, RAYPy_Simulation_bessy2lo_56m_PGM_2Perc_coupling_errors_on_RP/round_2/112_bessy2lo_56m_PGM_2Perc_coupling_errors_on_RP.rml
2025-02-08 00:57:23,023 - INFO - Completed: 60, remaining: 0, RAYPy_Simulation_bessy2lo_56m_PGM_2Perc_coupling_errors_on_RP/round_2/113_bessy2lo_56m_PGM_2Perc_coupling_errors_on_RP.rml
2025-02-08 00:57:23,024 - INFO - Batch Completed
2025-02-08 00:57:23,024 - INFO - Waiting For batch, 60 simulations to go
2025-02-08 00:57:23,028 - INFO - Prepared sim number: 114: RAYPy_Simulation_bessy2lo_56m_PGM_2Perc_coupling_errors_on_RP/round_2/114_bessy2lo_56m_PGM_2Perc_coupling_errors_on_RP.rml
2025-02-08 00:57:23,032 - INFO - Prepared sim number: 115: RAYPy_Simulation_bessy2lo_56m_PGM_2Perc_coupling_errors_on_RP/round_2/115_bessy2lo_56m_PGM_2Perc_coupling_errors_on_RP.rml
2025-02-08 00:57:23,041 - INFO - Prepared sim number: 116: RAYPy_Simulation_bessy2lo_56m_PGM_2Perc_coupling_errors_on_RP/round_2/116_bessy2lo_56m_PGM_2Perc_coupling_errors_on_RP.rml
2025-02-08 00:57:23,045 - INFO - Prepared sim number: 117: RAYPy_Simulation_bessy2lo_56m_PGM_2Perc_coupling_errors_on_RP/round_2/117_bessy2lo_56m_PGM_2Perc_coupling_errors_on_RP.rml
2025-02-08 00:57:23,050 - INFO - Prepared sim number: 118: RAYPy_Simulation_bessy2lo_56m_PGM_2Perc_coupling_errors_on_RP/round_2/118_bessy2lo_56m_PGM_2Perc_coupling_errors_on_RP.rml
2025-02-08 00:57:23,055 - INFO - Prepared sim number: 119: RAYPy_Simulation_bessy2lo_56m_PGM_2Perc_coupling_errors_on_RP/round_2/119_bessy2lo_56m_PGM_2Perc_coupling_errors_on_RP.rml
2025-02-08 00:57:23,059 - INFO - Prepared sim number: 120: RAYPy_Simulation_bessy2lo_56m_PGM_2Perc_coupling_errors_on_RP/round_2/120_bessy2lo_56m_PGM_2Perc_coupling_errors_on_RP.rml
2025-02-08 00:57:23,064 - INFO - Prepared sim number: 121: RAYPy_Simulation_bessy2lo_56m_PGM_2Perc_coupling_errors_on_RP/round_2/121_bessy2lo_56m_PGM_2Perc_coupling_errors_on_RP.rml
2025-02-08 00:57:23,072 - INFO - Prepared sim number: 122: RAYPy_Simulation_bessy2lo_56m_PGM_2Perc_coupling_errors_on_RP/round_2/122_bessy2lo_56m_PGM_2Perc_coupling_errors_on_RP.rml
2025-02-08 00:57:23,072 - INFO - Start round 3
2025-02-08 00:57:23,078 - INFO - Prepared sim number: 0: RAYPy_Simulation_bessy2lo_56m_PGM_2Perc_coupling_errors_on_RP/round_3/0_bessy2lo_56m_PGM_2Perc_coupling_errors_on_RP.rml
2025-02-08 00:57:23,082 - INFO - Prepared sim number: 1: RAYPy_Simulation_bessy2lo_56m_PGM_2Perc_coupling_errors_on_RP/round_3/1_bessy2lo_56m_PGM_2Perc_coupling_errors_on_RP.rml
2025-02-08 00:57:23,086 - INFO - Prepared sim number: 2: RAYPy_Simulation_bessy2lo_56m_PGM_2Perc_coupling_errors_on_RP/round_3/2_bessy2lo_56m_PGM_2Perc_coupling_errors_on_RP.rml
2025-02-08 00:57:23,091 - INFO - Prepared sim number: 3: RAYPy_Simulation_bessy2lo_56m_PGM_2Perc_coupling_errors_on_RP/round_3/3_bessy2lo_56m_PGM_2Perc_coupling_errors_on_RP.rml
2025-02-08 00:57:23,095 - INFO - Prepared sim number: 4: RAYPy_Simulation_bessy2lo_56m_PGM_2Perc_coupling_errors_on_RP/round_3/4_bessy2lo_56m_PGM_2Perc_coupling_errors_on_RP.rml
2025-02-08 00:57:23,098 - INFO - Prepared sim number: 5: RAYPy_Simulation_bessy2lo_56m_PGM_2Perc_coupling_errors_on_RP/round_3/5_bessy2lo_56m_PGM_2Perc_coupling_errors_on_RP.rml
2025-02-08 00:57:23,101 - INFO - Prepared sim number: 6: RAYPy_Simulation_bessy2lo_56m_PGM_2Perc_coupling_errors_on_RP/round_3/6_bessy2lo_56m_PGM_2Perc_coupling_errors_on_RP.rml
2025-02-08 00:57:23,105 - INFO - Prepared sim number: 7: RAYPy_Simulation_bessy2lo_56m_PGM_2Perc_coupling_errors_on_RP/round_3/7_bessy2lo_56m_PGM_2Perc_coupling_errors_on_RP.rml
2025-02-08 00:57:23,108 - INFO - Prepared sim number: 8: RAYPy_Simulation_bessy2lo_56m_PGM_2Perc_coupling_errors_on_RP/round_3/8_bessy2lo_56m_PGM_2Perc_coupling_errors_on_RP.rml
2025-02-08 00:57:23,112 - INFO - Prepared sim number: 9: RAYPy_Simulation_bessy2lo_56m_PGM_2Perc_coupling_errors_on_RP/round_3/9_bessy2lo_56m_PGM_2Perc_coupling_errors_on_RP.rml
2025-02-08 00:57:23,115 - INFO - Prepared sim number: 10: RAYPy_Simulation_bessy2lo_56m_PGM_2Perc_coupling_errors_on_RP/round_3/10_bessy2lo_56m_PGM_2Perc_coupling_errors_on_RP.rml
2025-02-08 00:57:23,119 - INFO - Prepared sim number: 11: RAYPy_Simulation_bessy2lo_56m_PGM_2Perc_coupling_errors_on_RP/round_3/11_bessy2lo_56m_PGM_2Perc_coupling_errors_on_RP.rml
2025-02-08 00:57:23,123 - INFO - Prepared sim number: 12: RAYPy_Simulation_bessy2lo_56m_PGM_2Perc_coupling_errors_on_RP/round_3/12_bessy2lo_56m_PGM_2Perc_coupling_errors_on_RP.rml
2025-02-08 00:57:23,128 - INFO - Prepared sim number: 13: RAYPy_Simulation_bessy2lo_56m_PGM_2Perc_coupling_errors_on_RP/round_3/13_bessy2lo_56m_PGM_2Perc_coupling_errors_on_RP.rml
2025-02-08 00:57:23,132 - INFO - Prepared sim number: 14: RAYPy_Simulation_bessy2lo_56m_PGM_2Perc_coupling_errors_on_RP/round_3/14_bessy2lo_56m_PGM_2Perc_coupling_errors_on_RP.rml
2025-02-08 00:57:23,137 - INFO - Prepared sim number: 15: RAYPy_Simulation_bessy2lo_56m_PGM_2Perc_coupling_errors_on_RP/round_3/15_bessy2lo_56m_PGM_2Perc_coupling_errors_on_RP.rml
2025-02-08 00:57:23,141 - INFO - Prepared sim number: 16: RAYPy_Simulation_bessy2lo_56m_PGM_2Perc_coupling_errors_on_RP/round_3/16_bessy2lo_56m_PGM_2Perc_coupling_errors_on_RP.rml
2025-02-08 00:57:23,146 - INFO - Prepared sim number: 17: RAYPy_Simulation_bessy2lo_56m_PGM_2Perc_coupling_errors_on_RP/round_3/17_bessy2lo_56m_PGM_2Perc_coupling_errors_on_RP.rml
2025-02-08 00:57:23,150 - INFO - Prepared sim number: 18: RAYPy_Simulation_bessy2lo_56m_PGM_2Perc_coupling_errors_on_RP/round_3/18_bessy2lo_56m_PGM_2Perc_coupling_errors_on_RP.rml
2025-02-08 00:57:23,154 - INFO - Prepared sim number: 19: RAYPy_Simulation_bessy2lo_56m_PGM_2Perc_coupling_errors_on_RP/round_3/19_bessy2lo_56m_PGM_2Perc_coupling_errors_on_RP.rml
2025-02-08 00:57:23,158 - INFO - Prepared sim number: 20: RAYPy_Simulation_bessy2lo_56m_PGM_2Perc_coupling_errors_on_RP/round_3/20_bessy2lo_56m_PGM_2Perc_coupling_errors_on_RP.rml
2025-02-08 00:57:23,162 - INFO - Prepared sim number: 21: RAYPy_Simulation_bessy2lo_56m_PGM_2Perc_coupling_errors_on_RP/round_3/21_bessy2lo_56m_PGM_2Perc_coupling_errors_on_RP.rml
2025-02-08 00:57:23,166 - INFO - Prepared sim number: 22: RAYPy_Simulation_bessy2lo_56m_PGM_2Perc_coupling_errors_on_RP/round_3/22_bessy2lo_56m_PGM_2Perc_coupling_errors_on_RP.rml
2025-02-08 00:57:23,169 - INFO - Prepared sim number: 23: RAYPy_Simulation_bessy2lo_56m_PGM_2Perc_coupling_errors_on_RP/round_3/23_bessy2lo_56m_PGM_2Perc_coupling_errors_on_RP.rml
2025-02-08 00:57:23,173 - INFO - Prepared sim number: 24: RAYPy_Simulation_bessy2lo_56m_PGM_2Perc_coupling_errors_on_RP/round_3/24_bessy2lo_56m_PGM_2Perc_coupling_errors_on_RP.rml
2025-02-08 00:57:23,177 - INFO - Prepared sim number: 25: RAYPy_Simulation_bessy2lo_56m_PGM_2Perc_coupling_errors_on_RP/round_3/25_bessy2lo_56m_PGM_2Perc_coupling_errors_on_RP.rml
2025-02-08 00:57:23,180 - INFO - Prepared sim number: 26: RAYPy_Simulation_bessy2lo_56m_PGM_2Perc_coupling_errors_on_RP/round_3/26_bessy2lo_56m_PGM_2Perc_coupling_errors_on_RP.rml
2025-02-08 00:57:23,184 - INFO - Prepared sim number: 27: RAYPy_Simulation_bessy2lo_56m_PGM_2Perc_coupling_errors_on_RP/round_3/27_bessy2lo_56m_PGM_2Perc_coupling_errors_on_RP.rml
2025-02-08 00:57:23,188 - INFO - Prepared sim number: 28: RAYPy_Simulation_bessy2lo_56m_PGM_2Perc_coupling_errors_on_RP/round_3/28_bessy2lo_56m_PGM_2Perc_coupling_errors_on_RP.rml
2025-02-08 00:57:23,191 - INFO - Prepared sim number: 29: RAYPy_Simulation_bessy2lo_56m_PGM_2Perc_coupling_errors_on_RP/round_3/29_bessy2lo_56m_PGM_2Perc_coupling_errors_on_RP.rml
2025-02-08 00:57:23,195 - INFO - Prepared sim number: 30: RAYPy_Simulation_bessy2lo_56m_PGM_2Perc_coupling_errors_on_RP/round_3/30_bessy2lo_56m_PGM_2Perc_coupling_errors_on_RP.rml
2025-02-08 00:57:23,198 - INFO - Prepared sim number: 31: RAYPy_Simulation_bessy2lo_56m_PGM_2Perc_coupling_errors_on_RP/round_3/31_bessy2lo_56m_PGM_2Perc_coupling_errors_on_RP.rml
2025-02-08 00:57:23,202 - INFO - Prepared sim number: 32: RAYPy_Simulation_bessy2lo_56m_PGM_2Perc_coupling_errors_on_RP/round_3/32_bessy2lo_56m_PGM_2Perc_coupling_errors_on_RP.rml
2025-02-08 00:57:23,206 - INFO - Prepared sim number: 33: RAYPy_Simulation_bessy2lo_56m_PGM_2Perc_coupling_errors_on_RP/round_3/33_bessy2lo_56m_PGM_2Perc_coupling_errors_on_RP.rml
2025-02-08 00:57:23,209 - INFO - Prepared sim number: 34: RAYPy_Simulation_bessy2lo_56m_PGM_2Perc_coupling_errors_on_RP/round_3/34_bessy2lo_56m_PGM_2Perc_coupling_errors_on_RP.rml
2025-02-08 00:57:23,213 - INFO - Prepared sim number: 35: RAYPy_Simulation_bessy2lo_56m_PGM_2Perc_coupling_errors_on_RP/round_3/35_bessy2lo_56m_PGM_2Perc_coupling_errors_on_RP.rml
2025-02-08 00:57:23,216 - INFO - Prepared sim number: 36: RAYPy_Simulation_bessy2lo_56m_PGM_2Perc_coupling_errors_on_RP/round_3/36_bessy2lo_56m_PGM_2Perc_coupling_errors_on_RP.rml
2025-02-08 00:57:23,220 - INFO - Prepared sim number: 37: RAYPy_Simulation_bessy2lo_56m_PGM_2Perc_coupling_errors_on_RP/round_3/37_bessy2lo_56m_PGM_2Perc_coupling_errors_on_RP.rml
2025-02-08 00:57:23,224 - INFO - Prepared sim number: 38: RAYPy_Simulation_bessy2lo_56m_PGM_2Perc_coupling_errors_on_RP/round_3/38_bessy2lo_56m_PGM_2Perc_coupling_errors_on_RP.rml
2025-02-08 00:57:23,228 - INFO - Prepared sim number: 39: RAYPy_Simulation_bessy2lo_56m_PGM_2Perc_coupling_errors_on_RP/round_3/39_bessy2lo_56m_PGM_2Perc_coupling_errors_on_RP.rml
2025-02-08 00:57:23,233 - INFO - Prepared sim number: 40: RAYPy_Simulation_bessy2lo_56m_PGM_2Perc_coupling_errors_on_RP/round_3/40_bessy2lo_56m_PGM_2Perc_coupling_errors_on_RP.rml
2025-02-08 00:57:23,237 - INFO - Prepared sim number: 41: RAYPy_Simulation_bessy2lo_56m_PGM_2Perc_coupling_errors_on_RP/round_3/41_bessy2lo_56m_PGM_2Perc_coupling_errors_on_RP.rml
2025-02-08 00:57:23,240 - INFO - Prepared sim number: 42: RAYPy_Simulation_bessy2lo_56m_PGM_2Perc_coupling_errors_on_RP/round_3/42_bessy2lo_56m_PGM_2Perc_coupling_errors_on_RP.rml
2025-02-08 00:57:23,244 - INFO - Prepared sim number: 43: RAYPy_Simulation_bessy2lo_56m_PGM_2Perc_coupling_errors_on_RP/round_3/43_bessy2lo_56m_PGM_2Perc_coupling_errors_on_RP.rml
2025-02-08 00:57:23,247 - INFO - Prepared sim number: 44: RAYPy_Simulation_bessy2lo_56m_PGM_2Perc_coupling_errors_on_RP/round_3/44_bessy2lo_56m_PGM_2Perc_coupling_errors_on_RP.rml
2025-02-08 00:57:23,252 - INFO - Prepared sim number: 45: RAYPy_Simulation_bessy2lo_56m_PGM_2Perc_coupling_errors_on_RP/round_3/45_bessy2lo_56m_PGM_2Perc_coupling_errors_on_RP.rml
2025-02-08 00:57:23,256 - INFO - Prepared sim number: 46: RAYPy_Simulation_bessy2lo_56m_PGM_2Perc_coupling_errors_on_RP/round_3/46_bessy2lo_56m_PGM_2Perc_coupling_errors_on_RP.rml
2025-02-08 00:57:23,261 - INFO - Prepared sim number: 47: RAYPy_Simulation_bessy2lo_56m_PGM_2Perc_coupling_errors_on_RP/round_3/47_bessy2lo_56m_PGM_2Perc_coupling_errors_on_RP.rml
2025-02-08 00:57:23,267 - INFO - Prepared sim number: 48: RAYPy_Simulation_bessy2lo_56m_PGM_2Perc_coupling_errors_on_RP/round_3/48_bessy2lo_56m_PGM_2Perc_coupling_errors_on_RP.rml
2025-02-08 00:57:23,272 - INFO - Prepared sim number: 49: RAYPy_Simulation_bessy2lo_56m_PGM_2Perc_coupling_errors_on_RP/round_3/49_bessy2lo_56m_PGM_2Perc_coupling_errors_on_RP.rml
2025-02-08 00:57:23,278 - INFO - Prepared sim number: 50: RAYPy_Simulation_bessy2lo_56m_PGM_2Perc_coupling_errors_on_RP/round_3/50_bessy2lo_56m_PGM_2Perc_coupling_errors_on_RP.rml
2025-02-08 00:57:23,278 - INFO - Waiting for batch number: 6, timeout: 21.908420383930206s
2025-02-08 00:57:25,278 - INFO - Completed: 1, remaining: 59, RAYPy_Simulation_bessy2lo_56m_PGM_2Perc_coupling_errors_on_RP/round_3/0_bessy2lo_56m_PGM_2Perc_coupling_errors_on_RP.rml
2025-02-08 00:57:25,411 - INFO - Completed: 2, remaining: 58, RAYPy_Simulation_bessy2lo_56m_PGM_2Perc_coupling_errors_on_RP/round_3/2_bessy2lo_56m_PGM_2Perc_coupling_errors_on_RP.rml
2025-02-08 00:57:25,419 - INFO - Completed: 3, remaining: 57, RAYPy_Simulation_bessy2lo_56m_PGM_2Perc_coupling_errors_on_RP/round_2/119_bessy2lo_56m_PGM_2Perc_coupling_errors_on_RP.rml
2025-02-08 00:57:25,452 - INFO - Completed: 4, remaining: 56, RAYPy_Simulation_bessy2lo_56m_PGM_2Perc_coupling_errors_on_RP/round_2/114_bessy2lo_56m_PGM_2Perc_coupling_errors_on_RP.rml
2025-02-08 00:57:25,616 - INFO - Completed: 5, remaining: 55, RAYPy_Simulation_bessy2lo_56m_PGM_2Perc_coupling_errors_on_RP/round_2/122_bessy2lo_56m_PGM_2Perc_coupling_errors_on_RP.rml
2025-02-08 00:57:25,679 - INFO - Completed: 6, remaining: 54, RAYPy_Simulation_bessy2lo_56m_PGM_2Perc_coupling_errors_on_RP/round_2/118_bessy2lo_56m_PGM_2Perc_coupling_errors_on_RP.rml
2025-02-08 00:57:28,415 - INFO - Completed: 7, remaining: 53, RAYPy_Simulation_bessy2lo_56m_PGM_2Perc_coupling_errors_on_RP/round_2/116_bessy2lo_56m_PGM_2Perc_coupling_errors_on_RP.rml
2025-02-08 00:57:28,599 - INFO - Completed: 8, remaining: 52, RAYPy_Simulation_bessy2lo_56m_PGM_2Perc_coupling_errors_on_RP/round_2/115_bessy2lo_56m_PGM_2Perc_coupling_errors_on_RP.rml
2025-02-08 00:57:28,655 - INFO - Completed: 9, remaining: 51, RAYPy_Simulation_bessy2lo_56m_PGM_2Perc_coupling_errors_on_RP/round_2/121_bessy2lo_56m_PGM_2Perc_coupling_errors_on_RP.rml
2025-02-08 00:57:28,748 - INFO - Completed: 10, remaining: 50, RAYPy_Simulation_bessy2lo_56m_PGM_2Perc_coupling_errors_on_RP/round_3/1_bessy2lo_56m_PGM_2Perc_coupling_errors_on_RP.rml
2025-02-08 00:57:28,866 - INFO - Completed: 11, remaining: 49, RAYPy_Simulation_bessy2lo_56m_PGM_2Perc_coupling_errors_on_RP/round_3/5_bessy2lo_56m_PGM_2Perc_coupling_errors_on_RP.rml
2025-02-08 00:57:29,071 - INFO - Completed: 12, remaining: 48, RAYPy_Simulation_bessy2lo_56m_PGM_2Perc_coupling_errors_on_RP/round_3/6_bessy2lo_56m_PGM_2Perc_coupling_errors_on_RP.rml
2025-02-08 00:57:29,094 - INFO - Completed: 13, remaining: 47, RAYPy_Simulation_bessy2lo_56m_PGM_2Perc_coupling_errors_on_RP/round_3/4_bessy2lo_56m_PGM_2Perc_coupling_errors_on_RP.rml
2025-02-08 00:57:29,191 - INFO - Completed: 14, remaining: 46, RAYPy_Simulation_bessy2lo_56m_PGM_2Perc_coupling_errors_on_RP/round_3/3_bessy2lo_56m_PGM_2Perc_coupling_errors_on_RP.rml
2025-02-08 00:57:29,257 - INFO - Completed: 15, remaining: 45, RAYPy_Simulation_bessy2lo_56m_PGM_2Perc_coupling_errors_on_RP/round_3/8_bessy2lo_56m_PGM_2Perc_coupling_errors_on_RP.rml
2025-02-08 00:57:29,298 - INFO - Completed: 16, remaining: 44, RAYPy_Simulation_bessy2lo_56m_PGM_2Perc_coupling_errors_on_RP/round_2/120_bessy2lo_56m_PGM_2Perc_coupling_errors_on_RP.rml
2025-02-08 00:57:29,421 - INFO - Completed: 17, remaining: 43, RAYPy_Simulation_bessy2lo_56m_PGM_2Perc_coupling_errors_on_RP/round_3/7_bessy2lo_56m_PGM_2Perc_coupling_errors_on_RP.rml
2025-02-08 00:57:29,618 - INFO - Completed: 18, remaining: 42, RAYPy_Simulation_bessy2lo_56m_PGM_2Perc_coupling_errors_on_RP/round_2/117_bessy2lo_56m_PGM_2Perc_coupling_errors_on_RP.rml
2025-02-08 00:57:32,001 - INFO - Completed: 19, remaining: 41, RAYPy_Simulation_bessy2lo_56m_PGM_2Perc_coupling_errors_on_RP/round_3/9_bessy2lo_56m_PGM_2Perc_coupling_errors_on_RP.rml
2025-02-08 00:57:32,321 - INFO - Completed: 20, remaining: 40, RAYPy_Simulation_bessy2lo_56m_PGM_2Perc_coupling_errors_on_RP/round_3/10_bessy2lo_56m_PGM_2Perc_coupling_errors_on_RP.rml
2025-02-08 00:57:32,509 - INFO - Completed: 21, remaining: 39, RAYPy_Simulation_bessy2lo_56m_PGM_2Perc_coupling_errors_on_RP/round_3/12_bessy2lo_56m_PGM_2Perc_coupling_errors_on_RP.rml
2025-02-08 00:57:32,764 - INFO - Completed: 22, remaining: 38, RAYPy_Simulation_bessy2lo_56m_PGM_2Perc_coupling_errors_on_RP/round_3/11_bessy2lo_56m_PGM_2Perc_coupling_errors_on_RP.rml
2025-02-08 00:57:32,875 - INFO - Completed: 23, remaining: 37, RAYPy_Simulation_bessy2lo_56m_PGM_2Perc_coupling_errors_on_RP/round_3/15_bessy2lo_56m_PGM_2Perc_coupling_errors_on_RP.rml
2025-02-08 00:57:32,969 - INFO - Completed: 24, remaining: 36, RAYPy_Simulation_bessy2lo_56m_PGM_2Perc_coupling_errors_on_RP/round_3/13_bessy2lo_56m_PGM_2Perc_coupling_errors_on_RP.rml
2025-02-08 00:57:33,093 - INFO - Completed: 25, remaining: 35, RAYPy_Simulation_bessy2lo_56m_PGM_2Perc_coupling_errors_on_RP/round_3/14_bessy2lo_56m_PGM_2Perc_coupling_errors_on_RP.rml
2025-02-08 00:57:33,238 - INFO - Completed: 26, remaining: 34, RAYPy_Simulation_bessy2lo_56m_PGM_2Perc_coupling_errors_on_RP/round_3/18_bessy2lo_56m_PGM_2Perc_coupling_errors_on_RP.rml
2025-02-08 00:57:33,281 - INFO - Completed: 27, remaining: 33, RAYPy_Simulation_bessy2lo_56m_PGM_2Perc_coupling_errors_on_RP/round_3/19_bessy2lo_56m_PGM_2Perc_coupling_errors_on_RP.rml
2025-02-08 00:57:33,301 - INFO - Completed: 28, remaining: 32, RAYPy_Simulation_bessy2lo_56m_PGM_2Perc_coupling_errors_on_RP/round_3/17_bessy2lo_56m_PGM_2Perc_coupling_errors_on_RP.rml
2025-02-08 00:57:33,351 - INFO - Completed: 29, remaining: 31, RAYPy_Simulation_bessy2lo_56m_PGM_2Perc_coupling_errors_on_RP/round_3/16_bessy2lo_56m_PGM_2Perc_coupling_errors_on_RP.rml
2025-02-08 00:57:33,478 - INFO - Completed: 30, remaining: 30, RAYPy_Simulation_bessy2lo_56m_PGM_2Perc_coupling_errors_on_RP/round_3/20_bessy2lo_56m_PGM_2Perc_coupling_errors_on_RP.rml
2025-02-08 00:57:35,714 - INFO - Completed: 31, remaining: 29, RAYPy_Simulation_bessy2lo_56m_PGM_2Perc_coupling_errors_on_RP/round_3/21_bessy2lo_56m_PGM_2Perc_coupling_errors_on_RP.rml
2025-02-08 00:57:36,002 - INFO - Completed: 32, remaining: 28, RAYPy_Simulation_bessy2lo_56m_PGM_2Perc_coupling_errors_on_RP/round_3/22_bessy2lo_56m_PGM_2Perc_coupling_errors_on_RP.rml
2025-02-08 00:57:36,340 - INFO - Completed: 33, remaining: 27, RAYPy_Simulation_bessy2lo_56m_PGM_2Perc_coupling_errors_on_RP/round_3/23_bessy2lo_56m_PGM_2Perc_coupling_errors_on_RP.rml
2025-02-08 00:57:36,590 - INFO - Completed: 34, remaining: 26, RAYPy_Simulation_bessy2lo_56m_PGM_2Perc_coupling_errors_on_RP/round_3/24_bessy2lo_56m_PGM_2Perc_coupling_errors_on_RP.rml
2025-02-08 00:57:36,964 - INFO - Completed: 35, remaining: 25, RAYPy_Simulation_bessy2lo_56m_PGM_2Perc_coupling_errors_on_RP/round_3/25_bessy2lo_56m_PGM_2Perc_coupling_errors_on_RP.rml
2025-02-08 00:57:37,057 - INFO - Completed: 36, remaining: 24, RAYPy_Simulation_bessy2lo_56m_PGM_2Perc_coupling_errors_on_RP/round_3/26_bessy2lo_56m_PGM_2Perc_coupling_errors_on_RP.rml
2025-02-08 00:57:37,263 - INFO - Completed: 37, remaining: 23, RAYPy_Simulation_bessy2lo_56m_PGM_2Perc_coupling_errors_on_RP/round_3/30_bessy2lo_56m_PGM_2Perc_coupling_errors_on_RP.rml
2025-02-08 00:57:37,349 - INFO - Completed: 38, remaining: 22, RAYPy_Simulation_bessy2lo_56m_PGM_2Perc_coupling_errors_on_RP/round_3/31_bessy2lo_56m_PGM_2Perc_coupling_errors_on_RP.rml
2025-02-08 00:57:37,419 - INFO - Completed: 39, remaining: 21, RAYPy_Simulation_bessy2lo_56m_PGM_2Perc_coupling_errors_on_RP/round_3/28_bessy2lo_56m_PGM_2Perc_coupling_errors_on_RP.rml
2025-02-08 00:57:37,464 - INFO - Completed: 40, remaining: 20, RAYPy_Simulation_bessy2lo_56m_PGM_2Perc_coupling_errors_on_RP/round_3/27_bessy2lo_56m_PGM_2Perc_coupling_errors_on_RP.rml
2025-02-08 00:57:37,572 - INFO - Completed: 41, remaining: 19, RAYPy_Simulation_bessy2lo_56m_PGM_2Perc_coupling_errors_on_RP/round_3/32_bessy2lo_56m_PGM_2Perc_coupling_errors_on_RP.rml
2025-02-08 00:57:37,624 - INFO - Completed: 42, remaining: 18, RAYPy_Simulation_bessy2lo_56m_PGM_2Perc_coupling_errors_on_RP/round_3/29_bessy2lo_56m_PGM_2Perc_coupling_errors_on_RP.rml
2025-02-08 00:57:39,768 - INFO - Completed: 43, remaining: 17, RAYPy_Simulation_bessy2lo_56m_PGM_2Perc_coupling_errors_on_RP/round_3/33_bessy2lo_56m_PGM_2Perc_coupling_errors_on_RP.rml
2025-02-08 00:57:39,876 - INFO - Completed: 44, remaining: 16, RAYPy_Simulation_bessy2lo_56m_PGM_2Perc_coupling_errors_on_RP/round_3/34_bessy2lo_56m_PGM_2Perc_coupling_errors_on_RP.rml
2025-02-08 00:57:40,181 - INFO - Completed: 45, remaining: 15, RAYPy_Simulation_bessy2lo_56m_PGM_2Perc_coupling_errors_on_RP/round_3/35_bessy2lo_56m_PGM_2Perc_coupling_errors_on_RP.rml
2025-02-08 00:57:40,230 - INFO - Completed: 46, remaining: 14, RAYPy_Simulation_bessy2lo_56m_PGM_2Perc_coupling_errors_on_RP/round_3/36_bessy2lo_56m_PGM_2Perc_coupling_errors_on_RP.rml
2025-02-08 00:57:40,714 - INFO - Completed: 47, remaining: 13, RAYPy_Simulation_bessy2lo_56m_PGM_2Perc_coupling_errors_on_RP/round_3/41_bessy2lo_56m_PGM_2Perc_coupling_errors_on_RP.rml
2025-02-08 00:57:40,792 - INFO - Completed: 48, remaining: 12, RAYPy_Simulation_bessy2lo_56m_PGM_2Perc_coupling_errors_on_RP/round_3/42_bessy2lo_56m_PGM_2Perc_coupling_errors_on_RP.rml
2025-02-08 00:57:40,827 - INFO - Completed: 49, remaining: 11, RAYPy_Simulation_bessy2lo_56m_PGM_2Perc_coupling_errors_on_RP/round_3/43_bessy2lo_56m_PGM_2Perc_coupling_errors_on_RP.rml
2025-02-08 00:57:41,038 - INFO - Completed: 50, remaining: 10, RAYPy_Simulation_bessy2lo_56m_PGM_2Perc_coupling_errors_on_RP/round_3/38_bessy2lo_56m_PGM_2Perc_coupling_errors_on_RP.rml
2025-02-08 00:57:41,052 - INFO - Completed: 51, remaining: 9, RAYPy_Simulation_bessy2lo_56m_PGM_2Perc_coupling_errors_on_RP/round_3/44_bessy2lo_56m_PGM_2Perc_coupling_errors_on_RP.rml
2025-02-08 00:57:41,311 - INFO - Completed: 52, remaining: 8, RAYPy_Simulation_bessy2lo_56m_PGM_2Perc_coupling_errors_on_RP/round_3/40_bessy2lo_56m_PGM_2Perc_coupling_errors_on_RP.rml
2025-02-08 00:57:41,327 - INFO - Completed: 53, remaining: 7, RAYPy_Simulation_bessy2lo_56m_PGM_2Perc_coupling_errors_on_RP/round_3/39_bessy2lo_56m_PGM_2Perc_coupling_errors_on_RP.rml
2025-02-08 00:57:41,459 - INFO - Completed: 54, remaining: 6, RAYPy_Simulation_bessy2lo_56m_PGM_2Perc_coupling_errors_on_RP/round_3/37_bessy2lo_56m_PGM_2Perc_coupling_errors_on_RP.rml
2025-02-08 00:57:42,642 - INFO - Completed: 55, remaining: 5, RAYPy_Simulation_bessy2lo_56m_PGM_2Perc_coupling_errors_on_RP/round_3/46_bessy2lo_56m_PGM_2Perc_coupling_errors_on_RP.rml
2025-02-08 00:57:42,712 - INFO - Completed: 56, remaining: 4, RAYPy_Simulation_bessy2lo_56m_PGM_2Perc_coupling_errors_on_RP/round_3/45_bessy2lo_56m_PGM_2Perc_coupling_errors_on_RP.rml
2025-02-08 00:57:42,760 - INFO - Completed: 57, remaining: 3, RAYPy_Simulation_bessy2lo_56m_PGM_2Perc_coupling_errors_on_RP/round_3/48_bessy2lo_56m_PGM_2Perc_coupling_errors_on_RP.rml
2025-02-08 00:57:43,012 - INFO - Completed: 58, remaining: 2, RAYPy_Simulation_bessy2lo_56m_PGM_2Perc_coupling_errors_on_RP/round_3/47_bessy2lo_56m_PGM_2Perc_coupling_errors_on_RP.rml
2025-02-08 00:57:43,022 - INFO - Completed: 59, remaining: 1, RAYPy_Simulation_bessy2lo_56m_PGM_2Perc_coupling_errors_on_RP/round_3/50_bessy2lo_56m_PGM_2Perc_coupling_errors_on_RP.rml
2025-02-08 00:57:43,062 - INFO - Completed: 60, remaining: 0, RAYPy_Simulation_bessy2lo_56m_PGM_2Perc_coupling_errors_on_RP/round_3/49_bessy2lo_56m_PGM_2Perc_coupling_errors_on_RP.rml
2025-02-08 00:57:43,062 - INFO - Batch Completed
2025-02-08 00:57:43,062 - INFO - Waiting For batch, 60 simulations to go
2025-02-08 00:57:43,068 - INFO - Prepared sim number: 51: RAYPy_Simulation_bessy2lo_56m_PGM_2Perc_coupling_errors_on_RP/round_3/51_bessy2lo_56m_PGM_2Perc_coupling_errors_on_RP.rml
2025-02-08 00:57:43,074 - INFO - Prepared sim number: 52: RAYPy_Simulation_bessy2lo_56m_PGM_2Perc_coupling_errors_on_RP/round_3/52_bessy2lo_56m_PGM_2Perc_coupling_errors_on_RP.rml
2025-02-08 00:57:43,079 - INFO - Prepared sim number: 53: RAYPy_Simulation_bessy2lo_56m_PGM_2Perc_coupling_errors_on_RP/round_3/53_bessy2lo_56m_PGM_2Perc_coupling_errors_on_RP.rml
2025-02-08 00:57:43,083 - INFO - Prepared sim number: 54: RAYPy_Simulation_bessy2lo_56m_PGM_2Perc_coupling_errors_on_RP/round_3/54_bessy2lo_56m_PGM_2Perc_coupling_errors_on_RP.rml
2025-02-08 00:57:43,087 - INFO - Prepared sim number: 55: RAYPy_Simulation_bessy2lo_56m_PGM_2Perc_coupling_errors_on_RP/round_3/55_bessy2lo_56m_PGM_2Perc_coupling_errors_on_RP.rml
2025-02-08 00:57:43,091 - INFO - Prepared sim number: 56: RAYPy_Simulation_bessy2lo_56m_PGM_2Perc_coupling_errors_on_RP/round_3/56_bessy2lo_56m_PGM_2Perc_coupling_errors_on_RP.rml
2025-02-08 00:57:43,098 - INFO - Prepared sim number: 57: RAYPy_Simulation_bessy2lo_56m_PGM_2Perc_coupling_errors_on_RP/round_3/57_bessy2lo_56m_PGM_2Perc_coupling_errors_on_RP.rml
2025-02-08 00:57:43,103 - INFO - Prepared sim number: 58: RAYPy_Simulation_bessy2lo_56m_PGM_2Perc_coupling_errors_on_RP/round_3/58_bessy2lo_56m_PGM_2Perc_coupling_errors_on_RP.rml
2025-02-08 00:57:43,107 - INFO - Prepared sim number: 59: RAYPy_Simulation_bessy2lo_56m_PGM_2Perc_coupling_errors_on_RP/round_3/59_bessy2lo_56m_PGM_2Perc_coupling_errors_on_RP.rml
2025-02-08 00:57:43,111 - INFO - Prepared sim number: 60: RAYPy_Simulation_bessy2lo_56m_PGM_2Perc_coupling_errors_on_RP/round_3/60_bessy2lo_56m_PGM_2Perc_coupling_errors_on_RP.rml
2025-02-08 00:57:43,115 - INFO - Prepared sim number: 61: RAYPy_Simulation_bessy2lo_56m_PGM_2Perc_coupling_errors_on_RP/round_3/61_bessy2lo_56m_PGM_2Perc_coupling_errors_on_RP.rml
2025-02-08 00:57:43,119 - INFO - Prepared sim number: 62: RAYPy_Simulation_bessy2lo_56m_PGM_2Perc_coupling_errors_on_RP/round_3/62_bessy2lo_56m_PGM_2Perc_coupling_errors_on_RP.rml
2025-02-08 00:57:43,124 - INFO - Prepared sim number: 63: RAYPy_Simulation_bessy2lo_56m_PGM_2Perc_coupling_errors_on_RP/round_3/63_bessy2lo_56m_PGM_2Perc_coupling_errors_on_RP.rml
2025-02-08 00:57:43,128 - INFO - Prepared sim number: 64: RAYPy_Simulation_bessy2lo_56m_PGM_2Perc_coupling_errors_on_RP/round_3/64_bessy2lo_56m_PGM_2Perc_coupling_errors_on_RP.rml
2025-02-08 00:57:43,132 - INFO - Prepared sim number: 65: RAYPy_Simulation_bessy2lo_56m_PGM_2Perc_coupling_errors_on_RP/round_3/65_bessy2lo_56m_PGM_2Perc_coupling_errors_on_RP.rml
2025-02-08 00:57:43,137 - INFO - Prepared sim number: 66: RAYPy_Simulation_bessy2lo_56m_PGM_2Perc_coupling_errors_on_RP/round_3/66_bessy2lo_56m_PGM_2Perc_coupling_errors_on_RP.rml
2025-02-08 00:57:43,141 - INFO - Prepared sim number: 67: RAYPy_Simulation_bessy2lo_56m_PGM_2Perc_coupling_errors_on_RP/round_3/67_bessy2lo_56m_PGM_2Perc_coupling_errors_on_RP.rml
2025-02-08 00:57:43,145 - INFO - Prepared sim number: 68: RAYPy_Simulation_bessy2lo_56m_PGM_2Perc_coupling_errors_on_RP/round_3/68_bessy2lo_56m_PGM_2Perc_coupling_errors_on_RP.rml
2025-02-08 00:57:43,149 - INFO - Prepared sim number: 69: RAYPy_Simulation_bessy2lo_56m_PGM_2Perc_coupling_errors_on_RP/round_3/69_bessy2lo_56m_PGM_2Perc_coupling_errors_on_RP.rml
2025-02-08 00:57:43,153 - INFO - Prepared sim number: 70: RAYPy_Simulation_bessy2lo_56m_PGM_2Perc_coupling_errors_on_RP/round_3/70_bessy2lo_56m_PGM_2Perc_coupling_errors_on_RP.rml
2025-02-08 00:57:43,156 - INFO - Prepared sim number: 71: RAYPy_Simulation_bessy2lo_56m_PGM_2Perc_coupling_errors_on_RP/round_3/71_bessy2lo_56m_PGM_2Perc_coupling_errors_on_RP.rml
2025-02-08 00:57:43,160 - INFO - Prepared sim number: 72: RAYPy_Simulation_bessy2lo_56m_PGM_2Perc_coupling_errors_on_RP/round_3/72_bessy2lo_56m_PGM_2Perc_coupling_errors_on_RP.rml
2025-02-08 00:57:43,163 - INFO - Prepared sim number: 73: RAYPy_Simulation_bessy2lo_56m_PGM_2Perc_coupling_errors_on_RP/round_3/73_bessy2lo_56m_PGM_2Perc_coupling_errors_on_RP.rml
2025-02-08 00:57:43,167 - INFO - Prepared sim number: 74: RAYPy_Simulation_bessy2lo_56m_PGM_2Perc_coupling_errors_on_RP/round_3/74_bessy2lo_56m_PGM_2Perc_coupling_errors_on_RP.rml
2025-02-08 00:57:43,170 - INFO - Prepared sim number: 75: RAYPy_Simulation_bessy2lo_56m_PGM_2Perc_coupling_errors_on_RP/round_3/75_bessy2lo_56m_PGM_2Perc_coupling_errors_on_RP.rml
2025-02-08 00:57:43,173 - INFO - Prepared sim number: 76: RAYPy_Simulation_bessy2lo_56m_PGM_2Perc_coupling_errors_on_RP/round_3/76_bessy2lo_56m_PGM_2Perc_coupling_errors_on_RP.rml
2025-02-08 00:57:43,176 - INFO - Prepared sim number: 77: RAYPy_Simulation_bessy2lo_56m_PGM_2Perc_coupling_errors_on_RP/round_3/77_bessy2lo_56m_PGM_2Perc_coupling_errors_on_RP.rml
2025-02-08 00:57:43,180 - INFO - Prepared sim number: 78: RAYPy_Simulation_bessy2lo_56m_PGM_2Perc_coupling_errors_on_RP/round_3/78_bessy2lo_56m_PGM_2Perc_coupling_errors_on_RP.rml
2025-02-08 00:57:43,183 - INFO - Prepared sim number: 79: RAYPy_Simulation_bessy2lo_56m_PGM_2Perc_coupling_errors_on_RP/round_3/79_bessy2lo_56m_PGM_2Perc_coupling_errors_on_RP.rml
2025-02-08 00:57:43,187 - INFO - Prepared sim number: 80: RAYPy_Simulation_bessy2lo_56m_PGM_2Perc_coupling_errors_on_RP/round_3/80_bessy2lo_56m_PGM_2Perc_coupling_errors_on_RP.rml
2025-02-08 00:57:43,190 - INFO - Prepared sim number: 81: RAYPy_Simulation_bessy2lo_56m_PGM_2Perc_coupling_errors_on_RP/round_3/81_bessy2lo_56m_PGM_2Perc_coupling_errors_on_RP.rml
2025-02-08 00:57:43,194 - INFO - Prepared sim number: 82: RAYPy_Simulation_bessy2lo_56m_PGM_2Perc_coupling_errors_on_RP/round_3/82_bessy2lo_56m_PGM_2Perc_coupling_errors_on_RP.rml
2025-02-08 00:57:43,197 - INFO - Prepared sim number: 83: RAYPy_Simulation_bessy2lo_56m_PGM_2Perc_coupling_errors_on_RP/round_3/83_bessy2lo_56m_PGM_2Perc_coupling_errors_on_RP.rml
2025-02-08 00:57:43,200 - INFO - Prepared sim number: 84: RAYPy_Simulation_bessy2lo_56m_PGM_2Perc_coupling_errors_on_RP/round_3/84_bessy2lo_56m_PGM_2Perc_coupling_errors_on_RP.rml
2025-02-08 00:57:43,203 - INFO - Prepared sim number: 85: RAYPy_Simulation_bessy2lo_56m_PGM_2Perc_coupling_errors_on_RP/round_3/85_bessy2lo_56m_PGM_2Perc_coupling_errors_on_RP.rml
2025-02-08 00:57:43,207 - INFO - Prepared sim number: 86: RAYPy_Simulation_bessy2lo_56m_PGM_2Perc_coupling_errors_on_RP/round_3/86_bessy2lo_56m_PGM_2Perc_coupling_errors_on_RP.rml
2025-02-08 00:57:43,210 - INFO - Prepared sim number: 87: RAYPy_Simulation_bessy2lo_56m_PGM_2Perc_coupling_errors_on_RP/round_3/87_bessy2lo_56m_PGM_2Perc_coupling_errors_on_RP.rml
2025-02-08 00:57:43,213 - INFO - Prepared sim number: 88: RAYPy_Simulation_bessy2lo_56m_PGM_2Perc_coupling_errors_on_RP/round_3/88_bessy2lo_56m_PGM_2Perc_coupling_errors_on_RP.rml
2025-02-08 00:57:43,216 - INFO - Prepared sim number: 89: RAYPy_Simulation_bessy2lo_56m_PGM_2Perc_coupling_errors_on_RP/round_3/89_bessy2lo_56m_PGM_2Perc_coupling_errors_on_RP.rml
2025-02-08 00:57:43,219 - INFO - Prepared sim number: 90: RAYPy_Simulation_bessy2lo_56m_PGM_2Perc_coupling_errors_on_RP/round_3/90_bessy2lo_56m_PGM_2Perc_coupling_errors_on_RP.rml
2025-02-08 00:57:43,222 - INFO - Prepared sim number: 91: RAYPy_Simulation_bessy2lo_56m_PGM_2Perc_coupling_errors_on_RP/round_3/91_bessy2lo_56m_PGM_2Perc_coupling_errors_on_RP.rml
2025-02-08 00:57:43,225 - INFO - Prepared sim number: 92: RAYPy_Simulation_bessy2lo_56m_PGM_2Perc_coupling_errors_on_RP/round_3/92_bessy2lo_56m_PGM_2Perc_coupling_errors_on_RP.rml
2025-02-08 00:57:43,228 - INFO - Prepared sim number: 93: RAYPy_Simulation_bessy2lo_56m_PGM_2Perc_coupling_errors_on_RP/round_3/93_bessy2lo_56m_PGM_2Perc_coupling_errors_on_RP.rml
2025-02-08 00:57:43,232 - INFO - Prepared sim number: 94: RAYPy_Simulation_bessy2lo_56m_PGM_2Perc_coupling_errors_on_RP/round_3/94_bessy2lo_56m_PGM_2Perc_coupling_errors_on_RP.rml
2025-02-08 00:57:43,235 - INFO - Prepared sim number: 95: RAYPy_Simulation_bessy2lo_56m_PGM_2Perc_coupling_errors_on_RP/round_3/95_bessy2lo_56m_PGM_2Perc_coupling_errors_on_RP.rml
2025-02-08 00:57:43,239 - INFO - Prepared sim number: 96: RAYPy_Simulation_bessy2lo_56m_PGM_2Perc_coupling_errors_on_RP/round_3/96_bessy2lo_56m_PGM_2Perc_coupling_errors_on_RP.rml
2025-02-08 00:57:43,242 - INFO - Prepared sim number: 97: RAYPy_Simulation_bessy2lo_56m_PGM_2Perc_coupling_errors_on_RP/round_3/97_bessy2lo_56m_PGM_2Perc_coupling_errors_on_RP.rml
2025-02-08 00:57:43,245 - INFO - Prepared sim number: 98: RAYPy_Simulation_bessy2lo_56m_PGM_2Perc_coupling_errors_on_RP/round_3/98_bessy2lo_56m_PGM_2Perc_coupling_errors_on_RP.rml
2025-02-08 00:57:43,248 - INFO - Prepared sim number: 99: RAYPy_Simulation_bessy2lo_56m_PGM_2Perc_coupling_errors_on_RP/round_3/99_bessy2lo_56m_PGM_2Perc_coupling_errors_on_RP.rml
2025-02-08 00:57:43,251 - INFO - Prepared sim number: 100: RAYPy_Simulation_bessy2lo_56m_PGM_2Perc_coupling_errors_on_RP/round_3/100_bessy2lo_56m_PGM_2Perc_coupling_errors_on_RP.rml
2025-02-08 00:57:43,255 - INFO - Prepared sim number: 101: RAYPy_Simulation_bessy2lo_56m_PGM_2Perc_coupling_errors_on_RP/round_3/101_bessy2lo_56m_PGM_2Perc_coupling_errors_on_RP.rml
2025-02-08 00:57:43,258 - INFO - Prepared sim number: 102: RAYPy_Simulation_bessy2lo_56m_PGM_2Perc_coupling_errors_on_RP/round_3/102_bessy2lo_56m_PGM_2Perc_coupling_errors_on_RP.rml
2025-02-08 00:57:43,261 - INFO - Prepared sim number: 103: RAYPy_Simulation_bessy2lo_56m_PGM_2Perc_coupling_errors_on_RP/round_3/103_bessy2lo_56m_PGM_2Perc_coupling_errors_on_RP.rml
2025-02-08 00:57:43,264 - INFO - Prepared sim number: 104: RAYPy_Simulation_bessy2lo_56m_PGM_2Perc_coupling_errors_on_RP/round_3/104_bessy2lo_56m_PGM_2Perc_coupling_errors_on_RP.rml
2025-02-08 00:57:43,267 - INFO - Prepared sim number: 105: RAYPy_Simulation_bessy2lo_56m_PGM_2Perc_coupling_errors_on_RP/round_3/105_bessy2lo_56m_PGM_2Perc_coupling_errors_on_RP.rml
2025-02-08 00:57:43,271 - INFO - Prepared sim number: 106: RAYPy_Simulation_bessy2lo_56m_PGM_2Perc_coupling_errors_on_RP/round_3/106_bessy2lo_56m_PGM_2Perc_coupling_errors_on_RP.rml
2025-02-08 00:57:43,274 - INFO - Prepared sim number: 107: RAYPy_Simulation_bessy2lo_56m_PGM_2Perc_coupling_errors_on_RP/round_3/107_bessy2lo_56m_PGM_2Perc_coupling_errors_on_RP.rml
2025-02-08 00:57:43,278 - INFO - Prepared sim number: 108: RAYPy_Simulation_bessy2lo_56m_PGM_2Perc_coupling_errors_on_RP/round_3/108_bessy2lo_56m_PGM_2Perc_coupling_errors_on_RP.rml
2025-02-08 00:57:43,281 - INFO - Prepared sim number: 109: RAYPy_Simulation_bessy2lo_56m_PGM_2Perc_coupling_errors_on_RP/round_3/109_bessy2lo_56m_PGM_2Perc_coupling_errors_on_RP.rml
2025-02-08 00:57:43,285 - INFO - Prepared sim number: 110: RAYPy_Simulation_bessy2lo_56m_PGM_2Perc_coupling_errors_on_RP/round_3/110_bessy2lo_56m_PGM_2Perc_coupling_errors_on_RP.rml
2025-02-08 00:57:43,286 - INFO - Waiting for batch number: 7, timeout: 21.99063548019954s
2025-02-08 00:57:45,816 - INFO - Completed: 1, remaining: 59, RAYPy_Simulation_bessy2lo_56m_PGM_2Perc_coupling_errors_on_RP/round_3/51_bessy2lo_56m_PGM_2Perc_coupling_errors_on_RP.rml
2025-02-08 00:57:45,859 - INFO - Completed: 2, remaining: 58, RAYPy_Simulation_bessy2lo_56m_PGM_2Perc_coupling_errors_on_RP/round_3/57_bessy2lo_56m_PGM_2Perc_coupling_errors_on_RP.rml
2025-02-08 00:57:45,887 - INFO - Completed: 3, remaining: 57, RAYPy_Simulation_bessy2lo_56m_PGM_2Perc_coupling_errors_on_RP/round_3/56_bessy2lo_56m_PGM_2Perc_coupling_errors_on_RP.rml
2025-02-08 00:57:45,921 - INFO - Completed: 4, remaining: 56, RAYPy_Simulation_bessy2lo_56m_PGM_2Perc_coupling_errors_on_RP/round_3/62_bessy2lo_56m_PGM_2Perc_coupling_errors_on_RP.rml
2025-02-08 00:57:46,114 - INFO - Completed: 5, remaining: 55, RAYPy_Simulation_bessy2lo_56m_PGM_2Perc_coupling_errors_on_RP/round_3/61_bessy2lo_56m_PGM_2Perc_coupling_errors_on_RP.rml
2025-02-08 00:57:46,161 - INFO - Completed: 6, remaining: 54, RAYPy_Simulation_bessy2lo_56m_PGM_2Perc_coupling_errors_on_RP/round_3/59_bessy2lo_56m_PGM_2Perc_coupling_errors_on_RP.rml
2025-02-08 00:57:46,313 - INFO - Completed: 7, remaining: 53, RAYPy_Simulation_bessy2lo_56m_PGM_2Perc_coupling_errors_on_RP/round_3/55_bessy2lo_56m_PGM_2Perc_coupling_errors_on_RP.rml
2025-02-08 00:57:46,431 - INFO - Completed: 8, remaining: 52, RAYPy_Simulation_bessy2lo_56m_PGM_2Perc_coupling_errors_on_RP/round_3/53_bessy2lo_56m_PGM_2Perc_coupling_errors_on_RP.rml
2025-02-08 00:57:48,645 - INFO - Completed: 9, remaining: 51, RAYPy_Simulation_bessy2lo_56m_PGM_2Perc_coupling_errors_on_RP/round_3/54_bessy2lo_56m_PGM_2Perc_coupling_errors_on_RP.rml
2025-02-08 00:57:48,875 - INFO - Completed: 10, remaining: 50, RAYPy_Simulation_bessy2lo_56m_PGM_2Perc_coupling_errors_on_RP/round_3/60_bessy2lo_56m_PGM_2Perc_coupling_errors_on_RP.rml
2025-02-08 00:57:48,974 - INFO - Completed: 11, remaining: 49, RAYPy_Simulation_bessy2lo_56m_PGM_2Perc_coupling_errors_on_RP/round_3/52_bessy2lo_56m_PGM_2Perc_coupling_errors_on_RP.rml
2025-02-08 00:57:49,124 - INFO - Completed: 12, remaining: 48, RAYPy_Simulation_bessy2lo_56m_PGM_2Perc_coupling_errors_on_RP/round_3/58_bessy2lo_56m_PGM_2Perc_coupling_errors_on_RP.rml
2025-02-08 00:57:49,563 - INFO - Completed: 13, remaining: 47, RAYPy_Simulation_bessy2lo_56m_PGM_2Perc_coupling_errors_on_RP/round_3/65_bessy2lo_56m_PGM_2Perc_coupling_errors_on_RP.rml
2025-02-08 00:57:49,572 - INFO - Completed: 14, remaining: 46, RAYPy_Simulation_bessy2lo_56m_PGM_2Perc_coupling_errors_on_RP/round_3/64_bessy2lo_56m_PGM_2Perc_coupling_errors_on_RP.rml
2025-02-08 00:57:49,626 - INFO - Completed: 15, remaining: 45, RAYPy_Simulation_bessy2lo_56m_PGM_2Perc_coupling_errors_on_RP/round_3/63_bessy2lo_56m_PGM_2Perc_coupling_errors_on_RP.rml
2025-02-08 00:57:49,734 - INFO - Completed: 16, remaining: 44, RAYPy_Simulation_bessy2lo_56m_PGM_2Perc_coupling_errors_on_RP/round_3/66_bessy2lo_56m_PGM_2Perc_coupling_errors_on_RP.rml
2025-02-08 00:57:49,907 - INFO - Completed: 17, remaining: 43, RAYPy_Simulation_bessy2lo_56m_PGM_2Perc_coupling_errors_on_RP/round_3/67_bessy2lo_56m_PGM_2Perc_coupling_errors_on_RP.rml
2025-02-08 00:57:50,050 - INFO - Completed: 18, remaining: 42, RAYPy_Simulation_bessy2lo_56m_PGM_2Perc_coupling_errors_on_RP/round_3/68_bessy2lo_56m_PGM_2Perc_coupling_errors_on_RP.rml
2025-02-08 00:57:50,077 - INFO - Completed: 19, remaining: 41, RAYPy_Simulation_bessy2lo_56m_PGM_2Perc_coupling_errors_on_RP/round_3/69_bessy2lo_56m_PGM_2Perc_coupling_errors_on_RP.rml
2025-02-08 00:57:50,968 - INFO - Completed: 20, remaining: 40, RAYPy_Simulation_bessy2lo_56m_PGM_2Perc_coupling_errors_on_RP/round_3/70_bessy2lo_56m_PGM_2Perc_coupling_errors_on_RP.rml
2025-02-08 00:57:52,450 - INFO - Completed: 21, remaining: 39, RAYPy_Simulation_bessy2lo_56m_PGM_2Perc_coupling_errors_on_RP/round_3/71_bessy2lo_56m_PGM_2Perc_coupling_errors_on_RP.rml
2025-02-08 00:57:52,507 - INFO - Completed: 22, remaining: 38, RAYPy_Simulation_bessy2lo_56m_PGM_2Perc_coupling_errors_on_RP/round_3/73_bessy2lo_56m_PGM_2Perc_coupling_errors_on_RP.rml
2025-02-08 00:57:52,659 - INFO - Completed: 23, remaining: 37, RAYPy_Simulation_bessy2lo_56m_PGM_2Perc_coupling_errors_on_RP/round_3/72_bessy2lo_56m_PGM_2Perc_coupling_errors_on_RP.rml
2025-02-08 00:57:52,900 - INFO - Completed: 24, remaining: 36, RAYPy_Simulation_bessy2lo_56m_PGM_2Perc_coupling_errors_on_RP/round_3/74_bessy2lo_56m_PGM_2Perc_coupling_errors_on_RP.rml
2025-02-08 00:57:53,271 - INFO - Completed: 25, remaining: 35, RAYPy_Simulation_bessy2lo_56m_PGM_2Perc_coupling_errors_on_RP/round_3/77_bessy2lo_56m_PGM_2Perc_coupling_errors_on_RP.rml
2025-02-08 00:57:53,378 - INFO - Completed: 26, remaining: 34, RAYPy_Simulation_bessy2lo_56m_PGM_2Perc_coupling_errors_on_RP/round_3/75_bessy2lo_56m_PGM_2Perc_coupling_errors_on_RP.rml
2025-02-08 00:57:53,397 - INFO - Completed: 27, remaining: 33, RAYPy_Simulation_bessy2lo_56m_PGM_2Perc_coupling_errors_on_RP/round_3/76_bessy2lo_56m_PGM_2Perc_coupling_errors_on_RP.rml
2025-02-08 00:57:53,532 - INFO - Completed: 28, remaining: 32, RAYPy_Simulation_bessy2lo_56m_PGM_2Perc_coupling_errors_on_RP/round_3/78_bessy2lo_56m_PGM_2Perc_coupling_errors_on_RP.rml
2025-02-08 00:57:53,574 - INFO - Completed: 29, remaining: 31, RAYPy_Simulation_bessy2lo_56m_PGM_2Perc_coupling_errors_on_RP/round_3/79_bessy2lo_56m_PGM_2Perc_coupling_errors_on_RP.rml
2025-02-08 00:57:53,638 - INFO - Completed: 30, remaining: 30, RAYPy_Simulation_bessy2lo_56m_PGM_2Perc_coupling_errors_on_RP/round_3/80_bessy2lo_56m_PGM_2Perc_coupling_errors_on_RP.rml
2025-02-08 00:57:53,764 - INFO - Completed: 31, remaining: 29, RAYPy_Simulation_bessy2lo_56m_PGM_2Perc_coupling_errors_on_RP/round_3/81_bessy2lo_56m_PGM_2Perc_coupling_errors_on_RP.rml
2025-02-08 00:57:55,076 - INFO - Completed: 32, remaining: 28, RAYPy_Simulation_bessy2lo_56m_PGM_2Perc_coupling_errors_on_RP/round_3/82_bessy2lo_56m_PGM_2Perc_coupling_errors_on_RP.rml
2025-02-08 00:57:55,808 - INFO - Completed: 33, remaining: 27, RAYPy_Simulation_bessy2lo_56m_PGM_2Perc_coupling_errors_on_RP/round_3/83_bessy2lo_56m_PGM_2Perc_coupling_errors_on_RP.rml
2025-02-08 00:57:55,924 - INFO - Completed: 34, remaining: 26, RAYPy_Simulation_bessy2lo_56m_PGM_2Perc_coupling_errors_on_RP/round_3/84_bessy2lo_56m_PGM_2Perc_coupling_errors_on_RP.rml
2025-02-08 00:57:55,952 - INFO - Completed: 35, remaining: 25, RAYPy_Simulation_bessy2lo_56m_PGM_2Perc_coupling_errors_on_RP/round_3/85_bessy2lo_56m_PGM_2Perc_coupling_errors_on_RP.rml
2025-02-08 00:57:56,569 - INFO - Completed: 36, remaining: 24, RAYPy_Simulation_bessy2lo_56m_PGM_2Perc_coupling_errors_on_RP/round_3/86_bessy2lo_56m_PGM_2Perc_coupling_errors_on_RP.rml
2025-02-08 00:57:56,633 - INFO - Completed: 37, remaining: 23, RAYPy_Simulation_bessy2lo_56m_PGM_2Perc_coupling_errors_on_RP/round_3/87_bessy2lo_56m_PGM_2Perc_coupling_errors_on_RP.rml
2025-02-08 00:57:56,737 - INFO - Completed: 38, remaining: 22, RAYPy_Simulation_bessy2lo_56m_PGM_2Perc_coupling_errors_on_RP/round_3/88_bessy2lo_56m_PGM_2Perc_coupling_errors_on_RP.rml
2025-02-08 00:57:56,875 - INFO - Completed: 39, remaining: 21, RAYPy_Simulation_bessy2lo_56m_PGM_2Perc_coupling_errors_on_RP/round_3/89_bessy2lo_56m_PGM_2Perc_coupling_errors_on_RP.rml
2025-02-08 00:57:56,916 - INFO - Completed: 40, remaining: 20, RAYPy_Simulation_bessy2lo_56m_PGM_2Perc_coupling_errors_on_RP/round_3/91_bessy2lo_56m_PGM_2Perc_coupling_errors_on_RP.rml
2025-02-08 00:57:57,127 - INFO - Completed: 41, remaining: 19, RAYPy_Simulation_bessy2lo_56m_PGM_2Perc_coupling_errors_on_RP/round_3/93_bessy2lo_56m_PGM_2Perc_coupling_errors_on_RP.rml
2025-02-08 00:57:57,353 - INFO - Completed: 42, remaining: 18, RAYPy_Simulation_bessy2lo_56m_PGM_2Perc_coupling_errors_on_RP/round_3/90_bessy2lo_56m_PGM_2Perc_coupling_errors_on_RP.rml
2025-02-08 00:57:57,391 - INFO - Completed: 43, remaining: 17, RAYPy_Simulation_bessy2lo_56m_PGM_2Perc_coupling_errors_on_RP/round_3/92_bessy2lo_56m_PGM_2Perc_coupling_errors_on_RP.rml
2025-02-08 00:57:58,524 - INFO - Completed: 44, remaining: 16, RAYPy_Simulation_bessy2lo_56m_PGM_2Perc_coupling_errors_on_RP/round_3/94_bessy2lo_56m_PGM_2Perc_coupling_errors_on_RP.rml
2025-02-08 00:57:59,337 - INFO - Completed: 45, remaining: 15, RAYPy_Simulation_bessy2lo_56m_PGM_2Perc_coupling_errors_on_RP/round_3/96_bessy2lo_56m_PGM_2Perc_coupling_errors_on_RP.rml
2025-02-08 00:57:59,379 - INFO - Completed: 46, remaining: 14, RAYPy_Simulation_bessy2lo_56m_PGM_2Perc_coupling_errors_on_RP/round_3/95_bessy2lo_56m_PGM_2Perc_coupling_errors_on_RP.rml
2025-02-08 00:57:59,477 - INFO - Completed: 47, remaining: 13, RAYPy_Simulation_bessy2lo_56m_PGM_2Perc_coupling_errors_on_RP/round_3/97_bessy2lo_56m_PGM_2Perc_coupling_errors_on_RP.rml
2025-02-08 00:57:59,909 - INFO - Completed: 48, remaining: 12, RAYPy_Simulation_bessy2lo_56m_PGM_2Perc_coupling_errors_on_RP/round_3/99_bessy2lo_56m_PGM_2Perc_coupling_errors_on_RP.rml
2025-02-08 00:58:00,101 - INFO - Completed: 49, remaining: 11, RAYPy_Simulation_bessy2lo_56m_PGM_2Perc_coupling_errors_on_RP/round_3/100_bessy2lo_56m_PGM_2Perc_coupling_errors_on_RP.rml
2025-02-08 00:58:00,143 - INFO - Completed: 50, remaining: 10, RAYPy_Simulation_bessy2lo_56m_PGM_2Perc_coupling_errors_on_RP/round_3/98_bessy2lo_56m_PGM_2Perc_coupling_errors_on_RP.rml
2025-02-08 00:58:00,231 - INFO - Completed: 51, remaining: 9, RAYPy_Simulation_bessy2lo_56m_PGM_2Perc_coupling_errors_on_RP/round_3/102_bessy2lo_56m_PGM_2Perc_coupling_errors_on_RP.rml
2025-02-08 00:58:00,241 - INFO - Completed: 52, remaining: 8, RAYPy_Simulation_bessy2lo_56m_PGM_2Perc_coupling_errors_on_RP/round_3/101_bessy2lo_56m_PGM_2Perc_coupling_errors_on_RP.rml
2025-02-08 00:58:00,413 - INFO - Completed: 53, remaining: 7, RAYPy_Simulation_bessy2lo_56m_PGM_2Perc_coupling_errors_on_RP/round_3/103_bessy2lo_56m_PGM_2Perc_coupling_errors_on_RP.rml
2025-02-08 00:58:00,752 - INFO - Completed: 54, remaining: 6, RAYPy_Simulation_bessy2lo_56m_PGM_2Perc_coupling_errors_on_RP/round_3/105_bessy2lo_56m_PGM_2Perc_coupling_errors_on_RP.rml
2025-02-08 00:58:00,966 - INFO - Completed: 55, remaining: 5, RAYPy_Simulation_bessy2lo_56m_PGM_2Perc_coupling_errors_on_RP/round_3/104_bessy2lo_56m_PGM_2Perc_coupling_errors_on_RP.rml
2025-02-08 00:58:01,396 - INFO - Completed: 56, remaining: 4, RAYPy_Simulation_bessy2lo_56m_PGM_2Perc_coupling_errors_on_RP/round_3/106_bessy2lo_56m_PGM_2Perc_coupling_errors_on_RP.rml
2025-02-08 00:58:01,828 - INFO - Completed: 57, remaining: 3, RAYPy_Simulation_bessy2lo_56m_PGM_2Perc_coupling_errors_on_RP/round_3/107_bessy2lo_56m_PGM_2Perc_coupling_errors_on_RP.rml
2025-02-08 00:58:01,856 - INFO - Completed: 58, remaining: 2, RAYPy_Simulation_bessy2lo_56m_PGM_2Perc_coupling_errors_on_RP/round_3/108_bessy2lo_56m_PGM_2Perc_coupling_errors_on_RP.rml
2025-02-08 00:58:02,090 - INFO - Completed: 59, remaining: 1, RAYPy_Simulation_bessy2lo_56m_PGM_2Perc_coupling_errors_on_RP/round_3/110_bessy2lo_56m_PGM_2Perc_coupling_errors_on_RP.rml
2025-02-08 00:58:02,229 - INFO - Completed: 60, remaining: 0, RAYPy_Simulation_bessy2lo_56m_PGM_2Perc_coupling_errors_on_RP/round_3/109_bessy2lo_56m_PGM_2Perc_coupling_errors_on_RP.rml
2025-02-08 00:58:02,229 - INFO - Batch Completed
2025-02-08 00:58:02,229 - INFO - Waiting For batch, 60 simulations to go
2025-02-08 00:58:02,236 - INFO - Prepared sim number: 111: RAYPy_Simulation_bessy2lo_56m_PGM_2Perc_coupling_errors_on_RP/round_3/111_bessy2lo_56m_PGM_2Perc_coupling_errors_on_RP.rml
2025-02-08 00:58:02,250 - INFO - Prepared sim number: 112: RAYPy_Simulation_bessy2lo_56m_PGM_2Perc_coupling_errors_on_RP/round_3/112_bessy2lo_56m_PGM_2Perc_coupling_errors_on_RP.rml
2025-02-08 00:58:02,256 - INFO - Prepared sim number: 113: RAYPy_Simulation_bessy2lo_56m_PGM_2Perc_coupling_errors_on_RP/round_3/113_bessy2lo_56m_PGM_2Perc_coupling_errors_on_RP.rml
2025-02-08 00:58:02,260 - INFO - Prepared sim number: 114: RAYPy_Simulation_bessy2lo_56m_PGM_2Perc_coupling_errors_on_RP/round_3/114_bessy2lo_56m_PGM_2Perc_coupling_errors_on_RP.rml
2025-02-08 00:58:02,264 - INFO - Prepared sim number: 115: RAYPy_Simulation_bessy2lo_56m_PGM_2Perc_coupling_errors_on_RP/round_3/115_bessy2lo_56m_PGM_2Perc_coupling_errors_on_RP.rml
2025-02-08 00:58:02,268 - INFO - Prepared sim number: 116: RAYPy_Simulation_bessy2lo_56m_PGM_2Perc_coupling_errors_on_RP/round_3/116_bessy2lo_56m_PGM_2Perc_coupling_errors_on_RP.rml
2025-02-08 00:58:02,272 - INFO - Prepared sim number: 117: RAYPy_Simulation_bessy2lo_56m_PGM_2Perc_coupling_errors_on_RP/round_3/117_bessy2lo_56m_PGM_2Perc_coupling_errors_on_RP.rml
2025-02-08 00:58:02,276 - INFO - Prepared sim number: 118: RAYPy_Simulation_bessy2lo_56m_PGM_2Perc_coupling_errors_on_RP/round_3/118_bessy2lo_56m_PGM_2Perc_coupling_errors_on_RP.rml
2025-02-08 00:58:02,285 - INFO - Prepared sim number: 119: RAYPy_Simulation_bessy2lo_56m_PGM_2Perc_coupling_errors_on_RP/round_3/119_bessy2lo_56m_PGM_2Perc_coupling_errors_on_RP.rml
2025-02-08 00:58:02,289 - INFO - Prepared sim number: 120: RAYPy_Simulation_bessy2lo_56m_PGM_2Perc_coupling_errors_on_RP/round_3/120_bessy2lo_56m_PGM_2Perc_coupling_errors_on_RP.rml
2025-02-08 00:58:02,293 - INFO - Prepared sim number: 121: RAYPy_Simulation_bessy2lo_56m_PGM_2Perc_coupling_errors_on_RP/round_3/121_bessy2lo_56m_PGM_2Perc_coupling_errors_on_RP.rml
2025-02-08 00:58:02,298 - INFO - Prepared sim number: 122: RAYPy_Simulation_bessy2lo_56m_PGM_2Perc_coupling_errors_on_RP/round_3/122_bessy2lo_56m_PGM_2Perc_coupling_errors_on_RP.rml
2025-02-08 00:58:02,298 - INFO - Start round 4
2025-02-08 00:58:02,301 - INFO - Prepared sim number: 0: RAYPy_Simulation_bessy2lo_56m_PGM_2Perc_coupling_errors_on_RP/round_4/0_bessy2lo_56m_PGM_2Perc_coupling_errors_on_RP.rml
2025-02-08 00:58:02,305 - INFO - Prepared sim number: 1: RAYPy_Simulation_bessy2lo_56m_PGM_2Perc_coupling_errors_on_RP/round_4/1_bessy2lo_56m_PGM_2Perc_coupling_errors_on_RP.rml
2025-02-08 00:58:02,308 - INFO - Prepared sim number: 2: RAYPy_Simulation_bessy2lo_56m_PGM_2Perc_coupling_errors_on_RP/round_4/2_bessy2lo_56m_PGM_2Perc_coupling_errors_on_RP.rml
2025-02-08 00:58:02,312 - INFO - Prepared sim number: 3: RAYPy_Simulation_bessy2lo_56m_PGM_2Perc_coupling_errors_on_RP/round_4/3_bessy2lo_56m_PGM_2Perc_coupling_errors_on_RP.rml
2025-02-08 00:58:02,316 - INFO - Prepared sim number: 4: RAYPy_Simulation_bessy2lo_56m_PGM_2Perc_coupling_errors_on_RP/round_4/4_bessy2lo_56m_PGM_2Perc_coupling_errors_on_RP.rml
2025-02-08 00:58:02,320 - INFO - Prepared sim number: 5: RAYPy_Simulation_bessy2lo_56m_PGM_2Perc_coupling_errors_on_RP/round_4/5_bessy2lo_56m_PGM_2Perc_coupling_errors_on_RP.rml
2025-02-08 00:58:02,324 - INFO - Prepared sim number: 6: RAYPy_Simulation_bessy2lo_56m_PGM_2Perc_coupling_errors_on_RP/round_4/6_bessy2lo_56m_PGM_2Perc_coupling_errors_on_RP.rml
2025-02-08 00:58:02,328 - INFO - Prepared sim number: 7: RAYPy_Simulation_bessy2lo_56m_PGM_2Perc_coupling_errors_on_RP/round_4/7_bessy2lo_56m_PGM_2Perc_coupling_errors_on_RP.rml
2025-02-08 00:58:02,331 - INFO - Prepared sim number: 8: RAYPy_Simulation_bessy2lo_56m_PGM_2Perc_coupling_errors_on_RP/round_4/8_bessy2lo_56m_PGM_2Perc_coupling_errors_on_RP.rml
2025-02-08 00:58:02,335 - INFO - Prepared sim number: 9: RAYPy_Simulation_bessy2lo_56m_PGM_2Perc_coupling_errors_on_RP/round_4/9_bessy2lo_56m_PGM_2Perc_coupling_errors_on_RP.rml
2025-02-08 00:58:02,339 - INFO - Prepared sim number: 10: RAYPy_Simulation_bessy2lo_56m_PGM_2Perc_coupling_errors_on_RP/round_4/10_bessy2lo_56m_PGM_2Perc_coupling_errors_on_RP.rml
2025-02-08 00:58:02,342 - INFO - Prepared sim number: 11: RAYPy_Simulation_bessy2lo_56m_PGM_2Perc_coupling_errors_on_RP/round_4/11_bessy2lo_56m_PGM_2Perc_coupling_errors_on_RP.rml
2025-02-08 00:58:02,346 - INFO - Prepared sim number: 12: RAYPy_Simulation_bessy2lo_56m_PGM_2Perc_coupling_errors_on_RP/round_4/12_bessy2lo_56m_PGM_2Perc_coupling_errors_on_RP.rml
2025-02-08 00:58:02,350 - INFO - Prepared sim number: 13: RAYPy_Simulation_bessy2lo_56m_PGM_2Perc_coupling_errors_on_RP/round_4/13_bessy2lo_56m_PGM_2Perc_coupling_errors_on_RP.rml
2025-02-08 00:58:02,353 - INFO - Prepared sim number: 14: RAYPy_Simulation_bessy2lo_56m_PGM_2Perc_coupling_errors_on_RP/round_4/14_bessy2lo_56m_PGM_2Perc_coupling_errors_on_RP.rml
2025-02-08 00:58:02,356 - INFO - Prepared sim number: 15: RAYPy_Simulation_bessy2lo_56m_PGM_2Perc_coupling_errors_on_RP/round_4/15_bessy2lo_56m_PGM_2Perc_coupling_errors_on_RP.rml
2025-02-08 00:58:02,360 - INFO - Prepared sim number: 16: RAYPy_Simulation_bessy2lo_56m_PGM_2Perc_coupling_errors_on_RP/round_4/16_bessy2lo_56m_PGM_2Perc_coupling_errors_on_RP.rml
2025-02-08 00:58:02,363 - INFO - Prepared sim number: 17: RAYPy_Simulation_bessy2lo_56m_PGM_2Perc_coupling_errors_on_RP/round_4/17_bessy2lo_56m_PGM_2Perc_coupling_errors_on_RP.rml
2025-02-08 00:58:02,367 - INFO - Prepared sim number: 18: RAYPy_Simulation_bessy2lo_56m_PGM_2Perc_coupling_errors_on_RP/round_4/18_bessy2lo_56m_PGM_2Perc_coupling_errors_on_RP.rml
2025-02-08 00:58:02,370 - INFO - Prepared sim number: 19: RAYPy_Simulation_bessy2lo_56m_PGM_2Perc_coupling_errors_on_RP/round_4/19_bessy2lo_56m_PGM_2Perc_coupling_errors_on_RP.rml
2025-02-08 00:58:02,374 - INFO - Prepared sim number: 20: RAYPy_Simulation_bessy2lo_56m_PGM_2Perc_coupling_errors_on_RP/round_4/20_bessy2lo_56m_PGM_2Perc_coupling_errors_on_RP.rml
2025-02-08 00:58:02,378 - INFO - Prepared sim number: 21: RAYPy_Simulation_bessy2lo_56m_PGM_2Perc_coupling_errors_on_RP/round_4/21_bessy2lo_56m_PGM_2Perc_coupling_errors_on_RP.rml
2025-02-08 00:58:02,381 - INFO - Prepared sim number: 22: RAYPy_Simulation_bessy2lo_56m_PGM_2Perc_coupling_errors_on_RP/round_4/22_bessy2lo_56m_PGM_2Perc_coupling_errors_on_RP.rml
2025-02-08 00:58:02,385 - INFO - Prepared sim number: 23: RAYPy_Simulation_bessy2lo_56m_PGM_2Perc_coupling_errors_on_RP/round_4/23_bessy2lo_56m_PGM_2Perc_coupling_errors_on_RP.rml
2025-02-08 00:58:02,388 - INFO - Prepared sim number: 24: RAYPy_Simulation_bessy2lo_56m_PGM_2Perc_coupling_errors_on_RP/round_4/24_bessy2lo_56m_PGM_2Perc_coupling_errors_on_RP.rml
2025-02-08 00:58:02,392 - INFO - Prepared sim number: 25: RAYPy_Simulation_bessy2lo_56m_PGM_2Perc_coupling_errors_on_RP/round_4/25_bessy2lo_56m_PGM_2Perc_coupling_errors_on_RP.rml
2025-02-08 00:58:02,395 - INFO - Prepared sim number: 26: RAYPy_Simulation_bessy2lo_56m_PGM_2Perc_coupling_errors_on_RP/round_4/26_bessy2lo_56m_PGM_2Perc_coupling_errors_on_RP.rml
2025-02-08 00:58:02,399 - INFO - Prepared sim number: 27: RAYPy_Simulation_bessy2lo_56m_PGM_2Perc_coupling_errors_on_RP/round_4/27_bessy2lo_56m_PGM_2Perc_coupling_errors_on_RP.rml
2025-02-08 00:58:02,402 - INFO - Prepared sim number: 28: RAYPy_Simulation_bessy2lo_56m_PGM_2Perc_coupling_errors_on_RP/round_4/28_bessy2lo_56m_PGM_2Perc_coupling_errors_on_RP.rml
2025-02-08 00:58:02,406 - INFO - Prepared sim number: 29: RAYPy_Simulation_bessy2lo_56m_PGM_2Perc_coupling_errors_on_RP/round_4/29_bessy2lo_56m_PGM_2Perc_coupling_errors_on_RP.rml
2025-02-08 00:58:02,409 - INFO - Prepared sim number: 30: RAYPy_Simulation_bessy2lo_56m_PGM_2Perc_coupling_errors_on_RP/round_4/30_bessy2lo_56m_PGM_2Perc_coupling_errors_on_RP.rml
2025-02-08 00:58:02,412 - INFO - Prepared sim number: 31: RAYPy_Simulation_bessy2lo_56m_PGM_2Perc_coupling_errors_on_RP/round_4/31_bessy2lo_56m_PGM_2Perc_coupling_errors_on_RP.rml
2025-02-08 00:58:02,415 - INFO - Prepared sim number: 32: RAYPy_Simulation_bessy2lo_56m_PGM_2Perc_coupling_errors_on_RP/round_4/32_bessy2lo_56m_PGM_2Perc_coupling_errors_on_RP.rml
2025-02-08 00:58:02,418 - INFO - Prepared sim number: 33: RAYPy_Simulation_bessy2lo_56m_PGM_2Perc_coupling_errors_on_RP/round_4/33_bessy2lo_56m_PGM_2Perc_coupling_errors_on_RP.rml
2025-02-08 00:58:02,422 - INFO - Prepared sim number: 34: RAYPy_Simulation_bessy2lo_56m_PGM_2Perc_coupling_errors_on_RP/round_4/34_bessy2lo_56m_PGM_2Perc_coupling_errors_on_RP.rml
2025-02-08 00:58:02,425 - INFO - Prepared sim number: 35: RAYPy_Simulation_bessy2lo_56m_PGM_2Perc_coupling_errors_on_RP/round_4/35_bessy2lo_56m_PGM_2Perc_coupling_errors_on_RP.rml
2025-02-08 00:58:02,428 - INFO - Prepared sim number: 36: RAYPy_Simulation_bessy2lo_56m_PGM_2Perc_coupling_errors_on_RP/round_4/36_bessy2lo_56m_PGM_2Perc_coupling_errors_on_RP.rml
2025-02-08 00:58:02,431 - INFO - Prepared sim number: 37: RAYPy_Simulation_bessy2lo_56m_PGM_2Perc_coupling_errors_on_RP/round_4/37_bessy2lo_56m_PGM_2Perc_coupling_errors_on_RP.rml
2025-02-08 00:58:02,435 - INFO - Prepared sim number: 38: RAYPy_Simulation_bessy2lo_56m_PGM_2Perc_coupling_errors_on_RP/round_4/38_bessy2lo_56m_PGM_2Perc_coupling_errors_on_RP.rml
2025-02-08 00:58:02,438 - INFO - Prepared sim number: 39: RAYPy_Simulation_bessy2lo_56m_PGM_2Perc_coupling_errors_on_RP/round_4/39_bessy2lo_56m_PGM_2Perc_coupling_errors_on_RP.rml
2025-02-08 00:58:02,441 - INFO - Prepared sim number: 40: RAYPy_Simulation_bessy2lo_56m_PGM_2Perc_coupling_errors_on_RP/round_4/40_bessy2lo_56m_PGM_2Perc_coupling_errors_on_RP.rml
2025-02-08 00:58:02,445 - INFO - Prepared sim number: 41: RAYPy_Simulation_bessy2lo_56m_PGM_2Perc_coupling_errors_on_RP/round_4/41_bessy2lo_56m_PGM_2Perc_coupling_errors_on_RP.rml
2025-02-08 00:58:02,448 - INFO - Prepared sim number: 42: RAYPy_Simulation_bessy2lo_56m_PGM_2Perc_coupling_errors_on_RP/round_4/42_bessy2lo_56m_PGM_2Perc_coupling_errors_on_RP.rml
2025-02-08 00:58:02,451 - INFO - Prepared sim number: 43: RAYPy_Simulation_bessy2lo_56m_PGM_2Perc_coupling_errors_on_RP/round_4/43_bessy2lo_56m_PGM_2Perc_coupling_errors_on_RP.rml
2025-02-08 00:58:02,454 - INFO - Prepared sim number: 44: RAYPy_Simulation_bessy2lo_56m_PGM_2Perc_coupling_errors_on_RP/round_4/44_bessy2lo_56m_PGM_2Perc_coupling_errors_on_RP.rml
2025-02-08 00:58:02,458 - INFO - Prepared sim number: 45: RAYPy_Simulation_bessy2lo_56m_PGM_2Perc_coupling_errors_on_RP/round_4/45_bessy2lo_56m_PGM_2Perc_coupling_errors_on_RP.rml
2025-02-08 00:58:02,461 - INFO - Prepared sim number: 46: RAYPy_Simulation_bessy2lo_56m_PGM_2Perc_coupling_errors_on_RP/round_4/46_bessy2lo_56m_PGM_2Perc_coupling_errors_on_RP.rml
2025-02-08 00:58:02,464 - INFO - Prepared sim number: 47: RAYPy_Simulation_bessy2lo_56m_PGM_2Perc_coupling_errors_on_RP/round_4/47_bessy2lo_56m_PGM_2Perc_coupling_errors_on_RP.rml
2025-02-08 00:58:02,466 - INFO - Waiting for batch number: 8, timeout: 21.90137472748756s
2025-02-08 00:58:05,395 - INFO - Completed: 1, remaining: 59, RAYPy_Simulation_bessy2lo_56m_PGM_2Perc_coupling_errors_on_RP/round_3/114_bessy2lo_56m_PGM_2Perc_coupling_errors_on_RP.rml
2025-02-08 00:58:05,463 - INFO - Completed: 2, remaining: 58, RAYPy_Simulation_bessy2lo_56m_PGM_2Perc_coupling_errors_on_RP/round_3/116_bessy2lo_56m_PGM_2Perc_coupling_errors_on_RP.rml
2025-02-08 00:58:05,558 - INFO - Completed: 3, remaining: 57, RAYPy_Simulation_bessy2lo_56m_PGM_2Perc_coupling_errors_on_RP/round_3/122_bessy2lo_56m_PGM_2Perc_coupling_errors_on_RP.rml
2025-02-08 00:58:05,602 - INFO - Completed: 4, remaining: 56, RAYPy_Simulation_bessy2lo_56m_PGM_2Perc_coupling_errors_on_RP/round_3/117_bessy2lo_56m_PGM_2Perc_coupling_errors_on_RP.rml
2025-02-08 00:58:05,660 - INFO - Completed: 5, remaining: 55, RAYPy_Simulation_bessy2lo_56m_PGM_2Perc_coupling_errors_on_RP/round_3/113_bessy2lo_56m_PGM_2Perc_coupling_errors_on_RP.rml
2025-02-08 00:58:05,696 - INFO - Completed: 6, remaining: 54, RAYPy_Simulation_bessy2lo_56m_PGM_2Perc_coupling_errors_on_RP/round_3/112_bessy2lo_56m_PGM_2Perc_coupling_errors_on_RP.rml
2025-02-08 00:58:05,779 - INFO - Completed: 7, remaining: 53, RAYPy_Simulation_bessy2lo_56m_PGM_2Perc_coupling_errors_on_RP/round_3/120_bessy2lo_56m_PGM_2Perc_coupling_errors_on_RP.rml
2025-02-08 00:58:05,859 - INFO - Completed: 8, remaining: 52, RAYPy_Simulation_bessy2lo_56m_PGM_2Perc_coupling_errors_on_RP/round_3/119_bessy2lo_56m_PGM_2Perc_coupling_errors_on_RP.rml
2025-02-08 00:58:06,200 - INFO - Completed: 9, remaining: 51, RAYPy_Simulation_bessy2lo_56m_PGM_2Perc_coupling_errors_on_RP/round_3/111_bessy2lo_56m_PGM_2Perc_coupling_errors_on_RP.rml
2025-02-08 00:58:08,062 - INFO - Completed: 10, remaining: 50, RAYPy_Simulation_bessy2lo_56m_PGM_2Perc_coupling_errors_on_RP/round_3/115_bessy2lo_56m_PGM_2Perc_coupling_errors_on_RP.rml
2025-02-08 00:58:08,156 - INFO - Completed: 11, remaining: 49, RAYPy_Simulation_bessy2lo_56m_PGM_2Perc_coupling_errors_on_RP/round_3/121_bessy2lo_56m_PGM_2Perc_coupling_errors_on_RP.rml
2025-02-08 00:58:08,198 - INFO - Completed: 12, remaining: 48, RAYPy_Simulation_bessy2lo_56m_PGM_2Perc_coupling_errors_on_RP/round_3/118_bessy2lo_56m_PGM_2Perc_coupling_errors_on_RP.rml
2025-02-08 00:58:08,805 - INFO - Completed: 13, remaining: 47, RAYPy_Simulation_bessy2lo_56m_PGM_2Perc_coupling_errors_on_RP/round_4/0_bessy2lo_56m_PGM_2Perc_coupling_errors_on_RP.rml
2025-02-08 00:58:09,174 - INFO - Completed: 14, remaining: 46, RAYPy_Simulation_bessy2lo_56m_PGM_2Perc_coupling_errors_on_RP/round_4/2_bessy2lo_56m_PGM_2Perc_coupling_errors_on_RP.rml
2025-02-08 00:58:09,242 - INFO - Completed: 15, remaining: 45, RAYPy_Simulation_bessy2lo_56m_PGM_2Perc_coupling_errors_on_RP/round_4/1_bessy2lo_56m_PGM_2Perc_coupling_errors_on_RP.rml
2025-02-08 00:58:09,277 - INFO - Completed: 16, remaining: 44, RAYPy_Simulation_bessy2lo_56m_PGM_2Perc_coupling_errors_on_RP/round_4/3_bessy2lo_56m_PGM_2Perc_coupling_errors_on_RP.rml
2025-02-08 00:58:09,353 - INFO - Completed: 17, remaining: 43, RAYPy_Simulation_bessy2lo_56m_PGM_2Perc_coupling_errors_on_RP/round_4/6_bessy2lo_56m_PGM_2Perc_coupling_errors_on_RP.rml
2025-02-08 00:58:09,521 - INFO - Completed: 18, remaining: 42, RAYPy_Simulation_bessy2lo_56m_PGM_2Perc_coupling_errors_on_RP/round_4/5_bessy2lo_56m_PGM_2Perc_coupling_errors_on_RP.rml
2025-02-08 00:58:09,701 - INFO - Completed: 19, remaining: 41, RAYPy_Simulation_bessy2lo_56m_PGM_2Perc_coupling_errors_on_RP/round_4/8_bessy2lo_56m_PGM_2Perc_coupling_errors_on_RP.rml
2025-02-08 00:58:09,800 - INFO - Completed: 20, remaining: 40, RAYPy_Simulation_bessy2lo_56m_PGM_2Perc_coupling_errors_on_RP/round_4/7_bessy2lo_56m_PGM_2Perc_coupling_errors_on_RP.rml
2025-02-08 00:58:10,207 - INFO - Completed: 21, remaining: 39, RAYPy_Simulation_bessy2lo_56m_PGM_2Perc_coupling_errors_on_RP/round_4/4_bessy2lo_56m_PGM_2Perc_coupling_errors_on_RP.rml
2025-02-08 00:58:11,766 - INFO - Completed: 22, remaining: 38, RAYPy_Simulation_bessy2lo_56m_PGM_2Perc_coupling_errors_on_RP/round_4/11_bessy2lo_56m_PGM_2Perc_coupling_errors_on_RP.rml
2025-02-08 00:58:11,866 - INFO - Completed: 23, remaining: 37, RAYPy_Simulation_bessy2lo_56m_PGM_2Perc_coupling_errors_on_RP/round_4/10_bessy2lo_56m_PGM_2Perc_coupling_errors_on_RP.rml
2025-02-08 00:58:11,913 - INFO - Completed: 24, remaining: 36, RAYPy_Simulation_bessy2lo_56m_PGM_2Perc_coupling_errors_on_RP/round_4/9_bessy2lo_56m_PGM_2Perc_coupling_errors_on_RP.rml
2025-02-08 00:58:12,357 - INFO - Completed: 25, remaining: 35, RAYPy_Simulation_bessy2lo_56m_PGM_2Perc_coupling_errors_on_RP/round_4/12_bessy2lo_56m_PGM_2Perc_coupling_errors_on_RP.rml
2025-02-08 00:58:12,801 - INFO - Completed: 26, remaining: 34, RAYPy_Simulation_bessy2lo_56m_PGM_2Perc_coupling_errors_on_RP/round_4/14_bessy2lo_56m_PGM_2Perc_coupling_errors_on_RP.rml
2025-02-08 00:58:13,011 - INFO - Completed: 27, remaining: 33, RAYPy_Simulation_bessy2lo_56m_PGM_2Perc_coupling_errors_on_RP/round_4/16_bessy2lo_56m_PGM_2Perc_coupling_errors_on_RP.rml
2025-02-08 00:58:13,110 - INFO - Completed: 28, remaining: 32, RAYPy_Simulation_bessy2lo_56m_PGM_2Perc_coupling_errors_on_RP/round_4/15_bessy2lo_56m_PGM_2Perc_coupling_errors_on_RP.rml
2025-02-08 00:58:13,118 - INFO - Completed: 29, remaining: 31, RAYPy_Simulation_bessy2lo_56m_PGM_2Perc_coupling_errors_on_RP/round_4/13_bessy2lo_56m_PGM_2Perc_coupling_errors_on_RP.rml
2025-02-08 00:58:13,306 - INFO - Completed: 30, remaining: 30, RAYPy_Simulation_bessy2lo_56m_PGM_2Perc_coupling_errors_on_RP/round_4/17_bessy2lo_56m_PGM_2Perc_coupling_errors_on_RP.rml
2025-02-08 00:58:13,661 - INFO - Completed: 31, remaining: 29, RAYPy_Simulation_bessy2lo_56m_PGM_2Perc_coupling_errors_on_RP/round_4/19_bessy2lo_56m_PGM_2Perc_coupling_errors_on_RP.rml
2025-02-08 00:58:13,880 - INFO - Completed: 32, remaining: 28, RAYPy_Simulation_bessy2lo_56m_PGM_2Perc_coupling_errors_on_RP/round_4/20_bessy2lo_56m_PGM_2Perc_coupling_errors_on_RP.rml
2025-02-08 00:58:13,995 - INFO - Completed: 33, remaining: 27, RAYPy_Simulation_bessy2lo_56m_PGM_2Perc_coupling_errors_on_RP/round_4/18_bessy2lo_56m_PGM_2Perc_coupling_errors_on_RP.rml
2025-02-08 00:58:15,624 - INFO - Completed: 34, remaining: 26, RAYPy_Simulation_bessy2lo_56m_PGM_2Perc_coupling_errors_on_RP/round_4/21_bessy2lo_56m_PGM_2Perc_coupling_errors_on_RP.rml
2025-02-08 00:58:15,847 - INFO - Completed: 35, remaining: 25, RAYPy_Simulation_bessy2lo_56m_PGM_2Perc_coupling_errors_on_RP/round_4/23_bessy2lo_56m_PGM_2Perc_coupling_errors_on_RP.rml
2025-02-08 00:58:15,956 - INFO - Completed: 36, remaining: 24, RAYPy_Simulation_bessy2lo_56m_PGM_2Perc_coupling_errors_on_RP/round_4/22_bessy2lo_56m_PGM_2Perc_coupling_errors_on_RP.rml
2025-02-08 00:58:16,194 - INFO - Completed: 37, remaining: 23, RAYPy_Simulation_bessy2lo_56m_PGM_2Perc_coupling_errors_on_RP/round_4/24_bessy2lo_56m_PGM_2Perc_coupling_errors_on_RP.rml
2025-02-08 00:58:16,717 - INFO - Completed: 38, remaining: 22, RAYPy_Simulation_bessy2lo_56m_PGM_2Perc_coupling_errors_on_RP/round_4/25_bessy2lo_56m_PGM_2Perc_coupling_errors_on_RP.rml
2025-02-08 00:58:16,862 - INFO - Completed: 39, remaining: 21, RAYPy_Simulation_bessy2lo_56m_PGM_2Perc_coupling_errors_on_RP/round_4/26_bessy2lo_56m_PGM_2Perc_coupling_errors_on_RP.rml
2025-02-08 00:58:16,871 - INFO - Completed: 40, remaining: 20, RAYPy_Simulation_bessy2lo_56m_PGM_2Perc_coupling_errors_on_RP/round_4/28_bessy2lo_56m_PGM_2Perc_coupling_errors_on_RP.rml
2025-02-08 00:58:16,977 - INFO - Completed: 41, remaining: 19, RAYPy_Simulation_bessy2lo_56m_PGM_2Perc_coupling_errors_on_RP/round_4/29_bessy2lo_56m_PGM_2Perc_coupling_errors_on_RP.rml
2025-02-08 00:58:17,080 - INFO - Completed: 42, remaining: 18, RAYPy_Simulation_bessy2lo_56m_PGM_2Perc_coupling_errors_on_RP/round_4/27_bessy2lo_56m_PGM_2Perc_coupling_errors_on_RP.rml
2025-02-08 00:58:17,488 - INFO - Completed: 43, remaining: 17, RAYPy_Simulation_bessy2lo_56m_PGM_2Perc_coupling_errors_on_RP/round_4/30_bessy2lo_56m_PGM_2Perc_coupling_errors_on_RP.rml
2025-02-08 00:58:17,686 - INFO - Completed: 44, remaining: 16, RAYPy_Simulation_bessy2lo_56m_PGM_2Perc_coupling_errors_on_RP/round_4/31_bessy2lo_56m_PGM_2Perc_coupling_errors_on_RP.rml
2025-02-08 00:58:17,905 - INFO - Completed: 45, remaining: 15, RAYPy_Simulation_bessy2lo_56m_PGM_2Perc_coupling_errors_on_RP/round_4/32_bessy2lo_56m_PGM_2Perc_coupling_errors_on_RP.rml
2025-02-08 00:58:19,580 - INFO - Completed: 46, remaining: 14, RAYPy_Simulation_bessy2lo_56m_PGM_2Perc_coupling_errors_on_RP/round_4/33_bessy2lo_56m_PGM_2Perc_coupling_errors_on_RP.rml
2025-02-08 00:58:19,583 - INFO - Completed: 47, remaining: 13, RAYPy_Simulation_bessy2lo_56m_PGM_2Perc_coupling_errors_on_RP/round_4/35_bessy2lo_56m_PGM_2Perc_coupling_errors_on_RP.rml
2025-02-08 00:58:19,718 - INFO - Completed: 48, remaining: 12, RAYPy_Simulation_bessy2lo_56m_PGM_2Perc_coupling_errors_on_RP/round_4/36_bessy2lo_56m_PGM_2Perc_coupling_errors_on_RP.rml
2025-02-08 00:58:19,735 - INFO - Completed: 49, remaining: 11, RAYPy_Simulation_bessy2lo_56m_PGM_2Perc_coupling_errors_on_RP/round_4/34_bessy2lo_56m_PGM_2Perc_coupling_errors_on_RP.rml
2025-02-08 00:58:20,099 - INFO - Completed: 50, remaining: 10, RAYPy_Simulation_bessy2lo_56m_PGM_2Perc_coupling_errors_on_RP/round_4/41_bessy2lo_56m_PGM_2Perc_coupling_errors_on_RP.rml
2025-02-08 00:58:20,238 - INFO - Completed: 51, remaining: 9, RAYPy_Simulation_bessy2lo_56m_PGM_2Perc_coupling_errors_on_RP/round_4/40_bessy2lo_56m_PGM_2Perc_coupling_errors_on_RP.rml
2025-02-08 00:58:20,262 - INFO - Completed: 52, remaining: 8, RAYPy_Simulation_bessy2lo_56m_PGM_2Perc_coupling_errors_on_RP/round_4/38_bessy2lo_56m_PGM_2Perc_coupling_errors_on_RP.rml
2025-02-08 00:58:20,585 - INFO - Completed: 53, remaining: 7, RAYPy_Simulation_bessy2lo_56m_PGM_2Perc_coupling_errors_on_RP/round_4/42_bessy2lo_56m_PGM_2Perc_coupling_errors_on_RP.rml
2025-02-08 00:58:20,730 - INFO - Completed: 54, remaining: 6, RAYPy_Simulation_bessy2lo_56m_PGM_2Perc_coupling_errors_on_RP/round_4/43_bessy2lo_56m_PGM_2Perc_coupling_errors_on_RP.rml
2025-02-08 00:58:21,015 - INFO - Completed: 55, remaining: 5, RAYPy_Simulation_bessy2lo_56m_PGM_2Perc_coupling_errors_on_RP/round_4/44_bessy2lo_56m_PGM_2Perc_coupling_errors_on_RP.rml
2025-02-08 00:58:21,087 - INFO - Completed: 56, remaining: 4, RAYPy_Simulation_bessy2lo_56m_PGM_2Perc_coupling_errors_on_RP/round_4/37_bessy2lo_56m_PGM_2Perc_coupling_errors_on_RP.rml
2025-02-08 00:58:21,645 - INFO - Completed: 57, remaining: 3, RAYPy_Simulation_bessy2lo_56m_PGM_2Perc_coupling_errors_on_RP/round_4/39_bessy2lo_56m_PGM_2Perc_coupling_errors_on_RP.rml
2025-02-08 00:58:21,995 - INFO - Completed: 58, remaining: 2, RAYPy_Simulation_bessy2lo_56m_PGM_2Perc_coupling_errors_on_RP/round_4/45_bessy2lo_56m_PGM_2Perc_coupling_errors_on_RP.rml
2025-02-08 00:58:22,022 - INFO - Completed: 59, remaining: 1, RAYPy_Simulation_bessy2lo_56m_PGM_2Perc_coupling_errors_on_RP/round_4/46_bessy2lo_56m_PGM_2Perc_coupling_errors_on_RP.rml
2025-02-08 00:58:22,133 - INFO - Completed: 60, remaining: 0, RAYPy_Simulation_bessy2lo_56m_PGM_2Perc_coupling_errors_on_RP/round_4/47_bessy2lo_56m_PGM_2Perc_coupling_errors_on_RP.rml
2025-02-08 00:58:22,133 - INFO - Batch Completed
2025-02-08 00:58:22,133 - INFO - Waiting For batch, 60 simulations to go
2025-02-08 00:58:22,138 - INFO - Prepared sim number: 48: RAYPy_Simulation_bessy2lo_56m_PGM_2Perc_coupling_errors_on_RP/round_4/48_bessy2lo_56m_PGM_2Perc_coupling_errors_on_RP.rml
2025-02-08 00:58:22,143 - INFO - Prepared sim number: 49: RAYPy_Simulation_bessy2lo_56m_PGM_2Perc_coupling_errors_on_RP/round_4/49_bessy2lo_56m_PGM_2Perc_coupling_errors_on_RP.rml
2025-02-08 00:58:22,154 - INFO - Prepared sim number: 50: RAYPy_Simulation_bessy2lo_56m_PGM_2Perc_coupling_errors_on_RP/round_4/50_bessy2lo_56m_PGM_2Perc_coupling_errors_on_RP.rml
2025-02-08 00:58:22,159 - INFO - Prepared sim number: 51: RAYPy_Simulation_bessy2lo_56m_PGM_2Perc_coupling_errors_on_RP/round_4/51_bessy2lo_56m_PGM_2Perc_coupling_errors_on_RP.rml
2025-02-08 00:58:22,163 - INFO - Prepared sim number: 52: RAYPy_Simulation_bessy2lo_56m_PGM_2Perc_coupling_errors_on_RP/round_4/52_bessy2lo_56m_PGM_2Perc_coupling_errors_on_RP.rml
2025-02-08 00:58:22,166 - INFO - Prepared sim number: 53: RAYPy_Simulation_bessy2lo_56m_PGM_2Perc_coupling_errors_on_RP/round_4/53_bessy2lo_56m_PGM_2Perc_coupling_errors_on_RP.rml
2025-02-08 00:58:22,170 - INFO - Prepared sim number: 54: RAYPy_Simulation_bessy2lo_56m_PGM_2Perc_coupling_errors_on_RP/round_4/54_bessy2lo_56m_PGM_2Perc_coupling_errors_on_RP.rml
2025-02-08 00:58:22,174 - INFO - Prepared sim number: 55: RAYPy_Simulation_bessy2lo_56m_PGM_2Perc_coupling_errors_on_RP/round_4/55_bessy2lo_56m_PGM_2Perc_coupling_errors_on_RP.rml
2025-02-08 00:58:22,182 - INFO - Prepared sim number: 56: RAYPy_Simulation_bessy2lo_56m_PGM_2Perc_coupling_errors_on_RP/round_4/56_bessy2lo_56m_PGM_2Perc_coupling_errors_on_RP.rml
2025-02-08 00:58:22,187 - INFO - Prepared sim number: 57: RAYPy_Simulation_bessy2lo_56m_PGM_2Perc_coupling_errors_on_RP/round_4/57_bessy2lo_56m_PGM_2Perc_coupling_errors_on_RP.rml
2025-02-08 00:58:22,191 - INFO - Prepared sim number: 58: RAYPy_Simulation_bessy2lo_56m_PGM_2Perc_coupling_errors_on_RP/round_4/58_bessy2lo_56m_PGM_2Perc_coupling_errors_on_RP.rml
2025-02-08 00:58:22,195 - INFO - Prepared sim number: 59: RAYPy_Simulation_bessy2lo_56m_PGM_2Perc_coupling_errors_on_RP/round_4/59_bessy2lo_56m_PGM_2Perc_coupling_errors_on_RP.rml
2025-02-08 00:58:22,199 - INFO - Prepared sim number: 60: RAYPy_Simulation_bessy2lo_56m_PGM_2Perc_coupling_errors_on_RP/round_4/60_bessy2lo_56m_PGM_2Perc_coupling_errors_on_RP.rml
2025-02-08 00:58:22,203 - INFO - Prepared sim number: 61: RAYPy_Simulation_bessy2lo_56m_PGM_2Perc_coupling_errors_on_RP/round_4/61_bessy2lo_56m_PGM_2Perc_coupling_errors_on_RP.rml
2025-02-08 00:58:22,207 - INFO - Prepared sim number: 62: RAYPy_Simulation_bessy2lo_56m_PGM_2Perc_coupling_errors_on_RP/round_4/62_bessy2lo_56m_PGM_2Perc_coupling_errors_on_RP.rml
2025-02-08 00:58:22,212 - INFO - Prepared sim number: 63: RAYPy_Simulation_bessy2lo_56m_PGM_2Perc_coupling_errors_on_RP/round_4/63_bessy2lo_56m_PGM_2Perc_coupling_errors_on_RP.rml
2025-02-08 00:58:22,215 - INFO - Prepared sim number: 64: RAYPy_Simulation_bessy2lo_56m_PGM_2Perc_coupling_errors_on_RP/round_4/64_bessy2lo_56m_PGM_2Perc_coupling_errors_on_RP.rml
2025-02-08 00:58:22,219 - INFO - Prepared sim number: 65: RAYPy_Simulation_bessy2lo_56m_PGM_2Perc_coupling_errors_on_RP/round_4/65_bessy2lo_56m_PGM_2Perc_coupling_errors_on_RP.rml
2025-02-08 00:58:22,222 - INFO - Prepared sim number: 66: RAYPy_Simulation_bessy2lo_56m_PGM_2Perc_coupling_errors_on_RP/round_4/66_bessy2lo_56m_PGM_2Perc_coupling_errors_on_RP.rml
2025-02-08 00:58:22,226 - INFO - Prepared sim number: 67: RAYPy_Simulation_bessy2lo_56m_PGM_2Perc_coupling_errors_on_RP/round_4/67_bessy2lo_56m_PGM_2Perc_coupling_errors_on_RP.rml
2025-02-08 00:58:22,230 - INFO - Prepared sim number: 68: RAYPy_Simulation_bessy2lo_56m_PGM_2Perc_coupling_errors_on_RP/round_4/68_bessy2lo_56m_PGM_2Perc_coupling_errors_on_RP.rml
2025-02-08 00:58:22,233 - INFO - Prepared sim number: 69: RAYPy_Simulation_bessy2lo_56m_PGM_2Perc_coupling_errors_on_RP/round_4/69_bessy2lo_56m_PGM_2Perc_coupling_errors_on_RP.rml
2025-02-08 00:58:22,237 - INFO - Prepared sim number: 70: RAYPy_Simulation_bessy2lo_56m_PGM_2Perc_coupling_errors_on_RP/round_4/70_bessy2lo_56m_PGM_2Perc_coupling_errors_on_RP.rml
2025-02-08 00:58:22,240 - INFO - Prepared sim number: 71: RAYPy_Simulation_bessy2lo_56m_PGM_2Perc_coupling_errors_on_RP/round_4/71_bessy2lo_56m_PGM_2Perc_coupling_errors_on_RP.rml
2025-02-08 00:58:22,244 - INFO - Prepared sim number: 72: RAYPy_Simulation_bessy2lo_56m_PGM_2Perc_coupling_errors_on_RP/round_4/72_bessy2lo_56m_PGM_2Perc_coupling_errors_on_RP.rml
2025-02-08 00:58:22,248 - INFO - Prepared sim number: 73: RAYPy_Simulation_bessy2lo_56m_PGM_2Perc_coupling_errors_on_RP/round_4/73_bessy2lo_56m_PGM_2Perc_coupling_errors_on_RP.rml
2025-02-08 00:58:22,251 - INFO - Prepared sim number: 74: RAYPy_Simulation_bessy2lo_56m_PGM_2Perc_coupling_errors_on_RP/round_4/74_bessy2lo_56m_PGM_2Perc_coupling_errors_on_RP.rml
2025-02-08 00:58:22,255 - INFO - Prepared sim number: 75: RAYPy_Simulation_bessy2lo_56m_PGM_2Perc_coupling_errors_on_RP/round_4/75_bessy2lo_56m_PGM_2Perc_coupling_errors_on_RP.rml
2025-02-08 00:58:22,259 - INFO - Prepared sim number: 76: RAYPy_Simulation_bessy2lo_56m_PGM_2Perc_coupling_errors_on_RP/round_4/76_bessy2lo_56m_PGM_2Perc_coupling_errors_on_RP.rml
2025-02-08 00:58:22,263 - INFO - Prepared sim number: 77: RAYPy_Simulation_bessy2lo_56m_PGM_2Perc_coupling_errors_on_RP/round_4/77_bessy2lo_56m_PGM_2Perc_coupling_errors_on_RP.rml
2025-02-08 00:58:22,267 - INFO - Prepared sim number: 78: RAYPy_Simulation_bessy2lo_56m_PGM_2Perc_coupling_errors_on_RP/round_4/78_bessy2lo_56m_PGM_2Perc_coupling_errors_on_RP.rml
2025-02-08 00:58:22,270 - INFO - Prepared sim number: 79: RAYPy_Simulation_bessy2lo_56m_PGM_2Perc_coupling_errors_on_RP/round_4/79_bessy2lo_56m_PGM_2Perc_coupling_errors_on_RP.rml
2025-02-08 00:58:22,274 - INFO - Prepared sim number: 80: RAYPy_Simulation_bessy2lo_56m_PGM_2Perc_coupling_errors_on_RP/round_4/80_bessy2lo_56m_PGM_2Perc_coupling_errors_on_RP.rml
2025-02-08 00:58:22,278 - INFO - Prepared sim number: 81: RAYPy_Simulation_bessy2lo_56m_PGM_2Perc_coupling_errors_on_RP/round_4/81_bessy2lo_56m_PGM_2Perc_coupling_errors_on_RP.rml
2025-02-08 00:58:22,282 - INFO - Prepared sim number: 82: RAYPy_Simulation_bessy2lo_56m_PGM_2Perc_coupling_errors_on_RP/round_4/82_bessy2lo_56m_PGM_2Perc_coupling_errors_on_RP.rml
2025-02-08 00:58:22,286 - INFO - Prepared sim number: 83: RAYPy_Simulation_bessy2lo_56m_PGM_2Perc_coupling_errors_on_RP/round_4/83_bessy2lo_56m_PGM_2Perc_coupling_errors_on_RP.rml
2025-02-08 00:58:22,290 - INFO - Prepared sim number: 84: RAYPy_Simulation_bessy2lo_56m_PGM_2Perc_coupling_errors_on_RP/round_4/84_bessy2lo_56m_PGM_2Perc_coupling_errors_on_RP.rml
2025-02-08 00:58:22,293 - INFO - Prepared sim number: 85: RAYPy_Simulation_bessy2lo_56m_PGM_2Perc_coupling_errors_on_RP/round_4/85_bessy2lo_56m_PGM_2Perc_coupling_errors_on_RP.rml
2025-02-08 00:58:22,297 - INFO - Prepared sim number: 86: RAYPy_Simulation_bessy2lo_56m_PGM_2Perc_coupling_errors_on_RP/round_4/86_bessy2lo_56m_PGM_2Perc_coupling_errors_on_RP.rml
2025-02-08 00:58:22,300 - INFO - Prepared sim number: 87: RAYPy_Simulation_bessy2lo_56m_PGM_2Perc_coupling_errors_on_RP/round_4/87_bessy2lo_56m_PGM_2Perc_coupling_errors_on_RP.rml
2025-02-08 00:58:22,304 - INFO - Prepared sim number: 88: RAYPy_Simulation_bessy2lo_56m_PGM_2Perc_coupling_errors_on_RP/round_4/88_bessy2lo_56m_PGM_2Perc_coupling_errors_on_RP.rml
2025-02-08 00:58:22,307 - INFO - Prepared sim number: 89: RAYPy_Simulation_bessy2lo_56m_PGM_2Perc_coupling_errors_on_RP/round_4/89_bessy2lo_56m_PGM_2Perc_coupling_errors_on_RP.rml
2025-02-08 00:58:22,311 - INFO - Prepared sim number: 90: RAYPy_Simulation_bessy2lo_56m_PGM_2Perc_coupling_errors_on_RP/round_4/90_bessy2lo_56m_PGM_2Perc_coupling_errors_on_RP.rml
2025-02-08 00:58:22,315 - INFO - Prepared sim number: 91: RAYPy_Simulation_bessy2lo_56m_PGM_2Perc_coupling_errors_on_RP/round_4/91_bessy2lo_56m_PGM_2Perc_coupling_errors_on_RP.rml
2025-02-08 00:58:22,320 - INFO - Prepared sim number: 92: RAYPy_Simulation_bessy2lo_56m_PGM_2Perc_coupling_errors_on_RP/round_4/92_bessy2lo_56m_PGM_2Perc_coupling_errors_on_RP.rml
2025-02-08 00:58:22,323 - INFO - Prepared sim number: 93: RAYPy_Simulation_bessy2lo_56m_PGM_2Perc_coupling_errors_on_RP/round_4/93_bessy2lo_56m_PGM_2Perc_coupling_errors_on_RP.rml
2025-02-08 00:58:22,327 - INFO - Prepared sim number: 94: RAYPy_Simulation_bessy2lo_56m_PGM_2Perc_coupling_errors_on_RP/round_4/94_bessy2lo_56m_PGM_2Perc_coupling_errors_on_RP.rml
2025-02-08 00:58:22,331 - INFO - Prepared sim number: 95: RAYPy_Simulation_bessy2lo_56m_PGM_2Perc_coupling_errors_on_RP/round_4/95_bessy2lo_56m_PGM_2Perc_coupling_errors_on_RP.rml
2025-02-08 00:58:22,335 - INFO - Prepared sim number: 96: RAYPy_Simulation_bessy2lo_56m_PGM_2Perc_coupling_errors_on_RP/round_4/96_bessy2lo_56m_PGM_2Perc_coupling_errors_on_RP.rml
2025-02-08 00:58:22,339 - INFO - Prepared sim number: 97: RAYPy_Simulation_bessy2lo_56m_PGM_2Perc_coupling_errors_on_RP/round_4/97_bessy2lo_56m_PGM_2Perc_coupling_errors_on_RP.rml
2025-02-08 00:58:22,343 - INFO - Prepared sim number: 98: RAYPy_Simulation_bessy2lo_56m_PGM_2Perc_coupling_errors_on_RP/round_4/98_bessy2lo_56m_PGM_2Perc_coupling_errors_on_RP.rml
2025-02-08 00:58:22,346 - INFO - Prepared sim number: 99: RAYPy_Simulation_bessy2lo_56m_PGM_2Perc_coupling_errors_on_RP/round_4/99_bessy2lo_56m_PGM_2Perc_coupling_errors_on_RP.rml
2025-02-08 00:58:22,350 - INFO - Prepared sim number: 100: RAYPy_Simulation_bessy2lo_56m_PGM_2Perc_coupling_errors_on_RP/round_4/100_bessy2lo_56m_PGM_2Perc_coupling_errors_on_RP.rml
2025-02-08 00:58:22,353 - INFO - Prepared sim number: 101: RAYPy_Simulation_bessy2lo_56m_PGM_2Perc_coupling_errors_on_RP/round_4/101_bessy2lo_56m_PGM_2Perc_coupling_errors_on_RP.rml
2025-02-08 00:58:22,357 - INFO - Prepared sim number: 102: RAYPy_Simulation_bessy2lo_56m_PGM_2Perc_coupling_errors_on_RP/round_4/102_bessy2lo_56m_PGM_2Perc_coupling_errors_on_RP.rml
2025-02-08 00:58:22,361 - INFO - Prepared sim number: 103: RAYPy_Simulation_bessy2lo_56m_PGM_2Perc_coupling_errors_on_RP/round_4/103_bessy2lo_56m_PGM_2Perc_coupling_errors_on_RP.rml
2025-02-08 00:58:22,364 - INFO - Prepared sim number: 104: RAYPy_Simulation_bessy2lo_56m_PGM_2Perc_coupling_errors_on_RP/round_4/104_bessy2lo_56m_PGM_2Perc_coupling_errors_on_RP.rml
2025-02-08 00:58:22,367 - INFO - Prepared sim number: 105: RAYPy_Simulation_bessy2lo_56m_PGM_2Perc_coupling_errors_on_RP/round_4/105_bessy2lo_56m_PGM_2Perc_coupling_errors_on_RP.rml
2025-02-08 00:58:22,371 - INFO - Prepared sim number: 106: RAYPy_Simulation_bessy2lo_56m_PGM_2Perc_coupling_errors_on_RP/round_4/106_bessy2lo_56m_PGM_2Perc_coupling_errors_on_RP.rml
2025-02-08 00:58:22,374 - INFO - Prepared sim number: 107: RAYPy_Simulation_bessy2lo_56m_PGM_2Perc_coupling_errors_on_RP/round_4/107_bessy2lo_56m_PGM_2Perc_coupling_errors_on_RP.rml
2025-02-08 00:58:22,374 - INFO - Waiting for batch number: 9, timeout: 21.93368315961626s
2025-02-08 00:58:25,219 - INFO - Completed: 1, remaining: 59, RAYPy_Simulation_bessy2lo_56m_PGM_2Perc_coupling_errors_on_RP/round_4/57_bessy2lo_56m_PGM_2Perc_coupling_errors_on_RP.rml
2025-02-08 00:58:25,328 - INFO - Completed: 2, remaining: 58, RAYPy_Simulation_bessy2lo_56m_PGM_2Perc_coupling_errors_on_RP/round_4/55_bessy2lo_56m_PGM_2Perc_coupling_errors_on_RP.rml
2025-02-08 00:58:25,382 - INFO - Completed: 3, remaining: 57, RAYPy_Simulation_bessy2lo_56m_PGM_2Perc_coupling_errors_on_RP/round_4/48_bessy2lo_56m_PGM_2Perc_coupling_errors_on_RP.rml
2025-02-08 00:58:25,483 - INFO - Completed: 4, remaining: 56, RAYPy_Simulation_bessy2lo_56m_PGM_2Perc_coupling_errors_on_RP/round_4/50_bessy2lo_56m_PGM_2Perc_coupling_errors_on_RP.rml
2025-02-08 00:58:25,537 - INFO - Completed: 5, remaining: 55, RAYPy_Simulation_bessy2lo_56m_PGM_2Perc_coupling_errors_on_RP/round_4/52_bessy2lo_56m_PGM_2Perc_coupling_errors_on_RP.rml
2025-02-08 00:58:25,667 - INFO - Completed: 6, remaining: 54, RAYPy_Simulation_bessy2lo_56m_PGM_2Perc_coupling_errors_on_RP/round_4/53_bessy2lo_56m_PGM_2Perc_coupling_errors_on_RP.rml
2025-02-08 00:58:25,677 - INFO - Completed: 7, remaining: 53, RAYPy_Simulation_bessy2lo_56m_PGM_2Perc_coupling_errors_on_RP/round_4/56_bessy2lo_56m_PGM_2Perc_coupling_errors_on_RP.rml
2025-02-08 00:58:25,814 - INFO - Completed: 8, remaining: 52, RAYPy_Simulation_bessy2lo_56m_PGM_2Perc_coupling_errors_on_RP/round_4/59_bessy2lo_56m_PGM_2Perc_coupling_errors_on_RP.rml
2025-02-08 00:58:26,292 - INFO - Completed: 9, remaining: 51, RAYPy_Simulation_bessy2lo_56m_PGM_2Perc_coupling_errors_on_RP/round_4/54_bessy2lo_56m_PGM_2Perc_coupling_errors_on_RP.rml
2025-02-08 00:58:27,774 - INFO - Completed: 10, remaining: 50, RAYPy_Simulation_bessy2lo_56m_PGM_2Perc_coupling_errors_on_RP/round_4/51_bessy2lo_56m_PGM_2Perc_coupling_errors_on_RP.rml
2025-02-08 00:58:27,835 - INFO - Completed: 11, remaining: 49, RAYPy_Simulation_bessy2lo_56m_PGM_2Perc_coupling_errors_on_RP/round_4/49_bessy2lo_56m_PGM_2Perc_coupling_errors_on_RP.rml
2025-02-08 00:58:27,975 - INFO - Completed: 12, remaining: 48, RAYPy_Simulation_bessy2lo_56m_PGM_2Perc_coupling_errors_on_RP/round_4/58_bessy2lo_56m_PGM_2Perc_coupling_errors_on_RP.rml
2025-02-08 00:58:28,930 - INFO - Completed: 13, remaining: 47, RAYPy_Simulation_bessy2lo_56m_PGM_2Perc_coupling_errors_on_RP/round_4/60_bessy2lo_56m_PGM_2Perc_coupling_errors_on_RP.rml
2025-02-08 00:58:29,008 - INFO - Completed: 14, remaining: 46, RAYPy_Simulation_bessy2lo_56m_PGM_2Perc_coupling_errors_on_RP/round_4/61_bessy2lo_56m_PGM_2Perc_coupling_errors_on_RP.rml
2025-02-08 00:58:29,108 - INFO - Completed: 15, remaining: 45, RAYPy_Simulation_bessy2lo_56m_PGM_2Perc_coupling_errors_on_RP/round_4/62_bessy2lo_56m_PGM_2Perc_coupling_errors_on_RP.rml
2025-02-08 00:58:29,152 - INFO - Completed: 16, remaining: 44, RAYPy_Simulation_bessy2lo_56m_PGM_2Perc_coupling_errors_on_RP/round_4/63_bessy2lo_56m_PGM_2Perc_coupling_errors_on_RP.rml
2025-02-08 00:58:29,201 - INFO - Completed: 17, remaining: 43, RAYPy_Simulation_bessy2lo_56m_PGM_2Perc_coupling_errors_on_RP/round_4/64_bessy2lo_56m_PGM_2Perc_coupling_errors_on_RP.rml
2025-02-08 00:58:29,391 - INFO - Completed: 18, remaining: 42, RAYPy_Simulation_bessy2lo_56m_PGM_2Perc_coupling_errors_on_RP/round_4/65_bessy2lo_56m_PGM_2Perc_coupling_errors_on_RP.rml
2025-02-08 00:58:29,633 - INFO - Completed: 19, remaining: 41, RAYPy_Simulation_bessy2lo_56m_PGM_2Perc_coupling_errors_on_RP/round_4/67_bessy2lo_56m_PGM_2Perc_coupling_errors_on_RP.rml
2025-02-08 00:58:29,675 - INFO - Completed: 20, remaining: 40, RAYPy_Simulation_bessy2lo_56m_PGM_2Perc_coupling_errors_on_RP/round_4/68_bessy2lo_56m_PGM_2Perc_coupling_errors_on_RP.rml
2025-02-08 00:58:29,792 - INFO - Completed: 21, remaining: 39, RAYPy_Simulation_bessy2lo_56m_PGM_2Perc_coupling_errors_on_RP/round_4/66_bessy2lo_56m_PGM_2Perc_coupling_errors_on_RP.rml
2025-02-08 00:58:31,433 - INFO - Completed: 22, remaining: 38, RAYPy_Simulation_bessy2lo_56m_PGM_2Perc_coupling_errors_on_RP/round_4/71_bessy2lo_56m_PGM_2Perc_coupling_errors_on_RP.rml
2025-02-08 00:58:31,834 - INFO - Completed: 23, remaining: 37, RAYPy_Simulation_bessy2lo_56m_PGM_2Perc_coupling_errors_on_RP/round_4/70_bessy2lo_56m_PGM_2Perc_coupling_errors_on_RP.rml
2025-02-08 00:58:31,873 - INFO - Completed: 24, remaining: 36, RAYPy_Simulation_bessy2lo_56m_PGM_2Perc_coupling_errors_on_RP/round_4/69_bessy2lo_56m_PGM_2Perc_coupling_errors_on_RP.rml
2025-02-08 00:58:32,421 - INFO - Completed: 25, remaining: 35, RAYPy_Simulation_bessy2lo_56m_PGM_2Perc_coupling_errors_on_RP/round_4/72_bessy2lo_56m_PGM_2Perc_coupling_errors_on_RP.rml
2025-02-08 00:58:32,616 - INFO - Completed: 26, remaining: 34, RAYPy_Simulation_bessy2lo_56m_PGM_2Perc_coupling_errors_on_RP/round_4/75_bessy2lo_56m_PGM_2Perc_coupling_errors_on_RP.rml
2025-02-08 00:58:32,666 - INFO - Completed: 27, remaining: 33, RAYPy_Simulation_bessy2lo_56m_PGM_2Perc_coupling_errors_on_RP/round_4/74_bessy2lo_56m_PGM_2Perc_coupling_errors_on_RP.rml
2025-02-08 00:58:32,773 - INFO - Completed: 28, remaining: 32, RAYPy_Simulation_bessy2lo_56m_PGM_2Perc_coupling_errors_on_RP/round_4/76_bessy2lo_56m_PGM_2Perc_coupling_errors_on_RP.rml
2025-02-08 00:58:33,208 - INFO - Completed: 29, remaining: 31, RAYPy_Simulation_bessy2lo_56m_PGM_2Perc_coupling_errors_on_RP/round_4/78_bessy2lo_56m_PGM_2Perc_coupling_errors_on_RP.rml
2025-02-08 00:58:33,335 - INFO - Completed: 30, remaining: 30, RAYPy_Simulation_bessy2lo_56m_PGM_2Perc_coupling_errors_on_RP/round_4/77_bessy2lo_56m_PGM_2Perc_coupling_errors_on_RP.rml
2025-02-08 00:58:33,531 - INFO - Completed: 31, remaining: 29, RAYPy_Simulation_bessy2lo_56m_PGM_2Perc_coupling_errors_on_RP/round_4/79_bessy2lo_56m_PGM_2Perc_coupling_errors_on_RP.rml
2025-02-08 00:58:33,590 - INFO - Completed: 32, remaining: 28, RAYPy_Simulation_bessy2lo_56m_PGM_2Perc_coupling_errors_on_RP/round_4/80_bessy2lo_56m_PGM_2Perc_coupling_errors_on_RP.rml
2025-02-08 00:58:33,807 - INFO - Completed: 33, remaining: 27, RAYPy_Simulation_bessy2lo_56m_PGM_2Perc_coupling_errors_on_RP/round_4/73_bessy2lo_56m_PGM_2Perc_coupling_errors_on_RP.rml
2025-02-08 00:58:35,051 - INFO - Completed: 34, remaining: 26, RAYPy_Simulation_bessy2lo_56m_PGM_2Perc_coupling_errors_on_RP/round_4/81_bessy2lo_56m_PGM_2Perc_coupling_errors_on_RP.rml
2025-02-08 00:58:35,158 - INFO - Completed: 35, remaining: 25, RAYPy_Simulation_bessy2lo_56m_PGM_2Perc_coupling_errors_on_RP/round_4/82_bessy2lo_56m_PGM_2Perc_coupling_errors_on_RP.rml
2025-02-08 00:58:35,620 - INFO - Completed: 36, remaining: 24, RAYPy_Simulation_bessy2lo_56m_PGM_2Perc_coupling_errors_on_RP/round_4/83_bessy2lo_56m_PGM_2Perc_coupling_errors_on_RP.rml
2025-02-08 00:58:35,795 - INFO - Completed: 37, remaining: 23, RAYPy_Simulation_bessy2lo_56m_PGM_2Perc_coupling_errors_on_RP/round_4/84_bessy2lo_56m_PGM_2Perc_coupling_errors_on_RP.rml
2025-02-08 00:58:35,914 - INFO - Completed: 38, remaining: 22, RAYPy_Simulation_bessy2lo_56m_PGM_2Perc_coupling_errors_on_RP/round_4/85_bessy2lo_56m_PGM_2Perc_coupling_errors_on_RP.rml
2025-02-08 00:58:36,060 - INFO - Completed: 39, remaining: 21, RAYPy_Simulation_bessy2lo_56m_PGM_2Perc_coupling_errors_on_RP/round_4/86_bessy2lo_56m_PGM_2Perc_coupling_errors_on_RP.rml
2025-02-08 00:58:36,102 - INFO - Completed: 40, remaining: 20, RAYPy_Simulation_bessy2lo_56m_PGM_2Perc_coupling_errors_on_RP/round_4/87_bessy2lo_56m_PGM_2Perc_coupling_errors_on_RP.rml
2025-02-08 00:58:36,506 - INFO - Completed: 41, remaining: 19, RAYPy_Simulation_bessy2lo_56m_PGM_2Perc_coupling_errors_on_RP/round_4/88_bessy2lo_56m_PGM_2Perc_coupling_errors_on_RP.rml
2025-02-08 00:58:36,682 - INFO - Completed: 42, remaining: 18, RAYPy_Simulation_bessy2lo_56m_PGM_2Perc_coupling_errors_on_RP/round_4/89_bessy2lo_56m_PGM_2Perc_coupling_errors_on_RP.rml
2025-02-08 00:58:36,904 - INFO - Completed: 43, remaining: 17, RAYPy_Simulation_bessy2lo_56m_PGM_2Perc_coupling_errors_on_RP/round_4/91_bessy2lo_56m_PGM_2Perc_coupling_errors_on_RP.rml
2025-02-08 00:58:37,173 - INFO - Completed: 44, remaining: 16, RAYPy_Simulation_bessy2lo_56m_PGM_2Perc_coupling_errors_on_RP/round_4/92_bessy2lo_56m_PGM_2Perc_coupling_errors_on_RP.rml
2025-02-08 00:58:37,631 - INFO - Completed: 45, remaining: 15, RAYPy_Simulation_bessy2lo_56m_PGM_2Perc_coupling_errors_on_RP/round_4/90_bessy2lo_56m_PGM_2Perc_coupling_errors_on_RP.rml
2025-02-08 00:58:38,300 - INFO - Completed: 46, remaining: 14, RAYPy_Simulation_bessy2lo_56m_PGM_2Perc_coupling_errors_on_RP/round_4/93_bessy2lo_56m_PGM_2Perc_coupling_errors_on_RP.rml
2025-02-08 00:58:38,517 - INFO - Completed: 47, remaining: 13, RAYPy_Simulation_bessy2lo_56m_PGM_2Perc_coupling_errors_on_RP/round_4/94_bessy2lo_56m_PGM_2Perc_coupling_errors_on_RP.rml
2025-02-08 00:58:39,078 - INFO - Completed: 48, remaining: 12, RAYPy_Simulation_bessy2lo_56m_PGM_2Perc_coupling_errors_on_RP/round_4/95_bessy2lo_56m_PGM_2Perc_coupling_errors_on_RP.rml
2025-02-08 00:58:39,306 - INFO - Completed: 49, remaining: 11, RAYPy_Simulation_bessy2lo_56m_PGM_2Perc_coupling_errors_on_RP/round_4/96_bessy2lo_56m_PGM_2Perc_coupling_errors_on_RP.rml
2025-02-08 00:58:39,327 - INFO - Completed: 50, remaining: 10, RAYPy_Simulation_bessy2lo_56m_PGM_2Perc_coupling_errors_on_RP/round_4/98_bessy2lo_56m_PGM_2Perc_coupling_errors_on_RP.rml
2025-02-08 00:58:39,439 - INFO - Completed: 51, remaining: 9, RAYPy_Simulation_bessy2lo_56m_PGM_2Perc_coupling_errors_on_RP/round_4/97_bessy2lo_56m_PGM_2Perc_coupling_errors_on_RP.rml
2025-02-08 00:58:39,547 - INFO - Completed: 52, remaining: 8, RAYPy_Simulation_bessy2lo_56m_PGM_2Perc_coupling_errors_on_RP/round_4/100_bessy2lo_56m_PGM_2Perc_coupling_errors_on_RP.rml
2025-02-08 00:58:39,646 - INFO - Completed: 53, remaining: 7, RAYPy_Simulation_bessy2lo_56m_PGM_2Perc_coupling_errors_on_RP/round_4/99_bessy2lo_56m_PGM_2Perc_coupling_errors_on_RP.rml
2025-02-08 00:58:39,777 - INFO - Completed: 54, remaining: 6, RAYPy_Simulation_bessy2lo_56m_PGM_2Perc_coupling_errors_on_RP/round_4/101_bessy2lo_56m_PGM_2Perc_coupling_errors_on_RP.rml
2025-02-08 00:58:39,882 - INFO - Completed: 55, remaining: 5, RAYPy_Simulation_bessy2lo_56m_PGM_2Perc_coupling_errors_on_RP/round_4/102_bessy2lo_56m_PGM_2Perc_coupling_errors_on_RP.rml
2025-02-08 00:58:40,525 - INFO - Completed: 56, remaining: 4, RAYPy_Simulation_bessy2lo_56m_PGM_2Perc_coupling_errors_on_RP/round_4/104_bessy2lo_56m_PGM_2Perc_coupling_errors_on_RP.rml
2025-02-08 00:58:40,538 - INFO - Completed: 57, remaining: 3, RAYPy_Simulation_bessy2lo_56m_PGM_2Perc_coupling_errors_on_RP/round_4/103_bessy2lo_56m_PGM_2Perc_coupling_errors_on_RP.rml
2025-02-08 00:58:40,884 - INFO - Completed: 58, remaining: 2, RAYPy_Simulation_bessy2lo_56m_PGM_2Perc_coupling_errors_on_RP/round_4/105_bessy2lo_56m_PGM_2Perc_coupling_errors_on_RP.rml
2025-02-08 00:58:41,009 - INFO - Completed: 59, remaining: 1, RAYPy_Simulation_bessy2lo_56m_PGM_2Perc_coupling_errors_on_RP/round_4/106_bessy2lo_56m_PGM_2Perc_coupling_errors_on_RP.rml
2025-02-08 00:58:41,367 - INFO - Completed: 60, remaining: 0, RAYPy_Simulation_bessy2lo_56m_PGM_2Perc_coupling_errors_on_RP/round_4/107_bessy2lo_56m_PGM_2Perc_coupling_errors_on_RP.rml
2025-02-08 00:58:41,367 - INFO - Batch Completed
2025-02-08 00:58:41,368 - INFO - Waiting For batch, 60 simulations to go
2025-02-08 00:58:41,382 - INFO - Prepared sim number: 108: RAYPy_Simulation_bessy2lo_56m_PGM_2Perc_coupling_errors_on_RP/round_4/108_bessy2lo_56m_PGM_2Perc_coupling_errors_on_RP.rml
2025-02-08 00:58:41,395 - INFO - Prepared sim number: 109: RAYPy_Simulation_bessy2lo_56m_PGM_2Perc_coupling_errors_on_RP/round_4/109_bessy2lo_56m_PGM_2Perc_coupling_errors_on_RP.rml
2025-02-08 00:58:41,412 - INFO - Prepared sim number: 110: RAYPy_Simulation_bessy2lo_56m_PGM_2Perc_coupling_errors_on_RP/round_4/110_bessy2lo_56m_PGM_2Perc_coupling_errors_on_RP.rml
2025-02-08 00:58:41,424 - INFO - Prepared sim number: 111: RAYPy_Simulation_bessy2lo_56m_PGM_2Perc_coupling_errors_on_RP/round_4/111_bessy2lo_56m_PGM_2Perc_coupling_errors_on_RP.rml
2025-02-08 00:58:41,439 - INFO - Prepared sim number: 112: RAYPy_Simulation_bessy2lo_56m_PGM_2Perc_coupling_errors_on_RP/round_4/112_bessy2lo_56m_PGM_2Perc_coupling_errors_on_RP.rml
2025-02-08 00:58:41,451 - INFO - Prepared sim number: 113: RAYPy_Simulation_bessy2lo_56m_PGM_2Perc_coupling_errors_on_RP/round_4/113_bessy2lo_56m_PGM_2Perc_coupling_errors_on_RP.rml
2025-02-08 00:58:41,464 - INFO - Prepared sim number: 114: RAYPy_Simulation_bessy2lo_56m_PGM_2Perc_coupling_errors_on_RP/round_4/114_bessy2lo_56m_PGM_2Perc_coupling_errors_on_RP.rml
2025-02-08 00:58:41,476 - INFO - Prepared sim number: 115: RAYPy_Simulation_bessy2lo_56m_PGM_2Perc_coupling_errors_on_RP/round_4/115_bessy2lo_56m_PGM_2Perc_coupling_errors_on_RP.rml
2025-02-08 00:58:41,486 - INFO - Prepared sim number: 116: RAYPy_Simulation_bessy2lo_56m_PGM_2Perc_coupling_errors_on_RP/round_4/116_bessy2lo_56m_PGM_2Perc_coupling_errors_on_RP.rml
2025-02-08 00:58:41,494 - INFO - Prepared sim number: 117: RAYPy_Simulation_bessy2lo_56m_PGM_2Perc_coupling_errors_on_RP/round_4/117_bessy2lo_56m_PGM_2Perc_coupling_errors_on_RP.rml
2025-02-08 00:58:41,503 - INFO - Prepared sim number: 118: RAYPy_Simulation_bessy2lo_56m_PGM_2Perc_coupling_errors_on_RP/round_4/118_bessy2lo_56m_PGM_2Perc_coupling_errors_on_RP.rml
2025-02-08 00:58:41,512 - INFO - Prepared sim number: 119: RAYPy_Simulation_bessy2lo_56m_PGM_2Perc_coupling_errors_on_RP/round_4/119_bessy2lo_56m_PGM_2Perc_coupling_errors_on_RP.rml
2025-02-08 00:58:41,522 - INFO - Prepared sim number: 120: RAYPy_Simulation_bessy2lo_56m_PGM_2Perc_coupling_errors_on_RP/round_4/120_bessy2lo_56m_PGM_2Perc_coupling_errors_on_RP.rml
2025-02-08 00:58:41,531 - INFO - Prepared sim number: 121: RAYPy_Simulation_bessy2lo_56m_PGM_2Perc_coupling_errors_on_RP/round_4/121_bessy2lo_56m_PGM_2Perc_coupling_errors_on_RP.rml
2025-02-08 00:58:41,540 - INFO - Prepared sim number: 122: RAYPy_Simulation_bessy2lo_56m_PGM_2Perc_coupling_errors_on_RP/round_4/122_bessy2lo_56m_PGM_2Perc_coupling_errors_on_RP.rml
2025-02-08 00:58:41,541 - INFO - Start round 5
2025-02-08 00:58:41,549 - INFO - Prepared sim number: 0: RAYPy_Simulation_bessy2lo_56m_PGM_2Perc_coupling_errors_on_RP/round_5/0_bessy2lo_56m_PGM_2Perc_coupling_errors_on_RP.rml
2025-02-08 00:58:41,560 - INFO - Prepared sim number: 1: RAYPy_Simulation_bessy2lo_56m_PGM_2Perc_coupling_errors_on_RP/round_5/1_bessy2lo_56m_PGM_2Perc_coupling_errors_on_RP.rml
2025-02-08 00:58:41,571 - INFO - Prepared sim number: 2: RAYPy_Simulation_bessy2lo_56m_PGM_2Perc_coupling_errors_on_RP/round_5/2_bessy2lo_56m_PGM_2Perc_coupling_errors_on_RP.rml
2025-02-08 00:58:41,583 - INFO - Prepared sim number: 3: RAYPy_Simulation_bessy2lo_56m_PGM_2Perc_coupling_errors_on_RP/round_5/3_bessy2lo_56m_PGM_2Perc_coupling_errors_on_RP.rml
2025-02-08 00:58:41,593 - INFO - Prepared sim number: 4: RAYPy_Simulation_bessy2lo_56m_PGM_2Perc_coupling_errors_on_RP/round_5/4_bessy2lo_56m_PGM_2Perc_coupling_errors_on_RP.rml
2025-02-08 00:58:41,602 - INFO - Prepared sim number: 5: RAYPy_Simulation_bessy2lo_56m_PGM_2Perc_coupling_errors_on_RP/round_5/5_bessy2lo_56m_PGM_2Perc_coupling_errors_on_RP.rml
2025-02-08 00:58:41,611 - INFO - Prepared sim number: 6: RAYPy_Simulation_bessy2lo_56m_PGM_2Perc_coupling_errors_on_RP/round_5/6_bessy2lo_56m_PGM_2Perc_coupling_errors_on_RP.rml
2025-02-08 00:58:41,620 - INFO - Prepared sim number: 7: RAYPy_Simulation_bessy2lo_56m_PGM_2Perc_coupling_errors_on_RP/round_5/7_bessy2lo_56m_PGM_2Perc_coupling_errors_on_RP.rml
2025-02-08 00:58:41,628 - INFO - Prepared sim number: 8: RAYPy_Simulation_bessy2lo_56m_PGM_2Perc_coupling_errors_on_RP/round_5/8_bessy2lo_56m_PGM_2Perc_coupling_errors_on_RP.rml
2025-02-08 00:58:41,637 - INFO - Prepared sim number: 9: RAYPy_Simulation_bessy2lo_56m_PGM_2Perc_coupling_errors_on_RP/round_5/9_bessy2lo_56m_PGM_2Perc_coupling_errors_on_RP.rml
2025-02-08 00:58:41,647 - INFO - Prepared sim number: 10: RAYPy_Simulation_bessy2lo_56m_PGM_2Perc_coupling_errors_on_RP/round_5/10_bessy2lo_56m_PGM_2Perc_coupling_errors_on_RP.rml
2025-02-08 00:58:41,657 - INFO - Prepared sim number: 11: RAYPy_Simulation_bessy2lo_56m_PGM_2Perc_coupling_errors_on_RP/round_5/11_bessy2lo_56m_PGM_2Perc_coupling_errors_on_RP.rml
2025-02-08 00:58:41,666 - INFO - Prepared sim number: 12: RAYPy_Simulation_bessy2lo_56m_PGM_2Perc_coupling_errors_on_RP/round_5/12_bessy2lo_56m_PGM_2Perc_coupling_errors_on_RP.rml
2025-02-08 00:58:41,675 - INFO - Prepared sim number: 13: RAYPy_Simulation_bessy2lo_56m_PGM_2Perc_coupling_errors_on_RP/round_5/13_bessy2lo_56m_PGM_2Perc_coupling_errors_on_RP.rml
2025-02-08 00:58:41,685 - INFO - Prepared sim number: 14: RAYPy_Simulation_bessy2lo_56m_PGM_2Perc_coupling_errors_on_RP/round_5/14_bessy2lo_56m_PGM_2Perc_coupling_errors_on_RP.rml
2025-02-08 00:58:41,694 - INFO - Prepared sim number: 15: RAYPy_Simulation_bessy2lo_56m_PGM_2Perc_coupling_errors_on_RP/round_5/15_bessy2lo_56m_PGM_2Perc_coupling_errors_on_RP.rml
2025-02-08 00:58:41,703 - INFO - Prepared sim number: 16: RAYPy_Simulation_bessy2lo_56m_PGM_2Perc_coupling_errors_on_RP/round_5/16_bessy2lo_56m_PGM_2Perc_coupling_errors_on_RP.rml
2025-02-08 00:58:41,711 - INFO - Prepared sim number: 17: RAYPy_Simulation_bessy2lo_56m_PGM_2Perc_coupling_errors_on_RP/round_5/17_bessy2lo_56m_PGM_2Perc_coupling_errors_on_RP.rml
2025-02-08 00:58:41,721 - INFO - Prepared sim number: 18: RAYPy_Simulation_bessy2lo_56m_PGM_2Perc_coupling_errors_on_RP/round_5/18_bessy2lo_56m_PGM_2Perc_coupling_errors_on_RP.rml
2025-02-08 00:58:41,731 - INFO - Prepared sim number: 19: RAYPy_Simulation_bessy2lo_56m_PGM_2Perc_coupling_errors_on_RP/round_5/19_bessy2lo_56m_PGM_2Perc_coupling_errors_on_RP.rml
2025-02-08 00:58:41,741 - INFO - Prepared sim number: 20: RAYPy_Simulation_bessy2lo_56m_PGM_2Perc_coupling_errors_on_RP/round_5/20_bessy2lo_56m_PGM_2Perc_coupling_errors_on_RP.rml
2025-02-08 00:58:41,752 - INFO - Prepared sim number: 21: RAYPy_Simulation_bessy2lo_56m_PGM_2Perc_coupling_errors_on_RP/round_5/21_bessy2lo_56m_PGM_2Perc_coupling_errors_on_RP.rml
2025-02-08 00:58:41,762 - INFO - Prepared sim number: 22: RAYPy_Simulation_bessy2lo_56m_PGM_2Perc_coupling_errors_on_RP/round_5/22_bessy2lo_56m_PGM_2Perc_coupling_errors_on_RP.rml
2025-02-08 00:58:41,772 - INFO - Prepared sim number: 23: RAYPy_Simulation_bessy2lo_56m_PGM_2Perc_coupling_errors_on_RP/round_5/23_bessy2lo_56m_PGM_2Perc_coupling_errors_on_RP.rml
2025-02-08 00:58:41,783 - INFO - Prepared sim number: 24: RAYPy_Simulation_bessy2lo_56m_PGM_2Perc_coupling_errors_on_RP/round_5/24_bessy2lo_56m_PGM_2Perc_coupling_errors_on_RP.rml
2025-02-08 00:58:41,794 - INFO - Prepared sim number: 25: RAYPy_Simulation_bessy2lo_56m_PGM_2Perc_coupling_errors_on_RP/round_5/25_bessy2lo_56m_PGM_2Perc_coupling_errors_on_RP.rml
2025-02-08 00:58:41,805 - INFO - Prepared sim number: 26: RAYPy_Simulation_bessy2lo_56m_PGM_2Perc_coupling_errors_on_RP/round_5/26_bessy2lo_56m_PGM_2Perc_coupling_errors_on_RP.rml
2025-02-08 00:58:41,815 - INFO - Prepared sim number: 27: RAYPy_Simulation_bessy2lo_56m_PGM_2Perc_coupling_errors_on_RP/round_5/27_bessy2lo_56m_PGM_2Perc_coupling_errors_on_RP.rml
2025-02-08 00:58:41,824 - INFO - Prepared sim number: 28: RAYPy_Simulation_bessy2lo_56m_PGM_2Perc_coupling_errors_on_RP/round_5/28_bessy2lo_56m_PGM_2Perc_coupling_errors_on_RP.rml
2025-02-08 00:58:41,835 - INFO - Prepared sim number: 29: RAYPy_Simulation_bessy2lo_56m_PGM_2Perc_coupling_errors_on_RP/round_5/29_bessy2lo_56m_PGM_2Perc_coupling_errors_on_RP.rml
2025-02-08 00:58:41,846 - INFO - Prepared sim number: 30: RAYPy_Simulation_bessy2lo_56m_PGM_2Perc_coupling_errors_on_RP/round_5/30_bessy2lo_56m_PGM_2Perc_coupling_errors_on_RP.rml
2025-02-08 00:58:41,856 - INFO - Prepared sim number: 31: RAYPy_Simulation_bessy2lo_56m_PGM_2Perc_coupling_errors_on_RP/round_5/31_bessy2lo_56m_PGM_2Perc_coupling_errors_on_RP.rml
2025-02-08 00:58:41,866 - INFO - Prepared sim number: 32: RAYPy_Simulation_bessy2lo_56m_PGM_2Perc_coupling_errors_on_RP/round_5/32_bessy2lo_56m_PGM_2Perc_coupling_errors_on_RP.rml
2025-02-08 00:58:41,876 - INFO - Prepared sim number: 33: RAYPy_Simulation_bessy2lo_56m_PGM_2Perc_coupling_errors_on_RP/round_5/33_bessy2lo_56m_PGM_2Perc_coupling_errors_on_RP.rml
2025-02-08 00:58:41,886 - INFO - Prepared sim number: 34: RAYPy_Simulation_bessy2lo_56m_PGM_2Perc_coupling_errors_on_RP/round_5/34_bessy2lo_56m_PGM_2Perc_coupling_errors_on_RP.rml
2025-02-08 00:58:41,897 - INFO - Prepared sim number: 35: RAYPy_Simulation_bessy2lo_56m_PGM_2Perc_coupling_errors_on_RP/round_5/35_bessy2lo_56m_PGM_2Perc_coupling_errors_on_RP.rml
2025-02-08 00:58:41,909 - INFO - Prepared sim number: 36: RAYPy_Simulation_bessy2lo_56m_PGM_2Perc_coupling_errors_on_RP/round_5/36_bessy2lo_56m_PGM_2Perc_coupling_errors_on_RP.rml
2025-02-08 00:58:41,919 - INFO - Prepared sim number: 37: RAYPy_Simulation_bessy2lo_56m_PGM_2Perc_coupling_errors_on_RP/round_5/37_bessy2lo_56m_PGM_2Perc_coupling_errors_on_RP.rml
2025-02-08 00:58:41,929 - INFO - Prepared sim number: 38: RAYPy_Simulation_bessy2lo_56m_PGM_2Perc_coupling_errors_on_RP/round_5/38_bessy2lo_56m_PGM_2Perc_coupling_errors_on_RP.rml
2025-02-08 00:58:41,939 - INFO - Prepared sim number: 39: RAYPy_Simulation_bessy2lo_56m_PGM_2Perc_coupling_errors_on_RP/round_5/39_bessy2lo_56m_PGM_2Perc_coupling_errors_on_RP.rml
2025-02-08 00:58:41,950 - INFO - Prepared sim number: 40: RAYPy_Simulation_bessy2lo_56m_PGM_2Perc_coupling_errors_on_RP/round_5/40_bessy2lo_56m_PGM_2Perc_coupling_errors_on_RP.rml
2025-02-08 00:58:41,961 - INFO - Prepared sim number: 41: RAYPy_Simulation_bessy2lo_56m_PGM_2Perc_coupling_errors_on_RP/round_5/41_bessy2lo_56m_PGM_2Perc_coupling_errors_on_RP.rml
2025-02-08 00:58:41,972 - INFO - Prepared sim number: 42: RAYPy_Simulation_bessy2lo_56m_PGM_2Perc_coupling_errors_on_RP/round_5/42_bessy2lo_56m_PGM_2Perc_coupling_errors_on_RP.rml
2025-02-08 00:58:41,983 - INFO - Prepared sim number: 43: RAYPy_Simulation_bessy2lo_56m_PGM_2Perc_coupling_errors_on_RP/round_5/43_bessy2lo_56m_PGM_2Perc_coupling_errors_on_RP.rml
2025-02-08 00:58:41,993 - INFO - Prepared sim number: 44: RAYPy_Simulation_bessy2lo_56m_PGM_2Perc_coupling_errors_on_RP/round_5/44_bessy2lo_56m_PGM_2Perc_coupling_errors_on_RP.rml
2025-02-08 00:58:41,994 - INFO - Waiting for batch number: 10, timeout: 21.867361462116243s
2025-02-08 00:58:44,718 - INFO - Completed: 1, remaining: 59, RAYPy_Simulation_bessy2lo_56m_PGM_2Perc_coupling_errors_on_RP/round_4/116_bessy2lo_56m_PGM_2Perc_coupling_errors_on_RP.rml
2025-02-08 00:58:44,772 - INFO - Completed: 2, remaining: 58, RAYPy_Simulation_bessy2lo_56m_PGM_2Perc_coupling_errors_on_RP/round_4/112_bessy2lo_56m_PGM_2Perc_coupling_errors_on_RP.rml
2025-02-08 00:58:44,809 - INFO - Completed: 3, remaining: 57, RAYPy_Simulation_bessy2lo_56m_PGM_2Perc_coupling_errors_on_RP/round_4/118_bessy2lo_56m_PGM_2Perc_coupling_errors_on_RP.rml
2025-02-08 00:58:44,885 - INFO - Completed: 4, remaining: 56, RAYPy_Simulation_bessy2lo_56m_PGM_2Perc_coupling_errors_on_RP/round_4/111_bessy2lo_56m_PGM_2Perc_coupling_errors_on_RP.rml
2025-02-08 00:58:44,896 - INFO - Completed: 5, remaining: 55, RAYPy_Simulation_bessy2lo_56m_PGM_2Perc_coupling_errors_on_RP/round_4/117_bessy2lo_56m_PGM_2Perc_coupling_errors_on_RP.rml
2025-02-08 00:58:44,925 - INFO - Completed: 6, remaining: 54, RAYPy_Simulation_bessy2lo_56m_PGM_2Perc_coupling_errors_on_RP/round_4/110_bessy2lo_56m_PGM_2Perc_coupling_errors_on_RP.rml
2025-02-08 00:58:45,084 - INFO - Completed: 7, remaining: 53, RAYPy_Simulation_bessy2lo_56m_PGM_2Perc_coupling_errors_on_RP/round_4/115_bessy2lo_56m_PGM_2Perc_coupling_errors_on_RP.rml
2025-02-08 00:58:45,118 - INFO - Completed: 8, remaining: 52, RAYPy_Simulation_bessy2lo_56m_PGM_2Perc_coupling_errors_on_RP/round_4/108_bessy2lo_56m_PGM_2Perc_coupling_errors_on_RP.rml
2025-02-08 00:58:47,198 - INFO - Completed: 9, remaining: 51, RAYPy_Simulation_bessy2lo_56m_PGM_2Perc_coupling_errors_on_RP/round_4/114_bessy2lo_56m_PGM_2Perc_coupling_errors_on_RP.rml
2025-02-08 00:58:47,501 - INFO - Completed: 10, remaining: 50, RAYPy_Simulation_bessy2lo_56m_PGM_2Perc_coupling_errors_on_RP/round_4/119_bessy2lo_56m_PGM_2Perc_coupling_errors_on_RP.rml
2025-02-08 00:58:47,573 - INFO - Completed: 11, remaining: 49, RAYPy_Simulation_bessy2lo_56m_PGM_2Perc_coupling_errors_on_RP/round_4/109_bessy2lo_56m_PGM_2Perc_coupling_errors_on_RP.rml
2025-02-08 00:58:47,665 - INFO - Completed: 12, remaining: 48, RAYPy_Simulation_bessy2lo_56m_PGM_2Perc_coupling_errors_on_RP/round_4/113_bessy2lo_56m_PGM_2Perc_coupling_errors_on_RP.rml
2025-02-08 00:58:48,144 - INFO - Completed: 13, remaining: 47, RAYPy_Simulation_bessy2lo_56m_PGM_2Perc_coupling_errors_on_RP/round_4/120_bessy2lo_56m_PGM_2Perc_coupling_errors_on_RP.rml
2025-02-08 00:58:48,240 - INFO - Completed: 14, remaining: 46, RAYPy_Simulation_bessy2lo_56m_PGM_2Perc_coupling_errors_on_RP/round_5/0_bessy2lo_56m_PGM_2Perc_coupling_errors_on_RP.rml
2025-02-08 00:58:48,251 - INFO - Completed: 15, remaining: 45, RAYPy_Simulation_bessy2lo_56m_PGM_2Perc_coupling_errors_on_RP/round_4/122_bessy2lo_56m_PGM_2Perc_coupling_errors_on_RP.rml
2025-02-08 00:58:48,285 - INFO - Completed: 16, remaining: 44, RAYPy_Simulation_bessy2lo_56m_PGM_2Perc_coupling_errors_on_RP/round_4/121_bessy2lo_56m_PGM_2Perc_coupling_errors_on_RP.rml
2025-02-08 00:58:48,398 - INFO - Completed: 17, remaining: 43, RAYPy_Simulation_bessy2lo_56m_PGM_2Perc_coupling_errors_on_RP/round_5/1_bessy2lo_56m_PGM_2Perc_coupling_errors_on_RP.rml
2025-02-08 00:58:48,542 - INFO - Completed: 18, remaining: 42, RAYPy_Simulation_bessy2lo_56m_PGM_2Perc_coupling_errors_on_RP/round_5/2_bessy2lo_56m_PGM_2Perc_coupling_errors_on_RP.rml
2025-02-08 00:58:48,617 - INFO - Completed: 19, remaining: 41, RAYPy_Simulation_bessy2lo_56m_PGM_2Perc_coupling_errors_on_RP/round_5/3_bessy2lo_56m_PGM_2Perc_coupling_errors_on_RP.rml
2025-02-08 00:58:48,746 - INFO - Completed: 20, remaining: 40, RAYPy_Simulation_bessy2lo_56m_PGM_2Perc_coupling_errors_on_RP/round_5/4_bessy2lo_56m_PGM_2Perc_coupling_errors_on_RP.rml
2025-02-08 00:58:50,844 - INFO - Completed: 21, remaining: 39, RAYPy_Simulation_bessy2lo_56m_PGM_2Perc_coupling_errors_on_RP/round_5/6_bessy2lo_56m_PGM_2Perc_coupling_errors_on_RP.rml
2025-02-08 00:58:50,976 - INFO - Completed: 22, remaining: 38, RAYPy_Simulation_bessy2lo_56m_PGM_2Perc_coupling_errors_on_RP/round_5/8_bessy2lo_56m_PGM_2Perc_coupling_errors_on_RP.rml
2025-02-08 00:58:50,987 - INFO - Completed: 23, remaining: 37, RAYPy_Simulation_bessy2lo_56m_PGM_2Perc_coupling_errors_on_RP/round_5/7_bessy2lo_56m_PGM_2Perc_coupling_errors_on_RP.rml
2025-02-08 00:58:51,105 - INFO - Completed: 24, remaining: 36, RAYPy_Simulation_bessy2lo_56m_PGM_2Perc_coupling_errors_on_RP/round_5/5_bessy2lo_56m_PGM_2Perc_coupling_errors_on_RP.rml
2025-02-08 00:58:51,667 - INFO - Completed: 25, remaining: 35, RAYPy_Simulation_bessy2lo_56m_PGM_2Perc_coupling_errors_on_RP/round_5/9_bessy2lo_56m_PGM_2Perc_coupling_errors_on_RP.rml
2025-02-08 00:58:51,782 - INFO - Completed: 26, remaining: 34, RAYPy_Simulation_bessy2lo_56m_PGM_2Perc_coupling_errors_on_RP/round_5/14_bessy2lo_56m_PGM_2Perc_coupling_errors_on_RP.rml
2025-02-08 00:58:51,887 - INFO - Completed: 27, remaining: 33, RAYPy_Simulation_bessy2lo_56m_PGM_2Perc_coupling_errors_on_RP/round_5/10_bessy2lo_56m_PGM_2Perc_coupling_errors_on_RP.rml
2025-02-08 00:58:51,949 - INFO - Completed: 28, remaining: 32, RAYPy_Simulation_bessy2lo_56m_PGM_2Perc_coupling_errors_on_RP/round_5/11_bessy2lo_56m_PGM_2Perc_coupling_errors_on_RP.rml
2025-02-08 00:58:52,078 - INFO - Completed: 29, remaining: 31, RAYPy_Simulation_bessy2lo_56m_PGM_2Perc_coupling_errors_on_RP/round_5/15_bessy2lo_56m_PGM_2Perc_coupling_errors_on_RP.rml
2025-02-08 00:58:52,152 - INFO - Completed: 30, remaining: 30, RAYPy_Simulation_bessy2lo_56m_PGM_2Perc_coupling_errors_on_RP/round_5/13_bessy2lo_56m_PGM_2Perc_coupling_errors_on_RP.rml
2025-02-08 00:58:52,338 - INFO - Completed: 31, remaining: 29, RAYPy_Simulation_bessy2lo_56m_PGM_2Perc_coupling_errors_on_RP/round_5/12_bessy2lo_56m_PGM_2Perc_coupling_errors_on_RP.rml
2025-02-08 00:58:52,445 - INFO - Completed: 32, remaining: 28, RAYPy_Simulation_bessy2lo_56m_PGM_2Perc_coupling_errors_on_RP/round_5/16_bessy2lo_56m_PGM_2Perc_coupling_errors_on_RP.rml
2025-02-08 00:58:54,332 - INFO - Completed: 33, remaining: 27, RAYPy_Simulation_bessy2lo_56m_PGM_2Perc_coupling_errors_on_RP/round_5/17_bessy2lo_56m_PGM_2Perc_coupling_errors_on_RP.rml
2025-02-08 00:58:54,406 - INFO - Completed: 34, remaining: 26, RAYPy_Simulation_bessy2lo_56m_PGM_2Perc_coupling_errors_on_RP/round_5/20_bessy2lo_56m_PGM_2Perc_coupling_errors_on_RP.rml
2025-02-08 00:58:54,510 - INFO - Completed: 35, remaining: 25, RAYPy_Simulation_bessy2lo_56m_PGM_2Perc_coupling_errors_on_RP/round_5/19_bessy2lo_56m_PGM_2Perc_coupling_errors_on_RP.rml
2025-02-08 00:58:54,513 - INFO - Completed: 36, remaining: 24, RAYPy_Simulation_bessy2lo_56m_PGM_2Perc_coupling_errors_on_RP/round_5/18_bessy2lo_56m_PGM_2Perc_coupling_errors_on_RP.rml
2025-02-08 00:58:55,383 - INFO - Completed: 37, remaining: 23, RAYPy_Simulation_bessy2lo_56m_PGM_2Perc_coupling_errors_on_RP/round_5/21_bessy2lo_56m_PGM_2Perc_coupling_errors_on_RP.rml
2025-02-08 00:58:55,749 - INFO - Completed: 38, remaining: 22, RAYPy_Simulation_bessy2lo_56m_PGM_2Perc_coupling_errors_on_RP/round_5/23_bessy2lo_56m_PGM_2Perc_coupling_errors_on_RP.rml
2025-02-08 00:58:55,772 - INFO - Completed: 39, remaining: 21, RAYPy_Simulation_bessy2lo_56m_PGM_2Perc_coupling_errors_on_RP/round_5/25_bessy2lo_56m_PGM_2Perc_coupling_errors_on_RP.rml
2025-02-08 00:58:55,857 - INFO - Completed: 40, remaining: 20, RAYPy_Simulation_bessy2lo_56m_PGM_2Perc_coupling_errors_on_RP/round_5/24_bessy2lo_56m_PGM_2Perc_coupling_errors_on_RP.rml
2025-02-08 00:58:55,863 - INFO - Completed: 41, remaining: 19, RAYPy_Simulation_bessy2lo_56m_PGM_2Perc_coupling_errors_on_RP/round_5/22_bessy2lo_56m_PGM_2Perc_coupling_errors_on_RP.rml
2025-02-08 00:58:56,104 - INFO - Completed: 42, remaining: 18, RAYPy_Simulation_bessy2lo_56m_PGM_2Perc_coupling_errors_on_RP/round_5/27_bessy2lo_56m_PGM_2Perc_coupling_errors_on_RP.rml
2025-02-08 00:58:56,177 - INFO - Completed: 43, remaining: 17, RAYPy_Simulation_bessy2lo_56m_PGM_2Perc_coupling_errors_on_RP/round_5/26_bessy2lo_56m_PGM_2Perc_coupling_errors_on_RP.rml
2025-02-08 00:58:56,613 - INFO - Completed: 44, remaining: 16, RAYPy_Simulation_bessy2lo_56m_PGM_2Perc_coupling_errors_on_RP/round_5/28_bessy2lo_56m_PGM_2Perc_coupling_errors_on_RP.rml
2025-02-08 00:58:58,198 - INFO - Completed: 45, remaining: 15, RAYPy_Simulation_bessy2lo_56m_PGM_2Perc_coupling_errors_on_RP/round_5/30_bessy2lo_56m_PGM_2Perc_coupling_errors_on_RP.rml
2025-02-08 00:58:58,240 - INFO - Completed: 46, remaining: 14, RAYPy_Simulation_bessy2lo_56m_PGM_2Perc_coupling_errors_on_RP/round_5/31_bessy2lo_56m_PGM_2Perc_coupling_errors_on_RP.rml
2025-02-08 00:58:58,390 - INFO - Completed: 47, remaining: 13, RAYPy_Simulation_bessy2lo_56m_PGM_2Perc_coupling_errors_on_RP/round_5/32_bessy2lo_56m_PGM_2Perc_coupling_errors_on_RP.rml
2025-02-08 00:58:58,511 - INFO - Completed: 48, remaining: 12, RAYPy_Simulation_bessy2lo_56m_PGM_2Perc_coupling_errors_on_RP/round_5/29_bessy2lo_56m_PGM_2Perc_coupling_errors_on_RP.rml
2025-02-08 00:58:58,965 - INFO - Completed: 49, remaining: 11, RAYPy_Simulation_bessy2lo_56m_PGM_2Perc_coupling_errors_on_RP/round_5/33_bessy2lo_56m_PGM_2Perc_coupling_errors_on_RP.rml
2025-02-08 00:58:59,479 - INFO - Completed: 50, remaining: 10, RAYPy_Simulation_bessy2lo_56m_PGM_2Perc_coupling_errors_on_RP/round_5/34_bessy2lo_56m_PGM_2Perc_coupling_errors_on_RP.rml
2025-02-08 00:58:59,657 - INFO - Completed: 51, remaining: 9, RAYPy_Simulation_bessy2lo_56m_PGM_2Perc_coupling_errors_on_RP/round_5/35_bessy2lo_56m_PGM_2Perc_coupling_errors_on_RP.rml
2025-02-08 00:58:59,804 - INFO - Completed: 52, remaining: 8, RAYPy_Simulation_bessy2lo_56m_PGM_2Perc_coupling_errors_on_RP/round_5/37_bessy2lo_56m_PGM_2Perc_coupling_errors_on_RP.rml
2025-02-08 00:58:59,938 - INFO - Completed: 53, remaining: 7, RAYPy_Simulation_bessy2lo_56m_PGM_2Perc_coupling_errors_on_RP/round_5/38_bessy2lo_56m_PGM_2Perc_coupling_errors_on_RP.rml
2025-02-08 00:59:00,143 - INFO - Completed: 54, remaining: 6, RAYPy_Simulation_bessy2lo_56m_PGM_2Perc_coupling_errors_on_RP/round_5/39_bessy2lo_56m_PGM_2Perc_coupling_errors_on_RP.rml
2025-02-08 00:59:00,321 - INFO - Completed: 55, remaining: 5, RAYPy_Simulation_bessy2lo_56m_PGM_2Perc_coupling_errors_on_RP/round_5/40_bessy2lo_56m_PGM_2Perc_coupling_errors_on_RP.rml
2025-02-08 00:59:00,446 - INFO - Completed: 56, remaining: 4, RAYPy_Simulation_bessy2lo_56m_PGM_2Perc_coupling_errors_on_RP/round_5/36_bessy2lo_56m_PGM_2Perc_coupling_errors_on_RP.rml
2025-02-08 00:59:01,059 - INFO - Completed: 57, remaining: 3, RAYPy_Simulation_bessy2lo_56m_PGM_2Perc_coupling_errors_on_RP/round_5/41_bessy2lo_56m_PGM_2Perc_coupling_errors_on_RP.rml
2025-02-08 00:59:01,126 - INFO - Completed: 58, remaining: 2, RAYPy_Simulation_bessy2lo_56m_PGM_2Perc_coupling_errors_on_RP/round_5/42_bessy2lo_56m_PGM_2Perc_coupling_errors_on_RP.rml
2025-02-08 00:59:01,199 - INFO - Completed: 59, remaining: 1, RAYPy_Simulation_bessy2lo_56m_PGM_2Perc_coupling_errors_on_RP/round_5/43_bessy2lo_56m_PGM_2Perc_coupling_errors_on_RP.rml
2025-02-08 00:59:01,234 - INFO - Completed: 60, remaining: 0, RAYPy_Simulation_bessy2lo_56m_PGM_2Perc_coupling_errors_on_RP/round_5/44_bessy2lo_56m_PGM_2Perc_coupling_errors_on_RP.rml
2025-02-08 00:59:01,234 - INFO - Batch Completed
2025-02-08 00:59:01,234 - INFO - Waiting For batch, 60 simulations to go
2025-02-08 00:59:01,242 - INFO - Prepared sim number: 45: RAYPy_Simulation_bessy2lo_56m_PGM_2Perc_coupling_errors_on_RP/round_5/45_bessy2lo_56m_PGM_2Perc_coupling_errors_on_RP.rml
2025-02-08 00:59:01,255 - INFO - Prepared sim number: 46: RAYPy_Simulation_bessy2lo_56m_PGM_2Perc_coupling_errors_on_RP/round_5/46_bessy2lo_56m_PGM_2Perc_coupling_errors_on_RP.rml
2025-02-08 00:59:01,262 - INFO - Prepared sim number: 47: RAYPy_Simulation_bessy2lo_56m_PGM_2Perc_coupling_errors_on_RP/round_5/47_bessy2lo_56m_PGM_2Perc_coupling_errors_on_RP.rml
2025-02-08 00:59:01,269 - INFO - Prepared sim number: 48: RAYPy_Simulation_bessy2lo_56m_PGM_2Perc_coupling_errors_on_RP/round_5/48_bessy2lo_56m_PGM_2Perc_coupling_errors_on_RP.rml
2025-02-08 00:59:01,276 - INFO - Prepared sim number: 49: RAYPy_Simulation_bessy2lo_56m_PGM_2Perc_coupling_errors_on_RP/round_5/49_bessy2lo_56m_PGM_2Perc_coupling_errors_on_RP.rml
2025-02-08 00:59:01,287 - INFO - Prepared sim number: 50: RAYPy_Simulation_bessy2lo_56m_PGM_2Perc_coupling_errors_on_RP/round_5/50_bessy2lo_56m_PGM_2Perc_coupling_errors_on_RP.rml
2025-02-08 00:59:01,294 - INFO - Prepared sim number: 51: RAYPy_Simulation_bessy2lo_56m_PGM_2Perc_coupling_errors_on_RP/round_5/51_bessy2lo_56m_PGM_2Perc_coupling_errors_on_RP.rml
2025-02-08 00:59:01,302 - INFO - Prepared sim number: 52: RAYPy_Simulation_bessy2lo_56m_PGM_2Perc_coupling_errors_on_RP/round_5/52_bessy2lo_56m_PGM_2Perc_coupling_errors_on_RP.rml
2025-02-08 00:59:01,309 - INFO - Prepared sim number: 53: RAYPy_Simulation_bessy2lo_56m_PGM_2Perc_coupling_errors_on_RP/round_5/53_bessy2lo_56m_PGM_2Perc_coupling_errors_on_RP.rml
2025-02-08 00:59:01,315 - INFO - Prepared sim number: 54: RAYPy_Simulation_bessy2lo_56m_PGM_2Perc_coupling_errors_on_RP/round_5/54_bessy2lo_56m_PGM_2Perc_coupling_errors_on_RP.rml
2025-02-08 00:59:01,322 - INFO - Prepared sim number: 55: RAYPy_Simulation_bessy2lo_56m_PGM_2Perc_coupling_errors_on_RP/round_5/55_bessy2lo_56m_PGM_2Perc_coupling_errors_on_RP.rml
2025-02-08 00:59:01,329 - INFO - Prepared sim number: 56: RAYPy_Simulation_bessy2lo_56m_PGM_2Perc_coupling_errors_on_RP/round_5/56_bessy2lo_56m_PGM_2Perc_coupling_errors_on_RP.rml
2025-02-08 00:59:01,336 - INFO - Prepared sim number: 57: RAYPy_Simulation_bessy2lo_56m_PGM_2Perc_coupling_errors_on_RP/round_5/57_bessy2lo_56m_PGM_2Perc_coupling_errors_on_RP.rml
2025-02-08 00:59:01,342 - INFO - Prepared sim number: 58: RAYPy_Simulation_bessy2lo_56m_PGM_2Perc_coupling_errors_on_RP/round_5/58_bessy2lo_56m_PGM_2Perc_coupling_errors_on_RP.rml
2025-02-08 00:59:01,347 - INFO - Prepared sim number: 59: RAYPy_Simulation_bessy2lo_56m_PGM_2Perc_coupling_errors_on_RP/round_5/59_bessy2lo_56m_PGM_2Perc_coupling_errors_on_RP.rml
2025-02-08 00:59:01,353 - INFO - Prepared sim number: 60: RAYPy_Simulation_bessy2lo_56m_PGM_2Perc_coupling_errors_on_RP/round_5/60_bessy2lo_56m_PGM_2Perc_coupling_errors_on_RP.rml
2025-02-08 00:59:01,359 - INFO - Prepared sim number: 61: RAYPy_Simulation_bessy2lo_56m_PGM_2Perc_coupling_errors_on_RP/round_5/61_bessy2lo_56m_PGM_2Perc_coupling_errors_on_RP.rml
2025-02-08 00:59:01,365 - INFO - Prepared sim number: 62: RAYPy_Simulation_bessy2lo_56m_PGM_2Perc_coupling_errors_on_RP/round_5/62_bessy2lo_56m_PGM_2Perc_coupling_errors_on_RP.rml
2025-02-08 00:59:01,371 - INFO - Prepared sim number: 63: RAYPy_Simulation_bessy2lo_56m_PGM_2Perc_coupling_errors_on_RP/round_5/63_bessy2lo_56m_PGM_2Perc_coupling_errors_on_RP.rml
2025-02-08 00:59:01,377 - INFO - Prepared sim number: 64: RAYPy_Simulation_bessy2lo_56m_PGM_2Perc_coupling_errors_on_RP/round_5/64_bessy2lo_56m_PGM_2Perc_coupling_errors_on_RP.rml
2025-02-08 00:59:01,382 - INFO - Prepared sim number: 65: RAYPy_Simulation_bessy2lo_56m_PGM_2Perc_coupling_errors_on_RP/round_5/65_bessy2lo_56m_PGM_2Perc_coupling_errors_on_RP.rml
2025-02-08 00:59:01,387 - INFO - Prepared sim number: 66: RAYPy_Simulation_bessy2lo_56m_PGM_2Perc_coupling_errors_on_RP/round_5/66_bessy2lo_56m_PGM_2Perc_coupling_errors_on_RP.rml
2025-02-08 00:59:01,393 - INFO - Prepared sim number: 67: RAYPy_Simulation_bessy2lo_56m_PGM_2Perc_coupling_errors_on_RP/round_5/67_bessy2lo_56m_PGM_2Perc_coupling_errors_on_RP.rml
2025-02-08 00:59:01,399 - INFO - Prepared sim number: 68: RAYPy_Simulation_bessy2lo_56m_PGM_2Perc_coupling_errors_on_RP/round_5/68_bessy2lo_56m_PGM_2Perc_coupling_errors_on_RP.rml
2025-02-08 00:59:01,404 - INFO - Prepared sim number: 69: RAYPy_Simulation_bessy2lo_56m_PGM_2Perc_coupling_errors_on_RP/round_5/69_bessy2lo_56m_PGM_2Perc_coupling_errors_on_RP.rml
2025-02-08 00:59:01,410 - INFO - Prepared sim number: 70: RAYPy_Simulation_bessy2lo_56m_PGM_2Perc_coupling_errors_on_RP/round_5/70_bessy2lo_56m_PGM_2Perc_coupling_errors_on_RP.rml
2025-02-08 00:59:01,416 - INFO - Prepared sim number: 71: RAYPy_Simulation_bessy2lo_56m_PGM_2Perc_coupling_errors_on_RP/round_5/71_bessy2lo_56m_PGM_2Perc_coupling_errors_on_RP.rml
2025-02-08 00:59:01,422 - INFO - Prepared sim number: 72: RAYPy_Simulation_bessy2lo_56m_PGM_2Perc_coupling_errors_on_RP/round_5/72_bessy2lo_56m_PGM_2Perc_coupling_errors_on_RP.rml
2025-02-08 00:59:01,428 - INFO - Prepared sim number: 73: RAYPy_Simulation_bessy2lo_56m_PGM_2Perc_coupling_errors_on_RP/round_5/73_bessy2lo_56m_PGM_2Perc_coupling_errors_on_RP.rml
2025-02-08 00:59:01,434 - INFO - Prepared sim number: 74: RAYPy_Simulation_bessy2lo_56m_PGM_2Perc_coupling_errors_on_RP/round_5/74_bessy2lo_56m_PGM_2Perc_coupling_errors_on_RP.rml
2025-02-08 00:59:01,439 - INFO - Prepared sim number: 75: RAYPy_Simulation_bessy2lo_56m_PGM_2Perc_coupling_errors_on_RP/round_5/75_bessy2lo_56m_PGM_2Perc_coupling_errors_on_RP.rml
2025-02-08 00:59:01,444 - INFO - Prepared sim number: 76: RAYPy_Simulation_bessy2lo_56m_PGM_2Perc_coupling_errors_on_RP/round_5/76_bessy2lo_56m_PGM_2Perc_coupling_errors_on_RP.rml
2025-02-08 00:59:01,450 - INFO - Prepared sim number: 77: RAYPy_Simulation_bessy2lo_56m_PGM_2Perc_coupling_errors_on_RP/round_5/77_bessy2lo_56m_PGM_2Perc_coupling_errors_on_RP.rml
2025-02-08 00:59:01,455 - INFO - Prepared sim number: 78: RAYPy_Simulation_bessy2lo_56m_PGM_2Perc_coupling_errors_on_RP/round_5/78_bessy2lo_56m_PGM_2Perc_coupling_errors_on_RP.rml
2025-02-08 00:59:01,461 - INFO - Prepared sim number: 79: RAYPy_Simulation_bessy2lo_56m_PGM_2Perc_coupling_errors_on_RP/round_5/79_bessy2lo_56m_PGM_2Perc_coupling_errors_on_RP.rml
2025-02-08 00:59:01,466 - INFO - Prepared sim number: 80: RAYPy_Simulation_bessy2lo_56m_PGM_2Perc_coupling_errors_on_RP/round_5/80_bessy2lo_56m_PGM_2Perc_coupling_errors_on_RP.rml
2025-02-08 00:59:01,471 - INFO - Prepared sim number: 81: RAYPy_Simulation_bessy2lo_56m_PGM_2Perc_coupling_errors_on_RP/round_5/81_bessy2lo_56m_PGM_2Perc_coupling_errors_on_RP.rml
2025-02-08 00:59:01,476 - INFO - Prepared sim number: 82: RAYPy_Simulation_bessy2lo_56m_PGM_2Perc_coupling_errors_on_RP/round_5/82_bessy2lo_56m_PGM_2Perc_coupling_errors_on_RP.rml
2025-02-08 00:59:01,482 - INFO - Prepared sim number: 83: RAYPy_Simulation_bessy2lo_56m_PGM_2Perc_coupling_errors_on_RP/round_5/83_bessy2lo_56m_PGM_2Perc_coupling_errors_on_RP.rml
2025-02-08 00:59:01,488 - INFO - Prepared sim number: 84: RAYPy_Simulation_bessy2lo_56m_PGM_2Perc_coupling_errors_on_RP/round_5/84_bessy2lo_56m_PGM_2Perc_coupling_errors_on_RP.rml
2025-02-08 00:59:01,493 - INFO - Prepared sim number: 85: RAYPy_Simulation_bessy2lo_56m_PGM_2Perc_coupling_errors_on_RP/round_5/85_bessy2lo_56m_PGM_2Perc_coupling_errors_on_RP.rml
2025-02-08 00:59:01,499 - INFO - Prepared sim number: 86: RAYPy_Simulation_bessy2lo_56m_PGM_2Perc_coupling_errors_on_RP/round_5/86_bessy2lo_56m_PGM_2Perc_coupling_errors_on_RP.rml
2025-02-08 00:59:01,504 - INFO - Prepared sim number: 87: RAYPy_Simulation_bessy2lo_56m_PGM_2Perc_coupling_errors_on_RP/round_5/87_bessy2lo_56m_PGM_2Perc_coupling_errors_on_RP.rml
2025-02-08 00:59:01,509 - INFO - Prepared sim number: 88: RAYPy_Simulation_bessy2lo_56m_PGM_2Perc_coupling_errors_on_RP/round_5/88_bessy2lo_56m_PGM_2Perc_coupling_errors_on_RP.rml
2025-02-08 00:59:01,515 - INFO - Prepared sim number: 89: RAYPy_Simulation_bessy2lo_56m_PGM_2Perc_coupling_errors_on_RP/round_5/89_bessy2lo_56m_PGM_2Perc_coupling_errors_on_RP.rml
2025-02-08 00:59:01,520 - INFO - Prepared sim number: 90: RAYPy_Simulation_bessy2lo_56m_PGM_2Perc_coupling_errors_on_RP/round_5/90_bessy2lo_56m_PGM_2Perc_coupling_errors_on_RP.rml
2025-02-08 00:59:01,525 - INFO - Prepared sim number: 91: RAYPy_Simulation_bessy2lo_56m_PGM_2Perc_coupling_errors_on_RP/round_5/91_bessy2lo_56m_PGM_2Perc_coupling_errors_on_RP.rml
2025-02-08 00:59:01,531 - INFO - Prepared sim number: 92: RAYPy_Simulation_bessy2lo_56m_PGM_2Perc_coupling_errors_on_RP/round_5/92_bessy2lo_56m_PGM_2Perc_coupling_errors_on_RP.rml
2025-02-08 00:59:01,536 - INFO - Prepared sim number: 93: RAYPy_Simulation_bessy2lo_56m_PGM_2Perc_coupling_errors_on_RP/round_5/93_bessy2lo_56m_PGM_2Perc_coupling_errors_on_RP.rml
2025-02-08 00:59:01,541 - INFO - Prepared sim number: 94: RAYPy_Simulation_bessy2lo_56m_PGM_2Perc_coupling_errors_on_RP/round_5/94_bessy2lo_56m_PGM_2Perc_coupling_errors_on_RP.rml
2025-02-08 00:59:01,547 - INFO - Prepared sim number: 95: RAYPy_Simulation_bessy2lo_56m_PGM_2Perc_coupling_errors_on_RP/round_5/95_bessy2lo_56m_PGM_2Perc_coupling_errors_on_RP.rml
2025-02-08 00:59:01,552 - INFO - Prepared sim number: 96: RAYPy_Simulation_bessy2lo_56m_PGM_2Perc_coupling_errors_on_RP/round_5/96_bessy2lo_56m_PGM_2Perc_coupling_errors_on_RP.rml
2025-02-08 00:59:01,558 - INFO - Prepared sim number: 97: RAYPy_Simulation_bessy2lo_56m_PGM_2Perc_coupling_errors_on_RP/round_5/97_bessy2lo_56m_PGM_2Perc_coupling_errors_on_RP.rml
2025-02-08 00:59:01,563 - INFO - Prepared sim number: 98: RAYPy_Simulation_bessy2lo_56m_PGM_2Perc_coupling_errors_on_RP/round_5/98_bessy2lo_56m_PGM_2Perc_coupling_errors_on_RP.rml
2025-02-08 00:59:01,569 - INFO - Prepared sim number: 99: RAYPy_Simulation_bessy2lo_56m_PGM_2Perc_coupling_errors_on_RP/round_5/99_bessy2lo_56m_PGM_2Perc_coupling_errors_on_RP.rml
2025-02-08 00:59:01,575 - INFO - Prepared sim number: 100: RAYPy_Simulation_bessy2lo_56m_PGM_2Perc_coupling_errors_on_RP/round_5/100_bessy2lo_56m_PGM_2Perc_coupling_errors_on_RP.rml
2025-02-08 00:59:01,582 - INFO - Prepared sim number: 101: RAYPy_Simulation_bessy2lo_56m_PGM_2Perc_coupling_errors_on_RP/round_5/101_bessy2lo_56m_PGM_2Perc_coupling_errors_on_RP.rml
2025-02-08 00:59:01,588 - INFO - Prepared sim number: 102: RAYPy_Simulation_bessy2lo_56m_PGM_2Perc_coupling_errors_on_RP/round_5/102_bessy2lo_56m_PGM_2Perc_coupling_errors_on_RP.rml
2025-02-08 00:59:01,594 - INFO - Prepared sim number: 103: RAYPy_Simulation_bessy2lo_56m_PGM_2Perc_coupling_errors_on_RP/round_5/103_bessy2lo_56m_PGM_2Perc_coupling_errors_on_RP.rml
2025-02-08 00:59:01,602 - INFO - Prepared sim number: 104: RAYPy_Simulation_bessy2lo_56m_PGM_2Perc_coupling_errors_on_RP/round_5/104_bessy2lo_56m_PGM_2Perc_coupling_errors_on_RP.rml
2025-02-08 00:59:01,602 - INFO - Waiting for batch number: 11, timeout: 21.873795784603463s
2025-02-08 00:59:04,615 - INFO - Completed: 1, remaining: 59, RAYPy_Simulation_bessy2lo_56m_PGM_2Perc_coupling_errors_on_RP/round_5/45_bessy2lo_56m_PGM_2Perc_coupling_errors_on_RP.rml
2025-02-08 00:59:04,717 - INFO - Completed: 2, remaining: 58, RAYPy_Simulation_bessy2lo_56m_PGM_2Perc_coupling_errors_on_RP/round_5/50_bessy2lo_56m_PGM_2Perc_coupling_errors_on_RP.rml
2025-02-08 00:59:04,768 - INFO - Completed: 3, remaining: 57, RAYPy_Simulation_bessy2lo_56m_PGM_2Perc_coupling_errors_on_RP/round_5/49_bessy2lo_56m_PGM_2Perc_coupling_errors_on_RP.rml
2025-02-08 00:59:04,885 - INFO - Completed: 4, remaining: 56, RAYPy_Simulation_bessy2lo_56m_PGM_2Perc_coupling_errors_on_RP/round_5/46_bessy2lo_56m_PGM_2Perc_coupling_errors_on_RP.rml
2025-02-08 00:59:04,907 - INFO - Completed: 5, remaining: 55, RAYPy_Simulation_bessy2lo_56m_PGM_2Perc_coupling_errors_on_RP/round_5/48_bessy2lo_56m_PGM_2Perc_coupling_errors_on_RP.rml
2025-02-08 00:59:05,060 - INFO - Completed: 6, remaining: 54, RAYPy_Simulation_bessy2lo_56m_PGM_2Perc_coupling_errors_on_RP/round_5/52_bessy2lo_56m_PGM_2Perc_coupling_errors_on_RP.rml
2025-02-08 00:59:05,089 - INFO - Completed: 7, remaining: 53, RAYPy_Simulation_bessy2lo_56m_PGM_2Perc_coupling_errors_on_RP/round_5/56_bessy2lo_56m_PGM_2Perc_coupling_errors_on_RP.rml
2025-02-08 00:59:05,202 - INFO - Completed: 8, remaining: 52, RAYPy_Simulation_bessy2lo_56m_PGM_2Perc_coupling_errors_on_RP/round_5/51_bessy2lo_56m_PGM_2Perc_coupling_errors_on_RP.rml
2025-02-08 00:59:05,213 - INFO - Completed: 9, remaining: 51, RAYPy_Simulation_bessy2lo_56m_PGM_2Perc_coupling_errors_on_RP/round_5/47_bessy2lo_56m_PGM_2Perc_coupling_errors_on_RP.rml
2025-02-08 00:59:05,234 - INFO - Completed: 10, remaining: 50, RAYPy_Simulation_bessy2lo_56m_PGM_2Perc_coupling_errors_on_RP/round_5/55_bessy2lo_56m_PGM_2Perc_coupling_errors_on_RP.rml
2025-02-08 00:59:05,652 - INFO - Completed: 11, remaining: 49, RAYPy_Simulation_bessy2lo_56m_PGM_2Perc_coupling_errors_on_RP/round_5/53_bessy2lo_56m_PGM_2Perc_coupling_errors_on_RP.rml
2025-02-08 00:59:07,249 - INFO - Completed: 12, remaining: 48, RAYPy_Simulation_bessy2lo_56m_PGM_2Perc_coupling_errors_on_RP/round_5/54_bessy2lo_56m_PGM_2Perc_coupling_errors_on_RP.rml
2025-02-08 00:59:08,010 - INFO - Completed: 13, remaining: 47, RAYPy_Simulation_bessy2lo_56m_PGM_2Perc_coupling_errors_on_RP/round_5/57_bessy2lo_56m_PGM_2Perc_coupling_errors_on_RP.rml
2025-02-08 00:59:08,106 - INFO - Completed: 14, remaining: 46, RAYPy_Simulation_bessy2lo_56m_PGM_2Perc_coupling_errors_on_RP/round_5/58_bessy2lo_56m_PGM_2Perc_coupling_errors_on_RP.rml
2025-02-08 00:59:08,236 - INFO - Completed: 15, remaining: 45, RAYPy_Simulation_bessy2lo_56m_PGM_2Perc_coupling_errors_on_RP/round_5/60_bessy2lo_56m_PGM_2Perc_coupling_errors_on_RP.rml
2025-02-08 00:59:08,434 - INFO - Completed: 16, remaining: 44, RAYPy_Simulation_bessy2lo_56m_PGM_2Perc_coupling_errors_on_RP/round_5/59_bessy2lo_56m_PGM_2Perc_coupling_errors_on_RP.rml
2025-02-08 00:59:08,697 - INFO - Completed: 17, remaining: 43, RAYPy_Simulation_bessy2lo_56m_PGM_2Perc_coupling_errors_on_RP/round_5/66_bessy2lo_56m_PGM_2Perc_coupling_errors_on_RP.rml
2025-02-08 00:59:08,717 - INFO - Completed: 18, remaining: 42, RAYPy_Simulation_bessy2lo_56m_PGM_2Perc_coupling_errors_on_RP/round_5/62_bessy2lo_56m_PGM_2Perc_coupling_errors_on_RP.rml
2025-02-08 00:59:08,896 - INFO - Completed: 19, remaining: 41, RAYPy_Simulation_bessy2lo_56m_PGM_2Perc_coupling_errors_on_RP/round_5/61_bessy2lo_56m_PGM_2Perc_coupling_errors_on_RP.rml
2025-02-08 00:59:08,993 - INFO - Completed: 20, remaining: 40, RAYPy_Simulation_bessy2lo_56m_PGM_2Perc_coupling_errors_on_RP/round_5/64_bessy2lo_56m_PGM_2Perc_coupling_errors_on_RP.rml
2025-02-08 00:59:09,030 - INFO - Completed: 21, remaining: 39, RAYPy_Simulation_bessy2lo_56m_PGM_2Perc_coupling_errors_on_RP/round_5/65_bessy2lo_56m_PGM_2Perc_coupling_errors_on_RP.rml
2025-02-08 00:59:09,047 - INFO - Completed: 22, remaining: 38, RAYPy_Simulation_bessy2lo_56m_PGM_2Perc_coupling_errors_on_RP/round_5/63_bessy2lo_56m_PGM_2Perc_coupling_errors_on_RP.rml
2025-02-08 00:59:09,245 - INFO - Completed: 23, remaining: 37, RAYPy_Simulation_bessy2lo_56m_PGM_2Perc_coupling_errors_on_RP/round_5/67_bessy2lo_56m_PGM_2Perc_coupling_errors_on_RP.rml
2025-02-08 00:59:10,829 - INFO - Completed: 24, remaining: 36, RAYPy_Simulation_bessy2lo_56m_PGM_2Perc_coupling_errors_on_RP/round_5/68_bessy2lo_56m_PGM_2Perc_coupling_errors_on_RP.rml
2025-02-08 00:59:11,373 - INFO - Completed: 25, remaining: 35, RAYPy_Simulation_bessy2lo_56m_PGM_2Perc_coupling_errors_on_RP/round_5/70_bessy2lo_56m_PGM_2Perc_coupling_errors_on_RP.rml
2025-02-08 00:59:11,606 - INFO - Completed: 26, remaining: 34, RAYPy_Simulation_bessy2lo_56m_PGM_2Perc_coupling_errors_on_RP/round_5/71_bessy2lo_56m_PGM_2Perc_coupling_errors_on_RP.rml
2025-02-08 00:59:11,640 - INFO - Completed: 27, remaining: 33, RAYPy_Simulation_bessy2lo_56m_PGM_2Perc_coupling_errors_on_RP/round_5/69_bessy2lo_56m_PGM_2Perc_coupling_errors_on_RP.rml
2025-02-08 00:59:12,032 - INFO - Completed: 28, remaining: 32, RAYPy_Simulation_bessy2lo_56m_PGM_2Perc_coupling_errors_on_RP/round_5/74_bessy2lo_56m_PGM_2Perc_coupling_errors_on_RP.rml
2025-02-08 00:59:12,235 - INFO - Completed: 29, remaining: 31, RAYPy_Simulation_bessy2lo_56m_PGM_2Perc_coupling_errors_on_RP/round_5/72_bessy2lo_56m_PGM_2Perc_coupling_errors_on_RP.rml
2025-02-08 00:59:12,249 - INFO - Completed: 30, remaining: 30, RAYPy_Simulation_bessy2lo_56m_PGM_2Perc_coupling_errors_on_RP/round_5/75_bessy2lo_56m_PGM_2Perc_coupling_errors_on_RP.rml
2025-02-08 00:59:12,384 - INFO - Completed: 31, remaining: 29, RAYPy_Simulation_bessy2lo_56m_PGM_2Perc_coupling_errors_on_RP/round_5/77_bessy2lo_56m_PGM_2Perc_coupling_errors_on_RP.rml
2025-02-08 00:59:12,652 - INFO - Completed: 32, remaining: 28, RAYPy_Simulation_bessy2lo_56m_PGM_2Perc_coupling_errors_on_RP/round_5/76_bessy2lo_56m_PGM_2Perc_coupling_errors_on_RP.rml
2025-02-08 00:59:12,922 - INFO - Completed: 33, remaining: 27, RAYPy_Simulation_bessy2lo_56m_PGM_2Perc_coupling_errors_on_RP/round_5/78_bessy2lo_56m_PGM_2Perc_coupling_errors_on_RP.rml
2025-02-08 00:59:13,027 - INFO - Completed: 34, remaining: 26, RAYPy_Simulation_bessy2lo_56m_PGM_2Perc_coupling_errors_on_RP/round_5/79_bessy2lo_56m_PGM_2Perc_coupling_errors_on_RP.rml
2025-02-08 00:59:13,425 - INFO - Completed: 35, remaining: 25, RAYPy_Simulation_bessy2lo_56m_PGM_2Perc_coupling_errors_on_RP/round_5/73_bessy2lo_56m_PGM_2Perc_coupling_errors_on_RP.rml
2025-02-08 00:59:14,779 - INFO - Completed: 36, remaining: 24, RAYPy_Simulation_bessy2lo_56m_PGM_2Perc_coupling_errors_on_RP/round_5/80_bessy2lo_56m_PGM_2Perc_coupling_errors_on_RP.rml
2025-02-08 00:59:15,070 - INFO - Completed: 37, remaining: 23, RAYPy_Simulation_bessy2lo_56m_PGM_2Perc_coupling_errors_on_RP/round_5/82_bessy2lo_56m_PGM_2Perc_coupling_errors_on_RP.rml
2025-02-08 00:59:15,101 - INFO - Completed: 38, remaining: 22, RAYPy_Simulation_bessy2lo_56m_PGM_2Perc_coupling_errors_on_RP/round_5/83_bessy2lo_56m_PGM_2Perc_coupling_errors_on_RP.rml
2025-02-08 00:59:15,583 - INFO - Completed: 39, remaining: 21, RAYPy_Simulation_bessy2lo_56m_PGM_2Perc_coupling_errors_on_RP/round_5/84_bessy2lo_56m_PGM_2Perc_coupling_errors_on_RP.rml
2025-02-08 00:59:15,620 - INFO - Completed: 40, remaining: 20, RAYPy_Simulation_bessy2lo_56m_PGM_2Perc_coupling_errors_on_RP/round_5/85_bessy2lo_56m_PGM_2Perc_coupling_errors_on_RP.rml
2025-02-08 00:59:15,733 - INFO - Completed: 41, remaining: 19, RAYPy_Simulation_bessy2lo_56m_PGM_2Perc_coupling_errors_on_RP/round_5/81_bessy2lo_56m_PGM_2Perc_coupling_errors_on_RP.rml
2025-02-08 00:59:15,822 - INFO - Completed: 42, remaining: 18, RAYPy_Simulation_bessy2lo_56m_PGM_2Perc_coupling_errors_on_RP/round_5/86_bessy2lo_56m_PGM_2Perc_coupling_errors_on_RP.rml
2025-02-08 00:59:15,858 - INFO - Completed: 43, remaining: 17, RAYPy_Simulation_bessy2lo_56m_PGM_2Perc_coupling_errors_on_RP/round_5/87_bessy2lo_56m_PGM_2Perc_coupling_errors_on_RP.rml
2025-02-08 00:59:16,492 - INFO - Completed: 44, remaining: 16, RAYPy_Simulation_bessy2lo_56m_PGM_2Perc_coupling_errors_on_RP/round_5/89_bessy2lo_56m_PGM_2Perc_coupling_errors_on_RP.rml
2025-02-08 00:59:16,665 - INFO - Completed: 45, remaining: 15, RAYPy_Simulation_bessy2lo_56m_PGM_2Perc_coupling_errors_on_RP/round_5/90_bessy2lo_56m_PGM_2Perc_coupling_errors_on_RP.rml
2025-02-08 00:59:17,111 - INFO - Completed: 46, remaining: 14, RAYPy_Simulation_bessy2lo_56m_PGM_2Perc_coupling_errors_on_RP/round_5/91_bessy2lo_56m_PGM_2Perc_coupling_errors_on_RP.rml
2025-02-08 00:59:17,163 - INFO - Completed: 47, remaining: 13, RAYPy_Simulation_bessy2lo_56m_PGM_2Perc_coupling_errors_on_RP/round_5/88_bessy2lo_56m_PGM_2Perc_coupling_errors_on_RP.rml
2025-02-08 00:59:18,248 - INFO - Completed: 48, remaining: 12, RAYPy_Simulation_bessy2lo_56m_PGM_2Perc_coupling_errors_on_RP/round_5/92_bessy2lo_56m_PGM_2Perc_coupling_errors_on_RP.rml
2025-02-08 00:59:18,508 - INFO - Completed: 49, remaining: 11, RAYPy_Simulation_bessy2lo_56m_PGM_2Perc_coupling_errors_on_RP/round_5/94_bessy2lo_56m_PGM_2Perc_coupling_errors_on_RP.rml
2025-02-08 00:59:18,716 - INFO - Completed: 50, remaining: 10, RAYPy_Simulation_bessy2lo_56m_PGM_2Perc_coupling_errors_on_RP/round_5/93_bessy2lo_56m_PGM_2Perc_coupling_errors_on_RP.rml
2025-02-08 00:59:18,917 - INFO - Completed: 51, remaining: 9, RAYPy_Simulation_bessy2lo_56m_PGM_2Perc_coupling_errors_on_RP/round_5/95_bessy2lo_56m_PGM_2Perc_coupling_errors_on_RP.rml
2025-02-08 00:59:19,042 - INFO - Completed: 52, remaining: 8, RAYPy_Simulation_bessy2lo_56m_PGM_2Perc_coupling_errors_on_RP/round_5/96_bessy2lo_56m_PGM_2Perc_coupling_errors_on_RP.rml
2025-02-08 00:59:19,183 - INFO - Completed: 53, remaining: 7, RAYPy_Simulation_bessy2lo_56m_PGM_2Perc_coupling_errors_on_RP/round_5/97_bessy2lo_56m_PGM_2Perc_coupling_errors_on_RP.rml
2025-02-08 00:59:19,225 - INFO - Completed: 54, remaining: 6, RAYPy_Simulation_bessy2lo_56m_PGM_2Perc_coupling_errors_on_RP/round_5/99_bessy2lo_56m_PGM_2Perc_coupling_errors_on_RP.rml
2025-02-08 00:59:19,235 - INFO - Completed: 55, remaining: 5, RAYPy_Simulation_bessy2lo_56m_PGM_2Perc_coupling_errors_on_RP/round_5/98_bessy2lo_56m_PGM_2Perc_coupling_errors_on_RP.rml
2025-02-08 00:59:19,521 - INFO - Completed: 56, remaining: 4, RAYPy_Simulation_bessy2lo_56m_PGM_2Perc_coupling_errors_on_RP/round_5/100_bessy2lo_56m_PGM_2Perc_coupling_errors_on_RP.rml
2025-02-08 00:59:19,674 - INFO - Completed: 57, remaining: 3, RAYPy_Simulation_bessy2lo_56m_PGM_2Perc_coupling_errors_on_RP/round_5/101_bessy2lo_56m_PGM_2Perc_coupling_errors_on_RP.rml
2025-02-08 00:59:20,011 - INFO - Completed: 58, remaining: 2, RAYPy_Simulation_bessy2lo_56m_PGM_2Perc_coupling_errors_on_RP/round_5/102_bessy2lo_56m_PGM_2Perc_coupling_errors_on_RP.rml
2025-02-08 00:59:20,193 - INFO - Completed: 59, remaining: 1, RAYPy_Simulation_bessy2lo_56m_PGM_2Perc_coupling_errors_on_RP/round_5/103_bessy2lo_56m_PGM_2Perc_coupling_errors_on_RP.rml
2025-02-08 00:59:21,181 - INFO - Completed: 60, remaining: 0, RAYPy_Simulation_bessy2lo_56m_PGM_2Perc_coupling_errors_on_RP/round_5/104_bessy2lo_56m_PGM_2Perc_coupling_errors_on_RP.rml
2025-02-08 00:59:21,181 - INFO - Batch Completed
2025-02-08 00:59:21,182 - INFO - Waiting For batch, 60 simulations to go
2025-02-08 00:59:21,185 - INFO - Prepared sim number: 105: RAYPy_Simulation_bessy2lo_56m_PGM_2Perc_coupling_errors_on_RP/round_5/105_bessy2lo_56m_PGM_2Perc_coupling_errors_on_RP.rml
2025-02-08 00:59:21,189 - INFO - Prepared sim number: 106: RAYPy_Simulation_bessy2lo_56m_PGM_2Perc_coupling_errors_on_RP/round_5/106_bessy2lo_56m_PGM_2Perc_coupling_errors_on_RP.rml
2025-02-08 00:59:21,194 - INFO - Prepared sim number: 107: RAYPy_Simulation_bessy2lo_56m_PGM_2Perc_coupling_errors_on_RP/round_5/107_bessy2lo_56m_PGM_2Perc_coupling_errors_on_RP.rml
2025-02-08 00:59:21,203 - INFO - Prepared sim number: 108: RAYPy_Simulation_bessy2lo_56m_PGM_2Perc_coupling_errors_on_RP/round_5/108_bessy2lo_56m_PGM_2Perc_coupling_errors_on_RP.rml
2025-02-08 00:59:21,209 - INFO - Prepared sim number: 109: RAYPy_Simulation_bessy2lo_56m_PGM_2Perc_coupling_errors_on_RP/round_5/109_bessy2lo_56m_PGM_2Perc_coupling_errors_on_RP.rml
2025-02-08 00:59:21,212 - INFO - Prepared sim number: 110: RAYPy_Simulation_bessy2lo_56m_PGM_2Perc_coupling_errors_on_RP/round_5/110_bessy2lo_56m_PGM_2Perc_coupling_errors_on_RP.rml
2025-02-08 00:59:21,216 - INFO - Prepared sim number: 111: RAYPy_Simulation_bessy2lo_56m_PGM_2Perc_coupling_errors_on_RP/round_5/111_bessy2lo_56m_PGM_2Perc_coupling_errors_on_RP.rml
2025-02-08 00:59:21,220 - INFO - Prepared sim number: 112: RAYPy_Simulation_bessy2lo_56m_PGM_2Perc_coupling_errors_on_RP/round_5/112_bessy2lo_56m_PGM_2Perc_coupling_errors_on_RP.rml
2025-02-08 00:59:21,224 - INFO - Prepared sim number: 113: RAYPy_Simulation_bessy2lo_56m_PGM_2Perc_coupling_errors_on_RP/round_5/113_bessy2lo_56m_PGM_2Perc_coupling_errors_on_RP.rml
2025-02-08 00:59:21,232 - INFO - Prepared sim number: 114: RAYPy_Simulation_bessy2lo_56m_PGM_2Perc_coupling_errors_on_RP/round_5/114_bessy2lo_56m_PGM_2Perc_coupling_errors_on_RP.rml
2025-02-08 00:59:21,237 - INFO - Prepared sim number: 115: RAYPy_Simulation_bessy2lo_56m_PGM_2Perc_coupling_errors_on_RP/round_5/115_bessy2lo_56m_PGM_2Perc_coupling_errors_on_RP.rml
2025-02-08 00:59:21,240 - INFO - Prepared sim number: 116: RAYPy_Simulation_bessy2lo_56m_PGM_2Perc_coupling_errors_on_RP/round_5/116_bessy2lo_56m_PGM_2Perc_coupling_errors_on_RP.rml
2025-02-08 00:59:21,244 - INFO - Prepared sim number: 117: RAYPy_Simulation_bessy2lo_56m_PGM_2Perc_coupling_errors_on_RP/round_5/117_bessy2lo_56m_PGM_2Perc_coupling_errors_on_RP.rml
2025-02-08 00:59:21,248 - INFO - Prepared sim number: 118: RAYPy_Simulation_bessy2lo_56m_PGM_2Perc_coupling_errors_on_RP/round_5/118_bessy2lo_56m_PGM_2Perc_coupling_errors_on_RP.rml
2025-02-08 00:59:21,251 - INFO - Prepared sim number: 119: RAYPy_Simulation_bessy2lo_56m_PGM_2Perc_coupling_errors_on_RP/round_5/119_bessy2lo_56m_PGM_2Perc_coupling_errors_on_RP.rml
2025-02-08 00:59:21,255 - INFO - Prepared sim number: 120: RAYPy_Simulation_bessy2lo_56m_PGM_2Perc_coupling_errors_on_RP/round_5/120_bessy2lo_56m_PGM_2Perc_coupling_errors_on_RP.rml
2025-02-08 00:59:21,258 - INFO - Prepared sim number: 121: RAYPy_Simulation_bessy2lo_56m_PGM_2Perc_coupling_errors_on_RP/round_5/121_bessy2lo_56m_PGM_2Perc_coupling_errors_on_RP.rml
2025-02-08 00:59:21,262 - INFO - Prepared sim number: 122: RAYPy_Simulation_bessy2lo_56m_PGM_2Perc_coupling_errors_on_RP/round_5/122_bessy2lo_56m_PGM_2Perc_coupling_errors_on_RP.rml
2025-02-08 00:59:21,262 - INFO - Start round 6
2025-02-08 00:59:21,266 - INFO - Prepared sim number: 0: RAYPy_Simulation_bessy2lo_56m_PGM_2Perc_coupling_errors_on_RP/round_6/0_bessy2lo_56m_PGM_2Perc_coupling_errors_on_RP.rml
2025-02-08 00:59:21,269 - INFO - Prepared sim number: 1: RAYPy_Simulation_bessy2lo_56m_PGM_2Perc_coupling_errors_on_RP/round_6/1_bessy2lo_56m_PGM_2Perc_coupling_errors_on_RP.rml
2025-02-08 00:59:21,272 - INFO - Prepared sim number: 2: RAYPy_Simulation_bessy2lo_56m_PGM_2Perc_coupling_errors_on_RP/round_6/2_bessy2lo_56m_PGM_2Perc_coupling_errors_on_RP.rml
2025-02-08 00:59:21,277 - INFO - Prepared sim number: 3: RAYPy_Simulation_bessy2lo_56m_PGM_2Perc_coupling_errors_on_RP/round_6/3_bessy2lo_56m_PGM_2Perc_coupling_errors_on_RP.rml
2025-02-08 00:59:21,281 - INFO - Prepared sim number: 4: RAYPy_Simulation_bessy2lo_56m_PGM_2Perc_coupling_errors_on_RP/round_6/4_bessy2lo_56m_PGM_2Perc_coupling_errors_on_RP.rml
2025-02-08 00:59:21,284 - INFO - Prepared sim number: 5: RAYPy_Simulation_bessy2lo_56m_PGM_2Perc_coupling_errors_on_RP/round_6/5_bessy2lo_56m_PGM_2Perc_coupling_errors_on_RP.rml
2025-02-08 00:59:21,288 - INFO - Prepared sim number: 6: RAYPy_Simulation_bessy2lo_56m_PGM_2Perc_coupling_errors_on_RP/round_6/6_bessy2lo_56m_PGM_2Perc_coupling_errors_on_RP.rml
2025-02-08 00:59:21,292 - INFO - Prepared sim number: 7: RAYPy_Simulation_bessy2lo_56m_PGM_2Perc_coupling_errors_on_RP/round_6/7_bessy2lo_56m_PGM_2Perc_coupling_errors_on_RP.rml
2025-02-08 00:59:21,295 - INFO - Prepared sim number: 8: RAYPy_Simulation_bessy2lo_56m_PGM_2Perc_coupling_errors_on_RP/round_6/8_bessy2lo_56m_PGM_2Perc_coupling_errors_on_RP.rml
2025-02-08 00:59:21,299 - INFO - Prepared sim number: 9: RAYPy_Simulation_bessy2lo_56m_PGM_2Perc_coupling_errors_on_RP/round_6/9_bessy2lo_56m_PGM_2Perc_coupling_errors_on_RP.rml
2025-02-08 00:59:21,302 - INFO - Prepared sim number: 10: RAYPy_Simulation_bessy2lo_56m_PGM_2Perc_coupling_errors_on_RP/round_6/10_bessy2lo_56m_PGM_2Perc_coupling_errors_on_RP.rml
2025-02-08 00:59:21,305 - INFO - Prepared sim number: 11: RAYPy_Simulation_bessy2lo_56m_PGM_2Perc_coupling_errors_on_RP/round_6/11_bessy2lo_56m_PGM_2Perc_coupling_errors_on_RP.rml
2025-02-08 00:59:21,309 - INFO - Prepared sim number: 12: RAYPy_Simulation_bessy2lo_56m_PGM_2Perc_coupling_errors_on_RP/round_6/12_bessy2lo_56m_PGM_2Perc_coupling_errors_on_RP.rml
2025-02-08 00:59:21,313 - INFO - Prepared sim number: 13: RAYPy_Simulation_bessy2lo_56m_PGM_2Perc_coupling_errors_on_RP/round_6/13_bessy2lo_56m_PGM_2Perc_coupling_errors_on_RP.rml
2025-02-08 00:59:21,316 - INFO - Prepared sim number: 14: RAYPy_Simulation_bessy2lo_56m_PGM_2Perc_coupling_errors_on_RP/round_6/14_bessy2lo_56m_PGM_2Perc_coupling_errors_on_RP.rml
2025-02-08 00:59:21,319 - INFO - Prepared sim number: 15: RAYPy_Simulation_bessy2lo_56m_PGM_2Perc_coupling_errors_on_RP/round_6/15_bessy2lo_56m_PGM_2Perc_coupling_errors_on_RP.rml
2025-02-08 00:59:21,323 - INFO - Prepared sim number: 16: RAYPy_Simulation_bessy2lo_56m_PGM_2Perc_coupling_errors_on_RP/round_6/16_bessy2lo_56m_PGM_2Perc_coupling_errors_on_RP.rml
2025-02-08 00:59:21,326 - INFO - Prepared sim number: 17: RAYPy_Simulation_bessy2lo_56m_PGM_2Perc_coupling_errors_on_RP/round_6/17_bessy2lo_56m_PGM_2Perc_coupling_errors_on_RP.rml
2025-02-08 00:59:21,330 - INFO - Prepared sim number: 18: RAYPy_Simulation_bessy2lo_56m_PGM_2Perc_coupling_errors_on_RP/round_6/18_bessy2lo_56m_PGM_2Perc_coupling_errors_on_RP.rml
2025-02-08 00:59:21,333 - INFO - Prepared sim number: 19: RAYPy_Simulation_bessy2lo_56m_PGM_2Perc_coupling_errors_on_RP/round_6/19_bessy2lo_56m_PGM_2Perc_coupling_errors_on_RP.rml
2025-02-08 00:59:21,337 - INFO - Prepared sim number: 20: RAYPy_Simulation_bessy2lo_56m_PGM_2Perc_coupling_errors_on_RP/round_6/20_bessy2lo_56m_PGM_2Perc_coupling_errors_on_RP.rml
2025-02-08 00:59:21,341 - INFO - Prepared sim number: 21: RAYPy_Simulation_bessy2lo_56m_PGM_2Perc_coupling_errors_on_RP/round_6/21_bessy2lo_56m_PGM_2Perc_coupling_errors_on_RP.rml
2025-02-08 00:59:21,345 - INFO - Prepared sim number: 22: RAYPy_Simulation_bessy2lo_56m_PGM_2Perc_coupling_errors_on_RP/round_6/22_bessy2lo_56m_PGM_2Perc_coupling_errors_on_RP.rml
2025-02-08 00:59:21,348 - INFO - Prepared sim number: 23: RAYPy_Simulation_bessy2lo_56m_PGM_2Perc_coupling_errors_on_RP/round_6/23_bessy2lo_56m_PGM_2Perc_coupling_errors_on_RP.rml
2025-02-08 00:59:21,352 - INFO - Prepared sim number: 24: RAYPy_Simulation_bessy2lo_56m_PGM_2Perc_coupling_errors_on_RP/round_6/24_bessy2lo_56m_PGM_2Perc_coupling_errors_on_RP.rml
2025-02-08 00:59:21,355 - INFO - Prepared sim number: 25: RAYPy_Simulation_bessy2lo_56m_PGM_2Perc_coupling_errors_on_RP/round_6/25_bessy2lo_56m_PGM_2Perc_coupling_errors_on_RP.rml
2025-02-08 00:59:21,359 - INFO - Prepared sim number: 26: RAYPy_Simulation_bessy2lo_56m_PGM_2Perc_coupling_errors_on_RP/round_6/26_bessy2lo_56m_PGM_2Perc_coupling_errors_on_RP.rml
2025-02-08 00:59:21,362 - INFO - Prepared sim number: 27: RAYPy_Simulation_bessy2lo_56m_PGM_2Perc_coupling_errors_on_RP/round_6/27_bessy2lo_56m_PGM_2Perc_coupling_errors_on_RP.rml
2025-02-08 00:59:21,367 - INFO - Prepared sim number: 28: RAYPy_Simulation_bessy2lo_56m_PGM_2Perc_coupling_errors_on_RP/round_6/28_bessy2lo_56m_PGM_2Perc_coupling_errors_on_RP.rml
2025-02-08 00:59:21,370 - INFO - Prepared sim number: 29: RAYPy_Simulation_bessy2lo_56m_PGM_2Perc_coupling_errors_on_RP/round_6/29_bessy2lo_56m_PGM_2Perc_coupling_errors_on_RP.rml
2025-02-08 00:59:21,374 - INFO - Prepared sim number: 30: RAYPy_Simulation_bessy2lo_56m_PGM_2Perc_coupling_errors_on_RP/round_6/30_bessy2lo_56m_PGM_2Perc_coupling_errors_on_RP.rml
2025-02-08 00:59:21,377 - INFO - Prepared sim number: 31: RAYPy_Simulation_bessy2lo_56m_PGM_2Perc_coupling_errors_on_RP/round_6/31_bessy2lo_56m_PGM_2Perc_coupling_errors_on_RP.rml
2025-02-08 00:59:21,381 - INFO - Prepared sim number: 32: RAYPy_Simulation_bessy2lo_56m_PGM_2Perc_coupling_errors_on_RP/round_6/32_bessy2lo_56m_PGM_2Perc_coupling_errors_on_RP.rml
2025-02-08 00:59:21,385 - INFO - Prepared sim number: 33: RAYPy_Simulation_bessy2lo_56m_PGM_2Perc_coupling_errors_on_RP/round_6/33_bessy2lo_56m_PGM_2Perc_coupling_errors_on_RP.rml
2025-02-08 00:59:21,389 - INFO - Prepared sim number: 34: RAYPy_Simulation_bessy2lo_56m_PGM_2Perc_coupling_errors_on_RP/round_6/34_bessy2lo_56m_PGM_2Perc_coupling_errors_on_RP.rml
2025-02-08 00:59:21,392 - INFO - Prepared sim number: 35: RAYPy_Simulation_bessy2lo_56m_PGM_2Perc_coupling_errors_on_RP/round_6/35_bessy2lo_56m_PGM_2Perc_coupling_errors_on_RP.rml
2025-02-08 00:59:21,396 - INFO - Prepared sim number: 36: RAYPy_Simulation_bessy2lo_56m_PGM_2Perc_coupling_errors_on_RP/round_6/36_bessy2lo_56m_PGM_2Perc_coupling_errors_on_RP.rml
2025-02-08 00:59:21,399 - INFO - Prepared sim number: 37: RAYPy_Simulation_bessy2lo_56m_PGM_2Perc_coupling_errors_on_RP/round_6/37_bessy2lo_56m_PGM_2Perc_coupling_errors_on_RP.rml
2025-02-08 00:59:21,403 - INFO - Prepared sim number: 38: RAYPy_Simulation_bessy2lo_56m_PGM_2Perc_coupling_errors_on_RP/round_6/38_bessy2lo_56m_PGM_2Perc_coupling_errors_on_RP.rml
2025-02-08 00:59:21,406 - INFO - Prepared sim number: 39: RAYPy_Simulation_bessy2lo_56m_PGM_2Perc_coupling_errors_on_RP/round_6/39_bessy2lo_56m_PGM_2Perc_coupling_errors_on_RP.rml
2025-02-08 00:59:21,410 - INFO - Prepared sim number: 40: RAYPy_Simulation_bessy2lo_56m_PGM_2Perc_coupling_errors_on_RP/round_6/40_bessy2lo_56m_PGM_2Perc_coupling_errors_on_RP.rml
2025-02-08 00:59:21,414 - INFO - Prepared sim number: 41: RAYPy_Simulation_bessy2lo_56m_PGM_2Perc_coupling_errors_on_RP/round_6/41_bessy2lo_56m_PGM_2Perc_coupling_errors_on_RP.rml
2025-02-08 00:59:21,414 - INFO - Waiting for batch number: 12, timeout: 21.835412488381067s
2025-02-08 00:59:23,788 - INFO - Completed: 1, remaining: 59, RAYPy_Simulation_bessy2lo_56m_PGM_2Perc_coupling_errors_on_RP/round_5/112_bessy2lo_56m_PGM_2Perc_coupling_errors_on_RP.rml
2025-02-08 00:59:23,905 - INFO - Completed: 2, remaining: 58, RAYPy_Simulation_bessy2lo_56m_PGM_2Perc_coupling_errors_on_RP/round_5/115_bessy2lo_56m_PGM_2Perc_coupling_errors_on_RP.rml
2025-02-08 00:59:24,004 - INFO - Completed: 3, remaining: 57, RAYPy_Simulation_bessy2lo_56m_PGM_2Perc_coupling_errors_on_RP/round_5/109_bessy2lo_56m_PGM_2Perc_coupling_errors_on_RP.rml
2025-02-08 00:59:24,100 - INFO - Completed: 4, remaining: 56, RAYPy_Simulation_bessy2lo_56m_PGM_2Perc_coupling_errors_on_RP/round_5/108_bessy2lo_56m_PGM_2Perc_coupling_errors_on_RP.rml
2025-02-08 00:59:24,124 - INFO - Completed: 5, remaining: 55, RAYPy_Simulation_bessy2lo_56m_PGM_2Perc_coupling_errors_on_RP/round_5/111_bessy2lo_56m_PGM_2Perc_coupling_errors_on_RP.rml
2025-02-08 00:59:24,209 - INFO - Completed: 6, remaining: 54, RAYPy_Simulation_bessy2lo_56m_PGM_2Perc_coupling_errors_on_RP/round_5/116_bessy2lo_56m_PGM_2Perc_coupling_errors_on_RP.rml
2025-02-08 00:59:24,356 - INFO - Completed: 7, remaining: 53, RAYPy_Simulation_bessy2lo_56m_PGM_2Perc_coupling_errors_on_RP/round_5/106_bessy2lo_56m_PGM_2Perc_coupling_errors_on_RP.rml
2025-02-08 00:59:24,460 - INFO - Completed: 8, remaining: 52, RAYPy_Simulation_bessy2lo_56m_PGM_2Perc_coupling_errors_on_RP/round_5/107_bessy2lo_56m_PGM_2Perc_coupling_errors_on_RP.rml
2025-02-08 00:59:26,695 - INFO - Completed: 9, remaining: 51, RAYPy_Simulation_bessy2lo_56m_PGM_2Perc_coupling_errors_on_RP/round_5/105_bessy2lo_56m_PGM_2Perc_coupling_errors_on_RP.rml
2025-02-08 00:59:26,972 - INFO - Completed: 10, remaining: 50, RAYPy_Simulation_bessy2lo_56m_PGM_2Perc_coupling_errors_on_RP/round_5/114_bessy2lo_56m_PGM_2Perc_coupling_errors_on_RP.rml
2025-02-08 00:59:27,130 - INFO - Completed: 11, remaining: 49, RAYPy_Simulation_bessy2lo_56m_PGM_2Perc_coupling_errors_on_RP/round_5/113_bessy2lo_56m_PGM_2Perc_coupling_errors_on_RP.rml
2025-02-08 00:59:27,202 - INFO - Completed: 12, remaining: 48, RAYPy_Simulation_bessy2lo_56m_PGM_2Perc_coupling_errors_on_RP/round_5/117_bessy2lo_56m_PGM_2Perc_coupling_errors_on_RP.rml
2025-02-08 00:59:27,312 - INFO - Completed: 13, remaining: 47, RAYPy_Simulation_bessy2lo_56m_PGM_2Perc_coupling_errors_on_RP/round_5/110_bessy2lo_56m_PGM_2Perc_coupling_errors_on_RP.rml
2025-02-08 00:59:27,450 - INFO - Completed: 14, remaining: 46, RAYPy_Simulation_bessy2lo_56m_PGM_2Perc_coupling_errors_on_RP/round_5/118_bessy2lo_56m_PGM_2Perc_coupling_errors_on_RP.rml
2025-02-08 00:59:27,545 - INFO - Completed: 15, remaining: 45, RAYPy_Simulation_bessy2lo_56m_PGM_2Perc_coupling_errors_on_RP/round_5/120_bessy2lo_56m_PGM_2Perc_coupling_errors_on_RP.rml
2025-02-08 00:59:27,654 - INFO - Completed: 16, remaining: 44, RAYPy_Simulation_bessy2lo_56m_PGM_2Perc_coupling_errors_on_RP/round_5/121_bessy2lo_56m_PGM_2Perc_coupling_errors_on_RP.rml
2025-02-08 00:59:27,662 - INFO - Completed: 17, remaining: 43, RAYPy_Simulation_bessy2lo_56m_PGM_2Perc_coupling_errors_on_RP/round_6/0_bessy2lo_56m_PGM_2Perc_coupling_errors_on_RP.rml
2025-02-08 00:59:27,808 - INFO - Completed: 18, remaining: 42, RAYPy_Simulation_bessy2lo_56m_PGM_2Perc_coupling_errors_on_RP/round_5/122_bessy2lo_56m_PGM_2Perc_coupling_errors_on_RP.rml
2025-02-08 00:59:27,850 - INFO - Completed: 19, remaining: 41, RAYPy_Simulation_bessy2lo_56m_PGM_2Perc_coupling_errors_on_RP/round_6/1_bessy2lo_56m_PGM_2Perc_coupling_errors_on_RP.rml
2025-02-08 00:59:27,984 - INFO - Completed: 20, remaining: 40, RAYPy_Simulation_bessy2lo_56m_PGM_2Perc_coupling_errors_on_RP/round_5/119_bessy2lo_56m_PGM_2Perc_coupling_errors_on_RP.rml
2025-02-08 00:59:30,146 - INFO - Completed: 21, remaining: 39, RAYPy_Simulation_bessy2lo_56m_PGM_2Perc_coupling_errors_on_RP/round_6/2_bessy2lo_56m_PGM_2Perc_coupling_errors_on_RP.rml
2025-02-08 00:59:30,459 - INFO - Completed: 22, remaining: 38, RAYPy_Simulation_bessy2lo_56m_PGM_2Perc_coupling_errors_on_RP/round_6/4_bessy2lo_56m_PGM_2Perc_coupling_errors_on_RP.rml
2025-02-08 00:59:30,769 - INFO - Completed: 23, remaining: 37, RAYPy_Simulation_bessy2lo_56m_PGM_2Perc_coupling_errors_on_RP/round_6/6_bessy2lo_56m_PGM_2Perc_coupling_errors_on_RP.rml
2025-02-08 00:59:30,913 - INFO - Completed: 24, remaining: 36, RAYPy_Simulation_bessy2lo_56m_PGM_2Perc_coupling_errors_on_RP/round_6/5_bessy2lo_56m_PGM_2Perc_coupling_errors_on_RP.rml
2025-02-08 00:59:30,973 - INFO - Completed: 25, remaining: 35, RAYPy_Simulation_bessy2lo_56m_PGM_2Perc_coupling_errors_on_RP/round_6/3_bessy2lo_56m_PGM_2Perc_coupling_errors_on_RP.rml
2025-02-08 00:59:31,157 - INFO - Completed: 26, remaining: 34, RAYPy_Simulation_bessy2lo_56m_PGM_2Perc_coupling_errors_on_RP/round_6/7_bessy2lo_56m_PGM_2Perc_coupling_errors_on_RP.rml
2025-02-08 00:59:31,306 - INFO - Completed: 27, remaining: 33, RAYPy_Simulation_bessy2lo_56m_PGM_2Perc_coupling_errors_on_RP/round_6/8_bessy2lo_56m_PGM_2Perc_coupling_errors_on_RP.rml
2025-02-08 00:59:31,488 - INFO - Completed: 28, remaining: 32, RAYPy_Simulation_bessy2lo_56m_PGM_2Perc_coupling_errors_on_RP/round_6/13_bessy2lo_56m_PGM_2Perc_coupling_errors_on_RP.rml
2025-02-08 00:59:31,517 - INFO - Completed: 29, remaining: 31, RAYPy_Simulation_bessy2lo_56m_PGM_2Perc_coupling_errors_on_RP/round_6/9_bessy2lo_56m_PGM_2Perc_coupling_errors_on_RP.rml
2025-02-08 00:59:31,585 - INFO - Completed: 30, remaining: 30, RAYPy_Simulation_bessy2lo_56m_PGM_2Perc_coupling_errors_on_RP/round_6/12_bessy2lo_56m_PGM_2Perc_coupling_errors_on_RP.rml
2025-02-08 00:59:31,614 - INFO - Completed: 31, remaining: 29, RAYPy_Simulation_bessy2lo_56m_PGM_2Perc_coupling_errors_on_RP/round_6/11_bessy2lo_56m_PGM_2Perc_coupling_errors_on_RP.rml
2025-02-08 00:59:33,741 - INFO - Completed: 32, remaining: 28, RAYPy_Simulation_bessy2lo_56m_PGM_2Perc_coupling_errors_on_RP/round_6/10_bessy2lo_56m_PGM_2Perc_coupling_errors_on_RP.rml
2025-02-08 00:59:33,781 - INFO - Completed: 33, remaining: 27, RAYPy_Simulation_bessy2lo_56m_PGM_2Perc_coupling_errors_on_RP/round_6/14_bessy2lo_56m_PGM_2Perc_coupling_errors_on_RP.rml
2025-02-08 00:59:34,156 - INFO - Completed: 34, remaining: 26, RAYPy_Simulation_bessy2lo_56m_PGM_2Perc_coupling_errors_on_RP/round_6/15_bessy2lo_56m_PGM_2Perc_coupling_errors_on_RP.rml
2025-02-08 00:59:34,428 - INFO - Completed: 35, remaining: 25, RAYPy_Simulation_bessy2lo_56m_PGM_2Perc_coupling_errors_on_RP/round_6/16_bessy2lo_56m_PGM_2Perc_coupling_errors_on_RP.rml
2025-02-08 00:59:34,534 - INFO - Completed: 36, remaining: 24, RAYPy_Simulation_bessy2lo_56m_PGM_2Perc_coupling_errors_on_RP/round_6/17_bessy2lo_56m_PGM_2Perc_coupling_errors_on_RP.rml
2025-02-08 00:59:34,594 - INFO - Completed: 37, remaining: 23, RAYPy_Simulation_bessy2lo_56m_PGM_2Perc_coupling_errors_on_RP/round_6/18_bessy2lo_56m_PGM_2Perc_coupling_errors_on_RP.rml
2025-02-08 00:59:34,955 - INFO - Completed: 38, remaining: 22, RAYPy_Simulation_bessy2lo_56m_PGM_2Perc_coupling_errors_on_RP/round_6/20_bessy2lo_56m_PGM_2Perc_coupling_errors_on_RP.rml
2025-02-08 00:59:35,101 - INFO - Completed: 39, remaining: 21, RAYPy_Simulation_bessy2lo_56m_PGM_2Perc_coupling_errors_on_RP/round_6/22_bessy2lo_56m_PGM_2Perc_coupling_errors_on_RP.rml
2025-02-08 00:59:35,252 - INFO - Completed: 40, remaining: 20, RAYPy_Simulation_bessy2lo_56m_PGM_2Perc_coupling_errors_on_RP/round_6/21_bessy2lo_56m_PGM_2Perc_coupling_errors_on_RP.rml
2025-02-08 00:59:35,357 - INFO - Completed: 41, remaining: 19, RAYPy_Simulation_bessy2lo_56m_PGM_2Perc_coupling_errors_on_RP/round_6/23_bessy2lo_56m_PGM_2Perc_coupling_errors_on_RP.rml
2025-02-08 00:59:35,479 - INFO - Completed: 42, remaining: 18, RAYPy_Simulation_bessy2lo_56m_PGM_2Perc_coupling_errors_on_RP/round_6/24_bessy2lo_56m_PGM_2Perc_coupling_errors_on_RP.rml
2025-02-08 00:59:35,946 - INFO - Completed: 43, remaining: 17, RAYPy_Simulation_bessy2lo_56m_PGM_2Perc_coupling_errors_on_RP/round_6/19_bessy2lo_56m_PGM_2Perc_coupling_errors_on_RP.rml
2025-02-08 00:59:37,592 - INFO - Completed: 44, remaining: 16, RAYPy_Simulation_bessy2lo_56m_PGM_2Perc_coupling_errors_on_RP/round_6/25_bessy2lo_56m_PGM_2Perc_coupling_errors_on_RP.rml
2025-02-08 00:59:37,628 - INFO - Completed: 45, remaining: 15, RAYPy_Simulation_bessy2lo_56m_PGM_2Perc_coupling_errors_on_RP/round_6/26_bessy2lo_56m_PGM_2Perc_coupling_errors_on_RP.rml
2025-02-08 00:59:37,996 - INFO - Completed: 46, remaining: 14, RAYPy_Simulation_bessy2lo_56m_PGM_2Perc_coupling_errors_on_RP/round_6/27_bessy2lo_56m_PGM_2Perc_coupling_errors_on_RP.rml
2025-02-08 00:59:38,268 - INFO - Completed: 47, remaining: 13, RAYPy_Simulation_bessy2lo_56m_PGM_2Perc_coupling_errors_on_RP/round_6/29_bessy2lo_56m_PGM_2Perc_coupling_errors_on_RP.rml
2025-02-08 00:59:38,634 - INFO - Completed: 48, remaining: 12, RAYPy_Simulation_bessy2lo_56m_PGM_2Perc_coupling_errors_on_RP/round_6/30_bessy2lo_56m_PGM_2Perc_coupling_errors_on_RP.rml
2025-02-08 00:59:38,757 - INFO - Completed: 49, remaining: 11, RAYPy_Simulation_bessy2lo_56m_PGM_2Perc_coupling_errors_on_RP/round_6/28_bessy2lo_56m_PGM_2Perc_coupling_errors_on_RP.rml
2025-02-08 00:59:38,971 - INFO - Completed: 50, remaining: 10, RAYPy_Simulation_bessy2lo_56m_PGM_2Perc_coupling_errors_on_RP/round_6/31_bessy2lo_56m_PGM_2Perc_coupling_errors_on_RP.rml
2025-02-08 00:59:39,070 - INFO - Completed: 51, remaining: 9, RAYPy_Simulation_bessy2lo_56m_PGM_2Perc_coupling_errors_on_RP/round_6/32_bessy2lo_56m_PGM_2Perc_coupling_errors_on_RP.rml
2025-02-08 00:59:39,169 - INFO - Completed: 52, remaining: 8, RAYPy_Simulation_bessy2lo_56m_PGM_2Perc_coupling_errors_on_RP/round_6/34_bessy2lo_56m_PGM_2Perc_coupling_errors_on_RP.rml
2025-02-08 00:59:39,223 - INFO - Completed: 53, remaining: 7, RAYPy_Simulation_bessy2lo_56m_PGM_2Perc_coupling_errors_on_RP/round_6/33_bessy2lo_56m_PGM_2Perc_coupling_errors_on_RP.rml
2025-02-08 00:59:39,322 - INFO - Completed: 54, remaining: 6, RAYPy_Simulation_bessy2lo_56m_PGM_2Perc_coupling_errors_on_RP/round_6/35_bessy2lo_56m_PGM_2Perc_coupling_errors_on_RP.rml
2025-02-08 00:59:39,639 - INFO - Completed: 55, remaining: 5, RAYPy_Simulation_bessy2lo_56m_PGM_2Perc_coupling_errors_on_RP/round_6/36_bessy2lo_56m_PGM_2Perc_coupling_errors_on_RP.rml
2025-02-08 00:59:40,556 - INFO - Completed: 56, remaining: 4, RAYPy_Simulation_bessy2lo_56m_PGM_2Perc_coupling_errors_on_RP/round_6/37_bessy2lo_56m_PGM_2Perc_coupling_errors_on_RP.rml
2025-02-08 00:59:40,641 - INFO - Completed: 57, remaining: 3, RAYPy_Simulation_bessy2lo_56m_PGM_2Perc_coupling_errors_on_RP/round_6/38_bessy2lo_56m_PGM_2Perc_coupling_errors_on_RP.rml
2025-02-08 00:59:40,783 - INFO - Completed: 58, remaining: 2, RAYPy_Simulation_bessy2lo_56m_PGM_2Perc_coupling_errors_on_RP/round_6/39_bessy2lo_56m_PGM_2Perc_coupling_errors_on_RP.rml
2025-02-08 00:59:40,925 - INFO - Completed: 59, remaining: 1, RAYPy_Simulation_bessy2lo_56m_PGM_2Perc_coupling_errors_on_RP/round_6/41_bessy2lo_56m_PGM_2Perc_coupling_errors_on_RP.rml
2025-02-08 00:59:41,017 - INFO - Completed: 60, remaining: 0, RAYPy_Simulation_bessy2lo_56m_PGM_2Perc_coupling_errors_on_RP/round_6/40_bessy2lo_56m_PGM_2Perc_coupling_errors_on_RP.rml
2025-02-08 00:59:41,017 - INFO - Batch Completed
2025-02-08 00:59:41,017 - INFO - Waiting For batch, 60 simulations to go
2025-02-08 00:59:41,024 - INFO - Prepared sim number: 42: RAYPy_Simulation_bessy2lo_56m_PGM_2Perc_coupling_errors_on_RP/round_6/42_bessy2lo_56m_PGM_2Perc_coupling_errors_on_RP.rml
2025-02-08 00:59:41,028 - INFO - Prepared sim number: 43: RAYPy_Simulation_bessy2lo_56m_PGM_2Perc_coupling_errors_on_RP/round_6/43_bessy2lo_56m_PGM_2Perc_coupling_errors_on_RP.rml
2025-02-08 00:59:41,041 - INFO - Prepared sim number: 44: RAYPy_Simulation_bessy2lo_56m_PGM_2Perc_coupling_errors_on_RP/round_6/44_bessy2lo_56m_PGM_2Perc_coupling_errors_on_RP.rml
2025-02-08 00:59:41,045 - INFO - Prepared sim number: 45: RAYPy_Simulation_bessy2lo_56m_PGM_2Perc_coupling_errors_on_RP/round_6/45_bessy2lo_56m_PGM_2Perc_coupling_errors_on_RP.rml
2025-02-08 00:59:41,049 - INFO - Prepared sim number: 46: RAYPy_Simulation_bessy2lo_56m_PGM_2Perc_coupling_errors_on_RP/round_6/46_bessy2lo_56m_PGM_2Perc_coupling_errors_on_RP.rml
2025-02-08 00:59:41,052 - INFO - Prepared sim number: 47: RAYPy_Simulation_bessy2lo_56m_PGM_2Perc_coupling_errors_on_RP/round_6/47_bessy2lo_56m_PGM_2Perc_coupling_errors_on_RP.rml
2025-02-08 00:59:41,056 - INFO - Prepared sim number: 48: RAYPy_Simulation_bessy2lo_56m_PGM_2Perc_coupling_errors_on_RP/round_6/48_bessy2lo_56m_PGM_2Perc_coupling_errors_on_RP.rml
2025-02-08 00:59:41,060 - INFO - Prepared sim number: 49: RAYPy_Simulation_bessy2lo_56m_PGM_2Perc_coupling_errors_on_RP/round_6/49_bessy2lo_56m_PGM_2Perc_coupling_errors_on_RP.rml
2025-02-08 00:59:41,064 - INFO - Prepared sim number: 50: RAYPy_Simulation_bessy2lo_56m_PGM_2Perc_coupling_errors_on_RP/round_6/50_bessy2lo_56m_PGM_2Perc_coupling_errors_on_RP.rml
2025-02-08 00:59:41,072 - INFO - Prepared sim number: 51: RAYPy_Simulation_bessy2lo_56m_PGM_2Perc_coupling_errors_on_RP/round_6/51_bessy2lo_56m_PGM_2Perc_coupling_errors_on_RP.rml
2025-02-08 00:59:41,076 - INFO - Prepared sim number: 52: RAYPy_Simulation_bessy2lo_56m_PGM_2Perc_coupling_errors_on_RP/round_6/52_bessy2lo_56m_PGM_2Perc_coupling_errors_on_RP.rml
2025-02-08 00:59:41,080 - INFO - Prepared sim number: 53: RAYPy_Simulation_bessy2lo_56m_PGM_2Perc_coupling_errors_on_RP/round_6/53_bessy2lo_56m_PGM_2Perc_coupling_errors_on_RP.rml
2025-02-08 00:59:41,083 - INFO - Prepared sim number: 54: RAYPy_Simulation_bessy2lo_56m_PGM_2Perc_coupling_errors_on_RP/round_6/54_bessy2lo_56m_PGM_2Perc_coupling_errors_on_RP.rml
2025-02-08 00:59:41,087 - INFO - Prepared sim number: 55: RAYPy_Simulation_bessy2lo_56m_PGM_2Perc_coupling_errors_on_RP/round_6/55_bessy2lo_56m_PGM_2Perc_coupling_errors_on_RP.rml
2025-02-08 00:59:41,091 - INFO - Prepared sim number: 56: RAYPy_Simulation_bessy2lo_56m_PGM_2Perc_coupling_errors_on_RP/round_6/56_bessy2lo_56m_PGM_2Perc_coupling_errors_on_RP.rml
2025-02-08 00:59:41,096 - INFO - Prepared sim number: 57: RAYPy_Simulation_bessy2lo_56m_PGM_2Perc_coupling_errors_on_RP/round_6/57_bessy2lo_56m_PGM_2Perc_coupling_errors_on_RP.rml
2025-02-08 00:59:41,100 - INFO - Prepared sim number: 58: RAYPy_Simulation_bessy2lo_56m_PGM_2Perc_coupling_errors_on_RP/round_6/58_bessy2lo_56m_PGM_2Perc_coupling_errors_on_RP.rml
2025-02-08 00:59:41,103 - INFO - Prepared sim number: 59: RAYPy_Simulation_bessy2lo_56m_PGM_2Perc_coupling_errors_on_RP/round_6/59_bessy2lo_56m_PGM_2Perc_coupling_errors_on_RP.rml
2025-02-08 00:59:41,107 - INFO - Prepared sim number: 60: RAYPy_Simulation_bessy2lo_56m_PGM_2Perc_coupling_errors_on_RP/round_6/60_bessy2lo_56m_PGM_2Perc_coupling_errors_on_RP.rml
2025-02-08 00:59:41,110 - INFO - Prepared sim number: 61: RAYPy_Simulation_bessy2lo_56m_PGM_2Perc_coupling_errors_on_RP/round_6/61_bessy2lo_56m_PGM_2Perc_coupling_errors_on_RP.rml
2025-02-08 00:59:41,114 - INFO - Prepared sim number: 62: RAYPy_Simulation_bessy2lo_56m_PGM_2Perc_coupling_errors_on_RP/round_6/62_bessy2lo_56m_PGM_2Perc_coupling_errors_on_RP.rml
2025-02-08 00:59:41,118 - INFO - Prepared sim number: 63: RAYPy_Simulation_bessy2lo_56m_PGM_2Perc_coupling_errors_on_RP/round_6/63_bessy2lo_56m_PGM_2Perc_coupling_errors_on_RP.rml
2025-02-08 00:59:41,122 - INFO - Prepared sim number: 64: RAYPy_Simulation_bessy2lo_56m_PGM_2Perc_coupling_errors_on_RP/round_6/64_bessy2lo_56m_PGM_2Perc_coupling_errors_on_RP.rml
2025-02-08 00:59:41,125 - INFO - Prepared sim number: 65: RAYPy_Simulation_bessy2lo_56m_PGM_2Perc_coupling_errors_on_RP/round_6/65_bessy2lo_56m_PGM_2Perc_coupling_errors_on_RP.rml
2025-02-08 00:59:41,129 - INFO - Prepared sim number: 66: RAYPy_Simulation_bessy2lo_56m_PGM_2Perc_coupling_errors_on_RP/round_6/66_bessy2lo_56m_PGM_2Perc_coupling_errors_on_RP.rml
2025-02-08 00:59:41,132 - INFO - Prepared sim number: 67: RAYPy_Simulation_bessy2lo_56m_PGM_2Perc_coupling_errors_on_RP/round_6/67_bessy2lo_56m_PGM_2Perc_coupling_errors_on_RP.rml
2025-02-08 00:59:41,136 - INFO - Prepared sim number: 68: RAYPy_Simulation_bessy2lo_56m_PGM_2Perc_coupling_errors_on_RP/round_6/68_bessy2lo_56m_PGM_2Perc_coupling_errors_on_RP.rml
2025-02-08 00:59:41,139 - INFO - Prepared sim number: 69: RAYPy_Simulation_bessy2lo_56m_PGM_2Perc_coupling_errors_on_RP/round_6/69_bessy2lo_56m_PGM_2Perc_coupling_errors_on_RP.rml
2025-02-08 00:59:41,142 - INFO - Prepared sim number: 70: RAYPy_Simulation_bessy2lo_56m_PGM_2Perc_coupling_errors_on_RP/round_6/70_bessy2lo_56m_PGM_2Perc_coupling_errors_on_RP.rml
2025-02-08 00:59:41,146 - INFO - Prepared sim number: 71: RAYPy_Simulation_bessy2lo_56m_PGM_2Perc_coupling_errors_on_RP/round_6/71_bessy2lo_56m_PGM_2Perc_coupling_errors_on_RP.rml
2025-02-08 00:59:41,149 - INFO - Prepared sim number: 72: RAYPy_Simulation_bessy2lo_56m_PGM_2Perc_coupling_errors_on_RP/round_6/72_bessy2lo_56m_PGM_2Perc_coupling_errors_on_RP.rml
2025-02-08 00:59:41,153 - INFO - Prepared sim number: 73: RAYPy_Simulation_bessy2lo_56m_PGM_2Perc_coupling_errors_on_RP/round_6/73_bessy2lo_56m_PGM_2Perc_coupling_errors_on_RP.rml
2025-02-08 00:59:41,157 - INFO - Prepared sim number: 74: RAYPy_Simulation_bessy2lo_56m_PGM_2Perc_coupling_errors_on_RP/round_6/74_bessy2lo_56m_PGM_2Perc_coupling_errors_on_RP.rml
2025-02-08 00:59:41,160 - INFO - Prepared sim number: 75: RAYPy_Simulation_bessy2lo_56m_PGM_2Perc_coupling_errors_on_RP/round_6/75_bessy2lo_56m_PGM_2Perc_coupling_errors_on_RP.rml
2025-02-08 00:59:41,164 - INFO - Prepared sim number: 76: RAYPy_Simulation_bessy2lo_56m_PGM_2Perc_coupling_errors_on_RP/round_6/76_bessy2lo_56m_PGM_2Perc_coupling_errors_on_RP.rml
2025-02-08 00:59:41,167 - INFO - Prepared sim number: 77: RAYPy_Simulation_bessy2lo_56m_PGM_2Perc_coupling_errors_on_RP/round_6/77_bessy2lo_56m_PGM_2Perc_coupling_errors_on_RP.rml
2025-02-08 00:59:41,171 - INFO - Prepared sim number: 78: RAYPy_Simulation_bessy2lo_56m_PGM_2Perc_coupling_errors_on_RP/round_6/78_bessy2lo_56m_PGM_2Perc_coupling_errors_on_RP.rml
2025-02-08 00:59:41,174 - INFO - Prepared sim number: 79: RAYPy_Simulation_bessy2lo_56m_PGM_2Perc_coupling_errors_on_RP/round_6/79_bessy2lo_56m_PGM_2Perc_coupling_errors_on_RP.rml
2025-02-08 00:59:41,178 - INFO - Prepared sim number: 80: RAYPy_Simulation_bessy2lo_56m_PGM_2Perc_coupling_errors_on_RP/round_6/80_bessy2lo_56m_PGM_2Perc_coupling_errors_on_RP.rml
2025-02-08 00:59:41,182 - INFO - Prepared sim number: 81: RAYPy_Simulation_bessy2lo_56m_PGM_2Perc_coupling_errors_on_RP/round_6/81_bessy2lo_56m_PGM_2Perc_coupling_errors_on_RP.rml
2025-02-08 00:59:41,186 - INFO - Prepared sim number: 82: RAYPy_Simulation_bessy2lo_56m_PGM_2Perc_coupling_errors_on_RP/round_6/82_bessy2lo_56m_PGM_2Perc_coupling_errors_on_RP.rml
2025-02-08 00:59:41,190 - INFO - Prepared sim number: 83: RAYPy_Simulation_bessy2lo_56m_PGM_2Perc_coupling_errors_on_RP/round_6/83_bessy2lo_56m_PGM_2Perc_coupling_errors_on_RP.rml
2025-02-08 00:59:41,194 - INFO - Prepared sim number: 84: RAYPy_Simulation_bessy2lo_56m_PGM_2Perc_coupling_errors_on_RP/round_6/84_bessy2lo_56m_PGM_2Perc_coupling_errors_on_RP.rml
2025-02-08 00:59:41,198 - INFO - Prepared sim number: 85: RAYPy_Simulation_bessy2lo_56m_PGM_2Perc_coupling_errors_on_RP/round_6/85_bessy2lo_56m_PGM_2Perc_coupling_errors_on_RP.rml
2025-02-08 00:59:41,202 - INFO - Prepared sim number: 86: RAYPy_Simulation_bessy2lo_56m_PGM_2Perc_coupling_errors_on_RP/round_6/86_bessy2lo_56m_PGM_2Perc_coupling_errors_on_RP.rml
2025-02-08 00:59:41,205 - INFO - Prepared sim number: 87: RAYPy_Simulation_bessy2lo_56m_PGM_2Perc_coupling_errors_on_RP/round_6/87_bessy2lo_56m_PGM_2Perc_coupling_errors_on_RP.rml
2025-02-08 00:59:41,209 - INFO - Prepared sim number: 88: RAYPy_Simulation_bessy2lo_56m_PGM_2Perc_coupling_errors_on_RP/round_6/88_bessy2lo_56m_PGM_2Perc_coupling_errors_on_RP.rml
2025-02-08 00:59:41,213 - INFO - Prepared sim number: 89: RAYPy_Simulation_bessy2lo_56m_PGM_2Perc_coupling_errors_on_RP/round_6/89_bessy2lo_56m_PGM_2Perc_coupling_errors_on_RP.rml
2025-02-08 00:59:41,217 - INFO - Prepared sim number: 90: RAYPy_Simulation_bessy2lo_56m_PGM_2Perc_coupling_errors_on_RP/round_6/90_bessy2lo_56m_PGM_2Perc_coupling_errors_on_RP.rml
2025-02-08 00:59:41,220 - INFO - Prepared sim number: 91: RAYPy_Simulation_bessy2lo_56m_PGM_2Perc_coupling_errors_on_RP/round_6/91_bessy2lo_56m_PGM_2Perc_coupling_errors_on_RP.rml
2025-02-08 00:59:41,224 - INFO - Prepared sim number: 92: RAYPy_Simulation_bessy2lo_56m_PGM_2Perc_coupling_errors_on_RP/round_6/92_bessy2lo_56m_PGM_2Perc_coupling_errors_on_RP.rml
2025-02-08 00:59:41,227 - INFO - Prepared sim number: 93: RAYPy_Simulation_bessy2lo_56m_PGM_2Perc_coupling_errors_on_RP/round_6/93_bessy2lo_56m_PGM_2Perc_coupling_errors_on_RP.rml
2025-02-08 00:59:41,231 - INFO - Prepared sim number: 94: RAYPy_Simulation_bessy2lo_56m_PGM_2Perc_coupling_errors_on_RP/round_6/94_bessy2lo_56m_PGM_2Perc_coupling_errors_on_RP.rml
2025-02-08 00:59:41,235 - INFO - Prepared sim number: 95: RAYPy_Simulation_bessy2lo_56m_PGM_2Perc_coupling_errors_on_RP/round_6/95_bessy2lo_56m_PGM_2Perc_coupling_errors_on_RP.rml
2025-02-08 00:59:41,239 - INFO - Prepared sim number: 96: RAYPy_Simulation_bessy2lo_56m_PGM_2Perc_coupling_errors_on_RP/round_6/96_bessy2lo_56m_PGM_2Perc_coupling_errors_on_RP.rml
2025-02-08 00:59:41,242 - INFO - Prepared sim number: 97: RAYPy_Simulation_bessy2lo_56m_PGM_2Perc_coupling_errors_on_RP/round_6/97_bessy2lo_56m_PGM_2Perc_coupling_errors_on_RP.rml
2025-02-08 00:59:41,246 - INFO - Prepared sim number: 98: RAYPy_Simulation_bessy2lo_56m_PGM_2Perc_coupling_errors_on_RP/round_6/98_bessy2lo_56m_PGM_2Perc_coupling_errors_on_RP.rml
2025-02-08 00:59:41,249 - INFO - Prepared sim number: 99: RAYPy_Simulation_bessy2lo_56m_PGM_2Perc_coupling_errors_on_RP/round_6/99_bessy2lo_56m_PGM_2Perc_coupling_errors_on_RP.rml
2025-02-08 00:59:41,253 - INFO - Prepared sim number: 100: RAYPy_Simulation_bessy2lo_56m_PGM_2Perc_coupling_errors_on_RP/round_6/100_bessy2lo_56m_PGM_2Perc_coupling_errors_on_RP.rml
2025-02-08 00:59:41,257 - INFO - Prepared sim number: 101: RAYPy_Simulation_bessy2lo_56m_PGM_2Perc_coupling_errors_on_RP/round_6/101_bessy2lo_56m_PGM_2Perc_coupling_errors_on_RP.rml
2025-02-08 00:59:41,257 - INFO - Waiting for batch number: 13, timeout: 21.856203684440025s
2025-02-08 00:59:43,990 - INFO - Completed: 1, remaining: 59, RAYPy_Simulation_bessy2lo_56m_PGM_2Perc_coupling_errors_on_RP/round_6/52_bessy2lo_56m_PGM_2Perc_coupling_errors_on_RP.rml
2025-02-08 00:59:44,035 - INFO - Completed: 2, remaining: 58, RAYPy_Simulation_bessy2lo_56m_PGM_2Perc_coupling_errors_on_RP/round_6/43_bessy2lo_56m_PGM_2Perc_coupling_errors_on_RP.rml
2025-02-08 00:59:44,138 - INFO - Completed: 3, remaining: 57, RAYPy_Simulation_bessy2lo_56m_PGM_2Perc_coupling_errors_on_RP/round_6/50_bessy2lo_56m_PGM_2Perc_coupling_errors_on_RP.rml
2025-02-08 00:59:44,202 - INFO - Completed: 4, remaining: 56, RAYPy_Simulation_bessy2lo_56m_PGM_2Perc_coupling_errors_on_RP/round_6/48_bessy2lo_56m_PGM_2Perc_coupling_errors_on_RP.rml
2025-02-08 00:59:44,414 - INFO - Completed: 5, remaining: 55, RAYPy_Simulation_bessy2lo_56m_PGM_2Perc_coupling_errors_on_RP/round_6/42_bessy2lo_56m_PGM_2Perc_coupling_errors_on_RP.rml
2025-02-08 00:59:44,425 - INFO - Completed: 6, remaining: 54, RAYPy_Simulation_bessy2lo_56m_PGM_2Perc_coupling_errors_on_RP/round_6/51_bessy2lo_56m_PGM_2Perc_coupling_errors_on_RP.rml
2025-02-08 00:59:44,473 - INFO - Completed: 7, remaining: 53, RAYPy_Simulation_bessy2lo_56m_PGM_2Perc_coupling_errors_on_RP/round_6/49_bessy2lo_56m_PGM_2Perc_coupling_errors_on_RP.rml
2025-02-08 00:59:44,510 - INFO - Completed: 8, remaining: 52, RAYPy_Simulation_bessy2lo_56m_PGM_2Perc_coupling_errors_on_RP/round_6/53_bessy2lo_56m_PGM_2Perc_coupling_errors_on_RP.rml
2025-02-08 00:59:44,572 - INFO - Completed: 9, remaining: 51, RAYPy_Simulation_bessy2lo_56m_PGM_2Perc_coupling_errors_on_RP/round_6/47_bessy2lo_56m_PGM_2Perc_coupling_errors_on_RP.rml
2025-02-08 00:59:44,749 - INFO - Completed: 10, remaining: 50, RAYPy_Simulation_bessy2lo_56m_PGM_2Perc_coupling_errors_on_RP/round_6/45_bessy2lo_56m_PGM_2Perc_coupling_errors_on_RP.rml
2025-02-08 00:59:46,669 - INFO - Completed: 11, remaining: 49, RAYPy_Simulation_bessy2lo_56m_PGM_2Perc_coupling_errors_on_RP/round_6/44_bessy2lo_56m_PGM_2Perc_coupling_errors_on_RP.rml
2025-02-08 00:59:46,820 - INFO - Completed: 12, remaining: 48, RAYPy_Simulation_bessy2lo_56m_PGM_2Perc_coupling_errors_on_RP/round_6/46_bessy2lo_56m_PGM_2Perc_coupling_errors_on_RP.rml
2025-02-08 00:59:47,363 - INFO - Completed: 13, remaining: 47, RAYPy_Simulation_bessy2lo_56m_PGM_2Perc_coupling_errors_on_RP/round_6/54_bessy2lo_56m_PGM_2Perc_coupling_errors_on_RP.rml
2025-02-08 00:59:47,407 - INFO - Completed: 14, remaining: 46, RAYPy_Simulation_bessy2lo_56m_PGM_2Perc_coupling_errors_on_RP/round_6/55_bessy2lo_56m_PGM_2Perc_coupling_errors_on_RP.rml
2025-02-08 00:59:47,900 - INFO - Completed: 15, remaining: 45, RAYPy_Simulation_bessy2lo_56m_PGM_2Perc_coupling_errors_on_RP/round_6/60_bessy2lo_56m_PGM_2Perc_coupling_errors_on_RP.rml
2025-02-08 00:59:48,017 - INFO - Completed: 16, remaining: 44, RAYPy_Simulation_bessy2lo_56m_PGM_2Perc_coupling_errors_on_RP/round_6/62_bessy2lo_56m_PGM_2Perc_coupling_errors_on_RP.rml
2025-02-08 00:59:48,062 - INFO - Completed: 17, remaining: 43, RAYPy_Simulation_bessy2lo_56m_PGM_2Perc_coupling_errors_on_RP/round_6/59_bessy2lo_56m_PGM_2Perc_coupling_errors_on_RP.rml
2025-02-08 00:59:48,256 - INFO - Completed: 18, remaining: 42, RAYPy_Simulation_bessy2lo_56m_PGM_2Perc_coupling_errors_on_RP/round_6/61_bessy2lo_56m_PGM_2Perc_coupling_errors_on_RP.rml
2025-02-08 00:59:48,417 - INFO - Completed: 19, remaining: 41, RAYPy_Simulation_bessy2lo_56m_PGM_2Perc_coupling_errors_on_RP/round_6/58_bessy2lo_56m_PGM_2Perc_coupling_errors_on_RP.rml
2025-02-08 00:59:48,446 - INFO - Completed: 20, remaining: 40, RAYPy_Simulation_bessy2lo_56m_PGM_2Perc_coupling_errors_on_RP/round_6/57_bessy2lo_56m_PGM_2Perc_coupling_errors_on_RP.rml
2025-02-08 00:59:48,516 - INFO - Completed: 21, remaining: 39, RAYPy_Simulation_bessy2lo_56m_PGM_2Perc_coupling_errors_on_RP/round_6/56_bessy2lo_56m_PGM_2Perc_coupling_errors_on_RP.rml
2025-02-08 00:59:48,695 - INFO - Completed: 22, remaining: 38, RAYPy_Simulation_bessy2lo_56m_PGM_2Perc_coupling_errors_on_RP/round_6/63_bessy2lo_56m_PGM_2Perc_coupling_errors_on_RP.rml
2025-02-08 00:59:50,442 - INFO - Completed: 23, remaining: 37, RAYPy_Simulation_bessy2lo_56m_PGM_2Perc_coupling_errors_on_RP/round_6/64_bessy2lo_56m_PGM_2Perc_coupling_errors_on_RP.rml
2025-02-08 00:59:50,469 - INFO - Completed: 24, remaining: 36, RAYPy_Simulation_bessy2lo_56m_PGM_2Perc_coupling_errors_on_RP/round_6/65_bessy2lo_56m_PGM_2Perc_coupling_errors_on_RP.rml
2025-02-08 00:59:50,996 - INFO - Completed: 25, remaining: 35, RAYPy_Simulation_bessy2lo_56m_PGM_2Perc_coupling_errors_on_RP/round_6/67_bessy2lo_56m_PGM_2Perc_coupling_errors_on_RP.rml
2025-02-08 00:59:51,114 - INFO - Completed: 26, remaining: 34, RAYPy_Simulation_bessy2lo_56m_PGM_2Perc_coupling_errors_on_RP/round_6/66_bessy2lo_56m_PGM_2Perc_coupling_errors_on_RP.rml
2025-02-08 00:59:51,454 - INFO - Completed: 27, remaining: 33, RAYPy_Simulation_bessy2lo_56m_PGM_2Perc_coupling_errors_on_RP/round_6/68_bessy2lo_56m_PGM_2Perc_coupling_errors_on_RP.rml
2025-02-08 00:59:51,658 - INFO - Completed: 28, remaining: 32, RAYPy_Simulation_bessy2lo_56m_PGM_2Perc_coupling_errors_on_RP/round_6/70_bessy2lo_56m_PGM_2Perc_coupling_errors_on_RP.rml
2025-02-08 00:59:51,687 - INFO - Completed: 29, remaining: 31, RAYPy_Simulation_bessy2lo_56m_PGM_2Perc_coupling_errors_on_RP/round_6/69_bessy2lo_56m_PGM_2Perc_coupling_errors_on_RP.rml
2025-02-08 00:59:52,242 - INFO - Completed: 30, remaining: 30, RAYPy_Simulation_bessy2lo_56m_PGM_2Perc_coupling_errors_on_RP/round_6/75_bessy2lo_56m_PGM_2Perc_coupling_errors_on_RP.rml
2025-02-08 00:59:52,265 - INFO - Completed: 31, remaining: 29, RAYPy_Simulation_bessy2lo_56m_PGM_2Perc_coupling_errors_on_RP/round_6/73_bessy2lo_56m_PGM_2Perc_coupling_errors_on_RP.rml
2025-02-08 00:59:52,268 - INFO - Completed: 32, remaining: 28, RAYPy_Simulation_bessy2lo_56m_PGM_2Perc_coupling_errors_on_RP/round_6/71_bessy2lo_56m_PGM_2Perc_coupling_errors_on_RP.rml
2025-02-08 00:59:52,301 - INFO - Completed: 33, remaining: 27, RAYPy_Simulation_bessy2lo_56m_PGM_2Perc_coupling_errors_on_RP/round_6/72_bessy2lo_56m_PGM_2Perc_coupling_errors_on_RP.rml
2025-02-08 00:59:52,980 - INFO - Completed: 34, remaining: 26, RAYPy_Simulation_bessy2lo_56m_PGM_2Perc_coupling_errors_on_RP/round_6/74_bessy2lo_56m_PGM_2Perc_coupling_errors_on_RP.rml
2025-02-08 00:59:54,013 - INFO - Completed: 35, remaining: 25, RAYPy_Simulation_bessy2lo_56m_PGM_2Perc_coupling_errors_on_RP/round_6/77_bessy2lo_56m_PGM_2Perc_coupling_errors_on_RP.rml
2025-02-08 00:59:54,308 - INFO - Completed: 36, remaining: 24, RAYPy_Simulation_bessy2lo_56m_PGM_2Perc_coupling_errors_on_RP/round_6/76_bessy2lo_56m_PGM_2Perc_coupling_errors_on_RP.rml
2025-02-08 00:59:54,743 - INFO - Completed: 37, remaining: 23, RAYPy_Simulation_bessy2lo_56m_PGM_2Perc_coupling_errors_on_RP/round_6/82_bessy2lo_56m_PGM_2Perc_coupling_errors_on_RP.rml
2025-02-08 00:59:54,745 - INFO - Completed: 38, remaining: 22, RAYPy_Simulation_bessy2lo_56m_PGM_2Perc_coupling_errors_on_RP/round_6/78_bessy2lo_56m_PGM_2Perc_coupling_errors_on_RP.rml
2025-02-08 00:59:54,849 - INFO - Completed: 39, remaining: 21, RAYPy_Simulation_bessy2lo_56m_PGM_2Perc_coupling_errors_on_RP/round_6/79_bessy2lo_56m_PGM_2Perc_coupling_errors_on_RP.rml
2025-02-08 00:59:55,233 - INFO - Completed: 40, remaining: 20, RAYPy_Simulation_bessy2lo_56m_PGM_2Perc_coupling_errors_on_RP/round_6/80_bessy2lo_56m_PGM_2Perc_coupling_errors_on_RP.rml
2025-02-08 00:59:55,255 - INFO - Completed: 41, remaining: 19, RAYPy_Simulation_bessy2lo_56m_PGM_2Perc_coupling_errors_on_RP/round_6/81_bessy2lo_56m_PGM_2Perc_coupling_errors_on_RP.rml
2025-02-08 00:59:55,507 - INFO - Completed: 42, remaining: 18, RAYPy_Simulation_bessy2lo_56m_PGM_2Perc_coupling_errors_on_RP/round_6/83_bessy2lo_56m_PGM_2Perc_coupling_errors_on_RP.rml
2025-02-08 00:59:55,540 - INFO - Completed: 43, remaining: 17, RAYPy_Simulation_bessy2lo_56m_PGM_2Perc_coupling_errors_on_RP/round_6/84_bessy2lo_56m_PGM_2Perc_coupling_errors_on_RP.rml
2025-02-08 00:59:55,669 - INFO - Completed: 44, remaining: 16, RAYPy_Simulation_bessy2lo_56m_PGM_2Perc_coupling_errors_on_RP/round_6/85_bessy2lo_56m_PGM_2Perc_coupling_errors_on_RP.rml
2025-02-08 00:59:55,830 - INFO - Completed: 45, remaining: 15, RAYPy_Simulation_bessy2lo_56m_PGM_2Perc_coupling_errors_on_RP/round_6/86_bessy2lo_56m_PGM_2Perc_coupling_errors_on_RP.rml
2025-02-08 00:59:57,342 - INFO - Completed: 46, remaining: 14, RAYPy_Simulation_bessy2lo_56m_PGM_2Perc_coupling_errors_on_RP/round_6/88_bessy2lo_56m_PGM_2Perc_coupling_errors_on_RP.rml
2025-02-08 00:59:57,553 - INFO - Completed: 47, remaining: 13, RAYPy_Simulation_bessy2lo_56m_PGM_2Perc_coupling_errors_on_RP/round_6/87_bessy2lo_56m_PGM_2Perc_coupling_errors_on_RP.rml
2025-02-08 00:59:57,714 - INFO - Completed: 48, remaining: 12, RAYPy_Simulation_bessy2lo_56m_PGM_2Perc_coupling_errors_on_RP/round_6/89_bessy2lo_56m_PGM_2Perc_coupling_errors_on_RP.rml
2025-02-08 00:59:58,005 - INFO - Completed: 49, remaining: 11, RAYPy_Simulation_bessy2lo_56m_PGM_2Perc_coupling_errors_on_RP/round_6/90_bessy2lo_56m_PGM_2Perc_coupling_errors_on_RP.rml
2025-02-08 00:59:58,158 - INFO - Completed: 50, remaining: 10, RAYPy_Simulation_bessy2lo_56m_PGM_2Perc_coupling_errors_on_RP/round_6/92_bessy2lo_56m_PGM_2Perc_coupling_errors_on_RP.rml
2025-02-08 00:59:58,183 - INFO - Completed: 51, remaining: 9, RAYPy_Simulation_bessy2lo_56m_PGM_2Perc_coupling_errors_on_RP/round_6/91_bessy2lo_56m_PGM_2Perc_coupling_errors_on_RP.rml
2025-02-08 00:59:58,428 - INFO - Completed: 52, remaining: 8, RAYPy_Simulation_bessy2lo_56m_PGM_2Perc_coupling_errors_on_RP/round_6/94_bessy2lo_56m_PGM_2Perc_coupling_errors_on_RP.rml
2025-02-08 00:59:58,619 - INFO - Completed: 53, remaining: 7, RAYPy_Simulation_bessy2lo_56m_PGM_2Perc_coupling_errors_on_RP/round_6/93_bessy2lo_56m_PGM_2Perc_coupling_errors_on_RP.rml
2025-02-08 00:59:58,680 - INFO - Completed: 54, remaining: 6, RAYPy_Simulation_bessy2lo_56m_PGM_2Perc_coupling_errors_on_RP/round_6/95_bessy2lo_56m_PGM_2Perc_coupling_errors_on_RP.rml
2025-02-08 00:59:58,903 - INFO - Completed: 55, remaining: 5, RAYPy_Simulation_bessy2lo_56m_PGM_2Perc_coupling_errors_on_RP/round_6/97_bessy2lo_56m_PGM_2Perc_coupling_errors_on_RP.rml
2025-02-08 00:59:58,919 - INFO - Completed: 56, remaining: 4, RAYPy_Simulation_bessy2lo_56m_PGM_2Perc_coupling_errors_on_RP/round_6/98_bessy2lo_56m_PGM_2Perc_coupling_errors_on_RP.rml
2025-02-08 00:59:59,045 - INFO - Completed: 57, remaining: 3, RAYPy_Simulation_bessy2lo_56m_PGM_2Perc_coupling_errors_on_RP/round_6/96_bessy2lo_56m_PGM_2Perc_coupling_errors_on_RP.rml
2025-02-08 00:59:59,805 - INFO - Completed: 58, remaining: 2, RAYPy_Simulation_bessy2lo_56m_PGM_2Perc_coupling_errors_on_RP/round_6/99_bessy2lo_56m_PGM_2Perc_coupling_errors_on_RP.rml
2025-02-08 00:59:59,876 - INFO - Completed: 59, remaining: 1, RAYPy_Simulation_bessy2lo_56m_PGM_2Perc_coupling_errors_on_RP/round_6/100_bessy2lo_56m_PGM_2Perc_coupling_errors_on_RP.rml
2025-02-08 01:00:00,186 - INFO - Completed: 60, remaining: 0, RAYPy_Simulation_bessy2lo_56m_PGM_2Perc_coupling_errors_on_RP/round_6/101_bessy2lo_56m_PGM_2Perc_coupling_errors_on_RP.rml
2025-02-08 01:00:00,186 - INFO - Batch Completed
2025-02-08 01:00:00,187 - INFO - Waiting For batch, 60 simulations to go
2025-02-08 01:00:00,191 - INFO - Prepared sim number: 102: RAYPy_Simulation_bessy2lo_56m_PGM_2Perc_coupling_errors_on_RP/round_6/102_bessy2lo_56m_PGM_2Perc_coupling_errors_on_RP.rml
2025-02-08 01:00:00,196 - INFO - Prepared sim number: 103: RAYPy_Simulation_bessy2lo_56m_PGM_2Perc_coupling_errors_on_RP/round_6/103_bessy2lo_56m_PGM_2Perc_coupling_errors_on_RP.rml
2025-02-08 01:00:00,200 - INFO - Prepared sim number: 104: RAYPy_Simulation_bessy2lo_56m_PGM_2Perc_coupling_errors_on_RP/round_6/104_bessy2lo_56m_PGM_2Perc_coupling_errors_on_RP.rml
2025-02-08 01:00:00,211 - INFO - Prepared sim number: 105: RAYPy_Simulation_bessy2lo_56m_PGM_2Perc_coupling_errors_on_RP/round_6/105_bessy2lo_56m_PGM_2Perc_coupling_errors_on_RP.rml
2025-02-08 01:00:00,215 - INFO - Prepared sim number: 106: RAYPy_Simulation_bessy2lo_56m_PGM_2Perc_coupling_errors_on_RP/round_6/106_bessy2lo_56m_PGM_2Perc_coupling_errors_on_RP.rml
2025-02-08 01:00:00,218 - INFO - Prepared sim number: 107: RAYPy_Simulation_bessy2lo_56m_PGM_2Perc_coupling_errors_on_RP/round_6/107_bessy2lo_56m_PGM_2Perc_coupling_errors_on_RP.rml
2025-02-08 01:00:00,221 - INFO - Prepared sim number: 108: RAYPy_Simulation_bessy2lo_56m_PGM_2Perc_coupling_errors_on_RP/round_6/108_bessy2lo_56m_PGM_2Perc_coupling_errors_on_RP.rml
2025-02-08 01:00:00,225 - INFO - Prepared sim number: 109: RAYPy_Simulation_bessy2lo_56m_PGM_2Perc_coupling_errors_on_RP/round_6/109_bessy2lo_56m_PGM_2Perc_coupling_errors_on_RP.rml
2025-02-08 01:00:00,231 - INFO - Prepared sim number: 110: RAYPy_Simulation_bessy2lo_56m_PGM_2Perc_coupling_errors_on_RP/round_6/110_bessy2lo_56m_PGM_2Perc_coupling_errors_on_RP.rml
2025-02-08 01:00:00,235 - INFO - Prepared sim number: 111: RAYPy_Simulation_bessy2lo_56m_PGM_2Perc_coupling_errors_on_RP/round_6/111_bessy2lo_56m_PGM_2Perc_coupling_errors_on_RP.rml
2025-02-08 01:00:00,239 - INFO - Prepared sim number: 112: RAYPy_Simulation_bessy2lo_56m_PGM_2Perc_coupling_errors_on_RP/round_6/112_bessy2lo_56m_PGM_2Perc_coupling_errors_on_RP.rml
2025-02-08 01:00:00,246 - INFO - Prepared sim number: 113: RAYPy_Simulation_bessy2lo_56m_PGM_2Perc_coupling_errors_on_RP/round_6/113_bessy2lo_56m_PGM_2Perc_coupling_errors_on_RP.rml
2025-02-08 01:00:00,250 - INFO - Prepared sim number: 114: RAYPy_Simulation_bessy2lo_56m_PGM_2Perc_coupling_errors_on_RP/round_6/114_bessy2lo_56m_PGM_2Perc_coupling_errors_on_RP.rml
2025-02-08 01:00:00,253 - INFO - Prepared sim number: 115: RAYPy_Simulation_bessy2lo_56m_PGM_2Perc_coupling_errors_on_RP/round_6/115_bessy2lo_56m_PGM_2Perc_coupling_errors_on_RP.rml
2025-02-08 01:00:00,256 - INFO - Prepared sim number: 116: RAYPy_Simulation_bessy2lo_56m_PGM_2Perc_coupling_errors_on_RP/round_6/116_bessy2lo_56m_PGM_2Perc_coupling_errors_on_RP.rml
2025-02-08 01:00:00,259 - INFO - Prepared sim number: 117: RAYPy_Simulation_bessy2lo_56m_PGM_2Perc_coupling_errors_on_RP/round_6/117_bessy2lo_56m_PGM_2Perc_coupling_errors_on_RP.rml
2025-02-08 01:00:00,264 - INFO - Prepared sim number: 118: RAYPy_Simulation_bessy2lo_56m_PGM_2Perc_coupling_errors_on_RP/round_6/118_bessy2lo_56m_PGM_2Perc_coupling_errors_on_RP.rml
2025-02-08 01:00:00,270 - INFO - Prepared sim number: 119: RAYPy_Simulation_bessy2lo_56m_PGM_2Perc_coupling_errors_on_RP/round_6/119_bessy2lo_56m_PGM_2Perc_coupling_errors_on_RP.rml
2025-02-08 01:00:00,275 - INFO - Prepared sim number: 120: RAYPy_Simulation_bessy2lo_56m_PGM_2Perc_coupling_errors_on_RP/round_6/120_bessy2lo_56m_PGM_2Perc_coupling_errors_on_RP.rml
2025-02-08 01:00:00,281 - INFO - Prepared sim number: 121: RAYPy_Simulation_bessy2lo_56m_PGM_2Perc_coupling_errors_on_RP/round_6/121_bessy2lo_56m_PGM_2Perc_coupling_errors_on_RP.rml
2025-02-08 01:00:00,287 - INFO - Prepared sim number: 122: RAYPy_Simulation_bessy2lo_56m_PGM_2Perc_coupling_errors_on_RP/round_6/122_bessy2lo_56m_PGM_2Perc_coupling_errors_on_RP.rml
2025-02-08 01:00:00,287 - INFO - Start round 7
2025-02-08 01:00:00,295 - INFO - Prepared sim number: 0: RAYPy_Simulation_bessy2lo_56m_PGM_2Perc_coupling_errors_on_RP/round_7/0_bessy2lo_56m_PGM_2Perc_coupling_errors_on_RP.rml
2025-02-08 01:00:00,301 - INFO - Prepared sim number: 1: RAYPy_Simulation_bessy2lo_56m_PGM_2Perc_coupling_errors_on_RP/round_7/1_bessy2lo_56m_PGM_2Perc_coupling_errors_on_RP.rml
2025-02-08 01:00:00,309 - INFO - Prepared sim number: 2: RAYPy_Simulation_bessy2lo_56m_PGM_2Perc_coupling_errors_on_RP/round_7/2_bessy2lo_56m_PGM_2Perc_coupling_errors_on_RP.rml
2025-02-08 01:00:00,315 - INFO - Prepared sim number: 3: RAYPy_Simulation_bessy2lo_56m_PGM_2Perc_coupling_errors_on_RP/round_7/3_bessy2lo_56m_PGM_2Perc_coupling_errors_on_RP.rml
2025-02-08 01:00:00,319 - INFO - Prepared sim number: 4: RAYPy_Simulation_bessy2lo_56m_PGM_2Perc_coupling_errors_on_RP/round_7/4_bessy2lo_56m_PGM_2Perc_coupling_errors_on_RP.rml
2025-02-08 01:00:00,324 - INFO - Prepared sim number: 5: RAYPy_Simulation_bessy2lo_56m_PGM_2Perc_coupling_errors_on_RP/round_7/5_bessy2lo_56m_PGM_2Perc_coupling_errors_on_RP.rml
2025-02-08 01:00:00,329 - INFO - Prepared sim number: 6: RAYPy_Simulation_bessy2lo_56m_PGM_2Perc_coupling_errors_on_RP/round_7/6_bessy2lo_56m_PGM_2Perc_coupling_errors_on_RP.rml
2025-02-08 01:00:00,333 - INFO - Prepared sim number: 7: RAYPy_Simulation_bessy2lo_56m_PGM_2Perc_coupling_errors_on_RP/round_7/7_bessy2lo_56m_PGM_2Perc_coupling_errors_on_RP.rml
2025-02-08 01:00:00,338 - INFO - Prepared sim number: 8: RAYPy_Simulation_bessy2lo_56m_PGM_2Perc_coupling_errors_on_RP/round_7/8_bessy2lo_56m_PGM_2Perc_coupling_errors_on_RP.rml
2025-02-08 01:00:00,342 - INFO - Prepared sim number: 9: RAYPy_Simulation_bessy2lo_56m_PGM_2Perc_coupling_errors_on_RP/round_7/9_bessy2lo_56m_PGM_2Perc_coupling_errors_on_RP.rml
2025-02-08 01:00:00,346 - INFO - Prepared sim number: 10: RAYPy_Simulation_bessy2lo_56m_PGM_2Perc_coupling_errors_on_RP/round_7/10_bessy2lo_56m_PGM_2Perc_coupling_errors_on_RP.rml
2025-02-08 01:00:00,351 - INFO - Prepared sim number: 11: RAYPy_Simulation_bessy2lo_56m_PGM_2Perc_coupling_errors_on_RP/round_7/11_bessy2lo_56m_PGM_2Perc_coupling_errors_on_RP.rml
2025-02-08 01:00:00,356 - INFO - Prepared sim number: 12: RAYPy_Simulation_bessy2lo_56m_PGM_2Perc_coupling_errors_on_RP/round_7/12_bessy2lo_56m_PGM_2Perc_coupling_errors_on_RP.rml
2025-02-08 01:00:00,360 - INFO - Prepared sim number: 13: RAYPy_Simulation_bessy2lo_56m_PGM_2Perc_coupling_errors_on_RP/round_7/13_bessy2lo_56m_PGM_2Perc_coupling_errors_on_RP.rml
2025-02-08 01:00:00,365 - INFO - Prepared sim number: 14: RAYPy_Simulation_bessy2lo_56m_PGM_2Perc_coupling_errors_on_RP/round_7/14_bessy2lo_56m_PGM_2Perc_coupling_errors_on_RP.rml
2025-02-08 01:00:00,370 - INFO - Prepared sim number: 15: RAYPy_Simulation_bessy2lo_56m_PGM_2Perc_coupling_errors_on_RP/round_7/15_bessy2lo_56m_PGM_2Perc_coupling_errors_on_RP.rml
2025-02-08 01:00:00,375 - INFO - Prepared sim number: 16: RAYPy_Simulation_bessy2lo_56m_PGM_2Perc_coupling_errors_on_RP/round_7/16_bessy2lo_56m_PGM_2Perc_coupling_errors_on_RP.rml
2025-02-08 01:00:00,380 - INFO - Prepared sim number: 17: RAYPy_Simulation_bessy2lo_56m_PGM_2Perc_coupling_errors_on_RP/round_7/17_bessy2lo_56m_PGM_2Perc_coupling_errors_on_RP.rml
2025-02-08 01:00:00,384 - INFO - Prepared sim number: 18: RAYPy_Simulation_bessy2lo_56m_PGM_2Perc_coupling_errors_on_RP/round_7/18_bessy2lo_56m_PGM_2Perc_coupling_errors_on_RP.rml
2025-02-08 01:00:00,389 - INFO - Prepared sim number: 19: RAYPy_Simulation_bessy2lo_56m_PGM_2Perc_coupling_errors_on_RP/round_7/19_bessy2lo_56m_PGM_2Perc_coupling_errors_on_RP.rml
2025-02-08 01:00:00,393 - INFO - Prepared sim number: 20: RAYPy_Simulation_bessy2lo_56m_PGM_2Perc_coupling_errors_on_RP/round_7/20_bessy2lo_56m_PGM_2Perc_coupling_errors_on_RP.rml
2025-02-08 01:00:00,398 - INFO - Prepared sim number: 21: RAYPy_Simulation_bessy2lo_56m_PGM_2Perc_coupling_errors_on_RP/round_7/21_bessy2lo_56m_PGM_2Perc_coupling_errors_on_RP.rml
2025-02-08 01:00:00,403 - INFO - Prepared sim number: 22: RAYPy_Simulation_bessy2lo_56m_PGM_2Perc_coupling_errors_on_RP/round_7/22_bessy2lo_56m_PGM_2Perc_coupling_errors_on_RP.rml
2025-02-08 01:00:00,407 - INFO - Prepared sim number: 23: RAYPy_Simulation_bessy2lo_56m_PGM_2Perc_coupling_errors_on_RP/round_7/23_bessy2lo_56m_PGM_2Perc_coupling_errors_on_RP.rml
2025-02-08 01:00:00,411 - INFO - Prepared sim number: 24: RAYPy_Simulation_bessy2lo_56m_PGM_2Perc_coupling_errors_on_RP/round_7/24_bessy2lo_56m_PGM_2Perc_coupling_errors_on_RP.rml
2025-02-08 01:00:00,414 - INFO - Prepared sim number: 25: RAYPy_Simulation_bessy2lo_56m_PGM_2Perc_coupling_errors_on_RP/round_7/25_bessy2lo_56m_PGM_2Perc_coupling_errors_on_RP.rml
2025-02-08 01:00:00,418 - INFO - Prepared sim number: 26: RAYPy_Simulation_bessy2lo_56m_PGM_2Perc_coupling_errors_on_RP/round_7/26_bessy2lo_56m_PGM_2Perc_coupling_errors_on_RP.rml
2025-02-08 01:00:00,422 - INFO - Prepared sim number: 27: RAYPy_Simulation_bessy2lo_56m_PGM_2Perc_coupling_errors_on_RP/round_7/27_bessy2lo_56m_PGM_2Perc_coupling_errors_on_RP.rml
2025-02-08 01:00:00,425 - INFO - Prepared sim number: 28: RAYPy_Simulation_bessy2lo_56m_PGM_2Perc_coupling_errors_on_RP/round_7/28_bessy2lo_56m_PGM_2Perc_coupling_errors_on_RP.rml
2025-02-08 01:00:00,429 - INFO - Prepared sim number: 29: RAYPy_Simulation_bessy2lo_56m_PGM_2Perc_coupling_errors_on_RP/round_7/29_bessy2lo_56m_PGM_2Perc_coupling_errors_on_RP.rml
2025-02-08 01:00:00,432 - INFO - Prepared sim number: 30: RAYPy_Simulation_bessy2lo_56m_PGM_2Perc_coupling_errors_on_RP/round_7/30_bessy2lo_56m_PGM_2Perc_coupling_errors_on_RP.rml
2025-02-08 01:00:00,435 - INFO - Prepared sim number: 31: RAYPy_Simulation_bessy2lo_56m_PGM_2Perc_coupling_errors_on_RP/round_7/31_bessy2lo_56m_PGM_2Perc_coupling_errors_on_RP.rml
2025-02-08 01:00:00,439 - INFO - Prepared sim number: 32: RAYPy_Simulation_bessy2lo_56m_PGM_2Perc_coupling_errors_on_RP/round_7/32_bessy2lo_56m_PGM_2Perc_coupling_errors_on_RP.rml
2025-02-08 01:00:00,442 - INFO - Prepared sim number: 33: RAYPy_Simulation_bessy2lo_56m_PGM_2Perc_coupling_errors_on_RP/round_7/33_bessy2lo_56m_PGM_2Perc_coupling_errors_on_RP.rml
2025-02-08 01:00:00,446 - INFO - Prepared sim number: 34: RAYPy_Simulation_bessy2lo_56m_PGM_2Perc_coupling_errors_on_RP/round_7/34_bessy2lo_56m_PGM_2Perc_coupling_errors_on_RP.rml
2025-02-08 01:00:00,449 - INFO - Prepared sim number: 35: RAYPy_Simulation_bessy2lo_56m_PGM_2Perc_coupling_errors_on_RP/round_7/35_bessy2lo_56m_PGM_2Perc_coupling_errors_on_RP.rml
2025-02-08 01:00:00,453 - INFO - Prepared sim number: 36: RAYPy_Simulation_bessy2lo_56m_PGM_2Perc_coupling_errors_on_RP/round_7/36_bessy2lo_56m_PGM_2Perc_coupling_errors_on_RP.rml
2025-02-08 01:00:00,456 - INFO - Prepared sim number: 37: RAYPy_Simulation_bessy2lo_56m_PGM_2Perc_coupling_errors_on_RP/round_7/37_bessy2lo_56m_PGM_2Perc_coupling_errors_on_RP.rml
2025-02-08 01:00:00,459 - INFO - Prepared sim number: 38: RAYPy_Simulation_bessy2lo_56m_PGM_2Perc_coupling_errors_on_RP/round_7/38_bessy2lo_56m_PGM_2Perc_coupling_errors_on_RP.rml
2025-02-08 01:00:00,459 - INFO - Waiting for batch number: 14, timeout: 21.806975659302303s
2025-02-08 01:00:02,721 - INFO - Completed: 1, remaining: 59, RAYPy_Simulation_bessy2lo_56m_PGM_2Perc_coupling_errors_on_RP/round_6/109_bessy2lo_56m_PGM_2Perc_coupling_errors_on_RP.rml
2025-02-08 01:00:02,763 - INFO - Completed: 2, remaining: 58, RAYPy_Simulation_bessy2lo_56m_PGM_2Perc_coupling_errors_on_RP/round_6/108_bessy2lo_56m_PGM_2Perc_coupling_errors_on_RP.rml
2025-02-08 01:00:02,845 - INFO - Completed: 3, remaining: 57, RAYPy_Simulation_bessy2lo_56m_PGM_2Perc_coupling_errors_on_RP/round_6/104_bessy2lo_56m_PGM_2Perc_coupling_errors_on_RP.rml
2025-02-08 01:00:02,872 - INFO - Completed: 4, remaining: 56, RAYPy_Simulation_bessy2lo_56m_PGM_2Perc_coupling_errors_on_RP/round_6/112_bessy2lo_56m_PGM_2Perc_coupling_errors_on_RP.rml
2025-02-08 01:00:02,878 - INFO - Completed: 5, remaining: 55, RAYPy_Simulation_bessy2lo_56m_PGM_2Perc_coupling_errors_on_RP/round_6/106_bessy2lo_56m_PGM_2Perc_coupling_errors_on_RP.rml
2025-02-08 01:00:03,224 - INFO - Completed: 6, remaining: 54, RAYPy_Simulation_bessy2lo_56m_PGM_2Perc_coupling_errors_on_RP/round_6/103_bessy2lo_56m_PGM_2Perc_coupling_errors_on_RP.rml
2025-02-08 01:00:03,350 - INFO - Completed: 7, remaining: 53, RAYPy_Simulation_bessy2lo_56m_PGM_2Perc_coupling_errors_on_RP/round_6/102_bessy2lo_56m_PGM_2Perc_coupling_errors_on_RP.rml
2025-02-08 01:00:03,386 - INFO - Completed: 8, remaining: 52, RAYPy_Simulation_bessy2lo_56m_PGM_2Perc_coupling_errors_on_RP/round_6/105_bessy2lo_56m_PGM_2Perc_coupling_errors_on_RP.rml
2025-02-08 01:00:05,843 - INFO - Completed: 9, remaining: 51, RAYPy_Simulation_bessy2lo_56m_PGM_2Perc_coupling_errors_on_RP/round_6/113_bessy2lo_56m_PGM_2Perc_coupling_errors_on_RP.rml
2025-02-08 01:00:05,966 - INFO - Completed: 10, remaining: 50, RAYPy_Simulation_bessy2lo_56m_PGM_2Perc_coupling_errors_on_RP/round_6/107_bessy2lo_56m_PGM_2Perc_coupling_errors_on_RP.rml
2025-02-08 01:00:06,065 - INFO - Completed: 11, remaining: 49, RAYPy_Simulation_bessy2lo_56m_PGM_2Perc_coupling_errors_on_RP/round_6/110_bessy2lo_56m_PGM_2Perc_coupling_errors_on_RP.rml
2025-02-08 01:00:06,150 - INFO - Completed: 12, remaining: 48, RAYPy_Simulation_bessy2lo_56m_PGM_2Perc_coupling_errors_on_RP/round_6/111_bessy2lo_56m_PGM_2Perc_coupling_errors_on_RP.rml
2025-02-08 01:00:06,323 - INFO - Completed: 13, remaining: 47, RAYPy_Simulation_bessy2lo_56m_PGM_2Perc_coupling_errors_on_RP/round_6/114_bessy2lo_56m_PGM_2Perc_coupling_errors_on_RP.rml
2025-02-08 01:00:06,418 - INFO - Completed: 14, remaining: 46, RAYPy_Simulation_bessy2lo_56m_PGM_2Perc_coupling_errors_on_RP/round_6/117_bessy2lo_56m_PGM_2Perc_coupling_errors_on_RP.rml
2025-02-08 01:00:06,533 - INFO - Completed: 15, remaining: 45, RAYPy_Simulation_bessy2lo_56m_PGM_2Perc_coupling_errors_on_RP/round_6/115_bessy2lo_56m_PGM_2Perc_coupling_errors_on_RP.rml
2025-02-08 01:00:06,588 - INFO - Completed: 16, remaining: 44, RAYPy_Simulation_bessy2lo_56m_PGM_2Perc_coupling_errors_on_RP/round_6/116_bessy2lo_56m_PGM_2Perc_coupling_errors_on_RP.rml
2025-02-08 01:00:06,850 - INFO - Completed: 17, remaining: 43, RAYPy_Simulation_bessy2lo_56m_PGM_2Perc_coupling_errors_on_RP/round_6/118_bessy2lo_56m_PGM_2Perc_coupling_errors_on_RP.rml
2025-02-08 01:00:06,915 - INFO - Completed: 18, remaining: 42, RAYPy_Simulation_bessy2lo_56m_PGM_2Perc_coupling_errors_on_RP/round_6/119_bessy2lo_56m_PGM_2Perc_coupling_errors_on_RP.rml
2025-02-08 01:00:07,050 - INFO - Completed: 19, remaining: 41, RAYPy_Simulation_bessy2lo_56m_PGM_2Perc_coupling_errors_on_RP/round_6/121_bessy2lo_56m_PGM_2Perc_coupling_errors_on_RP.rml
2025-02-08 01:00:08,191 - INFO - Completed: 20, remaining: 40, RAYPy_Simulation_bessy2lo_56m_PGM_2Perc_coupling_errors_on_RP/round_6/120_bessy2lo_56m_PGM_2Perc_coupling_errors_on_RP.rml
2025-02-08 01:00:09,592 - INFO - Completed: 21, remaining: 39, RAYPy_Simulation_bessy2lo_56m_PGM_2Perc_coupling_errors_on_RP/round_6/122_bessy2lo_56m_PGM_2Perc_coupling_errors_on_RP.rml
2025-02-08 01:00:09,627 - INFO - Completed: 22, remaining: 38, RAYPy_Simulation_bessy2lo_56m_PGM_2Perc_coupling_errors_on_RP/round_7/2_bessy2lo_56m_PGM_2Perc_coupling_errors_on_RP.rml
2025-02-08 01:00:09,671 - INFO - Completed: 23, remaining: 37, RAYPy_Simulation_bessy2lo_56m_PGM_2Perc_coupling_errors_on_RP/round_7/1_bessy2lo_56m_PGM_2Perc_coupling_errors_on_RP.rml
2025-02-08 01:00:09,847 - INFO - Completed: 24, remaining: 36, RAYPy_Simulation_bessy2lo_56m_PGM_2Perc_coupling_errors_on_RP/round_7/0_bessy2lo_56m_PGM_2Perc_coupling_errors_on_RP.rml
2025-02-08 01:00:10,024 - INFO - Completed: 25, remaining: 35, RAYPy_Simulation_bessy2lo_56m_PGM_2Perc_coupling_errors_on_RP/round_7/3_bessy2lo_56m_PGM_2Perc_coupling_errors_on_RP.rml
2025-02-08 01:00:10,158 - INFO - Completed: 26, remaining: 34, RAYPy_Simulation_bessy2lo_56m_PGM_2Perc_coupling_errors_on_RP/round_7/4_bessy2lo_56m_PGM_2Perc_coupling_errors_on_RP.rml
2025-02-08 01:00:10,322 - INFO - Completed: 27, remaining: 33, RAYPy_Simulation_bessy2lo_56m_PGM_2Perc_coupling_errors_on_RP/round_7/7_bessy2lo_56m_PGM_2Perc_coupling_errors_on_RP.rml
2025-02-08 01:00:10,459 - INFO - Completed: 28, remaining: 32, RAYPy_Simulation_bessy2lo_56m_PGM_2Perc_coupling_errors_on_RP/round_7/6_bessy2lo_56m_PGM_2Perc_coupling_errors_on_RP.rml
2025-02-08 01:00:10,566 - INFO - Completed: 29, remaining: 31, RAYPy_Simulation_bessy2lo_56m_PGM_2Perc_coupling_errors_on_RP/round_7/8_bessy2lo_56m_PGM_2Perc_coupling_errors_on_RP.rml
2025-02-08 01:00:10,662 - INFO - Completed: 30, remaining: 30, RAYPy_Simulation_bessy2lo_56m_PGM_2Perc_coupling_errors_on_RP/round_7/9_bessy2lo_56m_PGM_2Perc_coupling_errors_on_RP.rml
2025-02-08 01:00:10,670 - INFO - Completed: 31, remaining: 29, RAYPy_Simulation_bessy2lo_56m_PGM_2Perc_coupling_errors_on_RP/round_7/5_bessy2lo_56m_PGM_2Perc_coupling_errors_on_RP.rml
2025-02-08 01:00:11,799 - INFO - Completed: 32, remaining: 28, RAYPy_Simulation_bessy2lo_56m_PGM_2Perc_coupling_errors_on_RP/round_7/10_bessy2lo_56m_PGM_2Perc_coupling_errors_on_RP.rml
2025-02-08 01:00:13,155 - INFO - Completed: 33, remaining: 27, RAYPy_Simulation_bessy2lo_56m_PGM_2Perc_coupling_errors_on_RP/round_7/11_bessy2lo_56m_PGM_2Perc_coupling_errors_on_RP.rml
2025-02-08 01:00:13,207 - INFO - Completed: 34, remaining: 26, RAYPy_Simulation_bessy2lo_56m_PGM_2Perc_coupling_errors_on_RP/round_7/12_bessy2lo_56m_PGM_2Perc_coupling_errors_on_RP.rml
2025-02-08 01:00:13,273 - INFO - Completed: 35, remaining: 25, RAYPy_Simulation_bessy2lo_56m_PGM_2Perc_coupling_errors_on_RP/round_7/14_bessy2lo_56m_PGM_2Perc_coupling_errors_on_RP.rml
2025-02-08 01:00:13,759 - INFO - Completed: 36, remaining: 24, RAYPy_Simulation_bessy2lo_56m_PGM_2Perc_coupling_errors_on_RP/round_7/15_bessy2lo_56m_PGM_2Perc_coupling_errors_on_RP.rml
2025-02-08 01:00:13,834 - INFO - Completed: 37, remaining: 23, RAYPy_Simulation_bessy2lo_56m_PGM_2Perc_coupling_errors_on_RP/round_7/16_bessy2lo_56m_PGM_2Perc_coupling_errors_on_RP.rml
2025-02-08 01:00:14,202 - INFO - Completed: 38, remaining: 22, RAYPy_Simulation_bessy2lo_56m_PGM_2Perc_coupling_errors_on_RP/round_7/18_bessy2lo_56m_PGM_2Perc_coupling_errors_on_RP.rml
2025-02-08 01:00:14,253 - INFO - Completed: 39, remaining: 21, RAYPy_Simulation_bessy2lo_56m_PGM_2Perc_coupling_errors_on_RP/round_7/17_bessy2lo_56m_PGM_2Perc_coupling_errors_on_RP.rml
2025-02-08 01:00:14,338 - INFO - Completed: 40, remaining: 20, RAYPy_Simulation_bessy2lo_56m_PGM_2Perc_coupling_errors_on_RP/round_7/19_bessy2lo_56m_PGM_2Perc_coupling_errors_on_RP.rml
2025-02-08 01:00:14,340 - INFO - Completed: 41, remaining: 19, RAYPy_Simulation_bessy2lo_56m_PGM_2Perc_coupling_errors_on_RP/round_7/21_bessy2lo_56m_PGM_2Perc_coupling_errors_on_RP.rml
2025-02-08 01:00:14,357 - INFO - Completed: 42, remaining: 18, RAYPy_Simulation_bessy2lo_56m_PGM_2Perc_coupling_errors_on_RP/round_7/13_bessy2lo_56m_PGM_2Perc_coupling_errors_on_RP.rml
2025-02-08 01:00:14,462 - INFO - Completed: 43, remaining: 17, RAYPy_Simulation_bessy2lo_56m_PGM_2Perc_coupling_errors_on_RP/round_7/20_bessy2lo_56m_PGM_2Perc_coupling_errors_on_RP.rml
2025-02-08 01:00:15,515 - INFO - Completed: 44, remaining: 16, RAYPy_Simulation_bessy2lo_56m_PGM_2Perc_coupling_errors_on_RP/round_7/22_bessy2lo_56m_PGM_2Perc_coupling_errors_on_RP.rml
2025-02-08 01:00:16,601 - INFO - Completed: 45, remaining: 15, RAYPy_Simulation_bessy2lo_56m_PGM_2Perc_coupling_errors_on_RP/round_7/23_bessy2lo_56m_PGM_2Perc_coupling_errors_on_RP.rml
2025-02-08 01:00:16,659 - INFO - Completed: 46, remaining: 14, RAYPy_Simulation_bessy2lo_56m_PGM_2Perc_coupling_errors_on_RP/round_7/24_bessy2lo_56m_PGM_2Perc_coupling_errors_on_RP.rml
2025-02-08 01:00:17,199 - INFO - Completed: 47, remaining: 13, RAYPy_Simulation_bessy2lo_56m_PGM_2Perc_coupling_errors_on_RP/round_7/27_bessy2lo_56m_PGM_2Perc_coupling_errors_on_RP.rml
2025-02-08 01:00:17,254 - INFO - Completed: 48, remaining: 12, RAYPy_Simulation_bessy2lo_56m_PGM_2Perc_coupling_errors_on_RP/round_7/26_bessy2lo_56m_PGM_2Perc_coupling_errors_on_RP.rml
2025-02-08 01:00:17,545 - INFO - Completed: 49, remaining: 11, RAYPy_Simulation_bessy2lo_56m_PGM_2Perc_coupling_errors_on_RP/round_7/25_bessy2lo_56m_PGM_2Perc_coupling_errors_on_RP.rml
2025-02-08 01:00:18,027 - INFO - Completed: 50, remaining: 10, RAYPy_Simulation_bessy2lo_56m_PGM_2Perc_coupling_errors_on_RP/round_7/30_bessy2lo_56m_PGM_2Perc_coupling_errors_on_RP.rml
2025-02-08 01:00:18,121 - INFO - Completed: 51, remaining: 9, RAYPy_Simulation_bessy2lo_56m_PGM_2Perc_coupling_errors_on_RP/round_7/28_bessy2lo_56m_PGM_2Perc_coupling_errors_on_RP.rml
2025-02-08 01:00:18,174 - INFO - Completed: 52, remaining: 8, RAYPy_Simulation_bessy2lo_56m_PGM_2Perc_coupling_errors_on_RP/round_7/32_bessy2lo_56m_PGM_2Perc_coupling_errors_on_RP.rml
2025-02-08 01:00:18,192 - INFO - Completed: 53, remaining: 7, RAYPy_Simulation_bessy2lo_56m_PGM_2Perc_coupling_errors_on_RP/round_7/29_bessy2lo_56m_PGM_2Perc_coupling_errors_on_RP.rml
2025-02-08 01:00:18,247 - INFO - Completed: 54, remaining: 6, RAYPy_Simulation_bessy2lo_56m_PGM_2Perc_coupling_errors_on_RP/round_7/33_bessy2lo_56m_PGM_2Perc_coupling_errors_on_RP.rml
2025-02-08 01:00:18,383 - INFO - Completed: 55, remaining: 5, RAYPy_Simulation_bessy2lo_56m_PGM_2Perc_coupling_errors_on_RP/round_7/31_bessy2lo_56m_PGM_2Perc_coupling_errors_on_RP.rml
2025-02-08 01:00:18,694 - INFO - Completed: 56, remaining: 4, RAYPy_Simulation_bessy2lo_56m_PGM_2Perc_coupling_errors_on_RP/round_7/34_bessy2lo_56m_PGM_2Perc_coupling_errors_on_RP.rml
2025-02-08 01:00:19,472 - INFO - Completed: 57, remaining: 3, RAYPy_Simulation_bessy2lo_56m_PGM_2Perc_coupling_errors_on_RP/round_7/36_bessy2lo_56m_PGM_2Perc_coupling_errors_on_RP.rml
2025-02-08 01:00:19,606 - INFO - Completed: 58, remaining: 2, RAYPy_Simulation_bessy2lo_56m_PGM_2Perc_coupling_errors_on_RP/round_7/35_bessy2lo_56m_PGM_2Perc_coupling_errors_on_RP.rml
2025-02-08 01:00:19,755 - INFO - Completed: 59, remaining: 1, RAYPy_Simulation_bessy2lo_56m_PGM_2Perc_coupling_errors_on_RP/round_7/38_bessy2lo_56m_PGM_2Perc_coupling_errors_on_RP.rml
2025-02-08 01:00:19,895 - INFO - Completed: 60, remaining: 0, RAYPy_Simulation_bessy2lo_56m_PGM_2Perc_coupling_errors_on_RP/round_7/37_bessy2lo_56m_PGM_2Perc_coupling_errors_on_RP.rml
2025-02-08 01:00:19,895 - INFO - Batch Completed
2025-02-08 01:00:19,896 - INFO - Waiting For batch, 60 simulations to go
2025-02-08 01:00:19,901 - INFO - Prepared sim number: 39: RAYPy_Simulation_bessy2lo_56m_PGM_2Perc_coupling_errors_on_RP/round_7/39_bessy2lo_56m_PGM_2Perc_coupling_errors_on_RP.rml
2025-02-08 01:00:19,913 - INFO - Prepared sim number: 40: RAYPy_Simulation_bessy2lo_56m_PGM_2Perc_coupling_errors_on_RP/round_7/40_bessy2lo_56m_PGM_2Perc_coupling_errors_on_RP.rml
2025-02-08 01:00:19,919 - INFO - Prepared sim number: 41: RAYPy_Simulation_bessy2lo_56m_PGM_2Perc_coupling_errors_on_RP/round_7/41_bessy2lo_56m_PGM_2Perc_coupling_errors_on_RP.rml
2025-02-08 01:00:19,924 - INFO - Prepared sim number: 42: RAYPy_Simulation_bessy2lo_56m_PGM_2Perc_coupling_errors_on_RP/round_7/42_bessy2lo_56m_PGM_2Perc_coupling_errors_on_RP.rml
2025-02-08 01:00:19,930 - INFO - Prepared sim number: 43: RAYPy_Simulation_bessy2lo_56m_PGM_2Perc_coupling_errors_on_RP/round_7/43_bessy2lo_56m_PGM_2Perc_coupling_errors_on_RP.rml
2025-02-08 01:00:19,935 - INFO - Prepared sim number: 44: RAYPy_Simulation_bessy2lo_56m_PGM_2Perc_coupling_errors_on_RP/round_7/44_bessy2lo_56m_PGM_2Perc_coupling_errors_on_RP.rml
2025-02-08 01:00:19,945 - INFO - Prepared sim number: 45: RAYPy_Simulation_bessy2lo_56m_PGM_2Perc_coupling_errors_on_RP/round_7/45_bessy2lo_56m_PGM_2Perc_coupling_errors_on_RP.rml
2025-02-08 01:00:19,950 - INFO - Prepared sim number: 46: RAYPy_Simulation_bessy2lo_56m_PGM_2Perc_coupling_errors_on_RP/round_7/46_bessy2lo_56m_PGM_2Perc_coupling_errors_on_RP.rml
2025-02-08 01:00:19,955 - INFO - Prepared sim number: 47: RAYPy_Simulation_bessy2lo_56m_PGM_2Perc_coupling_errors_on_RP/round_7/47_bessy2lo_56m_PGM_2Perc_coupling_errors_on_RP.rml
2025-02-08 01:00:19,961 - INFO - Prepared sim number: 48: RAYPy_Simulation_bessy2lo_56m_PGM_2Perc_coupling_errors_on_RP/round_7/48_bessy2lo_56m_PGM_2Perc_coupling_errors_on_RP.rml
2025-02-08 01:00:19,966 - INFO - Prepared sim number: 49: RAYPy_Simulation_bessy2lo_56m_PGM_2Perc_coupling_errors_on_RP/round_7/49_bessy2lo_56m_PGM_2Perc_coupling_errors_on_RP.rml
2025-02-08 01:00:19,972 - INFO - Prepared sim number: 50: RAYPy_Simulation_bessy2lo_56m_PGM_2Perc_coupling_errors_on_RP/round_7/50_bessy2lo_56m_PGM_2Perc_coupling_errors_on_RP.rml
2025-02-08 01:00:19,977 - INFO - Prepared sim number: 51: RAYPy_Simulation_bessy2lo_56m_PGM_2Perc_coupling_errors_on_RP/round_7/51_bessy2lo_56m_PGM_2Perc_coupling_errors_on_RP.rml
2025-02-08 01:00:19,982 - INFO - Prepared sim number: 52: RAYPy_Simulation_bessy2lo_56m_PGM_2Perc_coupling_errors_on_RP/round_7/52_bessy2lo_56m_PGM_2Perc_coupling_errors_on_RP.rml
2025-02-08 01:00:19,987 - INFO - Prepared sim number: 53: RAYPy_Simulation_bessy2lo_56m_PGM_2Perc_coupling_errors_on_RP/round_7/53_bessy2lo_56m_PGM_2Perc_coupling_errors_on_RP.rml
2025-02-08 01:00:19,992 - INFO - Prepared sim number: 54: RAYPy_Simulation_bessy2lo_56m_PGM_2Perc_coupling_errors_on_RP/round_7/54_bessy2lo_56m_PGM_2Perc_coupling_errors_on_RP.rml
2025-02-08 01:00:19,997 - INFO - Prepared sim number: 55: RAYPy_Simulation_bessy2lo_56m_PGM_2Perc_coupling_errors_on_RP/round_7/55_bessy2lo_56m_PGM_2Perc_coupling_errors_on_RP.rml
2025-02-08 01:00:20,002 - INFO - Prepared sim number: 56: RAYPy_Simulation_bessy2lo_56m_PGM_2Perc_coupling_errors_on_RP/round_7/56_bessy2lo_56m_PGM_2Perc_coupling_errors_on_RP.rml
2025-02-08 01:00:20,005 - INFO - Prepared sim number: 57: RAYPy_Simulation_bessy2lo_56m_PGM_2Perc_coupling_errors_on_RP/round_7/57_bessy2lo_56m_PGM_2Perc_coupling_errors_on_RP.rml
2025-02-08 01:00:20,009 - INFO - Prepared sim number: 58: RAYPy_Simulation_bessy2lo_56m_PGM_2Perc_coupling_errors_on_RP/round_7/58_bessy2lo_56m_PGM_2Perc_coupling_errors_on_RP.rml
2025-02-08 01:00:20,013 - INFO - Prepared sim number: 59: RAYPy_Simulation_bessy2lo_56m_PGM_2Perc_coupling_errors_on_RP/round_7/59_bessy2lo_56m_PGM_2Perc_coupling_errors_on_RP.rml
2025-02-08 01:00:20,016 - INFO - Prepared sim number: 60: RAYPy_Simulation_bessy2lo_56m_PGM_2Perc_coupling_errors_on_RP/round_7/60_bessy2lo_56m_PGM_2Perc_coupling_errors_on_RP.rml
2025-02-08 01:00:20,020 - INFO - Prepared sim number: 61: RAYPy_Simulation_bessy2lo_56m_PGM_2Perc_coupling_errors_on_RP/round_7/61_bessy2lo_56m_PGM_2Perc_coupling_errors_on_RP.rml
2025-02-08 01:00:20,023 - INFO - Prepared sim number: 62: RAYPy_Simulation_bessy2lo_56m_PGM_2Perc_coupling_errors_on_RP/round_7/62_bessy2lo_56m_PGM_2Perc_coupling_errors_on_RP.rml
2025-02-08 01:00:20,026 - INFO - Prepared sim number: 63: RAYPy_Simulation_bessy2lo_56m_PGM_2Perc_coupling_errors_on_RP/round_7/63_bessy2lo_56m_PGM_2Perc_coupling_errors_on_RP.rml
2025-02-08 01:00:20,030 - INFO - Prepared sim number: 64: RAYPy_Simulation_bessy2lo_56m_PGM_2Perc_coupling_errors_on_RP/round_7/64_bessy2lo_56m_PGM_2Perc_coupling_errors_on_RP.rml
2025-02-08 01:00:20,034 - INFO - Prepared sim number: 65: RAYPy_Simulation_bessy2lo_56m_PGM_2Perc_coupling_errors_on_RP/round_7/65_bessy2lo_56m_PGM_2Perc_coupling_errors_on_RP.rml
2025-02-08 01:00:20,039 - INFO - Prepared sim number: 66: RAYPy_Simulation_bessy2lo_56m_PGM_2Perc_coupling_errors_on_RP/round_7/66_bessy2lo_56m_PGM_2Perc_coupling_errors_on_RP.rml
2025-02-08 01:00:20,042 - INFO - Prepared sim number: 67: RAYPy_Simulation_bessy2lo_56m_PGM_2Perc_coupling_errors_on_RP/round_7/67_bessy2lo_56m_PGM_2Perc_coupling_errors_on_RP.rml
2025-02-08 01:00:20,046 - INFO - Prepared sim number: 68: RAYPy_Simulation_bessy2lo_56m_PGM_2Perc_coupling_errors_on_RP/round_7/68_bessy2lo_56m_PGM_2Perc_coupling_errors_on_RP.rml
2025-02-08 01:00:20,050 - INFO - Prepared sim number: 69: RAYPy_Simulation_bessy2lo_56m_PGM_2Perc_coupling_errors_on_RP/round_7/69_bessy2lo_56m_PGM_2Perc_coupling_errors_on_RP.rml
2025-02-08 01:00:20,053 - INFO - Prepared sim number: 70: RAYPy_Simulation_bessy2lo_56m_PGM_2Perc_coupling_errors_on_RP/round_7/70_bessy2lo_56m_PGM_2Perc_coupling_errors_on_RP.rml
2025-02-08 01:00:20,057 - INFO - Prepared sim number: 71: RAYPy_Simulation_bessy2lo_56m_PGM_2Perc_coupling_errors_on_RP/round_7/71_bessy2lo_56m_PGM_2Perc_coupling_errors_on_RP.rml
2025-02-08 01:00:20,060 - INFO - Prepared sim number: 72: RAYPy_Simulation_bessy2lo_56m_PGM_2Perc_coupling_errors_on_RP/round_7/72_bessy2lo_56m_PGM_2Perc_coupling_errors_on_RP.rml
2025-02-08 01:00:20,064 - INFO - Prepared sim number: 73: RAYPy_Simulation_bessy2lo_56m_PGM_2Perc_coupling_errors_on_RP/round_7/73_bessy2lo_56m_PGM_2Perc_coupling_errors_on_RP.rml
2025-02-08 01:00:20,067 - INFO - Prepared sim number: 74: RAYPy_Simulation_bessy2lo_56m_PGM_2Perc_coupling_errors_on_RP/round_7/74_bessy2lo_56m_PGM_2Perc_coupling_errors_on_RP.rml
2025-02-08 01:00:20,070 - INFO - Prepared sim number: 75: RAYPy_Simulation_bessy2lo_56m_PGM_2Perc_coupling_errors_on_RP/round_7/75_bessy2lo_56m_PGM_2Perc_coupling_errors_on_RP.rml
2025-02-08 01:00:20,074 - INFO - Prepared sim number: 76: RAYPy_Simulation_bessy2lo_56m_PGM_2Perc_coupling_errors_on_RP/round_7/76_bessy2lo_56m_PGM_2Perc_coupling_errors_on_RP.rml
2025-02-08 01:00:20,077 - INFO - Prepared sim number: 77: RAYPy_Simulation_bessy2lo_56m_PGM_2Perc_coupling_errors_on_RP/round_7/77_bessy2lo_56m_PGM_2Perc_coupling_errors_on_RP.rml
2025-02-08 01:00:20,080 - INFO - Prepared sim number: 78: RAYPy_Simulation_bessy2lo_56m_PGM_2Perc_coupling_errors_on_RP/round_7/78_bessy2lo_56m_PGM_2Perc_coupling_errors_on_RP.rml
2025-02-08 01:00:20,083 - INFO - Prepared sim number: 79: RAYPy_Simulation_bessy2lo_56m_PGM_2Perc_coupling_errors_on_RP/round_7/79_bessy2lo_56m_PGM_2Perc_coupling_errors_on_RP.rml
2025-02-08 01:00:20,086 - INFO - Prepared sim number: 80: RAYPy_Simulation_bessy2lo_56m_PGM_2Perc_coupling_errors_on_RP/round_7/80_bessy2lo_56m_PGM_2Perc_coupling_errors_on_RP.rml
2025-02-08 01:00:20,089 - INFO - Prepared sim number: 81: RAYPy_Simulation_bessy2lo_56m_PGM_2Perc_coupling_errors_on_RP/round_7/81_bessy2lo_56m_PGM_2Perc_coupling_errors_on_RP.rml
2025-02-08 01:00:20,092 - INFO - Prepared sim number: 82: RAYPy_Simulation_bessy2lo_56m_PGM_2Perc_coupling_errors_on_RP/round_7/82_bessy2lo_56m_PGM_2Perc_coupling_errors_on_RP.rml
2025-02-08 01:00:20,098 - INFO - Prepared sim number: 83: RAYPy_Simulation_bessy2lo_56m_PGM_2Perc_coupling_errors_on_RP/round_7/83_bessy2lo_56m_PGM_2Perc_coupling_errors_on_RP.rml
2025-02-08 01:00:20,103 - INFO - Prepared sim number: 84: RAYPy_Simulation_bessy2lo_56m_PGM_2Perc_coupling_errors_on_RP/round_7/84_bessy2lo_56m_PGM_2Perc_coupling_errors_on_RP.rml
2025-02-08 01:00:20,110 - INFO - Prepared sim number: 85: RAYPy_Simulation_bessy2lo_56m_PGM_2Perc_coupling_errors_on_RP/round_7/85_bessy2lo_56m_PGM_2Perc_coupling_errors_on_RP.rml
2025-02-08 01:00:20,116 - INFO - Prepared sim number: 86: RAYPy_Simulation_bessy2lo_56m_PGM_2Perc_coupling_errors_on_RP/round_7/86_bessy2lo_56m_PGM_2Perc_coupling_errors_on_RP.rml
2025-02-08 01:00:20,122 - INFO - Prepared sim number: 87: RAYPy_Simulation_bessy2lo_56m_PGM_2Perc_coupling_errors_on_RP/round_7/87_bessy2lo_56m_PGM_2Perc_coupling_errors_on_RP.rml
2025-02-08 01:00:20,127 - INFO - Prepared sim number: 88: RAYPy_Simulation_bessy2lo_56m_PGM_2Perc_coupling_errors_on_RP/round_7/88_bessy2lo_56m_PGM_2Perc_coupling_errors_on_RP.rml
2025-02-08 01:00:20,133 - INFO - Prepared sim number: 89: RAYPy_Simulation_bessy2lo_56m_PGM_2Perc_coupling_errors_on_RP/round_7/89_bessy2lo_56m_PGM_2Perc_coupling_errors_on_RP.rml
2025-02-08 01:00:20,138 - INFO - Prepared sim number: 90: RAYPy_Simulation_bessy2lo_56m_PGM_2Perc_coupling_errors_on_RP/round_7/90_bessy2lo_56m_PGM_2Perc_coupling_errors_on_RP.rml
2025-02-08 01:00:20,144 - INFO - Prepared sim number: 91: RAYPy_Simulation_bessy2lo_56m_PGM_2Perc_coupling_errors_on_RP/round_7/91_bessy2lo_56m_PGM_2Perc_coupling_errors_on_RP.rml
2025-02-08 01:00:20,151 - INFO - Prepared sim number: 92: RAYPy_Simulation_bessy2lo_56m_PGM_2Perc_coupling_errors_on_RP/round_7/92_bessy2lo_56m_PGM_2Perc_coupling_errors_on_RP.rml
2025-02-08 01:00:20,158 - INFO - Prepared sim number: 93: RAYPy_Simulation_bessy2lo_56m_PGM_2Perc_coupling_errors_on_RP/round_7/93_bessy2lo_56m_PGM_2Perc_coupling_errors_on_RP.rml
2025-02-08 01:00:20,164 - INFO - Prepared sim number: 94: RAYPy_Simulation_bessy2lo_56m_PGM_2Perc_coupling_errors_on_RP/round_7/94_bessy2lo_56m_PGM_2Perc_coupling_errors_on_RP.rml
2025-02-08 01:00:20,171 - INFO - Prepared sim number: 95: RAYPy_Simulation_bessy2lo_56m_PGM_2Perc_coupling_errors_on_RP/round_7/95_bessy2lo_56m_PGM_2Perc_coupling_errors_on_RP.rml
2025-02-08 01:00:20,177 - INFO - Prepared sim number: 96: RAYPy_Simulation_bessy2lo_56m_PGM_2Perc_coupling_errors_on_RP/round_7/96_bessy2lo_56m_PGM_2Perc_coupling_errors_on_RP.rml
2025-02-08 01:00:20,182 - INFO - Prepared sim number: 97: RAYPy_Simulation_bessy2lo_56m_PGM_2Perc_coupling_errors_on_RP/round_7/97_bessy2lo_56m_PGM_2Perc_coupling_errors_on_RP.rml
2025-02-08 01:00:20,189 - INFO - Prepared sim number: 98: RAYPy_Simulation_bessy2lo_56m_PGM_2Perc_coupling_errors_on_RP/round_7/98_bessy2lo_56m_PGM_2Perc_coupling_errors_on_RP.rml
2025-02-08 01:00:20,190 - INFO - Waiting for batch number: 15, timeout: 21.810204876263935s
2025-02-08 01:00:23,041 - INFO - Completed: 1, remaining: 59, RAYPy_Simulation_bessy2lo_56m_PGM_2Perc_coupling_errors_on_RP/round_7/41_bessy2lo_56m_PGM_2Perc_coupling_errors_on_RP.rml
2025-02-08 01:00:23,051 - INFO - Completed: 2, remaining: 58, RAYPy_Simulation_bessy2lo_56m_PGM_2Perc_coupling_errors_on_RP/round_7/43_bessy2lo_56m_PGM_2Perc_coupling_errors_on_RP.rml
2025-02-08 01:00:23,111 - INFO - Completed: 3, remaining: 57, RAYPy_Simulation_bessy2lo_56m_PGM_2Perc_coupling_errors_on_RP/round_7/44_bessy2lo_56m_PGM_2Perc_coupling_errors_on_RP.rml
2025-02-08 01:00:23,281 - INFO - Completed: 4, remaining: 56, RAYPy_Simulation_bessy2lo_56m_PGM_2Perc_coupling_errors_on_RP/round_7/45_bessy2lo_56m_PGM_2Perc_coupling_errors_on_RP.rml
2025-02-08 01:00:23,374 - INFO - Completed: 5, remaining: 55, RAYPy_Simulation_bessy2lo_56m_PGM_2Perc_coupling_errors_on_RP/round_7/48_bessy2lo_56m_PGM_2Perc_coupling_errors_on_RP.rml
2025-02-08 01:00:23,734 - INFO - Completed: 6, remaining: 54, RAYPy_Simulation_bessy2lo_56m_PGM_2Perc_coupling_errors_on_RP/round_7/49_bessy2lo_56m_PGM_2Perc_coupling_errors_on_RP.rml
2025-02-08 01:00:23,788 - INFO - Completed: 7, remaining: 53, RAYPy_Simulation_bessy2lo_56m_PGM_2Perc_coupling_errors_on_RP/round_7/40_bessy2lo_56m_PGM_2Perc_coupling_errors_on_RP.rml
2025-02-08 01:00:23,868 - INFO - Completed: 8, remaining: 52, RAYPy_Simulation_bessy2lo_56m_PGM_2Perc_coupling_errors_on_RP/round_7/39_bessy2lo_56m_PGM_2Perc_coupling_errors_on_RP.rml
2025-02-08 01:00:24,299 - INFO - Completed: 9, remaining: 51, RAYPy_Simulation_bessy2lo_56m_PGM_2Perc_coupling_errors_on_RP/round_7/50_bessy2lo_56m_PGM_2Perc_coupling_errors_on_RP.rml
2025-02-08 01:00:25,510 - INFO - Completed: 10, remaining: 50, RAYPy_Simulation_bessy2lo_56m_PGM_2Perc_coupling_errors_on_RP/round_7/46_bessy2lo_56m_PGM_2Perc_coupling_errors_on_RP.rml
2025-02-08 01:00:25,755 - INFO - Completed: 11, remaining: 49, RAYPy_Simulation_bessy2lo_56m_PGM_2Perc_coupling_errors_on_RP/round_7/42_bessy2lo_56m_PGM_2Perc_coupling_errors_on_RP.rml
2025-02-08 01:00:25,768 - INFO - Completed: 12, remaining: 48, RAYPy_Simulation_bessy2lo_56m_PGM_2Perc_coupling_errors_on_RP/round_7/47_bessy2lo_56m_PGM_2Perc_coupling_errors_on_RP.rml
2025-02-08 01:00:26,387 - INFO - Completed: 13, remaining: 47, RAYPy_Simulation_bessy2lo_56m_PGM_2Perc_coupling_errors_on_RP/round_7/51_bessy2lo_56m_PGM_2Perc_coupling_errors_on_RP.rml
2025-02-08 01:00:26,693 - INFO - Completed: 14, remaining: 46, RAYPy_Simulation_bessy2lo_56m_PGM_2Perc_coupling_errors_on_RP/round_7/52_bessy2lo_56m_PGM_2Perc_coupling_errors_on_RP.rml
2025-02-08 01:00:26,716 - INFO - Completed: 15, remaining: 45, RAYPy_Simulation_bessy2lo_56m_PGM_2Perc_coupling_errors_on_RP/round_7/53_bessy2lo_56m_PGM_2Perc_coupling_errors_on_RP.rml
2025-02-08 01:00:26,843 - INFO - Completed: 16, remaining: 44, RAYPy_Simulation_bessy2lo_56m_PGM_2Perc_coupling_errors_on_RP/round_7/54_bessy2lo_56m_PGM_2Perc_coupling_errors_on_RP.rml
2025-02-08 01:00:27,245 - INFO - Completed: 17, remaining: 43, RAYPy_Simulation_bessy2lo_56m_PGM_2Perc_coupling_errors_on_RP/round_7/55_bessy2lo_56m_PGM_2Perc_coupling_errors_on_RP.rml
2025-02-08 01:00:27,328 - INFO - Completed: 18, remaining: 42, RAYPy_Simulation_bessy2lo_56m_PGM_2Perc_coupling_errors_on_RP/round_7/56_bessy2lo_56m_PGM_2Perc_coupling_errors_on_RP.rml
2025-02-08 01:00:27,401 - INFO - Completed: 19, remaining: 41, RAYPy_Simulation_bessy2lo_56m_PGM_2Perc_coupling_errors_on_RP/round_7/58_bessy2lo_56m_PGM_2Perc_coupling_errors_on_RP.rml
2025-02-08 01:00:27,558 - INFO - Completed: 20, remaining: 40, RAYPy_Simulation_bessy2lo_56m_PGM_2Perc_coupling_errors_on_RP/round_7/57_bessy2lo_56m_PGM_2Perc_coupling_errors_on_RP.rml
2025-02-08 01:00:28,090 - INFO - Completed: 21, remaining: 39, RAYPy_Simulation_bessy2lo_56m_PGM_2Perc_coupling_errors_on_RP/round_7/59_bessy2lo_56m_PGM_2Perc_coupling_errors_on_RP.rml
2025-02-08 01:00:29,325 - INFO - Completed: 22, remaining: 38, RAYPy_Simulation_bessy2lo_56m_PGM_2Perc_coupling_errors_on_RP/round_7/61_bessy2lo_56m_PGM_2Perc_coupling_errors_on_RP.rml
2025-02-08 01:00:29,499 - INFO - Completed: 23, remaining: 37, RAYPy_Simulation_bessy2lo_56m_PGM_2Perc_coupling_errors_on_RP/round_7/62_bessy2lo_56m_PGM_2Perc_coupling_errors_on_RP.rml
2025-02-08 01:00:29,778 - INFO - Completed: 24, remaining: 36, RAYPy_Simulation_bessy2lo_56m_PGM_2Perc_coupling_errors_on_RP/round_7/63_bessy2lo_56m_PGM_2Perc_coupling_errors_on_RP.rml
2025-02-08 01:00:30,069 - INFO - Completed: 25, remaining: 35, RAYPy_Simulation_bessy2lo_56m_PGM_2Perc_coupling_errors_on_RP/round_7/64_bessy2lo_56m_PGM_2Perc_coupling_errors_on_RP.rml
2025-02-08 01:00:30,253 - INFO - Completed: 26, remaining: 34, RAYPy_Simulation_bessy2lo_56m_PGM_2Perc_coupling_errors_on_RP/round_7/66_bessy2lo_56m_PGM_2Perc_coupling_errors_on_RP.rml
2025-02-08 01:00:30,300 - INFO - Completed: 27, remaining: 33, RAYPy_Simulation_bessy2lo_56m_PGM_2Perc_coupling_errors_on_RP/round_7/60_bessy2lo_56m_PGM_2Perc_coupling_errors_on_RP.rml
2025-02-08 01:00:30,325 - INFO - Completed: 28, remaining: 32, RAYPy_Simulation_bessy2lo_56m_PGM_2Perc_coupling_errors_on_RP/round_7/65_bessy2lo_56m_PGM_2Perc_coupling_errors_on_RP.rml
2025-02-08 01:00:30,811 - INFO - Completed: 29, remaining: 31, RAYPy_Simulation_bessy2lo_56m_PGM_2Perc_coupling_errors_on_RP/round_7/67_bessy2lo_56m_PGM_2Perc_coupling_errors_on_RP.rml
2025-02-08 01:00:31,146 - INFO - Completed: 30, remaining: 30, RAYPy_Simulation_bessy2lo_56m_PGM_2Perc_coupling_errors_on_RP/round_7/69_bessy2lo_56m_PGM_2Perc_coupling_errors_on_RP.rml
2025-02-08 01:00:31,289 - INFO - Completed: 31, remaining: 29, RAYPy_Simulation_bessy2lo_56m_PGM_2Perc_coupling_errors_on_RP/round_7/70_bessy2lo_56m_PGM_2Perc_coupling_errors_on_RP.rml
2025-02-08 01:00:31,310 - INFO - Completed: 32, remaining: 28, RAYPy_Simulation_bessy2lo_56m_PGM_2Perc_coupling_errors_on_RP/round_7/68_bessy2lo_56m_PGM_2Perc_coupling_errors_on_RP.rml
2025-02-08 01:00:31,693 - INFO - Completed: 33, remaining: 27, RAYPy_Simulation_bessy2lo_56m_PGM_2Perc_coupling_errors_on_RP/round_7/71_bessy2lo_56m_PGM_2Perc_coupling_errors_on_RP.rml
2025-02-08 01:00:32,809 - INFO - Completed: 34, remaining: 26, RAYPy_Simulation_bessy2lo_56m_PGM_2Perc_coupling_errors_on_RP/round_7/72_bessy2lo_56m_PGM_2Perc_coupling_errors_on_RP.rml
2025-02-08 01:00:33,187 - INFO - Completed: 35, remaining: 25, RAYPy_Simulation_bessy2lo_56m_PGM_2Perc_coupling_errors_on_RP/round_7/74_bessy2lo_56m_PGM_2Perc_coupling_errors_on_RP.rml
2025-02-08 01:00:33,444 - INFO - Completed: 36, remaining: 24, RAYPy_Simulation_bessy2lo_56m_PGM_2Perc_coupling_errors_on_RP/round_7/75_bessy2lo_56m_PGM_2Perc_coupling_errors_on_RP.rml
2025-02-08 01:00:33,821 - INFO - Completed: 37, remaining: 23, RAYPy_Simulation_bessy2lo_56m_PGM_2Perc_coupling_errors_on_RP/round_7/77_bessy2lo_56m_PGM_2Perc_coupling_errors_on_RP.rml
2025-02-08 01:00:33,924 - INFO - Completed: 38, remaining: 22, RAYPy_Simulation_bessy2lo_56m_PGM_2Perc_coupling_errors_on_RP/round_7/78_bessy2lo_56m_PGM_2Perc_coupling_errors_on_RP.rml
2025-02-08 01:00:34,070 - INFO - Completed: 39, remaining: 21, RAYPy_Simulation_bessy2lo_56m_PGM_2Perc_coupling_errors_on_RP/round_7/76_bessy2lo_56m_PGM_2Perc_coupling_errors_on_RP.rml
2025-02-08 01:00:34,151 - INFO - Completed: 40, remaining: 20, RAYPy_Simulation_bessy2lo_56m_PGM_2Perc_coupling_errors_on_RP/round_7/73_bessy2lo_56m_PGM_2Perc_coupling_errors_on_RP.rml
2025-02-08 01:00:34,523 - INFO - Completed: 41, remaining: 19, RAYPy_Simulation_bessy2lo_56m_PGM_2Perc_coupling_errors_on_RP/round_7/82_bessy2lo_56m_PGM_2Perc_coupling_errors_on_RP.rml
2025-02-08 01:00:34,564 - INFO - Completed: 42, remaining: 18, RAYPy_Simulation_bessy2lo_56m_PGM_2Perc_coupling_errors_on_RP/round_7/80_bessy2lo_56m_PGM_2Perc_coupling_errors_on_RP.rml
2025-02-08 01:00:34,625 - INFO - Completed: 43, remaining: 17, RAYPy_Simulation_bessy2lo_56m_PGM_2Perc_coupling_errors_on_RP/round_7/81_bessy2lo_56m_PGM_2Perc_coupling_errors_on_RP.rml
2025-02-08 01:00:34,808 - INFO - Completed: 44, remaining: 16, RAYPy_Simulation_bessy2lo_56m_PGM_2Perc_coupling_errors_on_RP/round_7/79_bessy2lo_56m_PGM_2Perc_coupling_errors_on_RP.rml
2025-02-08 01:00:35,046 - INFO - Completed: 45, remaining: 15, RAYPy_Simulation_bessy2lo_56m_PGM_2Perc_coupling_errors_on_RP/round_7/83_bessy2lo_56m_PGM_2Perc_coupling_errors_on_RP.rml
2025-02-08 01:00:36,168 - INFO - Completed: 46, remaining: 14, RAYPy_Simulation_bessy2lo_56m_PGM_2Perc_coupling_errors_on_RP/round_7/84_bessy2lo_56m_PGM_2Perc_coupling_errors_on_RP.rml
2025-02-08 01:00:36,315 - INFO - Completed: 47, remaining: 13, RAYPy_Simulation_bessy2lo_56m_PGM_2Perc_coupling_errors_on_RP/round_7/85_bessy2lo_56m_PGM_2Perc_coupling_errors_on_RP.rml
2025-02-08 01:00:36,742 - INFO - Completed: 48, remaining: 12, RAYPy_Simulation_bessy2lo_56m_PGM_2Perc_coupling_errors_on_RP/round_7/86_bessy2lo_56m_PGM_2Perc_coupling_errors_on_RP.rml
2025-02-08 01:00:37,072 - INFO - Completed: 49, remaining: 11, RAYPy_Simulation_bessy2lo_56m_PGM_2Perc_coupling_errors_on_RP/round_7/87_bessy2lo_56m_PGM_2Perc_coupling_errors_on_RP.rml
2025-02-08 01:00:37,139 - INFO - Completed: 50, remaining: 10, RAYPy_Simulation_bessy2lo_56m_PGM_2Perc_coupling_errors_on_RP/round_7/90_bessy2lo_56m_PGM_2Perc_coupling_errors_on_RP.rml
2025-02-08 01:00:37,238 - INFO - Completed: 51, remaining: 9, RAYPy_Simulation_bessy2lo_56m_PGM_2Perc_coupling_errors_on_RP/round_7/88_bessy2lo_56m_PGM_2Perc_coupling_errors_on_RP.rml
2025-02-08 01:00:37,688 - INFO - Completed: 52, remaining: 8, RAYPy_Simulation_bessy2lo_56m_PGM_2Perc_coupling_errors_on_RP/round_7/91_bessy2lo_56m_PGM_2Perc_coupling_errors_on_RP.rml
2025-02-08 01:00:37,863 - INFO - Completed: 53, remaining: 7, RAYPy_Simulation_bessy2lo_56m_PGM_2Perc_coupling_errors_on_RP/round_7/93_bessy2lo_56m_PGM_2Perc_coupling_errors_on_RP.rml
2025-02-08 01:00:37,920 - INFO - Completed: 54, remaining: 6, RAYPy_Simulation_bessy2lo_56m_PGM_2Perc_coupling_errors_on_RP/round_7/89_bessy2lo_56m_PGM_2Perc_coupling_errors_on_RP.rml
2025-02-08 01:00:38,004 - INFO - Completed: 55, remaining: 5, RAYPy_Simulation_bessy2lo_56m_PGM_2Perc_coupling_errors_on_RP/round_7/94_bessy2lo_56m_PGM_2Perc_coupling_errors_on_RP.rml
2025-02-08 01:00:38,171 - INFO - Completed: 56, remaining: 4, RAYPy_Simulation_bessy2lo_56m_PGM_2Perc_coupling_errors_on_RP/round_7/92_bessy2lo_56m_PGM_2Perc_coupling_errors_on_RP.rml
2025-02-08 01:00:38,187 - INFO - Completed: 57, remaining: 3, RAYPy_Simulation_bessy2lo_56m_PGM_2Perc_coupling_errors_on_RP/round_7/95_bessy2lo_56m_PGM_2Perc_coupling_errors_on_RP.rml
2025-02-08 01:00:38,995 - INFO - Completed: 58, remaining: 2, RAYPy_Simulation_bessy2lo_56m_PGM_2Perc_coupling_errors_on_RP/round_7/96_bessy2lo_56m_PGM_2Perc_coupling_errors_on_RP.rml
2025-02-08 01:00:39,085 - INFO - Completed: 59, remaining: 1, RAYPy_Simulation_bessy2lo_56m_PGM_2Perc_coupling_errors_on_RP/round_7/97_bessy2lo_56m_PGM_2Perc_coupling_errors_on_RP.rml
2025-02-08 01:00:39,262 - INFO - Completed: 60, remaining: 0, RAYPy_Simulation_bessy2lo_56m_PGM_2Perc_coupling_errors_on_RP/round_7/98_bessy2lo_56m_PGM_2Perc_coupling_errors_on_RP.rml
2025-02-08 01:00:39,262 - INFO - Batch Completed
2025-02-08 01:00:39,263 - INFO - Waiting For batch, 60 simulations to go
2025-02-08 01:00:39,271 - INFO - Prepared sim number: 99: RAYPy_Simulation_bessy2lo_56m_PGM_2Perc_coupling_errors_on_RP/round_7/99_bessy2lo_56m_PGM_2Perc_coupling_errors_on_RP.rml
2025-02-08 01:00:39,282 - INFO - Prepared sim number: 100: RAYPy_Simulation_bessy2lo_56m_PGM_2Perc_coupling_errors_on_RP/round_7/100_bessy2lo_56m_PGM_2Perc_coupling_errors_on_RP.rml
2025-02-08 01:00:39,288 - INFO - Prepared sim number: 101: RAYPy_Simulation_bessy2lo_56m_PGM_2Perc_coupling_errors_on_RP/round_7/101_bessy2lo_56m_PGM_2Perc_coupling_errors_on_RP.rml
2025-02-08 01:00:39,295 - INFO - Prepared sim number: 102: RAYPy_Simulation_bessy2lo_56m_PGM_2Perc_coupling_errors_on_RP/round_7/102_bessy2lo_56m_PGM_2Perc_coupling_errors_on_RP.rml
2025-02-08 01:00:39,301 - INFO - Prepared sim number: 103: RAYPy_Simulation_bessy2lo_56m_PGM_2Perc_coupling_errors_on_RP/round_7/103_bessy2lo_56m_PGM_2Perc_coupling_errors_on_RP.rml
2025-02-08 01:00:39,310 - INFO - Prepared sim number: 104: RAYPy_Simulation_bessy2lo_56m_PGM_2Perc_coupling_errors_on_RP/round_7/104_bessy2lo_56m_PGM_2Perc_coupling_errors_on_RP.rml
2025-02-08 01:00:39,317 - INFO - Prepared sim number: 105: RAYPy_Simulation_bessy2lo_56m_PGM_2Perc_coupling_errors_on_RP/round_7/105_bessy2lo_56m_PGM_2Perc_coupling_errors_on_RP.rml
2025-02-08 01:00:39,324 - INFO - Prepared sim number: 106: RAYPy_Simulation_bessy2lo_56m_PGM_2Perc_coupling_errors_on_RP/round_7/106_bessy2lo_56m_PGM_2Perc_coupling_errors_on_RP.rml
2025-02-08 01:00:39,330 - INFO - Prepared sim number: 107: RAYPy_Simulation_bessy2lo_56m_PGM_2Perc_coupling_errors_on_RP/round_7/107_bessy2lo_56m_PGM_2Perc_coupling_errors_on_RP.rml
2025-02-08 01:00:39,337 - INFO - Prepared sim number: 108: RAYPy_Simulation_bessy2lo_56m_PGM_2Perc_coupling_errors_on_RP/round_7/108_bessy2lo_56m_PGM_2Perc_coupling_errors_on_RP.rml
2025-02-08 01:00:39,342 - INFO - Prepared sim number: 109: RAYPy_Simulation_bessy2lo_56m_PGM_2Perc_coupling_errors_on_RP/round_7/109_bessy2lo_56m_PGM_2Perc_coupling_errors_on_RP.rml
2025-02-08 01:00:39,349 - INFO - Prepared sim number: 110: RAYPy_Simulation_bessy2lo_56m_PGM_2Perc_coupling_errors_on_RP/round_7/110_bessy2lo_56m_PGM_2Perc_coupling_errors_on_RP.rml
2025-02-08 01:00:39,354 - INFO - Prepared sim number: 111: RAYPy_Simulation_bessy2lo_56m_PGM_2Perc_coupling_errors_on_RP/round_7/111_bessy2lo_56m_PGM_2Perc_coupling_errors_on_RP.rml
2025-02-08 01:00:39,360 - INFO - Prepared sim number: 112: RAYPy_Simulation_bessy2lo_56m_PGM_2Perc_coupling_errors_on_RP/round_7/112_bessy2lo_56m_PGM_2Perc_coupling_errors_on_RP.rml
2025-02-08 01:00:39,372 - INFO - Prepared sim number: 113: RAYPy_Simulation_bessy2lo_56m_PGM_2Perc_coupling_errors_on_RP/round_7/113_bessy2lo_56m_PGM_2Perc_coupling_errors_on_RP.rml
2025-02-08 01:00:39,382 - INFO - Prepared sim number: 114: RAYPy_Simulation_bessy2lo_56m_PGM_2Perc_coupling_errors_on_RP/round_7/114_bessy2lo_56m_PGM_2Perc_coupling_errors_on_RP.rml
2025-02-08 01:00:39,389 - INFO - Prepared sim number: 115: RAYPy_Simulation_bessy2lo_56m_PGM_2Perc_coupling_errors_on_RP/round_7/115_bessy2lo_56m_PGM_2Perc_coupling_errors_on_RP.rml
2025-02-08 01:00:39,394 - INFO - Prepared sim number: 116: RAYPy_Simulation_bessy2lo_56m_PGM_2Perc_coupling_errors_on_RP/round_7/116_bessy2lo_56m_PGM_2Perc_coupling_errors_on_RP.rml
2025-02-08 01:00:39,400 - INFO - Prepared sim number: 117: RAYPy_Simulation_bessy2lo_56m_PGM_2Perc_coupling_errors_on_RP/round_7/117_bessy2lo_56m_PGM_2Perc_coupling_errors_on_RP.rml
2025-02-08 01:00:39,405 - INFO - Prepared sim number: 118: RAYPy_Simulation_bessy2lo_56m_PGM_2Perc_coupling_errors_on_RP/round_7/118_bessy2lo_56m_PGM_2Perc_coupling_errors_on_RP.rml
2025-02-08 01:00:39,409 - INFO - Prepared sim number: 119: RAYPy_Simulation_bessy2lo_56m_PGM_2Perc_coupling_errors_on_RP/round_7/119_bessy2lo_56m_PGM_2Perc_coupling_errors_on_RP.rml
2025-02-08 01:00:39,415 - INFO - Prepared sim number: 120: RAYPy_Simulation_bessy2lo_56m_PGM_2Perc_coupling_errors_on_RP/round_7/120_bessy2lo_56m_PGM_2Perc_coupling_errors_on_RP.rml
2025-02-08 01:00:39,419 - INFO - Prepared sim number: 121: RAYPy_Simulation_bessy2lo_56m_PGM_2Perc_coupling_errors_on_RP/round_7/121_bessy2lo_56m_PGM_2Perc_coupling_errors_on_RP.rml
2025-02-08 01:00:39,425 - INFO - Prepared sim number: 122: RAYPy_Simulation_bessy2lo_56m_PGM_2Perc_coupling_errors_on_RP/round_7/122_bessy2lo_56m_PGM_2Perc_coupling_errors_on_RP.rml
2025-02-08 01:00:39,425 - INFO - Start round 8
2025-02-08 01:00:39,431 - INFO - Prepared sim number: 0: RAYPy_Simulation_bessy2lo_56m_PGM_2Perc_coupling_errors_on_RP/round_8/0_bessy2lo_56m_PGM_2Perc_coupling_errors_on_RP.rml
2025-02-08 01:00:39,436 - INFO - Prepared sim number: 1: RAYPy_Simulation_bessy2lo_56m_PGM_2Perc_coupling_errors_on_RP/round_8/1_bessy2lo_56m_PGM_2Perc_coupling_errors_on_RP.rml
2025-02-08 01:00:39,442 - INFO - Prepared sim number: 2: RAYPy_Simulation_bessy2lo_56m_PGM_2Perc_coupling_errors_on_RP/round_8/2_bessy2lo_56m_PGM_2Perc_coupling_errors_on_RP.rml
2025-02-08 01:00:39,447 - INFO - Prepared sim number: 3: RAYPy_Simulation_bessy2lo_56m_PGM_2Perc_coupling_errors_on_RP/round_8/3_bessy2lo_56m_PGM_2Perc_coupling_errors_on_RP.rml
2025-02-08 01:00:39,452 - INFO - Prepared sim number: 4: RAYPy_Simulation_bessy2lo_56m_PGM_2Perc_coupling_errors_on_RP/round_8/4_bessy2lo_56m_PGM_2Perc_coupling_errors_on_RP.rml
2025-02-08 01:00:39,457 - INFO - Prepared sim number: 5: RAYPy_Simulation_bessy2lo_56m_PGM_2Perc_coupling_errors_on_RP/round_8/5_bessy2lo_56m_PGM_2Perc_coupling_errors_on_RP.rml
2025-02-08 01:00:39,462 - INFO - Prepared sim number: 6: RAYPy_Simulation_bessy2lo_56m_PGM_2Perc_coupling_errors_on_RP/round_8/6_bessy2lo_56m_PGM_2Perc_coupling_errors_on_RP.rml
2025-02-08 01:00:39,468 - INFO - Prepared sim number: 7: RAYPy_Simulation_bessy2lo_56m_PGM_2Perc_coupling_errors_on_RP/round_8/7_bessy2lo_56m_PGM_2Perc_coupling_errors_on_RP.rml
2025-02-08 01:00:39,473 - INFO - Prepared sim number: 8: RAYPy_Simulation_bessy2lo_56m_PGM_2Perc_coupling_errors_on_RP/round_8/8_bessy2lo_56m_PGM_2Perc_coupling_errors_on_RP.rml
2025-02-08 01:00:39,479 - INFO - Prepared sim number: 9: RAYPy_Simulation_bessy2lo_56m_PGM_2Perc_coupling_errors_on_RP/round_8/9_bessy2lo_56m_PGM_2Perc_coupling_errors_on_RP.rml
2025-02-08 01:00:39,483 - INFO - Prepared sim number: 10: RAYPy_Simulation_bessy2lo_56m_PGM_2Perc_coupling_errors_on_RP/round_8/10_bessy2lo_56m_PGM_2Perc_coupling_errors_on_RP.rml
2025-02-08 01:00:39,488 - INFO - Prepared sim number: 11: RAYPy_Simulation_bessy2lo_56m_PGM_2Perc_coupling_errors_on_RP/round_8/11_bessy2lo_56m_PGM_2Perc_coupling_errors_on_RP.rml
2025-02-08 01:00:39,493 - INFO - Prepared sim number: 12: RAYPy_Simulation_bessy2lo_56m_PGM_2Perc_coupling_errors_on_RP/round_8/12_bessy2lo_56m_PGM_2Perc_coupling_errors_on_RP.rml
2025-02-08 01:00:39,499 - INFO - Prepared sim number: 13: RAYPy_Simulation_bessy2lo_56m_PGM_2Perc_coupling_errors_on_RP/round_8/13_bessy2lo_56m_PGM_2Perc_coupling_errors_on_RP.rml
2025-02-08 01:00:39,503 - INFO - Prepared sim number: 14: RAYPy_Simulation_bessy2lo_56m_PGM_2Perc_coupling_errors_on_RP/round_8/14_bessy2lo_56m_PGM_2Perc_coupling_errors_on_RP.rml
2025-02-08 01:00:39,508 - INFO - Prepared sim number: 15: RAYPy_Simulation_bessy2lo_56m_PGM_2Perc_coupling_errors_on_RP/round_8/15_bessy2lo_56m_PGM_2Perc_coupling_errors_on_RP.rml
2025-02-08 01:00:39,512 - INFO - Prepared sim number: 16: RAYPy_Simulation_bessy2lo_56m_PGM_2Perc_coupling_errors_on_RP/round_8/16_bessy2lo_56m_PGM_2Perc_coupling_errors_on_RP.rml
2025-02-08 01:00:39,517 - INFO - Prepared sim number: 17: RAYPy_Simulation_bessy2lo_56m_PGM_2Perc_coupling_errors_on_RP/round_8/17_bessy2lo_56m_PGM_2Perc_coupling_errors_on_RP.rml
2025-02-08 01:00:39,521 - INFO - Prepared sim number: 18: RAYPy_Simulation_bessy2lo_56m_PGM_2Perc_coupling_errors_on_RP/round_8/18_bessy2lo_56m_PGM_2Perc_coupling_errors_on_RP.rml
2025-02-08 01:00:39,526 - INFO - Prepared sim number: 19: RAYPy_Simulation_bessy2lo_56m_PGM_2Perc_coupling_errors_on_RP/round_8/19_bessy2lo_56m_PGM_2Perc_coupling_errors_on_RP.rml
2025-02-08 01:00:39,531 - INFO - Prepared sim number: 20: RAYPy_Simulation_bessy2lo_56m_PGM_2Perc_coupling_errors_on_RP/round_8/20_bessy2lo_56m_PGM_2Perc_coupling_errors_on_RP.rml
2025-02-08 01:00:39,536 - INFO - Prepared sim number: 21: RAYPy_Simulation_bessy2lo_56m_PGM_2Perc_coupling_errors_on_RP/round_8/21_bessy2lo_56m_PGM_2Perc_coupling_errors_on_RP.rml
2025-02-08 01:00:39,540 - INFO - Prepared sim number: 22: RAYPy_Simulation_bessy2lo_56m_PGM_2Perc_coupling_errors_on_RP/round_8/22_bessy2lo_56m_PGM_2Perc_coupling_errors_on_RP.rml
2025-02-08 01:00:39,546 - INFO - Prepared sim number: 23: RAYPy_Simulation_bessy2lo_56m_PGM_2Perc_coupling_errors_on_RP/round_8/23_bessy2lo_56m_PGM_2Perc_coupling_errors_on_RP.rml
2025-02-08 01:00:39,551 - INFO - Prepared sim number: 24: RAYPy_Simulation_bessy2lo_56m_PGM_2Perc_coupling_errors_on_RP/round_8/24_bessy2lo_56m_PGM_2Perc_coupling_errors_on_RP.rml
2025-02-08 01:00:39,556 - INFO - Prepared sim number: 25: RAYPy_Simulation_bessy2lo_56m_PGM_2Perc_coupling_errors_on_RP/round_8/25_bessy2lo_56m_PGM_2Perc_coupling_errors_on_RP.rml
2025-02-08 01:00:39,560 - INFO - Prepared sim number: 26: RAYPy_Simulation_bessy2lo_56m_PGM_2Perc_coupling_errors_on_RP/round_8/26_bessy2lo_56m_PGM_2Perc_coupling_errors_on_RP.rml
2025-02-08 01:00:39,565 - INFO - Prepared sim number: 27: RAYPy_Simulation_bessy2lo_56m_PGM_2Perc_coupling_errors_on_RP/round_8/27_bessy2lo_56m_PGM_2Perc_coupling_errors_on_RP.rml
2025-02-08 01:00:39,571 - INFO - Prepared sim number: 28: RAYPy_Simulation_bessy2lo_56m_PGM_2Perc_coupling_errors_on_RP/round_8/28_bessy2lo_56m_PGM_2Perc_coupling_errors_on_RP.rml
2025-02-08 01:00:39,576 - INFO - Prepared sim number: 29: RAYPy_Simulation_bessy2lo_56m_PGM_2Perc_coupling_errors_on_RP/round_8/29_bessy2lo_56m_PGM_2Perc_coupling_errors_on_RP.rml
2025-02-08 01:00:39,581 - INFO - Prepared sim number: 30: RAYPy_Simulation_bessy2lo_56m_PGM_2Perc_coupling_errors_on_RP/round_8/30_bessy2lo_56m_PGM_2Perc_coupling_errors_on_RP.rml
2025-02-08 01:00:39,586 - INFO - Prepared sim number: 31: RAYPy_Simulation_bessy2lo_56m_PGM_2Perc_coupling_errors_on_RP/round_8/31_bessy2lo_56m_PGM_2Perc_coupling_errors_on_RP.rml
2025-02-08 01:00:39,591 - INFO - Prepared sim number: 32: RAYPy_Simulation_bessy2lo_56m_PGM_2Perc_coupling_errors_on_RP/round_8/32_bessy2lo_56m_PGM_2Perc_coupling_errors_on_RP.rml
2025-02-08 01:00:39,597 - INFO - Prepared sim number: 33: RAYPy_Simulation_bessy2lo_56m_PGM_2Perc_coupling_errors_on_RP/round_8/33_bessy2lo_56m_PGM_2Perc_coupling_errors_on_RP.rml
2025-02-08 01:00:39,602 - INFO - Prepared sim number: 34: RAYPy_Simulation_bessy2lo_56m_PGM_2Perc_coupling_errors_on_RP/round_8/34_bessy2lo_56m_PGM_2Perc_coupling_errors_on_RP.rml
2025-02-08 01:00:39,607 - INFO - Prepared sim number: 35: RAYPy_Simulation_bessy2lo_56m_PGM_2Perc_coupling_errors_on_RP/round_8/35_bessy2lo_56m_PGM_2Perc_coupling_errors_on_RP.rml
2025-02-08 01:00:39,608 - INFO - Waiting for batch number: 16, timeout: 21.786461813747884s
2025-02-08 01:00:42,217 - INFO - Completed: 1, remaining: 59, RAYPy_Simulation_bessy2lo_56m_PGM_2Perc_coupling_errors_on_RP/round_7/107_bessy2lo_56m_PGM_2Perc_coupling_errors_on_RP.rml
2025-02-08 01:00:42,247 - INFO - Completed: 2, remaining: 58, RAYPy_Simulation_bessy2lo_56m_PGM_2Perc_coupling_errors_on_RP/round_7/106_bessy2lo_56m_PGM_2Perc_coupling_errors_on_RP.rml
2025-02-08 01:00:42,292 - INFO - Completed: 3, remaining: 57, RAYPy_Simulation_bessy2lo_56m_PGM_2Perc_coupling_errors_on_RP/round_7/101_bessy2lo_56m_PGM_2Perc_coupling_errors_on_RP.rml
2025-02-08 01:00:42,406 - INFO - Completed: 4, remaining: 56, RAYPy_Simulation_bessy2lo_56m_PGM_2Perc_coupling_errors_on_RP/round_7/103_bessy2lo_56m_PGM_2Perc_coupling_errors_on_RP.rml
2025-02-08 01:00:42,445 - INFO - Completed: 5, remaining: 55, RAYPy_Simulation_bessy2lo_56m_PGM_2Perc_coupling_errors_on_RP/round_7/99_bessy2lo_56m_PGM_2Perc_coupling_errors_on_RP.rml
2025-02-08 01:00:42,480 - INFO - Completed: 6, remaining: 54, RAYPy_Simulation_bessy2lo_56m_PGM_2Perc_coupling_errors_on_RP/round_7/100_bessy2lo_56m_PGM_2Perc_coupling_errors_on_RP.rml
2025-02-08 01:00:42,519 - INFO - Completed: 7, remaining: 53, RAYPy_Simulation_bessy2lo_56m_PGM_2Perc_coupling_errors_on_RP/round_7/105_bessy2lo_56m_PGM_2Perc_coupling_errors_on_RP.rml
2025-02-08 01:00:43,352 - INFO - Completed: 8, remaining: 52, RAYPy_Simulation_bessy2lo_56m_PGM_2Perc_coupling_errors_on_RP/round_7/109_bessy2lo_56m_PGM_2Perc_coupling_errors_on_RP.rml
2025-02-08 01:00:44,765 - INFO - Completed: 9, remaining: 51, RAYPy_Simulation_bessy2lo_56m_PGM_2Perc_coupling_errors_on_RP/round_7/108_bessy2lo_56m_PGM_2Perc_coupling_errors_on_RP.rml
2025-02-08 01:00:44,814 - INFO - Completed: 10, remaining: 50, RAYPy_Simulation_bessy2lo_56m_PGM_2Perc_coupling_errors_on_RP/round_7/104_bessy2lo_56m_PGM_2Perc_coupling_errors_on_RP.rml
2025-02-08 01:00:44,932 - INFO - Completed: 11, remaining: 49, RAYPy_Simulation_bessy2lo_56m_PGM_2Perc_coupling_errors_on_RP/round_7/102_bessy2lo_56m_PGM_2Perc_coupling_errors_on_RP.rml
2025-02-08 01:00:45,288 - INFO - Completed: 12, remaining: 48, RAYPy_Simulation_bessy2lo_56m_PGM_2Perc_coupling_errors_on_RP/round_7/110_bessy2lo_56m_PGM_2Perc_coupling_errors_on_RP.rml
2025-02-08 01:00:45,536 - INFO - Completed: 13, remaining: 47, RAYPy_Simulation_bessy2lo_56m_PGM_2Perc_coupling_errors_on_RP/round_7/112_bessy2lo_56m_PGM_2Perc_coupling_errors_on_RP.rml
2025-02-08 01:00:45,611 - INFO - Completed: 14, remaining: 46, RAYPy_Simulation_bessy2lo_56m_PGM_2Perc_coupling_errors_on_RP/round_7/113_bessy2lo_56m_PGM_2Perc_coupling_errors_on_RP.rml
2025-02-08 01:00:45,679 - INFO - Completed: 15, remaining: 45, RAYPy_Simulation_bessy2lo_56m_PGM_2Perc_coupling_errors_on_RP/round_7/111_bessy2lo_56m_PGM_2Perc_coupling_errors_on_RP.rml
2025-02-08 01:00:45,894 - INFO - Completed: 16, remaining: 44, RAYPy_Simulation_bessy2lo_56m_PGM_2Perc_coupling_errors_on_RP/round_7/117_bessy2lo_56m_PGM_2Perc_coupling_errors_on_RP.rml
2025-02-08 01:00:45,997 - INFO - Completed: 17, remaining: 43, RAYPy_Simulation_bessy2lo_56m_PGM_2Perc_coupling_errors_on_RP/round_7/115_bessy2lo_56m_PGM_2Perc_coupling_errors_on_RP.rml
2025-02-08 01:00:46,029 - INFO - Completed: 18, remaining: 42, RAYPy_Simulation_bessy2lo_56m_PGM_2Perc_coupling_errors_on_RP/round_7/114_bessy2lo_56m_PGM_2Perc_coupling_errors_on_RP.rml
2025-02-08 01:00:46,041 - INFO - Completed: 19, remaining: 41, RAYPy_Simulation_bessy2lo_56m_PGM_2Perc_coupling_errors_on_RP/round_7/116_bessy2lo_56m_PGM_2Perc_coupling_errors_on_RP.rml
2025-02-08 01:00:46,529 - INFO - Completed: 20, remaining: 40, RAYPy_Simulation_bessy2lo_56m_PGM_2Perc_coupling_errors_on_RP/round_7/118_bessy2lo_56m_PGM_2Perc_coupling_errors_on_RP.rml
2025-02-08 01:00:48,123 - INFO - Completed: 21, remaining: 39, RAYPy_Simulation_bessy2lo_56m_PGM_2Perc_coupling_errors_on_RP/round_7/119_bessy2lo_56m_PGM_2Perc_coupling_errors_on_RP.rml
2025-02-08 01:00:48,277 - INFO - Completed: 22, remaining: 38, RAYPy_Simulation_bessy2lo_56m_PGM_2Perc_coupling_errors_on_RP/round_7/120_bessy2lo_56m_PGM_2Perc_coupling_errors_on_RP.rml
2025-02-08 01:00:48,455 - INFO - Completed: 23, remaining: 37, RAYPy_Simulation_bessy2lo_56m_PGM_2Perc_coupling_errors_on_RP/round_7/122_bessy2lo_56m_PGM_2Perc_coupling_errors_on_RP.rml
2025-02-08 01:00:48,810 - INFO - Completed: 24, remaining: 36, RAYPy_Simulation_bessy2lo_56m_PGM_2Perc_coupling_errors_on_RP/round_8/1_bessy2lo_56m_PGM_2Perc_coupling_errors_on_RP.rml
2025-02-08 01:00:48,839 - INFO - Completed: 25, remaining: 35, RAYPy_Simulation_bessy2lo_56m_PGM_2Perc_coupling_errors_on_RP/round_8/0_bessy2lo_56m_PGM_2Perc_coupling_errors_on_RP.rml
2025-02-08 01:00:48,910 - INFO - Completed: 26, remaining: 34, RAYPy_Simulation_bessy2lo_56m_PGM_2Perc_coupling_errors_on_RP/round_8/2_bessy2lo_56m_PGM_2Perc_coupling_errors_on_RP.rml
2025-02-08 01:00:49,011 - INFO - Completed: 27, remaining: 33, RAYPy_Simulation_bessy2lo_56m_PGM_2Perc_coupling_errors_on_RP/round_7/121_bessy2lo_56m_PGM_2Perc_coupling_errors_on_RP.rml
2025-02-08 01:00:49,296 - INFO - Completed: 28, remaining: 32, RAYPy_Simulation_bessy2lo_56m_PGM_2Perc_coupling_errors_on_RP/round_8/4_bessy2lo_56m_PGM_2Perc_coupling_errors_on_RP.rml
2025-02-08 01:00:49,341 - INFO - Completed: 29, remaining: 31, RAYPy_Simulation_bessy2lo_56m_PGM_2Perc_coupling_errors_on_RP/round_8/3_bessy2lo_56m_PGM_2Perc_coupling_errors_on_RP.rml
2025-02-08 01:00:49,537 - INFO - Completed: 30, remaining: 30, RAYPy_Simulation_bessy2lo_56m_PGM_2Perc_coupling_errors_on_RP/round_8/6_bessy2lo_56m_PGM_2Perc_coupling_errors_on_RP.rml
2025-02-08 01:00:49,635 - INFO - Completed: 31, remaining: 29, RAYPy_Simulation_bessy2lo_56m_PGM_2Perc_coupling_errors_on_RP/round_8/5_bessy2lo_56m_PGM_2Perc_coupling_errors_on_RP.rml
2025-02-08 01:00:50,087 - INFO - Completed: 32, remaining: 28, RAYPy_Simulation_bessy2lo_56m_PGM_2Perc_coupling_errors_on_RP/round_8/7_bessy2lo_56m_PGM_2Perc_coupling_errors_on_RP.rml
2025-02-08 01:00:51,926 - INFO - Completed: 33, remaining: 27, RAYPy_Simulation_bessy2lo_56m_PGM_2Perc_coupling_errors_on_RP/round_8/9_bessy2lo_56m_PGM_2Perc_coupling_errors_on_RP.rml
2025-02-08 01:00:52,002 - INFO - Completed: 34, remaining: 26, RAYPy_Simulation_bessy2lo_56m_PGM_2Perc_coupling_errors_on_RP/round_8/10_bessy2lo_56m_PGM_2Perc_coupling_errors_on_RP.rml
2025-02-08 01:00:52,258 - INFO - Completed: 35, remaining: 25, RAYPy_Simulation_bessy2lo_56m_PGM_2Perc_coupling_errors_on_RP/round_8/8_bessy2lo_56m_PGM_2Perc_coupling_errors_on_RP.rml
2025-02-08 01:00:52,554 - INFO - Completed: 36, remaining: 24, RAYPy_Simulation_bessy2lo_56m_PGM_2Perc_coupling_errors_on_RP/round_8/12_bessy2lo_56m_PGM_2Perc_coupling_errors_on_RP.rml
2025-02-08 01:00:52,711 - INFO - Completed: 37, remaining: 23, RAYPy_Simulation_bessy2lo_56m_PGM_2Perc_coupling_errors_on_RP/round_8/11_bessy2lo_56m_PGM_2Perc_coupling_errors_on_RP.rml
2025-02-08 01:00:52,906 - INFO - Completed: 38, remaining: 22, RAYPy_Simulation_bessy2lo_56m_PGM_2Perc_coupling_errors_on_RP/round_8/13_bessy2lo_56m_PGM_2Perc_coupling_errors_on_RP.rml
2025-02-08 01:00:52,942 - INFO - Completed: 39, remaining: 21, RAYPy_Simulation_bessy2lo_56m_PGM_2Perc_coupling_errors_on_RP/round_8/14_bessy2lo_56m_PGM_2Perc_coupling_errors_on_RP.rml
2025-02-08 01:00:53,249 - INFO - Completed: 40, remaining: 20, RAYPy_Simulation_bessy2lo_56m_PGM_2Perc_coupling_errors_on_RP/round_8/15_bessy2lo_56m_PGM_2Perc_coupling_errors_on_RP.rml
2025-02-08 01:00:53,262 - INFO - Completed: 41, remaining: 19, RAYPy_Simulation_bessy2lo_56m_PGM_2Perc_coupling_errors_on_RP/round_8/16_bessy2lo_56m_PGM_2Perc_coupling_errors_on_RP.rml
2025-02-08 01:00:53,399 - INFO - Completed: 42, remaining: 18, RAYPy_Simulation_bessy2lo_56m_PGM_2Perc_coupling_errors_on_RP/round_8/17_bessy2lo_56m_PGM_2Perc_coupling_errors_on_RP.rml
2025-02-08 01:00:53,494 - INFO - Completed: 43, remaining: 17, RAYPy_Simulation_bessy2lo_56m_PGM_2Perc_coupling_errors_on_RP/round_8/18_bessy2lo_56m_PGM_2Perc_coupling_errors_on_RP.rml
2025-02-08 01:00:53,805 - INFO - Completed: 44, remaining: 16, RAYPy_Simulation_bessy2lo_56m_PGM_2Perc_coupling_errors_on_RP/round_8/19_bessy2lo_56m_PGM_2Perc_coupling_errors_on_RP.rml
2025-02-08 01:00:55,701 - INFO - Completed: 45, remaining: 15, RAYPy_Simulation_bessy2lo_56m_PGM_2Perc_coupling_errors_on_RP/round_8/21_bessy2lo_56m_PGM_2Perc_coupling_errors_on_RP.rml
2025-02-08 01:00:56,162 - INFO - Completed: 46, remaining: 14, RAYPy_Simulation_bessy2lo_56m_PGM_2Perc_coupling_errors_on_RP/round_8/20_bessy2lo_56m_PGM_2Perc_coupling_errors_on_RP.rml
2025-02-08 01:00:56,360 - INFO - Completed: 47, remaining: 13, RAYPy_Simulation_bessy2lo_56m_PGM_2Perc_coupling_errors_on_RP/round_8/23_bessy2lo_56m_PGM_2Perc_coupling_errors_on_RP.rml
2025-02-08 01:00:56,428 - INFO - Completed: 48, remaining: 12, RAYPy_Simulation_bessy2lo_56m_PGM_2Perc_coupling_errors_on_RP/round_8/22_bessy2lo_56m_PGM_2Perc_coupling_errors_on_RP.rml
2025-02-08 01:00:56,824 - INFO - Completed: 49, remaining: 11, RAYPy_Simulation_bessy2lo_56m_PGM_2Perc_coupling_errors_on_RP/round_8/26_bessy2lo_56m_PGM_2Perc_coupling_errors_on_RP.rml
2025-02-08 01:00:56,914 - INFO - Completed: 50, remaining: 10, RAYPy_Simulation_bessy2lo_56m_PGM_2Perc_coupling_errors_on_RP/round_8/25_bessy2lo_56m_PGM_2Perc_coupling_errors_on_RP.rml
2025-02-08 01:00:57,205 - INFO - Completed: 51, remaining: 9, RAYPy_Simulation_bessy2lo_56m_PGM_2Perc_coupling_errors_on_RP/round_8/24_bessy2lo_56m_PGM_2Perc_coupling_errors_on_RP.rml
2025-02-08 01:00:57,282 - INFO - Completed: 52, remaining: 8, RAYPy_Simulation_bessy2lo_56m_PGM_2Perc_coupling_errors_on_RP/round_8/27_bessy2lo_56m_PGM_2Perc_coupling_errors_on_RP.rml
2025-02-08 01:00:57,285 - INFO - Completed: 53, remaining: 7, RAYPy_Simulation_bessy2lo_56m_PGM_2Perc_coupling_errors_on_RP/round_8/28_bessy2lo_56m_PGM_2Perc_coupling_errors_on_RP.rml
2025-02-08 01:00:57,320 - INFO - Completed: 54, remaining: 6, RAYPy_Simulation_bessy2lo_56m_PGM_2Perc_coupling_errors_on_RP/round_8/29_bessy2lo_56m_PGM_2Perc_coupling_errors_on_RP.rml
2025-02-08 01:00:57,401 - INFO - Completed: 55, remaining: 5, RAYPy_Simulation_bessy2lo_56m_PGM_2Perc_coupling_errors_on_RP/round_8/31_bessy2lo_56m_PGM_2Perc_coupling_errors_on_RP.rml
2025-02-08 01:00:57,515 - INFO - Completed: 56, remaining: 4, RAYPy_Simulation_bessy2lo_56m_PGM_2Perc_coupling_errors_on_RP/round_8/30_bessy2lo_56m_PGM_2Perc_coupling_errors_on_RP.rml
2025-02-08 01:00:58,601 - INFO - Completed: 57, remaining: 3, RAYPy_Simulation_bessy2lo_56m_PGM_2Perc_coupling_errors_on_RP/round_8/32_bessy2lo_56m_PGM_2Perc_coupling_errors_on_RP.rml
2025-02-08 01:00:58,919 - INFO - Completed: 58, remaining: 2, RAYPy_Simulation_bessy2lo_56m_PGM_2Perc_coupling_errors_on_RP/round_8/33_bessy2lo_56m_PGM_2Perc_coupling_errors_on_RP.rml
2025-02-08 01:00:58,972 - INFO - Completed: 59, remaining: 1, RAYPy_Simulation_bessy2lo_56m_PGM_2Perc_coupling_errors_on_RP/round_8/34_bessy2lo_56m_PGM_2Perc_coupling_errors_on_RP.rml
2025-02-08 01:00:58,988 - INFO - Completed: 60, remaining: 0, RAYPy_Simulation_bessy2lo_56m_PGM_2Perc_coupling_errors_on_RP/round_8/35_bessy2lo_56m_PGM_2Perc_coupling_errors_on_RP.rml
2025-02-08 01:00:58,989 - INFO - Batch Completed
2025-02-08 01:00:58,989 - INFO - Waiting For batch, 60 simulations to go
2025-02-08 01:00:59,001 - INFO - Prepared sim number: 36: RAYPy_Simulation_bessy2lo_56m_PGM_2Perc_coupling_errors_on_RP/round_8/36_bessy2lo_56m_PGM_2Perc_coupling_errors_on_RP.rml
2025-02-08 01:00:59,015 - INFO - Prepared sim number: 37: RAYPy_Simulation_bessy2lo_56m_PGM_2Perc_coupling_errors_on_RP/round_8/37_bessy2lo_56m_PGM_2Perc_coupling_errors_on_RP.rml
2025-02-08 01:00:59,025 - INFO - Prepared sim number: 38: RAYPy_Simulation_bessy2lo_56m_PGM_2Perc_coupling_errors_on_RP/round_8/38_bessy2lo_56m_PGM_2Perc_coupling_errors_on_RP.rml
2025-02-08 01:00:59,035 - INFO - Prepared sim number: 39: RAYPy_Simulation_bessy2lo_56m_PGM_2Perc_coupling_errors_on_RP/round_8/39_bessy2lo_56m_PGM_2Perc_coupling_errors_on_RP.rml
2025-02-08 01:00:59,049 - INFO - Prepared sim number: 40: RAYPy_Simulation_bessy2lo_56m_PGM_2Perc_coupling_errors_on_RP/round_8/40_bessy2lo_56m_PGM_2Perc_coupling_errors_on_RP.rml
2025-02-08 01:00:59,058 - INFO - Prepared sim number: 41: RAYPy_Simulation_bessy2lo_56m_PGM_2Perc_coupling_errors_on_RP/round_8/41_bessy2lo_56m_PGM_2Perc_coupling_errors_on_RP.rml
2025-02-08 01:00:59,066 - INFO - Prepared sim number: 42: RAYPy_Simulation_bessy2lo_56m_PGM_2Perc_coupling_errors_on_RP/round_8/42_bessy2lo_56m_PGM_2Perc_coupling_errors_on_RP.rml
2025-02-08 01:00:59,075 - INFO - Prepared sim number: 43: RAYPy_Simulation_bessy2lo_56m_PGM_2Perc_coupling_errors_on_RP/round_8/43_bessy2lo_56m_PGM_2Perc_coupling_errors_on_RP.rml
2025-02-08 01:00:59,084 - INFO - Prepared sim number: 44: RAYPy_Simulation_bessy2lo_56m_PGM_2Perc_coupling_errors_on_RP/round_8/44_bessy2lo_56m_PGM_2Perc_coupling_errors_on_RP.rml
2025-02-08 01:00:59,093 - INFO - Prepared sim number: 45: RAYPy_Simulation_bessy2lo_56m_PGM_2Perc_coupling_errors_on_RP/round_8/45_bessy2lo_56m_PGM_2Perc_coupling_errors_on_RP.rml
2025-02-08 01:00:59,101 - INFO - Prepared sim number: 46: RAYPy_Simulation_bessy2lo_56m_PGM_2Perc_coupling_errors_on_RP/round_8/46_bessy2lo_56m_PGM_2Perc_coupling_errors_on_RP.rml
2025-02-08 01:00:59,108 - INFO - Prepared sim number: 47: RAYPy_Simulation_bessy2lo_56m_PGM_2Perc_coupling_errors_on_RP/round_8/47_bessy2lo_56m_PGM_2Perc_coupling_errors_on_RP.rml
2025-02-08 01:00:59,115 - INFO - Prepared sim number: 48: RAYPy_Simulation_bessy2lo_56m_PGM_2Perc_coupling_errors_on_RP/round_8/48_bessy2lo_56m_PGM_2Perc_coupling_errors_on_RP.rml
2025-02-08 01:00:59,123 - INFO - Prepared sim number: 49: RAYPy_Simulation_bessy2lo_56m_PGM_2Perc_coupling_errors_on_RP/round_8/49_bessy2lo_56m_PGM_2Perc_coupling_errors_on_RP.rml
2025-02-08 01:00:59,130 - INFO - Prepared sim number: 50: RAYPy_Simulation_bessy2lo_56m_PGM_2Perc_coupling_errors_on_RP/round_8/50_bessy2lo_56m_PGM_2Perc_coupling_errors_on_RP.rml
2025-02-08 01:00:59,137 - INFO - Prepared sim number: 51: RAYPy_Simulation_bessy2lo_56m_PGM_2Perc_coupling_errors_on_RP/round_8/51_bessy2lo_56m_PGM_2Perc_coupling_errors_on_RP.rml
2025-02-08 01:00:59,144 - INFO - Prepared sim number: 52: RAYPy_Simulation_bessy2lo_56m_PGM_2Perc_coupling_errors_on_RP/round_8/52_bessy2lo_56m_PGM_2Perc_coupling_errors_on_RP.rml
2025-02-08 01:00:59,152 - INFO - Prepared sim number: 53: RAYPy_Simulation_bessy2lo_56m_PGM_2Perc_coupling_errors_on_RP/round_8/53_bessy2lo_56m_PGM_2Perc_coupling_errors_on_RP.rml
2025-02-08 01:00:59,160 - INFO - Prepared sim number: 54: RAYPy_Simulation_bessy2lo_56m_PGM_2Perc_coupling_errors_on_RP/round_8/54_bessy2lo_56m_PGM_2Perc_coupling_errors_on_RP.rml
2025-02-08 01:00:59,169 - INFO - Prepared sim number: 55: RAYPy_Simulation_bessy2lo_56m_PGM_2Perc_coupling_errors_on_RP/round_8/55_bessy2lo_56m_PGM_2Perc_coupling_errors_on_RP.rml
2025-02-08 01:00:59,177 - INFO - Prepared sim number: 56: RAYPy_Simulation_bessy2lo_56m_PGM_2Perc_coupling_errors_on_RP/round_8/56_bessy2lo_56m_PGM_2Perc_coupling_errors_on_RP.rml
2025-02-08 01:00:59,184 - INFO - Prepared sim number: 57: RAYPy_Simulation_bessy2lo_56m_PGM_2Perc_coupling_errors_on_RP/round_8/57_bessy2lo_56m_PGM_2Perc_coupling_errors_on_RP.rml
2025-02-08 01:00:59,191 - INFO - Prepared sim number: 58: RAYPy_Simulation_bessy2lo_56m_PGM_2Perc_coupling_errors_on_RP/round_8/58_bessy2lo_56m_PGM_2Perc_coupling_errors_on_RP.rml
2025-02-08 01:00:59,198 - INFO - Prepared sim number: 59: RAYPy_Simulation_bessy2lo_56m_PGM_2Perc_coupling_errors_on_RP/round_8/59_bessy2lo_56m_PGM_2Perc_coupling_errors_on_RP.rml
2025-02-08 01:00:59,205 - INFO - Prepared sim number: 60: RAYPy_Simulation_bessy2lo_56m_PGM_2Perc_coupling_errors_on_RP/round_8/60_bessy2lo_56m_PGM_2Perc_coupling_errors_on_RP.rml
2025-02-08 01:00:59,213 - INFO - Prepared sim number: 61: RAYPy_Simulation_bessy2lo_56m_PGM_2Perc_coupling_errors_on_RP/round_8/61_bessy2lo_56m_PGM_2Perc_coupling_errors_on_RP.rml
2025-02-08 01:00:59,220 - INFO - Prepared sim number: 62: RAYPy_Simulation_bessy2lo_56m_PGM_2Perc_coupling_errors_on_RP/round_8/62_bessy2lo_56m_PGM_2Perc_coupling_errors_on_RP.rml
2025-02-08 01:00:59,227 - INFO - Prepared sim number: 63: RAYPy_Simulation_bessy2lo_56m_PGM_2Perc_coupling_errors_on_RP/round_8/63_bessy2lo_56m_PGM_2Perc_coupling_errors_on_RP.rml
2025-02-08 01:00:59,233 - INFO - Prepared sim number: 64: RAYPy_Simulation_bessy2lo_56m_PGM_2Perc_coupling_errors_on_RP/round_8/64_bessy2lo_56m_PGM_2Perc_coupling_errors_on_RP.rml
2025-02-08 01:00:59,241 - INFO - Prepared sim number: 65: RAYPy_Simulation_bessy2lo_56m_PGM_2Perc_coupling_errors_on_RP/round_8/65_bessy2lo_56m_PGM_2Perc_coupling_errors_on_RP.rml
2025-02-08 01:00:59,250 - INFO - Prepared sim number: 66: RAYPy_Simulation_bessy2lo_56m_PGM_2Perc_coupling_errors_on_RP/round_8/66_bessy2lo_56m_PGM_2Perc_coupling_errors_on_RP.rml
2025-02-08 01:00:59,257 - INFO - Prepared sim number: 67: RAYPy_Simulation_bessy2lo_56m_PGM_2Perc_coupling_errors_on_RP/round_8/67_bessy2lo_56m_PGM_2Perc_coupling_errors_on_RP.rml
2025-02-08 01:00:59,266 - INFO - Prepared sim number: 68: RAYPy_Simulation_bessy2lo_56m_PGM_2Perc_coupling_errors_on_RP/round_8/68_bessy2lo_56m_PGM_2Perc_coupling_errors_on_RP.rml
2025-02-08 01:00:59,274 - INFO - Prepared sim number: 69: RAYPy_Simulation_bessy2lo_56m_PGM_2Perc_coupling_errors_on_RP/round_8/69_bessy2lo_56m_PGM_2Perc_coupling_errors_on_RP.rml
2025-02-08 01:00:59,282 - INFO - Prepared sim number: 70: RAYPy_Simulation_bessy2lo_56m_PGM_2Perc_coupling_errors_on_RP/round_8/70_bessy2lo_56m_PGM_2Perc_coupling_errors_on_RP.rml
2025-02-08 01:00:59,288 - INFO - Prepared sim number: 71: RAYPy_Simulation_bessy2lo_56m_PGM_2Perc_coupling_errors_on_RP/round_8/71_bessy2lo_56m_PGM_2Perc_coupling_errors_on_RP.rml
2025-02-08 01:00:59,296 - INFO - Prepared sim number: 72: RAYPy_Simulation_bessy2lo_56m_PGM_2Perc_coupling_errors_on_RP/round_8/72_bessy2lo_56m_PGM_2Perc_coupling_errors_on_RP.rml
2025-02-08 01:00:59,303 - INFO - Prepared sim number: 73: RAYPy_Simulation_bessy2lo_56m_PGM_2Perc_coupling_errors_on_RP/round_8/73_bessy2lo_56m_PGM_2Perc_coupling_errors_on_RP.rml
2025-02-08 01:00:59,310 - INFO - Prepared sim number: 74: RAYPy_Simulation_bessy2lo_56m_PGM_2Perc_coupling_errors_on_RP/round_8/74_bessy2lo_56m_PGM_2Perc_coupling_errors_on_RP.rml
2025-02-08 01:00:59,317 - INFO - Prepared sim number: 75: RAYPy_Simulation_bessy2lo_56m_PGM_2Perc_coupling_errors_on_RP/round_8/75_bessy2lo_56m_PGM_2Perc_coupling_errors_on_RP.rml
2025-02-08 01:00:59,323 - INFO - Prepared sim number: 76: RAYPy_Simulation_bessy2lo_56m_PGM_2Perc_coupling_errors_on_RP/round_8/76_bessy2lo_56m_PGM_2Perc_coupling_errors_on_RP.rml
2025-02-08 01:00:59,331 - INFO - Prepared sim number: 77: RAYPy_Simulation_bessy2lo_56m_PGM_2Perc_coupling_errors_on_RP/round_8/77_bessy2lo_56m_PGM_2Perc_coupling_errors_on_RP.rml
2025-02-08 01:00:59,337 - INFO - Prepared sim number: 78: RAYPy_Simulation_bessy2lo_56m_PGM_2Perc_coupling_errors_on_RP/round_8/78_bessy2lo_56m_PGM_2Perc_coupling_errors_on_RP.rml
2025-02-08 01:00:59,344 - INFO - Prepared sim number: 79: RAYPy_Simulation_bessy2lo_56m_PGM_2Perc_coupling_errors_on_RP/round_8/79_bessy2lo_56m_PGM_2Perc_coupling_errors_on_RP.rml
2025-02-08 01:00:59,351 - INFO - Prepared sim number: 80: RAYPy_Simulation_bessy2lo_56m_PGM_2Perc_coupling_errors_on_RP/round_8/80_bessy2lo_56m_PGM_2Perc_coupling_errors_on_RP.rml
2025-02-08 01:00:59,358 - INFO - Prepared sim number: 81: RAYPy_Simulation_bessy2lo_56m_PGM_2Perc_coupling_errors_on_RP/round_8/81_bessy2lo_56m_PGM_2Perc_coupling_errors_on_RP.rml
2025-02-08 01:00:59,365 - INFO - Prepared sim number: 82: RAYPy_Simulation_bessy2lo_56m_PGM_2Perc_coupling_errors_on_RP/round_8/82_bessy2lo_56m_PGM_2Perc_coupling_errors_on_RP.rml
2025-02-08 01:00:59,371 - INFO - Prepared sim number: 83: RAYPy_Simulation_bessy2lo_56m_PGM_2Perc_coupling_errors_on_RP/round_8/83_bessy2lo_56m_PGM_2Perc_coupling_errors_on_RP.rml
2025-02-08 01:00:59,378 - INFO - Prepared sim number: 84: RAYPy_Simulation_bessy2lo_56m_PGM_2Perc_coupling_errors_on_RP/round_8/84_bessy2lo_56m_PGM_2Perc_coupling_errors_on_RP.rml
2025-02-08 01:00:59,384 - INFO - Prepared sim number: 85: RAYPy_Simulation_bessy2lo_56m_PGM_2Perc_coupling_errors_on_RP/round_8/85_bessy2lo_56m_PGM_2Perc_coupling_errors_on_RP.rml
2025-02-08 01:00:59,390 - INFO - Prepared sim number: 86: RAYPy_Simulation_bessy2lo_56m_PGM_2Perc_coupling_errors_on_RP/round_8/86_bessy2lo_56m_PGM_2Perc_coupling_errors_on_RP.rml
2025-02-08 01:00:59,396 - INFO - Prepared sim number: 87: RAYPy_Simulation_bessy2lo_56m_PGM_2Perc_coupling_errors_on_RP/round_8/87_bessy2lo_56m_PGM_2Perc_coupling_errors_on_RP.rml
2025-02-08 01:00:59,402 - INFO - Prepared sim number: 88: RAYPy_Simulation_bessy2lo_56m_PGM_2Perc_coupling_errors_on_RP/round_8/88_bessy2lo_56m_PGM_2Perc_coupling_errors_on_RP.rml
2025-02-08 01:00:59,409 - INFO - Prepared sim number: 89: RAYPy_Simulation_bessy2lo_56m_PGM_2Perc_coupling_errors_on_RP/round_8/89_bessy2lo_56m_PGM_2Perc_coupling_errors_on_RP.rml
2025-02-08 01:00:59,415 - INFO - Prepared sim number: 90: RAYPy_Simulation_bessy2lo_56m_PGM_2Perc_coupling_errors_on_RP/round_8/90_bessy2lo_56m_PGM_2Perc_coupling_errors_on_RP.rml
2025-02-08 01:00:59,422 - INFO - Prepared sim number: 91: RAYPy_Simulation_bessy2lo_56m_PGM_2Perc_coupling_errors_on_RP/round_8/91_bessy2lo_56m_PGM_2Perc_coupling_errors_on_RP.rml
2025-02-08 01:00:59,429 - INFO - Prepared sim number: 92: RAYPy_Simulation_bessy2lo_56m_PGM_2Perc_coupling_errors_on_RP/round_8/92_bessy2lo_56m_PGM_2Perc_coupling_errors_on_RP.rml
2025-02-08 01:00:59,437 - INFO - Prepared sim number: 93: RAYPy_Simulation_bessy2lo_56m_PGM_2Perc_coupling_errors_on_RP/round_8/93_bessy2lo_56m_PGM_2Perc_coupling_errors_on_RP.rml
2025-02-08 01:00:59,443 - INFO - Prepared sim number: 94: RAYPy_Simulation_bessy2lo_56m_PGM_2Perc_coupling_errors_on_RP/round_8/94_bessy2lo_56m_PGM_2Perc_coupling_errors_on_RP.rml
2025-02-08 01:00:59,448 - INFO - Prepared sim number: 95: RAYPy_Simulation_bessy2lo_56m_PGM_2Perc_coupling_errors_on_RP/round_8/95_bessy2lo_56m_PGM_2Perc_coupling_errors_on_RP.rml
2025-02-08 01:00:59,449 - INFO - Waiting for batch number: 17, timeout: 21.786561786427217s
2025-02-08 01:01:02,245 - INFO - Completed: 1, remaining: 59, RAYPy_Simulation_bessy2lo_56m_PGM_2Perc_coupling_errors_on_RP/round_8/41_bessy2lo_56m_PGM_2Perc_coupling_errors_on_RP.rml
2025-02-08 01:01:02,378 - INFO - Completed: 2, remaining: 58, RAYPy_Simulation_bessy2lo_56m_PGM_2Perc_coupling_errors_on_RP/round_8/47_bessy2lo_56m_PGM_2Perc_coupling_errors_on_RP.rml
2025-02-08 01:01:02,558 - INFO - Completed: 3, remaining: 57, RAYPy_Simulation_bessy2lo_56m_PGM_2Perc_coupling_errors_on_RP/round_8/43_bessy2lo_56m_PGM_2Perc_coupling_errors_on_RP.rml
2025-02-08 01:01:02,581 - INFO - Completed: 4, remaining: 56, RAYPy_Simulation_bessy2lo_56m_PGM_2Perc_coupling_errors_on_RP/round_8/45_bessy2lo_56m_PGM_2Perc_coupling_errors_on_RP.rml
2025-02-08 01:01:02,598 - INFO - Completed: 5, remaining: 55, RAYPy_Simulation_bessy2lo_56m_PGM_2Perc_coupling_errors_on_RP/round_8/42_bessy2lo_56m_PGM_2Perc_coupling_errors_on_RP.rml
2025-02-08 01:01:02,861 - INFO - Completed: 6, remaining: 54, RAYPy_Simulation_bessy2lo_56m_PGM_2Perc_coupling_errors_on_RP/round_8/37_bessy2lo_56m_PGM_2Perc_coupling_errors_on_RP.rml
2025-02-08 01:01:02,896 - INFO - Completed: 7, remaining: 53, RAYPy_Simulation_bessy2lo_56m_PGM_2Perc_coupling_errors_on_RP/round_8/40_bessy2lo_56m_PGM_2Perc_coupling_errors_on_RP.rml
2025-02-08 01:01:02,963 - INFO - Completed: 8, remaining: 52, RAYPy_Simulation_bessy2lo_56m_PGM_2Perc_coupling_errors_on_RP/round_8/39_bessy2lo_56m_PGM_2Perc_coupling_errors_on_RP.rml
2025-02-08 01:01:03,175 - INFO - Completed: 9, remaining: 51, RAYPy_Simulation_bessy2lo_56m_PGM_2Perc_coupling_errors_on_RP/round_8/46_bessy2lo_56m_PGM_2Perc_coupling_errors_on_RP.rml
2025-02-08 01:01:03,387 - INFO - Completed: 10, remaining: 50, RAYPy_Simulation_bessy2lo_56m_PGM_2Perc_coupling_errors_on_RP/round_8/38_bessy2lo_56m_PGM_2Perc_coupling_errors_on_RP.rml
2025-02-08 01:01:04,686 - INFO - Completed: 11, remaining: 49, RAYPy_Simulation_bessy2lo_56m_PGM_2Perc_coupling_errors_on_RP/round_8/44_bessy2lo_56m_PGM_2Perc_coupling_errors_on_RP.rml
2025-02-08 01:01:04,707 - INFO - Completed: 12, remaining: 48, RAYPy_Simulation_bessy2lo_56m_PGM_2Perc_coupling_errors_on_RP/round_8/36_bessy2lo_56m_PGM_2Perc_coupling_errors_on_RP.rml
2025-02-08 01:01:05,464 - INFO - Completed: 13, remaining: 47, RAYPy_Simulation_bessy2lo_56m_PGM_2Perc_coupling_errors_on_RP/round_8/48_bessy2lo_56m_PGM_2Perc_coupling_errors_on_RP.rml
2025-02-08 01:01:05,481 - INFO - Completed: 14, remaining: 46, RAYPy_Simulation_bessy2lo_56m_PGM_2Perc_coupling_errors_on_RP/round_8/49_bessy2lo_56m_PGM_2Perc_coupling_errors_on_RP.rml
2025-02-08 01:01:05,703 - INFO - Completed: 15, remaining: 45, RAYPy_Simulation_bessy2lo_56m_PGM_2Perc_coupling_errors_on_RP/round_8/52_bessy2lo_56m_PGM_2Perc_coupling_errors_on_RP.rml
2025-02-08 01:01:05,743 - INFO - Completed: 16, remaining: 44, RAYPy_Simulation_bessy2lo_56m_PGM_2Perc_coupling_errors_on_RP/round_8/51_bessy2lo_56m_PGM_2Perc_coupling_errors_on_RP.rml
2025-02-08 01:01:06,189 - INFO - Completed: 17, remaining: 43, RAYPy_Simulation_bessy2lo_56m_PGM_2Perc_coupling_errors_on_RP/round_8/54_bessy2lo_56m_PGM_2Perc_coupling_errors_on_RP.rml
2025-02-08 01:01:06,390 - INFO - Completed: 18, remaining: 42, RAYPy_Simulation_bessy2lo_56m_PGM_2Perc_coupling_errors_on_RP/round_8/53_bessy2lo_56m_PGM_2Perc_coupling_errors_on_RP.rml
2025-02-08 01:01:06,420 - INFO - Completed: 19, remaining: 41, RAYPy_Simulation_bessy2lo_56m_PGM_2Perc_coupling_errors_on_RP/round_8/50_bessy2lo_56m_PGM_2Perc_coupling_errors_on_RP.rml
2025-02-08 01:01:06,490 - INFO - Completed: 20, remaining: 40, RAYPy_Simulation_bessy2lo_56m_PGM_2Perc_coupling_errors_on_RP/round_8/55_bessy2lo_56m_PGM_2Perc_coupling_errors_on_RP.rml
2025-02-08 01:01:07,097 - INFO - Completed: 21, remaining: 39, RAYPy_Simulation_bessy2lo_56m_PGM_2Perc_coupling_errors_on_RP/round_8/56_bessy2lo_56m_PGM_2Perc_coupling_errors_on_RP.rml
2025-02-08 01:01:07,125 - INFO - Completed: 22, remaining: 38, RAYPy_Simulation_bessy2lo_56m_PGM_2Perc_coupling_errors_on_RP/round_8/57_bessy2lo_56m_PGM_2Perc_coupling_errors_on_RP.rml
2025-02-08 01:01:08,264 - INFO - Completed: 23, remaining: 37, RAYPy_Simulation_bessy2lo_56m_PGM_2Perc_coupling_errors_on_RP/round_8/59_bessy2lo_56m_PGM_2Perc_coupling_errors_on_RP.rml
2025-02-08 01:01:08,795 - INFO - Completed: 24, remaining: 36, RAYPy_Simulation_bessy2lo_56m_PGM_2Perc_coupling_errors_on_RP/round_8/58_bessy2lo_56m_PGM_2Perc_coupling_errors_on_RP.rml
2025-02-08 01:01:09,304 - INFO - Completed: 25, remaining: 35, RAYPy_Simulation_bessy2lo_56m_PGM_2Perc_coupling_errors_on_RP/round_8/61_bessy2lo_56m_PGM_2Perc_coupling_errors_on_RP.rml
2025-02-08 01:01:09,396 - INFO - Completed: 26, remaining: 34, RAYPy_Simulation_bessy2lo_56m_PGM_2Perc_coupling_errors_on_RP/round_8/60_bessy2lo_56m_PGM_2Perc_coupling_errors_on_RP.rml
2025-02-08 01:01:09,471 - INFO - Completed: 27, remaining: 33, RAYPy_Simulation_bessy2lo_56m_PGM_2Perc_coupling_errors_on_RP/round_8/63_bessy2lo_56m_PGM_2Perc_coupling_errors_on_RP.rml
2025-02-08 01:01:09,488 - INFO - Completed: 28, remaining: 32, RAYPy_Simulation_bessy2lo_56m_PGM_2Perc_coupling_errors_on_RP/round_8/62_bessy2lo_56m_PGM_2Perc_coupling_errors_on_RP.rml
2025-02-08 01:01:09,914 - INFO - Completed: 29, remaining: 31, RAYPy_Simulation_bessy2lo_56m_PGM_2Perc_coupling_errors_on_RP/round_8/65_bessy2lo_56m_PGM_2Perc_coupling_errors_on_RP.rml
2025-02-08 01:01:10,053 - INFO - Completed: 30, remaining: 30, RAYPy_Simulation_bessy2lo_56m_PGM_2Perc_coupling_errors_on_RP/round_8/67_bessy2lo_56m_PGM_2Perc_coupling_errors_on_RP.rml
2025-02-08 01:01:10,352 - INFO - Completed: 31, remaining: 29, RAYPy_Simulation_bessy2lo_56m_PGM_2Perc_coupling_errors_on_RP/round_8/66_bessy2lo_56m_PGM_2Perc_coupling_errors_on_RP.rml
2025-02-08 01:01:10,700 - INFO - Completed: 32, remaining: 28, RAYPy_Simulation_bessy2lo_56m_PGM_2Perc_coupling_errors_on_RP/round_8/69_bessy2lo_56m_PGM_2Perc_coupling_errors_on_RP.rml
2025-02-08 01:01:10,827 - INFO - Completed: 33, remaining: 27, RAYPy_Simulation_bessy2lo_56m_PGM_2Perc_coupling_errors_on_RP/round_8/68_bessy2lo_56m_PGM_2Perc_coupling_errors_on_RP.rml
2025-02-08 01:01:10,945 - INFO - Completed: 34, remaining: 26, RAYPy_Simulation_bessy2lo_56m_PGM_2Perc_coupling_errors_on_RP/round_8/64_bessy2lo_56m_PGM_2Perc_coupling_errors_on_RP.rml
2025-02-08 01:01:11,678 - INFO - Completed: 35, remaining: 25, RAYPy_Simulation_bessy2lo_56m_PGM_2Perc_coupling_errors_on_RP/round_8/70_bessy2lo_56m_PGM_2Perc_coupling_errors_on_RP.rml
2025-02-08 01:01:12,199 - INFO - Completed: 36, remaining: 24, RAYPy_Simulation_bessy2lo_56m_PGM_2Perc_coupling_errors_on_RP/round_8/71_bessy2lo_56m_PGM_2Perc_coupling_errors_on_RP.rml
2025-02-08 01:01:12,691 - INFO - Completed: 37, remaining: 23, RAYPy_Simulation_bessy2lo_56m_PGM_2Perc_coupling_errors_on_RP/round_8/72_bessy2lo_56m_PGM_2Perc_coupling_errors_on_RP.rml
2025-02-08 01:01:12,969 - INFO - Completed: 38, remaining: 22, RAYPy_Simulation_bessy2lo_56m_PGM_2Perc_coupling_errors_on_RP/round_8/74_bessy2lo_56m_PGM_2Perc_coupling_errors_on_RP.rml
2025-02-08 01:01:13,054 - INFO - Completed: 39, remaining: 21, RAYPy_Simulation_bessy2lo_56m_PGM_2Perc_coupling_errors_on_RP/round_8/73_bessy2lo_56m_PGM_2Perc_coupling_errors_on_RP.rml
2025-02-08 01:01:13,532 - INFO - Completed: 40, remaining: 20, RAYPy_Simulation_bessy2lo_56m_PGM_2Perc_coupling_errors_on_RP/round_8/77_bessy2lo_56m_PGM_2Perc_coupling_errors_on_RP.rml
2025-02-08 01:01:13,854 - INFO - Completed: 41, remaining: 19, RAYPy_Simulation_bessy2lo_56m_PGM_2Perc_coupling_errors_on_RP/round_8/76_bessy2lo_56m_PGM_2Perc_coupling_errors_on_RP.rml
2025-02-08 01:01:14,161 - INFO - Completed: 42, remaining: 18, RAYPy_Simulation_bessy2lo_56m_PGM_2Perc_coupling_errors_on_RP/round_8/78_bessy2lo_56m_PGM_2Perc_coupling_errors_on_RP.rml
2025-02-08 01:01:14,323 - INFO - Completed: 43, remaining: 17, RAYPy_Simulation_bessy2lo_56m_PGM_2Perc_coupling_errors_on_RP/round_8/79_bessy2lo_56m_PGM_2Perc_coupling_errors_on_RP.rml
2025-02-08 01:01:14,585 - INFO - Completed: 44, remaining: 16, RAYPy_Simulation_bessy2lo_56m_PGM_2Perc_coupling_errors_on_RP/round_8/81_bessy2lo_56m_PGM_2Perc_coupling_errors_on_RP.rml
2025-02-08 01:01:14,966 - INFO - Completed: 45, remaining: 15, RAYPy_Simulation_bessy2lo_56m_PGM_2Perc_coupling_errors_on_RP/round_8/80_bessy2lo_56m_PGM_2Perc_coupling_errors_on_RP.rml
2025-02-08 01:01:15,027 - INFO - Completed: 46, remaining: 14, RAYPy_Simulation_bessy2lo_56m_PGM_2Perc_coupling_errors_on_RP/round_8/82_bessy2lo_56m_PGM_2Perc_coupling_errors_on_RP.rml
2025-02-08 01:01:15,213 - INFO - Completed: 47, remaining: 13, RAYPy_Simulation_bessy2lo_56m_PGM_2Perc_coupling_errors_on_RP/round_8/75_bessy2lo_56m_PGM_2Perc_coupling_errors_on_RP.rml
2025-02-08 01:01:15,582 - INFO - Completed: 48, remaining: 12, RAYPy_Simulation_bessy2lo_56m_PGM_2Perc_coupling_errors_on_RP/round_8/83_bessy2lo_56m_PGM_2Perc_coupling_errors_on_RP.rml
2025-02-08 01:01:16,350 - INFO - Completed: 49, remaining: 11, RAYPy_Simulation_bessy2lo_56m_PGM_2Perc_coupling_errors_on_RP/round_8/85_bessy2lo_56m_PGM_2Perc_coupling_errors_on_RP.rml
2025-02-08 01:01:16,385 - INFO - Completed: 50, remaining: 10, RAYPy_Simulation_bessy2lo_56m_PGM_2Perc_coupling_errors_on_RP/round_8/86_bessy2lo_56m_PGM_2Perc_coupling_errors_on_RP.rml
2025-02-08 01:01:17,041 - INFO - Completed: 51, remaining: 9, RAYPy_Simulation_bessy2lo_56m_PGM_2Perc_coupling_errors_on_RP/round_8/87_bessy2lo_56m_PGM_2Perc_coupling_errors_on_RP.rml
2025-02-08 01:01:17,163 - INFO - Completed: 52, remaining: 8, RAYPy_Simulation_bessy2lo_56m_PGM_2Perc_coupling_errors_on_RP/round_8/84_bessy2lo_56m_PGM_2Perc_coupling_errors_on_RP.rml
2025-02-08 01:01:17,318 - INFO - Completed: 53, remaining: 7, RAYPy_Simulation_bessy2lo_56m_PGM_2Perc_coupling_errors_on_RP/round_8/89_bessy2lo_56m_PGM_2Perc_coupling_errors_on_RP.rml
2025-02-08 01:01:17,473 - INFO - Completed: 54, remaining: 6, RAYPy_Simulation_bessy2lo_56m_PGM_2Perc_coupling_errors_on_RP/round_8/88_bessy2lo_56m_PGM_2Perc_coupling_errors_on_RP.rml
2025-02-08 01:01:17,493 - INFO - Completed: 55, remaining: 5, RAYPy_Simulation_bessy2lo_56m_PGM_2Perc_coupling_errors_on_RP/round_8/90_bessy2lo_56m_PGM_2Perc_coupling_errors_on_RP.rml
2025-02-08 01:01:17,796 - INFO - Completed: 56, remaining: 4, RAYPy_Simulation_bessy2lo_56m_PGM_2Perc_coupling_errors_on_RP/round_8/91_bessy2lo_56m_PGM_2Perc_coupling_errors_on_RP.rml
2025-02-08 01:01:17,941 - INFO - Completed: 57, remaining: 3, RAYPy_Simulation_bessy2lo_56m_PGM_2Perc_coupling_errors_on_RP/round_8/92_bessy2lo_56m_PGM_2Perc_coupling_errors_on_RP.rml
2025-02-08 01:01:18,105 - INFO - Completed: 58, remaining: 2, RAYPy_Simulation_bessy2lo_56m_PGM_2Perc_coupling_errors_on_RP/round_8/93_bessy2lo_56m_PGM_2Perc_coupling_errors_on_RP.rml
2025-02-08 01:01:18,232 - INFO - Completed: 59, remaining: 1, RAYPy_Simulation_bessy2lo_56m_PGM_2Perc_coupling_errors_on_RP/round_8/94_bessy2lo_56m_PGM_2Perc_coupling_errors_on_RP.rml
2025-02-08 01:01:18,306 - INFO - Completed: 60, remaining: 0, RAYPy_Simulation_bessy2lo_56m_PGM_2Perc_coupling_errors_on_RP/round_8/95_bessy2lo_56m_PGM_2Perc_coupling_errors_on_RP.rml
2025-02-08 01:01:18,307 - INFO - Batch Completed
2025-02-08 01:01:18,307 - INFO - Waiting For batch, 60 simulations to go
2025-02-08 01:01:18,316 - INFO - Prepared sim number: 96: RAYPy_Simulation_bessy2lo_56m_PGM_2Perc_coupling_errors_on_RP/round_8/96_bessy2lo_56m_PGM_2Perc_coupling_errors_on_RP.rml
2025-02-08 01:01:18,328 - INFO - Prepared sim number: 97: RAYPy_Simulation_bessy2lo_56m_PGM_2Perc_coupling_errors_on_RP/round_8/97_bessy2lo_56m_PGM_2Perc_coupling_errors_on_RP.rml
2025-02-08 01:01:18,336 - INFO - Prepared sim number: 98: RAYPy_Simulation_bessy2lo_56m_PGM_2Perc_coupling_errors_on_RP/round_8/98_bessy2lo_56m_PGM_2Perc_coupling_errors_on_RP.rml
2025-02-08 01:01:18,344 - INFO - Prepared sim number: 99: RAYPy_Simulation_bessy2lo_56m_PGM_2Perc_coupling_errors_on_RP/round_8/99_bessy2lo_56m_PGM_2Perc_coupling_errors_on_RP.rml
2025-02-08 01:01:18,351 - INFO - Prepared sim number: 100: RAYPy_Simulation_bessy2lo_56m_PGM_2Perc_coupling_errors_on_RP/round_8/100_bessy2lo_56m_PGM_2Perc_coupling_errors_on_RP.rml
2025-02-08 01:01:18,360 - INFO - Prepared sim number: 101: RAYPy_Simulation_bessy2lo_56m_PGM_2Perc_coupling_errors_on_RP/round_8/101_bessy2lo_56m_PGM_2Perc_coupling_errors_on_RP.rml
2025-02-08 01:01:18,368 - INFO - Prepared sim number: 102: RAYPy_Simulation_bessy2lo_56m_PGM_2Perc_coupling_errors_on_RP/round_8/102_bessy2lo_56m_PGM_2Perc_coupling_errors_on_RP.rml
2025-02-08 01:01:18,375 - INFO - Prepared sim number: 103: RAYPy_Simulation_bessy2lo_56m_PGM_2Perc_coupling_errors_on_RP/round_8/103_bessy2lo_56m_PGM_2Perc_coupling_errors_on_RP.rml
2025-02-08 01:01:18,382 - INFO - Prepared sim number: 104: RAYPy_Simulation_bessy2lo_56m_PGM_2Perc_coupling_errors_on_RP/round_8/104_bessy2lo_56m_PGM_2Perc_coupling_errors_on_RP.rml
2025-02-08 01:01:18,388 - INFO - Prepared sim number: 105: RAYPy_Simulation_bessy2lo_56m_PGM_2Perc_coupling_errors_on_RP/round_8/105_bessy2lo_56m_PGM_2Perc_coupling_errors_on_RP.rml
2025-02-08 01:01:18,395 - INFO - Prepared sim number: 106: RAYPy_Simulation_bessy2lo_56m_PGM_2Perc_coupling_errors_on_RP/round_8/106_bessy2lo_56m_PGM_2Perc_coupling_errors_on_RP.rml
2025-02-08 01:01:18,400 - INFO - Prepared sim number: 107: RAYPy_Simulation_bessy2lo_56m_PGM_2Perc_coupling_errors_on_RP/round_8/107_bessy2lo_56m_PGM_2Perc_coupling_errors_on_RP.rml
2025-02-08 01:01:18,406 - INFO - Prepared sim number: 108: RAYPy_Simulation_bessy2lo_56m_PGM_2Perc_coupling_errors_on_RP/round_8/108_bessy2lo_56m_PGM_2Perc_coupling_errors_on_RP.rml
2025-02-08 01:01:18,411 - INFO - Prepared sim number: 109: RAYPy_Simulation_bessy2lo_56m_PGM_2Perc_coupling_errors_on_RP/round_8/109_bessy2lo_56m_PGM_2Perc_coupling_errors_on_RP.rml
2025-02-08 01:01:18,416 - INFO - Prepared sim number: 110: RAYPy_Simulation_bessy2lo_56m_PGM_2Perc_coupling_errors_on_RP/round_8/110_bessy2lo_56m_PGM_2Perc_coupling_errors_on_RP.rml
2025-02-08 01:01:18,421 - INFO - Prepared sim number: 111: RAYPy_Simulation_bessy2lo_56m_PGM_2Perc_coupling_errors_on_RP/round_8/111_bessy2lo_56m_PGM_2Perc_coupling_errors_on_RP.rml
2025-02-08 01:01:18,426 - INFO - Prepared sim number: 112: RAYPy_Simulation_bessy2lo_56m_PGM_2Perc_coupling_errors_on_RP/round_8/112_bessy2lo_56m_PGM_2Perc_coupling_errors_on_RP.rml
2025-02-08 01:01:18,431 - INFO - Prepared sim number: 113: RAYPy_Simulation_bessy2lo_56m_PGM_2Perc_coupling_errors_on_RP/round_8/113_bessy2lo_56m_PGM_2Perc_coupling_errors_on_RP.rml
2025-02-08 01:01:18,436 - INFO - Prepared sim number: 114: RAYPy_Simulation_bessy2lo_56m_PGM_2Perc_coupling_errors_on_RP/round_8/114_bessy2lo_56m_PGM_2Perc_coupling_errors_on_RP.rml
2025-02-08 01:01:18,442 - INFO - Prepared sim number: 115: RAYPy_Simulation_bessy2lo_56m_PGM_2Perc_coupling_errors_on_RP/round_8/115_bessy2lo_56m_PGM_2Perc_coupling_errors_on_RP.rml
2025-02-08 01:01:18,447 - INFO - Prepared sim number: 116: RAYPy_Simulation_bessy2lo_56m_PGM_2Perc_coupling_errors_on_RP/round_8/116_bessy2lo_56m_PGM_2Perc_coupling_errors_on_RP.rml
2025-02-08 01:01:18,453 - INFO - Prepared sim number: 117: RAYPy_Simulation_bessy2lo_56m_PGM_2Perc_coupling_errors_on_RP/round_8/117_bessy2lo_56m_PGM_2Perc_coupling_errors_on_RP.rml
2025-02-08 01:01:18,458 - INFO - Prepared sim number: 118: RAYPy_Simulation_bessy2lo_56m_PGM_2Perc_coupling_errors_on_RP/round_8/118_bessy2lo_56m_PGM_2Perc_coupling_errors_on_RP.rml
2025-02-08 01:01:18,463 - INFO - Prepared sim number: 119: RAYPy_Simulation_bessy2lo_56m_PGM_2Perc_coupling_errors_on_RP/round_8/119_bessy2lo_56m_PGM_2Perc_coupling_errors_on_RP.rml
2025-02-08 01:01:18,468 - INFO - Prepared sim number: 120: RAYPy_Simulation_bessy2lo_56m_PGM_2Perc_coupling_errors_on_RP/round_8/120_bessy2lo_56m_PGM_2Perc_coupling_errors_on_RP.rml
2025-02-08 01:01:18,473 - INFO - Prepared sim number: 121: RAYPy_Simulation_bessy2lo_56m_PGM_2Perc_coupling_errors_on_RP/round_8/121_bessy2lo_56m_PGM_2Perc_coupling_errors_on_RP.rml
2025-02-08 01:01:18,478 - INFO - Prepared sim number: 122: RAYPy_Simulation_bessy2lo_56m_PGM_2Perc_coupling_errors_on_RP/round_8/122_bessy2lo_56m_PGM_2Perc_coupling_errors_on_RP.rml
2025-02-08 01:01:18,478 - INFO - Start round 9
2025-02-08 01:01:18,484 - INFO - Prepared sim number: 0: RAYPy_Simulation_bessy2lo_56m_PGM_2Perc_coupling_errors_on_RP/round_9/0_bessy2lo_56m_PGM_2Perc_coupling_errors_on_RP.rml
2025-02-08 01:01:18,489 - INFO - Prepared sim number: 1: RAYPy_Simulation_bessy2lo_56m_PGM_2Perc_coupling_errors_on_RP/round_9/1_bessy2lo_56m_PGM_2Perc_coupling_errors_on_RP.rml
2025-02-08 01:01:18,494 - INFO - Prepared sim number: 2: RAYPy_Simulation_bessy2lo_56m_PGM_2Perc_coupling_errors_on_RP/round_9/2_bessy2lo_56m_PGM_2Perc_coupling_errors_on_RP.rml
2025-02-08 01:01:18,499 - INFO - Prepared sim number: 3: RAYPy_Simulation_bessy2lo_56m_PGM_2Perc_coupling_errors_on_RP/round_9/3_bessy2lo_56m_PGM_2Perc_coupling_errors_on_RP.rml
2025-02-08 01:01:18,503 - INFO - Prepared sim number: 4: RAYPy_Simulation_bessy2lo_56m_PGM_2Perc_coupling_errors_on_RP/round_9/4_bessy2lo_56m_PGM_2Perc_coupling_errors_on_RP.rml
2025-02-08 01:01:18,508 - INFO - Prepared sim number: 5: RAYPy_Simulation_bessy2lo_56m_PGM_2Perc_coupling_errors_on_RP/round_9/5_bessy2lo_56m_PGM_2Perc_coupling_errors_on_RP.rml
2025-02-08 01:01:18,513 - INFO - Prepared sim number: 6: RAYPy_Simulation_bessy2lo_56m_PGM_2Perc_coupling_errors_on_RP/round_9/6_bessy2lo_56m_PGM_2Perc_coupling_errors_on_RP.rml
2025-02-08 01:01:18,518 - INFO - Prepared sim number: 7: RAYPy_Simulation_bessy2lo_56m_PGM_2Perc_coupling_errors_on_RP/round_9/7_bessy2lo_56m_PGM_2Perc_coupling_errors_on_RP.rml
2025-02-08 01:01:18,522 - INFO - Prepared sim number: 8: RAYPy_Simulation_bessy2lo_56m_PGM_2Perc_coupling_errors_on_RP/round_9/8_bessy2lo_56m_PGM_2Perc_coupling_errors_on_RP.rml
2025-02-08 01:01:18,527 - INFO - Prepared sim number: 9: RAYPy_Simulation_bessy2lo_56m_PGM_2Perc_coupling_errors_on_RP/round_9/9_bessy2lo_56m_PGM_2Perc_coupling_errors_on_RP.rml
2025-02-08 01:01:18,532 - INFO - Prepared sim number: 10: RAYPy_Simulation_bessy2lo_56m_PGM_2Perc_coupling_errors_on_RP/round_9/10_bessy2lo_56m_PGM_2Perc_coupling_errors_on_RP.rml
2025-02-08 01:01:18,537 - INFO - Prepared sim number: 11: RAYPy_Simulation_bessy2lo_56m_PGM_2Perc_coupling_errors_on_RP/round_9/11_bessy2lo_56m_PGM_2Perc_coupling_errors_on_RP.rml
2025-02-08 01:01:18,542 - INFO - Prepared sim number: 12: RAYPy_Simulation_bessy2lo_56m_PGM_2Perc_coupling_errors_on_RP/round_9/12_bessy2lo_56m_PGM_2Perc_coupling_errors_on_RP.rml
2025-02-08 01:01:18,547 - INFO - Prepared sim number: 13: RAYPy_Simulation_bessy2lo_56m_PGM_2Perc_coupling_errors_on_RP/round_9/13_bessy2lo_56m_PGM_2Perc_coupling_errors_on_RP.rml
2025-02-08 01:01:18,552 - INFO - Prepared sim number: 14: RAYPy_Simulation_bessy2lo_56m_PGM_2Perc_coupling_errors_on_RP/round_9/14_bessy2lo_56m_PGM_2Perc_coupling_errors_on_RP.rml
2025-02-08 01:01:18,557 - INFO - Prepared sim number: 15: RAYPy_Simulation_bessy2lo_56m_PGM_2Perc_coupling_errors_on_RP/round_9/15_bessy2lo_56m_PGM_2Perc_coupling_errors_on_RP.rml
2025-02-08 01:01:18,562 - INFO - Prepared sim number: 16: RAYPy_Simulation_bessy2lo_56m_PGM_2Perc_coupling_errors_on_RP/round_9/16_bessy2lo_56m_PGM_2Perc_coupling_errors_on_RP.rml
2025-02-08 01:01:18,568 - INFO - Prepared sim number: 17: RAYPy_Simulation_bessy2lo_56m_PGM_2Perc_coupling_errors_on_RP/round_9/17_bessy2lo_56m_PGM_2Perc_coupling_errors_on_RP.rml
2025-02-08 01:01:18,573 - INFO - Prepared sim number: 18: RAYPy_Simulation_bessy2lo_56m_PGM_2Perc_coupling_errors_on_RP/round_9/18_bessy2lo_56m_PGM_2Perc_coupling_errors_on_RP.rml
2025-02-08 01:01:18,577 - INFO - Prepared sim number: 19: RAYPy_Simulation_bessy2lo_56m_PGM_2Perc_coupling_errors_on_RP/round_9/19_bessy2lo_56m_PGM_2Perc_coupling_errors_on_RP.rml
2025-02-08 01:01:18,582 - INFO - Prepared sim number: 20: RAYPy_Simulation_bessy2lo_56m_PGM_2Perc_coupling_errors_on_RP/round_9/20_bessy2lo_56m_PGM_2Perc_coupling_errors_on_RP.rml
2025-02-08 01:01:18,587 - INFO - Prepared sim number: 21: RAYPy_Simulation_bessy2lo_56m_PGM_2Perc_coupling_errors_on_RP/round_9/21_bessy2lo_56m_PGM_2Perc_coupling_errors_on_RP.rml
2025-02-08 01:01:18,592 - INFO - Prepared sim number: 22: RAYPy_Simulation_bessy2lo_56m_PGM_2Perc_coupling_errors_on_RP/round_9/22_bessy2lo_56m_PGM_2Perc_coupling_errors_on_RP.rml
2025-02-08 01:01:18,597 - INFO - Prepared sim number: 23: RAYPy_Simulation_bessy2lo_56m_PGM_2Perc_coupling_errors_on_RP/round_9/23_bessy2lo_56m_PGM_2Perc_coupling_errors_on_RP.rml
2025-02-08 01:01:18,602 - INFO - Prepared sim number: 24: RAYPy_Simulation_bessy2lo_56m_PGM_2Perc_coupling_errors_on_RP/round_9/24_bessy2lo_56m_PGM_2Perc_coupling_errors_on_RP.rml
2025-02-08 01:01:18,606 - INFO - Prepared sim number: 25: RAYPy_Simulation_bessy2lo_56m_PGM_2Perc_coupling_errors_on_RP/round_9/25_bessy2lo_56m_PGM_2Perc_coupling_errors_on_RP.rml
2025-02-08 01:01:18,612 - INFO - Prepared sim number: 26: RAYPy_Simulation_bessy2lo_56m_PGM_2Perc_coupling_errors_on_RP/round_9/26_bessy2lo_56m_PGM_2Perc_coupling_errors_on_RP.rml
2025-02-08 01:01:18,617 - INFO - Prepared sim number: 27: RAYPy_Simulation_bessy2lo_56m_PGM_2Perc_coupling_errors_on_RP/round_9/27_bessy2lo_56m_PGM_2Perc_coupling_errors_on_RP.rml
2025-02-08 01:01:18,622 - INFO - Prepared sim number: 28: RAYPy_Simulation_bessy2lo_56m_PGM_2Perc_coupling_errors_on_RP/round_9/28_bessy2lo_56m_PGM_2Perc_coupling_errors_on_RP.rml
2025-02-08 01:01:18,627 - INFO - Prepared sim number: 29: RAYPy_Simulation_bessy2lo_56m_PGM_2Perc_coupling_errors_on_RP/round_9/29_bessy2lo_56m_PGM_2Perc_coupling_errors_on_RP.rml
2025-02-08 01:01:18,632 - INFO - Prepared sim number: 30: RAYPy_Simulation_bessy2lo_56m_PGM_2Perc_coupling_errors_on_RP/round_9/30_bessy2lo_56m_PGM_2Perc_coupling_errors_on_RP.rml
2025-02-08 01:01:18,637 - INFO - Prepared sim number: 31: RAYPy_Simulation_bessy2lo_56m_PGM_2Perc_coupling_errors_on_RP/round_9/31_bessy2lo_56m_PGM_2Perc_coupling_errors_on_RP.rml
2025-02-08 01:01:18,642 - INFO - Prepared sim number: 32: RAYPy_Simulation_bessy2lo_56m_PGM_2Perc_coupling_errors_on_RP/round_9/32_bessy2lo_56m_PGM_2Perc_coupling_errors_on_RP.rml
2025-02-08 01:01:18,643 - INFO - Waiting for batch number: 18, timeout: 21.777105747328868s
2025-02-08 01:01:21,234 - INFO - Completed: 1, remaining: 59, RAYPy_Simulation_bessy2lo_56m_PGM_2Perc_coupling_errors_on_RP/round_8/97_bessy2lo_56m_PGM_2Perc_coupling_errors_on_RP.rml
2025-02-08 01:01:21,394 - INFO - Completed: 2, remaining: 58, RAYPy_Simulation_bessy2lo_56m_PGM_2Perc_coupling_errors_on_RP/round_8/107_bessy2lo_56m_PGM_2Perc_coupling_errors_on_RP.rml
2025-02-08 01:01:21,400 - INFO - Completed: 3, remaining: 57, RAYPy_Simulation_bessy2lo_56m_PGM_2Perc_coupling_errors_on_RP/round_8/105_bessy2lo_56m_PGM_2Perc_coupling_errors_on_RP.rml
2025-02-08 01:01:21,599 - INFO - Completed: 4, remaining: 56, RAYPy_Simulation_bessy2lo_56m_PGM_2Perc_coupling_errors_on_RP/round_8/102_bessy2lo_56m_PGM_2Perc_coupling_errors_on_RP.rml
2025-02-08 01:01:21,619 - INFO - Completed: 5, remaining: 55, RAYPy_Simulation_bessy2lo_56m_PGM_2Perc_coupling_errors_on_RP/round_8/96_bessy2lo_56m_PGM_2Perc_coupling_errors_on_RP.rml
2025-02-08 01:01:21,629 - INFO - Completed: 6, remaining: 54, RAYPy_Simulation_bessy2lo_56m_PGM_2Perc_coupling_errors_on_RP/round_8/100_bessy2lo_56m_PGM_2Perc_coupling_errors_on_RP.rml
2025-02-08 01:01:21,641 - INFO - Completed: 7, remaining: 53, RAYPy_Simulation_bessy2lo_56m_PGM_2Perc_coupling_errors_on_RP/round_8/99_bessy2lo_56m_PGM_2Perc_coupling_errors_on_RP.rml
2025-02-08 01:01:21,802 - INFO - Completed: 8, remaining: 52, RAYPy_Simulation_bessy2lo_56m_PGM_2Perc_coupling_errors_on_RP/round_8/98_bessy2lo_56m_PGM_2Perc_coupling_errors_on_RP.rml
2025-02-08 01:01:21,945 - INFO - Completed: 9, remaining: 51, RAYPy_Simulation_bessy2lo_56m_PGM_2Perc_coupling_errors_on_RP/round_8/103_bessy2lo_56m_PGM_2Perc_coupling_errors_on_RP.rml
2025-02-08 01:01:23,760 - INFO - Completed: 10, remaining: 50, RAYPy_Simulation_bessy2lo_56m_PGM_2Perc_coupling_errors_on_RP/round_8/106_bessy2lo_56m_PGM_2Perc_coupling_errors_on_RP.rml
2025-02-08 01:01:23,996 - INFO - Completed: 11, remaining: 49, RAYPy_Simulation_bessy2lo_56m_PGM_2Perc_coupling_errors_on_RP/round_8/101_bessy2lo_56m_PGM_2Perc_coupling_errors_on_RP.rml
2025-02-08 01:01:24,693 - INFO - Completed: 12, remaining: 48, RAYPy_Simulation_bessy2lo_56m_PGM_2Perc_coupling_errors_on_RP/round_8/104_bessy2lo_56m_PGM_2Perc_coupling_errors_on_RP.rml
2025-02-08 01:01:24,765 - INFO - Completed: 13, remaining: 47, RAYPy_Simulation_bessy2lo_56m_PGM_2Perc_coupling_errors_on_RP/round_8/110_bessy2lo_56m_PGM_2Perc_coupling_errors_on_RP.rml
2025-02-08 01:01:24,817 - INFO - Completed: 14, remaining: 46, RAYPy_Simulation_bessy2lo_56m_PGM_2Perc_coupling_errors_on_RP/round_8/108_bessy2lo_56m_PGM_2Perc_coupling_errors_on_RP.rml
2025-02-08 01:01:24,826 - INFO - Completed: 15, remaining: 45, RAYPy_Simulation_bessy2lo_56m_PGM_2Perc_coupling_errors_on_RP/round_8/109_bessy2lo_56m_PGM_2Perc_coupling_errors_on_RP.rml
2025-02-08 01:01:25,257 - INFO - Completed: 16, remaining: 44, RAYPy_Simulation_bessy2lo_56m_PGM_2Perc_coupling_errors_on_RP/round_8/111_bessy2lo_56m_PGM_2Perc_coupling_errors_on_RP.rml
2025-02-08 01:01:25,286 - INFO - Completed: 17, remaining: 43, RAYPy_Simulation_bessy2lo_56m_PGM_2Perc_coupling_errors_on_RP/round_8/112_bessy2lo_56m_PGM_2Perc_coupling_errors_on_RP.rml
2025-02-08 01:01:25,400 - INFO - Completed: 18, remaining: 42, RAYPy_Simulation_bessy2lo_56m_PGM_2Perc_coupling_errors_on_RP/round_8/115_bessy2lo_56m_PGM_2Perc_coupling_errors_on_RP.rml
2025-02-08 01:01:25,460 - INFO - Completed: 19, remaining: 41, RAYPy_Simulation_bessy2lo_56m_PGM_2Perc_coupling_errors_on_RP/round_8/114_bessy2lo_56m_PGM_2Perc_coupling_errors_on_RP.rml
2025-02-08 01:01:25,545 - INFO - Completed: 20, remaining: 40, RAYPy_Simulation_bessy2lo_56m_PGM_2Perc_coupling_errors_on_RP/round_8/113_bessy2lo_56m_PGM_2Perc_coupling_errors_on_RP.rml
2025-02-08 01:01:25,574 - INFO - Completed: 21, remaining: 39, RAYPy_Simulation_bessy2lo_56m_PGM_2Perc_coupling_errors_on_RP/round_8/116_bessy2lo_56m_PGM_2Perc_coupling_errors_on_RP.rml
2025-02-08 01:01:27,606 - INFO - Completed: 22, remaining: 38, RAYPy_Simulation_bessy2lo_56m_PGM_2Perc_coupling_errors_on_RP/round_8/117_bessy2lo_56m_PGM_2Perc_coupling_errors_on_RP.rml
2025-02-08 01:01:27,785 - INFO - Completed: 23, remaining: 37, RAYPy_Simulation_bessy2lo_56m_PGM_2Perc_coupling_errors_on_RP/round_8/118_bessy2lo_56m_PGM_2Perc_coupling_errors_on_RP.rml
2025-02-08 01:01:28,320 - INFO - Completed: 24, remaining: 36, RAYPy_Simulation_bessy2lo_56m_PGM_2Perc_coupling_errors_on_RP/round_8/119_bessy2lo_56m_PGM_2Perc_coupling_errors_on_RP.rml
2025-02-08 01:01:28,361 - INFO - Completed: 25, remaining: 35, RAYPy_Simulation_bessy2lo_56m_PGM_2Perc_coupling_errors_on_RP/round_8/120_bessy2lo_56m_PGM_2Perc_coupling_errors_on_RP.rml
2025-02-08 01:01:28,395 - INFO - Completed: 26, remaining: 34, RAYPy_Simulation_bessy2lo_56m_PGM_2Perc_coupling_errors_on_RP/round_8/122_bessy2lo_56m_PGM_2Perc_coupling_errors_on_RP.rml
2025-02-08 01:01:28,848 - INFO - Completed: 27, remaining: 33, RAYPy_Simulation_bessy2lo_56m_PGM_2Perc_coupling_errors_on_RP/round_9/1_bessy2lo_56m_PGM_2Perc_coupling_errors_on_RP.rml
2025-02-08 01:01:28,870 - INFO - Completed: 28, remaining: 32, RAYPy_Simulation_bessy2lo_56m_PGM_2Perc_coupling_errors_on_RP/round_9/0_bessy2lo_56m_PGM_2Perc_coupling_errors_on_RP.rml
2025-02-08 01:01:29,044 - INFO - Completed: 29, remaining: 31, RAYPy_Simulation_bessy2lo_56m_PGM_2Perc_coupling_errors_on_RP/round_9/2_bessy2lo_56m_PGM_2Perc_coupling_errors_on_RP.rml
2025-02-08 01:01:29,062 - INFO - Completed: 30, remaining: 30, RAYPy_Simulation_bessy2lo_56m_PGM_2Perc_coupling_errors_on_RP/round_8/121_bessy2lo_56m_PGM_2Perc_coupling_errors_on_RP.rml
2025-02-08 01:01:29,077 - INFO - Completed: 31, remaining: 29, RAYPy_Simulation_bessy2lo_56m_PGM_2Perc_coupling_errors_on_RP/round_9/4_bessy2lo_56m_PGM_2Perc_coupling_errors_on_RP.rml
2025-02-08 01:01:29,200 - INFO - Completed: 32, remaining: 28, RAYPy_Simulation_bessy2lo_56m_PGM_2Perc_coupling_errors_on_RP/round_9/5_bessy2lo_56m_PGM_2Perc_coupling_errors_on_RP.rml
2025-02-08 01:01:29,815 - INFO - Completed: 33, remaining: 27, RAYPy_Simulation_bessy2lo_56m_PGM_2Perc_coupling_errors_on_RP/round_9/3_bessy2lo_56m_PGM_2Perc_coupling_errors_on_RP.rml
2025-02-08 01:01:31,225 - INFO - Completed: 34, remaining: 26, RAYPy_Simulation_bessy2lo_56m_PGM_2Perc_coupling_errors_on_RP/round_9/6_bessy2lo_56m_PGM_2Perc_coupling_errors_on_RP.rml
2025-02-08 01:01:31,625 - INFO - Completed: 35, remaining: 25, RAYPy_Simulation_bessy2lo_56m_PGM_2Perc_coupling_errors_on_RP/round_9/7_bessy2lo_56m_PGM_2Perc_coupling_errors_on_RP.rml
2025-02-08 01:01:31,751 - INFO - Completed: 36, remaining: 24, RAYPy_Simulation_bessy2lo_56m_PGM_2Perc_coupling_errors_on_RP/round_9/8_bessy2lo_56m_PGM_2Perc_coupling_errors_on_RP.rml
2025-02-08 01:01:31,982 - INFO - Completed: 37, remaining: 23, RAYPy_Simulation_bessy2lo_56m_PGM_2Perc_coupling_errors_on_RP/round_9/10_bessy2lo_56m_PGM_2Perc_coupling_errors_on_RP.rml
2025-02-08 01:01:32,120 - INFO - Completed: 38, remaining: 22, RAYPy_Simulation_bessy2lo_56m_PGM_2Perc_coupling_errors_on_RP/round_9/9_bessy2lo_56m_PGM_2Perc_coupling_errors_on_RP.rml
2025-02-08 01:01:32,428 - INFO - Completed: 39, remaining: 21, RAYPy_Simulation_bessy2lo_56m_PGM_2Perc_coupling_errors_on_RP/round_9/11_bessy2lo_56m_PGM_2Perc_coupling_errors_on_RP.rml
2025-02-08 01:01:32,544 - INFO - Completed: 40, remaining: 20, RAYPy_Simulation_bessy2lo_56m_PGM_2Perc_coupling_errors_on_RP/round_9/12_bessy2lo_56m_PGM_2Perc_coupling_errors_on_RP.rml
2025-02-08 01:01:32,676 - INFO - Completed: 41, remaining: 19, RAYPy_Simulation_bessy2lo_56m_PGM_2Perc_coupling_errors_on_RP/round_9/13_bessy2lo_56m_PGM_2Perc_coupling_errors_on_RP.rml
2025-02-08 01:01:32,739 - INFO - Completed: 42, remaining: 18, RAYPy_Simulation_bessy2lo_56m_PGM_2Perc_coupling_errors_on_RP/round_9/14_bessy2lo_56m_PGM_2Perc_coupling_errors_on_RP.rml
2025-02-08 01:01:32,883 - INFO - Completed: 43, remaining: 17, RAYPy_Simulation_bessy2lo_56m_PGM_2Perc_coupling_errors_on_RP/round_9/16_bessy2lo_56m_PGM_2Perc_coupling_errors_on_RP.rml
2025-02-08 01:01:33,423 - INFO - Completed: 44, remaining: 16, RAYPy_Simulation_bessy2lo_56m_PGM_2Perc_coupling_errors_on_RP/round_9/15_bessy2lo_56m_PGM_2Perc_coupling_errors_on_RP.rml
2025-02-08 01:01:33,554 - INFO - Completed: 45, remaining: 15, RAYPy_Simulation_bessy2lo_56m_PGM_2Perc_coupling_errors_on_RP/round_9/17_bessy2lo_56m_PGM_2Perc_coupling_errors_on_RP.rml
2025-02-08 01:01:35,417 - INFO - Completed: 46, remaining: 14, RAYPy_Simulation_bessy2lo_56m_PGM_2Perc_coupling_errors_on_RP/round_9/19_bessy2lo_56m_PGM_2Perc_coupling_errors_on_RP.rml
2025-02-08 01:01:35,490 - INFO - Completed: 47, remaining: 13, RAYPy_Simulation_bessy2lo_56m_PGM_2Perc_coupling_errors_on_RP/round_9/20_bessy2lo_56m_PGM_2Perc_coupling_errors_on_RP.rml
2025-02-08 01:01:35,508 - INFO - Completed: 48, remaining: 12, RAYPy_Simulation_bessy2lo_56m_PGM_2Perc_coupling_errors_on_RP/round_9/18_bessy2lo_56m_PGM_2Perc_coupling_errors_on_RP.rml
2025-02-08 01:01:35,910 - INFO - Completed: 49, remaining: 11, RAYPy_Simulation_bessy2lo_56m_PGM_2Perc_coupling_errors_on_RP/round_9/21_bessy2lo_56m_PGM_2Perc_coupling_errors_on_RP.rml
2025-02-08 01:01:35,981 - INFO - Completed: 50, remaining: 10, RAYPy_Simulation_bessy2lo_56m_PGM_2Perc_coupling_errors_on_RP/round_9/22_bessy2lo_56m_PGM_2Perc_coupling_errors_on_RP.rml
2025-02-08 01:01:36,295 - INFO - Completed: 51, remaining: 9, RAYPy_Simulation_bessy2lo_56m_PGM_2Perc_coupling_errors_on_RP/round_9/24_bessy2lo_56m_PGM_2Perc_coupling_errors_on_RP.rml
2025-02-08 01:01:36,362 - INFO - Completed: 52, remaining: 8, RAYPy_Simulation_bessy2lo_56m_PGM_2Perc_coupling_errors_on_RP/round_9/25_bessy2lo_56m_PGM_2Perc_coupling_errors_on_RP.rml
2025-02-08 01:01:36,387 - INFO - Completed: 53, remaining: 7, RAYPy_Simulation_bessy2lo_56m_PGM_2Perc_coupling_errors_on_RP/round_9/23_bessy2lo_56m_PGM_2Perc_coupling_errors_on_RP.rml
2025-02-08 01:01:36,517 - INFO - Completed: 54, remaining: 6, RAYPy_Simulation_bessy2lo_56m_PGM_2Perc_coupling_errors_on_RP/round_9/27_bessy2lo_56m_PGM_2Perc_coupling_errors_on_RP.rml
2025-02-08 01:01:36,525 - INFO - Completed: 55, remaining: 5, RAYPy_Simulation_bessy2lo_56m_PGM_2Perc_coupling_errors_on_RP/round_9/26_bessy2lo_56m_PGM_2Perc_coupling_errors_on_RP.rml
2025-02-08 01:01:36,893 - INFO - Completed: 56, remaining: 4, RAYPy_Simulation_bessy2lo_56m_PGM_2Perc_coupling_errors_on_RP/round_9/29_bessy2lo_56m_PGM_2Perc_coupling_errors_on_RP.rml
2025-02-08 01:01:37,608 - INFO - Completed: 57, remaining: 3, RAYPy_Simulation_bessy2lo_56m_PGM_2Perc_coupling_errors_on_RP/round_9/28_bessy2lo_56m_PGM_2Perc_coupling_errors_on_RP.rml
2025-02-08 01:01:37,974 - INFO - Completed: 58, remaining: 2, RAYPy_Simulation_bessy2lo_56m_PGM_2Perc_coupling_errors_on_RP/round_9/30_bessy2lo_56m_PGM_2Perc_coupling_errors_on_RP.rml
2025-02-08 01:01:38,033 - INFO - Completed: 59, remaining: 1, RAYPy_Simulation_bessy2lo_56m_PGM_2Perc_coupling_errors_on_RP/round_9/32_bessy2lo_56m_PGM_2Perc_coupling_errors_on_RP.rml
2025-02-08 01:01:38,049 - INFO - Completed: 60, remaining: 0, RAYPy_Simulation_bessy2lo_56m_PGM_2Perc_coupling_errors_on_RP/round_9/31_bessy2lo_56m_PGM_2Perc_coupling_errors_on_RP.rml
2025-02-08 01:01:38,049 - INFO - Batch Completed
2025-02-08 01:01:38,049 - INFO - Waiting For batch, 60 simulations to go
2025-02-08 01:01:38,057 - INFO - Prepared sim number: 33: RAYPy_Simulation_bessy2lo_56m_PGM_2Perc_coupling_errors_on_RP/round_9/33_bessy2lo_56m_PGM_2Perc_coupling_errors_on_RP.rml
2025-02-08 01:01:38,064 - INFO - Prepared sim number: 34: RAYPy_Simulation_bessy2lo_56m_PGM_2Perc_coupling_errors_on_RP/round_9/34_bessy2lo_56m_PGM_2Perc_coupling_errors_on_RP.rml
2025-02-08 01:01:38,071 - INFO - Prepared sim number: 35: RAYPy_Simulation_bessy2lo_56m_PGM_2Perc_coupling_errors_on_RP/round_9/35_bessy2lo_56m_PGM_2Perc_coupling_errors_on_RP.rml
2025-02-08 01:01:38,076 - INFO - Prepared sim number: 36: RAYPy_Simulation_bessy2lo_56m_PGM_2Perc_coupling_errors_on_RP/round_9/36_bessy2lo_56m_PGM_2Perc_coupling_errors_on_RP.rml
2025-02-08 01:01:38,083 - INFO - Prepared sim number: 37: RAYPy_Simulation_bessy2lo_56m_PGM_2Perc_coupling_errors_on_RP/round_9/37_bessy2lo_56m_PGM_2Perc_coupling_errors_on_RP.rml
2025-02-08 01:01:38,087 - INFO - Prepared sim number: 38: RAYPy_Simulation_bessy2lo_56m_PGM_2Perc_coupling_errors_on_RP/round_9/38_bessy2lo_56m_PGM_2Perc_coupling_errors_on_RP.rml
2025-02-08 01:01:38,096 - INFO - Prepared sim number: 39: RAYPy_Simulation_bessy2lo_56m_PGM_2Perc_coupling_errors_on_RP/round_9/39_bessy2lo_56m_PGM_2Perc_coupling_errors_on_RP.rml
2025-02-08 01:01:38,101 - INFO - Prepared sim number: 40: RAYPy_Simulation_bessy2lo_56m_PGM_2Perc_coupling_errors_on_RP/round_9/40_bessy2lo_56m_PGM_2Perc_coupling_errors_on_RP.rml
2025-02-08 01:01:38,105 - INFO - Prepared sim number: 41: RAYPy_Simulation_bessy2lo_56m_PGM_2Perc_coupling_errors_on_RP/round_9/41_bessy2lo_56m_PGM_2Perc_coupling_errors_on_RP.rml
2025-02-08 01:01:38,109 - INFO - Prepared sim number: 42: RAYPy_Simulation_bessy2lo_56m_PGM_2Perc_coupling_errors_on_RP/round_9/42_bessy2lo_56m_PGM_2Perc_coupling_errors_on_RP.rml
2025-02-08 01:01:38,113 - INFO - Prepared sim number: 43: RAYPy_Simulation_bessy2lo_56m_PGM_2Perc_coupling_errors_on_RP/round_9/43_bessy2lo_56m_PGM_2Perc_coupling_errors_on_RP.rml
2025-02-08 01:01:38,117 - INFO - Prepared sim number: 44: RAYPy_Simulation_bessy2lo_56m_PGM_2Perc_coupling_errors_on_RP/round_9/44_bessy2lo_56m_PGM_2Perc_coupling_errors_on_RP.rml
2025-02-08 01:01:38,122 - INFO - Prepared sim number: 45: RAYPy_Simulation_bessy2lo_56m_PGM_2Perc_coupling_errors_on_RP/round_9/45_bessy2lo_56m_PGM_2Perc_coupling_errors_on_RP.rml
2025-02-08 01:01:38,131 - INFO - Prepared sim number: 46: RAYPy_Simulation_bessy2lo_56m_PGM_2Perc_coupling_errors_on_RP/round_9/46_bessy2lo_56m_PGM_2Perc_coupling_errors_on_RP.rml
2025-02-08 01:01:38,136 - INFO - Prepared sim number: 47: RAYPy_Simulation_bessy2lo_56m_PGM_2Perc_coupling_errors_on_RP/round_9/47_bessy2lo_56m_PGM_2Perc_coupling_errors_on_RP.rml
2025-02-08 01:01:38,140 - INFO - Prepared sim number: 48: RAYPy_Simulation_bessy2lo_56m_PGM_2Perc_coupling_errors_on_RP/round_9/48_bessy2lo_56m_PGM_2Perc_coupling_errors_on_RP.rml
2025-02-08 01:01:38,145 - INFO - Prepared sim number: 49: RAYPy_Simulation_bessy2lo_56m_PGM_2Perc_coupling_errors_on_RP/round_9/49_bessy2lo_56m_PGM_2Perc_coupling_errors_on_RP.rml
2025-02-08 01:01:38,148 - INFO - Prepared sim number: 50: RAYPy_Simulation_bessy2lo_56m_PGM_2Perc_coupling_errors_on_RP/round_9/50_bessy2lo_56m_PGM_2Perc_coupling_errors_on_RP.rml
2025-02-08 01:01:38,153 - INFO - Prepared sim number: 51: RAYPy_Simulation_bessy2lo_56m_PGM_2Perc_coupling_errors_on_RP/round_9/51_bessy2lo_56m_PGM_2Perc_coupling_errors_on_RP.rml
2025-02-08 01:01:38,158 - INFO - Prepared sim number: 52: RAYPy_Simulation_bessy2lo_56m_PGM_2Perc_coupling_errors_on_RP/round_9/52_bessy2lo_56m_PGM_2Perc_coupling_errors_on_RP.rml
2025-02-08 01:01:38,162 - INFO - Prepared sim number: 53: RAYPy_Simulation_bessy2lo_56m_PGM_2Perc_coupling_errors_on_RP/round_9/53_bessy2lo_56m_PGM_2Perc_coupling_errors_on_RP.rml
2025-02-08 01:01:38,168 - INFO - Prepared sim number: 54: RAYPy_Simulation_bessy2lo_56m_PGM_2Perc_coupling_errors_on_RP/round_9/54_bessy2lo_56m_PGM_2Perc_coupling_errors_on_RP.rml
2025-02-08 01:01:38,174 - INFO - Prepared sim number: 55: RAYPy_Simulation_bessy2lo_56m_PGM_2Perc_coupling_errors_on_RP/round_9/55_bessy2lo_56m_PGM_2Perc_coupling_errors_on_RP.rml
2025-02-08 01:01:38,180 - INFO - Prepared sim number: 56: RAYPy_Simulation_bessy2lo_56m_PGM_2Perc_coupling_errors_on_RP/round_9/56_bessy2lo_56m_PGM_2Perc_coupling_errors_on_RP.rml
2025-02-08 01:01:38,186 - INFO - Prepared sim number: 57: RAYPy_Simulation_bessy2lo_56m_PGM_2Perc_coupling_errors_on_RP/round_9/57_bessy2lo_56m_PGM_2Perc_coupling_errors_on_RP.rml
2025-02-08 01:01:38,192 - INFO - Prepared sim number: 58: RAYPy_Simulation_bessy2lo_56m_PGM_2Perc_coupling_errors_on_RP/round_9/58_bessy2lo_56m_PGM_2Perc_coupling_errors_on_RP.rml
2025-02-08 01:01:38,198 - INFO - Prepared sim number: 59: RAYPy_Simulation_bessy2lo_56m_PGM_2Perc_coupling_errors_on_RP/round_9/59_bessy2lo_56m_PGM_2Perc_coupling_errors_on_RP.rml
2025-02-08 01:01:38,204 - INFO - Prepared sim number: 60: RAYPy_Simulation_bessy2lo_56m_PGM_2Perc_coupling_errors_on_RP/round_9/60_bessy2lo_56m_PGM_2Perc_coupling_errors_on_RP.rml
2025-02-08 01:01:38,208 - INFO - Prepared sim number: 61: RAYPy_Simulation_bessy2lo_56m_PGM_2Perc_coupling_errors_on_RP/round_9/61_bessy2lo_56m_PGM_2Perc_coupling_errors_on_RP.rml
2025-02-08 01:01:38,214 - INFO - Prepared sim number: 62: RAYPy_Simulation_bessy2lo_56m_PGM_2Perc_coupling_errors_on_RP/round_9/62_bessy2lo_56m_PGM_2Perc_coupling_errors_on_RP.rml
2025-02-08 01:01:38,221 - INFO - Prepared sim number: 63: RAYPy_Simulation_bessy2lo_56m_PGM_2Perc_coupling_errors_on_RP/round_9/63_bessy2lo_56m_PGM_2Perc_coupling_errors_on_RP.rml
2025-02-08 01:01:38,227 - INFO - Prepared sim number: 64: RAYPy_Simulation_bessy2lo_56m_PGM_2Perc_coupling_errors_on_RP/round_9/64_bessy2lo_56m_PGM_2Perc_coupling_errors_on_RP.rml
2025-02-08 01:01:38,232 - INFO - Prepared sim number: 65: RAYPy_Simulation_bessy2lo_56m_PGM_2Perc_coupling_errors_on_RP/round_9/65_bessy2lo_56m_PGM_2Perc_coupling_errors_on_RP.rml
2025-02-08 01:01:38,239 - INFO - Prepared sim number: 66: RAYPy_Simulation_bessy2lo_56m_PGM_2Perc_coupling_errors_on_RP/round_9/66_bessy2lo_56m_PGM_2Perc_coupling_errors_on_RP.rml
2025-02-08 01:01:38,244 - INFO - Prepared sim number: 67: RAYPy_Simulation_bessy2lo_56m_PGM_2Perc_coupling_errors_on_RP/round_9/67_bessy2lo_56m_PGM_2Perc_coupling_errors_on_RP.rml
2025-02-08 01:01:38,250 - INFO - Prepared sim number: 68: RAYPy_Simulation_bessy2lo_56m_PGM_2Perc_coupling_errors_on_RP/round_9/68_bessy2lo_56m_PGM_2Perc_coupling_errors_on_RP.rml
2025-02-08 01:01:38,256 - INFO - Prepared sim number: 69: RAYPy_Simulation_bessy2lo_56m_PGM_2Perc_coupling_errors_on_RP/round_9/69_bessy2lo_56m_PGM_2Perc_coupling_errors_on_RP.rml
2025-02-08 01:01:38,262 - INFO - Prepared sim number: 70: RAYPy_Simulation_bessy2lo_56m_PGM_2Perc_coupling_errors_on_RP/round_9/70_bessy2lo_56m_PGM_2Perc_coupling_errors_on_RP.rml
2025-02-08 01:01:38,268 - INFO - Prepared sim number: 71: RAYPy_Simulation_bessy2lo_56m_PGM_2Perc_coupling_errors_on_RP/round_9/71_bessy2lo_56m_PGM_2Perc_coupling_errors_on_RP.rml
2025-02-08 01:01:38,275 - INFO - Prepared sim number: 72: RAYPy_Simulation_bessy2lo_56m_PGM_2Perc_coupling_errors_on_RP/round_9/72_bessy2lo_56m_PGM_2Perc_coupling_errors_on_RP.rml
2025-02-08 01:01:38,281 - INFO - Prepared sim number: 73: RAYPy_Simulation_bessy2lo_56m_PGM_2Perc_coupling_errors_on_RP/round_9/73_bessy2lo_56m_PGM_2Perc_coupling_errors_on_RP.rml
2025-02-08 01:01:38,288 - INFO - Prepared sim number: 74: RAYPy_Simulation_bessy2lo_56m_PGM_2Perc_coupling_errors_on_RP/round_9/74_bessy2lo_56m_PGM_2Perc_coupling_errors_on_RP.rml
2025-02-08 01:01:38,294 - INFO - Prepared sim number: 75: RAYPy_Simulation_bessy2lo_56m_PGM_2Perc_coupling_errors_on_RP/round_9/75_bessy2lo_56m_PGM_2Perc_coupling_errors_on_RP.rml
2025-02-08 01:01:38,300 - INFO - Prepared sim number: 76: RAYPy_Simulation_bessy2lo_56m_PGM_2Perc_coupling_errors_on_RP/round_9/76_bessy2lo_56m_PGM_2Perc_coupling_errors_on_RP.rml
2025-02-08 01:01:38,306 - INFO - Prepared sim number: 77: RAYPy_Simulation_bessy2lo_56m_PGM_2Perc_coupling_errors_on_RP/round_9/77_bessy2lo_56m_PGM_2Perc_coupling_errors_on_RP.rml
2025-02-08 01:01:38,311 - INFO - Prepared sim number: 78: RAYPy_Simulation_bessy2lo_56m_PGM_2Perc_coupling_errors_on_RP/round_9/78_bessy2lo_56m_PGM_2Perc_coupling_errors_on_RP.rml
2025-02-08 01:01:38,317 - INFO - Prepared sim number: 79: RAYPy_Simulation_bessy2lo_56m_PGM_2Perc_coupling_errors_on_RP/round_9/79_bessy2lo_56m_PGM_2Perc_coupling_errors_on_RP.rml
2025-02-08 01:01:38,322 - INFO - Prepared sim number: 80: RAYPy_Simulation_bessy2lo_56m_PGM_2Perc_coupling_errors_on_RP/round_9/80_bessy2lo_56m_PGM_2Perc_coupling_errors_on_RP.rml
2025-02-08 01:01:38,328 - INFO - Prepared sim number: 81: RAYPy_Simulation_bessy2lo_56m_PGM_2Perc_coupling_errors_on_RP/round_9/81_bessy2lo_56m_PGM_2Perc_coupling_errors_on_RP.rml
2025-02-08 01:01:38,334 - INFO - Prepared sim number: 82: RAYPy_Simulation_bessy2lo_56m_PGM_2Perc_coupling_errors_on_RP/round_9/82_bessy2lo_56m_PGM_2Perc_coupling_errors_on_RP.rml
2025-02-08 01:01:38,339 - INFO - Prepared sim number: 83: RAYPy_Simulation_bessy2lo_56m_PGM_2Perc_coupling_errors_on_RP/round_9/83_bessy2lo_56m_PGM_2Perc_coupling_errors_on_RP.rml
2025-02-08 01:01:38,345 - INFO - Prepared sim number: 84: RAYPy_Simulation_bessy2lo_56m_PGM_2Perc_coupling_errors_on_RP/round_9/84_bessy2lo_56m_PGM_2Perc_coupling_errors_on_RP.rml
2025-02-08 01:01:38,348 - INFO - Prepared sim number: 85: RAYPy_Simulation_bessy2lo_56m_PGM_2Perc_coupling_errors_on_RP/round_9/85_bessy2lo_56m_PGM_2Perc_coupling_errors_on_RP.rml
2025-02-08 01:01:38,352 - INFO - Prepared sim number: 86: RAYPy_Simulation_bessy2lo_56m_PGM_2Perc_coupling_errors_on_RP/round_9/86_bessy2lo_56m_PGM_2Perc_coupling_errors_on_RP.rml
2025-02-08 01:01:38,356 - INFO - Prepared sim number: 87: RAYPy_Simulation_bessy2lo_56m_PGM_2Perc_coupling_errors_on_RP/round_9/87_bessy2lo_56m_PGM_2Perc_coupling_errors_on_RP.rml
2025-02-08 01:01:38,360 - INFO - Prepared sim number: 88: RAYPy_Simulation_bessy2lo_56m_PGM_2Perc_coupling_errors_on_RP/round_9/88_bessy2lo_56m_PGM_2Perc_coupling_errors_on_RP.rml
2025-02-08 01:01:38,364 - INFO - Prepared sim number: 89: RAYPy_Simulation_bessy2lo_56m_PGM_2Perc_coupling_errors_on_RP/round_9/89_bessy2lo_56m_PGM_2Perc_coupling_errors_on_RP.rml
2025-02-08 01:01:38,368 - INFO - Prepared sim number: 90: RAYPy_Simulation_bessy2lo_56m_PGM_2Perc_coupling_errors_on_RP/round_9/90_bessy2lo_56m_PGM_2Perc_coupling_errors_on_RP.rml
2025-02-08 01:01:38,372 - INFO - Prepared sim number: 91: RAYPy_Simulation_bessy2lo_56m_PGM_2Perc_coupling_errors_on_RP/round_9/91_bessy2lo_56m_PGM_2Perc_coupling_errors_on_RP.rml
2025-02-08 01:01:38,376 - INFO - Prepared sim number: 92: RAYPy_Simulation_bessy2lo_56m_PGM_2Perc_coupling_errors_on_RP/round_9/92_bessy2lo_56m_PGM_2Perc_coupling_errors_on_RP.rml
2025-02-08 01:01:38,379 - INFO - Waiting for batch number: 19, timeout: 21.7823845311215s
2025-02-08 01:01:40,619 - INFO - Completed: 1, remaining: 59, RAYPy_Simulation_bessy2lo_56m_PGM_2Perc_coupling_errors_on_RP/round_9/43_bessy2lo_56m_PGM_2Perc_coupling_errors_on_RP.rml
2025-02-08 01:01:40,780 - INFO - Completed: 2, remaining: 58, RAYPy_Simulation_bessy2lo_56m_PGM_2Perc_coupling_errors_on_RP/round_9/44_bessy2lo_56m_PGM_2Perc_coupling_errors_on_RP.rml
2025-02-08 01:01:40,816 - INFO - Completed: 3, remaining: 57, RAYPy_Simulation_bessy2lo_56m_PGM_2Perc_coupling_errors_on_RP/round_9/42_bessy2lo_56m_PGM_2Perc_coupling_errors_on_RP.rml
2025-02-08 01:01:41,043 - INFO - Completed: 4, remaining: 56, RAYPy_Simulation_bessy2lo_56m_PGM_2Perc_coupling_errors_on_RP/round_9/34_bessy2lo_56m_PGM_2Perc_coupling_errors_on_RP.rml
2025-02-08 01:01:41,100 - INFO - Completed: 5, remaining: 55, RAYPy_Simulation_bessy2lo_56m_PGM_2Perc_coupling_errors_on_RP/round_9/33_bessy2lo_56m_PGM_2Perc_coupling_errors_on_RP.rml
2025-02-08 01:01:41,404 - INFO - Completed: 6, remaining: 54, RAYPy_Simulation_bessy2lo_56m_PGM_2Perc_coupling_errors_on_RP/round_9/40_bessy2lo_56m_PGM_2Perc_coupling_errors_on_RP.rml
2025-02-08 01:01:41,527 - INFO - Completed: 7, remaining: 53, RAYPy_Simulation_bessy2lo_56m_PGM_2Perc_coupling_errors_on_RP/round_9/35_bessy2lo_56m_PGM_2Perc_coupling_errors_on_RP.rml
2025-02-08 01:01:43,646 - INFO - Completed: 8, remaining: 52, RAYPy_Simulation_bessy2lo_56m_PGM_2Perc_coupling_errors_on_RP/round_9/41_bessy2lo_56m_PGM_2Perc_coupling_errors_on_RP.rml
2025-02-08 01:01:43,926 - INFO - Completed: 9, remaining: 51, RAYPy_Simulation_bessy2lo_56m_PGM_2Perc_coupling_errors_on_RP/round_9/45_bessy2lo_56m_PGM_2Perc_coupling_errors_on_RP.rml
2025-02-08 01:01:44,216 - INFO - Completed: 10, remaining: 50, RAYPy_Simulation_bessy2lo_56m_PGM_2Perc_coupling_errors_on_RP/round_9/46_bessy2lo_56m_PGM_2Perc_coupling_errors_on_RP.rml
2025-02-08 01:01:44,289 - INFO - Completed: 11, remaining: 49, RAYPy_Simulation_bessy2lo_56m_PGM_2Perc_coupling_errors_on_RP/round_9/36_bessy2lo_56m_PGM_2Perc_coupling_errors_on_RP.rml
2025-02-08 01:01:44,465 - INFO - Completed: 12, remaining: 48, RAYPy_Simulation_bessy2lo_56m_PGM_2Perc_coupling_errors_on_RP/round_9/37_bessy2lo_56m_PGM_2Perc_coupling_errors_on_RP.rml
2025-02-08 01:01:44,474 - INFO - Completed: 13, remaining: 47, RAYPy_Simulation_bessy2lo_56m_PGM_2Perc_coupling_errors_on_RP/round_9/47_bessy2lo_56m_PGM_2Perc_coupling_errors_on_RP.rml
2025-02-08 01:01:44,527 - INFO - Completed: 14, remaining: 46, RAYPy_Simulation_bessy2lo_56m_PGM_2Perc_coupling_errors_on_RP/round_9/39_bessy2lo_56m_PGM_2Perc_coupling_errors_on_RP.rml
2025-02-08 01:01:44,611 - INFO - Completed: 15, remaining: 45, RAYPy_Simulation_bessy2lo_56m_PGM_2Perc_coupling_errors_on_RP/round_9/48_bessy2lo_56m_PGM_2Perc_coupling_errors_on_RP.rml
2025-02-08 01:01:44,714 - INFO - Completed: 16, remaining: 44, RAYPy_Simulation_bessy2lo_56m_PGM_2Perc_coupling_errors_on_RP/round_9/38_bessy2lo_56m_PGM_2Perc_coupling_errors_on_RP.rml
2025-02-08 01:01:44,940 - INFO - Completed: 17, remaining: 43, RAYPy_Simulation_bessy2lo_56m_PGM_2Perc_coupling_errors_on_RP/round_9/50_bessy2lo_56m_PGM_2Perc_coupling_errors_on_RP.rml
2025-02-08 01:01:44,975 - INFO - Completed: 18, remaining: 42, RAYPy_Simulation_bessy2lo_56m_PGM_2Perc_coupling_errors_on_RP/round_9/49_bessy2lo_56m_PGM_2Perc_coupling_errors_on_RP.rml
2025-02-08 01:01:45,036 - INFO - Completed: 19, remaining: 41, RAYPy_Simulation_bessy2lo_56m_PGM_2Perc_coupling_errors_on_RP/round_9/51_bessy2lo_56m_PGM_2Perc_coupling_errors_on_RP.rml
2025-02-08 01:01:47,289 - INFO - Completed: 20, remaining: 40, RAYPy_Simulation_bessy2lo_56m_PGM_2Perc_coupling_errors_on_RP/round_9/52_bessy2lo_56m_PGM_2Perc_coupling_errors_on_RP.rml
2025-02-08 01:01:47,314 - INFO - Completed: 21, remaining: 39, RAYPy_Simulation_bessy2lo_56m_PGM_2Perc_coupling_errors_on_RP/round_9/53_bessy2lo_56m_PGM_2Perc_coupling_errors_on_RP.rml
2025-02-08 01:01:47,646 - INFO - Completed: 22, remaining: 38, RAYPy_Simulation_bessy2lo_56m_PGM_2Perc_coupling_errors_on_RP/round_9/55_bessy2lo_56m_PGM_2Perc_coupling_errors_on_RP.rml
2025-02-08 01:01:47,860 - INFO - Completed: 23, remaining: 37, RAYPy_Simulation_bessy2lo_56m_PGM_2Perc_coupling_errors_on_RP/round_9/57_bessy2lo_56m_PGM_2Perc_coupling_errors_on_RP.rml
2025-02-08 01:01:48,023 - INFO - Completed: 24, remaining: 36, RAYPy_Simulation_bessy2lo_56m_PGM_2Perc_coupling_errors_on_RP/round_9/59_bessy2lo_56m_PGM_2Perc_coupling_errors_on_RP.rml
2025-02-08 01:01:48,100 - INFO - Completed: 25, remaining: 35, RAYPy_Simulation_bessy2lo_56m_PGM_2Perc_coupling_errors_on_RP/round_9/58_bessy2lo_56m_PGM_2Perc_coupling_errors_on_RP.rml
2025-02-08 01:01:48,306 - INFO - Completed: 26, remaining: 34, RAYPy_Simulation_bessy2lo_56m_PGM_2Perc_coupling_errors_on_RP/round_9/60_bessy2lo_56m_PGM_2Perc_coupling_errors_on_RP.rml
2025-02-08 01:01:48,345 - INFO - Completed: 27, remaining: 33, RAYPy_Simulation_bessy2lo_56m_PGM_2Perc_coupling_errors_on_RP/round_9/54_bessy2lo_56m_PGM_2Perc_coupling_errors_on_RP.rml
2025-02-08 01:01:48,509 - INFO - Completed: 28, remaining: 32, RAYPy_Simulation_bessy2lo_56m_PGM_2Perc_coupling_errors_on_RP/round_9/61_bessy2lo_56m_PGM_2Perc_coupling_errors_on_RP.rml
2025-02-08 01:01:48,614 - INFO - Completed: 29, remaining: 31, RAYPy_Simulation_bessy2lo_56m_PGM_2Perc_coupling_errors_on_RP/round_9/62_bessy2lo_56m_PGM_2Perc_coupling_errors_on_RP.rml
2025-02-08 01:01:48,736 - INFO - Completed: 30, remaining: 30, RAYPy_Simulation_bessy2lo_56m_PGM_2Perc_coupling_errors_on_RP/round_9/63_bessy2lo_56m_PGM_2Perc_coupling_errors_on_RP.rml
2025-02-08 01:01:48,970 - INFO - Completed: 31, remaining: 29, RAYPy_Simulation_bessy2lo_56m_PGM_2Perc_coupling_errors_on_RP/round_9/56_bessy2lo_56m_PGM_2Perc_coupling_errors_on_RP.rml
2025-02-08 01:01:50,936 - INFO - Completed: 32, remaining: 28, RAYPy_Simulation_bessy2lo_56m_PGM_2Perc_coupling_errors_on_RP/round_9/64_bessy2lo_56m_PGM_2Perc_coupling_errors_on_RP.rml
2025-02-08 01:01:51,074 - INFO - Completed: 33, remaining: 27, RAYPy_Simulation_bessy2lo_56m_PGM_2Perc_coupling_errors_on_RP/round_9/65_bessy2lo_56m_PGM_2Perc_coupling_errors_on_RP.rml
2025-02-08 01:01:51,356 - INFO - Completed: 34, remaining: 26, RAYPy_Simulation_bessy2lo_56m_PGM_2Perc_coupling_errors_on_RP/round_9/66_bessy2lo_56m_PGM_2Perc_coupling_errors_on_RP.rml
2025-02-08 01:01:51,647 - INFO - Completed: 35, remaining: 25, RAYPy_Simulation_bessy2lo_56m_PGM_2Perc_coupling_errors_on_RP/round_9/67_bessy2lo_56m_PGM_2Perc_coupling_errors_on_RP.rml
2025-02-08 01:01:51,795 - INFO - Completed: 36, remaining: 24, RAYPy_Simulation_bessy2lo_56m_PGM_2Perc_coupling_errors_on_RP/round_9/69_bessy2lo_56m_PGM_2Perc_coupling_errors_on_RP.rml
2025-02-08 01:01:51,859 - INFO - Completed: 37, remaining: 23, RAYPy_Simulation_bessy2lo_56m_PGM_2Perc_coupling_errors_on_RP/round_9/68_bessy2lo_56m_PGM_2Perc_coupling_errors_on_RP.rml
2025-02-08 01:01:51,938 - INFO - Completed: 38, remaining: 22, RAYPy_Simulation_bessy2lo_56m_PGM_2Perc_coupling_errors_on_RP/round_9/70_bessy2lo_56m_PGM_2Perc_coupling_errors_on_RP.rml
2025-02-08 01:01:52,184 - INFO - Completed: 39, remaining: 21, RAYPy_Simulation_bessy2lo_56m_PGM_2Perc_coupling_errors_on_RP/round_9/72_bessy2lo_56m_PGM_2Perc_coupling_errors_on_RP.rml
2025-02-08 01:01:52,313 - INFO - Completed: 40, remaining: 20, RAYPy_Simulation_bessy2lo_56m_PGM_2Perc_coupling_errors_on_RP/round_9/73_bessy2lo_56m_PGM_2Perc_coupling_errors_on_RP.rml
2025-02-08 01:01:52,617 - INFO - Completed: 41, remaining: 19, RAYPy_Simulation_bessy2lo_56m_PGM_2Perc_coupling_errors_on_RP/round_9/75_bessy2lo_56m_PGM_2Perc_coupling_errors_on_RP.rml
2025-02-08 01:01:52,663 - INFO - Completed: 42, remaining: 18, RAYPy_Simulation_bessy2lo_56m_PGM_2Perc_coupling_errors_on_RP/round_9/71_bessy2lo_56m_PGM_2Perc_coupling_errors_on_RP.rml
2025-02-08 01:01:52,872 - INFO - Completed: 43, remaining: 17, RAYPy_Simulation_bessy2lo_56m_PGM_2Perc_coupling_errors_on_RP/round_9/74_bessy2lo_56m_PGM_2Perc_coupling_errors_on_RP.rml
2025-02-08 01:01:54,689 - INFO - Completed: 44, remaining: 16, RAYPy_Simulation_bessy2lo_56m_PGM_2Perc_coupling_errors_on_RP/round_9/76_bessy2lo_56m_PGM_2Perc_coupling_errors_on_RP.rml
2025-02-08 01:01:54,924 - INFO - Completed: 45, remaining: 15, RAYPy_Simulation_bessy2lo_56m_PGM_2Perc_coupling_errors_on_RP/round_9/77_bessy2lo_56m_PGM_2Perc_coupling_errors_on_RP.rml
2025-02-08 01:01:55,112 - INFO - Completed: 46, remaining: 14, RAYPy_Simulation_bessy2lo_56m_PGM_2Perc_coupling_errors_on_RP/round_9/78_bessy2lo_56m_PGM_2Perc_coupling_errors_on_RP.rml
2025-02-08 01:01:55,177 - INFO - Completed: 47, remaining: 13, RAYPy_Simulation_bessy2lo_56m_PGM_2Perc_coupling_errors_on_RP/round_9/82_bessy2lo_56m_PGM_2Perc_coupling_errors_on_RP.rml
2025-02-08 01:01:55,418 - INFO - Completed: 48, remaining: 12, RAYPy_Simulation_bessy2lo_56m_PGM_2Perc_coupling_errors_on_RP/round_9/83_bessy2lo_56m_PGM_2Perc_coupling_errors_on_RP.rml
2025-02-08 01:01:55,491 - INFO - Completed: 49, remaining: 11, RAYPy_Simulation_bessy2lo_56m_PGM_2Perc_coupling_errors_on_RP/round_9/79_bessy2lo_56m_PGM_2Perc_coupling_errors_on_RP.rml
2025-02-08 01:01:55,642 - INFO - Completed: 50, remaining: 10, RAYPy_Simulation_bessy2lo_56m_PGM_2Perc_coupling_errors_on_RP/round_9/81_bessy2lo_56m_PGM_2Perc_coupling_errors_on_RP.rml
2025-02-08 01:01:55,751 - INFO - Completed: 51, remaining: 9, RAYPy_Simulation_bessy2lo_56m_PGM_2Perc_coupling_errors_on_RP/round_9/84_bessy2lo_56m_PGM_2Perc_coupling_errors_on_RP.rml
2025-02-08 01:01:55,951 - INFO - Completed: 52, remaining: 8, RAYPy_Simulation_bessy2lo_56m_PGM_2Perc_coupling_errors_on_RP/round_9/80_bessy2lo_56m_PGM_2Perc_coupling_errors_on_RP.rml
2025-02-08 01:01:56,049 - INFO - Completed: 53, remaining: 7, RAYPy_Simulation_bessy2lo_56m_PGM_2Perc_coupling_errors_on_RP/round_9/87_bessy2lo_56m_PGM_2Perc_coupling_errors_on_RP.rml
2025-02-08 01:01:56,146 - INFO - Completed: 54, remaining: 6, RAYPy_Simulation_bessy2lo_56m_PGM_2Perc_coupling_errors_on_RP/round_9/85_bessy2lo_56m_PGM_2Perc_coupling_errors_on_RP.rml
2025-02-08 01:01:56,807 - INFO - Completed: 55, remaining: 5, RAYPy_Simulation_bessy2lo_56m_PGM_2Perc_coupling_errors_on_RP/round_9/86_bessy2lo_56m_PGM_2Perc_coupling_errors_on_RP.rml
2025-02-08 01:01:57,375 - INFO - Completed: 56, remaining: 4, RAYPy_Simulation_bessy2lo_56m_PGM_2Perc_coupling_errors_on_RP/round_9/88_bessy2lo_56m_PGM_2Perc_coupling_errors_on_RP.rml
2025-02-08 01:01:57,487 - INFO - Completed: 57, remaining: 3, RAYPy_Simulation_bessy2lo_56m_PGM_2Perc_coupling_errors_on_RP/round_9/89_bessy2lo_56m_PGM_2Perc_coupling_errors_on_RP.rml
2025-02-08 01:01:57,582 - INFO - Completed: 58, remaining: 2, RAYPy_Simulation_bessy2lo_56m_PGM_2Perc_coupling_errors_on_RP/round_9/90_bessy2lo_56m_PGM_2Perc_coupling_errors_on_RP.rml
2025-02-08 01:01:57,722 - INFO - Completed: 59, remaining: 1, RAYPy_Simulation_bessy2lo_56m_PGM_2Perc_coupling_errors_on_RP/round_9/91_bessy2lo_56m_PGM_2Perc_coupling_errors_on_RP.rml
2025-02-08 01:01:57,860 - INFO - Completed: 60, remaining: 0, RAYPy_Simulation_bessy2lo_56m_PGM_2Perc_coupling_errors_on_RP/round_9/92_bessy2lo_56m_PGM_2Perc_coupling_errors_on_RP.rml
2025-02-08 01:01:57,860 - INFO - Batch Completed
2025-02-08 01:01:57,860 - INFO - Waiting For batch, 60 simulations to go
2025-02-08 01:01:57,865 - INFO - Prepared sim number: 93: RAYPy_Simulation_bessy2lo_56m_PGM_2Perc_coupling_errors_on_RP/round_9/93_bessy2lo_56m_PGM_2Perc_coupling_errors_on_RP.rml
2025-02-08 01:01:57,871 - INFO - Prepared sim number: 94: RAYPy_Simulation_bessy2lo_56m_PGM_2Perc_coupling_errors_on_RP/round_9/94_bessy2lo_56m_PGM_2Perc_coupling_errors_on_RP.rml
2025-02-08 01:01:57,878 - INFO - Prepared sim number: 95: RAYPy_Simulation_bessy2lo_56m_PGM_2Perc_coupling_errors_on_RP/round_9/95_bessy2lo_56m_PGM_2Perc_coupling_errors_on_RP.rml
2025-02-08 01:01:57,884 - INFO - Prepared sim number: 96: RAYPy_Simulation_bessy2lo_56m_PGM_2Perc_coupling_errors_on_RP/round_9/96_bessy2lo_56m_PGM_2Perc_coupling_errors_on_RP.rml
2025-02-08 01:01:57,888 - INFO - Prepared sim number: 97: RAYPy_Simulation_bessy2lo_56m_PGM_2Perc_coupling_errors_on_RP/round_9/97_bessy2lo_56m_PGM_2Perc_coupling_errors_on_RP.rml
2025-02-08 01:01:57,891 - INFO - Prepared sim number: 98: RAYPy_Simulation_bessy2lo_56m_PGM_2Perc_coupling_errors_on_RP/round_9/98_bessy2lo_56m_PGM_2Perc_coupling_errors_on_RP.rml
2025-02-08 01:01:57,895 - INFO - Prepared sim number: 99: RAYPy_Simulation_bessy2lo_56m_PGM_2Perc_coupling_errors_on_RP/round_9/99_bessy2lo_56m_PGM_2Perc_coupling_errors_on_RP.rml
2025-02-08 01:01:57,898 - INFO - Prepared sim number: 100: RAYPy_Simulation_bessy2lo_56m_PGM_2Perc_coupling_errors_on_RP/round_9/100_bessy2lo_56m_PGM_2Perc_coupling_errors_on_RP.rml
2025-02-08 01:01:57,902 - INFO - Prepared sim number: 101: RAYPy_Simulation_bessy2lo_56m_PGM_2Perc_coupling_errors_on_RP/round_9/101_bessy2lo_56m_PGM_2Perc_coupling_errors_on_RP.rml
2025-02-08 01:01:57,910 - INFO - Prepared sim number: 102: RAYPy_Simulation_bessy2lo_56m_PGM_2Perc_coupling_errors_on_RP/round_9/102_bessy2lo_56m_PGM_2Perc_coupling_errors_on_RP.rml
2025-02-08 01:01:57,914 - INFO - Prepared sim number: 103: RAYPy_Simulation_bessy2lo_56m_PGM_2Perc_coupling_errors_on_RP/round_9/103_bessy2lo_56m_PGM_2Perc_coupling_errors_on_RP.rml
2025-02-08 01:01:57,918 - INFO - Prepared sim number: 104: RAYPy_Simulation_bessy2lo_56m_PGM_2Perc_coupling_errors_on_RP/round_9/104_bessy2lo_56m_PGM_2Perc_coupling_errors_on_RP.rml
2025-02-08 01:01:57,921 - INFO - Prepared sim number: 105: RAYPy_Simulation_bessy2lo_56m_PGM_2Perc_coupling_errors_on_RP/round_9/105_bessy2lo_56m_PGM_2Perc_coupling_errors_on_RP.rml
2025-02-08 01:01:57,925 - INFO - Prepared sim number: 106: RAYPy_Simulation_bessy2lo_56m_PGM_2Perc_coupling_errors_on_RP/round_9/106_bessy2lo_56m_PGM_2Perc_coupling_errors_on_RP.rml
2025-02-08 01:01:57,928 - INFO - Prepared sim number: 107: RAYPy_Simulation_bessy2lo_56m_PGM_2Perc_coupling_errors_on_RP/round_9/107_bessy2lo_56m_PGM_2Perc_coupling_errors_on_RP.rml
2025-02-08 01:01:57,932 - INFO - Prepared sim number: 108: RAYPy_Simulation_bessy2lo_56m_PGM_2Perc_coupling_errors_on_RP/round_9/108_bessy2lo_56m_PGM_2Perc_coupling_errors_on_RP.rml
2025-02-08 01:01:57,936 - INFO - Prepared sim number: 109: RAYPy_Simulation_bessy2lo_56m_PGM_2Perc_coupling_errors_on_RP/round_9/109_bessy2lo_56m_PGM_2Perc_coupling_errors_on_RP.rml
2025-02-08 01:01:57,940 - INFO - Prepared sim number: 110: RAYPy_Simulation_bessy2lo_56m_PGM_2Perc_coupling_errors_on_RP/round_9/110_bessy2lo_56m_PGM_2Perc_coupling_errors_on_RP.rml
2025-02-08 01:01:57,943 - INFO - Prepared sim number: 111: RAYPy_Simulation_bessy2lo_56m_PGM_2Perc_coupling_errors_on_RP/round_9/111_bessy2lo_56m_PGM_2Perc_coupling_errors_on_RP.rml
2025-02-08 01:01:57,947 - INFO - Prepared sim number: 112: RAYPy_Simulation_bessy2lo_56m_PGM_2Perc_coupling_errors_on_RP/round_9/112_bessy2lo_56m_PGM_2Perc_coupling_errors_on_RP.rml
2025-02-08 01:01:57,950 - INFO - Prepared sim number: 113: RAYPy_Simulation_bessy2lo_56m_PGM_2Perc_coupling_errors_on_RP/round_9/113_bessy2lo_56m_PGM_2Perc_coupling_errors_on_RP.rml
2025-02-08 01:01:57,954 - INFO - Prepared sim number: 114: RAYPy_Simulation_bessy2lo_56m_PGM_2Perc_coupling_errors_on_RP/round_9/114_bessy2lo_56m_PGM_2Perc_coupling_errors_on_RP.rml
2025-02-08 01:01:57,957 - INFO - Prepared sim number: 115: RAYPy_Simulation_bessy2lo_56m_PGM_2Perc_coupling_errors_on_RP/round_9/115_bessy2lo_56m_PGM_2Perc_coupling_errors_on_RP.rml
2025-02-08 01:01:57,960 - INFO - Prepared sim number: 116: RAYPy_Simulation_bessy2lo_56m_PGM_2Perc_coupling_errors_on_RP/round_9/116_bessy2lo_56m_PGM_2Perc_coupling_errors_on_RP.rml
2025-02-08 01:01:57,964 - INFO - Prepared sim number: 117: RAYPy_Simulation_bessy2lo_56m_PGM_2Perc_coupling_errors_on_RP/round_9/117_bessy2lo_56m_PGM_2Perc_coupling_errors_on_RP.rml
2025-02-08 01:01:57,967 - INFO - Prepared sim number: 118: RAYPy_Simulation_bessy2lo_56m_PGM_2Perc_coupling_errors_on_RP/round_9/118_bessy2lo_56m_PGM_2Perc_coupling_errors_on_RP.rml
2025-02-08 01:01:57,971 - INFO - Prepared sim number: 119: RAYPy_Simulation_bessy2lo_56m_PGM_2Perc_coupling_errors_on_RP/round_9/119_bessy2lo_56m_PGM_2Perc_coupling_errors_on_RP.rml
2025-02-08 01:01:57,974 - INFO - Prepared sim number: 120: RAYPy_Simulation_bessy2lo_56m_PGM_2Perc_coupling_errors_on_RP/round_9/120_bessy2lo_56m_PGM_2Perc_coupling_errors_on_RP.rml
2025-02-08 01:01:57,977 - INFO - Prepared sim number: 121: RAYPy_Simulation_bessy2lo_56m_PGM_2Perc_coupling_errors_on_RP/round_9/121_bessy2lo_56m_PGM_2Perc_coupling_errors_on_RP.rml
2025-02-08 01:01:57,980 - INFO - Prepared sim number: 122: RAYPy_Simulation_bessy2lo_56m_PGM_2Perc_coupling_errors_on_RP/round_9/122_bessy2lo_56m_PGM_2Perc_coupling_errors_on_RP.rml
2025-02-08 01:01:57,981 - INFO - Waiting for batch number: 20, timeout: 21.789752055406574s
2025-02-08 01:02:00,626 - INFO - Completed: 1, remaining: 59, RAYPy_Simulation_bessy2lo_56m_PGM_2Perc_coupling_errors_on_RP/round_9/102_bessy2lo_56m_PGM_2Perc_coupling_errors_on_RP.rml
2025-02-08 01:02:00,678 - INFO - Completed: 2, remaining: 58, RAYPy_Simulation_bessy2lo_56m_PGM_2Perc_coupling_errors_on_RP/round_9/103_bessy2lo_56m_PGM_2Perc_coupling_errors_on_RP.rml
2025-02-08 01:02:00,694 - INFO - Completed: 3, remaining: 57, RAYPy_Simulation_bessy2lo_56m_PGM_2Perc_coupling_errors_on_RP/round_9/100_bessy2lo_56m_PGM_2Perc_coupling_errors_on_RP.rml
2025-02-08 01:02:00,734 - INFO - Completed: 4, remaining: 56, RAYPy_Simulation_bessy2lo_56m_PGM_2Perc_coupling_errors_on_RP/round_9/95_bessy2lo_56m_PGM_2Perc_coupling_errors_on_RP.rml
2025-02-08 01:02:00,826 - INFO - Completed: 5, remaining: 55, RAYPy_Simulation_bessy2lo_56m_PGM_2Perc_coupling_errors_on_RP/round_9/101_bessy2lo_56m_PGM_2Perc_coupling_errors_on_RP.rml
2025-02-08 01:02:00,828 - INFO - Completed: 6, remaining: 54, RAYPy_Simulation_bessy2lo_56m_PGM_2Perc_coupling_errors_on_RP/round_9/98_bessy2lo_56m_PGM_2Perc_coupling_errors_on_RP.rml
2025-02-08 01:02:00,910 - INFO - Completed: 7, remaining: 53, RAYPy_Simulation_bessy2lo_56m_PGM_2Perc_coupling_errors_on_RP/round_9/104_bessy2lo_56m_PGM_2Perc_coupling_errors_on_RP.rml
2025-02-08 01:02:01,003 - INFO - Completed: 8, remaining: 52, RAYPy_Simulation_bessy2lo_56m_PGM_2Perc_coupling_errors_on_RP/round_9/99_bessy2lo_56m_PGM_2Perc_coupling_errors_on_RP.rml
2025-02-08 01:02:01,031 - INFO - Completed: 9, remaining: 51, RAYPy_Simulation_bessy2lo_56m_PGM_2Perc_coupling_errors_on_RP/round_9/94_bessy2lo_56m_PGM_2Perc_coupling_errors_on_RP.rml
2025-02-08 01:02:03,073 - INFO - Completed: 10, remaining: 50, RAYPy_Simulation_bessy2lo_56m_PGM_2Perc_coupling_errors_on_RP/round_9/96_bessy2lo_56m_PGM_2Perc_coupling_errors_on_RP.rml
2025-02-08 01:02:03,090 - INFO - Completed: 11, remaining: 49, RAYPy_Simulation_bessy2lo_56m_PGM_2Perc_coupling_errors_on_RP/round_9/97_bessy2lo_56m_PGM_2Perc_coupling_errors_on_RP.rml
2025-02-08 01:02:03,927 - INFO - Completed: 12, remaining: 48, RAYPy_Simulation_bessy2lo_56m_PGM_2Perc_coupling_errors_on_RP/round_9/107_bessy2lo_56m_PGM_2Perc_coupling_errors_on_RP.rml
2025-02-08 01:02:03,994 - INFO - Completed: 13, remaining: 47, RAYPy_Simulation_bessy2lo_56m_PGM_2Perc_coupling_errors_on_RP/round_9/105_bessy2lo_56m_PGM_2Perc_coupling_errors_on_RP.rml
2025-02-08 01:02:04,068 - INFO - Completed: 14, remaining: 46, RAYPy_Simulation_bessy2lo_56m_PGM_2Perc_coupling_errors_on_RP/round_9/108_bessy2lo_56m_PGM_2Perc_coupling_errors_on_RP.rml
2025-02-08 01:02:04,292 - INFO - Completed: 15, remaining: 45, RAYPy_Simulation_bessy2lo_56m_PGM_2Perc_coupling_errors_on_RP/round_9/113_bessy2lo_56m_PGM_2Perc_coupling_errors_on_RP.rml
2025-02-08 01:02:04,313 - INFO - Completed: 16, remaining: 44, RAYPy_Simulation_bessy2lo_56m_PGM_2Perc_coupling_errors_on_RP/round_9/109_bessy2lo_56m_PGM_2Perc_coupling_errors_on_RP.rml
2025-02-08 01:02:04,457 - INFO - Completed: 17, remaining: 43, RAYPy_Simulation_bessy2lo_56m_PGM_2Perc_coupling_errors_on_RP/round_9/111_bessy2lo_56m_PGM_2Perc_coupling_errors_on_RP.rml
2025-02-08 01:02:04,561 - INFO - Completed: 18, remaining: 42, RAYPy_Simulation_bessy2lo_56m_PGM_2Perc_coupling_errors_on_RP/round_9/112_bessy2lo_56m_PGM_2Perc_coupling_errors_on_RP.rml
2025-02-08 01:02:04,639 - INFO - Completed: 19, remaining: 41, RAYPy_Simulation_bessy2lo_56m_PGM_2Perc_coupling_errors_on_RP/round_9/110_bessy2lo_56m_PGM_2Perc_coupling_errors_on_RP.rml
2025-02-08 01:02:04,795 - INFO - Completed: 20, remaining: 40, RAYPy_Simulation_bessy2lo_56m_PGM_2Perc_coupling_errors_on_RP/round_9/106_bessy2lo_56m_PGM_2Perc_coupling_errors_on_RP.rml
2025-02-08 01:02:06,259 - INFO - Completed: 21, remaining: 39, RAYPy_Simulation_bessy2lo_56m_PGM_2Perc_coupling_errors_on_RP/round_9/114_bessy2lo_56m_PGM_2Perc_coupling_errors_on_RP.rml
2025-02-08 01:02:06,370 - INFO - Completed: 22, remaining: 38, RAYPy_Simulation_bessy2lo_56m_PGM_2Perc_coupling_errors_on_RP/round_9/115_bessy2lo_56m_PGM_2Perc_coupling_errors_on_RP.rml
2025-02-08 01:02:06,963 - INFO - Completed: 23, remaining: 37, RAYPy_Simulation_bessy2lo_56m_PGM_2Perc_coupling_errors_on_RP/round_9/117_bessy2lo_56m_PGM_2Perc_coupling_errors_on_RP.rml
2025-02-08 01:02:06,999 - INFO - Completed: 24, remaining: 36, RAYPy_Simulation_bessy2lo_56m_PGM_2Perc_coupling_errors_on_RP/round_9/118_bessy2lo_56m_PGM_2Perc_coupling_errors_on_RP.rml
2025-02-08 01:02:07,073 - INFO - Completed: 25, remaining: 35, RAYPy_Simulation_bessy2lo_56m_PGM_2Perc_coupling_errors_on_RP/round_9/116_bessy2lo_56m_PGM_2Perc_coupling_errors_on_RP.rml
2025-02-08 01:02:07,221 - INFO - Completed: 26, remaining: 34, RAYPy_Simulation_bessy2lo_56m_PGM_2Perc_coupling_errors_on_RP/round_9/119_bessy2lo_56m_PGM_2Perc_coupling_errors_on_RP.rml
2025-02-08 01:02:07,253 - INFO - Completed: 27, remaining: 33, RAYPy_Simulation_bessy2lo_56m_PGM_2Perc_coupling_errors_on_RP/round_9/120_bessy2lo_56m_PGM_2Perc_coupling_errors_on_RP.rml
2025-02-08 01:02:07,347 - INFO - Completed: 28, remaining: 32, RAYPy_Simulation_bessy2lo_56m_PGM_2Perc_coupling_errors_on_RP/round_9/121_bessy2lo_56m_PGM_2Perc_coupling_errors_on_RP.rml
2025-02-08 01:02:07,363 - INFO - Completed: 29, remaining: 31, RAYPy_Simulation_bessy2lo_56m_PGM_2Perc_coupling_errors_on_RP/round_9/122_bessy2lo_56m_PGM_2Perc_coupling_errors_on_RP.rml
2025-02-08 01:02:19,787 - INFO - Exception during simulation: 1 (of 30) futures unfinished
2025-02-08 01:02:24,794 - INFO - Waiting for file RAYPy_Simulation_bessy2lo_56m_PGM_2Perc_coupling_errors_on_RP/round_9/93_bessy2lo_56m_PGM_2Perc_coupling_errors_on_RP.rml, wait_time 0.43419264932295576
2025-02-08 01:02:29,796 - INFO - Waiting for file RAYPy_Simulation_bessy2lo_56m_PGM_2Perc_coupling_errors_on_RP/round_9/93_bessy2lo_56m_PGM_2Perc_coupling_errors_on_RP.rml, wait_time -4.565807350677044
2025-02-08 01:02:29,811 - INFO - Found most simulations of the batch, futures missed at least 31 simulations
2025-02-08 01:02:29,813 - INFO - Updated progress bar
2025-02-08 01:02:29,813 - INFO - Batch Completed
2025-02-08 01:02:29,813 - INFO - Waiting For batch, 60 simulations to go
2025-02-08 01:02:29,813 - INFO - Remaning Simulations 0, stop the simulations loop
2025-02-08 01:02:29,814 - INFO - Checking that all simulations are completed before stopping the ProcessPoolExecutor
2025-02-08 01:02:30,434 - INFO - This simulation is missing: round 9, number 93
2025-02-08 01:02:30,448 - INFO - Executor shutdown completed.
2025-02-08 01:02:30,449 - INFO - Finish missing simulations
2025-02-08 01:02:30,450 - INFO - Start round 0
2025-02-08 01:02:30,497 - INFO - Waiting for batch number: 21, timeout: 21.736770597291823s
2025-02-08 01:02:30,497 - INFO - Batch Completed
2025-02-08 01:02:30,498 - INFO - Waiting For batch, 60 simulations to go
2025-02-08 01:02:30,531 - INFO - Waiting for batch number: 22, timeout: 21.736770597291823s
2025-02-08 01:02:30,531 - INFO - Batch Completed
2025-02-08 01:02:30,531 - INFO - Waiting For batch, 60 simulations to go
2025-02-08 01:02:30,533 - INFO - Start round 1
2025-02-08 01:02:30,570 - INFO - Waiting for batch number: 23, timeout: 21.736770597291823s
2025-02-08 01:02:30,571 - INFO - Batch Completed
2025-02-08 01:02:30,571 - INFO - Waiting For batch, 60 simulations to go
2025-02-08 01:02:30,610 - INFO - Waiting for batch number: 24, timeout: 21.736770597291823s
2025-02-08 01:02:30,610 - INFO - Batch Completed
2025-02-08 01:02:30,611 - INFO - Waiting For batch, 60 simulations to go
2025-02-08 01:02:30,614 - INFO - Start round 2
2025-02-08 01:02:30,640 - INFO - Waiting for batch number: 25, timeout: 21.736770597291823s
2025-02-08 01:02:30,641 - INFO - Batch Completed
2025-02-08 01:02:30,641 - INFO - Waiting For batch, 60 simulations to go
2025-02-08 01:02:30,678 - INFO - Waiting for batch number: 26, timeout: 21.736770597291823s
2025-02-08 01:02:30,678 - INFO - Batch Completed
2025-02-08 01:02:30,678 - INFO - Waiting For batch, 60 simulations to go
2025-02-08 01:02:30,683 - INFO - Start round 3
2025-02-08 01:02:30,715 - INFO - Waiting for batch number: 27, timeout: 21.736770597291823s
2025-02-08 01:02:30,715 - INFO - Batch Completed
2025-02-08 01:02:30,715 - INFO - Waiting For batch, 60 simulations to go
2025-02-08 01:02:30,750 - INFO - Waiting for batch number: 28, timeout: 21.736770597291823s
2025-02-08 01:02:30,751 - INFO - Batch Completed
2025-02-08 01:02:30,751 - INFO - Waiting For batch, 60 simulations to go
2025-02-08 01:02:30,758 - INFO - Start round 4
2025-02-08 01:02:30,798 - INFO - Waiting for batch number: 29, timeout: 21.736770597291823s
2025-02-08 01:02:30,798 - INFO - Batch Completed
2025-02-08 01:02:30,799 - INFO - Waiting For batch, 60 simulations to go
2025-02-08 01:02:30,830 - INFO - Waiting for batch number: 30, timeout: 21.736770597291823s
2025-02-08 01:02:30,831 - INFO - Batch Completed
2025-02-08 01:02:30,831 - INFO - Waiting For batch, 60 simulations to go
2025-02-08 01:02:30,840 - INFO - Start round 5
2025-02-08 01:02:30,871 - INFO - Waiting for batch number: 31, timeout: 21.736770597291823s
2025-02-08 01:02:30,871 - INFO - Batch Completed
2025-02-08 01:02:30,872 - INFO - Waiting For batch, 60 simulations to go
2025-02-08 01:02:30,906 - INFO - Waiting for batch number: 32, timeout: 21.736770597291823s
2025-02-08 01:02:30,906 - INFO - Batch Completed
2025-02-08 01:02:30,906 - INFO - Waiting For batch, 60 simulations to go
2025-02-08 01:02:30,918 - INFO - Start round 6
2025-02-08 01:02:30,942 - INFO - Waiting for batch number: 33, timeout: 21.736770597291823s
2025-02-08 01:02:30,942 - INFO - Batch Completed
2025-02-08 01:02:30,943 - INFO - Waiting For batch, 60 simulations to go
2025-02-08 01:02:30,985 - INFO - Waiting for batch number: 34, timeout: 21.736770597291823s
2025-02-08 01:02:30,986 - INFO - Batch Completed
2025-02-08 01:02:30,986 - INFO - Waiting For batch, 60 simulations to go
2025-02-08 01:02:31,002 - INFO - Start round 7
2025-02-08 01:02:31,024 - INFO - Waiting for batch number: 35, timeout: 21.736770597291823s
2025-02-08 01:02:31,025 - INFO - Batch Completed
2025-02-08 01:02:31,025 - INFO - Waiting For batch, 60 simulations to go
2025-02-08 01:02:31,053 - INFO - Waiting for batch number: 36, timeout: 21.736770597291823s
2025-02-08 01:02:31,054 - INFO - Batch Completed
2025-02-08 01:02:31,054 - INFO - Waiting For batch, 60 simulations to go
2025-02-08 01:02:31,068 - INFO - Start round 8
2025-02-08 01:02:31,089 - INFO - Waiting for batch number: 37, timeout: 21.736770597291823s
2025-02-08 01:02:31,089 - INFO - Batch Completed
2025-02-08 01:02:31,089 - INFO - Waiting For batch, 60 simulations to go
2025-02-08 01:02:31,122 - INFO - Waiting for batch number: 38, timeout: 21.736770597291823s
2025-02-08 01:02:31,122 - INFO - Batch Completed
2025-02-08 01:02:31,122 - INFO - Waiting For batch, 60 simulations to go
2025-02-08 01:02:31,135 - INFO - Start round 9
2025-02-08 01:02:31,149 - INFO - Waiting for batch number: 39, timeout: 21.736770597291823s
2025-02-08 01:02:31,149 - INFO - Batch Completed
2025-02-08 01:02:31,149 - INFO - Waiting For batch, 60 simulations to go
2025-02-08 01:02:31,182 - INFO - Waiting for batch number: 40, timeout: 21.736770597291823s
2025-02-08 01:02:31,182 - INFO - Batch Completed
2025-02-08 01:02:31,182 - INFO - Waiting For batch, 60 simulations to go
2025-02-08 01:02:31,191 - INFO - Prepared sim number: 93: RAYPy_Simulation_bessy2lo_56m_PGM_2Perc_coupling_errors_on_RP/round_9/93_bessy2lo_56m_PGM_2Perc_coupling_errors_on_RP.rml
2025-02-08 01:02:31,229 - INFO - Waiting for batch number: 41, timeout: 21.736770597291823s
2025-02-08 01:02:32,674 - INFO - Completed: 1, remaining: 59, RAYPy_Simulation_bessy2lo_56m_PGM_2Perc_coupling_errors_on_RP/round_9/93_bessy2lo_56m_PGM_2Perc_coupling_errors_on_RP.rml
2025-02-08 01:02:32,674 - INFO - Batch Completed
2025-02-08 01:02:32,674 - INFO - Waiting For batch, 60 simulations to go
2025-02-08 01:02:32,675 - INFO - Remaning Simulations 0, stop the simulations loop
2025-02-08 01:02:32,675 - INFO - Checking that all simulations are completed before stopping the ProcessPoolExecutor
2025-02-08 01:02:32,926 - INFO - Executor shutdown completed.
2025-02-08 01:02:32,931 - INFO - Simulation completed successfully.
2025-02-08 01:02:32,932 - INFO - Starting cleanup
2025-02-08 01:02:37,423 - INFO - Done with the cleanup
2025-02-08 01:02:37,423 - INFO - Create Pandas Recap Files
2025-02-08 01:02:37,438 - INFO - End of the Simulations
